policy,condition,visible_seed,episode_idx,step_idx,fraction_before,fraction_after,fraction_delta,done_after,reward,model_x_ood_l2,model_x_ood_mean_abs,input_nn_l2,future_std_mean,future_norm,future_nn_l2,future_nn_mae,future_nearest_condition,future_condition_match,chosen_action_ood,chosen_clip_frac,chosen_pose0_x,chosen_pose0_y,chosen_pose1_x,chosen_pose1_y,chosen_pull_len,chosen_pose0_step_delta,chosen_pose1_step_delta,old_action_ood,old_clip_frac,old_pose0_x,old_pose0_y,old_pose1_x,old_pose1_y,old_pull_len,default_action_ood,default_clip_frac,default_pose0_x,default_pose0_y,default_pose1_x,default_pose1_y,default_pull_len,best_action_ood,best_clip_frac,best_pose0_x,best_pose0_y,best_pose1_x,best_pose1_y,best_pull_len,scope
old_state_action,free,310000,0,0,0.2916666666666667,0.75,0.4583333333333333,0,0.4583333333333333,nan,nan,0.018113048747181892,0.0382796935737133,0.45583513379096985,0.04736749455332756,0.021652674302458763,hidden_high_friction,0,0.2993757724761963,0.0,0.5531805753707886,0.013749182224273682,0.4609924554824829,-0.06615421175956726,0.12199673056602478,nan,nan,0.2993757724761963,0.0,0.5531805753707886,0.013749182224273682,0.4609924554824829,-0.06615421175956726,0.12199673056602478,0.22853140532970428,0.0,0.5609606504440308,0.03436790406703949,0.4688461720943451,-0.04580618813633919,0.12211863696575165,0.26552897691726685,0.0,0.562598705291748,0.04428333044052124,0.4739370048046112,-0.0412130132317543,0.12316866964101791,phase3_10b_future_rollout_audit_no_phase4_no_cps
old_state_action,free,310000,0,1,0.75,0.7083333333333334,-0.04166666666666663,0,-0.04166666666666663,nan,nan,0.047690510749816895,0.03867866471409798,0.4546472430229187,0.04562123119831085,0.021079864352941513,hidden_high_friction,0,0.13600459694862366,0.0,0.5320208072662354,-0.016747791320085526,0.5269050598144531,0.022418659180402756,0.03949913755059242,0.03711874410510063,0.11040663719177246,0.13600459694862366,0.0,0.5320208072662354,-0.016747791320085526,0.5269050598144531,0.022418659180402756,0.03949913755059242,0.20346181094646454,0.0,0.5297490358352661,-0.021323325112462044,0.531116247177124,0.025089364498853683,0.046432822942733765,0.29936033487319946,0.0,0.513455331325531,-0.019931918010115623,0.5426557064056396,0.008397050201892853,0.0406840555369854,phase3_10b_future_rollout_audit_no_phase4_no_cps
old_state_action,free,310000,0,2,0.7083333333333334,0.7083333333333334,0.0,0,0.0,nan,nan,0.049157217144966125,0.038214344531297684,0.4544665515422821,0.04661606624722481,0.02124001830816269,hidden_high_friction,0,0.0969785824418068,0.0,0.5162614583969116,-0.026634305715560913,0.5120822787284851,-0.009053622372448444,0.018070584163069725,0.018603770062327385,0.03478820621967316,0.0969785824418068,0.0,0.5162614583969116,-0.026634305715560913,0.5120822787284851,-0.009053622372448444,0.018070584163069725,0.12472567707300186,0.0,0.5305450558662415,0.011320104822516441,0.5258730053901672,0.0117308609187603,0.004690072033554316,0.14583955705165863,0.0,0.5143635869026184,-0.0008623041212558746,0.5370877981185913,-0.011244524270296097,0.0249836016446352,phase3_10b_future_rollout_audit_no_phase4_no_cps
old_state_action,free,310000,0,3,0.7083333333333334,0.5833333333333334,-0.125,0,-0.125,nan,nan,0.05220935866236687,0.038987018167972565,0.45384734869003296,0.04286728799343109,0.01928737387061119,hidden_high_friction,0,0.18817764520645142,0.0,0.49100926518440247,0.0040073394775390625,0.4796724319458008,0.0051262956112623215,0.011391920037567616,0.039706215262413025,0.03537609800696373,0.18817764520645142,0.0,0.49100926518440247,0.0040073394775390625,0.4796724319458008,0.0051262956112623215,0.011391920037567616,0.09396609663963318,0.0,0.5116508603096008,-0.00590401329100132,0.5080353617668152,-0.028814934194087982,0.023194441571831703,0.09125889092683792,0.0,0.5060244202613831,-0.004016511142253876,0.5153208374977112,-0.03315533325076103,0.03058585152029991,phase3_10b_future_rollout_audit_no_phase4_no_cps
old_state_action,free,310000,0,4,0.5833333333333334,0.625,0.04166666666666663,0,0.04166666666666663,nan,nan,0.04870915412902832,0.03822241723537445,0.45850759744644165,0.04811348021030426,0.021883858367800713,hidden_high_friction,0,0.2587389647960663,0.0,0.4858703911304474,0.008496325463056564,0.5011582374572754,0.051742471754550934,0.045868806540966034,0.006823417264968157,0.05132940411567688,0.2587389647960663,0.0,0.4858703911304474,0.008496325463056564,0.5011582374572754,0.051742471754550934,0.045868806540966034,0.18942171335220337,0.0,0.5183541178703308,0.007520971819758415,0.5364230871200562,0.05148887634277344,0.04753592237830162,0.21053968369960785,0.0,0.5125990509986877,0.027617009356617928,0.5448551774024963,0.03695973753929138,0.03358190506696701,phase3_10b_future_rollout_audit_no_phase4_no_cps
old_state_action,free,310000,0,5,0.625,0.625,0.0,0,0.0,nan,nan,0.04817900434136391,0.038852520287036896,0.45362743735313416,0.04594215750694275,0.021631434559822083,hidden_high_friction,0,0.24453085660934448,0.0,0.4837755560874939,-0.004127517342567444,0.48026594519615173,0.05696044862270355,0.061188697814941406,0.012796473689377308,0.021534046158194542,0.24453085660934448,0.0,0.4837755560874939,-0.004127517342567444,0.48026594519615173,0.05696044862270355,0.061188697814941406,0.19193369150161743,0.0,0.5173667669296265,-0.0031467173248529434,0.5052930116653442,0.07855416089296341,0.08258818835020065,0.2378796637058258,0.0,0.5079396367073059,0.013992944732308388,0.5188656449317932,0.06945490092039108,0.05652792751789093,phase3_10b_future_rollout_audit_no_phase4_no_cps
old_state_action,free,310000,0,6,0.625,0.5416666666666666,-0.08333333333333337,0,-0.08333333333333337,nan,nan,0.04569995775818825,0.03846706822514534,0.45657065510749817,0.04736264795064926,0.02488747425377369,hidden_breakaway_pin,0,0.2574659287929535,0.0,0.5004042983055115,0.006970833986997604,0.5186775326728821,-0.033716604113578796,0.04460245370864868,0.01999220997095108,0.09847729653120041,0.2574659287929535,0.0,0.5004042983055115,0.006970833986997604,0.5186775326728821,-0.033716604113578796,0.04460245370864868,0.165828675031662,0.0,0.5052750110626221,-0.012269662693142891,0.5263510942459106,0.010781604796648026,0.03123399056494236,0.1784251481294632,0.0,0.49659910798072815,-0.002629760652780533,0.5309188365936279,-0.010800043120980263,0.03527884930372238,phase3_10b_future_rollout_audit_no_phase4_no_cps
old_state_action,free,310000,0,7,0.5416666666666666,0.5416666666666666,0.0,0,0.0,nan,nan,0.044897958636283875,0.039007093757390976,0.4596542716026306,0.04604611173272133,0.02413427084684372,hidden_breakaway_pin,0,0.23460961878299713,0.0,0.4992939829826355,-0.009143305942416191,0.5049092173576355,0.013416126370429993,0.023247770965099335,0.01615234650671482,0.049102552235126495,0.23460961878299713,0.0,0.4992939829826355,-0.009143305942416191,0.5049092173576355,0.013416126370429993,0.023247770965099335,0.16065965592861176,0.0,0.5139170289039612,-0.02962440811097622,0.5236510038375854,0.007917527109384537,0.03878333419561386,0.18935605883598328,0.0,0.5001663565635681,-0.007619945332407951,0.5250195264816284,0.009361974895000458,0.030100924894213676,phase3_10b_future_rollout_audit_no_phase4_no_cps
old_state_action,free,310000,0,8,0.5416666666666666,0.5416666666666666,0.0,0,0.0,nan,nan,0.04964566230773926,0.03953832760453224,0.4528961479663849,0.04226619377732277,0.019110707566142082,hidden_high_friction,0,0.24965907633304596,0.0,0.4961094856262207,0.0017475597560405731,0.5088378190994263,0.01615142449736595,0.01922190934419632,0.011346893385052681,0.0047870418056845665,0.24965907633304596,0.0,0.4961094856262207,0.0017475597560405731,0.5088378190994263,0.01615142449736595,0.01922190934419632,0.14395581185817719,0.0,0.522497832775116,0.011241832748055458,0.5340191721916199,0.03205220028758049,0.023786816745996475,0.16234968602657318,0.0,0.5099729895591736,0.022898850962519646,0.5425052046775818,0.023062996566295624,0.03253262862563133,phase3_10b_future_rollout_audit_no_phase4_no_cps
old_state_action,free,310000,0,9,0.5416666666666666,0.625,0.08333333333333337,0,0.08333333333333337,nan,nan,0.04878706485033035,0.039516158401966095,0.4570056200027466,0.0434207022190094,0.018610799685120583,hidden_high_friction,0,0.25131872296333313,0.0,0.5058025121688843,0.009706266224384308,0.5304146409034729,-0.006642905063927174,0.02954745851457119,0.012541760690510273,0.03138694912195206,0.25131872296333313,0.0,0.5058025121688843,0.009706266224384308,0.5304146409034729,-0.006642905063927174,0.02954745851457119,0.20437836647033691,0.0,0.5216127634048462,0.005335541442036629,0.5594621896743774,-0.0008807498961687088,0.03835650160908699,0.2294580340385437,0.0,0.5103300213813782,0.01735035516321659,0.5573843121528625,0.00105975940823555,0.049794476479291916,phase3_10b_future_rollout_audit_no_phase4_no_cps
old_state_action,free,310000,0,10,0.625,0.5416666666666666,-0.08333333333333337,0,-0.08333333333333337,nan,nan,0.051164787262678146,0.03982957452535629,0.4542882442474365,0.04330707713961601,0.019181368872523308,hidden_high_friction,0,0.23393502831459045,0.0,0.5093437433242798,0.006837848573923111,0.5234997272491455,-0.006665300577878952,0.019563406705856323,0.004557207226753235,0.006914949975907803,0.23393502831459045,0.0,0.5093437433242798,0.006837848573923111,0.5234997272491455,-0.006665300577878952,0.019563406705856323,0.15087753534317017,0.0,0.5290854573249817,-0.005548357963562012,0.548414945602417,-0.005064282566308975,0.0193355493247509,0.2231697291135788,0.0,0.5222519040107727,0.0047927312552928925,0.5543774962425232,-0.00300745852291584,0.03305898606777191,phase3_10b_future_rollout_audit_no_phase4_no_cps
old_state_action,free,310000,0,11,0.5416666666666666,0.5416666666666666,0.0,0,0.0,nan,nan,0.05099724233150482,0.03934583440423012,0.46089625358581543,0.04442582651972771,0.023365240544080734,hidden_breakaway_pin,0,0.19615943729877472,0.0,0.5037818551063538,-0.0008831024169921875,0.5183243155479431,-0.03239443898200989,0.03470515087246895,0.009515654295682907,0.026244493201375008,0.19615943729877472,0.0,0.5037818551063538,-0.0008831024169921875,0.5183243155479431,-0.03239443898200989,0.03470515087246895,0.1815372258424759,0.0,0.5220425724983215,-0.011782176792621613,0.5400246381759644,-0.026505358517169952,0.023240627720952034,0.18837478756904602,0.0,0.5081155896186829,-0.004899231716990471,0.5402311682701111,-0.016587669029831886,0.034176453948020935,phase3_10b_future_rollout_audit_no_phase4_no_cps
old_state_action,free,310000,0,12,0.5416666666666666,0.5416666666666666,0.0,0,0.0,nan,nan,0.05176696553826332,0.03902792930603027,0.4545360505580902,0.04049288481473923,0.0189509280025959,hidden_high_friction,0,0.24070924520492554,0.0,0.5036132335662842,0.00771259143948555,0.5060001611709595,0.019737038761377335,0.01225906889885664,0.008597347885370255,0.05356842279434204,0.24070924520492554,0.0,0.5036132335662842,0.00771259143948555,0.5060001611709595,0.019737038761377335,0.01225906889885664,0.2190869301557541,0.0,0.5254369974136353,0.01724107749760151,0.5274683833122253,0.005894936621189117,0.011526553891599178,0.2529737055301666,0.0,0.5122013092041016,0.026693211868405342,0.5366296172142029,0.0075885094702243805,0.031011803075671196,phase3_10b_future_rollout_audit_no_phase4_no_cps
old_state_action,free,310000,0,13,0.5416666666666666,0.5833333333333334,0.04166666666666674,0,0.04166666666666674,nan,nan,0.051689911633729935,0.03964628279209137,0.4561922252178192,0.04174812510609627,0.018722008913755417,hidden_high_friction,0,0.16148288547992706,0.0,0.5036819577217102,0.002097632735967636,0.5150188207626343,-0.005140064284205437,0.013450231403112411,0.005615379195660353,0.026461414992809296,0.16148288547992706,0.0,0.5036819577217102,0.002097632735967636,0.5150188207626343,-0.005140064284205437,0.013450231403112411,0.16974766552448273,0.0,0.5163398385047913,-0.009358596988022327,0.526435136795044,-0.019901590421795845,0.014596909284591675,0.25989189743995667,0.0,0.5046572685241699,0.0005594957619905472,0.5331560969352722,-0.012600351125001907,0.03139052167534828,phase3_10b_future_rollout_audit_no_phase4_no_cps
old_state_action,free,310000,0,14,0.5833333333333334,0.5833333333333334,0.0,0,0.0,nan,nan,0.050871361047029495,0.03804854676127434,0.4624965488910675,0.051266517490148544,0.02633894979953766,hidden_breakaway_pin,0,0.19581645727157593,0.0,0.4946118891239166,-0.013332361355423927,0.5067075490951538,-0.01872861757874489,0.013244793750345707,0.017898349091410637,0.015928780660033226,0.19581645727157593,0.0,0.4946118891239166,-0.013332361355423927,0.5067075490951538,-0.01872861757874489,0.013244793750345707,0.27472543716430664,0.0,0.498704731464386,-0.05529463291168213,0.5075610876083374,-0.07615535706281662,0.022662851959466934,0.30647820234298706,0.0,0.49097710847854614,-0.03979890048503876,0.5165977478027344,-0.05095701664686203,0.027944959700107574,phase3_10b_future_rollout_audit_no_phase4_no_cps
old_state_action,free,310000,0,15,0.5833333333333334,0.5833333333333334,0.0,0,0.0,nan,nan,0.04966099187731743,0.03861025348305702,0.4572533369064331,0.04665200412273407,0.021687034517526627,hidden_high_friction,0,0.2137441635131836,0.0,0.5034716129302979,-0.00467667356133461,0.520757794380188,0.008245892822742462,0.02158251218497753,0.012386106885969639,0.030414365231990814,0.2137441635131836,0.0,0.5034716129302979,-0.00467667356133461,0.520757794380188,0.008245892822742462,0.02158251218497753,0.20861676335334778,0.0,0.5129638910293579,0.011201517656445503,0.5429474115371704,-0.00020118243992328644,0.03207854554057121,0.26582351326942444,0.0,0.5111925005912781,0.013606870546936989,0.539929986000061,0.010045811533927917,0.02895728312432766,phase3_10b_future_rollout_audit_no_phase4_no_cps
old_state_action,free,310001,1,0,0.0,0.0,0.0,0,0.0,nan,nan,0.008776799775660038,0.03988209366798401,0.45513883233070374,0.04419240355491638,0.020462632179260254,hidden_high_friction,0,0.851348340511322,0.0,0.5139550566673279,0.4550129771232605,0.5280382037162781,-0.07550477236509323,0.5307046175003052,nan,nan,0.851348340511322,0.0,0.5139550566673279,0.4550129771232605,0.5280382037162781,-0.07550477236509323,0.5307046175003052,0.9497256278991699,0.0,0.5560973286628723,0.47166675329208374,0.5395528078079224,-0.056443944573402405,0.5283697843551636,0.8496163487434387,0.0,0.5535531640052795,0.4474043548107147,0.5284908413887024,-0.05633383244276047,0.5043612122535706,phase3_10b_future_rollout_audit_no_phase4_no_cps
old_state_action,free,310001,1,1,0.0,0.0,0.0,0,0.0,nan,nan,0.11277462542057037,0.0387905091047287,0.4556785821914673,0.046548280864953995,0.020327690988779068,hidden_high_friction,0,0.5558585524559021,0.0,0.5237809419631958,0.24506030976772308,0.5010324120521545,-0.03866695985198021,0.2846377491950989,0.21018247306346893,0.04567644000053406,0.5558585524559021,0.0,0.5237809419631958,0.24506030976772308,0.5010324120521545,-0.03866695985198021,0.2846377491950989,0.5106659531593323,0.0,0.5456768274307251,0.18812601268291473,0.5240916609764099,-0.03166123852133751,0.22084464132785797,0.5096696019172668,0.0,0.5422268509864807,0.1888466775417328,0.5336189866065979,-0.029874464496970177,0.2188904583454132,phase3_10b_future_rollout_audit_no_phase4_no_cps
old_state_action,free,310001,1,2,0.0,0.0,0.0,0,0.0,nan,nan,0.09893627464771271,0.038978662341833115,0.45459648966789246,0.044644203037023544,0.019197117537260056,hidden_high_friction,0,0.4858577251434326,0.0,0.5342037081718445,0.06833009421825409,0.5030461549758911,-0.11117129027843475,0.18218545615673065,0.1770372986793518,0.0725322812795639,0.4858577251434326,0.0,0.5342037081718445,0.06833009421825409,0.5030461549758911,-0.11117129027843475,0.18218545615673065,0.3777463734149933,0.0,0.5507189035415649,0.05626865476369858,0.5161049365997314,-0.06542260199785233,0.1265183389186859,0.3338172435760498,0.0,0.5381650924682617,0.06367688626050949,0.5219165086746216,-0.06539791822433472,0.130093514919281,phase3_10b_future_rollout_audit_no_phase4_no_cps
old_state_action,free,310001,1,3,0.0,0.0,0.0,0,0.0,nan,nan,0.06319498270750046,0.03936658799648285,0.45764586329460144,0.04698905721306801,0.021256163716316223,hidden_high_friction,0,0.1295914500951767,0.0,0.5411012768745422,-0.02528250589966774,0.5448298454284668,-0.0023086369037628174,0.023274468258023262,0.09386636316776276,0.1166059747338295,0.1295914500951767,0.0,0.5411012768745422,-0.02528250589966774,0.5448298454284668,-0.0023086369037628174,0.023274468258023262,0.26037976145744324,0.0,0.5526623129844666,-0.026588531211018562,0.5599216222763062,-0.024376023560762405,0.007588989567011595,0.23495233058929443,0.0,0.5355933904647827,-0.024151410907506943,0.5475414395332336,-0.02542804926633835,0.012016058899462223,phase3_10b_future_rollout_audit_no_phase4_no_cps
old_state_action,free,310001,1,4,0.0,0.0,0.0,0,0.0,nan,nan,0.0553232803940773,0.039332129061222076,0.4577435851097107,0.04561217129230499,0.02311478741466999,hidden_breakaway_pin,0,0.0627761110663414,0.0,0.5365537405014038,-0.07421678304672241,0.48547878861427307,-0.006052949465811253,0.08517605066299438,0.04914512857794762,0.05946904793381691,0.0627761110663414,0.0,0.5365537405014038,-0.07421678304672241,0.48547878861427307,-0.006052949465811253,0.08517605066299438,0.09711787849664688,0.0,0.5366377830505371,-0.0191783607006073,0.5199832916259766,-0.014354560524225235,0.017339006066322327,0.13384389877319336,0.0,0.5362032055854797,-0.03725848346948624,0.5209776759147644,-0.032272614538669586,0.01602110080420971,phase3_10b_future_rollout_audit_no_phase4_no_cps
old_state_action,free,310001,1,5,0.0,0.0,0.0,0,0.0,nan,nan,0.055861957371234894,0.03836679086089134,0.4597633481025696,0.04873811826109886,0.025547709316015244,hidden_breakaway_pin,0,0.151736319065094,0.0,0.5259330868721008,-0.05611014366149902,0.5051582455635071,-0.031496722251176834,0.032208919525146484,0.02099163457751274,0.03216623514890671,0.151736319065094,0.0,0.5259330868721008,-0.05611014366149902,0.5051582455635071,-0.031496722251176834,0.032208919525146484,0.1857151836156845,0.0,0.5442005395889282,-0.003597171977162361,0.5186516642570496,-0.04786589741706848,0.051112279295921326,0.08653869479894638,0.0,0.5241042375564575,-0.014599541202187538,0.5200420618057251,-0.03672509267926216,0.022495362907648087,phase3_10b_future_rollout_audit_no_phase4_no_cps
old_state_action,free,310001,1,6,0.0,0.0,0.0,0,0.0,nan,nan,0.04905515909194946,0.03854665532708168,0.46154701709747314,0.04747557267546654,0.024467799812555313,hidden_breakaway_pin,0,0.2392183244228363,0.0,0.5226095914840698,-0.05770852044224739,0.518017053604126,0.015009690076112747,0.07286308705806732,0.003687876043841243,0.048251375555992126,0.2392183244228363,0.0,0.5226095914840698,-0.05770852044224739,0.518017053604126,0.015009690076112747,0.07286308705806732,0.1585935652256012,0.0,0.5523977875709534,-0.017748631536960602,0.517765998840332,-0.015996072441339493,0.03467610478401184,0.08712184429168701,0.0,0.5361161231994629,-0.01069264579564333,0.5174256563186646,-0.009718632325530052,0.01871582865715027,phase3_10b_future_rollout_audit_no_phase4_no_cps
old_state_action,free,310001,1,7,0.0,0.0,0.0,0,0.0,nan,nan,0.053746048361063004,0.03910766914486885,0.4502539336681366,0.04294497147202492,0.01942683756351471,hidden_high_friction,0,0.2676395773887634,0.0,0.5314205884933472,-0.01794070191681385,0.5280061364173889,0.03962729126214981,0.05766916275024414,0.040732208639383316,0.026567047461867332,0.2676395773887634,0.0,0.5314205884933472,-0.01794070191681385,0.5280061364173889,0.03962729126214981,0.05766916275024414,0.24679599702358246,0.0,0.5626234412193298,0.03743313252925873,0.5458182692527771,0.0547933354973793,0.02416175603866577,0.2075359970331192,0.0,0.5590431690216064,0.03886096179485321,0.5522558093070984,0.03898855298757553,0.006788558792322874,phase3_10b_future_rollout_audit_no_phase4_no_cps
old_state_action,free,310001,1,8,0.0,0.0,0.0,0,0.0,nan,nan,0.05135875567793846,0.03887297585606575,0.4553092420101166,0.04475947096943855,0.019335927441716194,hidden_high_friction,0,0.2421025037765503,0.0,0.5420121550559998,-0.03283432498574257,0.528039813041687,0.019297685474157333,0.05397196486592293,0.018275702372193336,0.020329633727669716,0.2421025037765503,0.0,0.5420121550559998,-0.03283432498574257,0.528039813041687,0.019297685474157333,0.05397196486592293,0.29039812088012695,0.0,0.5608314275741577,0.009693292900919914,0.5608598589897156,0.014389339834451675,0.004696133080869913,0.21483534574508667,0.0,0.5498199462890625,0.01567629911005497,0.5615897178649902,0.011903971433639526,0.012359529733657837,phase3_10b_future_rollout_audit_no_phase4_no_cps
old_state_action,free,310001,1,9,0.0,0.0,0.0,0,0.0,nan,nan,0.05545688793063164,0.039852842688560486,0.45387813448905945,0.04371338710188866,0.019305627793073654,hidden_high_friction,0,0.24037253856658936,0.0,0.5347446203231812,-0.03207622841000557,0.5309163928031921,-0.002406703308224678,0.02991548180580139,0.00730696739628911,0.02189418114721775,0.24037253856658936,0.0,0.5347446203231812,-0.03207622841000557,0.5309163928031921,-0.002406703308224678,0.02991548180580139,0.23299375176429749,0.0,0.5565059185028076,-0.013650929555296898,0.5563498735427856,-0.010983562096953392,0.002671927912160754,0.1676875799894333,0.0,0.5486959218978882,-0.0037853866815567017,0.553038477897644,-0.0024598147720098495,0.004540367051959038,phase3_10b_future_rollout_audit_no_phase4_no_cps
old_state_action,free,310001,1,10,0.0,0.0,0.0,0,0.0,nan,nan,0.05565190315246582,0.03960303217172623,0.46034058928489685,0.04386468976736069,0.023372894152998924,hidden_breakaway_pin,0,0.2044677436351776,0.0,0.520835816860199,-0.03208942338824272,0.5167534947395325,-0.011349736712872982,0.021137641742825508,0.0139088099822402,0.016750089824199677,0.2044677436351776,0.0,0.520835816860199,-0.03208942338824272,0.5167534947395325,-0.011349736712872982,0.021137641742825508,0.1854473501443863,0.0,0.538054347038269,-0.018961850553750992,0.5348116755485535,-0.03272750973701477,0.014142428524792194,0.08677888661623001,0.0,0.5247305631637573,-0.015310252085328102,0.5282497406005859,-0.03247567638754845,0.017522454261779785,phase3_10b_future_rollout_audit_no_phase4_no_cps
old_state_action,free,310001,1,11,0.0,0.0,0.0,0,0.0,nan,nan,0.05021410435438156,0.0392906479537487,0.45393428206443787,0.03999122232198715,0.018157746642827988,hidden_high_friction,0,0.2523747980594635,0.0,0.528561532497406,-0.016819333657622337,0.508722722530365,0.009613407775759697,0.03304947912693024,0.017113221809267998,0.02244875580072403,0.2523747980594635,0.0,0.528561532497406,-0.016819333657622337,0.508722722530365,0.009613407775759697,0.03304947912693024,0.13749554753303528,0.0,0.539505124092102,0.008757958188652992,0.520661473274231,-0.0008491873741149902,0.02115136943757534,0.13873982429504395,0.0,0.535178542137146,0.02414429746568203,0.5295459032058716,0.002451561391353607,0.02241208218038082,phase3_10b_future_rollout_audit_no_phase4_no_cps
old_state_action,free,310001,1,12,0.0,0.0,0.0,0,0.0,nan,nan,0.053753431886434555,0.04021182656288147,0.4544108510017395,0.03948017582297325,0.017955055460333824,hidden_high_friction,0,0.19801031053066254,0.0,0.5163573622703552,-0.007511194795370102,0.5051791667938232,0.007461331784725189,0.018684983253479004,0.015348720364272594,0.00414586765691638,0.19801031053066254,0.0,0.5163573622703552,-0.007511194795370102,0.5051791667938232,0.007461331784725189,0.018684983253479004,0.19159150123596191,0.0,0.5384932160377502,-0.006116630509495735,0.5167950391769409,0.003961503505706787,0.023924456909298897,0.15316219627857208,0.0,0.5235530734062195,0.008703822270035744,0.5176141858100891,-0.0007157232612371445,0.011135448701679707,phase3_10b_future_rollout_audit_no_phase4_no_cps
old_state_action,free,310001,1,13,0.0,0.0,0.0,0,0.0,nan,nan,0.050008565187454224,0.03909251466393471,0.4601658582687378,0.0484679713845253,0.02473306655883789,hidden_breakaway_pin,0,0.1812037229537964,0.0,0.5086996555328369,-0.026163248345255852,0.5033124089241028,-0.026524826884269714,0.005399367306381464,0.020162826403975487,0.03403738886117935,0.1812037229537964,0.0,0.5086996555328369,-0.026163248345255852,0.5033124089241028,-0.026524826884269714,0.005399367306381464,0.16313286125659943,0.0,0.5194613933563232,-0.065913625061512,0.5118287205696106,-0.06626996397972107,0.0076409862376749516,0.10655257105827332,0.0,0.5138755440711975,-0.04132585972547531,0.5097800493240356,-0.04475181922316551,0.005339501425623894,phase3_10b_future_rollout_audit_no_phase4_no_cps
old_state_action,free,310001,1,14,0.0,0.0,0.0,0,0.0,nan,nan,0.04870409518480301,0.0391223281621933,0.4564013183116913,0.044342268258333206,0.019569410011172295,hidden_high_friction,0,0.16804921627044678,0.0,0.5144175887107849,-5.0924718379974365e-05,0.5049660205841064,-0.006633426994085312,0.011517875827848911,0.026731034740805626,0.019960016012191772,0.16804921627044678,0.0,0.5144175887107849,-5.0924718379974365e-05,0.5049660205841064,-0.006633426994085312,0.011517875827848911,0.20195654034614563,0.0,0.5366127490997314,0.019053315743803978,0.5325103998184204,0.010646011680364609,0.009354786947369576,0.18271876871585846,0.0,0.5333704352378845,0.02477412112057209,0.5296640396118164,0.018703043460845947,0.007113040890544653,phase3_10b_future_rollout_audit_no_phase4_no_cps
old_state_action,free,310001,1,15,0.0,0.0,0.0,0,0.0,nan,nan,0.05016275867819786,0.03907915577292442,0.45793628692626953,0.04513943940401077,0.02298424206674099,hidden_breakaway_pin,0,0.11061850935220718,0.0,0.5074235200881958,-0.010444965213537216,0.48307180404663086,-0.03459448367357254,0.03429584950208664,0.012528091669082642,0.03551305830478668,0.11061850935220718,0.0,0.5074235200881958,-0.010444965213537216,0.48307180404663086,-0.03459448367357254,0.03429584950208664,0.15899904072284698,0.0,0.5215626358985901,-0.0007711183279752731,0.5094467997550964,-0.016143634915351868,0.019573139026761055,0.16681548953056335,0.0,0.5218507051467896,0.0006578993052244186,0.5106930136680603,-0.019282713532447815,0.02284999191761017,phase3_10b_future_rollout_audit_no_phase4_no_cps
old_state_action,free,310002,2,0,0.0,0.0,0.0,0,0.0,nan,nan,0.011484568938612938,0.039116133004426956,0.4562422037124634,0.04506738483905792,0.020176995545625687,free,1,0.6153109669685364,0.0,0.7126504182815552,-0.15890246629714966,0.4409257173538208,0.04535665363073349,0.33993545174598694,nan,nan,0.6153109669685364,0.0,0.7126504182815552,-0.15890246629714966,0.4409257173538208,0.04535665363073349,0.33993545174598694,0.7733114957809448,0.0,0.7521390318870544,-0.1790911704301834,0.4697869122028351,0.037298157811164856,0.35573452711105347,0.8025242686271667,0.0,0.7459399104118347,-0.14132581651210785,0.4949536621570587,0.023817580193281174,0.30044373869895935,phase3_10b_future_rollout_audit_no_phase4_no_cps
old_state_action,free,310002,2,1,0.0,0.0,0.0,0,0.0,nan,nan,0.09362611174583435,0.03933856636285782,0.4542504549026489,0.04070663079619408,0.017850633710622787,hidden_high_friction,0,0.5566040277481079,0.0,0.6421118974685669,-0.07559563964605331,0.5450197458267212,0.023631270974874496,0.13882674276828766,0.10915910452604294,0.10633700340986252,0.5566040277481079,0.0,0.6421118974685669,-0.07559563964605331,0.5450197458267212,0.023631270974874496,0.13882674276828766,0.4439453184604645,0.0,0.6423740983009338,-0.1166883185505867,0.5253210663795471,0.013771794736385345,0.1752748042345047,0.3953043222427368,0.0,0.6341066956520081,-0.07325415313243866,0.5201447606086731,-0.0030270852148532867,0.1338624805212021,phase3_10b_future_rollout_audit_no_phase4_no_cps
old_state_action,free,310002,2,2,0.0,0.0,0.0,0,0.0,nan,nan,0.07569541037082672,0.03942953050136566,0.45920464396476746,0.04590974748134613,0.02044001594185829,hidden_high_friction,0,0.3094736635684967,0.0,0.5883274078369141,-0.07001501321792603,0.5365384817123413,0.007322289049625397,0.09307605028152466,0.054073233157396317,0.01838245801627636,0.3094736635684967,0.0,0.5883274078369141,-0.07001501321792603,0.5365384817123413,0.007322289049625397,0.09307605028152466,0.28586679697036743,0.0,0.587604284286499,-0.023651903495192528,0.5522950887680054,0.021442562341690063,0.05727346986532211,0.37102487683296204,0.0,0.595384955406189,-0.0079304538667202,0.5302528142929077,0.02948256954550743,0.07511278241872787,phase3_10b_future_rollout_audit_no_phase4_no_cps
old_state_action,free,310002,2,3,0.0,0.0,0.0,0,0.0,nan,nan,0.04964962601661682,0.03976241126656532,0.45622989535331726,0.04322107508778572,0.02221333608031273,hidden_breakaway_pin,0,0.07953467965126038,0.0,0.53166663646698,-0.05071856454014778,0.48613157868385315,-0.0011004209518432617,0.06734538823366165,0.059856463223695755,0.05110575258731842,0.07953467965126038,0.0,0.53166663646698,-0.05071856454014778,0.48613157868385315,-0.0011004209518432617,0.06734538823366165,0.1428784728050232,0.0,0.5494835376739502,-0.007475069724023342,0.5161258578300476,-0.012865066528320312,0.033790335059165955,0.08531062304973602,0.0,0.5215067863464355,-0.012845358811318874,0.5174532532691956,0.0038586854934692383,0.017188839614391327,phase3_10b_future_rollout_audit_no_phase4_no_cps
old_state_action,free,310002,2,4,0.0,0.0,0.0,0,0.0,nan,nan,0.052012667059898376,0.03853638097643852,0.4602433443069458,0.04851898178458214,0.025527626276016235,hidden_breakaway_pin,0,0.2227325588464737,0.0,0.49877816438674927,-0.006760161370038986,0.48642629384994507,-0.003720534034073353,0.012720379047095776,0.05489984154701233,0.0026366361416876316,0.2227325588464737,0.0,0.49877816438674927,-0.006760161370038986,0.48642629384994507,-0.003720534034073353,0.012720379047095776,0.10356929898262024,0.0,0.5317376852035522,0.026774385944008827,0.5079007148742676,-0.03360794857144356,0.06491708010435104,0.15533186495304108,0.0,0.52276611328125,0.013576088473200798,0.5039879679679871,-0.024315059185028076,0.04228898137807846,phase3_10b_future_rollout_audit_no_phase4_no_cps
old_state_action,free,310002,2,5,0.0,0.0,0.0,0,0.0,nan,nan,0.04395880177617073,0.039235107600688934,0.46062928438186646,0.04604228958487511,0.02397584542632103,hidden_breakaway_pin,0,0.14467108249664307,0.0,0.5025240182876587,-0.007665632292628288,0.4880885183811188,-0.0030557094141840935,0.015153713524341583,0.003853738307952881,0.0017902463441714644,0.14467108249664307,0.0,0.5025240182876587,-0.007665632292628288,0.4880885183811188,-0.0030557094141840935,0.015153713524341583,0.12369520217180252,0.0,0.5464904308319092,0.01069980300962925,0.4997815489768982,0.008960932493209839,0.046741239726543427,0.14816132187843323,0.0,0.5224759578704834,0.014862479642033577,0.5121699571609497,0.00960424542427063,0.011569904163479805,phase3_10b_future_rollout_audit_no_phase4_no_cps
old_state_action,free,310002,2,6,0.0,0.0,0.0,0,0.0,nan,nan,0.047699954360723495,0.0396333746612072,0.4513916075229645,0.04170474782586098,0.018807580694556236,hidden_high_friction,0,0.1862906813621521,0.0,0.515967071056366,0.01453908160328865,0.5144057273864746,0.0044002048671245575,0.010258392430841923,0.025956982746720314,0.027352990582585335,0.1862906813621521,0.0,0.515967071056366,0.01453908160328865,0.5144057273864746,0.0044002048671245575,0.010258392430841923,0.1992761343717575,0.0,0.5598447322845459,0.03311888128519058,0.5452547073364258,0.019459810107946396,0.019985971972346306,0.19478708505630493,0.0,0.5393932461738586,0.03850880265235901,0.5501624941825867,0.032799914479255676,0.012188851833343506,phase3_10b_future_rollout_audit_no_phase4_no_cps
old_state_action,free,310002,2,7,0.0,0.0,0.0,0,0.0,nan,nan,0.046088311821222305,0.039573270827531815,0.4573395848274231,0.04291411116719246,0.018056824803352356,hidden_high_friction,0,0.1477246880531311,0.0,0.5283554792404175,-0.005288314074277878,0.5186328887939453,-0.02187894657254219,0.01922960951924324,0.02337944135069847,0.026616962626576424,0.1477246880531311,0.0,0.5283554792404175,-0.005288314074277878,0.5186328887939453,-0.02187894657254219,0.01922960951924324,0.19633999466896057,0.0,0.5553187727928162,0.013155067339539528,0.5495074987411499,-0.011483218520879745,0.025314344093203545,0.20030036568641663,0.0,0.5344383120536804,0.018574582412838936,0.5521737933158875,0.007799498736858368,0.02075210213661194,phase3_10b_future_rollout_audit_no_phase4_no_cps
old_state_action,free,310002,2,8,0.0,0.0,0.0,0,0.0,nan,nan,0.04530574381351471,0.03996171057224274,0.4543006420135498,0.04273201525211334,0.018853558227419853,hidden_high_friction,0,0.12548460066318512,0.0,0.5254340767860413,-0.0077150072902441025,0.5177839994430542,-0.016653073951601982,0.011764893308281898,0.003797819372266531,0.005294370464980602,0.12548460066318512,0.0,0.5254340767860413,-0.0077150072902441025,0.5177839994430542,-0.016653073951601982,0.011764893308281898,0.18016549944877625,0.0,0.556514322757721,0.001499740406870842,0.5463374853134155,-0.01924707181751728,0.023108402267098427,0.18545755743980408,0.0,0.5395220518112183,0.012355757877230644,0.5522744059562683,0.0034171119332313538,0.015573116019368172,phase3_10b_future_rollout_audit_no_phase4_no_cps
old_state_action,free,310002,2,9,0.0,0.0,0.0,0,0.0,nan,nan,0.0427924282848835,0.03939877077937126,0.46143510937690735,0.044237878173589706,0.023294799029827118,hidden_breakaway_pin,0,0.09383092075586319,0.0,0.5149367451667786,-0.017469994723796844,0.4939345121383667,-0.025041602551937103,0.022325389087200165,0.014330169185996056,0.025281721726059914,0.09383092075586319,0.0,0.5149367451667786,-0.017469994723796844,0.4939345121383667,-0.025041602551937103,0.022325389087200165,0.1779569834470749,0.0,0.5386528968811035,-0.014912441372871399,0.5164742469787598,-0.04020930826663971,0.033642590045928955,0.1067408099770546,0.0,0.5117627382278442,-0.008672398515045643,0.5211691856384277,-0.030912406742572784,0.02414744906127453,phase3_10b_future_rollout_audit_no_phase4_no_cps
old_state_action,free,310002,2,10,0.0,0.0,0.0,0,0.0,nan,nan,0.043565355241298676,0.03850279748439789,0.45388010144233704,0.042421501129865646,0.01964457519352436,hidden_high_friction,0,0.1573406457901001,0.0,0.5121056437492371,0.012101028114557266,0.5017649531364441,0.034786999225616455,0.024931568652391434,0.029706235975027084,0.06033885478973389,0.1573406457901001,0.0,0.5121056437492371,0.012101028114557266,0.5017649531364441,0.034786999225616455,0.024931568652391434,0.20820866525173187,0.0,0.548467218875885,0.01932566799223423,0.5329189896583557,0.009613525122404099,0.01833229884505272,0.1993805319070816,0.0,0.5249440670013428,0.022711878642439842,0.5387091636657715,0.02121766284108162,0.0138459587469697,phase3_10b_future_rollout_audit_no_phase4_no_cps
old_state_action,free,310002,2,11,0.0,0.0,0.0,0,0.0,nan,nan,0.04654551297426224,0.038781892508268356,0.4553421437740326,0.046835239976644516,0.020711639896035194,hidden_high_friction,0,0.137638658285141,0.0,0.5204405188560486,-0.012191550806164742,0.5264649987220764,-0.026677999645471573,0.015689218416810036,0.02568267099559307,0.0662422701716423,0.137638658285141,0.0,0.5204405188560486,-0.012191550806164742,0.5264649987220764,-0.026677999645471573,0.015689218416810036,0.1657288670539856,0.0,0.5498245358467102,-0.011897721327841282,0.5391961336135864,-0.05100013315677643,0.04052112624049187,0.13438375294208527,0.0,0.5149311423301697,-0.012026790529489517,0.5337716341018677,-0.03191707655787468,0.027396854013204575,phase3_10b_future_rollout_audit_no_phase4_no_cps
old_state_action,free,310002,2,12,0.0,0.0,0.0,0,0.0,nan,nan,0.04559776186943054,0.03805537894368172,0.4599672257900238,0.05190803110599518,0.026879359036684036,hidden_breakaway_pin,0,0.18811608850955963,0.0,0.5094154477119446,-0.021014884114265442,0.5073225498199463,-0.019998643547296524,0.0023265783675014973,0.014121027663350105,0.020274298265576363,0.18811608850955963,0.0,0.5094154477119446,-0.021014884114265442,0.5073225498199463,-0.019998643547296524,0.0023265783675014973,0.22094814479351044,0.0,0.5384254455566406,-0.04609525576233864,0.5086692571640015,-0.07301464676856995,0.040125854313373566,0.21908994019031525,0.0,0.5045680999755859,-0.04185228794813156,0.5180578827857971,-0.05124037340283394,0.016435034573078156,phase3_10b_future_rollout_audit_no_phase4_no_cps
old_state_action,free,310002,2,13,0.0,0.0,0.0,0,0.0,nan,nan,0.04155052825808525,0.03831187263131142,0.45620203018188477,0.046274200081825256,0.021580824628472328,hidden_high_friction,0,0.17363813519477844,0.0,0.5095887184143066,0.010847311466932297,0.49901282787323,0.020071368664503098,0.014033270999789238,0.031862664967775345,0.04092257842421532,0.17363813519477844,0.0,0.5095887184143066,0.010847311466932297,0.49901282787323,0.020071368664503098,0.014033270999789238,0.17975486814975739,0.0,0.5599944591522217,0.026000002399086952,0.5358906388282776,0.029050204902887344,0.024296047165989876,0.2398606687784195,0.0,0.5426294803619385,0.022595522925257683,0.5471373796463013,0.03775029629468918,0.015811018645763397,phase3_10b_future_rollout_audit_no_phase4_no_cps
old_state_action,free,310002,2,14,0.0,0.0,0.0,0,0.0,nan,nan,0.04608151689171791,0.03871225193142891,0.4578891694545746,0.04623182862997055,0.021597780287265778,hidden_breakaway_pin,0,0.16065150499343872,0.0,0.5058434009552002,-0.0009177923202514648,0.48848649859428406,-0.004798261448740959,0.017785390838980675,0.012346864677965641,0.027005592361092567,0.16065150499343872,0.0,0.5058434009552002,-0.0009177923202514648,0.48848649859428406,-0.004798261448740959,0.017785390838980675,0.09613034129142761,0.0,0.5292418599128723,0.009427784010767937,0.4989664554595947,-0.005493493750691414,0.033752698451280594,0.08321031183004379,0.0,0.5116060972213745,-0.014687168411910534,0.5084272027015686,-0.01586395502090454,0.0033897191751748323,phase3_10b_future_rollout_audit_no_phase4_no_cps
old_state_action,free,310002,2,15,0.0,0.0,0.0,0,0.0,nan,nan,0.045814868062734604,0.03949304670095444,0.45809268951416016,0.043336592614650726,0.020021874457597733,hidden_high_friction,0,0.18521662056446075,0.0,0.5163323283195496,0.0015891194343566895,0.5167396068572998,-0.012826332822442055,0.01442120410501957,0.010784350335597992,0.029371552169322968,0.18521662056446075,0.0,0.5163323283195496,0.0015891194343566895,0.5167396068572998,-0.012826332822442055,0.01442120410501957,0.1603190302848816,0.0,0.5388144254684448,-0.0058465879410505295,0.5291094779968262,-0.008660124614834785,0.01010455284267664,0.12756125628948212,0.0,0.5196618437767029,-0.017215734347701073,0.5310003161430359,-0.010131480172276497,0.01336965337395668,phase3_10b_future_rollout_audit_no_phase4_no_cps
old_state_action,free,310003,3,0,0.0,0.0,0.0,0,0.0,nan,nan,0.007653397042304277,0.03933194652199745,0.4553298056125641,0.04134400561451912,0.01804911531507969,hidden_high_friction,0,0.5420354008674622,0.0,0.6877376437187195,0.1348857879638672,0.48881426453590393,-0.08299046009778976,0.29502639174461365,nan,nan,0.5420354008674622,0.0,0.6877376437187195,0.1348857879638672,0.48881426453590393,-0.08299046009778976,0.29502639174461365,0.5431594252586365,0.0,0.6781938076019287,0.17783693969249725,0.49317988753318787,-0.06449499726295471,0.3048850893974304,0.5198287963867188,0.0,0.685240626335144,0.18160109221935272,0.48584577441215515,-0.060727398842573166,0.31381747126579285,phase3_10b_future_rollout_audit_no_phase4_no_cps
old_state_action,free,310003,3,1,0.0,0.4166666666666667,0.4166666666666667,0,0.4166666666666667,nan,nan,0.09050992876291275,0.039215460419654846,0.460408091545105,0.04658551141619682,0.02062932774424553,hidden_high_friction,0,0.4473445415496826,0.0,0.6734509468078613,0.15442310273647308,0.4935184121131897,-0.05099776014685631,0.27308139204978943,0.024203643202781677,0.03233669698238373,0.4473445415496826,0.0,0.6734509468078613,0.15442310273647308,0.4935184121131897,-0.05099776014685631,0.27308139204978943,0.5994702577590942,0.0,0.6804903745651245,0.16085071861743927,0.5249238610267639,-0.018679002299904823,0.2375539094209671,0.4642830491065979,0.0,0.6850298643112183,0.14572249352931976,0.509246289730072,-0.004380745813250542,0.23115113377571106,phase3_10b_future_rollout_audit_no_phase4_no_cps
old_state_action,free,310003,3,2,0.4166666666666667,0.4166666666666667,0.0,0,0.0,nan,nan,0.08030182123184204,0.03946661204099655,0.4556620419025421,0.044055674225091934,0.02019117958843708,hidden_high_friction,0,0.25981810688972473,0.0,0.5992134809494019,0.03746422007679939,0.5268275141716003,0.0691802129149437,0.07902931421995163,0.13853007555007935,0.1247086226940155,0.25981810688972473,0.0,0.5992134809494019,0.03746422007679939,0.5268275141716003,0.0691802129149437,0.07902931421995163,0.3954104781150818,0.0,0.5865340828895569,0.05283844470977783,0.5252784490585327,0.01856081187725067,0.07019408047199249,0.46769535541534424,0.0,0.5878859162330627,0.02472967840731144,0.5264142751693726,0.012988321483135223,0.06258292496204376,phase3_10b_future_rollout_audit_no_phase4_no_cps
old_state_action,free,310003,3,3,0.4166666666666667,0.4166666666666667,0.0,0,0.0,nan,nan,0.06774714589118958,0.03854032978415489,0.4600049555301666,0.04887237772345543,0.02528443932533264,hidden_breakaway_pin,0,0.19204284250736237,0.0,0.5777938961982727,-0.007171060889959335,0.4782230854034424,-0.03225221112370491,0.10268110781908035,0.049508653581142426,0.11247634142637253,0.19204284250736237,0.0,0.5777938961982727,-0.007171060889959335,0.4782230854034424,-0.03225221112370491,0.10268110781908035,0.19536931812763214,0.0,0.5360691547393799,0.03585013747215271,0.49406445026397705,-0.04826870188117027,0.09402326494455338,0.3684377074241638,0.0,0.5369686484336853,-0.0020339172333478928,0.4728548228740692,-0.04874289035797119,0.07932408899068832,phase3_10b_future_rollout_audit_no_phase4_no_cps
old_state_action,free,310003,3,4,0.4166666666666667,0.3333333333333333,-0.08333333333333337,0,-0.08333333333333337,nan,nan,0.05520670488476753,0.038975611329078674,0.4617311358451843,0.047101594507694244,0.023896027356386185,hidden_breakaway_pin,0,0.09156838059425354,0.0,0.5227829217910767,-0.01720169186592102,0.4772493541240692,0.007443036884069443,0.05177517235279083,0.05591798201203346,0.03970719128847122,0.09156838059425354,0.0,0.5227829217910767,-0.01720169186592102,0.4772493541240692,0.007443036884069443,0.05177517235279083,0.14268755912780762,0.0,0.5319634079933167,-0.007215162739157677,0.4968647360801697,0.006409350782632828,0.03765028715133667,0.13280630111694336,0.0,0.5155342221260071,0.005143256857991219,0.4854911267757416,0.00245651975274086,0.0301629938185215,phase3_10b_future_rollout_audit_no_phase4_no_cps
old_state_action,free,310003,3,5,0.3333333333333333,0.3333333333333333,0.0,0,0.0,nan,nan,0.04785691201686859,0.03942205011844635,0.45348232984542847,0.04406628757715225,0.019689107313752174,hidden_high_friction,0,0.22003723680973053,0.0,0.5079325437545776,0.001189686357975006,0.5043063163757324,0.010695943608880043,0.0101744020357728,0.02363845519721508,0.027251800522208214,0.22003723680973053,0.0,0.5079325437545776,0.001189686357975006,0.5043063163757324,0.010695943608880043,0.0101744020357728,0.14352576434612274,0.0,0.5322726964950562,0.0295052919536829,0.5184281468391418,0.022535167634487152,0.015500134788453579,0.12838114798069,0.0,0.5143387317657471,0.034354254603385925,0.5207444429397583,0.021561410278081894,0.0143069913610816,phase3_10b_future_rollout_audit_no_phase4_no_cps
old_state_action,free,310003,3,6,0.3333333333333333,0.20833333333333334,-0.12499999999999997,0,-0.12499999999999997,nan,nan,0.04409338906407356,0.03935784474015236,0.45789098739624023,0.044476523995399475,0.018373683094978333,hidden_high_friction,0,0.15757371485233307,0.0,0.5134310722351074,0.003155272454023361,0.510197103023529,-0.00603039376437664,0.009738327004015446,0.005839293356984854,0.01773335039615631,0.15757371485233307,0.0,0.5134310722351074,0.003155272454023361,0.510197103023529,-0.00603039376437664,0.009738327004015446,0.1907835453748703,0.0,0.5319811105728149,0.02670508436858654,0.5577797889709473,0.00580282136797905,0.03320356085896492,0.19094066321849823,0.0,0.5226024389266968,0.025911716744303703,0.5550652146339417,0.008737124502658844,0.03672599047422409,phase3_10b_future_rollout_audit_no_phase4_no_cps
old_state_action,free,310003,3,7,0.20833333333333334,0.20833333333333334,0.0,0,0.0,nan,nan,0.04630570858716965,0.03858087956905365,0.454654723405838,0.047605566680431366,0.021564770489931107,hidden_high_friction,0,0.11692775040864944,0.0,0.5122369527816772,-0.00481070764362812,0.5217956900596619,-0.022403767332434654,0.020022118464112282,0.008054983802139759,0.02006525918841362,0.11692775040864944,0.0,0.5122369527816772,-0.00481070764362812,0.5217956900596619,-0.022403767332434654,0.020022118464112282,0.19487500190734863,0.0,0.5334784984588623,0.0051530711352825165,0.5664820671081543,0.016720257699489594,0.034971922636032104,0.2241302877664566,0.0,0.530576229095459,0.014494379982352257,0.5775725245475769,0.01468179002404213,0.046996667981147766,phase3_10b_future_rollout_audit_no_phase4_no_cps
old_state_action,free,310003,3,8,0.20833333333333334,0.25,0.04166666666666666,0,0.04166666666666666,nan,nan,0.04909863695502281,0.03837571293115616,0.4623899757862091,0.048851776868104935,0.024906115606427193,hidden_breakaway_pin,0,0.1367434412240982,0.0,0.5009125471115112,-0.010542064905166626,0.5069553256034851,-0.058100759983062744,0.04794105514883995,0.012692147865891457,0.03865891322493553,0.1367434412240982,0.0,0.5009125471115112,-0.010542064905166626,0.5069553256034851,-0.058100759983062744,0.04794105514883995,0.18131476640701294,0.0,0.5144733190536499,-0.03131536766886711,0.5318893194198608,-0.06262923032045364,0.03583120182156563,0.20010122656822205,0.0,0.5059173703193665,-0.027498502284288406,0.5384628772735596,-0.05479581654071808,0.04247768223285675,phase3_10b_future_rollout_audit_no_phase4_no_cps
old_state_action,free,310003,3,9,0.25,0.25,0.0,0,0.0,nan,nan,0.04649127274751663,0.038060639053583145,0.45651933550834656,0.04475589841604233,0.02045413851737976,hidden_high_friction,0,0.17509596049785614,0.0,0.4979352056980133,0.0022317133843898773,0.4896540939807892,0.021761905401945114,0.02121332660317421,0.013116172514855862,0.08171522617340088,0.17509596049785614,0.0,0.4979352056980133,0.0022317133843898773,0.4896540939807892,0.021761905401945114,0.02121332660317421,0.14835304021835327,0.0,0.5330528616905212,0.01805180497467518,0.5290116667747498,-0.00841335579752922,0.026771925389766693,0.23440326750278473,0.0,0.5199353694915771,0.012257741764187813,0.5422875881195068,-0.0052063241600990295,0.028365740552544594,phase3_10b_future_rollout_audit_no_phase4_no_cps
old_state_action,free,310003,3,10,0.25,0.25,0.0,0,0.0,nan,nan,0.0488206185400486,0.03943893313407898,0.4548378884792328,0.043007295578718185,0.01956290192902088,hidden_high_friction,0,0.17409437894821167,0.0,0.5008173584938049,0.011582717299461365,0.4998345375061035,-0.0035545118153095245,0.015169101767241955,0.009785095229744911,0.027286671102046967,0.17409437894821167,0.0,0.5008173584938049,0.011582717299461365,0.4998345375061035,-0.0035545118153095245,0.015169101767241955,0.15293677151203156,0.0,0.5308825969696045,0.01731153018772602,0.5273024439811707,0.01075887680053711,0.007466910872608423,0.21327091753482819,0.0,0.5126016139984131,0.020030954852700233,0.5376795530319214,0.006987456232309341,0.02826722338795662,phase3_10b_future_rollout_audit_no_phase4_no_cps
old_state_action,free,310003,3,11,0.25,0.25,0.0,0,0.0,nan,nan,0.04836038500070572,0.03797626495361328,0.4608915150165558,0.05117383971810341,0.02607678435742855,hidden_breakaway_pin,0,0.21142025291919708,0.0,0.49593406915664673,0.00038377195596694946,0.5062069296836853,-0.029671836644411087,0.031762734055519104,0.012217319570481777,0.02688349038362503,0.21142025291919708,0.0,0.49593406915664673,0.00038377195596694946,0.5062069296836853,-0.029671836644411087,0.031762734055519104,0.10194949805736542,0.0,0.5176389217376709,-0.03301561623811722,0.5219655632972717,-0.05961502343416214,0.026948994025588036,0.22008411586284637,0.0,0.5104522109031677,-0.02215602621436119,0.5352101922035217,-0.0522414967417717,0.0389627143740654,phase3_10b_future_rollout_audit_no_phase4_no_cps
old_state_action,free,310003,3,12,0.25,0.25,0.0,0,0.0,nan,nan,0.04884019494056702,0.0386359877884388,0.45702314376831055,0.04671904072165489,0.020394159480929375,hidden_high_friction,0,0.21813958883285522,0.0,0.5080827474594116,0.0008952096104621887,0.4975123703479767,0.01494692638516426,0.017583617940545082,0.012159438803792,0.04545799642801285,0.21813958883285522,0.0,0.5080827474594116,0.0008952096104621887,0.4975123703479767,0.01494692638516426,0.017583617940545082,0.1443650871515274,0.0,0.5188773274421692,0.01863229088485241,0.5288193821907043,0.015034709125757217,0.010572939179837704,0.20208962261676788,0.0,0.5119775533676147,0.019670983776450157,0.5325509309768677,0.014872021973133087,0.02112566865980625,phase3_10b_future_rollout_audit_no_phase4_no_cps
old_state_action,free,310003,3,13,0.25,0.25,0.0,0,0.0,nan,nan,0.048205889761447906,0.03840107470750809,0.45986396074295044,0.04742184281349182,0.021593794226646423,hidden_high_friction,0,0.13065390288829803,0.0,0.49808967113494873,-0.00594356469810009,0.4847867488861084,-0.03452904149889946,0.03152930736541748,0.012109104543924332,0.05108632892370224,0.13065390288829803,0.0,0.49808967113494873,-0.00594356469810009,0.4847867488861084,-0.03452904149889946,0.03152930736541748,0.13235317170619965,0.0,0.5009312033653259,-0.025100260972976685,0.4938510060310364,-0.030925564467906952,0.00916860718280077,0.21160340309143066,0.0,0.49180343747138977,-0.018813079223036766,0.500347912311554,-0.03948817402124405,0.022371133789420128,phase3_10b_future_rollout_audit_no_phase4_no_cps
old_state_action,free,310003,3,14,0.25,0.25,0.0,0,0.0,nan,nan,0.047908931970596313,0.03914809226989746,0.458525151014328,0.04468352347612381,0.019840620458126068,hidden_high_friction,0,0.2050744891166687,0.0,0.5023319721221924,0.004557788372039795,0.5068775415420532,0.02774627134203911,0.0236298106610775,0.011325879022479057,0.06607735902070999,0.2050744891166687,0.0,0.5023319721221924,0.004557788372039795,0.5068775415420532,0.02774627134203911,0.0236298106610775,0.14414647221565247,0.0,0.5215916037559509,0.013630429282784462,0.525314450263977,0.013357073068618774,0.003732868703082204,0.21414779126644135,0.0,0.5073300004005432,0.002118164673447609,0.5344079732894897,-0.001102440059185028,0.027268826961517334,phase3_10b_future_rollout_audit_no_phase4_no_cps
old_state_action,free,310003,3,15,0.25,0.20833333333333334,-0.04166666666666666,0,-0.04166666666666666,nan,nan,0.04776860028505325,0.038424719125032425,0.45820584893226624,0.048828113824129105,0.022159220650792122,hidden_high_friction,0,0.13197262585163116,0.0,0.4954608082771301,-0.014675077050924301,0.4872632920742035,-0.00016512908041477203,0.016665467992424965,0.020423417910933495,0.03411400318145752,0.13197262585163116,0.0,0.4954608082771301,-0.014675077050924301,0.4872632920742035,-0.00016512908041477203,0.016665467992424965,0.10815997421741486,0.0,0.5168023705482483,-0.012546391226351261,0.49623510241508484,-0.012353070080280304,0.020568177103996277,0.17138049006462097,0.0,0.501792311668396,-0.011818095110356808,0.5082857012748718,-0.010192608460783958,0.006693752016872168,phase3_10b_future_rollout_audit_no_phase4_no_cps
old_state_action,hidden_breakaway_pin,310000,0,0,0.0,0.0,0.0,0,0.0,nan,nan,0.015356935560703278,0.0394718162715435,0.4540308713912964,0.043608758598566055,0.0196442361921072,hidden_high_friction,0,0.6392313838005066,0.0,0.5997844338417053,0.36808139085769653,0.4978751540184021,-0.08545450121164322,0.46484437584877014,nan,nan,0.6392313838005066,0.0,0.5997844338417053,0.36808139085769653,0.4978751540184021,-0.08545450121164322,0.46484437584877014,0.7783326506614685,0.0,0.5986811518669128,0.3963366150856018,0.5135920643806458,-0.03965594619512558,0.4442180395126343,0.694483757019043,0.0,0.6053050756454468,0.37570977210998535,0.5052474737167358,-0.037993527948856354,0.42563122510910034,phase3_10b_future_rollout_audit_no_phase4_no_cps
old_state_action,hidden_breakaway_pin,310000,0,1,0.0,0.0,0.0,0,0.0,nan,nan,0.1021885946393013,0.038834650069475174,0.45381301641464233,0.0446958914399147,0.020633496344089508,hidden_high_friction,0,0.34422287344932556,0.0,0.5818061828613281,0.18914659321308136,0.5692046880722046,0.01844879612326622,0.17116230726242065,0.179835706949234,0.12603093683719635,0.34422287344932556,0.0,0.5818061828613281,0.18914659321308136,0.5692046880722046,0.01844879612326622,0.17116230726242065,0.46358561515808105,0.0,0.5634534955024719,0.1509886533021927,0.5451579093933105,-0.002963574603199959,0.15503552556037903,0.43221673369407654,0.0,0.5781136751174927,0.1585657000541687,0.5630356073379517,0.019035503268241882,0.14034253358840942,phase3_10b_future_rollout_audit_no_phase4_no_cps
old_state_action,hidden_breakaway_pin,310000,0,2,0.0,0.0,0.0,0,0.0,nan,nan,0.08997035771608353,0.03924093768000603,0.45514413714408875,0.045387573540210724,0.020140863955020905,hidden_high_friction,0,0.3571772873401642,0.0,0.5691777467727661,0.0956321656703949,0.48830074071884155,-0.06538310647010803,0.18018603324890137,0.0943632647395134,0.1165042370557785,0.3571772873401642,0.0,0.5691777467727661,0.0956321656703949,0.48830074071884155,-0.06538310647010803,0.18018603324890137,0.21964657306671143,0.0,0.5512704849243164,0.040426887571811676,0.5075755715370178,-0.04593566432595253,0.09678706526756287,0.2626646161079407,0.0,0.5296644568443298,0.043375685811042786,0.5228797197341919,-0.04185030609369278,0.08549562841653824,phase3_10b_future_rollout_audit_no_phase4_no_cps
old_state_action,hidden_breakaway_pin,310000,0,3,0.0,0.0,0.0,0,0.0,nan,nan,0.04810388758778572,0.03878010809421539,0.45487314462661743,0.044388365000486374,0.01944734714925289,hidden_high_friction,0,0.1381562352180481,0.0,0.5155119895935059,-0.023382076993584633,0.5150010585784912,-0.07541559636592865,0.05203603208065033,0.1305542141199112,0.02852293662726879,0.1381562352180481,0.0,0.5155119895935059,-0.023382076993584633,0.5150010585784912,-0.07541559636592865,0.05203603208065033,0.23632311820983887,0.0,0.5247741341590881,-0.02684875577688217,0.5302777290344238,-0.06755080074071884,0.04107244685292244,0.1752052754163742,0.0,0.5167749524116516,-0.03295353427529335,0.5275317430496216,-0.06649793684482574,0.035226915031671524,phase3_10b_future_rollout_audit_no_phase4_no_cps
old_state_action,hidden_breakaway_pin,310000,0,4,0.0,0.0,0.0,0,0.0,nan,nan,0.042742449790239334,0.03912901133298874,0.45850080251693726,0.046473197638988495,0.0208751168102026,hidden_high_friction,0,0.16728463768959045,0.0,0.5047957301139832,-0.041187889873981476,0.49953705072402954,0.018746301531791687,0.060164447873830795,0.020781846717000008,0.09542325884103775,0.16728463768959045,0.0,0.5047957301139832,-0.041187889873981476,0.49953705072402954,0.018746301531791687,0.060164447873830795,0.11910006403923035,0.0,0.5204104781150818,-0.0088797677308321,0.5297673344612122,-0.01068970188498497,0.00953030027449131,0.11778847873210907,0.0,0.521652340888977,-0.02212483622133732,0.5400956869125366,-0.03379324451088905,0.02182449959218502,phase3_10b_future_rollout_audit_no_phase4_no_cps
old_state_action,hidden_breakaway_pin,310000,0,5,0.0,0.0,0.0,0,0.0,nan,nan,0.04570681229233742,0.03911532089114189,0.4574773609638214,0.045026592910289764,0.02333117462694645,hidden_breakaway_pin,1,0.20608289539813995,0.0,0.5006213784217834,-0.012644143775105476,0.4970156252384186,0.028758011758327484,0.041558872908353806,0.02884736843407154,0.010324336588382721,0.20608289539813995,0.0,0.5006213784217834,-0.012644143775105476,0.4970156252384186,0.028758011758327484,0.041558872908353806,0.0810977891087532,0.0,0.5387628674507141,0.015532704070210457,0.5127447843551636,-0.006709294393658638,0.0342293307185173,0.16155894100666046,0.0,0.5310014486312866,-0.007094845175743103,0.5303019285202026,-0.00809171237051487,0.00121781462803483,phase3_10b_future_rollout_audit_no_phase4_no_cps
old_state_action,hidden_breakaway_pin,310000,0,6,0.0,0.0,0.0,0,0.0,nan,nan,0.04514351859688759,0.03847767040133476,0.45919832587242126,0.048092760145664215,0.025379696860909462,hidden_breakaway_pin,1,0.20987823605537415,0.0,0.49329397082328796,-0.028746187686920166,0.4934364855289459,-0.03253796696662903,0.003794456599280238,0.017690865322947502,0.061400383710861206,0.20987823605537415,0.0,0.49329397082328796,-0.028746187686920166,0.4934364855289459,-0.03253796696662903,0.003794456599280238,0.12505221366882324,0.0,0.5201125144958496,-0.010003744624555111,0.5081762075424194,-0.04689493775367737,0.03877416253089905,0.16159199178218842,0.0,0.5109003186225891,-0.019947582855820656,0.5193784236907959,-0.04330819100141525,0.02485148422420025,phase3_10b_future_rollout_audit_no_phase4_no_cps
old_state_action,hidden_breakaway_pin,310000,0,7,0.0,0.0,0.0,0,0.0,nan,nan,0.045368026942014694,0.03872097656130791,0.46102604269981384,0.04719069227576256,0.024599608033895493,hidden_breakaway_pin,1,0.21775884926319122,0.0,0.4942188262939453,-0.011999333277344704,0.4865603744983673,0.0381460040807724,0.05072678253054619,0.016772372648119926,0.07101763784885406,0.21775884926319122,0.0,0.4942188262939453,-0.011999333277344704,0.4865603744983673,0.0381460040807724,0.05072678253054619,0.06759794056415558,0.0,0.531329333782196,-0.021213430911302567,0.49559444189071655,-0.0012467876076698303,0.04093469679355621,0.13630859553813934,0.0,0.5155536532402039,-0.01635012961924076,0.5105096101760864,-0.0010812599211931229,0.016080446541309357,phase3_10b_future_rollout_audit_no_phase4_no_cps
old_state_action,hidden_breakaway_pin,310000,0,8,0.0,0.0,0.0,0,0.0,nan,nan,0.044153548777103424,0.03973458707332611,0.45167502760887146,0.04249272868037224,0.018867531791329384,hidden_high_friction,0,0.21013659238815308,0.0,0.5107367038726807,-0.028163660317659378,0.5151582956314087,0.030027709901332855,0.058359112590551376,0.023111160844564438,0.02972789667546749,0.21013659238815308,0.0,0.5107367038726807,-0.028163660317659378,0.5151582956314087,0.030027709901332855,0.058359112590551376,0.15795736014842987,0.0,0.5362124443054199,0.00036854110658168793,0.5254241228103638,0.03820035606622696,0.039339978247880936,0.16468916833400726,0.0,0.5372230410575867,0.008054055273532867,0.5483516454696655,0.026598460972309113,0.021627316251397133,phase3_10b_future_rollout_audit_no_phase4_no_cps
old_state_action,hidden_breakaway_pin,310000,0,9,0.0,0.0,0.0,0,0.0,nan,nan,0.04594476521015167,0.039595380425453186,0.45769864320755005,0.044002652168273926,0.019003605470061302,hidden_high_friction,0,0.22703467309474945,0.0,0.5196797251701355,-0.03067656047642231,0.5320563912391663,0.006913663819432259,0.039575330913066864,0.009289364330470562,0.028632232919335365,0.22703467309474945,0.0,0.5196797251701355,-0.03067656047642231,0.5320563912391663,0.006913663819432259,0.039575330913066864,0.15131019055843353,0.0,0.5403832793235779,-0.012744459323585033,0.5525527000427246,-0.010259529575705528,0.012420534156262875,0.1780899316072464,0.0,0.5334031581878662,-0.015417927876114845,0.5575421452522278,-0.013981353491544724,0.024181697517633438,phase3_10b_future_rollout_audit_no_phase4_no_cps
old_state_action,hidden_breakaway_pin,310000,0,10,0.0,0.0,0.0,0,0.0,nan,nan,0.04456669092178345,0.039866384118795395,0.45414379239082336,0.04285252466797829,0.01899976097047329,hidden_high_friction,0,0.24793072044849396,0.0,0.5162059664726257,-0.03471089527010918,0.5231860280036926,0.017482489347457886,0.05265805497765541,0.005323800723999739,0.013797949068248272,0.24793072044849396,0.0,0.5162059664726257,-0.03471089527010918,0.5231860280036926,0.017482489347457886,0.05265805497765541,0.09384971857070923,0.0,0.5352174639701843,-0.01342923566699028,0.5311521291732788,-0.013331323862075806,0.0040665133856236935,0.17803339660167694,0.0,0.5336340665817261,-0.014308606274425983,0.553084135055542,-0.006563328206539154,0.020935483276844025,phase3_10b_future_rollout_audit_no_phase4_no_cps
old_state_action,hidden_breakaway_pin,310000,0,11,0.0,0.0,0.0,0,0.0,nan,nan,0.04595943167805672,0.039196114987134933,0.4609718322753906,0.044756509363651276,0.023281889036297798,hidden_breakaway_pin,1,0.16779589653015137,0.0,0.5118821859359741,-0.03221270442008972,0.5144801735877991,-0.02243238128721714,0.010119499638676643,0.004993599373847246,0.04085325822234154,0.16779589653015137,0.0,0.5118821859359741,-0.03221270442008972,0.5144801735877991,-0.02243238128721714,0.010119499638676643,0.0996294766664505,0.0,0.5332313776016235,-0.019275031983852386,0.5258553624153137,-0.02683669701218605,0.010563350282609463,0.12100694328546524,0.0,0.5238189697265625,-0.022354939952492714,0.5381515622138977,-0.022928202524781227,0.014344052411615849,phase3_10b_future_rollout_audit_no_phase4_no_cps
old_state_action,hidden_breakaway_pin,310000,0,12,0.0,0.0,0.0,0,0.0,nan,nan,0.04712259769439697,0.03923879563808441,0.4543537199497223,0.03967127948999405,0.018428675830364227,hidden_high_friction,0,0.2236839383840561,0.0,0.5026609301567078,-0.011970724910497665,0.49471133947372437,0.03344838693737984,0.04610956460237503,0.022243410348892212,0.05927450954914093,0.2236839383840561,0.0,0.5026609301567078,-0.011970724910497665,0.49471133947372437,0.03344838693737984,0.04610956460237503,0.11791311949491501,0.0,0.5237041115760803,0.011027557775378227,0.511596143245697,0.011070463806390762,0.01210804469883442,0.16583220660686493,0.0,0.5173570513725281,0.013596521690487862,0.5273074507713318,0.001557379961013794,0.015618942677974701,phase3_10b_future_rollout_audit_no_phase4_no_cps
old_state_action,hidden_breakaway_pin,310000,0,13,0.0,0.0,0.0,0,0.0,nan,nan,0.046478696167469025,0.0399082712829113,0.45583078265190125,0.040397677570581436,0.018450655043125153,hidden_high_friction,0,0.16941389441490173,0.0,0.5026475191116333,-0.012545667588710785,0.4917401075363159,0.02769157662987709,0.04168941453099251,0.000575099082197994,0.006478355266153812,0.16941389441490173,0.0,0.5026475191116333,-0.012545667588710785,0.4917401075363159,0.02769157662987709,0.04168941453099251,0.0724649578332901,0.0,0.5297132730484009,-0.009544138796627522,0.5060145854949951,0.008403424173593521,0.029727812856435776,0.10734596848487854,0.0,0.5170447826385498,-0.005744369700551033,0.5246472954750061,0.001054469496011734,0.010199137963354588,phase3_10b_future_rollout_audit_no_phase4_no_cps
old_state_action,hidden_breakaway_pin,310000,0,14,0.0,0.0,0.0,0,0.0,nan,nan,0.04814007878303528,0.03862052038311958,0.4600876271724701,0.049202460795640945,0.025208046659827232,hidden_breakaway_pin,1,0.22535715997219086,0.0,0.5005870461463928,-0.023358600214123726,0.5059111714363098,-0.02194589003920555,0.005508362781256437,0.011007499881088734,0.05162070319056511,0.22535715997219086,0.0,0.5005870461463928,-0.023358600214123726,0.5059111714363098,-0.02194589003920555,0.005508362781256437,0.10018687695264816,0.0,0.5178889036178589,-0.05238133668899536,0.5133920311927795,-0.06812657415866852,0.01637480966746807,0.15063898265361786,0.0,0.514814019203186,-0.043219730257987976,0.5306111574172974,-0.05593297258019447,0.0202774778008461,phase3_10b_future_rollout_audit_no_phase4_no_cps
old_state_action,hidden_breakaway_pin,310000,0,15,0.0,0.0,0.0,0,0.0,nan,nan,0.048450764268636703,0.03837784752249718,0.4578233063220978,0.04664331674575806,0.020908072590827942,hidden_high_friction,0,0.17038260400295258,0.0,0.5122833251953125,-0.032522983849048615,0.5181950330734253,0.006818380206823349,0.0397830531001091,0.014858965761959553,0.03127741068601608,0.17038260400295258,0.0,0.5122833251953125,-0.032522983849048615,0.5181950330734253,0.006818380206823349,0.0397830531001091,0.12814076244831085,0.0,0.5291458368301392,0.0041917599737644196,0.5356881618499756,0.01216968148946762,0.010317424312233925,0.18179099261760712,0.0,0.527580201625824,0.008718693628907204,0.5468320250511169,0.016683824360370636,0.020834490656852722,phase3_10b_future_rollout_audit_no_phase4_no_cps
old_state_action,hidden_breakaway_pin,310001,1,0,0.0,0.2916666666666667,0.2916666666666667,0,0.2916666666666667,nan,nan,0.018772993236780167,0.03930429741740227,0.45563045144081116,0.04353770241141319,0.019652144983410835,hidden_high_friction,0,0.5739938020706177,0.0,0.6207457780838013,-0.3529506027698517,0.4550488591194153,0.08292512595653534,0.46630796790122986,nan,nan,0.5739938020706177,0.0,0.6207457780838013,-0.3529506027698517,0.4550488591194153,0.08292512595653534,0.46630796790122986,0.5195227265357971,0.0,0.6235487461090088,-0.36355796456336975,0.49466198682785034,0.0654684454202652,0.44796815514564514,0.5112826824188232,0.0,0.6299281120300293,-0.37084946036338806,0.5044191479682922,0.07763226330280304,0.4657127559185028,phase3_10b_future_rollout_audit_no_phase4_no_cps
old_state_action,hidden_breakaway_pin,310001,1,1,0.2916666666666667,0.2916666666666667,0.0,0,0.0,nan,nan,0.11614114046096802,0.028764361515641212,0.4611375033855438,0.07085326313972473,0.03379134461283684,hidden_high_friction,0,0.31922706961631775,0.0,0.5670812726020813,-0.15098978579044342,0.4730641543865204,-0.053929734975099564,0.13512909412384033,0.20896901190280914,0.13803552091121674,0.31922706961631775,0.0,0.5670812726020813,-0.15098978579044342,0.4730641543865204,-0.053929734975099564,0.13512909412384033,0.2992766499519348,0.0,0.5680012106895447,-0.18694427609443665,0.47860369086265564,0.04113893210887909,0.24497728049755096,0.2914166748523712,0.0,0.5808696150779724,-0.12692232429981232,0.46618345379829407,0.03280675411224365,0.19663746654987335,phase3_10b_future_rollout_audit_no_phase4_no_cps
old_state_action,hidden_breakaway_pin,310001,1,2,0.2916666666666667,0.2916666666666667,0.0,0,0.0,nan,nan,0.09799176454544067,0.028990302234888077,0.45969921350479126,0.06514202058315277,0.03118431568145752,hidden_high_friction,0,0.09198562055826187,0.0,0.5423262715339661,-0.09559786319732666,0.4811301529407501,-0.032737839967012405,0.0877288281917572,0.060671862214803696,0.02267502434551716,0.09198562055826187,0.0,0.5423262715339661,-0.09559786319732666,0.4811301529407501,-0.032737839967012405,0.0877288281917572,0.20204320549964905,0.0,0.5448284149169922,-0.05694546550512314,0.46393680572509766,0.0054093413054943085,0.1021350771188736,0.26490265130996704,0.0,0.5541384220123291,-0.05988883227109909,0.46370357275009155,0.0057131387293338776,0.11172323673963547,phase3_10b_future_rollout_audit_no_phase4_no_cps
old_state_action,hidden_breakaway_pin,310001,1,3,0.2916666666666667,0.25,-0.041666666666666685,0,-0.041666666666666685,nan,nan,0.042588673532009125,0.029858412221074104,0.45847055315971375,0.06843998283147812,0.03389508277177811,hidden_high_friction,0,0.27788203954696655,0.0,0.565675675868988,-0.0685889720916748,0.5313072800636292,0.00628567673265934,0.08238567411899567,0.03570258989930153,0.06356555223464966,0.27788203954696655,0.0,0.565675675868988,-0.0685889720916748,0.5313072800636292,0.00628567673265934,0.08238567411899567,0.22156588733196259,0.0,0.5532538890838623,-0.001858232542872429,0.5069645047187805,0.02283375710248947,0.052463334053754807,0.288239449262619,0.0,0.5469116568565369,-0.00512159988284111,0.5310786962509155,0.02095465362071991,0.030506616458296776,phase3_10b_future_rollout_audit_no_phase4_no_cps
old_state_action,hidden_breakaway_pin,310001,1,4,0.25,0.0,-0.25,0,-0.25,nan,nan,0.05372227355837822,0.03971286118030548,0.4590283930301666,0.04390058293938637,0.02253219485282898,hidden_breakaway_pin,1,0.1681194305419922,0.0,0.5335074663162231,-0.03190916031599045,0.4912669062614441,-0.005490042269229889,0.04982203245162964,0.04878731817007065,0.04173606261610985,0.1681194305419922,0.0,0.5335074663162231,-0.03190916031599045,0.4912669062614441,-0.005490042269229889,0.04982203245162964,0.08642575889825821,0.0,0.5325986742973328,0.026999322697520256,0.48633715510368347,0.0003593023866415024,0.05338369309902191,0.16527926921844482,0.0,0.533120334148407,0.003182036802172661,0.5100313425064087,0.000263286754488945,0.023272745311260223,phase3_10b_future_rollout_audit_no_phase4_no_cps
old_state_action,hidden_breakaway_pin,310001,1,5,0.0,0.0,0.0,0,0.0,nan,nan,0.04974956065416336,0.038900818675756454,0.4603281617164612,0.047611385583877563,0.025122543796896935,hidden_breakaway_pin,1,0.19994968175888062,0.0,0.5014698505401611,-0.005529589951038361,0.4901706278324127,-0.008753160014748573,0.011750057339668274,0.04150049015879631,0.0034423486795276403,0.19994968175888062,0.0,0.5014698505401611,-0.005529589951038361,0.4901706278324127,-0.008753160014748573,0.011750057339668274,0.08713649958372116,0.0,0.5266766548156738,0.014211433008313179,0.5137550234794617,-0.015390668995678425,0.032299429178237915,0.11983408033847809,0.0,0.5049818754196167,0.004342019557952881,0.5228550434112549,-0.012258142232894897,0.02439293824136257,phase3_10b_future_rollout_audit_no_phase4_no_cps
old_state_action,hidden_breakaway_pin,310001,1,6,0.0,0.0,0.0,0,0.0,nan,nan,0.04308648407459259,0.039445843547582626,0.4605235159397125,0.045160844922065735,0.023531779646873474,hidden_breakaway_pin,1,0.13273665308952332,0.0,0.5006081461906433,-0.0031219162046909332,0.4923945963382721,-0.0031527969986200333,0.008213607594370842,0.0025572304148226976,0.0060257865116000175,0.13273665308952332,0.0,0.5006081461906433,-0.0031219162046909332,0.4923945963382721,-0.0031527969986200333,0.008213607594370842,0.10016769915819168,0.0,0.5268488526344299,0.0013800784945487976,0.5124699473381042,-0.0029883552342653275,0.015027845278382301,0.10965435206890106,0.0,0.515529453754425,-0.0011849906295537949,0.5150284767150879,0.002079591155052185,0.0033027976751327515,phase3_10b_future_rollout_audit_no_phase4_no_cps
old_state_action,hidden_breakaway_pin,310001,1,7,0.0,0.0,0.0,0,0.0,nan,nan,0.044771142303943634,0.03977327048778534,0.4532240629196167,0.042653415352106094,0.01896553300321102,hidden_high_friction,0,0.14578935503959656,0.0,0.506906270980835,0.0023528635501861572,0.5027711987495422,-0.015933405607938766,0.018747972324490547,0.008345033973455429,0.016462618485093117,0.14578935503959656,0.0,0.506906270980835,0.0023528635501861572,0.5027711987495422,-0.015933405607938766,0.018747972324490547,0.14708970487117767,0.0,0.5367674231529236,0.02673783339560032,0.5290758013725281,0.023198846727609634,0.00846672710031271,0.16645313799381256,0.0,0.5249915719032288,0.0262677650898695,0.5437875390052795,0.02805035188794136,0.01888030767440796,phase3_10b_future_rollout_audit_no_phase4_no_cps
old_state_action,hidden_breakaway_pin,310001,1,8,0.0,0.0,0.0,0,0.0,nan,nan,0.04452994465827942,0.039587873965501785,0.45705100893974304,0.04287129268050194,0.01849060319364071,hidden_high_friction,0,0.10138028115034103,0.0,0.5140668153762817,-0.002133019268512726,0.5121180415153503,-0.03553038090467453,0.03345416858792305,0.008449647575616837,0.021711861714720726,0.10138028115034103,0.0,0.5140668153762817,-0.002133019268512726,0.5121180415153503,-0.03553038090467453,0.03345416858792305,0.1913680136203766,0.0,0.5353825092315674,0.01428942196071148,0.5448135733604431,-0.012783369049429893,0.028668466955423355,0.1724897027015686,0.0,0.5226597785949707,0.010866930708289146,0.5553728938102722,-0.008110547438263893,0.037819210439920425,phase3_10b_future_rollout_audit_no_phase4_no_cps
old_state_action,hidden_breakaway_pin,310001,1,9,0.0,0.0,0.0,0,0.0,nan,nan,0.04190409928560257,0.040021657943725586,0.4547802805900574,0.04321850836277008,0.01904979906976223,hidden_high_friction,0,0.12423428893089294,0.0,0.5092772245407104,0.0035991109907627106,0.5086860060691833,-0.022010747343301773,0.025616681203246117,0.007469772361218929,0.013948453590273857,0.12423428893089294,0.0,0.5092772245407104,0.0035991109907627106,0.5086860060691833,-0.022010747343301773,0.025616681203246117,0.14007610082626343,0.0,0.5285980701446533,0.01045629195868969,0.5378067493438721,-0.0069101732224226,0.01965690404176712,0.1550341248512268,0.0,0.5252560973167419,0.007755424827337265,0.5528586506843567,-0.000904519110918045,0.028929147869348526,phase3_10b_future_rollout_audit_no_phase4_no_cps
old_state_action,hidden_breakaway_pin,310001,1,10,0.0,0.0,0.0,0,0.0,nan,nan,0.04338213801383972,0.03951974958181381,0.4610288441181183,0.04426917806267738,0.023690536618232727,hidden_breakaway_pin,1,0.15995050966739655,0.0,0.5062536597251892,-0.0030227117240428925,0.50710129737854,-0.049464840441942215,0.04644986242055893,0.007279456127434969,0.027499791234731674,0.15995050966739655,0.0,0.5062536597251892,-0.0030227117240428925,0.50710129737854,-0.049464840441942215,0.04644986242055893,0.12728659808635712,0.0,0.5213804244995117,-0.007823496125638485,0.5308377742767334,-0.06508346647024155,0.058035727590322495,0.11123815178871155,0.0,0.5082879066467285,-0.017680129036307335,0.5322046279907227,-0.057667650282382965,0.04659410938620567,phase3_10b_future_rollout_audit_no_phase4_no_cps
old_state_action,hidden_breakaway_pin,310001,1,11,0.0,0.0,0.0,0,0.0,nan,nan,0.044078655540943146,0.03934489190578461,0.45395511388778687,0.039841536432504654,0.01827298291027546,hidden_high_friction,0,0.19125312566757202,0.0,0.4978139102458954,0.01786656305193901,0.5005972385406494,0.006820982322096825,0.011390863917768002,0.022529784590005875,0.05666036158800125,0.19125312566757202,0.0,0.4978139102458954,0.01786656305193901,0.5005972385406494,0.006820982322096825,0.011390863917768002,0.11141092330217361,0.0,0.5314931273460388,0.01954362355172634,0.5247258543968201,0.005477797240018845,0.015609082765877247,0.16425754129886627,0.0,0.5098601579666138,0.0193376075476408,0.5424447059631348,0.0019596442580223083,0.0369289368391037,phase3_10b_future_rollout_audit_no_phase4_no_cps
old_state_action,hidden_breakaway_pin,310001,1,12,0.0,0.0,0.0,0,0.0,nan,nan,0.04275946319103241,0.040209077298641205,0.4542994499206543,0.039956193417310715,0.01807810179889202,hidden_high_friction,0,0.12983489036560059,0.0,0.5013250708580017,0.000731002539396286,0.5000529885292053,-0.014722345396876335,0.015505616553127766,0.01749158836901188,0.021550200879573822,0.12983489036560059,0.0,0.5013250708580017,0.000731002539396286,0.5000529885292053,-0.014722345396876335,0.015505616553127766,0.10145539790391922,0.0,0.5221482515335083,0.0011915117502212524,0.5225405097007751,-0.005788816139101982,0.006991340778768063,0.12404481321573257,0.0,0.509412944316864,-0.0005880985409021378,0.5363174676895142,-0.014672549441456795,0.03036816045641899,phase3_10b_future_rollout_audit_no_phase4_no_cps
old_state_action,hidden_breakaway_pin,310001,1,13,0.0,0.0,0.0,0,0.0,nan,nan,0.04222700372338295,0.0391545295715332,0.4596424102783203,0.048157162964344025,0.02450956590473652,hidden_breakaway_pin,1,0.19906465709209442,0.0,0.4925006926059723,-0.008747510612010956,0.49116671085357666,-0.026802198961377144,0.01810390129685402,0.012950361706316471,0.014996293000876904,0.19906465709209442,0.0,0.4925006926059723,-0.008747510612010956,0.49116671085357666,-0.026802198961377144,0.01810390129685402,0.08211835473775864,0.0,0.5081206560134888,-0.033921461552381516,0.5083178877830505,-0.05576205626130104,0.021841485053300858,0.12422583252191544,0.0,0.49465784430503845,-0.02549760229885578,0.5207642912864685,-0.05222795903682709,0.037363868206739426,phase3_10b_future_rollout_audit_no_phase4_no_cps
old_state_action,hidden_breakaway_pin,310001,1,14,0.0,0.0,0.0,0,0.0,nan,nan,0.03937019407749176,0.03895581141114235,0.45577746629714966,0.04432906210422516,0.02008785866200924,hidden_high_friction,0,0.15645389258861542,0.0,0.4978789985179901,0.00021316111087799072,0.49604693055152893,-0.0012408271431922913,0.002338921884074807,0.010450828820466995,0.026023071259260178,0.15645389258861542,0.0,0.4978789985179901,0.00021316111087799072,0.49604693055152893,-0.0012408271431922913,0.002338921884074807,0.09573644399642944,0.0,0.5199428200721741,0.014668228104710579,0.5229143500328064,0.0030178502202033997,0.012023364193737507,0.1462687999010086,0.0,0.5076706409454346,0.01836511306464672,0.5395339727401733,0.007067006081342697,0.03380708768963814,phase3_10b_future_rollout_audit_no_phase4_no_cps
old_state_action,hidden_breakaway_pin,310001,1,15,0.0,0.0,0.0,0,0.0,nan,nan,0.04337473586201668,0.03893294930458069,0.4575085937976837,0.04490988701581955,0.02093997597694397,hidden_breakaway_pin,1,0.15562589466571808,0.0,0.4944505989551544,-0.0073507558554410934,0.48227956891059875,-0.01569608598947525,0.014757320284843445,0.008304622955620289,0.019962333142757416,0.15562589466571808,0.0,0.4944505989551544,-0.0073507558554410934,0.48227956891059875,-0.01569608598947525,0.014757320284843445,0.06724169850349426,0.0,0.5100731253623962,0.0014620069414377213,0.5068020820617676,-0.0012763161212205887,0.004265927709639072,0.125310480594635,0.0,0.508937656879425,-0.0052475109696388245,0.5315824747085571,-0.013911442831158638,0.024245649576187134,phase3_10b_future_rollout_audit_no_phase4_no_cps
old_state_action,hidden_breakaway_pin,310002,2,0,0.0,0.0,0.0,0,0.0,nan,nan,0.050738539546728134,0.03803147003054619,0.453357070684433,0.04859543964266777,0.02222726307809353,hidden_high_friction,0,0.8992362022399902,0.0,0.3085182309150696,0.42239782214164734,0.5101409554481506,-0.08972068876028061,0.5503790974617004,nan,nan,0.8992362022399902,0.0,0.3085182309150696,0.42239782214164734,0.5101409554481506,-0.08972068876028061,0.5503790974617004,0.7750601768493652,0.0,0.32120490074157715,0.4734208285808563,0.5601111054420471,-0.027751702815294266,0.5552027821540833,0.8039807677268982,0.0,0.2983168959617615,0.43518656492233276,0.5664453506469727,-0.06944254040718079,0.571439802646637,phase3_10b_future_rollout_audit_no_phase4_no_cps
old_state_action,hidden_breakaway_pin,310002,2,1,0.0,0.0,0.0,0,0.0,nan,nan,0.13965848088264465,0.03766961768269539,0.44902822375297546,0.046030282974243164,0.02073223702609539,hidden_high_friction,0,0.9222008585929871,0.0,0.31676632165908813,0.4169832766056061,0.5175039768218994,-0.08106469362974167,0.5369798541069031,0.009866524487733841,0.011363992467522621,0.9222008585929871,0.0,0.31676632165908813,0.4169832766056061,0.5175039768218994,-0.08106469362974167,0.5369798541069031,0.8305765986442566,0.0,0.32405877113342285,0.510998547077179,0.5584986805915833,-0.05593543127179146,0.6134950518608093,0.7880890369415283,0.0,0.3118612766265869,0.45134437084198,0.5756975412368774,-0.08283472061157227,0.5957825779914856,phase3_10b_future_rollout_audit_no_phase4_no_cps
old_state_action,hidden_breakaway_pin,310002,2,2,0.0,0.0,0.0,0,0.0,nan,nan,0.1414974480867386,0.038080088794231415,0.4543694853782654,0.04745383560657501,0.022222815081477165,hidden_high_friction,0,1.1279401779174805,0.07142857142857142,0.3310297727584839,0.41322600841522217,0.5905174016952515,-0.08231361955404282,0.5593687295913696,0.014750020578503609,0.07302410900592804,1.1279401779174805,0.07142857142857142,0.3310297727584839,0.41322600841522217,0.5905174016952515,-0.08231361955404282,0.5593687295913696,0.8759996891021729,0.0,0.3136513829231262,0.4968256950378418,0.589141845703125,0.005584020167589188,0.5632169842720032,0.7832062244415283,0.0,0.31866881251335144,0.4310079514980316,0.6069582104682922,-0.037557799369096756,0.55014967918396,phase3_10b_future_rollout_audit_no_phase4_no_cps
old_state_action,hidden_breakaway_pin,310002,2,3,0.0,0.0,0.0,0,0.0,nan,nan,0.14427997171878815,0.038844019174575806,0.4529849588871002,0.04553849622607231,0.021140821278095245,hidden_high_friction,0,1.1139287948608398,0.07142857142857142,0.33523622155189514,0.37183213233947754,0.5746791362762451,-0.0656948983669281,0.49876129627227783,0.04160705581307411,0.02295718900859356,1.1139287948608398,0.07142857142857142,0.33523622155189514,0.37183213233947754,0.5746791362762451,-0.0656948983669281,0.49876129627227783,0.9079314470291138,0.0,0.29836976528167725,0.46900883316993713,0.5419667959213257,0.0031196437776088715,0.5257301926612854,0.7681789398193359,0.0,0.30795347690582275,0.39819657802581787,0.5717576146125793,-0.026612212881445885,0.5000551342964172,phase3_10b_future_rollout_audit_no_phase4_no_cps
old_state_action,hidden_breakaway_pin,310002,2,4,0.0,0.0,0.0,0,0.0,nan,nan,0.14281783998012543,0.03788267821073532,0.45486414432525635,0.04916580393910408,0.02577003464102745,hidden_breakaway_pin,1,1.1058827638626099,0.07142857142857142,0.3426154851913452,0.3883727192878723,0.5862978100776672,-0.10664211213588715,0.5517433881759644,0.018112000077962875,0.04256369173526764,1.1058827638626099,0.07142857142857142,0.3426154851913452,0.3883727192878723,0.5862978100776672,-0.10664211213588715,0.5517433881759644,0.9017447829246521,0.0,0.3016049861907959,0.5065538287162781,0.5356215834617615,-0.04637407138943672,0.6004106998443604,0.7717515826225281,0.0,0.308251291513443,0.4089362323284149,0.5638436079025269,-0.06544622778892517,0.5388563275337219,phase3_10b_future_rollout_audit_no_phase4_no_cps
old_state_action,hidden_breakaway_pin,310002,2,5,0.0,0.0,0.0,0,0.0,nan,nan,0.14171069860458374,0.03813677653670311,0.4564039409160614,0.04583880677819252,0.020947353914380074,hidden_high_friction,0,1.099725604057312,0.07142857142857142,0.34082067012786865,0.37340423464775085,0.5721901655197144,-0.10288527607917786,0.5295125842094421,0.015075705014169216,0.014599296264350414,1.099725604057312,0.07142857142857142,0.34082067012786865,0.37340423464775085,0.5721901655197144,-0.10288527607917786,0.5295125842094421,0.8943995237350464,0.0,0.30585578083992004,0.4925156831741333,0.5495849251747131,-0.02249334566295147,0.569770336151123,0.7721021175384521,0.0,0.30989524722099304,0.40821096301078796,0.5724698305130005,-0.05700795724987984,0.5342041254043579,phase3_10b_future_rollout_audit_no_phase4_no_cps
old_state_action,hidden_breakaway_pin,310002,2,6,0.0,0.0,0.0,0,0.0,nan,nan,0.14078129827976227,0.031414616852998734,0.4577387273311615,0.0642208456993103,0.03043629601597786,hidden_high_friction,0,0.950133740901947,0.0,0.3546064496040344,0.3564913868904114,0.6021645665168762,-0.08444266021251678,0.5056756734848022,0.02181953564286232,0.03519367426633835,0.950133740901947,0.0,0.3546064496040344,0.3564913868904114,0.6021645665168762,-0.08444266021251678,0.5056756734848022,0.8946869969367981,0.0,0.2995108366012573,0.4870317578315735,0.5448850393295288,-0.059724725782871246,0.5992922186851501,0.7774553894996643,0.0,0.31358641386032104,0.39563292264938354,0.5948507785797119,-0.0771617516875267,0.5501313209533691,phase3_10b_future_rollout_audit_no_phase4_no_cps
old_state_action,hidden_breakaway_pin,310002,2,7,0.0,0.0,0.0,0,0.0,nan,nan,0.1402432769536972,0.03016703575849533,0.4632491171360016,0.06396973878145218,0.03119869902729988,hidden_high_friction,0,1.1292412281036377,0.07142857142857142,0.3487885892391205,0.37277665734291077,0.6120957136154175,-0.16154995560646057,0.5956807732582092,0.017293279990553856,0.07774420827627182,1.1292412281036377,0.07142857142857142,0.3487885892391205,0.37277665734291077,0.6120957136154175,-0.16154995560646057,0.5956807732582092,1.005395770072937,0.0,0.3019907474517822,0.5010477304458618,0.5456189513206482,-0.07019788026809692,0.6210283637046814,0.8843508958816528,0.0,0.306595116853714,0.4000665545463562,0.5627837181091309,-0.12208989262580872,0.5816184282302856,phase3_10b_future_rollout_audit_no_phase4_no_cps
old_state_action,hidden_breakaway_pin,310002,2,8,0.0,0.0,0.0,0,0.0,nan,nan,0.14006857573986053,0.03113899938762188,0.4610272943973541,0.061950523406267166,0.03076796978712082,hidden_high_friction,0,1.0721734762191772,0.0,0.30609190464019775,0.3497106432914734,0.5368907451629639,-0.08944018930196762,0.49610641598701477,0.04852883517742157,0.10419023782014847,1.0721734762191772,0.0,0.30609190464019775,0.3497106432914734,0.5368907451629639,-0.08944018930196762,0.49610641598701477,1.0067405700683594,0.0,0.2816612720489502,0.48230600357055664,0.49147841334342957,-0.07795213162899017,0.598257839679718,0.8101279139518738,0.0,0.30530983209609985,0.3814084827899933,0.5178540945053101,-0.10282357037067413,0.5288248658180237,phase3_10b_future_rollout_audit_no_phase4_no_cps
old_state_action,hidden_breakaway_pin,310002,2,9,0.0,0.0,0.0,0,0.0,nan,nan,0.14209911227226257,0.03708445280790329,0.456926554441452,0.050112463533878326,0.02546827122569084,hidden_breakaway_pin,1,1.121047019958496,0.07142857142857142,0.33674848079681396,0.3845195174217224,0.5827159881591797,-0.1386723816394806,0.5781261324882507,0.04638408496975899,0.06725891679525375,1.121047019958496,0.07142857142857142,0.33674848079681396,0.3845195174217224,0.5827159881591797,-0.1386723816394806,0.5781261324882507,0.8856449723243713,0.0,0.30553025007247925,0.5059581995010376,0.5382252931594849,-0.06323970854282379,0.6149253845214844,0.7696920037269592,0.0,0.31445008516311646,0.4173944294452667,0.5572266578674316,-0.07920849323272705,0.5527702569961548,phase3_10b_future_rollout_audit_no_phase4_no_cps
old_state_action,hidden_breakaway_pin,310002,2,10,0.0,0.0,0.0,0,0.0,nan,nan,0.14273898303508759,0.03777218610048294,0.4530583918094635,0.04444129392504692,0.020789606496691704,hidden_high_friction,0,1.093289852142334,0.0,0.3394063711166382,0.3701012432575226,0.5743995904922485,-0.05331149697303772,0.4842521548271179,0.014661207795143127,0.0857650488615036,1.093289852142334,0.0,0.3394063711166382,0.3701012432575226,0.5743995904922485,-0.05331149697303772,0.4842521548271179,0.8863496780395508,0.0,0.29386183619499207,0.4811866879463196,0.5388438701629639,-0.00857359729707241,0.5476142168045044,0.7660402059555054,0.0,0.30457401275634766,0.3980596959590912,0.5656850337982178,-0.03875349834561348,0.5089054107666016,phase3_10b_future_rollout_audit_no_phase4_no_cps
old_state_action,hidden_breakaway_pin,310002,2,11,0.0,0.0,0.0,0,0.0,nan,nan,0.14173686504364014,0.039311930537223816,0.45092713832855225,0.0400550439953804,0.0192857813090086,hidden_high_friction,0,1.1186238527297974,0.07142857142857142,0.3470921516418457,0.37591928243637085,0.6063903570175171,-0.08373145014047623,0.5277445912361145,0.009639543481171131,0.044145017862319946,1.1186238527297974,0.07142857142857142,0.3470921516418457,0.37591928243637085,0.6063903570175171,-0.08373145014047623,0.5277445912361145,0.9099159836769104,0.0,0.29999616742134094,0.48420536518096924,0.5659379363059998,-0.0132937952876091,0.5641191601753235,0.776183009147644,0.0,0.3113137483596802,0.40989625453948975,0.5962257385253906,-0.03843771293759346,0.5312044620513916,phase3_10b_future_rollout_audit_no_phase4_no_cps
old_state_action,hidden_breakaway_pin,310002,2,12,0.0,0.0,0.0,0,0.0,nan,nan,0.1410699337720871,0.03810250759124756,0.45703428983688354,0.05111866444349289,0.02238873392343521,hidden_high_friction,0,1.1212968826293945,0.07142857142857142,0.3256896138191223,0.37432074546813965,0.5720004439353943,-0.11974294483661652,0.5520579218864441,0.021462151780724525,0.0497945174574852,1.1212968826293945,0.07142857142857142,0.3256896138191223,0.37432074546813965,0.5720004439353943,-0.11974294483661652,0.5520579218864441,0.9043704867362976,0.0,0.2960057854652405,0.4817836284637451,0.5279621481895447,-0.06377048790454865,0.5928178429603577,0.7795708179473877,0.0,0.30820751190185547,0.4086124002933502,0.5593834519386292,-0.084239661693573,0.5531659126281738,phase3_10b_future_rollout_audit_no_phase4_no_cps
old_state_action,hidden_breakaway_pin,310002,2,13,0.0,0.0,0.0,0,0.0,nan,nan,0.14148816466331482,0.0381363146007061,0.45324522256851196,0.044663671404123306,0.021347060799598694,hidden_high_friction,0,1.1277261972427368,0.07142857142857142,0.3312636911869049,0.38737040758132935,0.5860293507575989,-0.07887057960033417,0.5313061475753784,0.014190278947353363,0.04321296513080597,1.1277261972427368,0.07142857142857142,0.3312636911869049,0.38737040758132935,0.5860293507575989,-0.07887057960033417,0.5313061475753784,0.875539243221283,0.0,0.2981419563293457,0.48292458057403564,0.5457432866096497,-0.006635803729295731,0.5486125946044922,0.7814626693725586,0.0,0.2987639904022217,0.4133664667606354,0.5682772397994995,-0.027385450899600983,0.516623318195343,phase3_10b_future_rollout_audit_no_phase4_no_cps
old_state_action,hidden_breakaway_pin,310002,2,14,0.0,0.0,0.0,0,0.0,nan,nan,0.1422058492898941,0.03782442957162857,0.45424336194992065,0.04651855677366257,0.02171602100133896,hidden_high_friction,0,1.1411441564559937,0.07142857142857142,0.3300364315509796,0.381557434797287,0.5659200549125671,-0.09710665047168732,0.5336294770240784,0.0059411125257611275,0.027146603912115097,1.1411441564559937,0.07142857142857142,0.3300364315509796,0.381557434797287,0.5659200549125671,-0.09710665047168732,0.5336294770240784,0.8818473815917969,0.0,0.30358874797821045,0.4850192666053772,0.5245049595832825,-0.014204658567905426,0.5459198355674744,0.762097954750061,0.0,0.3172498941421509,0.40189674496650696,0.5442748069763184,-0.042817629873752594,0.499310702085495,phase3_10b_future_rollout_audit_no_phase4_no_cps
old_state_action,hidden_breakaway_pin,310002,2,15,0.0,0.0,0.0,0,0.0,nan,nan,0.14269204437732697,0.03785314783453941,0.4542008340358734,0.046172454953193665,0.021885717287659645,hidden_high_friction,0,1.1115525960922241,0.07142857142857142,0.3435620665550232,0.3750970959663391,0.6020047068595886,-0.08994898200035095,0.5320342779159546,0.01498928852379322,0.036787692457437515,1.1115525960922241,0.07142857142857142,0.3435620665550232,0.3750970959663391,0.6020047068595886,-0.08994898200035095,0.5320342779159546,0.9110640287399292,0.0,0.29615843296051025,0.49192845821380615,0.5527200698852539,-0.007577370852231979,0.5615424513816833,0.8017911911010742,0.0,0.30440574884414673,0.4099927544593811,0.5855901837348938,-0.035701684653759,0.5269802808761597,phase3_10b_future_rollout_audit_no_phase4_no_cps
old_state_action,hidden_breakaway_pin,310003,3,0,0.0,0.0,0.0,0,0.0,nan,nan,0.022403834387660027,0.039095569401979446,0.4536278247833252,0.042715489864349365,0.017997734248638153,hidden_high_friction,0,0.732852041721344,0.0,0.31871694326400757,0.3244509994983673,0.5116034150123596,-0.08874882757663727,0.4560036063194275,nan,nan,0.732852041721344,0.0,0.31871694326400757,0.3244509994983673,0.5116034150123596,-0.08874882757663727,0.4560036063194275,0.6946359872817993,0.0,0.33801159262657166,0.39072340726852417,0.5512608885765076,-0.06995654106140137,0.5076428651809692,0.6662549376487732,0.0,0.3237760066986084,0.3534640967845917,0.5504348874092102,-0.0961977019906044,0.5035573244094849,phase3_10b_future_rollout_audit_no_phase4_no_cps
old_state_action,hidden_breakaway_pin,310003,3,1,0.0,0.0,0.0,0,0.0,nan,nan,0.11400814354419708,0.039261527359485626,0.45783481001853943,0.04648936539888382,0.02096436731517315,hidden_high_friction,0,0.7509822845458984,0.0,0.3288572430610657,0.34034672379493713,0.5343363881111145,-0.04996447265148163,0.44109463691711426,0.018854700028896332,0.04495569318532944,0.7509822845458984,0.0,0.3288572430610657,0.34034672379493713,0.5343363881111145,-0.04996447265148163,0.44109463691711426,0.7448749542236328,0.0,0.3394603729248047,0.42968985438346863,0.5652016401290894,-0.033082667738199234,0.5148956179618835,0.6971828937530518,0.0,0.3259233832359314,0.3843846321105957,0.5642790794372559,-0.04716365784406662,0.4929983615875244,phase3_10b_future_rollout_audit_no_phase4_no_cps
old_state_action,hidden_breakaway_pin,310003,3,2,0.0,0.0,0.0,0,0.0,nan,nan,0.11433996260166168,0.03946205601096153,0.45456868410110474,0.044905707240104675,0.023194696754217148,hidden_breakaway_pin,1,0.8561089038848877,0.0,0.3499491810798645,0.31419914960861206,0.5571693778038025,-0.06751908361911774,0.43433743715286255,0.033594127744436264,0.028801212087273598,0.8561089038848877,0.0,0.3499491810798645,0.31419914960861206,0.5571693778038025,-0.06751908361911774,0.43433743715286255,0.7589524984359741,0.0,0.3243314027786255,0.41751807928085327,0.5418305397033691,-0.015131689608097076,0.48424339294433594,0.6656246185302734,0.0,0.3329991102218628,0.35617610812187195,0.5626358985900879,-0.051441650837659836,0.46785175800323486,phase3_10b_future_rollout_audit_no_phase4_no_cps
old_state_action,hidden_breakaway_pin,310003,3,3,0.0,0.0,0.0,0,0.0,nan,nan,0.11726369708776474,0.038201868534088135,0.45686498284339905,0.04931829497218132,0.025566602125763893,hidden_breakaway_pin,1,0.9044156670570374,0.0,0.3720409572124481,0.30016088485717773,0.5751173496246338,-0.10758660733699799,0.45551952719688416,0.026174787431955338,0.043903712183237076,0.9044156670570374,0.0,0.3720409572124481,0.30016088485717773,0.5751173496246338,-0.10758660733699799,0.45551952719688416,0.7780277132987976,0.0,0.32921475172042847,0.42553237080574036,0.5287497043609619,-0.05226512998342514,0.5177882313728333,0.6563205122947693,0.0,0.3398028016090393,0.3390454947948456,0.5509589910507202,-0.07737709581851959,0.4668990671634674,phase3_10b_future_rollout_audit_no_phase4_no_cps
old_state_action,hidden_breakaway_pin,310003,3,4,0.0,0.0,0.0,0,0.0,nan,nan,0.11500474810600281,0.038719553500413895,0.45818784832954407,0.04580311477184296,0.020661495625972748,hidden_high_friction,0,0.9426875114440918,0.0,0.3652377724647522,0.3027767837047577,0.5709143877029419,-0.08029448986053467,0.43479475378990173,0.007288775406777859,0.027613846585154533,0.9426875114440918,0.0,0.3652377724647522,0.3027767837047577,0.5709143877029419,-0.08029448986053467,0.43479475378990173,0.7857162356376648,0.0,0.32734689116477966,0.41591015458106995,0.5403789281845093,-0.013422936201095581,0.4792802333831787,0.6551701426506042,0.0,0.3367363214492798,0.33996066451072693,0.5581624507904053,-0.03863668814301491,0.43859490752220154,phase3_10b_future_rollout_audit_no_phase4_no_cps
old_state_action,hidden_breakaway_pin,310003,3,5,0.0,0.0,0.0,0,0.0,nan,nan,0.11378276348114014,0.0391453355550766,0.44976547360420227,0.04365243390202522,0.01984121836721897,hidden_high_friction,0,0.9326611161231995,0.0,0.36681291460990906,0.3109357953071594,0.5872307419776917,-0.06789015233516693,0.4382842779159546,0.008309665136039257,0.020496122539043427,0.9326611161231995,0.0,0.36681291460990906,0.3109357953071594,0.5872307419776917,-0.06789015233516693,0.4382842779159546,0.7798394560813904,0.0,0.3170728087425232,0.41068270802497864,0.5683519840240479,0.010153930634260178,0.47282612323760986,0.6874830722808838,0.0,0.32640594244003296,0.3527103066444397,0.588481605052948,-0.017031598836183548,0.4532027542591095,phase3_10b_future_rollout_audit_no_phase4_no_cps
old_state_action,hidden_breakaway_pin,310003,3,6,0.0,0.0,0.0,0,0.0,nan,nan,0.11341048777103424,0.03860325738787651,0.45338761806488037,0.04425208643078804,0.020182162523269653,hidden_high_friction,0,0.9971336126327515,0.0,0.35914096236228943,0.3165818452835083,0.5895691514015198,-0.0833127573132515,0.46153315901756287,0.009525583125650883,0.015598875470459461,0.9971336126327515,0.0,0.35914096236228943,0.3165818452835083,0.5895691514015198,-0.0833127573132515,0.46153315901756287,0.8116958141326904,0.0,0.3208058476448059,0.41292285919189453,0.5724309086799622,-0.017022617161273956,0.49816492199897766,0.6940680742263794,0.0,0.33265361189842224,0.35933917760849,0.5913196802139282,-0.04056748375296593,0.4762703776359558,phase3_10b_future_rollout_audit_no_phase4_no_cps
old_state_action,hidden_breakaway_pin,310003,3,7,0.0,0.0,0.0,0,0.0,nan,nan,0.11381375789642334,0.038066331297159195,0.45050087571144104,0.04484492540359497,0.020853547379374504,hidden_high_friction,0,0.9736050367355347,0.0,0.36273670196533203,0.3142426609992981,0.5928547382354736,-0.08834191411733627,0.46371182799339294,0.004289653152227402,0.006007287185639143,0.9736050367355347,0.0,0.36273670196533203,0.3142426609992981,0.5928547382354736,-0.08834191411733627,0.46371182799339294,0.7981330752372742,0.0,0.31649094820022583,0.4114740788936615,0.5811800956726074,-0.029239170253276825,0.5140900015830994,0.6946358680725098,0.0,0.3302544057369232,0.3421327769756317,0.6130558848381042,-0.04326312243938446,0.4780237078666687,phase3_10b_future_rollout_audit_no_phase4_no_cps
old_state_action,hidden_breakaway_pin,310003,3,8,0.0,0.0,0.0,0,0.0,nan,nan,0.11406546831130981,0.03823232278227806,0.45807236433029175,0.04758329689502716,0.0251463670283556,hidden_breakaway_pin,1,0.9753580093383789,0.0,0.36002129316329956,0.3144253194332123,0.5859568119049072,-0.12681320309638977,0.4957199692726135,0.002721545286476612,0.039084795862436295,0.9753580093383789,0.0,0.36002129316329956,0.3144253194332123,0.5859568119049072,-0.12681320309638977,0.4957199692726135,0.8004661202430725,0.0,0.3216976523399353,0.4339410066604614,0.5565831661224365,-0.081576406955719,0.5665063261985779,0.691807746887207,0.0,0.3324442207813263,0.3589615523815155,0.5762612223625183,-0.09345460683107376,0.513933002948761,phase3_10b_future_rollout_audit_no_phase4_no_cps
old_state_action,hidden_breakaway_pin,310003,3,9,0.0,0.0,0.0,0,0.0,nan,nan,0.11466093361377716,0.038369644433259964,0.45192500948905945,0.044138871133327484,0.020484089851379395,hidden_high_friction,0,0.9766165614128113,0.0,0.36240047216415405,0.30887898802757263,0.5950905084609985,-0.04114300757646561,0.420309454202652,0.006035087630152702,0.0861557126045227,0.9766165614128113,0.0,0.36240047216415405,0.30887898802757263,0.5950905084609985,-0.04114300757646561,0.420309454202652,0.783787190914154,0.0,0.3181353509426117,0.41043272614479065,0.5594303607940674,-0.019885195419192314,0.49335259199142456,0.6890718340873718,0.0,0.32488584518432617,0.34163522720336914,0.5829107165336609,-0.03356471285223961,0.45535901188850403,phase3_10b_future_rollout_audit_no_phase4_no_cps
old_state_action,hidden_breakaway_pin,310003,3,10,0.0,0.0,0.0,0,0.0,nan,nan,0.11441372334957123,0.03914975747466087,0.45153430104255676,0.042161937803030014,0.01940988190472126,hidden_high_friction,0,0.9677602052688599,0.0,0.35861843824386597,0.31150171160697937,0.584993839263916,-0.08302184194326401,0.4548567533493042,0.004602440632879734,0.04307875782251358,0.9677602052688599,0.0,0.35861843824386597,0.31150171160697937,0.584993839263916,-0.08302184194326401,0.4548567533493042,0.8207659721374512,0.0,0.3202456533908844,0.4201078712940216,0.5555896759033203,-0.021719271317124367,0.5005977153778076,0.6926890015602112,0.0,0.32984066009521484,0.3513736128807068,0.5758586525917053,-0.04262164235115051,0.4644966125488281,phase3_10b_future_rollout_audit_no_phase4_no_cps
old_state_action,hidden_breakaway_pin,310003,3,11,0.0,0.0,0.0,0,0.0,nan,nan,0.11450371146202087,0.038384485989809036,0.45599544048309326,0.050537873059511185,0.022147059440612793,hidden_high_friction,0,1.0166091918945312,0.0,0.342738538980484,0.3055088222026825,0.5720464587211609,-0.10362155735492706,0.4690093994140625,0.016973093152046204,0.02433069981634617,1.0166091918945312,0.0,0.342738538980484,0.3055088222026825,0.5720464587211609,-0.10362155735492706,0.4690093994140625,0.8164182305335999,0.0,0.3182198405265808,0.4075133204460144,0.5419597625732422,-0.059038907289505005,0.5174268484115601,0.6788254976272583,0.0,0.33824422955513,0.34728407859802246,0.5663110613822937,-0.08381955325603485,0.48771390318870544,phase3_10b_future_rollout_audit_no_phase4_no_cps
old_state_action,hidden_breakaway_pin,310003,3,12,0.0,0.0,0.0,0,0.0,nan,nan,0.11525030434131622,0.03787817433476448,0.45307254791259766,0.04456598684191704,0.020648803561925888,hidden_high_friction,0,1.00333571434021,0.0,0.3519977331161499,0.31568795442581177,0.5792851448059082,-0.06657975912094116,0.4447338283061981,0.013760356232523918,0.03774246200919151,1.00333571434021,0.0,0.3519977331161499,0.31568795442581177,0.5792851448059082,-0.06657975912094116,0.4447338283061981,0.7950197458267212,0.0,0.31721600890159607,0.4067877531051636,0.5557384490966797,-0.00980321504175663,0.4800426661968231,0.6929951310157776,0.0,0.3173164129257202,0.3419104516506195,0.5775177478790283,-0.021525945514440536,0.4469796121120453,phase3_10b_future_rollout_audit_no_phase4_no_cps
old_state_action,hidden_breakaway_pin,310003,3,13,0.0,0.0,0.0,0,0.0,nan,nan,0.11561029404401779,0.037854406982660294,0.45190897583961487,0.046459026634693146,0.020860251039266586,hidden_high_friction,0,0.9748860001564026,0.0,0.35983315110206604,0.3048938512802124,0.5742131471633911,-0.10121866315603256,0.4592234492301941,0.01333815697580576,0.0350082665681839,0.9748860001564026,0.0,0.35983315110206604,0.3048938512802124,0.5742131471633911,-0.10121866315603256,0.4592234492301941,0.7848057746887207,0.0,0.32346370816230774,0.4154491424560547,0.5430211424827576,-0.031734026968479156,0.49817490577697754,0.6606034636497498,0.0,0.33598315715789795,0.33208969235420227,0.5638196468353271,-0.05886833369731903,0.4525015354156494,phase3_10b_future_rollout_audit_no_phase4_no_cps
old_state_action,hidden_breakaway_pin,310003,3,14,0.0,0.0,0.0,0,0.0,nan,nan,0.11525198072195053,0.038800954818725586,0.4539341330528259,0.04399346187710762,0.019651401787996292,hidden_high_friction,0,0.9528096914291382,0.0,0.3628798723220825,0.30086198449134827,0.5889664888381958,-0.07640495896339417,0.4398244023323059,0.005053559318184853,0.028868339955806732,0.9528096914291382,0.0,0.3628798723220825,0.30086198449134827,0.5889664888381958,-0.07640495896339417,0.4398244023323059,0.7970848083496094,0.0,0.31485801935195923,0.4007933437824249,0.5682244896888733,-0.010874306783080101,0.48338887095451355,0.7067591547966003,0.0,0.3254019618034363,0.34365537762641907,0.5908972024917603,-0.04037681221961975,0.46687090396881104,phase3_10b_future_rollout_audit_no_phase4_no_cps
old_state_action,hidden_breakaway_pin,310003,3,15,0.0,0.0,0.0,0,0.0,nan,nan,0.11445914208889008,0.03799615800380707,0.45525774359703064,0.047866981476545334,0.02171766199171543,hidden_high_friction,0,0.9712529182434082,0.0,0.350303053855896,0.3007672131061554,0.5598440766334534,-0.08261261880397797,0.43690675497055054,0.012577175162732601,0.029776668176054955,0.9712529182434082,0.0,0.350303053855896,0.3007672131061554,0.5598440766334534,-0.08261261880397797,0.43690675497055054,0.7879183292388916,0.0,0.32756924629211426,0.41507938504219055,0.5273639559745789,-0.0275593139231205,0.4856407642364502,0.6483153104782104,0.0,0.3324734568595886,0.33226487040519714,0.5451794266700745,-0.04616697132587433,0.43411344289779663,phase3_10b_future_rollout_audit_no_phase4_no_cps
old_state_action,hidden_high_friction,310000,0,0,0.0,0.0,0.0,0,0.0,nan,nan,0.013453562743961811,0.03446747362613678,0.4561556875705719,0.05650601163506508,0.025972122326493263,hidden_high_friction,1,0.23262161016464233,0.0,0.5252407193183899,-0.007166646420955658,0.4894772469997406,-0.12242922931909561,0.12068342417478561,nan,nan,0.23262161016464233,0.0,0.5252407193183899,-0.007166646420955658,0.4894772469997406,-0.12242922931909561,0.12068342417478561,0.24726225435733795,0.0,0.548208475112915,0.012228040024638176,0.4827900230884552,-0.11998350918292999,0.14751091599464417,0.29113081097602844,0.0,0.5351040363311768,0.012982459738850594,0.4904055893421173,-0.10569985210895538,0.12682050466537476,phase3_10b_future_rollout_audit_no_phase4_no_cps
old_state_action,hidden_high_friction,310000,0,1,0.0,0.0,0.0,0,0.0,nan,nan,0.04993481561541557,0.03309524059295654,0.4549243152141571,0.061196133494377136,0.029447248205542564,hidden_high_friction,1,0.10686544328927994,0.0,0.5402659177780151,-0.012165114283561707,0.5201638340950012,-0.027035821229219437,0.025004632771015167,0.015834812074899673,0.1002076268196106,0.10686544328927994,0.0,0.5402659177780151,-0.012165114283561707,0.5201638340950012,-0.027035821229219437,0.025004632771015167,0.20827561616897583,0.0,0.5184295177459717,-0.01072961837053299,0.5100969672203064,-0.041973795741796494,0.03233620524406433,0.20972539484500885,0.0,0.5183004140853882,-0.047574542462825775,0.5225508213043213,-0.04737386479973793,0.0042551420629024506,phase3_10b_future_rollout_audit_no_phase4_no_cps
old_state_action,hidden_high_friction,310000,0,2,0.0,0.0,0.0,0,0.0,nan,nan,0.04575017839670181,0.03137454017996788,0.4593029320240021,0.06405128538608551,0.03054955042898655,hidden_high_friction,1,0.0997784286737442,0.0,0.5454029440879822,-0.03301075100898743,0.5016655921936035,-0.06942474842071533,0.0569116435945034,0.021469270810484886,0.0462493896484375,0.0997784286737442,0.0,0.5454029440879822,-0.03301075100898743,0.5016655921936035,-0.06942474842071533,0.0569116435945034,0.3532889485359192,0.0,0.5384525060653687,-0.04424218833446503,0.5147292017936707,-0.06340380012989044,0.030495285987854004,0.22794976830482483,0.0,0.5220003128051758,-0.04099845141172409,0.5101328492164612,-0.07430301606655121,0.03535577282309532,phase3_10b_future_rollout_audit_no_phase4_no_cps
old_state_action,hidden_high_friction,310000,0,3,0.0,0.0,0.0,0,0.0,nan,nan,0.044770002365112305,0.026638157665729523,0.45826682448387146,0.07231124490499496,0.03474711999297142,hidden_high_friction,1,0.2544434070587158,0.0,0.5408447980880737,-0.008231434971094131,0.5114734172821045,-0.009062989614903927,0.02938314899802208,0.025195064023137093,0.06115337461233139,0.2544434070587158,0.0,0.5408447980880737,-0.008231434971094131,0.5114734172821045,-0.009062989614903927,0.02938314899802208,0.1434008926153183,0.0,0.5524654388427734,0.025228841230273247,0.5200936198234558,0.006879214197397232,0.037210799753665924,0.19865596294403076,0.0,0.5507634878158569,0.030787980183959007,0.5105207562446594,0.008848384022712708,0.0458347387611866,phase3_10b_future_rollout_audit_no_phase4_no_cps
old_state_action,hidden_high_friction,310000,0,4,0.0,0.0,0.0,0,0.0,nan,nan,0.04300778731703758,0.029519010335206985,0.45534878969192505,0.066520094871521,0.03216373547911644,hidden_high_friction,1,0.20988328754901886,0.0,0.5267773270606995,-0.010017896071076393,0.5212091207504272,0.023397061973810196,0.0338757187128067,0.014180450700223446,0.03388862684369087,0.20988328754901886,0.0,0.5267773270606995,-0.010017896071076393,0.5212091207504272,0.023397061973810196,0.0338757187128067,0.3333239257335663,0.0,0.5671086311340332,0.013057669624686241,0.5796771049499512,0.040304407477378845,0.03000585362315178,0.29137465357780457,0.0,0.561152458190918,0.04300878196954727,0.5788024663925171,0.05234576016664505,0.019967522472143173,phase3_10b_future_rollout_audit_no_phase4_no_cps
old_state_action,hidden_high_friction,310000,0,5,0.0,0.0,0.0,0,0.0,nan,nan,0.0456603579223156,0.030223563313484192,0.4515061676502228,0.0650925263762474,0.03108532913029194,hidden_high_friction,1,0.09811469912528992,0.0,0.5229528546333313,-0.014579035341739655,0.49232012033462524,0.012816198170185089,0.041095782071352005,0.005952359177172184,0.03076571226119995,0.09811469912528992,0.0,0.5229528546333313,-0.014579035341739655,0.49232012033462524,0.012816198170185089,0.041095782071352005,0.1669672429561615,0.0,0.5510429739952087,0.014767685905098915,0.519306480884552,0.05003339797258377,0.04744339361786842,0.17950603365898132,0.0,0.546493649482727,0.022665830329060555,0.5362454652786255,0.04052281379699707,0.020588763058185577,phase3_10b_future_rollout_audit_no_phase4_no_cps
old_state_action,hidden_high_friction,310000,0,6,0.0,0.0,0.0,0,0.0,nan,nan,0.045972395688295364,0.038379959762096405,0.45914992690086365,0.04804478958249092,0.025105755776166916,hidden_breakaway_pin,0,0.12246973812580109,0.0,0.5108257532119751,-0.01671462133526802,0.4748518168926239,-0.01652386784553528,0.03597444295883179,0.012313704937696457,0.03414646536111832,0.12246973812580109,0.0,0.5108257532119751,-0.01671462133526802,0.4748518168926239,-0.01652386784553528,0.03597444295883179,0.17127183079719543,0.0,0.535432755947113,0.007070567458868027,0.5012549161911011,-0.000875936821103096,0.03508948162198067,0.14847123622894287,0.0,0.526371955871582,0.0012421272695064545,0.5100606083869934,-0.007946491241455078,0.01872139796614647,phase3_10b_future_rollout_audit_no_phase4_no_cps
old_state_action,hidden_high_friction,310000,0,7,0.0,0.0,0.0,0,0.0,nan,nan,0.04339054599404335,0.03802625089883804,0.45987093448638916,0.05076208710670471,0.025752795860171318,hidden_breakaway_pin,0,0.09443837404251099,0.0,0.507175862789154,-0.02234051004052162,0.4937745928764343,0.005710029974579811,0.03108740597963333,0.006706140469759703,0.02919619344174862,0.09443837404251099,0.0,0.507175862789154,-0.02234051004052162,0.4937745928764343,0.005710029974579811,0.03108740597963333,0.13197191059589386,0.0,0.5382713079452515,-0.012108294293284416,0.503131628036499,0.026112675666809082,0.05191954970359802,0.11980198323726654,0.0,0.537177324295044,-0.00433938205242157,0.522418737411499,0.01751210168004036,0.026368603110313416,phase3_10b_future_rollout_audit_no_phase4_no_cps
old_state_action,hidden_high_friction,310000,0,8,0.0,0.0,0.0,0,0.0,nan,nan,0.04603869840502739,0.03489449992775917,0.45864036679267883,0.059050410985946655,0.02983546070754528,hidden_breakaway_pin,0,0.15032874047756195,0.0,0.5077031254768372,-0.027600063011050224,0.5117176175117493,-0.042007818818092346,0.014956589788198471,0.005285915452986956,0.0509798489511013,0.15032874047756195,0.0,0.5077031254768372,-0.027600063011050224,0.5117176175117493,-0.042007818818092346,0.014956589788198471,0.22023136913776398,0.0,0.5379176735877991,-0.040184445679187775,0.5359163880348206,-0.07914333045482635,0.03901025280356407,0.2289399355649948,0.0,0.5011427402496338,-0.04969318211078644,0.5162220597267151,-0.06578771770000458,0.02205492928624153,phase3_10b_future_rollout_audit_no_phase4_no_cps
old_state_action,hidden_high_friction,310000,0,9,0.0,0.0,0.0,0,0.0,nan,nan,0.04637895151972771,0.03376516327261925,0.4561220705509186,0.05845809727907181,0.02636820264160633,hidden_high_friction,1,0.21597424149513245,0.0,0.5162195563316345,-0.01175832748413086,0.4957488179206848,0.02753319963812828,0.04430434852838516,0.017985831946134567,0.07135093957185745,0.21597424149513245,0.0,0.5162195563316345,-0.01175832748413086,0.4957488179206848,0.02753319963812828,0.04430434852838516,0.2146337479352951,0.0,0.5380395650863647,0.008991772308945656,0.5391616821289062,0.019152317196130753,0.010222319513559341,0.20617251098155975,0.0,0.531469464302063,-0.0036256294697523117,0.5459243655204773,0.023638833314180374,0.03085928037762642,phase3_10b_future_rollout_audit_no_phase4_no_cps
old_state_action,hidden_high_friction,310000,0,10,0.0,0.0,0.0,0,0.0,nan,nan,0.04981024190783501,0.03609326109290123,0.46222904324531555,0.05437923222780228,0.02817610092461109,hidden_breakaway_pin,0,0.16037215292453766,0.0,0.504824161529541,-0.02123609185218811,0.5180119276046753,-0.06905979663133621,0.049608711153268814,0.01482170820236206,0.099125437438488,0.16037215292453766,0.0,0.504824161529541,-0.02123609185218811,0.5180119276046753,-0.06905979663133621,0.049608711153268814,0.1502860188484192,0.0,0.5160945057868958,-0.040013283491134644,0.527833104133606,-0.10961243510246277,0.07058212906122208,0.13848206400871277,0.0,0.504779577255249,-0.026416579261422157,0.5301662087440491,-0.08756135404109955,0.0662054717540741,phase3_10b_future_rollout_audit_no_phase4_no_cps
old_state_action,hidden_high_friction,310000,0,11,0.0,0.0,0.0,0,0.0,nan,nan,0.04811909422278404,0.03743843361735344,0.46028536558151245,0.05088482424616814,0.026624508202075958,hidden_breakaway_pin,0,0.1752813458442688,0.0,0.499319851398468,-0.014815026894211769,0.5002568960189819,-0.0008363313972949982,0.014010067097842693,0.008457393385469913,0.07049597054719925,0.1752813458442688,0.0,0.499319851398468,-0.014815026894211769,0.5002568960189819,-0.0008363313972949982,0.014010067097842693,0.12257292866706848,0.0,0.5349173545837402,0.005136609077453613,0.5191752314567566,0.009511854499578476,0.016338825225830078,0.13435155153274536,0.0,0.5328370332717896,0.011856740340590477,0.5304439067840576,0.01521788164973259,0.00412605470046401,phase3_10b_future_rollout_audit_no_phase4_no_cps
old_state_action,hidden_high_friction,310000,0,12,0.0,0.0,0.0,0,0.0,nan,nan,0.04759417846798897,0.03892933949828148,0.45465928316116333,0.0408807210624218,0.019387559965252876,hidden_high_friction,1,0.10179570317268372,0.0,0.509043276309967,-0.020317625254392624,0.5017306208610535,0.007008686661720276,0.028287846595048904,0.011172447353601456,0.007982240989804268,0.10179570317268372,0.0,0.509043276309967,-0.020317625254392624,0.5017306208610535,0.007008686661720276,0.028287846595048904,0.2013225555419922,0.0,0.5232502222061157,0.014299033209681511,0.5030075311660767,-0.006992410868406296,0.029378429055213928,0.16257940232753754,0.0,0.5138857364654541,0.012180434539914131,0.5299620628356934,-0.004421716555953026,0.0231101643294096,phase3_10b_future_rollout_audit_no_phase4_no_cps
old_state_action,hidden_high_friction,310000,0,13,0.0,0.0,0.0,0,0.0,nan,nan,0.049155063927173615,0.03950142860412598,0.457162469625473,0.04295697808265686,0.019447609782218933,hidden_high_friction,1,0.12080126255750656,0.0,0.5025152564048767,-0.0042908526957035065,0.4965530037879944,-0.01095118559896946,0.00893915444612503,0.017305273562669754,0.018691301345825195,0.12080126255750656,0.0,0.5025152564048767,-0.0042908526957035065,0.4965530037879944,-0.01095118559896946,0.00893915444612503,0.15937505662441254,0.0,0.5318019390106201,0.004724524915218353,0.5084340572357178,-0.01619953289628029,0.03136676549911499,0.15123805403709412,0.0,0.5157340168952942,0.004232609644532204,0.5197318196296692,-0.021685471758246422,0.026224594563245773,phase3_10b_future_rollout_audit_no_phase4_no_cps
old_state_action,hidden_high_friction,310000,0,14,0.0,0.0,0.0,0,0.0,nan,nan,0.048568204045295715,0.03858489170670509,0.45969194173812866,0.04918208718299866,0.024879934266209602,hidden_breakaway_pin,0,0.1665283888578415,0.0,0.4977231025695801,-0.021270576864480972,0.492046594619751,-0.019034992903470993,0.006100866943597794,0.01764300838112831,0.00925503484904766,0.1665283888578415,0.0,0.4977231025695801,-0.021270576864480972,0.492046594619751,-0.019034992903470993,0.006100866943597794,0.10471867024898529,0.0,0.5169109106063843,-0.054237306118011475,0.5112066864967346,-0.059707969427108765,0.007903564721345901,0.12009278684854507,0.0,0.5071476101875305,-0.03740134462714195,0.5152755975723267,-0.0439281240105629,0.010424155741930008,phase3_10b_future_rollout_audit_no_phase4_no_cps
old_state_action,hidden_high_friction,310000,0,15,0.0,0.0,0.0,0,0.0,nan,nan,0.047796282917261124,0.03831053897738457,0.45751217007637024,0.046336133033037186,0.021131157875061035,hidden_high_friction,1,0.20781439542770386,0.0,0.49878284335136414,-0.011187830939888954,0.4923285245895386,0.03555428609251976,0.04718563333153725,0.010138284415006638,0.05459000542759895,0.20781439542770386,0.0,0.49878284335136414,-0.011187830939888954,0.4923285245895386,0.03555428609251976,0.04718563333153725,0.15614280104637146,0.0,0.5225986242294312,0.013651331886649132,0.5197693109512329,0.018644802272319794,0.005739316809922457,0.22914345562458038,0.0,0.5161733031272888,0.014033140614628792,0.531533420085907,0.013295315206050873,0.015377827920019627,phase3_10b_future_rollout_audit_no_phase4_no_cps
old_state_action,hidden_high_friction,310001,1,0,0.0,0.375,0.375,0,0.375,nan,nan,0.02209325321018696,0.034905534237623215,0.45850512385368347,0.057935845106840134,0.026466242969036102,hidden_high_friction,1,0.6985510587692261,0.0,0.26004570722579956,-0.1733066737651825,0.4711434245109558,0.07827608287334442,0.32841455936431885,nan,nan,0.6985510587692261,0.0,0.26004570722579956,-0.1733066737651825,0.4711434245109558,0.07827608287334442,0.32841455936431885,0.6028025150299072,0.0,0.29846471548080444,-0.12459594756364822,0.4924582242965698,0.07247790694236755,0.27653494477272034,0.5589616298675537,0.0,0.3021049499511719,-0.1538461595773697,0.5108704566955566,0.054519280791282654,0.2949562668800354,phase3_10b_future_rollout_audit_no_phase4_no_cps
old_state_action,hidden_high_friction,310001,1,1,0.375,0.375,0.0,0,0.0,nan,nan,0.09579658508300781,0.034047458320856094,0.45945778489112854,0.05834782123565674,0.02976052276790142,hidden_high_friction,1,0.6685049533843994,0.0,0.3282102048397064,-0.11925724148750305,0.4455600082874298,-0.02388353832066059,0.15121878683567047,0.08699275553226471,0.10531428456306458,0.6685049533843994,0.0,0.3282102048397064,-0.11925724148750305,0.4455600082874298,-0.02388353832066059,0.15121878683567047,0.33470526337623596,0.0,0.40443873405456543,-0.07907595485448837,0.43649017810821533,0.009286370128393173,0.09399571269750595,0.357679545879364,0.0,0.4000304639339447,-0.10566447675228119,0.4652183949947357,-0.022812774404883385,0.10542234778404236,phase3_10b_future_rollout_audit_no_phase4_no_cps
old_state_action,hidden_high_friction,310001,1,2,0.375,0.3333333333333333,-0.041666666666666685,0,-0.041666666666666685,nan,nan,0.08386994898319244,0.03610806539654732,0.4573066830635071,0.052725061774253845,0.024283843114972115,hidden_high_friction,1,0.41651010513305664,0.0,0.4157576560974121,-0.05020942538976669,0.46863046288490295,-0.009352121502161026,0.06681955605745316,0.11149958521127701,0.027265509590506554,0.41651010513305664,0.0,0.4157576560974121,-0.05020942538976669,0.46863046288490295,-0.009352121502161026,0.06681955605745316,0.36732083559036255,0.0,0.43159016966819763,-0.03723343834280968,0.46387779712677,-0.05525905266404152,0.03697855770587921,0.21714499592781067,0.0,0.4483589231967926,-0.037523217499256134,0.5041887760162354,-0.06514894962310791,0.06229088082909584,phase3_10b_future_rollout_audit_no_phase4_no_cps
old_state_action,hidden_high_friction,310001,1,3,0.3333333333333333,0.4166666666666667,0.08333333333333337,0,0.08333333333333337,nan,nan,0.04951329529285431,0.0391198955476284,0.45970842242240906,0.048208773136138916,0.02183610200881958,hidden_high_friction,1,0.26127830147743225,0.0,0.4808332622051239,0.04278165474534035,0.500838041305542,0.024345505982637405,0.02720446139574051,0.11349967122077942,0.04661392793059349,0.26127830147743225,0.0,0.4808332622051239,0.04278165474534035,0.500838041305542,0.024345505982637405,0.02720446139574051,0.3388804793357849,0.0,0.4980907440185547,0.03504699468612671,0.5446363091468811,0.01215607300400734,0.05186987295746803,0.19111578166484833,0.0,0.4949164092540741,0.026138758286833763,0.5289785265922546,0.009320925921201706,0.03798772767186165,phase3_10b_future_rollout_audit_no_phase4_no_cps
old_state_action,hidden_high_friction,310001,1,4,0.4166666666666667,0.4583333333333333,0.04166666666666663,0,0.04166666666666663,nan,nan,0.046814728528261185,0.03841434791684151,0.4542895257472992,0.04608294740319252,0.023834040388464928,hidden_breakaway_pin,0,0.1923598200082779,0.0,0.4934741258621216,0.04345007613301277,0.5005227327346802,0.002173636108636856,0.04187394678592682,0.01265852339565754,0.022174112498760223,0.1923598200082779,0.0,0.4934741258621216,0.04345007613301277,0.5005227327346802,0.002173636108636856,0.04187394678592682,0.19879673421382904,0.0,0.5261134505271912,0.06310561299324036,0.5239810347557068,0.03025592863559723,0.03291882574558258,0.13441359996795654,0.0,0.5142844319343567,0.05029231309890747,0.5146818161010742,0.023797601461410522,0.026497691869735718,phase3_10b_future_rollout_audit_no_phase4_no_cps
old_state_action,hidden_high_friction,310001,1,5,0.4583333333333333,0.20833333333333334,-0.24999999999999997,0,-0.24999999999999997,nan,nan,0.0466194674372673,0.03746868297457695,0.46212512254714966,0.05231389030814171,0.02287999913096428,hidden_high_friction,1,0.20159032940864563,0.0,0.48907405138015747,0.02876567468047142,0.5015455484390259,-0.02668527513742447,0.05683613568544388,0.015329458750784397,0.028877031058073044,0.20159032940864563,0.0,0.48907405138015747,0.02876567468047142,0.5015455484390259,-0.02668527513742447,0.05683613568544388,0.29203885793685913,0.0,0.4908939599990845,-0.0036151371896266937,0.5032747387886047,-0.04151764512062073,0.03987334668636322,0.2993711531162262,0.0,0.4640045166015625,0.0015353281050920486,0.5000263452529907,-0.045793455094099045,0.059477608650922775,phase3_10b_future_rollout_audit_no_phase4_no_cps
old_state_action,hidden_high_friction,310001,1,6,0.20833333333333334,0.20833333333333334,0.0,0,0.0,nan,nan,0.04812396317720413,0.03181685507297516,0.45944464206695557,0.06256794184446335,0.029324982315301895,hidden_high_friction,1,0.22612248361110687,0.0,0.4958112835884094,0.02459987998008728,0.5013916492462158,0.04808717966079712,0.02414112165570259,0.007921120151877403,0.07477261126041412,0.22612248361110687,0.0,0.4958112835884094,0.02459987998008728,0.5013916492462158,0.04808717966079712,0.02414112165570259,0.3194750249385834,0.0,0.524919331073761,0.06394592672586441,0.5167639255523682,0.08428788185119629,0.021915879100561142,0.2484501302242279,0.0,0.5077030658721924,0.07117203623056412,0.5206852555274963,0.09011556208133698,0.022965069860219955,phase3_10b_future_rollout_audit_no_phase4_no_cps
old_state_action,hidden_high_friction,310001,1,7,0.20833333333333334,0.25,0.04166666666666666,0,0.04166666666666666,nan,nan,0.04900339990854263,0.033374324440956116,0.45169979333877563,0.0554228238761425,0.02671028859913349,hidden_high_friction,1,0.19260592758655548,0.0,0.5081587433815002,0.009094499051570892,0.4984051287174225,0.024022359400987625,0.017831826582551003,0.01982111483812332,0.024249430745840073,0.19260592758655548,0.0,0.5081587433815002,0.009094499051570892,0.4984051287174225,0.024022359400987625,0.017831826582551003,0.2703363001346588,0.0,0.5179506540298462,0.046985380351543427,0.5122785568237305,0.09647352993488312,0.04981214180588722,0.1864064633846283,0.0,0.5064235329627991,0.04390218108892441,0.5222477912902832,0.056242436170578,0.020067112520337105,phase3_10b_future_rollout_audit_no_phase4_no_cps
old_state_action,hidden_high_friction,310001,1,8,0.25,0.25,0.0,0,0.0,nan,nan,0.050387345254421234,0.03444801643490791,0.46096503734588623,0.0607156977057457,0.027261897921562195,hidden_high_friction,1,0.16729731857776642,0.0,0.5010641813278198,-0.004757212474942207,0.49019697308540344,0.006363119930028915,0.015548569150269032,0.01556286308914423,0.019473638385534286,0.16729731857776642,0.0,0.5010641813278198,-0.004757212474942207,0.49019697308540344,0.006363119930028915,0.015548569150269032,0.18203693628311157,0.0,0.5240500569343567,0.02431311644613743,0.5128856897354126,0.05844938009977341,0.0359155647456646,0.19736579060554504,0.0,0.508102297782898,0.04345044493675232,0.5312157273292542,0.05832190811634064,0.027484377846121788,phase3_10b_future_rollout_audit_no_phase4_no_cps
old_state_action,hidden_high_friction,310001,1,9,0.25,0.20833333333333334,-0.04166666666666666,0,-0.04166666666666666,nan,nan,0.04908587038516998,0.03162683546543121,0.4524611830711365,0.06311815232038498,0.030042605474591255,hidden_high_friction,1,0.2722416818141937,0.0,0.5075902938842773,0.008382581174373627,0.5148134231567383,0.027538981288671494,0.020472940057516098,0.014671207405626774,0.032471321523189545,0.2722416818141937,0.0,0.5075902938842773,0.008382581174373627,0.5148134231567383,0.027538981288671494,0.020472940057516098,0.2646922469139099,0.0,0.5233533978462219,0.04068215936422348,0.5476186871528625,0.08483660221099854,0.05038272589445114,0.3158006966114044,0.0,0.5204372406005859,0.04387909919023514,0.573421061038971,0.1034468412399292,0.07972202450037003,phase3_10b_future_rollout_audit_no_phase4_no_cps
old_state_action,hidden_high_friction,310001,1,10,0.20833333333333334,0.125,-0.08333333333333334,0,-0.08333333333333334,nan,nan,0.04904401674866676,0.027734406292438507,0.4611811935901642,0.07428266853094101,0.03718818351626396,hidden_breakaway_pin,0,0.31167349219322205,0.0,0.5327994227409363,0.041429754346609116,0.5564796328544617,-0.004830361343920231,0.05196874588727951,0.04156459867954254,0.05276218056678772,0.31167349219322205,0.0,0.5327994227409363,0.041429754346609116,0.5564796328544617,-0.004830361343920231,0.05196874588727951,0.3436117470264435,0.0,0.5221483111381531,0.01937747560441494,0.5771052241325378,0.04652925580739975,0.061298299580812454,0.3201027512550354,0.0,0.5158765912055969,0.03350171446800232,0.6045221090316772,0.05826085805892944,0.09203826636075974,phase3_10b_future_rollout_audit_no_phase4_no_cps
old_state_action,hidden_high_friction,310001,1,11,0.125,0.125,0.0,0,0.0,nan,nan,0.05053116753697395,0.022999491542577744,0.45734304189682007,0.08002066612243652,0.042042333632707596,hidden_high_friction,1,0.3145904541015625,0.0,0.5308464765548706,0.058313075453042984,0.5930671691894531,0.030314750969409943,0.06822991371154785,0.016995897516608238,0.050732895731925964,0.3145904541015625,0.0,0.5308464765548706,0.058313075453042984,0.5930671691894531,0.030314750969409943,0.06822991371154785,0.5154448747634888,0.0,0.562298059463501,0.0954880341887474,0.6027014255523682,0.0714636892080307,0.04700639471411705,0.3621959388256073,0.0,0.5299899578094482,0.060936570167541504,0.6093472242355347,0.07963228970766068,0.08152978122234344,phase3_10b_future_rollout_audit_no_phase4_no_cps
old_state_action,hidden_high_friction,310001,1,12,0.125,0.125,0.0,0,0.0,nan,nan,0.05141015723347664,0.02243049629032612,0.4546300172805786,0.07742854207754135,0.038506973534822464,hidden_high_friction,1,0.15981446206569672,0.0,0.5428071022033691,-0.037592701613903046,0.5095721483230591,-0.12106805294752121,0.08984818309545517,0.09664872288703918,0.17288196086883545,0.15981446206569672,0.0,0.5428071022033691,-0.037592701613903046,0.5095721483230591,-0.12106805294752121,0.08984818309545517,0.3722940683364868,0.0,0.5292782783508301,-0.00033679790794849396,0.5182459354400635,-0.13408887386322021,0.13420629501342773,0.3600276708602905,0.0,0.49865198135375977,-0.0012808814644813538,0.5014111995697021,-0.12858699262142181,0.12733599543571472,phase3_10b_future_rollout_audit_no_phase4_no_cps
old_state_action,hidden_high_friction,310001,1,13,0.125,0.16666666666666666,0.04166666666666666,0,0.04166666666666666,nan,nan,0.04835674539208412,0.026635902002453804,0.46315470337867737,0.07303708791732788,0.03539485111832619,hidden_high_friction,1,0.17911486327648163,0.0,0.5219134092330933,0.0006374605000019073,0.4966282546520233,-0.010096363723278046,0.027469146996736526,0.04356709495186806,0.11172403395175934,0.17911486327648163,0.0,0.5219134092330933,0.0006374605000019073,0.4966282546520233,-0.010096363723278046,0.027469146996736526,0.17214733362197876,0.0,0.5172327160835266,-0.026948440819978714,0.49906954169273376,-0.08663894236087799,0.062392763793468475,0.09772782772779465,0.0,0.514435887336731,-0.02935980074107647,0.5081030130386353,-0.07138646394014359,0.04250112548470497,phase3_10b_future_rollout_audit_no_phase4_no_cps
old_state_action,hidden_high_friction,310001,1,14,0.16666666666666666,0.16666666666666666,0.0,0,0.0,nan,nan,0.04402126371860504,0.03546837344765663,0.45524832606315613,0.05645700916647911,0.02666577510535717,hidden_high_friction,1,0.16453075408935547,0.0,0.5245354771614075,0.01146838441491127,0.5109251737594604,0.03468124195933342,0.02690868079662323,0.011143794283270836,0.047004636377096176,0.16453075408935547,0.0,0.5245354771614075,0.01146838441491127,0.5109251737594604,0.03468124195933342,0.02690868079662323,0.19934093952178955,0.0,0.529102623462677,0.04778093099594116,0.5287795066833496,0.03977496922016144,0.008012479171156883,0.17798686027526855,0.0,0.5087958574295044,0.03234007954597473,0.539119303226471,0.020783711224794388,0.032450899481773376,phase3_10b_future_rollout_audit_no_phase4_no_cps
old_state_action,hidden_high_friction,310001,1,15,0.16666666666666666,0.16666666666666666,0.0,0,0.0,nan,nan,0.051513783633708954,0.03787010908126831,0.4594193994998932,0.04790350794792175,0.024833710864186287,hidden_breakaway_pin,0,0.21679425239562988,0.0,0.5044324994087219,0.0001272931694984436,0.5011299252510071,-0.006750754080712795,0.007629844825714827,0.023081379011273384,0.042574141174554825,0.21679425239562988,0.0,0.5044324994087219,0.0001272931694984436,0.5011299252510071,-0.006750754080712795,0.007629844825714827,0.12174920737743378,0.0,0.5103973746299744,-0.01711987517774105,0.5240841507911682,-0.025501621887087822,0.016049345955252647,0.1296062171459198,0.0,0.5013549327850342,-0.02183314599096775,0.5316760540008545,-0.025749992579221725,0.030573060736060143,phase3_10b_future_rollout_audit_no_phase4_no_cps
old_state_action,hidden_high_friction,310002,2,0,0.0,0.0,0.0,0,0.0,nan,nan,0.031114453449845314,0.03895408660173416,0.4545259475708008,0.04507003724575043,0.020220763981342316,hidden_high_friction,1,0.5222479104995728,0.0,0.49040982127189636,-0.2985096275806427,0.5220441222190857,0.012665603309869766,0.31277909874916077,nan,nan,0.5222479104995728,0.0,0.49040982127189636,-0.2985096275806427,0.5220441222190857,0.012665603309869766,0.31277909874916077,0.5650820136070251,0.0,0.5130244493484497,-0.3738357126712799,0.5208585858345032,0.06383863091468811,0.43774446845054626,0.5221813321113586,0.0,0.49258357286453247,-0.33714964985847473,0.528346598148346,0.048172831535339355,0.3869785666465759,phase3_10b_future_rollout_audit_no_phase4_no_cps
old_state_action,hidden_high_friction,310002,2,1,0.0,0.0,0.0,0,0.0,nan,nan,0.09842265397310257,0.03490322828292847,0.4549028277397156,0.051291804760694504,0.024234740063548088,hidden_high_friction,1,0.6666346192359924,0.0,0.5013586282730103,-0.26604539155960083,0.5163275599479675,0.008430985733866692,0.27488425374031067,0.03426080942153931,0.007114145904779434,0.6666346192359924,0.0,0.5013586282730103,-0.26604539155960083,0.5163275599479675,0.008430985733866692,0.27488425374031067,0.5041880011558533,0.0,0.5067295432090759,-0.2704581022262573,0.5373409986495972,0.03230199217796326,0.30430367588996887,0.5474839210510254,0.0,0.4998028874397278,-0.2673836946487427,0.5494346022605896,0.014423515647649765,0.2861444056034088,phase3_10b_future_rollout_audit_no_phase4_no_cps
old_state_action,hidden_high_friction,310002,2,2,0.0,0.0,0.0,0,0.0,nan,nan,0.09217048436403275,0.035349126905202866,0.4552960693836212,0.053469765931367874,0.02492021955549717,hidden_high_friction,1,0.7079741954803467,0.0,0.5134813785552979,-0.30672982335090637,0.5240345001220703,0.00034862756729125977,0.307259738445282,0.0424521379172802,0.011167875491082668,0.7079741954803467,0.0,0.5134813785552979,-0.30672982335090637,0.5240345001220703,0.00034862756729125977,0.307259738445282,0.3408536911010742,0.0,0.5176132321357727,-0.1904134601354599,0.5060399770736694,0.002056952565908432,0.1928180456161499,0.43753305077552795,0.0,0.5291042923927307,-0.2001502960920334,0.541803777217865,-0.008185502141714096,0.19238440692424774,phase3_10b_future_rollout_audit_no_phase4_no_cps
old_state_action,hidden_high_friction,310002,2,3,0.0,0.0,0.0,0,0.0,nan,nan,0.09242885559797287,0.022410959005355835,0.4612632393836975,0.08017993718385696,0.040014639496803284,free,0,0.9429602026939392,0.07142857142857142,0.4922705292701721,-0.24372102320194244,0.5364254117012024,0.0480881929397583,0.2951309382915497,0.06648314744234085,0.04932140186429024,0.9429602026939392,0.07142857142857142,0.4922705292701721,-0.24372102320194244,0.5364254117012024,0.0480881929397583,0.2951309382915497,0.4240432679653168,0.0,0.48717987537384033,-0.07323553413152695,0.44302448630332947,-0.04538654908537865,0.05220406502485275,0.5897030830383301,0.0,0.5475400686264038,-0.13565410673618317,0.5357342958450317,-0.07117807865142822,0.06554795056581497,phase3_10b_future_rollout_audit_no_phase4_no_cps
old_state_action,hidden_high_friction,310002,2,4,0.0,0.0,0.0,0,0.0,nan,nan,0.09116852283477783,0.025471333414316177,0.4582323729991913,0.07797307521104813,0.037530411034822464,hidden_breakaway_pin,0,0.8688826560974121,0.0,0.5051946640014648,-0.22842469811439514,0.5584179759025574,-0.027812274172902107,0.20755256712436676,0.020025255158543587,0.07902248948812485,0.8688826560974121,0.0,0.5051946640014648,-0.22842469811439514,0.5584179759025574,-0.027812274172902107,0.20755256712436676,0.3934262990951538,0.0,0.5153024792671204,-0.1163097396492958,0.486530065536499,-0.051679983735084534,0.07074501365423203,0.5787081718444824,0.0,0.5617809891700745,-0.12171731144189835,0.5592978000640869,-0.06280883401632309,0.05896079167723656,phase3_10b_future_rollout_audit_no_phase4_no_cps
old_state_action,hidden_high_friction,310002,2,5,0.0,0.0,0.0,0,0.0,nan,nan,0.09048306196928024,0.022258518263697624,0.4526579678058624,0.07815050333738327,0.03979756310582161,hidden_high_friction,1,0.9286547303199768,0.0,0.49438610672950745,-0.23606155812740326,0.5061821937561035,0.10177601873874664,0.3380434513092041,0.013234294019639492,0.13972008228302002,0.9286547303199768,0.0,0.49438610672950745,-0.23606155812740326,0.5061821937561035,0.10177601873874664,0.3380434513092041,0.5459884405136108,0.0,0.4947785437107086,-0.11585480719804764,0.4515429735183716,0.05471806228160858,0.17596709728240967,0.8255864381790161,0.0,0.561695396900177,-0.0835711658000946,0.528636634349823,0.04328355938196182,0.13109157979488373,phase3_10b_future_rollout_audit_no_phase4_no_cps
old_state_action,hidden_high_friction,310002,2,6,0.0,0.0,0.0,0,0.0,nan,nan,0.08984680473804474,0.036052294075489044,0.455147385597229,0.05685906112194061,0.02630506455898285,hidden_high_friction,1,0.8086485862731934,0.0,0.49681591987609863,-0.26669514179229736,0.5548879504203796,0.007720541208982468,0.28049302101135254,0.03072979673743248,0.1059182807803154,0.8086485862731934,0.0,0.49681591987609863,-0.26669514179229736,0.5548879504203796,0.007720541208982468,0.28049302101135254,0.3301464021205902,0.0,0.4913637042045593,-0.15647824108600616,0.5079309940338135,-0.018511798232793808,0.13895758986473083,0.5906267762184143,0.0,0.5554779767990112,-0.1700931191444397,0.5584361553192139,-0.02031557261943817,0.14980675280094147,phase3_10b_future_rollout_audit_no_phase4_no_cps
old_state_action,hidden_high_friction,310002,2,7,0.0,0.0,0.0,0,0.0,nan,nan,0.09032195806503296,0.036301299929618835,0.4570273458957672,0.050393205136060715,0.023739255964756012,hidden_high_friction,1,0.7860376834869385,0.0,0.5119978189468384,-0.24909088015556335,0.5446863770484924,0.0004193689674139023,0.2516424059867859,0.023246506229043007,0.0125450873747468,0.7860376834869385,0.0,0.5119978189468384,-0.24909088015556335,0.5446863770484924,0.0004193689674139023,0.2516424059867859,0.2875003218650818,0.0,0.5022255182266235,-0.13111256062984467,0.4828958511352539,-0.007056688889861107,0.12555275857448578,0.5960936546325684,0.0,0.5570167899131775,-0.15989796817302704,0.5476264953613281,-0.01963460072875023,0.14057734608650208,phase3_10b_future_rollout_audit_no_phase4_no_cps
old_state_action,hidden_high_friction,310002,2,8,0.0,0.0,0.0,0,0.0,nan,nan,0.08989077061414719,0.039773114025592804,0.45474493503570557,0.04518744349479675,0.02415158785879612,hidden_breakaway_pin,0,0.7998579144477844,0.0,0.5062263011932373,-0.24207395315170288,0.5596774220466614,-0.009898941032588482,0.2382483035326004,0.009085575118660927,0.018198871985077858,0.7998579144477844,0.0,0.5062263011932373,-0.24207395315170288,0.5596774220466614,-0.009898941032588482,0.2382483035326004,0.22035685181617737,0.0,0.4958547353744507,-0.13806669414043427,0.49169331789016724,-0.04961247742176056,0.08855205029249191,0.5812568664550781,0.0,0.5550518035888672,-0.16722510755062103,0.5422018766403198,-0.06288386881351471,0.10512951016426086,phase3_10b_future_rollout_audit_no_phase4_no_cps
old_state_action,hidden_high_friction,310002,2,9,0.0,0.0,0.0,0,0.0,nan,nan,0.08991947025060654,0.03901795670390129,0.4614749848842621,0.04621778428554535,0.023975376039743423,hidden_breakaway_pin,0,0.7857449054718018,0.0,0.49855804443359375,-0.24718867242336273,0.5542548298835754,-0.023301271721720695,0.23071129620075226,0.009217510931193829,0.01445776503533125,0.7857449054718018,0.0,0.49855804443359375,-0.24718867242336273,0.5542548298835754,-0.023301271721720695,0.23071129620075226,0.18771466612815857,0.0,0.4837322533130646,-0.1361086070537567,0.48062360286712646,-0.04925979673862457,0.08690442889928818,0.44837480783462524,0.0,0.5503416061401367,-0.16727885603904724,0.5363415479660034,-0.0627625361084938,0.10544981062412262,phase3_10b_future_rollout_audit_no_phase4_no_cps
old_state_action,hidden_high_friction,310002,2,10,0.0,0.0,0.0,0,0.0,nan,nan,0.08995570242404938,0.031502749770879745,0.4595802128314972,0.05934053659439087,0.028614265844225883,hidden_high_friction,1,0.897202730178833,0.0,0.5046074390411377,-0.2913071811199188,0.5763022303581238,0.02610721066594124,0.3254105746746063,0.04453131556510925,0.05410439521074295,0.897202730178833,0.0,0.5046074390411377,-0.2913071811199188,0.5763022303581238,0.02610721066594124,0.3254105746746063,0.37432971596717834,0.0,0.49516934156417847,-0.15793029963970184,0.5367493033409119,0.003215789794921875,0.16642402112483978,0.6036505103111267,0.0,0.545207679271698,-0.16825391352176666,0.5793121457099915,-0.01627008616924286,0.15576326847076416,phase3_10b_future_rollout_audit_no_phase4_no_cps
old_state_action,hidden_high_friction,310002,2,11,0.0,0.0,0.0,0,0.0,nan,nan,0.0911559984087944,0.031131083145737648,0.45314645767211914,0.0631742849946022,0.030372068285942078,hidden_high_friction,1,0.8316047787666321,0.0,0.5011811256408691,-0.23397311568260193,0.5401156544685364,0.035937123000621796,0.2727039158344269,0.05743635073304176,0.03749793767929077,0.8316047787666321,0.0,0.5011811256408691,-0.23397311568260193,0.5401156544685364,0.035937123000621796,0.2727039158344269,0.2315058559179306,0.0,0.5026045441627502,-0.12246650457382202,0.5128768682479858,0.012045476585626602,0.13490363955497742,0.44137707352638245,0.0,0.550202488899231,-0.14422403275966644,0.559736967086792,-0.019496455788612366,0.12509146332740784,phase3_10b_future_rollout_audit_no_phase4_no_cps
old_state_action,hidden_high_friction,310002,2,12,0.0,0.0,0.0,0,0.0,nan,nan,0.09053023904561996,0.03157451003789902,0.46001777052879333,0.06414955109357834,0.032448843121528625,hidden_breakaway_pin,0,0.9307726621627808,0.07142857142857142,0.47081732749938965,-0.21945516765117645,0.5183721780776978,0.02370099350810051,0.2477627545595169,0.03365607187151909,0.02494998276233673,0.9307726621627808,0.07142857142857142,0.47081732749938965,-0.21945516765117645,0.5183721780776978,0.02370099350810051,0.2477627545595169,0.4244169294834137,0.0,0.4612305462360382,-0.15254619717597961,0.44517195224761963,-0.08806927502155304,0.06644660979509354,0.6155937314033508,0.0,0.5216799378395081,-0.18961377441883087,0.5148715972900391,-0.10499788820743561,0.08488935232162476,phase3_10b_future_rollout_audit_no_phase4_no_cps
old_state_action,hidden_high_friction,310002,2,13,0.0,0.0,0.0,0,0.0,nan,nan,0.09133707731962204,0.03618554025888443,0.4583907127380371,0.05170881375670433,0.023564903065562248,hidden_high_friction,1,0.7445959448814392,0.0,0.49553292989730835,-0.24261102080345154,0.513152003288269,0.04450491815805435,0.2876560091972351,0.03386819362640381,0.021448858082294464,0.7445959448814392,0.0,0.49553292989730835,-0.24261102080345154,0.513152003288269,0.04450491815805435,0.2876560091972351,0.24993698298931122,0.0,0.48886775970458984,-0.09716102480888367,0.45687252283096313,-0.014185711741447449,0.08893029391765594,0.5615856051445007,0.0,0.568188488483429,-0.1402207314968109,0.5368592143058777,-0.02688467875123024,0.11758650094270706,phase3_10b_future_rollout_audit_no_phase4_no_cps
old_state_action,hidden_high_friction,310002,2,14,0.0,0.0,0.0,0,0.0,nan,nan,0.08985600620508194,0.03690562769770622,0.45685145258903503,0.048594724386930466,0.022151706740260124,hidden_breakaway_pin,0,0.720766007900238,0.0,0.5131556391716003,-0.2649087905883789,0.5375161170959473,-0.020791929215192795,0.24532930552959442,0.0284209493547678,0.06969424337148666,0.720766007900238,0.0,0.5131556391716003,-0.2649087905883789,0.5375161170959473,-0.020791929215192795,0.24532930552959442,0.2322649359703064,0.0,0.48500749468803406,-0.1485539972782135,0.47144538164138794,-0.035744499415159225,0.1136217936873436,0.509186327457428,0.0,0.545341968536377,-0.17359647154808044,0.5413717031478882,-0.04312701150774956,0.13052985072135925,phase3_10b_future_rollout_audit_no_phase4_no_cps
old_state_action,hidden_high_friction,310002,2,15,0.0,0.0,0.0,0,0.0,nan,nan,0.09031665325164795,0.03605257719755173,0.4551125764846802,0.05239495635032654,0.02432635985314846,hidden_high_friction,1,0.7439500689506531,0.0,0.520561158657074,-0.27870041131973267,0.5710583925247192,-0.0105966841802001,0.27281785011291504,0.01565408892929554,0.03505748510360718,0.7439500689506531,0.0,0.520561158657074,-0.27870041131973267,0.5710583925247192,-0.0105966841802001,0.27281785011291504,0.3041215240955353,0.0,0.5064208507537842,-0.15424233675003052,0.5204179286956787,-0.0086925458163023,0.14622126519680023,0.43992170691490173,0.0,0.5449076294898987,-0.17063288390636444,0.5647314786911011,-0.016241660341620445,0.15565872192382812,phase3_10b_future_rollout_audit_no_phase4_no_cps
old_state_action,hidden_high_friction,310003,3,0,0.0,0.0,0.0,0,0.0,nan,nan,0.00960993580520153,0.03620630502700806,0.45348402857780457,0.04869998246431351,0.023029539734125137,hidden_high_friction,1,0.6720980405807495,0.0,0.34468138217926025,-0.34120258688926697,0.5155923962593079,0.03665710240602493,0.4147149920463562,nan,nan,0.6720980405807495,0.0,0.34468138217926025,-0.34120258688926697,0.5155923962593079,0.03665710240602493,0.4147149920463562,0.5934588313102722,0.0,0.3525061011314392,-0.36362412571907043,0.5288109183311462,0.019929401576519012,0.42213350534439087,0.6224307417869568,0.0,0.3423413038253784,-0.37467527389526367,0.543469250202179,0.027577850967645645,0.44973328709602356,phase3_10b_future_rollout_audit_no_phase4_no_cps
old_state_action,hidden_high_friction,310003,3,1,0.0,0.0,0.0,0,0.0,nan,nan,0.1256117969751358,0.03616933524608612,0.45958709716796875,0.05367547273635864,0.025071727111935616,hidden_high_friction,1,0.8422266840934753,0.0,0.3640541434288025,-0.3245120346546173,0.5439345240592957,0.05818285048007965,0.42286208271980286,0.025571046397089958,0.035589803010225296,0.8422266840934753,0.0,0.3640541434288025,-0.3245120346546173,0.5439345240592957,0.05818285048007965,0.42286208271980286,0.6947950124740601,0.0,0.3659960627555847,-0.34045761823654175,0.5433850884437561,-0.03181789815425873,0.35598501563072205,0.687210202217102,0.0,0.3525432348251343,-0.3477524220943451,0.5528693795204163,-0.0075853075832128525,0.39477109909057617,phase3_10b_future_rollout_audit_no_phase4_no_cps
old_state_action,hidden_high_friction,310003,3,2,0.0,0.0,0.0,0,0.0,nan,nan,0.12296929210424423,0.03600020706653595,0.46122291684150696,0.0546504408121109,0.02760262042284012,hidden_breakaway_pin,0,0.7812813520431519,0.0,0.3656584620475769,-0.35037100315093994,0.4927527904510498,0.04329755902290344,0.41367608308792114,0.025908686220645905,0.05330236256122589,0.7812813520431519,0.0,0.3656584620475769,-0.35037100315093994,0.4927527904510498,0.04329755902290344,0.41367608308792114,0.6345157027244568,0.0,0.36764389276504517,-0.21065957844257355,0.4481775760650635,-0.0770951360464096,0.1559651643037796,0.5321366190910339,0.0,0.393339604139328,-0.27325940132141113,0.5023444890975952,-0.038804806768894196,0.25855565071105957,phase3_10b_future_rollout_audit_no_phase4_no_cps
old_state_action,hidden_high_friction,310003,3,3,0.0,0.0,0.0,0,0.0,nan,nan,0.12851954996585846,0.035540856420993805,0.46021899580955505,0.054389845579862595,0.027750691398978233,hidden_high_friction,1,0.9289132356643677,0.0,0.37356194853782654,-0.23389668762683868,0.5112981796264648,0.016695845872163773,0.28595083951950073,0.11674215644598007,0.03242811560630798,0.9289132356643677,0.0,0.37356194853782654,-0.23389668762683868,0.5112981796264648,0.016695845872163773,0.28595083951950073,0.5533057451248169,0.0,0.36100488901138306,-0.14148488640785217,0.45189911127090454,-0.11003013700246811,0.09618294984102249,0.576539158821106,0.0,0.43286415934562683,-0.17484936118125916,0.5048083066940308,-0.06328883767127991,0.13274678587913513,phase3_10b_future_rollout_audit_no_phase4_no_cps
old_state_action,hidden_high_friction,310003,3,4,0.0,0.0,0.0,0,0.0,nan,nan,0.12465006113052368,0.035197921097278595,0.46036192774772644,0.05512414500117302,0.02565873973071575,hidden_high_friction,1,0.9643660187721252,0.07142857142857142,0.36336737871170044,-0.23607517778873444,0.5008415579795837,0.06979024410247803,0.33533981442451477,0.01042473316192627,0.054114289581775665,0.9643660187721252,0.07142857142857142,0.36336737871170044,-0.23607517778873444,0.5008415579795837,0.06979024410247803,0.33533981442451477,0.5572555065155029,0.0,0.3518044054508209,-0.17401346564292908,0.4463558793067932,-0.10744062811136246,0.11563703417778015,0.5456515550613403,0.0,0.4135727882385254,-0.21042747795581818,0.49979668855667114,-0.07385091483592987,0.161516934633255,phase3_10b_future_rollout_audit_no_phase4_no_cps
old_state_action,hidden_high_friction,310003,3,5,0.0,0.0,0.0,0,0.0,nan,nan,0.12451393902301788,0.03579271212220192,0.4565947651863098,0.054674215614795685,0.025139691308140755,hidden_high_friction,1,0.9779694676399231,0.07142857142857142,0.3724420666694641,-0.2294197827577591,0.5067453384399414,0.09529586881399155,0.35139381885528564,0.011253632605075836,0.026179984211921692,0.9779694676399231,0.07142857142857142,0.3724420666694641,-0.2294197827577591,0.5067453384399414,0.09529586881399155,0.35139381885528564,0.47288569808006287,0.0,0.351678729057312,-0.17532311379909515,0.46290624141693115,-0.07773502171039581,0.1479695737361908,0.603022575378418,0.0,0.424498051404953,-0.1979680359363556,0.5213555693626404,-0.043440159410238266,0.18237391114234924,phase3_10b_future_rollout_audit_no_phase4_no_cps
old_state_action,hidden_high_friction,310003,3,6,0.0,0.0,0.0,0,0.0,nan,nan,0.1225966215133667,0.036967258900403976,0.4605141580104828,0.05142127349972725,0.023158812895417213,hidden_high_friction,1,0.8636402487754822,0.0,0.38841739296913147,-0.30186811089515686,0.5538367033004761,0.05364514887332916,0.3921138048171997,0.07418875396251678,0.06286795437335968,0.8636402487754822,0.0,0.38841739296913147,-0.30186811089515686,0.5538367033004761,0.05364514887332916,0.3921138048171997,0.47190070152282715,0.0,0.3707030415534973,-0.20725330710411072,0.5164634585380554,-0.07277271151542664,0.19832077622413635,0.5391086935997009,0.0,0.4418245553970337,-0.23862986266613007,0.549946665763855,-0.03606892749667168,0.22961123287677765,phase3_10b_future_rollout_audit_no_phase4_no_cps
old_state_action,hidden_high_friction,310003,3,7,0.0,0.0,0.0,0,0.0,nan,nan,0.12372123450040817,0.0371914766728878,0.45325857400894165,0.05106896534562111,0.02277378737926483,hidden_high_friction,1,0.9621140360832214,0.0,0.3911232352256775,-0.2783544063568115,0.5533804893493652,0.07683297246694565,0.39049389958381653,0.02366887964308262,0.023192310705780983,0.9621140360832214,0.0,0.3911232352256775,-0.2783544063568115,0.5533804893493652,0.07683297246694565,0.39049389958381653,0.4713486135005951,0.0,0.36710482835769653,-0.1925506293773651,0.5037520527839661,-0.0681954026222229,0.1847611665725708,0.6845846772193909,0.0,0.4419688582420349,-0.22222287952899933,0.5441466569900513,-0.031410153955221176,0.2164481282234192,phase3_10b_future_rollout_audit_no_phase4_no_cps
old_state_action,hidden_high_friction,310003,3,8,0.0,0.0,0.0,0,0.0,nan,nan,0.12275511026382446,0.037201978266239166,0.459008127450943,0.04985501617193222,0.025360705330967903,hidden_breakaway_pin,0,0.9785963296890259,0.07142857142857142,0.380977988243103,-0.2911455035209656,0.547054648399353,0.07716374099254608,0.4040212333202362,0.016325997188687325,0.006334482692182064,0.9785963296890259,0.07142857142857142,0.380977988243103,-0.2911455035209656,0.547054648399353,0.07716374099254608,0.4040212333202362,0.4461462199687958,0.0,0.3663821220397949,-0.20626471936702728,0.5100384950637817,-0.06752167642116547,0.19971676170825958,0.6042269468307495,0.0,0.44165438413619995,-0.2176852822303772,0.5623599886894226,-0.00976490043103695,0.24041782319545746,phase3_10b_future_rollout_audit_no_phase4_no_cps
old_state_action,hidden_high_friction,310003,3,9,0.0,0.0,0.0,0,0.0,nan,nan,0.1235031932592392,0.03887329623103142,0.45386117696762085,0.04140574112534523,0.018961969763040543,hidden_high_friction,1,0.8439747095108032,0.0,0.3821454644203186,-0.2611529529094696,0.5273420214653015,0.045495301485061646,0.33928629755973816,0.030015263706445694,0.037302516400814056,0.8439747095108032,0.0,0.3821454644203186,-0.2611529529094696,0.5273420214653015,0.045495301485061646,0.33928629755973816,0.44601693749427795,0.0,0.357793390750885,-0.15834060311317444,0.4821137487888336,-0.0778605192899704,0.14809657633304596,0.5625178217887878,0.0,0.4288501441478729,-0.1906689554452896,0.532325029373169,-0.03715812414884567,0.18512868881225586,phase3_10b_future_rollout_audit_no_phase4_no_cps
old_state_action,hidden_high_friction,310003,3,10,0.0,0.0,0.0,0,0.0,nan,nan,0.12265629321336746,0.03989900276064873,0.455946683883667,0.0417739674448967,0.01897319406270981,hidden_high_friction,1,0.8559679985046387,0.0,0.3772144317626953,-0.26294344663619995,0.5257105231285095,0.048609547317028046,0.34513238072395325,0.005246041342616081,0.0035157236270606518,0.8559679985046387,0.0,0.3772144317626953,-0.26294344663619995,0.5257105231285095,0.048609547317028046,0.34513238072395325,0.49795570969581604,0.0,0.3512016236782074,-0.19476747512817383,0.47904640436172485,-0.10635538399219513,0.15543803572654724,0.5233321785926819,0.0,0.42386394739151,-0.22627459466457367,0.5267473459243774,-0.06797725707292557,0.18879364430904388,phase3_10b_future_rollout_audit_no_phase4_no_cps
old_state_action,hidden_high_friction,310003,3,11,0.0,0.0,0.0,0,0.0,nan,nan,0.12296698987483978,0.038581423461437225,0.45972099900245667,0.048665743321180344,0.02543950453400612,hidden_breakaway_pin,0,0.9425228834152222,0.0,0.3766653537750244,-0.26382625102996826,0.5281241536140442,0.03653871268033981,0.33639097213745117,0.0010396299185231328,0.012309779413044453,0.9425228834152222,0.0,0.3766653537750244,-0.26382625102996826,0.5281241536140442,0.03653871268033981,0.33639097213745117,0.5096782445907593,0.0,0.3515789210796356,-0.2070404589176178,0.48128649592399597,-0.11717566847801208,0.15779650211334229,0.6025044322013855,0.0,0.4231301546096802,-0.2354418784379959,0.5331997871398926,-0.08088038116693497,0.18974873423576355,phase3_10b_future_rollout_audit_no_phase4_no_cps
old_state_action,hidden_high_friction,310003,3,12,0.0,0.0,0.0,0,0.0,nan,nan,0.12253523617982864,0.03880836442112923,0.4568885564804077,0.046178121119737625,0.020687304437160492,hidden_high_friction,1,0.8627751469612122,0.0,0.3751053512096405,-0.26926088333129883,0.5300921201705933,0.06220372021198273,0.3659093677997589,0.005654098931699991,0.025740347802639008,0.8627751469612122,0.0,0.3751053512096405,-0.26926088333129883,0.5300921201705933,0.06220372021198273,0.3659093677997589,0.46179625391960144,0.0,0.356349378824234,-0.17673228681087494,0.4870467483997345,-0.07667545229196548,0.16460002958774567,0.5433762073516846,0.0,0.42546483874320984,-0.22172540426254272,0.527790367603302,-0.0467679500579834,0.20268355309963226,phase3_10b_future_rollout_audit_no_phase4_no_cps
old_state_action,hidden_high_friction,310003,3,13,0.0,0.0,0.0,0,0.0,nan,nan,0.12287704646587372,0.03877755627036095,0.4579184651374817,0.04597283527255058,0.020963488146662712,hidden_breakaway_pin,0,0.8155892491340637,0.0,0.3798421025276184,-0.2666345238685608,0.5156075358390808,0.033875685185194016,0.32975542545318604,0.005416140425950289,0.03181635960936546,0.8155892491340637,0.0,0.3798421025276184,-0.2666345238685608,0.5156075358390808,0.033875685185194016,0.32975542545318604,0.4915502369403839,0.0,0.35123544931411743,-0.1831546574831009,0.4628377854824066,-0.07974663376808167,0.152145653963089,0.515410840511322,0.0,0.42781269550323486,-0.23062627017498016,0.5179728269577026,-0.05482618510723114,0.1975715607404709,phase3_10b_future_rollout_audit_no_phase4_no_cps
old_state_action,hidden_high_friction,310003,3,14,0.0,0.0,0.0,0,0.0,nan,nan,0.12267313152551651,0.03950915113091469,0.45651867985725403,0.043779898434877396,0.019353128969669342,hidden_high_friction,1,0.874958336353302,0.0,0.38924235105514526,-0.2720983624458313,0.5482391715049744,0.04017585888504982,0.3504214286804199,0.01087281946092844,0.033234257251024246,0.874958336353302,0.0,0.38924235105514526,-0.2720983624458313,0.5482391715049744,0.04017585888504982,0.3504214286804199,0.45195138454437256,0.0,0.3568321466445923,-0.18888986110687256,0.498439222574234,-0.08369041234254837,0.17640717327594757,0.5554720163345337,0.0,0.43611156940460205,-0.22749626636505127,0.543950617313385,-0.05063604563474655,0.2071443796157837,phase3_10b_future_rollout_audit_no_phase4_no_cps
old_state_action,hidden_high_friction,310003,3,15,0.0,0.0,0.0,0,0.0,nan,nan,0.12227433919906616,0.03811322897672653,0.4590943455696106,0.050391245633363724,0.02230304293334484,hidden_high_friction,1,0.8241144418716431,0.0,0.3824230134487152,-0.26086387038230896,0.5125271677970886,0.04959520697593689,0.3366183638572693,0.013142190873622894,0.03693333640694618,0.8241144418716431,0.0,0.3824230134487152,-0.26086387038230896,0.5125271677970886,0.04959520697593689,0.3366183638572693,0.4959375560283661,0.0,0.3551345765590668,-0.1726742386817932,0.45928165316581726,-0.07948228716850281,0.13975462317466736,0.5266276001930237,0.0,0.42332425713539124,-0.22322161495685577,0.5155856609344482,-0.04036695510149002,0.20481207966804504,phase3_10b_future_rollout_audit_no_phase4_no_cps
phase39_default_geometry,free,310000,0,0,0.0,0.0,0.0,0,0.0,nan,nan,0.0192706398665905,0.03924291953444481,0.4543735682964325,0.042703572660684586,0.019208569079637527,hidden_high_friction,0,0.1655854433774948,0.0,0.47980818152427673,-0.07368402928113937,0.5158006548881531,0.020779132843017578,0.10108782351016998,nan,nan,0.216400608420372,0.0,0.47288206219673157,-0.0767909437417984,0.5088409781455994,0.013469897210597992,0.0971599817276001,0.1655854433774948,0.0,0.47980818152427673,-0.07368402928113937,0.5158006548881531,0.020779132843017578,0.10108782351016998,0.18565472960472107,0.0,0.4689239263534546,-0.07437418401241302,0.5318350195884705,0.003282405436038971,0.09994173794984818,phase3_10b_future_rollout_audit_no_phase4_no_cps
phase39_default_geometry,free,310000,0,1,0.0,0.0,0.0,0,0.0,nan,nan,0.05357176065444946,0.03926584869623184,0.4548715651035309,0.04305242374539375,0.019630510360002518,hidden_high_friction,0,0.21863633394241333,0.0,0.48994365334510803,-0.05014931410551071,0.5401976704597473,0.029261216521263123,0.09397605061531067,0.025624413043260574,0.025829443708062172,0.22936588525772095,0.0,0.48508912324905396,-0.0544186532497406,0.5306459069252014,0.009249413385987282,0.07828820496797562,0.21863633394241333,0.0,0.48994365334510803,-0.05014931410551071,0.5401976704597473,0.029261216521263123,0.09397605061531067,0.23732610046863556,0.0,0.48051607608795166,-0.053212836384773254,0.555381178855896,0.01492859423160553,0.10123259574174881,phase3_10b_future_rollout_audit_no_phase4_no_cps
phase39_default_geometry,free,310000,0,2,0.0,0.0,0.0,0,0.0,nan,nan,0.0527493879199028,0.03922512009739876,0.4559120833873749,0.044054120779037476,0.01980944722890854,free,1,0.12406589835882187,0.0,0.5224594473838806,-0.015125321224331856,0.504726231098175,0.0049724578857421875,0.026802754029631615,0.0477907620370388,0.0429903119802475,0.1367005705833435,0.0,0.5005060434341431,-0.03425394743680954,0.49453210830688477,-0.02250027097761631,0.013184718787670135,0.12406589835882187,0.0,0.5224594473838806,-0.015125321224331856,0.504726231098175,0.0049724578857421875,0.026802754029631615,0.0940701961517334,0.0,0.5050267577171326,-0.017676884308457375,0.5212178826332092,-0.014602560549974442,0.01648041233420372,phase3_10b_future_rollout_audit_no_phase4_no_cps
phase39_default_geometry,free,310000,0,3,0.0,0.0,0.0,0,0.0,nan,nan,0.05090504512190819,0.0388878658413887,0.4548371434211731,0.04385749623179436,0.019725941121578217,hidden_high_friction,0,0.23395167291164398,0.0,0.5213401913642883,-0.01857909932732582,0.5041047930717468,-0.04694918543100357,0.033195190131664276,0.0036306085530668497,0.05192536488175392,0.14634594321250916,0.0,0.4998341202735901,-0.017113689333200455,0.4827367961406708,-0.07236193120479584,0.057833265513181686,0.23395167291164398,0.0,0.5213401913642883,-0.01857909932732582,0.5041047930717468,-0.04694918543100357,0.033195190131664276,0.20112957060337067,0.0,0.5208465456962585,-0.009218724444508553,0.5155014395713806,-0.05476496368646622,0.04585880786180496,phase3_10b_future_rollout_audit_no_phase4_no_cps
phase39_default_geometry,free,310000,0,4,0.0,0.0,0.0,0,0.0,nan,nan,0.04729431867599487,0.03883103281259537,0.46100378036499023,0.0494857095181942,0.02244337648153305,hidden_high_friction,0,0.20945721864700317,0.0,0.5316318869590759,0.005740107968449593,0.5195509195327759,-0.011335236951708794,0.020916910842061043,0.02640724927186966,0.03881927579641342,0.12441717833280563,0.0,0.5027562975883484,0.02734929695725441,0.49205827713012695,-0.007961214520037174,0.036895524710416794,0.20945721864700317,0.0,0.5316318869590759,0.005740107968449593,0.5195509195327759,-0.011335236951708794,0.020916910842061043,0.166287362575531,0.0,0.5178731083869934,0.0082015972584486,0.525946855545044,-0.016931727528572083,0.02639828436076641,phase3_10b_future_rollout_audit_no_phase4_no_cps
phase39_default_geometry,free,310000,0,5,0.0,0.0,0.0,0,0.0,nan,nan,0.05072744935750961,0.0388428159058094,0.45898959040641785,0.047192756086587906,0.023701664060354233,hidden_breakaway_pin,0,0.1518142819404602,0.0,0.533110499382019,0.013588013127446175,0.4968961179256439,0.02007507160305977,0.03679080680012703,0.007985982112586498,0.03872786462306976,0.14054270088672638,0.0,0.5017232894897461,0.008311368525028229,0.4740220904350281,-0.0026844702661037445,0.029803773388266563,0.1518142819404602,0.0,0.533110499382019,0.013588013127446175,0.4968961179256439,0.02007507160305977,0.03679080680012703,0.14808164536952972,0.0,0.5228773951530457,0.007583755999803543,0.5057141780853271,0.015914171934127808,0.019078046083450317,phase3_10b_future_rollout_audit_no_phase4_no_cps
phase39_default_geometry,free,310000,0,6,0.0,0.0,0.0,0,0.0,nan,nan,0.04830765351653099,0.03848787769675255,0.4611096978187561,0.04969299957156181,0.021695325151085854,hidden_high_friction,0,0.18113914132118225,0.0,0.5177642107009888,0.001455923542380333,0.4994009733200073,-0.011813011020421982,0.022655531764030457,0.019562620669603348,0.031986311078071594,0.16594460606575012,0.0,0.4958355128765106,0.027612026780843735,0.4760356843471527,-0.04414104297757149,0.0744347795844078,0.18113914132118225,0.0,0.5177642107009888,0.001455923542380333,0.4994009733200073,-0.011813011020421982,0.022655531764030457,0.15950395166873932,0.0,0.5067347884178162,0.011796200647950172,0.506321907043457,-0.011397009715437889,0.023196885362267494,phase3_10b_future_rollout_audit_no_phase4_no_cps
phase39_default_geometry,free,310000,0,7,0.0,0.0,0.0,0,0.0,nan,nan,0.04694448038935661,0.039167776703834534,0.462303102016449,0.04614702984690666,0.02413107641041279,hidden_breakaway_pin,0,0.1556178331375122,0.0,0.5296623110771179,-0.006826999597251415,0.513680636882782,-0.018860358744859695,0.02000539004802704,0.014497295953333378,0.015924004837870598,0.16386984288692474,0.0,0.4926758408546448,0.006975442171096802,0.48878103494644165,-0.01602577418088913,0.023328639566898346,0.1556178331375122,0.0,0.5296623110771179,-0.006826999597251415,0.513680636882782,-0.018860358744859695,0.02000539004802704,0.15553230047225952,0.0,0.5201671123504639,-0.003802165389060974,0.5252122282981873,-0.014698654413223267,0.012007774785161018,phase3_10b_future_rollout_audit_no_phase4_no_cps
phase39_default_geometry,free,310000,0,8,0.0,0.0,0.0,0,0.0,nan,nan,0.04931517317891121,0.03966338187456131,0.45302873849868774,0.04268074780702591,0.019385885447263718,hidden_high_friction,0,0.23046338558197021,0.0,0.5383037328720093,0.008260592818260193,0.5371578335762024,0.018136560916900635,0.009942224249243736,0.01738705299794674,0.043817244470119476,0.15419507026672363,0.0,0.5040315389633179,0.012862037867307663,0.5006270408630371,-0.025515468791127205,0.03852822259068489,0.23046338558197021,0.0,0.5383037328720093,0.008260592818260193,0.5371578335762024,0.018136560916900635,0.009942224249243736,0.1883312463760376,0.0,0.5237624645233154,0.025442486628890038,0.5506628751754761,0.014463309198617935,0.029054680839180946,phase3_10b_future_rollout_audit_no_phase4_no_cps
phase39_default_geometry,free,310000,0,9,0.0,0.0,0.0,0,0.0,nan,nan,0.051844917237758636,0.039704907685518265,0.4572681188583374,0.042672231793403625,0.018332241103053093,hidden_high_friction,0,0.2615949809551239,0.0,0.5306798815727234,-0.003804445266723633,0.5503414869308472,-0.0222830381244421,0.02698216214776039,0.014271939173340797,0.04251532256603241,0.139704629778862,0.0,0.5056608319282532,0.011915188282728195,0.5061815977096558,-0.03704405948519707,0.04896201938390732,0.2615949809551239,0.0,0.5306798815727234,-0.003804445266723633,0.5503414869308472,-0.0222830381244421,0.02698216214776039,0.2118346393108368,0.0,0.5175129771232605,0.015701984986662865,0.5517666339874268,-0.017758149653673172,0.04788416624069214,phase3_10b_future_rollout_audit_no_phase4_no_cps
phase39_default_geometry,free,310000,0,10,0.0,0.0,0.0,0,0.0,nan,nan,0.049438126385211945,0.039889659732580185,0.4544895887374878,0.044754575937986374,0.019708849489688873,hidden_high_friction,0,0.22883471846580505,0.0,0.5337721705436707,0.0004526134580373764,0.5442044734954834,-0.02066817134618759,0.023556750267744064,0.0052616349421441555,0.006345922127366066,0.1369444727897644,0.0,0.503561794757843,0.015941113233566284,0.5015015006065369,-0.022306421771645546,0.038302984088659286,0.22883471846580505,0.0,0.5337721705436707,0.0004526134580373764,0.5442044734954834,-0.02066817134618759,0.023556750267744064,0.17308127880096436,0.0,0.5276138782501221,0.012734109535813332,0.5510440468788147,-0.016383949667215347,0.03737424314022064,phase3_10b_future_rollout_audit_no_phase4_no_cps
phase39_default_geometry,free,310000,0,11,0.0,0.0,0.0,0,0.0,nan,nan,0.04868374392390251,0.03966484218835831,0.46130722761154175,0.04409143701195717,0.02361801639199257,hidden_breakaway_pin,0,0.2437521368265152,0.0,0.5174334049224854,-0.0064891017973423,0.5221274495124817,-0.0454057976603508,0.03919876739382744,0.017752258107066154,0.0331563726067543,0.14279350638389587,0.0,0.4953920841217041,0.014463100582361221,0.4874330163002014,-0.04444626718759537,0.059444598853588104,0.2437521368265152,0.0,0.5174334049224854,-0.0064891017973423,0.5221274495124817,-0.0454057976603508,0.03919876739382744,0.16531184315681458,0.0,0.5107622146606445,-0.0035894587635993958,0.5234825015068054,-0.04729413241147995,0.0455181747674942,phase3_10b_future_rollout_audit_no_phase4_no_cps
phase39_default_geometry,free,310000,0,12,0.0,0.0,0.0,0,0.0,nan,nan,0.047549761831760406,0.0389823392033577,0.4568430781364441,0.04308663308620453,0.019461113959550858,hidden_high_friction,0,0.1997787058353424,0.0,0.5276230573654175,0.004518385976552963,0.5148331522941589,-0.033245235681533813,0.03987070173025131,0.014999792911112309,0.014180481433868408,0.16500768065452576,0.0,0.49813511967658997,0.016263600438833237,0.4886787533760071,-0.014097439125180244,0.031799618154764175,0.1997787058353424,0.0,0.5276230573654175,0.004518385976552963,0.5148331522941589,-0.033245235681533813,0.03987070173025131,0.18662436306476593,0.0,0.5144868493080139,0.008936839178204536,0.5304824113845825,-0.03039400279521942,0.04245907440781593,phase3_10b_future_rollout_audit_no_phase4_no_cps
phase39_default_geometry,free,310000,0,13,0.0,0.0,0.0,0,0.0,nan,nan,0.049514833837747574,0.03926742821931839,0.4575135409832001,0.043868064880371094,0.020109834149479866,hidden_high_friction,0,0.28889140486717224,0.0,0.5338795781135559,0.0005672946572303772,0.519371509552002,-0.01044720783829689,0.018215468153357506,0.007399674039334059,0.02324535883963108,0.12080182880163193,0.0,0.5039042234420776,0.014792494475841522,0.4954124093055725,-0.01455078274011612,0.03054732084274292,0.28889140486717224,0.0,0.5338795781135559,0.0005672946572303772,0.519371509552002,-0.01044720783829689,0.018215468153357506,0.22796373069286346,0.0,0.5183624029159546,0.008531320840120316,0.5318470597267151,-0.022269587963819504,0.033623386174440384,phase3_10b_future_rollout_audit_no_phase4_no_cps
phase39_default_geometry,free,310000,0,14,0.0,0.0,0.0,0,0.0,nan,nan,0.05109989270567894,0.03825957328081131,0.4595129191875458,0.051246438175439835,0.026158345863223076,hidden_breakaway_pin,0,0.22624646127223969,0.0,0.5393655896186829,-0.03204271197319031,0.5459693670272827,-0.03474845364689827,0.007136589847505093,0.03306824341416359,0.03602771833539009,0.27344051003456116,0.0,0.5014491081237793,0.00228007510304451,0.5149456262588501,-0.01154372375458479,0.019319767132401466,0.22624646127223969,0.0,0.5393655896186829,-0.03204271197319031,0.5459693670272827,-0.03474845364689827,0.007136589847505093,0.19294171035289764,0.0,0.5324909687042236,-0.015133815817534924,0.5516934990882874,-0.03327028453350067,0.026413418352603912,phase3_10b_future_rollout_audit_no_phase4_no_cps
phase39_default_geometry,free,310000,0,15,0.0,0.0,0.0,0,0.0,nan,nan,0.05005395784974098,0.03893713653087616,0.45695286989212036,0.045437924563884735,0.02007976733148098,hidden_high_friction,0,0.21793170273303986,0.0,0.5318865180015564,0.016646498814225197,0.5236268639564514,0.006741367280483246,0.012897035107016563,0.04926028102636337,0.04712316393852234,0.20392434298992157,0.0,0.5069100856781006,0.0068816691637039185,0.5010555386543274,0.01689746230840683,0.011601371690630913,0.21793170273303986,0.0,0.5318865180015564,0.016646498814225197,0.5236268639564514,0.006741367280483246,0.012897035107016563,0.19591382145881653,0.0,0.5242199301719666,0.016456639394164085,0.5285841226577759,0.003255452960729599,0.013903866522014141,phase3_10b_future_rollout_audit_no_phase4_no_cps
phase39_default_geometry,free,310001,1,0,0.0,0.08333333333333333,0.08333333333333333,0,0.08333333333333333,nan,nan,0.01695859618484974,0.039530009031295776,0.4576526880264282,0.04590922221541405,0.02372518740594387,hidden_breakaway_pin,0,0.6574640870094299,0.0,0.6935144066810608,0.2072845995426178,0.5269399285316467,-0.057661402970552444,0.3129591643810272,nan,nan,0.534613847732544,0.0,0.7017640471458435,0.15510869026184082,0.5121763348579407,-0.0828724056482315,0.30426716804504395,0.6574640870094299,0.0,0.6935144066810608,0.2072845995426178,0.5269399285316467,-0.057661402970552444,0.3129591643810272,0.6133641004562378,0.0,0.7069447040557861,0.2029113620519638,0.5128257870674133,-0.05259767174720764,0.32088473439216614,phase3_10b_future_rollout_audit_no_phase4_no_cps
phase39_default_geometry,free,310001,1,1,0.08333333333333333,0.08333333333333333,0.0,0,0.0,nan,nan,0.08213737607002258,0.038730934262275696,0.458198606967926,0.046215686947107315,0.02047896198928356,hidden_high_friction,0,0.4325428009033203,0.0,0.6428349018096924,0.07449602335691452,0.5248473882675171,-0.030293332412838936,0.1578032374382019,0.1421309858560562,0.027447951957583427,0.3498983681201935,0.0,0.6655272841453552,0.08200250566005707,0.5209113359451294,0.007164832204580307,0.162832573056221,0.4325428009033203,0.0,0.6428349018096924,0.07449602335691452,0.5248473882675171,-0.030293332412838936,0.1578032374382019,0.4355606436729431,0.0,0.6468926072120667,0.0809246301651001,0.5355485081672668,-0.05146618187427521,0.17298796772956848,phase3_10b_future_rollout_audit_no_phase4_no_cps
phase39_default_geometry,free,310001,1,2,0.08333333333333333,0.08333333333333333,0.0,0,0.0,nan,nan,0.0664861723780632,0.03933383896946907,0.4565783739089966,0.04370441660284996,0.018573401495814323,hidden_high_friction,0,0.2936595678329468,0.0,0.6028715968132019,0.0237604770809412,0.5133204460144043,-0.051901429891586304,0.11723536998033524,0.06458453088998795,0.024490410462021828,0.30854856967926025,0.0,0.6291704177856445,0.041011352092027664,0.502354621887207,-0.026324905455112457,0.14358417689800262,0.2936595678329468,0.0,0.6028715968132019,0.0237604770809412,0.5133204460144043,-0.051901429891586304,0.11723536998033524,0.2755855321884155,0.0,0.6060690879821777,0.0372515544295311,0.5174587965011597,-0.03447582200169563,0.11400263756513596,phase3_10b_future_rollout_audit_no_phase4_no_cps
phase39_default_geometry,free,310001,1,3,0.08333333333333333,0.375,0.2916666666666667,0,0.2916666666666667,nan,nan,0.056314315646886826,0.03758029267191887,0.4628411829471588,0.05263010412454605,0.024785490706562996,hidden_high_friction,0,0.303850919008255,0.0,0.5850634574890137,0.016104629263281822,0.5431289672851562,-0.0722610205411911,0.09781099110841751,0.01938406191766262,0.0360979363322258,0.2939458191394806,0.0,0.6110747456550598,-0.002686835825443268,0.5070011615753174,-0.062277983874082565,0.11992671340703964,0.303850919008255,0.0,0.5850634574890137,0.016104629263281822,0.5431289672851562,-0.0722610205411911,0.09781099110841751,0.24113710224628448,0.0,0.5838464498519897,0.017941704019904137,0.5286039113998413,-0.05448537319898605,0.09109017252922058,phase3_10b_future_rollout_audit_no_phase4_no_cps
phase39_default_geometry,free,310001,1,4,0.375,0.375,0.0,0,0.0,nan,nan,0.05567660927772522,0.037814173847436905,0.45687127113342285,0.050906214863061905,0.026612907648086548,hidden_breakaway_pin,0,0.3173554241657257,0.0,0.5627248883247375,0.086360402405262,0.44724905490875244,0.07177925854921341,0.11639277637004852,0.07372166961431503,0.17303340137004852,0.16966679692268372,0.0,0.5891911387443542,-0.029570573940873146,0.47874483466148376,0.04717119783163071,0.1344904601573944,0.3173554241657257,0.0,0.5627248883247375,0.086360402405262,0.44724905490875244,0.07177925854921341,0.11639277637004852,0.3657984435558319,0.0,0.5784741640090942,0.06329809129238129,0.45003026723861694,0.050606489181518555,0.12906940281391144,phase3_10b_future_rollout_audit_no_phase4_no_cps
phase39_default_geometry,free,310001,1,5,0.375,0.6666666666666666,0.29166666666666663,0,0.29166666666666663,nan,nan,0.05480119213461876,0.037471022456884384,0.4585811197757721,0.050044674426317215,0.02355574071407318,hidden_high_friction,0,0.35548800230026245,0.0,0.5838299989700317,0.03206011652946472,0.4759129583835602,0.02742450311779976,0.10801655799150467,0.058257587254047394,0.05281063914299011,0.23692643642425537,0.0,0.5858321785926819,-0.03304842486977577,0.4627196490764618,0.013498280197381973,0.1316179782152176,0.35548800230026245,0.0,0.5838299989700317,0.03206011652946472,0.4759129583835602,0.02742450311779976,0.10801655799150467,0.3741835355758667,0.0,0.5855016112327576,0.04703269898891449,0.4613344371318817,0.03368429094552994,0.12488261610269547,phase3_10b_future_rollout_audit_no_phase4_no_cps
phase39_default_geometry,free,310001,1,6,0.6666666666666666,0.6666666666666666,0.0,0,0.0,nan,nan,0.05083797499537468,0.03893975913524628,0.46232521533966064,0.04718360677361488,0.024432484060525894,hidden_breakaway_pin,0,0.2797449827194214,0.0,0.5610624551773071,-0.007213364355266094,0.4960658848285675,-0.0015574581921100616,0.06524218618869781,0.04539567604660988,0.03530006483197212,0.126985102891922,0.0,0.5719757676124573,-0.03577766567468643,0.4991821050643921,-0.029378440231084824,0.07307439297437668,0.2797449827194214,0.0,0.5610624551773071,-0.007213364355266094,0.4960658848285675,-0.0015574581921100616,0.06524218618869781,0.300930917263031,0.0,0.5417012572288513,0.0064475685358047485,0.4829784035682678,-0.003497980535030365,0.059559110552072525,phase3_10b_future_rollout_audit_no_phase4_no_cps
phase39_default_geometry,free,310001,1,7,0.6666666666666666,0.6666666666666666,0.0,0,0.0,nan,nan,0.0502728596329689,0.03996805101633072,0.45290881395339966,0.04181799292564392,0.018485132604837418,hidden_high_friction,0,0.16026344895362854,0.0,0.5594412088394165,0.017671803012490273,0.5305347442626953,0.023521434515714645,0.02949240431189537,0.02493792213499546,0.04262690618634224,0.11448435485363007,0.0,0.5580295324325562,0.0018016062676906586,0.507935643196106,0.020378433167934418,0.05342748761177063,0.16026344895362854,0.0,0.5594412088394165,0.017671803012490273,0.5305347442626953,0.023521434515714645,0.02949240431189537,0.1809716671705246,0.0,0.5649607181549072,0.025236116722226143,0.5266221761703491,0.034203432500362396,0.03937329724431038,phase3_10b_future_rollout_audit_no_phase4_no_cps
phase39_default_geometry,free,310001,1,8,0.6666666666666666,0.6666666666666666,0.0,0,0.0,nan,nan,0.04871198534965515,0.039765916764736176,0.45724281668663025,0.04302944988012314,0.018285294994711876,hidden_high_friction,0,0.21454280614852905,0.0,0.5514559149742126,0.0030448678880929947,0.5403485894203186,0.002180241048336029,0.011140926741063595,0.016664698719978333,0.023489531129598618,0.11257748305797577,0.0,0.5375962853431702,-0.006779080256819725,0.4977776110172272,-0.019994545727968216,0.041954442858695984,0.21454280614852905,0.0,0.5514559149742126,0.0030448678880929947,0.5403485894203186,0.002180241048336029,0.011140926741063595,0.18368203938007355,0.0,0.5494018793106079,0.0286038126796484,0.5406039357185364,0.007488992065191269,0.02287442795932293,phase3_10b_future_rollout_audit_no_phase4_no_cps
phase39_default_geometry,free,310001,1,9,0.6666666666666666,0.6666666666666666,0.0,0,0.0,nan,nan,0.04805696755647659,0.04001818597316742,0.45476987957954407,0.04363396018743515,0.018982745707035065,hidden_high_friction,0,0.21994085609912872,0.0,0.5517333149909973,-0.003391563892364502,0.5397787690162659,-0.003282323479652405,0.01195504516363144,0.006442406680434942,0.005492204334586859,0.13127551972866058,0.0,0.5446018576622009,-0.012399924919009209,0.5079007148742676,0.0026960819959640503,0.03968454897403717,0.21994085609912872,0.0,0.5517333149909973,-0.003391563892364502,0.5397787690162659,-0.003282323479652405,0.01195504516363144,0.21762539446353912,0.0,0.5510206818580627,0.0013214144855737686,0.5412194132804871,-0.00796210765838623,0.013499950058758259,phase3_10b_future_rollout_audit_no_phase4_no_cps
phase39_default_geometry,free,310001,1,10,0.6666666666666666,0.6666666666666666,0.0,0,0.0,nan,nan,0.048357412219047546,0.03956512734293938,0.4613785147666931,0.04415346309542656,0.023426176980137825,hidden_breakaway_pin,0,0.17517665028572083,0.0,0.5424383878707886,-0.01156589575111866,0.5294079184532166,-0.042120736092329025,0.03321733698248863,0.012378019280731678,0.040199216455221176,0.10728590935468674,0.0,0.53656405210495,-0.012292446568608284,0.49924296140670776,-0.031552754342556,0.041997894644737244,0.17517665028572083,0.0,0.5424383878707886,-0.01156589575111866,0.5294079184532166,-0.042120736092329025,0.03321733698248863,0.1908799707889557,0.0,0.5371612906455994,-0.012685171328485012,0.5197852849960327,-0.044718481600284576,0.03644253686070442,phase3_10b_future_rollout_audit_no_phase4_no_cps
phase39_default_geometry,free,310001,1,11,0.6666666666666666,0.625,-0.04166666666666663,0,-0.04166666666666663,nan,nan,0.049096185714006424,0.0393422432243824,0.4547376036643982,0.04053599387407303,0.018349284306168556,hidden_high_friction,0,0.15259601175785065,0.0,0.54718416929245,0.02217612974345684,0.5165138840675354,-0.0015892349183559418,0.03880024328827858,0.03407413512468338,0.0425330325961113,0.16875942051410675,0.0,0.5316069722175598,0.006912712007761002,0.4949766993522644,0.006927536800503731,0.03663027659058571,0.15259601175785065,0.0,0.54718416929245,0.02217612974345684,0.5165138840675354,-0.0015892349183559418,0.03880024328827858,0.15000028908252716,0.0,0.5495960712432861,0.027192896232008934,0.5295308828353882,0.005980558693408966,0.029198888689279556,phase3_10b_future_rollout_audit_no_phase4_no_cps
phase39_default_geometry,free,310001,1,12,0.625,0.625,0.0,0,0.0,nan,nan,0.05011837184429169,0.03969845920801163,0.45545339584350586,0.04246098920702934,0.019505653530359268,hidden_high_friction,0,0.18357029557228088,0.0,0.5522240400314331,0.010526733472943306,0.5142801403999329,0.01670563593506813,0.03844370320439339,0.012692861258983612,0.01843073219060898,0.15981711447238922,0.0,0.5344070792198181,-0.0019395314157009125,0.48919975757598877,0.015239492058753967,0.04836135730147362,0.18357029557228088,0.0,0.5522240400314331,0.010526733472943306,0.5142801403999329,0.01670563593506813,0.03844370320439339,0.1937606781721115,0.0,0.5435373783111572,0.020400846377015114,0.5170760750770569,0.01387672871351242,0.027253709733486176,phase3_10b_future_rollout_audit_no_phase4_no_cps
phase39_default_geometry,free,310001,1,13,0.625,0.7083333333333334,0.08333333333333337,0,0.08333333333333337,nan,nan,0.04937421903014183,0.0386265367269516,0.46045738458633423,0.04942815750837326,0.025287671014666557,hidden_breakaway_pin,0,0.09164327383041382,0.0,0.5436207056045532,-0.03448022902011871,0.5162436366081238,-0.04050949588418007,0.028033122420310974,0.04582187160849571,0.057248812168836594,0.19079016149044037,0.0,0.526685357093811,-0.021974699571728706,0.49621373414993286,-0.013597054407000542,0.03160228952765465,0.09164327383041382,0.0,0.5436207056045532,-0.03448022902011871,0.5162436366081238,-0.04050949588418007,0.028033122420310974,0.10214109718799591,0.0,0.5337954163551331,-0.019908050075173378,0.5196638703346252,-0.030572941526770592,0.017704252153635025,phase3_10b_future_rollout_audit_no_phase4_no_cps
phase39_default_geometry,free,310001,1,14,0.7083333333333334,0.7083333333333334,0.0,0,0.0,nan,nan,0.04803158715367317,0.03820061683654785,0.45704904198646545,0.04804754629731178,0.021121157333254814,hidden_high_friction,0,0.11262612044811249,0.0,0.5461246371269226,-0.007166678085923195,0.5211235880851746,-0.015106176026165485,0.0262314323335886,0.02742808312177658,0.02586779184639454,0.16994014382362366,0.0,0.5271009802818298,-0.01600387506186962,0.4980604946613312,-0.014069342985749245,0.029104847460985184,0.11262612044811249,0.0,0.5461246371269226,-0.007166678085923195,0.5211235880851746,-0.015106176026165485,0.0262314323335886,0.09788129478693008,0.0,0.531281590461731,0.01527814008295536,0.5222404599189758,-0.008295489475131035,0.025247931480407715,phase3_10b_future_rollout_audit_no_phase4_no_cps
phase39_default_geometry,free,310001,1,15,0.7083333333333334,0.7916666666666666,0.08333333333333326,0,0.08333333333333326,nan,nan,0.050240159034729004,0.037452224642038345,0.4600369930267334,0.049439992755651474,0.023553600534796715,hidden_breakaway_pin,0,0.15086857974529266,0.0,0.5388792753219604,0.03524281829595566,0.49191775918006897,0.023292861878871918,0.04845808073878288,0.04302395135164261,0.048243820667266846,0.1507507711648941,0.0,0.5306713581085205,-0.006754253059625626,0.47609779238700867,0.007120467722415924,0.05630969628691673,0.15086857974529266,0.0,0.5388792753219604,0.03524281829595566,0.49191775918006897,0.023292861878871918,0.04845808073878288,0.19075895845890045,0.0,0.5406404137611389,0.034170351922512054,0.5008221864700317,0.024081509560346603,0.04107646644115448,phase3_10b_future_rollout_audit_no_phase4_no_cps
phase39_default_geometry,free,310002,2,0,0.0,0.0,0.0,0,0.0,nan,nan,0.014579998329281807,0.03917539864778519,0.45546039938926697,0.04402416944503784,0.0201617032289505,free,1,0.27542319893836975,0.0,0.6084349155426025,-0.020406724885106087,0.49915099143981934,0.004876516759395599,0.11217048764228821,nan,nan,0.2064589112997055,0.0,0.6043834686279297,-0.0009197145700454712,0.48531728982925415,0.003334011882543564,0.11914213746786118,0.27542319893836975,0.0,0.6084349155426025,-0.020406724885106087,0.49915099143981934,0.004876516759395599,0.11217048764228821,0.26417091488838196,0.0,0.6059268712997437,-0.006904475390911102,0.5118710994720459,0.0010071992874145508,0.09438793361186981,phase3_10b_future_rollout_audit_no_phase4_no_cps
phase39_default_geometry,free,310002,2,1,0.0,0.0,0.0,0,0.0,nan,nan,0.05361323058605194,0.03929222375154495,0.4548889994621277,0.042783744633197784,0.018518764525651932,hidden_high_friction,0,0.2048443704843521,0.0,0.5914821624755859,-0.014388540759682655,0.5025679469108582,-0.04206234961748123,0.09312130510807037,0.01798928529024124,0.04706307128071785,0.17739462852478027,0.0,0.5899047255516052,-0.02010585181415081,0.4842865467071533,-0.022256726399064064,0.10564007610082626,0.2048443704843521,0.0,0.5914821624755859,-0.014388540759682655,0.5025679469108582,-0.04206234961748123,0.09312130510807037,0.2008945196866989,0.0,0.5988265872001648,0.0026909001171588898,0.5032132267951965,-0.0327298566699028,0.10196344554424286,phase3_10b_future_rollout_audit_no_phase4_no_cps
phase39_default_geometry,free,310002,2,2,0.0,0.0,0.0,0,0.0,nan,nan,0.04754045978188515,0.03900701552629471,0.45966053009033203,0.04694987088441849,0.020959435030817986,hidden_high_friction,0,0.19594670832157135,0.0,0.5461564064025879,0.003909148275852203,0.5348041653633118,0.020496346056461334,0.020099962130188942,0.04887974634766579,0.07037587463855743,0.10337530076503754,0.0,0.5542570352554321,-0.015509286895394325,0.5162513256072998,0.015971340239048004,0.04935041815042496,0.19594670832157135,0.0,0.5461564064025879,0.003909148275852203,0.5348041653633118,0.020496346056461334,0.020099962130188942,0.16888321936130524,0.0,0.541891872882843,0.00674854964017868,0.5288286209106445,0.02046176791191101,0.01893940009176731,phase3_10b_future_rollout_audit_no_phase4_no_cps
phase39_default_geometry,free,310002,2,3,0.0,0.0,0.0,0,0.0,nan,nan,0.04644365236163139,0.03962598368525505,0.4571346342563629,0.044592853635549545,0.022836973890662193,hidden_breakaway_pin,0,0.12473436444997787,0.0,0.5301606059074402,0.02210191823542118,0.49772000312805176,0.007179424166679382,0.03570817410945892,0.02422483265399933,0.039402734488248825,0.13316844403743744,0.0,0.5334219932556152,-0.014623543247580528,0.47896304726600647,0.02798917144536972,0.06914926320314407,0.12473436444997787,0.0,0.5301606059074402,0.02210191823542118,0.49772000312805176,0.007179424166679382,0.03570817410945892,0.20140403509140015,0.0,0.5397729277610779,0.011959457769989967,0.5068110823631287,0.005479082465171814,0.0335928350687027,phase3_10b_future_rollout_audit_no_phase4_no_cps
phase39_default_geometry,free,310002,2,4,0.0,0.0,0.0,0,0.0,nan,nan,0.04706241562962532,0.03891414403915405,0.46068912744522095,0.04775605723261833,0.024741563946008682,hidden_breakaway_pin,0,0.0622861348092556,0.0,0.5289306640625,-0.00682385079562664,0.5046380162239075,-0.02610172890126705,0.031012406572699547,0.02895190753042698,0.03399256244301796,0.15968233346939087,0.0,0.514724850654602,-0.016603879630565643,0.48521971702575684,-0.03838501125574112,0.03667384013533592,0.0622861348092556,0.0,0.5289306640625,-0.00682385079562664,0.5046380162239075,-0.02610172890126705,0.031012406572699547,0.07104288041591644,0.0,0.5138128399848938,-0.015634983777999878,0.5126180052757263,-0.033448342233896255,0.0178533848375082,phase3_10b_future_rollout_audit_no_phase4_no_cps
phase39_default_geometry,free,310002,2,5,0.0,0.0,0.0,0,0.0,nan,nan,0.039324041455984116,0.039295341819524765,0.4615221917629242,0.04546443372964859,0.0236516073346138,hidden_breakaway_pin,0,0.08675915002822876,0.0,0.5253694653511047,-0.029182221740484238,0.4967600107192993,-0.014784013852477074,0.032028257846832275,0.022640204057097435,0.01378962118178606,0.1435127556324005,0.0,0.5025197863578796,-0.02630763128399849,0.4844180941581726,0.009043149650096893,0.039715852588415146,0.08675915002822876,0.0,0.5253694653511047,-0.029182221740484238,0.4967600107192993,-0.014784013852477074,0.032028257846832275,0.0467349998652935,0.0,0.5188077092170715,-0.022672278806567192,0.5091544389724731,-0.024178195744752884,0.009770026430487633,phase3_10b_future_rollout_audit_no_phase4_no_cps
phase39_default_geometry,free,310002,2,6,0.0,0.0,0.0,0,0.0,nan,nan,0.040045928210020065,0.03993980213999748,0.45294615626335144,0.04143087938427925,0.018322287127375603,hidden_high_friction,0,0.13763579726219177,0.0,0.5363521575927734,0.0005673933774232864,0.5182790160179138,0.0184047669172287,0.02539311721920967,0.0317121297121048,0.03955455496907234,0.18442626297473907,0.0,0.5082108974456787,-0.01663525588810444,0.49483776092529297,0.017482545226812363,0.03664512559771538,0.13763579726219177,0.0,0.5363521575927734,0.0005673933774232864,0.5182790160179138,0.0184047669172287,0.02539311721920967,0.13628478348255157,0.0,0.5337201356887817,0.011917704716324806,0.5389073491096497,0.011794235557317734,0.005188682582229376,phase3_10b_future_rollout_audit_no_phase4_no_cps
phase39_default_geometry,free,310002,2,7,0.0,0.0,0.0,0,0.0,nan,nan,0.04328485205769539,0.03975144028663635,0.45770370960235596,0.04336929693818092,0.018289711326360703,hidden_high_friction,0,0.1935853660106659,0.0,0.5316864252090454,-0.00957802776247263,0.5274922251701355,-0.018744003027677536,0.010080001316964626,0.011166853830218315,0.03827419877052307,0.09726805984973907,0.0,0.5206478238105774,-0.014757629483938217,0.5058571100234985,-0.02356703206896782,0.01721542328596115,0.1935853660106659,0.0,0.5316864252090454,-0.00957802776247263,0.5274922251701355,-0.018744003027677536,0.010080001316964626,0.15272749960422516,0.0,0.5305436253547668,0.006182586774230003,0.5401320457458496,-0.018565241247415543,0.026540398597717285,phase3_10b_future_rollout_audit_no_phase4_no_cps
phase39_default_geometry,free,310002,2,8,0.0,0.0,0.0,0,0.0,nan,nan,0.04214567318558693,0.04009775072336197,0.4546763598918915,0.042654186487197876,0.018711397424340248,hidden_high_friction,0,0.1382041722536087,0.0,0.530424952507019,-0.008327314630150795,0.5225692987442017,-0.016420334577560425,0.011278664693236351,0.0017763999057933688,0.005443770904093981,0.12805767357349396,0.0,0.5126051902770996,-0.011781247332692146,0.5002067685127258,-0.0025148335844278336,0.015478607267141342,0.1382041722536087,0.0,0.530424952507019,-0.008327314630150795,0.5225692987442017,-0.016420334577560425,0.011278664693236351,0.1175762340426445,0.0,0.538405179977417,-0.006461702287197113,0.5398623943328857,-0.012439316138625145,0.006152669433504343,phase3_10b_future_rollout_audit_no_phase4_no_cps
phase39_default_geometry,free,310002,2,9,0.0,0.0,0.0,0,0.0,nan,nan,0.040284693241119385,0.03960826247930527,0.4619061350822449,0.04432910308241844,0.023477038368582726,hidden_breakaway_pin,0,0.15405084192752838,0.0,0.5173736810684204,-0.027177656069397926,0.517431914806366,-0.051813818514347076,0.02463623136281967,0.02292751707136631,0.035764388740062714,0.11536012589931488,0.0,0.5072253346443176,-0.026818061247467995,0.4928167462348938,-0.043118998408317566,0.02175610326230526,0.15405084192752838,0.0,0.5173736810684204,-0.027177656069397926,0.517431914806366,-0.051813818514347076,0.02463623136281967,0.10952220857143402,0.0,0.5179887413978577,-0.0346827507019043,0.5199399590492249,-0.06231579929590225,0.027701852843165398,phase3_10b_future_rollout_audit_no_phase4_no_cps
phase39_default_geometry,free,310002,2,10,0.0,0.0,0.0,0,0.0,nan,nan,0.03864238038659096,0.039345771074295044,0.45528799295425415,0.04034733772277832,0.018280405551195145,hidden_high_friction,0,0.14793476462364197,0.0,0.5248757600784302,0.010134877637028694,0.5046166181564331,-0.011909879744052887,0.029940009117126465,0.03805924952030182,0.0419112890958786,0.13989156484603882,0.0,0.5044766068458557,-0.01447499543428421,0.4875527024269104,0.003117743879556656,0.024411534890532494,0.14793476462364197,0.0,0.5248757600784302,0.010134877637028694,0.5046166181564331,-0.011909879744052887,0.029940009117126465,0.12069655954837799,0.0,0.5192450881004333,0.013084670528769493,0.5275681614875793,-0.015403908677399158,0.029679499566555023,phase3_10b_future_rollout_audit_no_phase4_no_cps
phase39_default_geometry,free,310002,2,11,0.0,0.0,0.0,0,0.0,nan,nan,0.04029877483844757,0.03989900276064873,0.45477426052093506,0.04157436266541481,0.018773086369037628,hidden_high_friction,0,0.16995961964130402,0.0,0.5317632555961609,-0.0007097329944372177,0.510743260383606,-0.012469634413719177,0.02408600226044655,0.012846913188695908,0.006152159534394741,0.13053753972053528,0.0,0.5077387094497681,-0.015556233003735542,0.49045342206954956,-0.005287736654281616,0.020105302333831787,0.16995961964130402,0.0,0.5317632555961609,-0.0007097329944372177,0.510743260383606,-0.012469634413719177,0.02408600226044655,0.1374012976884842,0.0,0.5251193642616272,-0.0008510053157806396,0.5298877358436584,-0.02680070511996746,0.02638416737318039,phase3_10b_future_rollout_audit_no_phase4_no_cps
phase39_default_geometry,free,310002,2,12,0.0,0.0,0.0,0,0.0,nan,nan,0.04386965557932854,0.03850182890892029,0.4608571529388428,0.05041739344596863,0.02534748613834381,hidden_breakaway_pin,0,0.07946395128965378,0.0,0.5195014476776123,-0.05067957937717438,0.5117158889770508,-0.05022712051868439,0.007798695005476475,0.051452282816171646,0.03777001053094864,0.17985370755195618,0.0,0.5010517239570618,-0.02341490238904953,0.49584510922431946,-0.026822529733181,0.006222601048648357,0.07946395128965378,0.0,0.5195014476776123,-0.05067957937717438,0.5117158889770508,-0.05022712051868439,0.007798695005476475,0.0795670598745346,0.0,0.5200574994087219,-0.036347609013319016,0.5232263803482056,-0.05304991826415062,0.017000263556838036,phase3_10b_future_rollout_audit_no_phase4_no_cps
phase39_default_geometry,free,310002,2,13,0.0,0.0,0.0,0,0.0,nan,nan,0.03907948359847069,0.03849729523062706,0.45714816451072693,0.04720679298043251,0.021106837317347527,hidden_high_friction,0,0.08020082116127014,0.0,0.5173051357269287,0.0011226516216993332,0.4977453649044037,0.00030581094324588776,0.019576819613575935,0.051848772913217545,0.05242854729294777,0.19071750342845917,0.0,0.5002716779708862,-0.016706425696611404,0.48208194971084595,0.020533405244350433,0.041444797068834305,0.08020082116127014,0.0,0.5173051357269287,0.0011226516216993332,0.4977453649044037,0.00030581094324588776,0.019576819613575935,0.10257042199373245,0.0,0.5211988687515259,0.008584899827837944,0.5111478567123413,-0.0032600387930870056,0.015534652397036552,phase3_10b_future_rollout_audit_no_phase4_no_cps
phase39_default_geometry,free,310002,2,14,0.0,0.0,0.0,0,0.0,nan,nan,0.04037005454301834,0.03842514753341675,0.45945581793785095,0.04681335762143135,0.02434976026415825,hidden_breakaway_pin,0,0.21876737475395203,0.0,0.5034684538841248,-0.0046572815626859665,0.4768766760826111,0.0009957291185855865,0.027186011895537376,0.014995379373431206,0.020880090072751045,0.1309618204832077,0.0,0.5058440566062927,-0.03153694048523903,0.47090956568717957,-0.009402438998222351,0.04135643690824509,0.21876737475395203,0.0,0.5034684538841248,-0.0046572815626859665,0.4768766760826111,0.0009957291185855865,0.027186011895537376,0.13489983975887299,0.0,0.5158904194831848,0.0018190164119005203,0.5045662522315979,-0.009685156866908073,0.016142576932907104,phase3_10b_future_rollout_audit_no_phase4_no_cps
phase39_default_geometry,free,310002,2,15,0.0,0.0,0.0,0,0.0,nan,nan,0.04414145275950432,0.038709767162799835,0.45833778381347656,0.04576903209090233,0.021197153255343437,hidden_high_friction,0,0.18655194342136383,0.0,0.5320844650268555,-0.004097135737538338,0.5243610143661499,-0.016916371881961823,0.01496611163020134,0.0286214929074049,0.050750426948070526,0.13030631840229034,0.0,0.523311972618103,-0.012186797335743904,0.5208112597465515,-0.0303582102060318,0.018342677503824234,0.18655194342136383,0.0,0.5320844650268555,-0.004097135737538338,0.5243610143661499,-0.016916371881961823,0.01496611163020134,0.1111360490322113,0.0,0.5297789573669434,-0.003096381202340126,0.5363667607307434,-0.029504448175430298,0.02721736766397953,phase3_10b_future_rollout_audit_no_phase4_no_cps
phase39_default_geometry,free,310003,3,0,0.0,0.20833333333333334,0.20833333333333334,0,0.20833333333333334,nan,nan,0.011932296678423882,0.03943199664354324,0.4558180272579193,0.04379984363913536,0.018171491101384163,hidden_high_friction,0,0.5559569597244263,0.0,0.633877158164978,0.13685137033462524,0.4867857098579407,-0.09030294418334961,0.27061960101127625,nan,nan,0.5224891901016235,0.0,0.6493842601776123,0.08687803149223328,0.4838980734348297,-0.09136313199996948,0.24321922659873962,0.5559569597244263,0.0,0.633877158164978,0.13685137033462524,0.4867857098579407,-0.09030294418334961,0.27061960101127625,0.47788703441619873,0.0,0.6404520869255066,0.14573737978935242,0.48605772852897644,-0.0861532986164093,0.27858734130859375,phase3_10b_future_rollout_audit_no_phase4_no_cps
phase39_default_geometry,free,310003,3,1,0.20833333333333334,0.20833333333333334,0.0,0,0.0,nan,nan,0.06016448885202408,0.03908083587884903,0.45983296632766724,0.04810100793838501,0.02107122354209423,hidden_high_friction,0,0.39917242527008057,0.0,0.5893843770027161,0.03403365612030029,0.5339757800102234,-0.02309456281363964,0.07958483695983887,0.11203164607286453,0.08212105929851532,0.25095468759536743,0.0,0.6090583205223083,0.03965800628066063,0.5294424891471863,0.000595657154917717,0.08868228644132614,0.39917242527008057,0.0,0.5893843770027161,0.03403365612030029,0.5339757800102234,-0.02309456281363964,0.07958483695983887,0.30449163913726807,0.0,0.5988969802856445,0.04182152450084686,0.5433008074760437,-0.0536615252494812,0.11048958450555801,phase3_10b_future_rollout_audit_no_phase4_no_cps
phase39_default_geometry,free,310003,3,2,0.20833333333333334,0.20833333333333334,0.0,0,0.0,nan,nan,0.05058567225933075,0.03967205435037613,0.4561079144477844,0.04384589195251465,0.022683504968881607,hidden_breakaway_pin,0,0.34484946727752686,0.0,0.5708587765693665,0.015987681224942207,0.5232089757919312,0.002256251871585846,0.04958886653184891,0.025862233713269234,0.0275424737483263,0.20161280035972595,0.0,0.5861397981643677,0.020977411419153214,0.5061109066009521,0.013011086732149124,0.08042440563440323,0.34484946727752686,0.0,0.5708587765693665,0.015987681224942207,0.5232089757919312,0.002256251871585846,0.04958886653184891,0.2864625155925751,0.0,0.5821908116340637,0.02560287155210972,0.5334963202476501,0.0005685761570930481,0.05475280433893204,phase3_10b_future_rollout_audit_no_phase4_no_cps
phase39_default_geometry,free,310003,3,3,0.20833333333333334,0.20833333333333334,0.0,0,0.0,nan,nan,0.044794805347919464,0.03889317065477371,0.45991119742393494,0.04757620766758919,0.024887565523386,hidden_breakaway_pin,0,0.3432961404323578,0.0,0.5709037780761719,0.005381261929869652,0.5266167521476746,-0.0201443862169981,0.05111652612686157,0.010606514289975166,0.022658364847302437,0.187400221824646,0.0,0.5730324387550354,-0.031854066997766495,0.4763568639755249,-0.018278487026691437,0.09762409329414368,0.3432961404323578,0.0,0.5709037780761719,0.005381261929869652,0.5266167521476746,-0.0201443862169981,0.05111652612686157,0.19923314452171326,0.0,0.5568350553512573,0.024787908419966698,0.5142624974250793,-0.013518145307898521,0.05726933106780052,phase3_10b_future_rollout_audit_no_phase4_no_cps
phase39_default_geometry,free,310003,3,4,0.20833333333333334,0.20833333333333334,0.0,0,0.0,nan,nan,0.04728341102600098,0.03931058198213577,0.46181806921958923,0.04583585634827614,0.023797646164894104,hidden_breakaway_pin,0,0.38756558299064636,0.0,0.5718256235122681,0.014680130407214165,0.5053152441978455,0.00764358788728714,0.06688155978918076,0.009344450198113918,0.03501322120428085,0.13998126983642578,0.0,0.5819138884544373,-0.03630625084042549,0.4840022921562195,0.005999300628900528,0.106660395860672,0.38756558299064636,0.0,0.5718256235122681,0.014680130407214165,0.5053152441978455,0.00764358788728714,0.06688155978918076,0.253145694732666,0.0,0.5647573471069336,0.02991694025695324,0.48566120862960815,0.014159604907035828,0.0806504338979721,phase3_10b_future_rollout_audit_no_phase4_no_cps
phase39_default_geometry,free,310003,3,5,0.20833333333333334,0.20833333333333334,0.0,0,0.0,nan,nan,0.047501951456069946,0.03986531123518944,0.45303407311439514,0.04178580641746521,0.01868133805692196,hidden_high_friction,0,0.3315860331058502,0.0,0.5722986459732056,0.03380368649959564,0.52926105260849,0.036442093551158905,0.04311839118599892,0.019129404798150063,0.03745337948203087,0.12279706448316574,0.0,0.5777794718742371,-0.011570656672120094,0.5011094212532043,0.01458035409450531,0.08100723475217819,0.3315860331058502,0.0,0.5722986459732056,0.03380368649959564,0.52926105260849,0.036442093551158905,0.04311839118599892,0.21978722512722015,0.0,0.5729671716690063,0.04798268526792526,0.5120357275009155,0.034474410116672516,0.06241085007786751,phase3_10b_future_rollout_audit_no_phase4_no_cps
phase39_default_geometry,free,310003,3,6,0.20833333333333334,0.20833333333333334,0.0,0,0.0,nan,nan,0.04524529352784157,0.03976272791624069,0.45739567279815674,0.042385559529066086,0.017875485122203827,hidden_high_friction,0,0.3900347948074341,0.0,0.5615494251251221,0.021255800500512123,0.5427800416946411,0.010897897183895111,0.021437721326947212,0.016522565856575966,0.02890102006494999,0.10873911529779434,0.0,0.572088897228241,-0.004164945334196091,0.5083608031272888,0.01709970086812973,0.06718225032091141,0.3900347948074341,0.0,0.5615494251251221,0.021255800500512123,0.5427800416946411,0.010897897183895111,0.021437721326947212,0.2479087859392166,0.0,0.5613133311271667,0.040131740272045135,0.5281409621238708,0.015251535922288895,0.041466016322374344,phase3_10b_future_rollout_audit_no_phase4_no_cps
phase39_default_geometry,free,310003,3,7,0.20833333333333334,0.20833333333333334,0.0,0,0.0,nan,nan,0.043321430683135986,0.040030840784311295,0.4546588957309723,0.043012019246816635,0.019051043316721916,hidden_high_friction,0,0.3912709355354309,0.0,0.557758092880249,0.004732396453619003,0.5429846048355103,-0.004104532301425934,0.017214739695191383,0.016952790319919586,0.015003823675215244,0.11452150344848633,0.0,0.5691267848014832,-0.010368192568421364,0.5014575123786926,0.01193782314658165,0.07125088572502136,0.3912709355354309,0.0,0.557758092880249,0.004732396453619003,0.5429846048355103,-0.004104532301425934,0.017214739695191383,0.27337202429771423,0.0,0.5618999600410461,0.015976546332240105,0.525554895401001,-0.005159875378012657,0.04204416647553444,phase3_10b_future_rollout_audit_no_phase4_no_cps
phase39_default_geometry,free,310003,3,8,0.20833333333333334,0.20833333333333334,0.0,0,0.0,nan,nan,0.041165392845869064,0.039670635014772415,0.4614248275756836,0.04381559044122696,0.023433038964867592,hidden_breakaway_pin,0,0.4462146461009979,0.0,0.5534191131591797,-0.005280354991555214,0.5231687426567078,-0.03909466788172722,0.04537061229348183,0.010912466794252396,0.040211666375398636,0.134521484375,0.0,0.5609724521636963,-0.03693801537156105,0.47670695185661316,-0.020966896787285805,0.08576567471027374,0.4462146461009979,0.0,0.5534191131591797,-0.005280354991555214,0.5231687426567078,-0.03909466788172722,0.04537061229348183,0.219058558344841,0.0,0.5432983636856079,0.007231488823890686,0.509891152381897,-0.04070913419127464,0.05843240022659302,phase3_10b_future_rollout_audit_no_phase4_no_cps
phase39_default_geometry,free,310003,3,9,0.20833333333333334,0.20833333333333334,0.0,0,0.0,nan,nan,0.043518200516700745,0.03942425176501274,0.45458748936653137,0.03983953222632408,0.01819634810090065,hidden_high_friction,0,0.3644888401031494,0.0,0.5586389899253845,0.02091589756309986,0.5212973952293396,0.003725249320268631,0.04110855236649513,0.026711247861385345,0.042860787361860275,0.12031324207782745,0.0,0.5562376976013184,0.0003064647316932678,0.49654558300971985,0.02301511913537979,0.06386572867631912,0.3644888401031494,0.0,0.5586389899253845,0.02091589756309986,0.5212973952293396,0.003725249320268631,0.04110855236649513,0.21461361646652222,0.0,0.5628336668014526,0.03785591572523117,0.5126001238822937,0.008993547409772873,0.05793483555316925,phase3_10b_future_rollout_audit_no_phase4_no_cps
phase39_default_geometry,free,310003,3,10,0.20833333333333334,0.20833333333333334,0.0,0,0.0,nan,nan,0.04539012163877487,0.04009612649679184,0.4554378390312195,0.040761854499578476,0.01810312643647194,hidden_high_friction,0,0.375949501991272,0.0,0.55766761302948,0.008219171315431595,0.5254871845245361,-0.0019547883421182632,0.033750396221876144,0.012733830139040947,0.007058127783238888,0.0817638486623764,0.0,0.5585199594497681,-0.016835369169712067,0.49735015630722046,-0.0012574922293424606,0.0631222203373909,0.375949501991272,0.0,0.55766761302948,0.008219171315431595,0.5254871845245361,-0.0019547883421182632,0.033750396221876144,0.2614557147026062,0.0,0.5473983883857727,0.020421801134943962,0.5108039379119873,-0.005026219412684441,0.04457303509116173,phase3_10b_future_rollout_audit_no_phase4_no_cps
phase39_default_geometry,free,310003,3,11,0.20833333333333334,0.20833333333333334,0.0,0,0.0,nan,nan,0.04322688654065132,0.0390758290886879,0.46023494005203247,0.04839453101158142,0.024622581899166107,hidden_breakaway_pin,0,0.3885020315647125,0.0,0.5542744994163513,-0.02720506489276886,0.5163900852203369,-0.04567563533782959,0.04214725270867348,0.035586368292570114,0.04465724900364876,0.06684059649705887,0.0,0.5556232333183289,-0.04050798714160919,0.48409831523895264,-0.029727209359407425,0.07233283668756485,0.3885020315647125,0.0,0.5542744994163513,-0.02720506489276886,0.5163900852203369,-0.04567563533782959,0.04214725270867348,0.17974220216274261,0.0,0.542929470539093,-0.006195591762661934,0.5020493865013123,-0.04101981595158577,0.05370203033089638,phase3_10b_future_rollout_audit_no_phase4_no_cps
phase39_default_geometry,free,310003,3,12,0.20833333333333334,0.20833333333333334,0.0,0,0.0,nan,nan,0.04314778372645378,0.03906280919909477,0.4566846191883087,0.043474290519952774,0.019219588488340378,hidden_high_friction,0,0.3384380638599396,0.0,0.5591630935668945,0.023020895197987556,0.5243019461631775,0.022389810532331467,0.03486685827374458,0.05046330764889717,0.06852374225854874,0.09029991179704666,0.0,0.550098717212677,-0.0010153427720069885,0.49216967821121216,0.027895431965589523,0.06474261730909348,0.3384380638599396,0.0,0.5591630935668945,0.023020895197987556,0.5243019461631775,0.022389810532331467,0.03486685827374458,0.2356250137090683,0.0,0.5576449036598206,0.04696216434240341,0.5079851746559143,0.03250887244939804,0.0517202690243721,phase3_10b_future_rollout_audit_no_phase4_no_cps
phase39_default_geometry,free,310003,3,13,0.20833333333333334,0.20833333333333334,0.0,0,0.0,nan,nan,0.04654164984822273,0.039195574820041656,0.45778021216392517,0.04459564387798309,0.022988030686974525,hidden_breakaway_pin,0,0.3804751932621002,0.0,0.5486209988594055,0.019533345475792885,0.5046216249465942,-0.0046018678694963455,0.05018419399857521,0.011103997938334942,0.033404577523469925,0.13726989924907684,0.0,0.5534169673919678,-0.016841961070895195,0.46626704931259155,-0.006633434444665909,0.0877457857131958,0.3804751932621002,0.0,0.5486209988594055,0.019533345475792885,0.5046216249465942,-0.0046018678694963455,0.05018419399857521,0.2632410526275635,0.0,0.5505732297897339,0.020240066573023796,0.4955364167690277,-0.007776781916618347,0.06175754591822624,phase3_10b_future_rollout_audit_no_phase4_no_cps
phase39_default_geometry,free,310003,3,14,0.20833333333333334,0.20833333333333334,0.0,0,0.0,nan,nan,0.04339214786887169,0.039516594260931015,0.4574365019798279,0.04257539287209511,0.01877100020647049,hidden_high_friction,0,0.3441355526447296,0.0,0.5540443062782288,0.02203824184834957,0.5311083793640137,0.02120102196931839,0.02295120246708393,0.00597384013235569,0.03697752580046654,0.09757325798273087,0.0,0.5601478815078735,-0.005088653415441513,0.5008476972579956,0.017383351922035217,0.06341531872749329,0.3441355526447296,0.0,0.5540443062782288,0.02203824184834957,0.5311083793640137,0.02120102196931839,0.02295120246708393,0.2044011652469635,0.0,0.5552823543548584,0.029196472838521004,0.5093719959259033,0.011303842067718506,0.04927380010485649,phase3_10b_future_rollout_audit_no_phase4_no_cps
phase39_default_geometry,free,310003,3,15,0.20833333333333334,0.20833333333333334,0.0,0,0.0,nan,nan,0.042573533952236176,0.03849944472312927,0.4581960439682007,0.04715331271290779,0.020905304700136185,hidden_high_friction,0,0.4520661234855652,0.0,0.5537450909614563,0.0018904469907283783,0.5087528824806213,0.0038580745458602905,0.045035213232040405,0.020150016993284225,0.028293922543525696,0.16821995377540588,0.0,0.5604314208030701,-0.023800835013389587,0.4722590744495392,0.01149202324450016,0.09497340768575668,0.4520661234855652,0.0,0.5537450909614563,0.0018904469907283783,0.5087528824806213,0.0038580745458602905,0.045035213232040405,0.23344042897224426,0.0,0.5580840110778809,0.028232907876372337,0.49565383791923523,0.005799822509288788,0.06633830070495605,phase3_10b_future_rollout_audit_no_phase4_no_cps
phase39_default_geometry,hidden_breakaway_pin,310000,0,0,0.0,0.0,0.0,0,0.0,nan,nan,0.008546628057956696,0.03959976136684418,0.4533633589744568,0.04185226559638977,0.018739929422736168,hidden_high_friction,0,0.39221808314323425,0.0,0.381051242351532,0.10965461283922195,0.5436685681343079,-0.01820119097828865,0.20686106383800507,nan,nan,0.4653835892677307,0.0,0.36332011222839355,0.09373946487903595,0.5155456066131592,-0.043111465871334076,0.20469678938388824,0.39221808314323425,0.0,0.381051242351532,0.10965461283922195,0.5436685681343079,-0.01820119097828865,0.20686106383800507,0.389322966337204,0.0,0.37927311658859253,0.09098060429096222,0.5494711399078369,-0.03459213674068451,0.21150857210159302,phase3_10b_future_rollout_audit_no_phase4_no_cps
phase39_default_geometry,hidden_breakaway_pin,310000,0,1,0.0,0.0,0.0,0,0.0,nan,nan,0.06779460608959198,0.028544634580612183,0.4584626853466034,0.07036247104406357,0.03450605273246765,hidden_high_friction,0,0.39020925760269165,0.0,0.42030784487724304,0.04166509956121445,0.5384204983711243,-0.026155829429626465,0.13619939982891083,0.07850895076990128,0.00952987466007471,0.39353591203689575,0.0,0.38604727387428284,0.036240171641111374,0.4623325765132904,-0.026923632249236107,0.09904097020626068,0.39020925760269165,0.0,0.42030784487724304,0.04166509956121445,0.5384204983711243,-0.026155829429626465,0.13619939982891083,0.2984195649623871,0.0,0.4133506119251251,0.027561569586396217,0.5363072752952576,-0.006408097222447395,0.12756283581256866,phase3_10b_future_rollout_audit_no_phase4_no_cps
phase39_default_geometry,hidden_breakaway_pin,310000,0,2,0.0,0.0,0.0,0,0.0,nan,nan,0.06204824894666672,0.024440450593829155,0.4683801531791687,0.07658170908689499,0.03762268275022507,hidden_high_friction,0,0.4945794939994812,0.0,0.4798407554626465,0.03996499627828598,0.42862480878829956,0.003552790731191635,0.06284045428037643,0.05955718085169792,0.11374399065971375,0.3831574320793152,0.0,0.4283730983734131,-0.019270004704594612,0.4395902156829834,-0.07977655529975891,0.061537522822618484,0.4945794939994812,0.0,0.4798407554626465,0.03996499627828598,0.42862480878829956,0.003552790731191635,0.06284045428037643,0.2982180714607239,0.0,0.49048861861228943,0.015383986756205559,0.4545993506908417,-0.03296637907624245,0.06021459400653839,phase3_10b_future_rollout_audit_no_phase4_no_cps
phase39_default_geometry,hidden_breakaway_pin,310000,0,3,0.0,0.0,0.0,0,0.0,nan,nan,0.05488758161664009,0.027863040566444397,0.46191534399986267,0.0730208232998848,0.03408985212445259,hidden_high_friction,0,0.378380686044693,0.0,0.4912429749965668,-0.019230399280786514,0.4646281898021698,-0.06758677959442139,0.055196795612573624,0.060283541679382324,0.07973131537437439,0.26104360818862915,0.0,0.4675475060939789,-0.002122703939676285,0.47196099162101746,-0.046680349856615067,0.044775694608688354,0.378380686044693,0.0,0.4912429749965668,-0.019230399280786514,0.4646281898021698,-0.06758677959442139,0.055196795612573624,0.3404812216758728,0.0,0.4899366497993469,-0.013980409130454063,0.46513453125953674,-0.06938541680574417,0.06070304661989212,phase3_10b_future_rollout_audit_no_phase4_no_cps
phase39_default_geometry,hidden_breakaway_pin,310000,0,4,0.0,0.0,0.0,0,0.0,nan,nan,0.04935548081994057,0.03947639837861061,0.4587203860282898,0.04615740105509758,0.020470483228564262,hidden_high_friction,0,0.20507967472076416,0.0,0.5416597127914429,0.011341122910380363,0.5484482645988464,0.008758112788200378,0.00726335821673274,0.05896155908703804,0.11337701231241226,0.1240352988243103,0.0,0.5132530331611633,0.017765585333108902,0.5162333846092224,-0.02234596572816372,0.04022211953997612,0.20507967472076416,0.0,0.5416597127914429,0.011341122910380363,0.5484482645988464,0.008758112788200378,0.00726335821673274,0.18518346548080444,0.0,0.5308493375778198,0.018483584746718407,0.5453944206237793,0.016063343733549118,0.014745066873729229,phase3_10b_future_rollout_audit_no_phase4_no_cps
phase39_default_geometry,hidden_breakaway_pin,310000,0,5,0.0,0.0,0.0,0,0.0,nan,nan,0.049471884965896606,0.03982144221663475,0.4569355249404907,0.04341287538409233,0.022325050085783005,hidden_breakaway_pin,1,0.12731067836284637,0.0,0.5317996144294739,-0.011150483042001724,0.5164399743080139,0.0023009255528450012,0.020417124032974243,0.024557970464229584,0.032653115689754486,0.08207521587610245,0.0,0.5164768099784851,-0.01628105156123638,0.4808317720890045,-0.015308068133890629,0.03565831482410431,0.12731067836284637,0.0,0.5317996144294739,-0.011150483042001724,0.5164399743080139,0.0023009255528450012,0.020417124032974243,0.15450432896614075,0.0,0.5223935842514038,-0.005094459280371666,0.5214893817901611,0.005530800670385361,0.01066366396844387,phase3_10b_future_rollout_audit_no_phase4_no_cps
phase39_default_geometry,hidden_breakaway_pin,310000,0,6,0.0,0.0,0.0,0,0.0,nan,nan,0.05211207643151283,0.03899737074971199,0.45999810099601746,0.04768585041165352,0.024948935955762863,hidden_breakaway_pin,1,0.13339462876319885,0.0,0.5277597308158875,-0.0007497463375329971,0.5188592672348022,-0.02052507922053337,0.02168598771095276,0.011157777160406113,0.022953854873776436,0.1499485969543457,0.0,0.5097706913948059,0.0005839318037033081,0.4801473021507263,-0.06413494050502777,0.07117638736963272,0.13339462876319885,0.0,0.5277597308158875,-0.0007497463375329971,0.5188592672348022,-0.02052507922053337,0.02168598771095276,0.10115069895982742,0.0,0.5074215531349182,0.0022125542163848877,0.521970272064209,-0.026445848867297173,0.03213983774185181,phase3_10b_future_rollout_audit_no_phase4_no_cps
phase39_default_geometry,hidden_breakaway_pin,310000,0,7,0.0,0.0,0.0,0,0.0,nan,nan,0.04807208478450775,0.03947640210390091,0.4610261619091034,0.045139770954847336,0.023568689823150635,hidden_breakaway_pin,1,0.14739471673965454,0.0,0.530265212059021,-0.01189783401787281,0.5086930990219116,-0.007848916575312614,0.02194879949092865,0.01142616756260395,0.016249187290668488,0.10992524772882462,0.0,0.5052598118782043,0.0039876773953437805,0.48413994908332825,-0.012709698639810085,0.026923056691884995,0.14739471673965454,0.0,0.530265212059021,-0.01189783401787281,0.5086930990219116,-0.007848916575312614,0.02194879949092865,0.11146031320095062,0.0,0.5198844075202942,-0.0034694038331508636,0.5148075819015503,-0.006242010742425919,0.005784592125564814,phase3_10b_future_rollout_audit_no_phase4_no_cps
phase39_default_geometry,hidden_breakaway_pin,310000,0,8,0.0,0.0,0.0,0,0.0,nan,nan,0.04818617179989815,0.039924900978803635,0.4534517526626587,0.04231669753789902,0.019106706604361534,hidden_high_friction,0,0.17000922560691833,0.0,0.5401185750961304,0.026503851637244225,0.5209751129150391,0.027802757918834686,0.019187478348612785,0.03964565694332123,0.03770795464515686,0.11034194380044937,0.0,0.5093780755996704,0.008279003202915192,0.4903259575366974,-0.009508725255727768,0.026065044105052948,0.17000922560691833,0.0,0.5401185750961304,0.026503851637244225,0.5209751129150391,0.027802757918834686,0.019187478348612785,0.17256511747837067,0.0,0.5278783440589905,0.03262004256248474,0.5378510355949402,0.027048218995332718,0.01142365112900734,phase3_10b_future_rollout_audit_no_phase4_no_cps
phase39_default_geometry,hidden_breakaway_pin,310000,0,9,0.0,0.0,0.0,0,0.0,nan,nan,0.05136610567569733,0.03973358869552612,0.45712462067604065,0.04310567304491997,0.01843586005270481,hidden_high_friction,0,0.2276124656200409,0.0,0.535660982131958,0.0047975461930036545,0.5479253530502319,-0.016315897926688194,0.024417050182819366,0.022159283980727196,0.05169885233044624,0.11029887944459915,0.0,0.5181056261062622,-0.0017573349177837372,0.5104713439941406,-0.044864900410175323,0.04377835616469383,0.2276124656200409,0.0,0.535660982131958,0.0047975461930036545,0.5479253530502319,-0.016315897926688194,0.024417050182819366,0.18266290426254272,0.0,0.5282799005508423,0.0124730933457613,0.5535355806350708,-0.010124396532773972,0.033889465034008026,phase3_10b_future_rollout_audit_no_phase4_no_cps
phase39_default_geometry,hidden_breakaway_pin,310000,0,10,0.0,0.0,0.0,0,0.0,nan,nan,0.04969713091850281,0.03934025764465332,0.45455238223075867,0.04659051075577736,0.020597638562321663,hidden_high_friction,0,0.17817263305187225,0.0,0.5383878350257874,0.002888169139623642,0.5471798181533813,-0.021509980782866478,0.025933928787708282,0.00332888076081872,0.005247315391898155,0.10378452390432358,0.0,0.5225061178207397,0.0036193206906318665,0.5113625526428223,-0.03454913944005966,0.039761923253536224,0.17817263305187225,0.0,0.5383878350257874,0.002888169139623642,0.5471798181533813,-0.021509980782866478,0.025933928787708282,0.1722971498966217,0.0,0.5341588258743286,0.005006205290555954,0.5543747544288635,-0.011369189247488976,0.026016097515821457,phase3_10b_future_rollout_audit_no_phase4_no_cps
phase39_default_geometry,hidden_breakaway_pin,310000,0,11,0.0,0.0,0.0,0,0.0,nan,nan,0.04640850052237511,0.03899053484201431,0.4609193205833435,0.04547594115138054,0.024095818400382996,hidden_breakaway_pin,1,0.13767866790294647,0.0,0.5241720676422119,-0.020423663780093193,0.5348232388496399,-0.05966649204492569,0.04066259786486626,0.02730438858270645,0.04010741040110588,0.1645146608352661,0.0,0.5185905694961548,-0.007726933807134628,0.5053355693817139,-0.04838545620441437,0.04276459291577339,0.13767866790294647,0.0,0.5241720676422119,-0.020423663780093193,0.5348232388496399,-0.05966649204492569,0.04066259786486626,0.1453961879014969,0.0,0.518669068813324,-0.028874214738607407,0.5339974164962769,-0.06969508528709412,0.04360391944646835,phase3_10b_future_rollout_audit_no_phase4_no_cps
phase39_default_geometry,hidden_breakaway_pin,310000,0,12,0.0,0.0,0.0,0,0.0,nan,nan,0.04507190361618996,0.038902439177036285,0.45646461844444275,0.0425768680870533,0.0193311870098114,hidden_high_friction,0,0.14691434800624847,0.0,0.5365369319915771,0.025525802746415138,0.5227087140083313,-0.00567314587533474,0.034126147627830505,0.047584064304828644,0.05533573031425476,0.13885442912578583,0.0,0.518850564956665,0.009073369204998016,0.49245211482048035,-0.006737843155860901,0.030771296471357346,0.14691434800624847,0.0,0.5365369319915771,0.025525802746415138,0.5227087140083313,-0.00567314587533474,0.034126147627830505,0.13885679841041565,0.0,0.541007936000824,0.02140657790005207,0.5419914722442627,-0.0066431500017642975,0.0280669666826725,phase3_10b_future_rollout_audit_no_phase4_no_cps
phase39_default_geometry,hidden_breakaway_pin,310000,0,13,0.0,0.0,0.0,0,0.0,nan,nan,0.04802418127655983,0.039923787117004395,0.4550941586494446,0.04218729957938194,0.01853729784488678,hidden_high_friction,0,0.17068704962730408,0.0,0.5475121140480042,-0.0015874039381742477,0.5296452045440674,-0.010902758687734604,0.02014949731528759,0.029250308871269226,0.008686987683176994,0.12032242119312286,0.0,0.531923234462738,-0.009605731815099716,0.5028902888298035,-0.021548401564359665,0.031393300741910934,0.17068704962730408,0.0,0.5475121140480042,-0.0015874039381742477,0.5296452045440674,-0.010902758687734604,0.02014949731528759,0.1771121770143509,0.0,0.5374272465705872,0.007047576829791069,0.5393383502960205,-0.01655244454741478,0.023677274584770203,phase3_10b_future_rollout_audit_no_phase4_no_cps
phase39_default_geometry,hidden_breakaway_pin,310000,0,14,0.0,0.0,0.0,0,0.0,nan,nan,0.04930504783987999,0.03838121518492699,0.4600076973438263,0.04938681796193123,0.025222616270184517,hidden_breakaway_pin,1,0.0992061048746109,0.0,0.5324980020523071,-0.055832602083683014,0.5145339369773865,-0.05275721102952957,0.01822541281580925,0.05628467723727226,0.04449882730841637,0.17203430831432343,0.0,0.5324878096580505,-0.0362330824136734,0.5131530165672302,-0.04541337862610817,0.02140355296432972,0.0992061048746109,0.0,0.5324980020523071,-0.055832602083683014,0.5145339369773865,-0.05275721102952957,0.01822541281580925,0.09521406888961792,0.0,0.5297486186027527,-0.036989472806453705,0.526216447353363,-0.04865926131606102,0.012192629277706146,phase3_10b_future_rollout_audit_no_phase4_no_cps
phase39_default_geometry,hidden_breakaway_pin,310000,0,15,0.0,0.0,0.0,0,0.0,nan,nan,0.043997496366500854,0.038540106266736984,0.4556015133857727,0.04433358088135719,0.019647279754281044,hidden_high_friction,0,0.11790189146995544,0.0,0.538906991481781,0.007591065019369125,0.5204985737800598,0.02535109966993332,0.025579066947102547,0.06374665349721909,0.0783357247710228,0.15586858987808228,0.0,0.5280892252922058,-0.03304268419742584,0.502517819404602,0.012046251446008682,0.051835402846336365,0.11790189146995544,0.0,0.538906991481781,0.007591065019369125,0.5204985737800598,0.02535109966993332,0.025579066947102547,0.1278993785381317,0.0,0.5373774766921997,0.018162580206990242,0.5266726016998291,0.02535366266965866,0.012895968742668629,phase3_10b_future_rollout_audit_no_phase4_no_cps
phase39_default_geometry,hidden_breakaway_pin,310001,1,0,0.0,0.0,0.0,0,0.0,nan,nan,0.01560803409665823,0.03953339904546738,0.45444464683532715,0.04542066156864166,0.020961301401257515,hidden_high_friction,0,0.3832987844944,0.0,0.4010421931743622,-0.13175630569458008,0.5646424293518066,0.014461681246757507,0.21941909193992615,nan,nan,0.395451158285141,0.0,0.39302194118499756,-0.1429867446422577,0.5425945520401001,0.0238824300467968,0.22409214079380035,0.3832987844944,0.0,0.4010421931743622,-0.13175630569458008,0.5646424293518066,0.014461681246757507,0.21941909193992615,0.40440723299980164,0.0,0.39972877502441406,-0.15017643570899963,0.5721300840377808,0.0009948797523975372,0.22929233312606812,phase3_10b_future_rollout_audit_no_phase4_no_cps
phase39_default_geometry,hidden_breakaway_pin,310001,1,1,0.0,0.0,0.0,0,0.0,nan,nan,0.06670358031988144,0.023202460259199142,0.4665292799472809,0.08358006179332733,0.04175060987472534,hidden_breakaway_pin,1,0.3485373854637146,0.0,0.4601868987083435,-0.13145412504673004,0.5462454557418823,0.05340751260519028,0.20391149818897247,0.059145476669073105,0.04307233914732933,0.40879756212234497,0.0,0.42806893587112427,-0.13864414393901825,0.5327814817428589,0.039359040558338165,0.20651841163635254,0.3485373854637146,0.0,0.4601868987083435,-0.13145412504673004,0.5462454557418823,0.05340751260519028,0.20391149818897247,0.3207344710826874,0.0,0.43139293789863586,-0.11391155421733856,0.5541948080062866,0.01538214460015297,0.1783175766468048,phase3_10b_future_rollout_audit_no_phase4_no_cps
phase39_default_geometry,hidden_breakaway_pin,310001,1,2,0.0,0.0,0.0,0,0.0,nan,nan,0.06288937479257584,0.017598360776901245,0.47125566005706787,0.08794324100017548,0.04463571310043335,hidden_high_friction,0,0.37088653445243835,0.0,0.48287585377693176,-0.07710477709770203,0.5651591420173645,-0.11800067871809006,0.09188587963581085,0.05889516323804855,0.17244853079319,0.2680882215499878,0.0,0.4689638614654541,-0.08242125064134598,0.5383199453353882,-0.11407145112752914,0.07623648643493652,0.37088653445243835,0.0,0.48287585377693176,-0.07710477709770203,0.5651591420173645,-0.11800067871809006,0.09188587963581085,0.3134416937828064,0.0,0.4777442514896393,-0.09865333139896393,0.5678513646125793,-0.13616400957107544,0.09760298579931259,phase3_10b_future_rollout_audit_no_phase4_no_cps
phase39_default_geometry,hidden_breakaway_pin,310001,1,3,0.0,0.0,0.0,0,0.0,nan,nan,0.053658559918403625,0.017139077186584473,0.4597758650779724,0.08684169501066208,0.04352298006415367,hidden_high_friction,0,0.36532753705978394,0.0,0.5335234999656677,-0.0043953582644462585,0.48542675375938416,-0.02410011924803257,0.05197667330503464,0.08861062675714493,0.12318509817123413,0.28112277388572693,0.0,0.4996810555458069,-0.014278946444392204,0.47868812084198,0.02153458073735237,0.04151279106736183,0.36532753705978394,0.0,0.5335234999656677,-0.0043953582644462585,0.48542675375938416,-0.02410011924803257,0.05197667330503464,0.21019978821277618,0.0,0.5242522954940796,-0.019667278975248337,0.5099493265151978,0.004502877593040466,0.028085075318813324,phase3_10b_future_rollout_audit_no_phase4_no_cps
phase39_default_geometry,hidden_breakaway_pin,310001,1,4,0.0,0.0,0.0,0,0.0,nan,nan,0.05468194931745529,0.039843879640102386,0.4582713544368744,0.04392106831073761,0.022430645301938057,hidden_breakaway_pin,1,0.26067888736724854,0.0,0.5510503649711609,0.014565574005246162,0.49486878514289856,-0.0006788577884435654,0.05821308121085167,0.025820687413215637,0.025252871215343475,0.14991681277751923,0.0,0.5328837633132935,-0.056927867233753204,0.4837949872016907,0.0035096146166324615,0.07786139845848083,0.26067888736724854,0.0,0.5510503649711609,0.014565574005246162,0.49486878514289856,-0.0006788577884435654,0.05821308121085167,0.12303142249584198,0.0,0.5461391806602478,0.0013968124985694885,0.509364902973175,-0.00044354237616062164,0.03682029992341995,phase3_10b_future_rollout_audit_no_phase4_no_cps
phase39_default_geometry,hidden_breakaway_pin,310001,1,5,0.0,0.0,0.0,0,0.0,nan,nan,0.055860016494989395,0.03881195932626724,0.4608516991138458,0.04832803085446358,0.020593395456671715,hidden_high_friction,0,0.16763608157634735,0.0,0.5442189574241638,0.0023140665143728256,0.5006414651870728,-0.0203009694814682,0.049096208065748215,0.014027385972440243,0.02045363187789917,0.1511850357055664,0.0,0.5317984819412231,-0.06699924170970917,0.47849416732788086,-0.0104224169626832,0.077732153236866,0.16763608157634735,0.0,0.5442189574241638,0.0023140665143728256,0.5006414651870728,-0.0203009694814682,0.049096208065748215,0.13211554288864136,0.0,0.5399441719055176,-0.006987332366406918,0.5045959949493408,-0.017642777413129807,0.03691926226019859,phase3_10b_future_rollout_audit_no_phase4_no_cps
phase39_default_geometry,hidden_breakaway_pin,310001,1,6,0.0,0.0,0.0,0,0.0,nan,nan,0.054778169840574265,0.03940922021865845,0.4617551863193512,0.045865196734666824,0.02401789277791977,hidden_breakaway_pin,1,0.19646736979484558,0.0,0.5407190322875977,-0.035761281847953796,0.4926914870738983,-0.009299740195274353,0.05483482778072357,0.0382358692586422,0.013573105446994305,0.1225462257862091,0.0,0.5412484407424927,-0.07845743000507355,0.48551803827285767,-0.0008411481976509094,0.09555189311504364,0.19646736979484558,0.0,0.5407190322875977,-0.035761281847953796,0.4926914870738983,-0.009299740195274353,0.05483482778072357,0.13487771153450012,0.0,0.534589946269989,-0.027624409645795822,0.49574968218803406,-0.017902294173836708,0.04003855213522911,phase3_10b_future_rollout_audit_no_phase4_no_cps
phase39_default_geometry,hidden_breakaway_pin,310001,1,7,0.0,0.0,0.0,0,0.0,nan,nan,0.052037596702575684,0.039966534823179245,0.4528866112232208,0.0426841638982296,0.018694886937737465,hidden_high_friction,0,0.15487007796764374,0.0,0.5404003858566284,-0.01688487082719803,0.5202444195747375,0.019626222550868988,0.041705191135406494,0.018879100680351257,0.03994841128587723,0.21318215131759644,0.0,0.5347563624382019,-0.06625020503997803,0.5117285251617432,0.020615044981241226,0.08986574411392212,0.15487007796764374,0.0,0.5404003858566284,-0.01688487082719803,0.5202444195747375,0.019626222550868988,0.041705191135406494,0.13415171205997467,0.0,0.5399789810180664,-0.006164431571960449,0.5303016304969788,0.010690279304981232,0.0194353386759758,phase3_10b_future_rollout_audit_no_phase4_no_cps
phase39_default_geometry,hidden_breakaway_pin,310001,1,8,0.0,0.0,0.0,0,0.0,nan,nan,0.05129300430417061,0.03984927013516426,0.4585645794868469,0.04336829110980034,0.02068163827061653,hidden_high_friction,0,0.11153291910886765,0.0,0.5332716703414917,-0.02935183234512806,0.5330123901367188,-0.014636866748332977,0.014717250131070614,0.014361187815666199,0.03656474128365517,0.17316003143787384,0.0,0.5430048108100891,-0.06157615780830383,0.5163062810897827,0.00264647975564003,0.06955111771821976,0.11153291910886765,0.0,0.5332716703414917,-0.02935183234512806,0.5330123901367188,-0.014636866748332977,0.014717250131070614,0.11607226729393005,0.0,0.5413028597831726,-0.009448499418795109,0.5380637049674988,-0.019149526953697205,0.010227515362203121,phase3_10b_future_rollout_audit_no_phase4_no_cps
phase39_default_geometry,hidden_breakaway_pin,310001,1,9,0.0,0.0,0.0,0,0.0,nan,nan,0.04990248382091522,0.040079351514577866,0.4548089802265167,0.04265749081969261,0.018588479608297348,hidden_high_friction,0,0.13729989528656006,0.0,0.5414509177207947,-0.0271750520914793,0.5176118016242981,-0.017191652208566666,0.025845149531960487,0.008463950827717781,0.015611055307090282,0.20386482775211334,0.0,0.536723792552948,-0.04976150020956993,0.5176853537559509,0.005008811131119728,0.05798490718007088,0.13729989528656006,0.0,0.5414509177207947,-0.0271750520914793,0.5176118016242981,-0.017191652208566666,0.025845149531960487,0.1210700273513794,0.0,0.540886402130127,-0.016596021130681038,0.5335191488265991,-0.01025949977338314,0.00971740297973156,phase3_10b_future_rollout_audit_no_phase4_no_cps
phase39_default_geometry,hidden_breakaway_pin,310001,1,10,0.0,0.0,0.0,0,0.0,nan,nan,0.04973438009619713,0.03975231200456619,0.4617827236652374,0.04408502206206322,0.0234951451420784,hidden_breakaway_pin,1,0.1130513921380043,0.0,0.5295745730400085,-0.02926693856716156,0.509505569934845,-0.0422791950404644,0.0239182710647583,0.012059168890118599,0.02636466920375824,0.17778897285461426,0.0,0.522420346736908,-0.06629756838083267,0.5107756853103638,-0.030901171267032623,0.03726262226700783,0.1130513921380043,0.0,0.5295745730400085,-0.02926693856716156,0.509505569934845,-0.0422791950404644,0.0239182710647583,0.09559758007526398,0.0,0.5320356488227844,-0.033458560705184937,0.518829345703125,-0.053009994328022,0.023593749850988388,phase3_10b_future_rollout_audit_no_phase4_no_cps
phase39_default_geometry,hidden_breakaway_pin,310001,1,11,0.0,0.0,0.0,0,0.0,nan,nan,0.049787674099206924,0.03940588980913162,0.4552495777606964,0.040372032672166824,0.01816628687083721,hidden_high_friction,0,0.11292179673910141,0.0,0.5276515483856201,-0.005583386868238449,0.5100216865539551,-0.008270278573036194,0.017833435907959938,0.02376149594783783,0.03401283174753189,0.20208652317523956,0.0,0.5246191620826721,-0.05194481834769249,0.5025375485420227,0.012748021632432938,0.06835759431123734,0.11292179673910141,0.0,0.5276515483856201,-0.005583386868238449,0.5100216865539551,-0.008270278573036194,0.017833435907959938,0.09211575984954834,0.0,0.5325126051902771,0.005713790655136108,0.5256184935569763,-0.008770668879151344,0.016041457653045654,phase3_10b_future_rollout_audit_no_phase4_no_cps
phase39_default_geometry,hidden_breakaway_pin,310001,1,12,0.0,0.0,0.0,0,0.0,nan,nan,0.04972849786281586,0.04019403085112572,0.45496866106987,0.04033708944916725,0.01822441630065441,hidden_high_friction,0,0.1470399647951126,0.0,0.5346043109893799,-0.015442803502082825,0.5110633969306946,0.00036330707371234894,0.028355030342936516,0.012064369395375252,0.008696204051375389,0.18024790287017822,0.0,0.5249446034431458,-0.05124317482113838,0.5041598081588745,0.01274794340133667,0.06728202104568481,0.1470399647951126,0.0,0.5346043109893799,-0.015442803502082825,0.5110633969306946,0.00036330707371234894,0.028355030342936516,0.09376625716686249,0.0,0.5343417525291443,-0.007510683499276638,0.5220893621444702,-0.013685813173651695,0.013720543123781681,phase3_10b_future_rollout_audit_no_phase4_no_cps
phase39_default_geometry,hidden_breakaway_pin,310001,1,13,0.0,0.0,0.0,0,0.0,nan,nan,0.05190543085336685,0.03907284140586853,0.459688663482666,0.04798608645796776,0.024533212184906006,hidden_breakaway_pin,1,0.11463158577680588,0.0,0.5232110619544983,-0.06220564991235733,0.5023189187049866,-0.05737658590078354,0.02144298329949379,0.04813075810670853,0.0583982951939106,0.2467765212059021,0.0,0.5206257104873657,-0.06271588802337646,0.5089960098266602,-0.014886199496686459,0.04922325536608696,0.11463158577680588,0.0,0.5232110619544983,-0.06220564991235733,0.5023189187049866,-0.05737658590078354,0.02144298329949379,0.09077543020248413,0.0,0.5274733304977417,-0.04441322386264801,0.5154780149459839,-0.053356632590293884,0.014962357468903065,phase3_10b_future_rollout_audit_no_phase4_no_cps
phase39_default_geometry,hidden_breakaway_pin,310001,1,14,0.0,0.0,0.0,0,0.0,nan,nan,0.04969159886240959,0.039150822907686234,0.45651930570602417,0.04415305331349373,0.019445613026618958,hidden_high_friction,0,0.1161651760339737,0.0,0.527545154094696,-0.01490284875035286,0.5081695914268494,-0.007043005898594856,0.020909078419208527,0.04750094190239906,0.05067247524857521,0.20575575530529022,0.0,0.5194980502128601,-0.06276676058769226,0.507731556892395,0.02334221452474594,0.08690918236970901,0.1161651760339737,0.0,0.527545154094696,-0.01490284875035286,0.5081695914268494,-0.007043005898594856,0.020909078419208527,0.07676946371793747,0.0,0.5347744226455688,0.0006100926548242569,0.5174854397773743,-0.001801786944270134,0.017456404864788055,phase3_10b_future_rollout_audit_no_phase4_no_cps
phase39_default_geometry,hidden_breakaway_pin,310001,1,15,0.0,0.0,0.0,0,0.0,nan,nan,0.047274149954319,0.038949400186538696,0.45959168672561646,0.046544045209884644,0.024041779339313507,hidden_breakaway_pin,1,0.1342311054468155,0.0,0.5066003799438477,-0.028823813423514366,0.4785173833370209,-0.03430500254034996,0.028612902387976646,0.025149092078208923,0.040279895067214966,0.12940219044685364,0.0,0.5268912315368652,-0.08016321063041687,0.4823361039161682,-0.04297391325235367,0.05803622305393219,0.1342311054468155,0.0,0.5066003799438477,-0.028823813423514366,0.4785173833370209,-0.03430500254034996,0.028612902387976646,0.07563640922307968,0.0,0.512923538684845,-0.022480158135294914,0.4977226257324219,-0.04262413829565048,0.025235841050744057,phase3_10b_future_rollout_audit_no_phase4_no_cps
phase39_default_geometry,hidden_breakaway_pin,310002,2,0,0.0,0.0,0.0,0,0.0,nan,nan,0.026578053832054138,0.03919641673564911,0.4542604684829712,0.044874683022499084,0.019754959270358086,hidden_high_friction,0,0.567629873752594,0.0,0.5622950196266174,0.3057030439376831,0.5222001671791077,-0.044503942131996155,0.3524947166442871,nan,nan,0.5313585996627808,0.0,0.5481477975845337,0.30200284719467163,0.500018298625946,-0.06228220835328102,0.3674507439136505,0.567629873752594,0.0,0.5622950196266174,0.3057030439376831,0.5222001671791077,-0.044503942131996155,0.3524947166442871,0.47890448570251465,0.0,0.5555771589279175,0.28820765018463135,0.5141651034355164,-0.050029076635837555,0.3407624363899231,phase3_10b_future_rollout_audit_no_phase4_no_cps
phase39_default_geometry,hidden_breakaway_pin,310002,2,1,0.0,0.0,0.0,0,0.0,nan,nan,0.07863253355026245,0.03880755975842476,0.4505898058414459,0.04107436165213585,0.018392298370599747,hidden_high_friction,0,0.40001338720321655,0.0,0.5506057143211365,0.10907197743654251,0.5507116317749023,-0.021240171045064926,0.13031218945980072,0.19697821140289307,0.03679819032549858,0.3371843993663788,0.0,0.5342305898666382,0.17990656197071075,0.5250226855278015,-0.01699383184313774,0.19711557030677795,0.40001338720321655,0.0,0.5506057143211365,0.10907197743654251,0.5507116317749023,-0.021240171045064926,0.13031218945980072,0.34557288885116577,0.0,0.5551199316978455,0.13058970868587494,0.5452120304107666,-0.018244102597236633,0.14916323125362396,phase3_10b_future_rollout_audit_no_phase4_no_cps
phase39_default_geometry,hidden_breakaway_pin,310002,2,2,0.0,0.0,0.0,0,0.0,nan,nan,0.06922724843025208,0.03790019825100899,0.4573124349117279,0.04741635173559189,0.021760297939181328,hidden_high_friction,0,0.399453729391098,0.0,0.5434087514877319,0.07849999517202377,0.5744950771331787,0.03833998739719391,0.05078568682074547,0.031407680362463,0.06415175646543503,0.3370923399925232,0.0,0.5271428227424622,0.14066153764724731,0.5373415946960449,0.019643988460302353,0.12144653499126434,0.399453729391098,0.0,0.5434087514877319,0.07849999517202377,0.5744950771331787,0.03833998739719391,0.05078568682074547,0.33867147564888,0.0,0.5308225750923157,0.09584064036607742,0.5729565024375916,0.046417176723480225,0.06494572013616562,phase3_10b_future_rollout_audit_no_phase4_no_cps
phase39_default_geometry,hidden_breakaway_pin,310002,2,3,0.0,0.0,0.0,0,0.0,nan,nan,0.03222944959998131,0.038164351135492325,0.45708248019218445,0.046889569610357285,0.02151443250477314,hidden_high_friction,0,0.3687141239643097,0.0,0.5385206341743469,0.022752484306693077,0.5264080166816711,0.040013909339904785,0.02108725532889366,0.055961403995752335,0.04811618849635124,0.2746482789516449,0.0,0.5191333293914795,0.06984531879425049,0.49907365441322327,0.020871032029390335,0.052923258394002914,0.3687141239643097,0.0,0.5385206341743469,0.022752484306693077,0.5264080166816711,0.040013909339904785,0.02108725532889366,0.2648288905620575,0.0,0.5236530900001526,0.04465274512767792,0.5154126882553101,0.03899122774600983,0.00999785028398037,phase3_10b_future_rollout_audit_no_phase4_no_cps
phase39_default_geometry,hidden_breakaway_pin,310002,2,4,0.0,0.0,0.0,0,0.0,nan,nan,0.02520320750772953,0.038540445268154144,0.4596554636955261,0.04868455231189728,0.025207219645380974,hidden_breakaway_pin,1,0.31965819001197815,0.0,0.5215826034545898,0.019266558811068535,0.5285925269126892,-0.03743189945816994,0.057130150496959686,0.017293021082878113,0.0774766057729721,0.2650151550769806,0.0,0.5147593021392822,0.09262287616729736,0.47839778661727905,-0.017589053139090538,0.11605528742074966,0.31965819001197815,0.0,0.5215826034545898,0.019266558811068535,0.5285925269126892,-0.03743189945816994,0.057130150496959686,0.2602120339870453,0.0,0.5260301232337952,0.04914198815822601,0.5202715396881104,-0.04011575132608414,0.08944331109523773,phase3_10b_future_rollout_audit_no_phase4_no_cps
phase39_default_geometry,hidden_breakaway_pin,310002,2,5,0.0,0.0,0.0,0,0.0,nan,nan,0.029057124629616737,0.03917638212442398,0.4615558683872223,0.04589702561497688,0.023672061040997505,hidden_breakaway_pin,1,0.2663015127182007,0.0,0.5317427515983582,0.007207252085208893,0.5172260999679565,-0.0032882820814847946,0.01791338622570038,0.015768814831972122,0.03598586469888687,0.1886976659297943,0.0,0.5107241272926331,0.05368698760867119,0.4859956204891205,0.006996801123023033,0.05283438786864281,0.2663015127182007,0.0,0.5317427515983582,0.007207252085208893,0.5172260999679565,-0.0032882820814847946,0.01791338622570038,0.22745005786418915,0.0,0.5244383811950684,0.03331374377012253,0.5144855976104736,0.004838280379772186,0.03016471303999424,phase3_10b_future_rollout_audit_no_phase4_no_cps
phase39_default_geometry,hidden_breakaway_pin,310002,2,6,0.0,0.0,0.0,0,0.0,nan,nan,0.03695918247103691,0.039833761751651764,0.45297232270240784,0.04232178255915642,0.019022373482584953,hidden_high_friction,0,0.24520264565944672,0.0,0.548387885093689,0.04642300307750702,0.5495269894599915,0.03737010806798935,0.009124279022216797,0.0426020622253418,0.05192737281322479,0.1850544661283493,0.0,0.5286450386047363,0.05855156108736992,0.5179800987243652,0.013871211558580399,0.04593554884195328,0.24520264565944672,0.0,0.548387885093689,0.04642300307750702,0.5495269894599915,0.03737010806798935,0.009124279022216797,0.24081456661224365,0.0,0.5365855693817139,0.06287504732608795,0.5520057082176208,0.03853893280029297,0.02881019189953804,phase3_10b_future_rollout_audit_no_phase4_no_cps
phase39_default_geometry,hidden_breakaway_pin,310002,2,7,0.0,0.0,0.0,0,0.0,nan,nan,0.032555822283029556,0.03953145071864128,0.4581124186515808,0.04342701658606529,0.018761366605758667,hidden_high_friction,0,0.2710716128349304,0.0,0.539987325668335,0.01888263039290905,0.5521912574768066,-0.004480430856347084,0.026358462870121002,0.028793081641197205,0.041935257613658905,0.18276911973953247,0.0,0.5266818404197693,0.04014812037348747,0.5094696283340454,-0.005664336495101452,0.048939161002635956,0.2710716128349304,0.0,0.539987325668335,0.01888263039290905,0.5521912574768066,-0.004480430856347084,0.026358462870121002,0.26047831773757935,0.0,0.5326141119003296,0.051092781126499176,0.5495839715003967,0.0038391947746276855,0.05020834133028984,phase3_10b_future_rollout_audit_no_phase4_no_cps
phase39_default_geometry,hidden_breakaway_pin,310002,2,8,0.0,0.0,0.0,0,0.0,nan,nan,0.030775191262364388,0.039747726172208786,0.45342159271240234,0.04261361435055733,0.019143078476190567,hidden_high_friction,0,0.23941215872764587,0.0,0.5453447103500366,0.008216820657253265,0.5584678053855896,0.017866481095552444,0.0162890013307333,0.011935705319046974,0.02321162447333336,0.1732480823993683,0.0,0.5298119187355042,0.041304852813482285,0.5127312541007996,0.015382256358861923,0.03104400262236595,0.23941215872764587,0.0,0.5453447103500366,0.008216820657253265,0.5584678053855896,0.017866481095552444,0.0162890013307333,0.21166551113128662,0.0,0.5301564931869507,0.03025202266871929,0.553371012210846,0.020466387271881104,0.025192707777023315,phase3_10b_future_rollout_audit_no_phase4_no_cps
phase39_default_geometry,hidden_breakaway_pin,310002,2,9,0.0,0.0,0.0,0,0.0,nan,nan,0.03278704360127449,0.039508190006017685,0.46154025197029114,0.04439321532845497,0.023274047300219536,hidden_breakaway_pin,1,0.2117478847503662,0.0,0.5338606834411621,0.00013454444706439972,0.5393754839897156,-0.039107415825128555,0.039627574384212494,0.014043007977306843,0.06008778139948845,0.13520394265651703,0.0,0.5216495990753174,0.04653242602944374,0.4917443096637726,-0.026859614998102188,0.07925098389387131,0.2117478847503662,0.0,0.5338606834411621,0.00013454444706439972,0.5393754839897156,-0.039107415825128555,0.039627574384212494,0.14545339345932007,0.0,0.5189449191093445,0.017793094739317894,0.5298851132392883,-0.036054886877536774,0.054948095232248306,phase3_10b_future_rollout_audit_no_phase4_no_cps
phase39_default_geometry,hidden_breakaway_pin,310002,2,10,0.0,0.0,0.0,0,0.0,nan,nan,0.03483971208333969,0.039173368364572525,0.45423513650894165,0.04065640643239021,0.018627967685461044,hidden_high_friction,0,0.1962987780570984,0.0,0.5495779514312744,0.02974541299045086,0.5396389961242676,0.019892096519470215,0.013995380140841007,0.03352366387844086,0.05900010094046593,0.21251654624938965,0.0,0.5258946418762207,0.049105267971754074,0.5073935389518738,0.02299635484814644,0.03199946880340576,0.1962987780570984,0.0,0.5495779514312744,0.02974541299045086,0.5396389961242676,0.019892096519470215,0.013995380140841007,0.20562578737735748,0.0,0.5434533953666687,0.043668344616889954,0.5403896570205688,0.023200690746307373,0.020695684477686882,phase3_10b_future_rollout_audit_no_phase4_no_cps
phase39_default_geometry,hidden_breakaway_pin,310002,2,11,0.0,0.0,0.0,0,0.0,nan,nan,0.04134703055024147,0.04003546014428139,0.4549824595451355,0.04047336056828499,0.01837579905986786,hidden_high_friction,0,0.20567308366298676,0.0,0.5456108450889587,0.004525253549218178,0.542117178440094,-0.004965063184499741,0.010112953372299671,0.025530263781547546,0.024980388581752777,0.16500648856163025,0.0,0.5261027812957764,0.03369523212313652,0.5030504465103149,0.003778824582695961,0.03776773065328598,0.20567308366298676,0.0,0.5456108450889587,0.004525253549218178,0.542117178440094,-0.004965063184499741,0.010112953372299671,0.2354126125574112,0.0,0.533586859703064,0.02576672099530697,0.5431748032569885,0.0024282634258270264,0.025231175124645233,phase3_10b_future_rollout_audit_no_phase4_no_cps
phase39_default_geometry,hidden_breakaway_pin,310002,2,12,0.0,0.0,0.0,0,0.0,nan,nan,0.037640281021595,0.03860672563314438,0.4594191610813141,0.04924565553665161,0.02493826299905777,hidden_breakaway_pin,1,0.19179357588291168,0.0,0.5331522226333618,-0.040518708527088165,0.5175489783287048,-0.05041994899511337,0.0184796042740345,0.046735163778066635,0.05166955664753914,0.11407731473445892,0.0,0.5161563754081726,0.011538609862327576,0.48746806383132935,-0.026522725820541382,0.04766219109296799,0.19179357588291168,0.0,0.5331522226333618,-0.040518708527088165,0.5175489783287048,-0.05041994899511337,0.0184796042740345,0.15779881179332733,0.0,0.520519495010376,0.0012748036533594131,0.5118409395217896,-0.03348774462938309,0.03582948446273804,phase3_10b_future_rollout_audit_no_phase4_no_cps
phase39_default_geometry,hidden_breakaway_pin,310002,2,13,0.0,0.0,0.0,0,0.0,nan,nan,0.036926962435245514,0.03870072960853577,0.45497626066207886,0.04409006983041763,0.019773060455918312,hidden_high_friction,0,0.2443363070487976,0.0,0.5532442331314087,0.03300194442272186,0.5455372929573059,0.027383174747228622,0.009537688456475735,0.07621663063764572,0.08268416672945023,0.1907171607017517,0.0,0.5294970273971558,0.04155444726347923,0.508601188659668,0.01476750522851944,0.03397316858172417,0.2443363070487976,0.0,0.5532442331314087,0.03300194442272186,0.5455372929573059,0.027383174747228622,0.009537688456475735,0.22627371549606323,0.0,0.5336044430732727,0.053000979125499725,0.5330024361610413,0.039716288447380066,0.013298324309289455,phase3_10b_future_rollout_audit_no_phase4_no_cps
phase39_default_geometry,hidden_breakaway_pin,310002,2,14,0.0,0.0,0.0,0,0.0,nan,nan,0.041380446404218674,0.03906559944152832,0.45888400077819824,0.045639000833034515,0.023305118083953857,hidden_breakaway_pin,1,0.20034857094287872,0.0,0.5241496562957764,0.009167717769742012,0.5050815939903259,-0.010266859084367752,0.027226710692048073,0.037610698491334915,0.05526471510529518,0.1146608367562294,0.0,0.5244025588035583,0.022220570594072342,0.4720005393028259,-0.016093634068965912,0.06491494178771973,0.20034857094287872,0.0,0.5241496562957764,0.009167717769742012,0.5050815939903259,-0.010266859084367752,0.027226710692048073,0.26862525939941406,0.0,0.5210500955581665,0.0243226308375597,0.4932323396205902,-0.013293534517288208,0.046784646809101105,phase3_10b_future_rollout_audit_no_phase4_no_cps
phase39_default_geometry,hidden_breakaway_pin,310002,2,15,0.0,0.0,0.0,0,0.0,nan,nan,0.03745150938630104,0.039336081594228745,0.457327276468277,0.042742904275655746,0.0192052461206913,hidden_high_friction,0,0.19360828399658203,0.0,0.5394314527511597,0.02801552601158619,0.5330405831336975,0.020742304623126984,0.009682094678282738,0.02426464855670929,0.04175252467393875,0.18837451934814453,0.0,0.5237312316894531,0.02955697849392891,0.5091496109962463,0.008373593911528587,0.025716910138726234,0.19360828399658203,0.0,0.5394314527511597,0.02801552601158619,0.5330405831336975,0.020742304623126984,0.009682094678282738,0.17544132471084595,0.0,0.5248813033103943,0.035779766738414764,0.5277954936027527,0.010055270045995712,0.025889037176966667,phase3_10b_future_rollout_audit_no_phase4_no_cps
phase39_default_geometry,hidden_breakaway_pin,310003,3,0,0.08333333333333333,0.08333333333333333,0.0,0,0.0,nan,nan,0.018450414761900902,0.03938357159495354,0.45322185754776,0.04237254709005356,0.017990462481975555,hidden_high_friction,0,0.37859827280044556,0.0,0.3896312117576599,0.07329367846250534,0.5387012958526611,-0.040474627166986465,0.18752364814281464,nan,nan,0.43063831329345703,0.0,0.3748176097869873,0.05409397557377815,0.512911856174469,-0.058956172317266464,0.17846667766571045,0.37859827280044556,0.0,0.3896312117576599,0.07329367846250534,0.5387012958526611,-0.040474627166986465,0.18752364814281464,0.36146867275238037,0.0,0.3999599814414978,0.05120210349559784,0.5399913787841797,-0.05739694461226463,0.17720763385295868,phase3_10b_future_rollout_audit_no_phase4_no_cps
phase39_default_geometry,hidden_breakaway_pin,310003,3,1,0.08333333333333333,0.7083333333333334,0.625,0,0.625,nan,nan,0.06363816559314728,0.03912568464875221,0.45842450857162476,0.04686390608549118,0.02085663191974163,hidden_high_friction,0,0.38925155997276306,0.0,0.39282265305519104,0.055992648005485535,0.5639144778251648,-0.018826628103852272,0.18673601746559143,0.01759292371571064,0.03323161602020264,0.42883816361427307,0.0,0.3746170401573181,0.06423832476139069,0.535162091255188,-0.029121607542037964,0.18571695685386658,0.38925155997276306,0.0,0.39282265305519104,0.055992648005485535,0.5639144778251648,-0.018826628103852272,0.18673601746559143,0.38589078187942505,0.0,0.39133426547050476,0.04071987420320511,0.5589025020599365,-0.020290393382310867,0.17832937836647034,phase3_10b_future_rollout_audit_no_phase4_no_cps
phase39_default_geometry,hidden_breakaway_pin,310003,3,2,0.7083333333333334,0.08333333333333333,-0.625,0,-0.625,nan,nan,0.0667218342423439,0.02728140726685524,0.4604759216308594,0.07311031967401505,0.03459114953875542,hidden_breakaway_pin,1,0.5546848773956299,0.0,0.4522322714328766,0.045554906129837036,0.5198061466217041,-0.15719270706176758,0.21371200680732727,0.060319557785987854,0.14522641897201538,0.3695833384990692,0.0,0.44646304845809937,0.019501645117998123,0.526260495185852,-0.17072811722755432,0.20628862082958221,0.5546848773956299,0.0,0.4522322714328766,0.045554906129837036,0.5198061466217041,-0.15719270706176758,0.21371200680732727,0.3360791504383087,0.0,0.4605132043361664,-0.005723223090171814,0.519925057888031,-0.160517156124115,0.16580389440059662,phase3_10b_future_rollout_audit_no_phase4_no_cps
phase39_default_geometry,hidden_breakaway_pin,310003,3,3,0.08333333333333333,0.08333333333333333,0.0,0,0.0,nan,nan,0.06323107331991196,0.022900555282831192,0.4559934735298157,0.07746947556734085,0.039183877408504486,hidden_high_friction,0,0.24910925328731537,0.0,0.540314793586731,0.01013595424592495,0.4900219142436981,0.10534089803695679,0.10767243802547455,0.09493698924779892,0.26421770453453064,0.3284548223018646,0.0,0.48448067903518677,0.005995217710733414,0.4888615012168884,0.06795162707567215,0.06211109459400177,0.24910925328731537,0.0,0.540314793586731,0.01013595424592495,0.4900219142436981,0.10534089803695679,0.10767243802547455,0.26533186435699463,0.0,0.5337710380554199,0.02961529977619648,0.5210880041122437,0.12149927020072937,0.09275518357753754,phase3_10b_future_rollout_audit_no_phase4_no_cps
phase39_default_geometry,hidden_breakaway_pin,310003,3,4,0.08333333333333333,0.08333333333333333,0.0,0,0.0,nan,nan,0.05657891184091568,0.02607683278620243,0.46131631731987,0.07505903393030167,0.037880152463912964,hidden_breakaway_pin,1,0.5675758719444275,0.0,0.5330924987792969,0.03815381973981857,0.4904720187187195,0.023485925048589706,0.04507385566830635,0.028933757916092873,0.08185620605945587,0.24731479585170746,0.0,0.5133792757987976,-0.017177775502204895,0.4876607060432434,0.07984208315610886,0.10037080198526382,0.5675758719444275,0.0,0.5330924987792969,0.03815381973981857,0.4904720187187195,0.023485925048589706,0.04507385566830635,0.38084253668785095,0.0,0.5370229482650757,0.048783011734485626,0.5003730058670044,0.03884509205818176,0.037973418831825256,phase3_10b_future_rollout_audit_no_phase4_no_cps
phase39_default_geometry,hidden_breakaway_pin,310003,3,5,0.08333333333333333,0.08333333333333333,0.0,0,0.0,nan,nan,0.054311227053403854,0.03961251676082611,0.4526878297328949,0.0440683551132679,0.019042417407035828,hidden_high_friction,0,0.25277456641197205,0.0,0.5659031867980957,0.003701247274875641,0.5377800464630127,0.014329787343740463,0.030064545571804047,0.04757647216320038,0.048185933381319046,0.24102815985679626,0.0,0.5455203652381897,-0.04898585006594658,0.5209178924560547,0.00781659223139286,0.061901528388261795,0.25277456641197205,0.0,0.5659031867980957,0.003701247274875641,0.5377800464630127,0.014329787343740463,0.030064545571804047,0.2025170624256134,0.0,0.5656113624572754,0.014116479083895683,0.53831547498703,0.02468620240688324,0.029270881786942482,phase3_10b_future_rollout_audit_no_phase4_no_cps
phase39_default_geometry,hidden_breakaway_pin,310003,3,6,0.08333333333333333,0.16666666666666666,0.08333333333333333,0,0.08333333333333333,nan,nan,0.05585387721657753,0.039673175662755966,0.4574882984161377,0.04409291595220566,0.018855532631278038,hidden_high_friction,0,0.17093364894390106,0.0,0.5406010746955872,-0.03696684539318085,0.5435315370559692,-0.013885602355003357,0.02326652966439724,0.04789666458964348,0.028795622289180756,0.20019595324993134,0.0,0.5480939149856567,-0.06982691586017609,0.5108509063720703,0.0026925206184387207,0.08152367919683456,0.17093364894390106,0.0,0.5406010746955872,-0.03696684539318085,0.5435315370559692,-0.013885602355003357,0.02326652966439724,0.12685832381248474,0.0,0.5485662221908569,-0.029865812510252,0.531252920627594,-0.012616928666830063,0.024439197033643723,phase3_10b_future_rollout_audit_no_phase4_no_cps
phase39_default_geometry,hidden_breakaway_pin,310003,3,7,0.16666666666666666,0.16666666666666666,0.0,0,0.0,nan,nan,0.05175631493330002,0.03973644971847534,0.45377179980278015,0.04445858299732208,0.019892359152436256,hidden_high_friction,0,0.21053826808929443,0.0,0.5488552451133728,-0.03672599419951439,0.5515193939208984,-0.017269758507609367,0.019637789577245712,0.008257684297859669,0.008675158023834229,0.2374856024980545,0.0,0.5516709089279175,-0.08340434730052948,0.5247040390968323,-0.006780366413295269,0.08123082667589188,0.21053826808929443,0.0,0.5488552451133728,-0.03672599419951439,0.5515193939208984,-0.017269758507609367,0.019637789577245712,0.16402357816696167,0.0,0.548417329788208,-0.035388652235269547,0.5406810641288757,-0.017321327701210976,0.019653957337141037,phase3_10b_future_rollout_audit_no_phase4_no_cps
phase39_default_geometry,hidden_breakaway_pin,310003,3,8,0.16666666666666666,0.041666666666666664,-0.125,0,-0.125,nan,nan,0.05083570256829262,0.03962019830942154,0.46219509840011597,0.04416438564658165,0.02344074286520481,hidden_breakaway_pin,1,0.09133588522672653,0.0,0.5407213568687439,-0.026565290987491608,0.5147527456283569,-0.04186885058879852,0.03014245629310608,0.013015376403927803,0.04423688352108002,0.199591264128685,0.0,0.5382897257804871,-0.08488070964813232,0.5089948177337646,-0.02407415583729744,0.06749539822340012,0.09133588522672653,0.0,0.5407213568687439,-0.026565290987491608,0.5147527456283569,-0.04186885058879852,0.03014245629310608,0.11579151451587677,0.0,0.5392228960990906,-0.030705999583005905,0.512894332408905,-0.04569511488080025,0.030296318233013153,phase3_10b_future_rollout_audit_no_phase4_no_cps
phase39_default_geometry,hidden_breakaway_pin,310003,3,9,0.041666666666666664,0.041666666666666664,0.0,0,0.0,nan,nan,0.047599609941244125,0.03928277641534805,0.45516523718833923,0.03978632017970085,0.01851743832230568,hidden_high_friction,0,0.1201123297214508,0.0,0.5366480946540833,0.0037829820066690445,0.5143263936042786,0.013184737414121628,0.024220885708928108,0.030620403587818146,0.05505523830652237,0.21894878149032593,0.0,0.5410813093185425,-0.07454156130552292,0.5096345543861389,0.02935817465186119,0.10855437815189362,0.1201123297214508,0.0,0.5366480946540833,0.0037829820066690445,0.5143263936042786,0.013184737414121628,0.024220885708928108,0.11983140558004379,0.0,0.547879159450531,0.0066564567387104034,0.5276113152503967,0.0023293308913707733,0.02072461135685444,phase3_10b_future_rollout_audit_no_phase4_no_cps
phase39_default_geometry,hidden_breakaway_pin,310003,3,10,0.041666666666666664,0.041666666666666664,0.0,0,0.0,nan,nan,0.0491035021841526,0.03995874896645546,0.456132709980011,0.04238313063979149,0.019241588190197945,hidden_high_friction,0,0.14249713718891144,0.0,0.5454844832420349,-0.008575777523219585,0.5041489601135254,-0.008398070931434631,0.041335903108119965,0.015192784368991852,0.02386205643415451,0.16754673421382904,0.0,0.5399994254112244,-0.07545624673366547,0.5055201649665833,0.020397648215293884,0.10186652094125748,0.14249713718891144,0.0,0.5454844832420349,-0.008575777523219585,0.5041489601135254,-0.008398070931434631,0.041335903108119965,0.10456061363220215,0.0,0.5480838418006897,-0.012385227717459202,0.5157373547554016,-0.0016362350434064865,0.0340857170522213,phase3_10b_future_rollout_audit_no_phase4_no_cps
phase39_default_geometry,hidden_breakaway_pin,310003,3,11,0.041666666666666664,0.08333333333333333,0.041666666666666664,0,0.041666666666666664,nan,nan,0.05299669876694679,0.0389605276286602,0.4607183635234833,0.049173325300216675,0.025092262774705887,hidden_breakaway_pin,1,0.1168808788061142,0.0,0.5295604467391968,-0.06899368762969971,0.5041873455047607,-0.06356950104236603,0.02594640851020813,0.06248118728399277,0.05517144128680229,0.18646429479122162,0.0,0.5319142937660217,-0.08744825422763824,0.502914547920227,-0.029018182307481766,0.06523080915212631,0.1168808788061142,0.0,0.5295604467391968,-0.06899368762969971,0.5041873455047607,-0.06356950104236603,0.02594640851020813,0.07313969731330872,0.0,0.533101499080658,-0.05074584484100342,0.5080637335777283,-0.054991815239191055,0.025395235046744347,phase3_10b_future_rollout_audit_no_phase4_no_cps
phase39_default_geometry,hidden_breakaway_pin,310003,3,12,0.08333333333333333,0.08333333333333333,0.0,0,0.0,nan,nan,0.04951956123113632,0.038676220923662186,0.4574719965457916,0.046200331300497055,0.020381398499011993,hidden_high_friction,0,0.10924635827541351,0.0,0.5370885729789734,-0.002592122182250023,0.5258783102035522,0.01320788636803627,0.01937292516231537,0.06682693958282471,0.07978261262178421,0.22270871698856354,0.0,0.5306867361068726,-0.07535728067159653,0.5170612335205078,0.0449085533618927,0.12103522568941116,0.10924635827541351,0.0,0.5370885729789734,-0.002592122182250023,0.5258783102035522,0.01320788636803627,0.01937292516231537,0.14572009444236755,0.0,0.5466287732124329,0.005872104316949844,0.5244853496551514,0.018203821033239365,0.025345658883452415,phase3_10b_future_rollout_audit_no_phase4_no_cps
phase39_default_geometry,hidden_breakaway_pin,310003,3,13,0.08333333333333333,0.0,-0.08333333333333333,0,-0.08333333333333333,nan,nan,0.046937085688114166,0.038918253034353256,0.4599432349205017,0.04612841084599495,0.021064741536974907,hidden_high_friction,0,0.07805831730365753,0.0,0.5200779438018799,-0.018682442605495453,0.49335551261901855,-0.02956262230873108,0.028852498158812523,0.02341495081782341,0.05373126268386841,0.14008808135986328,0.0,0.5333741307258606,-0.08146220445632935,0.49060192704200745,-0.02240590751171112,0.07291850447654724,0.07805831730365753,0.0,0.5200779438018799,-0.018682442605495453,0.49335551261901855,-0.02956262230873108,0.028852498158812523,0.043900709599256516,0.0,0.5347009897232056,-0.0196481104940176,0.5079568028450012,-0.02661658637225628,0.027637135237455368,phase3_10b_future_rollout_audit_no_phase4_no_cps
phase39_default_geometry,hidden_breakaway_pin,310003,3,14,0.0,0.0,0.0,0,0.0,nan,nan,0.05250231921672821,0.038906875997781754,0.4575223922729492,0.044806648045778275,0.01974860578775406,hidden_high_friction,0,0.11145760864019394,0.0,0.5406761169433594,-0.003708990290760994,0.5185397863388062,0.018507108092308044,0.03136195242404938,0.025465447455644608,0.054267365485429764,0.2352420538663864,0.0,0.5332741737365723,-0.03467290848493576,0.52144855260849,0.027460843324661255,0.06324909627437592,0.11145760864019394,0.0,0.5406761169433594,-0.003708990290760994,0.5185397863388062,0.018507108092308044,0.03136195242404938,0.16328296065330505,0.0,0.5407454967498779,-0.00020752660930156708,0.5300179123878479,0.005391709506511688,0.012100930325686932,phase3_10b_future_rollout_audit_no_phase4_no_cps
phase39_default_geometry,hidden_breakaway_pin,310003,3,15,0.0,0.0,0.0,0,0.0,nan,nan,0.05018124356865883,0.03828702121973038,0.45904380083084106,0.04827830195426941,0.02154839038848877,hidden_high_friction,0,0.08524710685014725,0.0,0.5269966721534729,-0.03285503759980202,0.5095153450965881,-0.02108876034617424,0.021072305738925934,0.03219657391309738,0.04061124473810196,0.12580086290836334,0.0,0.5367710590362549,-0.0747920572757721,0.5077266693115234,-0.0037076519802212715,0.07678911834955215,0.08524710685014725,0.0,0.5269966721534729,-0.03285503759980202,0.5095153450965881,-0.02108876034617424,0.021072305738925934,0.07395456731319427,0.0,0.5339902639389038,-0.019513972103595734,0.5171658992767334,-0.011172940954566002,0.018778499215841293,phase3_10b_future_rollout_audit_no_phase4_no_cps
phase39_default_geometry,hidden_high_friction,310000,0,0,0.0,0.0,0.0,0,0.0,nan,nan,0.01200210303068161,0.03889177367091179,0.45786306262016296,0.048115771263837814,0.020960381254553795,hidden_high_friction,1,0.8625947833061218,0.0,0.7867478728294373,-0.16195707023143768,0.47203528881073,0.011208746582269669,0.35920801758766174,nan,nan,0.6591680645942688,0.0,0.738466739654541,-0.126896470785141,0.43331801891326904,0.036819376051425934,0.3462926745414734,0.8625947833061218,0.0,0.7867478728294373,-0.16195707023143768,0.47203528881073,0.011208746582269669,0.35920801758766174,0.906995415687561,0.0,0.776025652885437,-0.13063539564609528,0.4949692487716675,0.019329406321048737,0.3185626268386841,phase3_10b_future_rollout_audit_no_phase4_no_cps
phase39_default_geometry,hidden_high_friction,310000,0,1,0.0,0.0,0.0,0,0.0,nan,nan,0.12153907120227814,0.03511778265237808,0.46014273166656494,0.05784572288393974,0.027052095159888268,hidden_high_friction,1,0.7006670832633972,0.0,0.7465206384658813,-0.10244376957416534,0.5093851685523987,0.003882024437189102,0.25988152623176575,0.07183358073234558,0.0380617193877697,0.553622305393219,0.0,0.7312427759170532,-0.15258391201496124,0.46138980984687805,0.016052383929491043,0.3182119131088257,0.7006670832633972,0.0,0.7465206384658813,-0.10244376957416534,0.5093851685523987,0.003882024437189102,0.25988152623176575,0.7134396433830261,0.0,0.726894736289978,-0.08793555945158005,0.49783802032470703,0.04216264933347702,0.2634246051311493,phase3_10b_future_rollout_audit_no_phase4_no_cps
phase39_default_geometry,hidden_high_friction,310000,0,2,0.0,0.0,0.0,0,0.0,nan,nan,0.12376943230628967,0.03588466718792915,0.4578010141849518,0.054805006831884384,0.025558065623044968,hidden_high_friction,1,0.6804214715957642,0.0,0.7381646633148193,-0.00829350482672453,0.5408086180686951,-0.013404227793216705,0.19742220640182495,0.09452034533023834,0.035864293575286865,0.6430898308753967,0.0,0.7615095973014832,-0.2019902467727661,0.4883473515510559,-0.004067742265760899,0.33732911944389343,0.6804214715957642,0.0,0.7381646633148193,-0.00829350482672453,0.5408086180686951,-0.013404227793216705,0.19742220640182495,0.6911360025405884,0.0,0.7092094421386719,-0.02634284645318985,0.4929097890853882,0.008446112275123596,0.21907946467399597,phase3_10b_future_rollout_audit_no_phase4_no_cps
phase39_default_geometry,hidden_high_friction,310000,0,3,0.0,0.0,0.0,0,0.0,nan,nan,0.12925492227077484,0.03510274365544319,0.4548976719379425,0.05226004868745804,0.0247915368527174,hidden_high_friction,1,0.7186164259910583,0.0,0.6985569000244141,0.07053747773170471,0.44650334119796753,-0.004613110795617104,0.26301828026771545,0.08822187036275864,0.09471414238214493,0.812232494354248,0.0,0.8080013990402222,-0.2050301879644394,0.43922698497772217,-0.024521498009562492,0.41058245301246643,0.7186164259910583,0.0,0.6985569000244141,0.07053747773170471,0.44650334119796753,-0.004613110795617104,0.26301828026771545,0.7737764716148376,0.0,0.725329577922821,0.012360403314232826,0.41381633281707764,0.03736479580402374,0.31251516938209534,phase3_10b_future_rollout_audit_no_phase4_no_cps
phase39_default_geometry,hidden_high_friction,310000,0,4,0.0,0.0,0.0,0,0.0,nan,nan,0.12252501398324966,0.0387696735560894,0.4616085886955261,0.04934544488787651,0.02151528373360634,hidden_high_friction,1,0.7661804556846619,0.0,0.7155673503875732,0.025128846988081932,0.47116419672966003,0.0021897852420806885,0.24547730386257172,0.048490192741155624,0.02558196894824505,0.7853500247001648,0.0,0.7902376651763916,-0.19413021206855774,0.43213245272636414,0.00635179691016674,0.41040515899658203,0.7661804556846619,0.0,0.7155673503875732,0.025128846988081932,0.47116419672966003,0.0021897852420806885,0.24547730386257172,0.749768078327179,0.0,0.7319861650466919,-0.02356027252972126,0.43650850653648376,0.027995910495519638,0.2999418079853058,phase3_10b_future_rollout_audit_no_phase4_no_cps
phase39_default_geometry,hidden_high_friction,310000,0,5,0.0,0.0,0.0,0,0.0,nan,nan,0.12188098579645157,0.028060218319296837,0.45964208245277405,0.07051176577806473,0.03383282944560051,hidden_high_friction,1,0.7810596823692322,0.0,0.7252324819564819,0.015098514035344124,0.4404573440551758,-0.008665334433317184,0.2857649326324463,0.01392919011414051,0.03256906941533089,0.912431538105011,0.0,0.8012946248054504,-0.14438721537590027,0.40474218130111694,0.014156844466924667,0.4270715117454529,0.7810596823692322,0.0,0.7252324819564819,0.015098514035344124,0.4404573440551758,-0.008665334433317184,0.2857649326324463,0.7840667963027954,0.0,0.7413589954376221,-0.015408672392368317,0.4033481180667877,0.04831397533416748,0.34396499395370483,phase3_10b_future_rollout_audit_no_phase4_no_cps
phase39_default_geometry,hidden_high_friction,310000,0,6,0.0,0.0,0.0,0,0.0,nan,nan,0.12331291288137436,0.028627445921301842,0.4712474048137665,0.0712820291519165,0.033773649483919144,hidden_high_friction,1,0.5706526637077332,0.0,0.7068494558334351,-0.030665498226881027,0.4536155164241791,-0.04039347171783447,0.25342071056365967,0.04931815713644028,0.034348394721746445,0.6918579936027527,0.0,0.7644844055175781,-0.19108180701732635,0.42239952087402344,0.015298612415790558,0.3995184004306793,0.5706526637077332,0.0,0.7068494558334351,-0.030665498226881027,0.4536155164241791,-0.04039347171783447,0.25342071056365967,0.5916093587875366,0.0,0.7216618657112122,-0.06548165529966354,0.40999487042427063,0.01100333034992218,0.32091474533081055,phase3_10b_future_rollout_audit_no_phase4_no_cps
phase39_default_geometry,hidden_high_friction,310000,0,7,0.0,0.0,0.0,0,0.0,nan,nan,0.12010937929153442,0.022522028535604477,0.46460211277008057,0.0807669460773468,0.04024432972073555,hidden_high_friction,1,0.7041958570480347,0.0,0.7305659651756287,0.0310360174626112,0.4201878607273102,0.07865898311138153,0.3140103816986084,0.06610256433486938,0.12365636229515076,0.8369784951210022,0.0,0.799558699131012,-0.15525898337364197,0.4069046080112457,0.0012726839631795883,0.4227048456668854,0.7041958570480347,0.0,0.7305659651756287,0.0310360174626112,0.4201878607273102,0.07865898311138153,0.3140103816986084,0.7117210030555725,0.0,0.7348938584327698,-0.01470169983804226,0.37737414240837097,0.05639331787824631,0.36452001333236694,phase3_10b_future_rollout_audit_no_phase4_no_cps
phase39_default_geometry,hidden_high_friction,310000,0,8,0.0,0.0,0.0,0,0.0,nan,nan,0.12206653505563736,0.02864154800772667,0.45919138193130493,0.07103915512561798,0.03452489525079727,hidden_high_friction,1,0.6416743993759155,0.0,0.7277138829231262,-0.033135365694761276,0.5273057818412781,-0.09144197404384613,0.20871765911579132,0.06423472613096237,0.20101886987686157,0.6738172769546509,0.0,0.7757241725921631,-0.19187551736831665,0.46512818336486816,-0.07527785003185272,0.3317602872848511,0.6416743993759155,0.0,0.7277138829231262,-0.033135365694761276,0.5273057818412781,-0.09144197404384613,0.20871765911579132,0.6819691061973572,0.0,0.7424560785293579,-0.06639915704727173,0.4725084900856018,-0.044994939118623734,0.2707948386669159,phase3_10b_future_rollout_audit_no_phase4_no_cps
phase39_default_geometry,hidden_high_friction,310000,0,9,0.0,0.0,0.0,0,0.0,nan,nan,0.12116717547178268,0.027869239449501038,0.46205589175224304,0.07077968120574951,0.033196479082107544,hidden_high_friction,1,0.5689321160316467,0.0,0.7242894172668457,0.06562122702598572,0.45412787795066833,0.06731508672237396,0.2701668441295624,0.09881594777107239,0.17481078207492828,0.7181412577629089,0.0,0.7896219491958618,-0.18920445442199707,0.42736804485321045,0.0251876562833786,0.42094165086746216,0.5689321160316467,0.0,0.7242894172668457,0.06562122702598572,0.45412787795066833,0.06731508672237396,0.2701668441295624,0.6040815114974976,0.0,0.7330963015556335,0.016632257029414177,0.4112762212753296,0.07396652549505234,0.32688742876052856,phase3_10b_future_rollout_audit_no_phase4_no_cps
phase39_default_geometry,hidden_high_friction,310000,0,10,0.0,0.0,0.0,0,0.0,nan,nan,0.1243811696767807,0.0394008606672287,0.456084668636322,0.04417373612523079,0.019960734993219376,hidden_high_friction,1,0.7096341848373413,0.0,0.7238965034484863,0.009516725316643715,0.48466306924819946,0.012238781899213791,0.23924891650676727,0.056105878204107285,0.06297457963228226,0.6974290013313293,0.0,0.7713022828102112,-0.19832460582256317,0.4376964867115021,0.029045507311820984,0.4037202000617981,0.7096341848373413,0.0,0.7238965034484863,0.009516725316643715,0.48466306924819946,0.012238781899213791,0.23924891650676727,0.7223865985870361,0.0,0.7305763959884644,-0.03497684746980667,0.4282779097557068,0.0431194081902504,0.31222331523895264,phase3_10b_future_rollout_audit_no_phase4_no_cps
phase39_default_geometry,hidden_high_friction,310000,0,11,0.0,0.0,0.0,0,0.0,nan,nan,0.12333148717880249,0.034921467304229736,0.46462881565093994,0.058480992913246155,0.027401214465498924,hidden_high_friction,1,0.6987900137901306,0.0,0.7154861688613892,0.01930476538836956,0.46966826915740967,-0.0037126708775758743,0.24689318239688873,0.012905016541481018,0.021892758086323738,0.7956946492195129,0.0,0.7846863269805908,-0.20208415389060974,0.4238097667694092,-0.021569572389125824,0.40350639820098877,0.6987900137901306,0.0,0.7154861688613892,0.01930476538836956,0.46966826915740967,-0.0037126708775758743,0.24689318239688873,0.6611700057983398,0.0,0.7234071493148804,-0.04128853976726532,0.42420583963394165,-0.0007425509393215179,0.3019360899925232,phase3_10b_future_rollout_audit_no_phase4_no_cps
phase39_default_geometry,hidden_high_friction,310000,0,12,0.0,0.0,0.0,0,0.0,nan,nan,0.12612508237361908,0.03310069441795349,0.4623927175998688,0.06065188720822334,0.028912512585520744,hidden_high_friction,1,0.7858968377113342,0.0,0.7299187779426575,0.004808209836483002,0.4826474189758301,-0.04433036968111992,0.25210657715797424,0.020456058904528618,0.042641010135412216,0.8667953014373779,0.0,0.791370153427124,-0.17381377518177032,0.4235195815563202,-0.02613300271332264,0.3963882625102997,0.7858968377113342,0.0,0.7299187779426575,0.004808209836483002,0.4826474189758301,-0.04433036968111992,0.25210657715797424,0.7229701280593872,0.0,0.7419401407241821,-0.03419949859380722,0.4460240304470062,-0.0015998370945453644,0.29770636558532715,phase3_10b_future_rollout_audit_no_phase4_no_cps
phase39_default_geometry,hidden_high_friction,310000,0,13,0.0,0.0,0.0,0,0.0,nan,nan,0.12697838246822357,0.03483033925294876,0.4603177309036255,0.05803581327199936,0.027377953752875328,hidden_high_friction,1,0.6572456955909729,0.0,0.7311100959777832,0.045698001980781555,0.46604472398757935,0.007307402789592743,0.26783108711242676,0.04090714454650879,0.05424121022224426,0.7936155200004578,0.0,0.7975434064865112,-0.17438925802707672,0.4101860523223877,-0.013388343155384064,0.4194842278957367,0.6572456955909729,0.0,0.7311100959777832,0.045698001980781555,0.46604472398757935,0.007307402789592743,0.26783108711242676,0.6760562658309937,0.0,0.7354121804237366,-0.015450775623321533,0.4258197844028473,0.023254312574863434,0.3120024502277374,phase3_10b_future_rollout_audit_no_phase4_no_cps
phase39_default_geometry,hidden_high_friction,310000,0,14,0.0,0.0,0.0,0,0.0,nan,nan,0.13048183917999268,0.035820621997117996,0.4638318717479706,0.05497140437364578,0.028421007096767426,hidden_breakaway_pin,0,0.740092396736145,0.0,0.7213513851165771,-0.016077520325779915,0.4767097234725952,-0.06739385426044464,0.2499658167362213,0.06254156678915024,0.07545872777700424,0.8134964108467102,0.0,0.7927545309066772,-0.20163199305534363,0.4185929000377655,-0.032653313130140305,0.4105493128299713,0.740092396736145,0.0,0.7213513851165771,-0.016077520325779915,0.4767097234725952,-0.06739385426044464,0.2499658167362213,0.7247379422187805,0.0,0.7260209918022156,-0.052443645894527435,0.44277042150497437,-0.013921301811933517,0.2858580946922302,phase3_10b_future_rollout_audit_no_phase4_no_cps
phase39_default_geometry,hidden_high_friction,310000,0,15,0.0,0.0,0.0,0,0.0,nan,nan,0.12920090556144714,0.036468908190727234,0.46139004826545715,0.050111837685108185,0.023697353899478912,hidden_high_friction,1,0.744400680065155,0.0,0.7310706973075867,0.015731489285826683,0.465241402387619,0.022016141563653946,0.2659035623073578,0.033260758966207504,0.09014249593019485,0.832975447177887,0.0,0.799505352973938,-0.17728835344314575,0.4131253957748413,0.0319376140832901,0.4393916130065918,0.744400680065155,0.0,0.7310706973075867,0.015731489285826683,0.465241402387619,0.022016141563653946,0.2659035623073578,0.797761857509613,0.0,0.7339683175086975,-0.014788223430514336,0.4069816470146179,0.05294010043144226,0.3339272439479828,phase3_10b_future_rollout_audit_no_phase4_no_cps
phase39_default_geometry,hidden_high_friction,310001,1,0,0.0,0.0,0.0,0,0.0,nan,nan,0.039852190762758255,0.03142155706882477,0.46135541796684265,0.06671254336833954,0.03403830528259277,hidden_breakaway_pin,0,0.9765996336936951,0.0,0.2788935899734497,0.4640830159187317,0.529730498790741,-0.1298215091228485,0.6447027921676636,nan,nan,0.9005832672119141,0.0,0.2563507556915283,0.3524772822856903,0.5361565351486206,-0.09591159224510193,0.5285298824310303,0.9765996336936951,0.0,0.2788935899734497,0.4640830159187317,0.529730498790741,-0.1298215091228485,0.6447027921676636,0.8489550948143005,0.0,0.2906557619571686,0.3924258053302765,0.529591977596283,-0.12264783680438995,0.5677952170372009,phase3_10b_future_rollout_audit_no_phase4_no_cps
phase39_default_geometry,hidden_high_friction,310001,1,1,0.0,0.0,0.0,0,0.0,nan,nan,0.13953863084316254,0.0321979820728302,0.45973116159439087,0.062065690755844116,0.029281629249453545,hidden_high_friction,1,0.8958225250244141,0.0,0.28460216522216797,0.4647069275379181,0.5041624307632446,-0.12045253068208694,0.6249946355819702,0.005742568988353014,0.02723056823015213,0.9056187272071838,0.0,0.28420308232307434,0.3596130311489105,0.5255371332168579,-0.06978238373994827,0.4925673007965088,0.8958225250244141,0.0,0.28460216522216797,0.4647069275379181,0.5041624307632446,-0.12045253068208694,0.6249946355819702,0.745485782623291,0.0,0.30116894841194153,0.3861018121242523,0.5464692711830139,-0.09988534450531006,0.5443856716156006,phase3_10b_future_rollout_audit_no_phase4_no_cps
phase39_default_geometry,hidden_high_friction,310001,1,2,0.0,0.0,0.0,0,0.0,nan,nan,0.14263242483139038,0.03247949481010437,0.4577248990535736,0.06218184530735016,0.029918063431978226,hidden_breakaway_pin,0,0.8797316551208496,0.0,0.28596359491348267,0.46604976058006287,0.5593477487564087,-0.11041871458292007,0.6380084753036499,0.001912247738800943,0.05609007552266121,1.0745519399642944,0.0,0.32739412784576416,0.3613480031490326,0.6061562299728394,-0.18687516450881958,0.6150259375572205,0.8797316551208496,0.0,0.28596359491348267,0.46604976058006287,0.5593477487564087,-0.11041871458292007,0.6380084753036499,0.7452051043510437,0.0,0.31551593542099,0.3792269229888916,0.6024187803268433,-0.12946224212646484,0.5840187668800354,phase3_10b_future_rollout_audit_no_phase4_no_cps
phase39_default_geometry,hidden_high_friction,310001,1,3,0.0,0.0,0.0,0,0.0,nan,nan,0.14750276505947113,0.034583136439323425,0.45841312408447266,0.0584912970662117,0.028052181005477905,hidden_high_friction,1,0.9069038033485413,0.0,0.27789413928985596,0.45203131437301636,0.5736207962036133,-0.07768650352954865,0.6066755652427673,0.016175072640180588,0.03570878878235817,1.1314796209335327,0.07142857142857142,0.3284466862678528,0.3321438729763031,0.6139335632324219,-0.12204226106405258,0.5364585518836975,0.9069038033485413,0.0,0.27789413928985596,0.45203131437301636,0.5736207962036133,-0.07768650352954865,0.6066755652427673,0.7969575524330139,0.0,0.2940189242362976,0.3830108940601349,0.6005860567092896,-0.07213194668292999,0.5487608313560486,phase3_10b_future_rollout_audit_no_phase4_no_cps
phase39_default_geometry,hidden_high_friction,310001,1,4,0.0,0.0,0.0,0,0.0,nan,nan,0.1474214792251587,0.035395052284002304,0.448451966047287,0.053514912724494934,0.02536611258983612,hidden_high_friction,1,0.8910952210426331,0.0,0.29442888498306274,0.45720964670181274,0.555970311164856,0.0008848626166582108,0.525962233543396,0.017326654866337776,0.08052948862314224,1.1299608945846558,0.07142857142857142,0.34058183431625366,0.3437879681587219,0.5896897315979004,-0.08535245805978775,0.4962018132209778,0.8910952210426331,0.0,0.29442888498306274,0.45720964670181274,0.555970311164856,0.0008848626166582108,0.525962233543396,0.7787376642227173,0.0,0.30664944648742676,0.38513830304145813,0.5955683588981628,-0.019411224871873856,0.4971262216567993,phase3_10b_future_rollout_audit_no_phase4_no_cps
phase39_default_geometry,hidden_high_friction,310001,1,5,0.0,0.08333333333333333,0.08333333333333333,0,0.08333333333333333,nan,nan,0.14628399908542633,0.035053420811891556,0.4556741714477539,0.05591079592704773,0.026341477409005165,hidden_high_friction,1,0.9512888789176941,0.0,0.2967092990875244,0.4688895344734192,0.5120027661323547,-0.04821799695491791,0.5601352453231812,0.011900423094630241,0.06591081619262695,1.1582859754562378,0.07142857142857142,0.3164891302585602,0.31909090280532837,0.5694208741188049,-0.11303618550300598,0.5007078051567078,0.9512888789176941,0.0,0.2967092990875244,0.4688895344734192,0.5120027661323547,-0.04821799695491791,0.5601352453231812,0.7659015655517578,0.0,0.31917276978492737,0.378492534160614,0.544921875,-0.06853751838207245,0.5007978677749634,phase3_10b_future_rollout_audit_no_phase4_no_cps
phase39_default_geometry,hidden_high_friction,310001,1,6,0.08333333333333333,0.08333333333333333,0.0,0,0.0,nan,nan,0.12854576110839844,0.03685322776436806,0.4612952470779419,0.052182137966156006,0.023405104875564575,hidden_high_friction,1,0.6238918304443359,0.0,0.3646562397480011,0.1933094710111618,0.533913254737854,0.006850209087133408,0.2518233358860016,0.28383296728134155,0.05926699563860893,0.8706536293029785,0.0,0.3299567997455597,0.16027072072029114,0.5053756833076477,-0.11885184049606323,0.3296683132648468,0.6238918304443359,0.0,0.3646562397480011,0.1933094710111618,0.533913254737854,0.006850209087133408,0.2518233358860016,0.4736282229423523,0.0,0.3992965519428253,0.16750898957252502,0.5340681672096252,-0.006150415167212486,0.2198203206062317,phase3_10b_future_rollout_audit_no_phase4_no_cps
phase39_default_geometry,hidden_high_friction,310001,1,7,0.08333333333333333,0.08333333333333333,0.0,0,0.0,nan,nan,0.10889491438865662,0.038544829934835434,0.45409712195396423,0.04724346846342087,0.022374778985977173,hidden_high_friction,1,0.4670974016189575,0.0,0.4095172584056854,0.13754446804523468,0.5352846384048462,-0.018495842814445496,0.20041459798812866,0.07156987488269806,0.025383125990629196,0.4997704327106476,0.0,0.39328956604003906,0.07885454595088959,0.5261914730072021,-0.05238886550068855,0.1867826133966446,0.4670974016189575,0.0,0.4095172584056854,0.13754446804523468,0.5352846384048462,-0.018495842814445496,0.20041459798812866,0.3861842751502991,0.0,0.4159587621688843,0.11858842521905899,0.5581340193748474,-0.008891725912690163,0.19095808267593384,phase3_10b_future_rollout_audit_no_phase4_no_cps
phase39_default_geometry,hidden_high_friction,310001,1,8,0.08333333333333333,0.0,-0.08333333333333333,0,-0.08333333333333333,nan,nan,0.05695216730237007,0.039229556918144226,0.4562835693359375,0.04275184124708176,0.01905612275004387,hidden_high_friction,1,0.3847399950027466,0.0,0.4381888806819916,0.08685015141963959,0.566653847694397,-0.005724752321839333,0.15834569931030273,0.05824067071080208,0.03386927768588066,0.6962222456932068,0.0,0.4622921347618103,0.0977986603975296,0.5883762836456299,-0.060377318412065506,0.20227915048599243,0.3847399950027466,0.0,0.4381888806819916,0.08685015141963959,0.566653847694397,-0.005724752321839333,0.15834569931030273,0.3135780990123749,0.0,0.4593448042869568,0.08507858216762543,0.5666425824165344,0.00033803097903728485,0.13672518730163574,phase3_10b_future_rollout_audit_no_phase4_no_cps
phase39_default_geometry,hidden_high_friction,310001,1,9,0.0,0.0,0.0,0,0.0,nan,nan,0.0491306334733963,0.03851358965039253,0.4529309570789337,0.04619918018579483,0.02067648246884346,hidden_high_friction,1,0.2284511774778366,0.0,0.4905490577220917,0.05201016366481781,0.5587843656539917,0.008479442447423935,0.08093813061714172,0.06289207190275192,0.016238469630479813,0.3396957218647003,0.0,0.5250278115272522,0.049493420869112015,0.5334204435348511,-0.025448312982916832,0.07541020959615707,0.2284511774778366,0.0,0.4905490577220917,0.05201016366481781,0.5587843656539917,0.008479442447423935,0.08093813061714172,0.2510446310043335,0.0,0.5090099573135376,0.035032063722610474,0.566072940826416,0.0014162100851535797,0.0662284642457962,phase3_10b_future_rollout_audit_no_phase4_no_cps
phase39_default_geometry,hidden_high_friction,310001,1,10,0.0,0.0,0.0,0,0.0,nan,nan,0.045874662697315216,0.038633715361356735,0.46026086807250977,0.047011423856019974,0.02502225525677204,hidden_breakaway_pin,0,0.3320249021053314,0.0,0.5073258876800537,0.043429210782051086,0.5439860224723816,-0.03689845651388168,0.08829779177904129,0.018843958154320717,0.047729913145303726,0.28821271657943726,0.0,0.5086407661437988,0.04187992587685585,0.5282532572746277,-0.03752181679010391,0.0817880630493164,0.3320249021053314,0.0,0.5073258876800537,0.043429210782051086,0.5439860224723816,-0.03689845651388168,0.08829779177904129,0.27497193217277527,0.0,0.5018767714500427,0.05153375118970871,0.5527136921882629,-0.025831174105405807,0.09257280081510544,phase3_10b_future_rollout_audit_no_phase4_no_cps
phase39_default_geometry,hidden_high_friction,310001,1,11,0.0,0.0,0.0,0,0.0,nan,nan,0.041146792471408844,0.03848109394311905,0.457448810338974,0.04624402895569801,0.020572198554873466,hidden_high_friction,1,0.247980535030365,0.0,0.5277170538902283,0.030094271525740623,0.536959707736969,-0.018723441287875175,0.04968496412038803,0.024364324286580086,0.019485900178551674,0.36843299865722656,0.0,0.5173616409301758,0.05067373439669609,0.5265450477600098,0.003560170531272888,0.048000238835811615,0.247980535030365,0.0,0.5277170538902283,0.030094271525740623,0.536959707736969,-0.018723441287875175,0.04968496412038803,0.2654344439506531,0.0,0.5093510150909424,0.03760959208011627,0.5357820987701416,-0.005883451551198959,0.050894469022750854,phase3_10b_future_rollout_audit_no_phase4_no_cps
phase39_default_geometry,hidden_high_friction,310001,1,12,0.0,0.0,0.0,0,0.0,nan,nan,0.038605038076639175,0.03997170925140381,0.4542383849620819,0.040623538196086884,0.018599173054099083,hidden_high_friction,1,0.2605228126049042,0.0,0.5249797105789185,0.012124540284276009,0.5349920988082886,0.014868926256895065,0.010381693951785564,0.018177026882767677,0.03364994004368782,0.33236920833587646,0.0,0.5260903239250183,0.042844053357839584,0.5184752941131592,0.013434797525405884,0.030379153788089752,0.2605228126049042,0.0,0.5249797105789185,0.012124540284276009,0.5349920988082886,0.014868926256895065,0.010381693951785564,0.2942429482936859,0.0,0.5063392519950867,0.03413242846727371,0.5348557829856873,0.018091492354869843,0.032718557864427567,phase3_10b_future_rollout_audit_no_phase4_no_cps
phase39_default_geometry,hidden_high_friction,310001,1,13,0.0,0.0,0.0,0,0.0,nan,nan,0.03876800090074539,0.038907699286937714,0.4596610963344574,0.048591215163469315,0.02486211620271206,hidden_breakaway_pin,0,0.24148517847061157,0.0,0.5152841210365295,-0.031758442521095276,0.5159832239151001,-0.04491971805691719,0.013179830275475979,0.04494130238890648,0.06273770332336426,0.34742456674575806,0.0,0.5091140866279602,0.030841629952192307,0.4970032870769501,-0.006112377159297466,0.03888791799545288,0.24148517847061157,0.0,0.5152841210365295,-0.031758442521095276,0.5159832239151001,-0.04491971805691719,0.013179830275475979,0.2456272542476654,0.0,0.4969429671764374,0.013470860198140144,0.520905613899231,-0.02842222899198532,0.04826219007372856,phase3_10b_future_rollout_audit_no_phase4_no_cps
phase39_default_geometry,hidden_high_friction,310001,1,14,0.0,0.0,0.0,0,0.0,nan,nan,0.039965949952602386,0.03906421735882759,0.4563475549221039,0.04492885246872902,0.02013435959815979,hidden_high_friction,1,0.24138391017913818,0.0,0.5252311825752258,0.029563089832663536,0.529803991317749,0.03141338378190994,0.004932967480272055,0.06212306022644043,0.07757420092821121,0.3368638753890991,0.0,0.5141304135322571,0.04203086718916893,0.5105503797531128,0.021099772304296494,0.02123505063354969,0.24138391017913818,0.0,0.5252311825752258,0.029563089832663536,0.529803991317749,0.03141338378190994,0.004932967480272055,0.2688805162906647,0.0,0.5025302171707153,0.05663222074508667,0.5223344564437866,0.040636442601680756,0.025457274168729782,phase3_10b_future_rollout_audit_no_phase4_no_cps
phase39_default_geometry,hidden_high_friction,310001,1,15,0.0,0.0,0.0,0,0.0,nan,nan,0.04514843970537186,0.03910258784890175,0.4567696154117584,0.04504455253481865,0.020830966532230377,hidden_breakaway_pin,0,0.24055880308151245,0.0,0.5047619938850403,0.0017521679401397705,0.5006004571914673,-0.004839237779378891,0.007795191835612059,0.03453165292739868,0.046552110463380814,0.22658990323543549,0.0,0.5100295543670654,0.028888102620840073,0.4808122217655182,-0.006241992115974426,0.045692186802625656,0.24055880308151245,0.0,0.5047619938850403,0.0017521679401397705,0.5006004571914673,-0.004839237779378891,0.007795191835612059,0.22515425086021423,0.0,0.4959728717803955,0.03796765208244324,0.5046989917755127,-0.0008973367512226105,0.03983255848288536,phase3_10b_future_rollout_audit_no_phase4_no_cps
phase39_default_geometry,hidden_high_friction,310002,2,0,0.0,0.0,0.0,0,0.0,nan,nan,0.011176425963640213,0.03947308287024498,0.4551056921482086,0.04443253204226494,0.01990956999361515,hidden_high_friction,1,0.3790002763271332,0.0,0.40420985221862793,-0.20486010611057281,0.5267313122749329,0.018605276942253113,0.25484955310821533,nan,nan,0.46552956104278564,0.0,0.398663192987442,-0.2061132788658142,0.5189096331596375,0.05646544694900513,0.2888023555278778,0.3790002763271332,0.0,0.40420985221862793,-0.20486010611057281,0.5267313122749329,0.018605276942253113,0.25484955310821533,0.3826328217983246,0.0,0.40061163902282715,-0.2040514349937439,0.5411003232002258,0.009124957025051117,0.2553061842918396,phase3_10b_future_rollout_audit_no_phase4_no_cps
phase39_default_geometry,hidden_high_friction,310002,2,1,0.0,0.0,0.0,0,0.0,nan,nan,0.07612889260053635,0.027499735355377197,0.463947057723999,0.06949426233768463,0.03654482960700989,hidden_high_friction,1,0.46170639991760254,0.0,0.4518362283706665,-0.14837291836738586,0.5804153680801392,-0.0228025633841753,0.17972342669963837,0.07388554513454437,0.06779813766479492,0.5491182208061218,0.0,0.4240422248840332,-0.15000544488430023,0.5299838781356812,-0.010983483865857124,0.174787700176239,0.46170639991760254,0.0,0.4518362283706665,-0.14837291836738586,0.5804153680801392,-0.0228025633841753,0.17972342669963837,0.3852243423461914,0.0,0.4458654224872589,-0.12789107859134674,0.5861650109291077,-0.04092544689774513,0.1650666445493698,phase3_10b_future_rollout_audit_no_phase4_no_cps
phase39_default_geometry,hidden_high_friction,310002,2,2,0.0,0.0,0.0,0,0.0,nan,nan,0.06723283231258392,0.02613988146185875,0.46306705474853516,0.07603824883699417,0.03679407760500908,hidden_high_friction,1,0.3576697111129761,0.0,0.47892460227012634,-0.07331535965204239,0.5439283847808838,-0.033193398267030716,0.0763888955116272,0.07979609817266464,0.0379377044737339,0.40596091747283936,0.0,0.46662870049476624,-0.11460009217262268,0.5135391354560852,0.05476459860801697,0.1757412552833557,0.3576697111129761,0.0,0.47892460227012634,-0.07331535965204239,0.5439283847808838,-0.033193398267030716,0.0763888955116272,0.29424458742141724,0.0,0.4675753712654114,-0.09126846492290497,0.542043149471283,-0.01161760464310646,0.10903994739055634,phase3_10b_future_rollout_audit_no_phase4_no_cps
phase39_default_geometry,hidden_high_friction,310002,2,3,0.0,0.0,0.0,0,0.0,nan,nan,0.05300707742571831,0.02316969819366932,0.4577970504760742,0.07910842448472977,0.03931491822004318,hidden_high_friction,1,0.31227365136146545,0.0,0.5232857465744019,-0.02383502945303917,0.523689866065979,-0.06094171106815338,0.0371088832616806,0.06645460426807404,0.03434481844305992,0.24256639182567596,0.0,0.5031338334083557,-0.05543901398777962,0.5146634578704834,0.01752154529094696,0.07386592775583267,0.31227365136146545,0.0,0.5232857465744019,-0.02383502945303917,0.523689866065979,-0.06094171106815338,0.0371088832616806,0.32676294445991516,0.0,0.5308038592338562,0.002696176990866661,0.5547425150871277,-0.02073030173778534,0.033494167029857635,phase3_10b_future_rollout_audit_no_phase4_no_cps
phase39_default_geometry,hidden_high_friction,310002,2,4,0.0,0.0,0.0,0,0.0,nan,nan,0.05253339931368828,0.029498131945729256,0.46872442960739136,0.07134849578142166,0.033261921256780624,hidden_breakaway_pin,0,0.23948173224925995,0.0,0.5171604752540588,-0.05531226843595505,0.5153909921646118,-0.1517404317855835,0.09644439816474915,0.03206767141819,0.09117718040943146,0.255074143409729,0.0,0.5119258165359497,-0.022526193410158157,0.5372570157051086,-0.06920202076435089,0.05310652032494545,0.23948173224925995,0.0,0.5171604752540588,-0.05531226843595505,0.5153909921646118,-0.1517404317855835,0.09644439816474915,0.266787052154541,0.0,0.5056740641593933,-0.04657850041985512,0.539925217628479,-0.10095465183258057,0.06426435708999634,phase3_10b_future_rollout_audit_no_phase4_no_cps
phase39_default_geometry,hidden_high_friction,310002,2,5,0.0,0.0,0.0,0,0.0,nan,nan,0.048822492361068726,0.02597210183739662,0.46444007754325867,0.0741942748427391,0.037009719759225845,hidden_high_friction,1,0.13857761025428772,0.0,0.5319021344184875,-0.01222877949476242,0.5098905563354492,-0.03906848281621933,0.03471137210726738,0.04553573951125145,0.11280612647533417,0.18247708678245544,0.0,0.5119451284408569,-0.03938078507781029,0.5045953392982483,0.013708576560020447,0.053595706820487976,0.13857761025428772,0.0,0.5319021344184875,-0.01222877949476242,0.5098905563354492,-0.03906848281621933,0.03471137210726738,0.1314309686422348,0.0,0.5114115476608276,-0.04521073400974274,0.5117436051368713,-0.05461907759308815,0.009414201602339745,phase3_10b_future_rollout_audit_no_phase4_no_cps
phase39_default_geometry,hidden_high_friction,310002,2,6,0.0,0.0,0.0,0,0.0,nan,nan,0.049372948706150055,0.033093541860580444,0.45798054337501526,0.06358972936868668,0.029689272865653038,free,0,0.17012955248355865,0.0,0.535785436630249,0.03686875104904175,0.525977373123169,0.030101269483566284,0.011916246265172958,0.04925086349248886,0.07101577520370483,0.14969749748706818,0.0,0.5234846472740173,-0.044355593621730804,0.5045729875564575,0.0038475971668958664,0.05178029462695122,0.17012955248355865,0.0,0.535785436630249,0.03686875104904175,0.525977373123169,0.030101269483566284,0.011916246265172958,0.2150568962097168,0.0,0.5546535849571228,0.028036920353770256,0.5518701672554016,0.003697134554386139,0.02449841983616352,phase3_10b_future_rollout_audit_no_phase4_no_cps
phase39_default_geometry,hidden_high_friction,310002,2,7,0.0,0.0,0.0,0,0.0,nan,nan,0.05358507111668587,0.03061004914343357,0.46080321073532104,0.06703731417655945,0.03398478776216507,hidden_breakaway_pin,0,0.15713952481746674,0.0,0.5477664470672607,-0.03655305877327919,0.534430205821991,-0.056517165154218674,0.024008765816688538,0.07439291477203369,0.08702990412712097,0.3537623882293701,0.0,0.5139754414558411,-0.018438193947076797,0.5127288699150085,0.03524060174822807,0.053693268448114395,0.15713952481746674,0.0,0.5477664470672607,-0.03655305877327919,0.534430205821991,-0.056517165154218674,0.024008765816688538,0.30818867683410645,0.0,0.5444832444190979,-0.038208842277526855,0.5532960295677185,-0.042988575994968414,0.01002551894634962,phase3_10b_future_rollout_audit_no_phase4_no_cps
phase39_default_geometry,hidden_high_friction,310002,2,8,0.0,0.0,0.0,0,0.0,nan,nan,0.05290002375841141,0.03291390463709831,0.45694172382354736,0.06038132682442665,0.029565123841166496,hidden_high_friction,1,0.314414381980896,0.0,0.5319585800170898,-0.027436910197138786,0.5035676956176758,0.021230991929769516,0.056343648582696915,0.018248090520501137,0.08364968746900558,0.22323386371135712,0.0,0.5341027975082397,-0.06899838149547577,0.5037795305252075,0.0395318940281868,0.11268682777881622,0.314414381980896,0.0,0.5319585800170898,-0.027436910197138786,0.5035676956176758,0.021230991929769516,0.056343648582696915,0.21851980686187744,0.0,0.5433498024940491,-0.03521250933408737,0.5117418766021729,0.007201258093118668,0.05289601907134056,phase3_10b_future_rollout_audit_no_phase4_no_cps
phase39_default_geometry,hidden_high_friction,310002,2,9,0.0,0.0,0.0,0,0.0,nan,nan,0.04949789494276047,0.03575225546956062,0.4630841314792633,0.05486149340867996,0.027678560465574265,hidden_breakaway_pin,0,0.1540631800889969,0.0,0.5123323798179626,-0.07022055983543396,0.5308777689933777,-0.07004288583993912,0.018546240404248238,0.04707046225667,0.09527203440666199,0.24028337001800537,0.0,0.5122633576393127,-0.075375497341156,0.5174219608306885,-0.00952422246336937,0.06605301797389984,0.1540631800889969,0.0,0.5123323798179626,-0.07022055983543396,0.5308777689933777,-0.07004288583993912,0.018546240404248238,0.13695760071277618,0.0,0.526520848274231,-0.05528620630502701,0.5312772393226624,-0.06736892461776733,0.012985196895897388,phase3_10b_future_rollout_audit_no_phase4_no_cps
phase39_default_geometry,hidden_high_friction,310002,2,10,0.0,0.0,0.0,0,0.0,nan,nan,0.05044442415237427,0.039217885583639145,0.454298198223114,0.04034636914730072,0.018660495057702065,hidden_high_friction,1,0.16195933520793915,0.0,0.5360714197158813,-0.00327206589281559,0.511601984500885,0.004361901432275772,0.02563261054456234,0.07103268802165985,0.07686109840869904,0.3217131793498993,0.0,0.5274633169174194,-0.05791426822543144,0.5162326097488403,0.029757604002952576,0.08838827162981033,0.16195933520793915,0.0,0.5360714197158813,-0.00327206589281559,0.511601984500885,0.004361901432275772,0.02563261054456234,0.2296021580696106,0.0,0.5439613461494446,0.002253374084830284,0.5349964499473572,0.00012270361185073853,0.009214614517986774,phase3_10b_future_rollout_audit_no_phase4_no_cps
phase39_default_geometry,hidden_high_friction,310002,2,11,0.0,0.0,0.0,0,0.0,nan,nan,0.050072502344846725,0.039907123893499374,0.45316582918167114,0.03989419713616371,0.018540047109127045,hidden_high_friction,1,0.13380177319049835,0.0,0.5447184443473816,-0.013279254548251629,0.5094465017318726,0.007005523890256882,0.04068884626030922,0.013225538656115532,0.0034109889529645443,0.23181386291980743,0.0,0.5374811291694641,-0.06539493054151535,0.5171643495559692,0.019640281796455383,0.08742859214544296,0.13380177319049835,0.0,0.5447184443473816,-0.013279254548251629,0.5094465017318726,0.007005523890256882,0.04068884626030922,0.10222034156322479,0.0,0.5389814376831055,-0.012534141540527344,0.5287162661552429,-0.004933193325996399,0.012772946618497372,phase3_10b_future_rollout_audit_no_phase4_no_cps
phase39_default_geometry,hidden_high_friction,310002,2,12,0.0,0.0,0.0,0,0.0,nan,nan,0.053394511342048645,0.03910953924059868,0.46027544140815735,0.04845467954874039,0.025044310837984085,hidden_breakaway_pin,0,0.14347070455551147,0.0,0.5252968072891235,-0.06010155379772186,0.5020066499710083,-0.06946761906147003,0.025102881714701653,0.050690509378910065,0.07683419436216354,0.30213338136672974,0.0,0.5294799208641052,-0.06857256591320038,0.5136630535125732,-0.015429863706231117,0.055446553975343704,0.14347070455551147,0.0,0.5252968072891235,-0.06010155379772186,0.5020066499710083,-0.06946761906147003,0.025102881714701653,0.10764563083648682,0.0,0.5233763456344604,-0.04799678921699524,0.5091527700424194,-0.058123402297496796,0.01746019348502159,phase3_10b_future_rollout_audit_no_phase4_no_cps
phase39_default_geometry,hidden_high_friction,310002,2,13,0.0,0.0,0.0,0,0.0,nan,nan,0.0507529191672802,0.03886280208826065,0.4564046859741211,0.04484524950385094,0.01975930482149124,hidden_high_friction,1,0.09714160114526749,0.0,0.5403944849967957,-0.0038532689213752747,0.5119106769561768,-7.100030779838562e-05,0.02873382903635502,0.05823924019932747,0.07009978592395782,0.2649930715560913,0.0,0.5301479697227478,-0.06473509967327118,0.5109025835990906,0.030997641384601593,0.09764805436134338,0.09714160114526749,0.0,0.5403944849967957,-0.0038532689213752747,0.5119106769561768,-7.100030779838562e-05,0.02873382903635502,0.12092483043670654,0.0,0.5396158695220947,-0.004184326156973839,0.5230213403701782,0.0019521787762641907,0.017692798748612404,phase3_10b_future_rollout_audit_no_phase4_no_cps
phase39_default_geometry,hidden_high_friction,310002,2,14,0.0,0.0,0.0,0,0.0,nan,nan,0.048292070627212524,0.038997385650873184,0.45781058073043823,0.04609709233045578,0.021116308867931366,hidden_breakaway_pin,0,0.06093964725732803,0.0,0.5205405354499817,-0.00970684364438057,0.48275166749954224,-0.016972556710243225,0.03848102316260338,0.020698880776762962,0.0337032712996006,0.19610752165317535,0.0,0.532228946685791,-0.07962469011545181,0.48069244623184204,0.0008069314062595367,0.09552621096372604,0.06093964725732803,0.0,0.5205405354499817,-0.00970684364438057,0.48275166749954224,-0.016972556710243225,0.03848102316260338,0.059898555278778076,0.0,0.5245276689529419,-0.020079676061868668,0.5086065530776978,-0.025322292000055313,0.01676206849515438,phase3_10b_future_rollout_audit_no_phase4_no_cps
phase39_default_geometry,hidden_high_friction,310002,2,15,0.0,0.0,0.0,0,0.0,nan,nan,0.05377691239118576,0.03930923715233803,0.4570428133010864,0.04281197860836983,0.019002284854650497,hidden_high_friction,1,0.13733358681201935,0.0,0.542980432510376,-0.01911839284002781,0.5091263651847839,-0.007009029388427734,0.03595462068915367,0.024333644658327103,0.02819390967488289,0.266864150762558,0.0,0.5377508997917175,-0.042472828179597855,0.5162142515182495,0.018981140106916428,0.06511848419904709,0.13733358681201935,0.0,0.542980432510376,-0.01911839284002781,0.5091263651847839,-0.007009029388427734,0.03595462068915367,0.12380998581647873,0.0,0.5361459255218506,-0.015355474315583706,0.5239527225494385,-0.012767568230628967,0.01246480830013752,phase3_10b_future_rollout_audit_no_phase4_no_cps
phase39_default_geometry,hidden_high_friction,310003,3,0,0.0,0.5,0.5,0,0.5,nan,nan,0.018423479050397873,0.03512254357337952,0.45569318532943726,0.0554342046380043,0.024946488440036774,hidden_high_friction,1,0.6478727459907532,0.0,0.5810286998748779,0.060781531035900116,0.5140410661697388,-0.11514992266893387,0.18825307488441467,nan,nan,0.4606882929801941,0.0,0.5984607338905334,0.050937313586473465,0.4865591824054718,-0.08196832239627838,0.17374078929424286,0.6478727459907532,0.0,0.5810286998748779,0.060781531035900116,0.5140410661697388,-0.11514992266893387,0.18825307488441467,0.5229784250259399,0.0,0.5768173933029175,0.07468581199645996,0.5097982287406921,-0.10633449256420135,0.1930282860994339,phase3_10b_future_rollout_audit_no_phase4_no_cps
phase39_default_geometry,hidden_high_friction,310003,3,1,0.5,0.5,0.0,0,0.0,nan,nan,0.05228443071246147,0.03417488560080528,0.4620857238769531,0.06137944012880325,0.0299241840839386,hidden_breakaway_pin,0,0.43379518389701843,0.0,0.5509091019630432,-0.04882671684026718,0.5475504994392395,-0.0883396565914154,0.039655424654483795,0.11367127299308777,0.04291471093893051,0.21511352062225342,0.0,0.5718115568161011,-0.019897202029824257,0.5250944495201111,-0.03314102068543434,0.048558078706264496,0.43379518389701843,0.0,0.5509091019630432,-0.04882671684026718,0.5475504994392395,-0.0883396565914154,0.039655424654483795,0.31763288378715515,0.0,0.5523124933242798,-0.05017705634236336,0.5541752576828003,-0.11749863624572754,0.06734734773635864,phase3_10b_future_rollout_audit_no_phase4_no_cps
phase39_default_geometry,hidden_high_friction,310003,3,2,0.5,0.5,0.0,0,0.0,nan,nan,0.055554673075675964,0.03637859225273132,0.45680367946624756,0.0545739084482193,0.02790050581097603,hidden_breakaway_pin,0,0.35479736328125,0.0,0.5432204604148865,-0.04123985767364502,0.516537606716156,-0.0600501224398613,0.032646603882312775,0.010801649652421474,0.04197734221816063,0.203263521194458,0.0,0.5497377514839172,-0.052310675382614136,0.48909202218055725,-0.03618905693292618,0.06275197863578796,0.35479736328125,0.0,0.5432204604148865,-0.04123985767364502,0.516537606716156,-0.0600501224398613,0.032646603882312775,0.27324438095092773,0.0,0.5350105166435242,-0.047993116080760956,0.5223099589347839,-0.07802468538284302,0.032606739550828934,phase3_10b_future_rollout_audit_no_phase4_no_cps
phase39_default_geometry,hidden_high_friction,310003,3,3,0.5,0.5,0.0,0,0.0,nan,nan,0.057295527309179306,0.03732190653681755,0.45807576179504395,0.050841428339481354,0.025576364248991013,hidden_breakaway_pin,0,0.3724948763847351,0.0,0.5337342619895935,0.013478828594088554,0.5053249001502991,-0.026090368628501892,0.04871153086423874,0.05553487688302994,0.0357629656791687,0.1450003981590271,0.0,0.5094007849693298,-0.02909882180392742,0.46547117829322815,-0.018043627962470055,0.045299313962459564,0.3724948763847351,0.0,0.5337342619895935,0.013478828594088554,0.5053249001502991,-0.026090368628501892,0.04871153086423874,0.21698719263076782,0.0,0.5312800407409668,0.022547999396920204,0.5035607218742371,-0.01569991186261177,0.04723625257611275,phase3_10b_future_rollout_audit_no_phase4_no_cps
phase39_default_geometry,hidden_high_friction,310003,3,4,0.5,0.4583333333333333,-0.041666666666666685,0,-0.041666666666666685,nan,nan,0.052764471620321274,0.03545505553483963,0.461245059967041,0.0569177083671093,0.026555584743618965,hidden_breakaway_pin,0,0.1901254653930664,0.0,0.532078742980957,0.04090286046266556,0.48095154762268066,0.022437255829572678,0.05435962229967117,0.02747395634651184,0.05430460721254349,0.1914387345314026,0.0,0.5170267224311829,-0.014279304072260857,0.4643848240375519,0.02766016498208046,0.06730592995882034,0.1901254653930664,0.0,0.532078742980957,0.04090286046266556,0.48095154762268066,0.022437255829572678,0.05435962229967117,0.18189449608325958,0.0,0.539532482624054,0.035717956721782684,0.48140376806259155,0.020507890731096268,0.0600857175886631,phase3_10b_future_rollout_audit_no_phase4_no_cps
phase39_default_geometry,hidden_high_friction,310003,3,5,0.4583333333333333,0.4583333333333333,0.0,0,0.0,nan,nan,0.05472313240170479,0.036700643599033356,0.45371532440185547,0.049775730818510056,0.023784033954143524,hidden_high_friction,1,0.25397807359695435,0.0,0.5483062267303467,0.019041450694203377,0.5200205445289612,0.03467044234275818,0.03231633082032204,0.027225950732827187,0.04093943536281586,0.16046300530433655,0.0,0.5285257697105408,-0.01754087209701538,0.499563068151474,0.02352973073720932,0.0502556711435318,0.25397807359695435,0.0,0.5483062267303467,0.019041450694203377,0.5200205445289612,0.03467044234275818,0.03231633082032204,0.20900732278823853,0.0,0.5592940449714661,0.035346098244190216,0.5301273465156555,0.04687584936618805,0.03136289864778519,phase3_10b_future_rollout_audit_no_phase4_no_cps
phase39_default_geometry,hidden_high_friction,310003,3,6,0.4583333333333333,0.4583333333333333,0.0,0,0.0,nan,nan,0.05513228103518486,0.035754941403865814,0.4611063599586487,0.054053422063589096,0.025341680273413658,hidden_high_friction,1,0.19872063398361206,0.0,0.541843056678772,-0.04006768763065338,0.5260229706764221,-0.06381651759147644,0.0285356268286705,0.05946143716573715,0.09866970032453537,0.11180350184440613,0.0,0.5287834405899048,-0.05557522550225258,0.5153458118438721,-0.08245638757944107,0.030052732676267624,0.19872063398361206,0.0,0.541843056678772,-0.04006768763065338,0.5260229706764221,-0.06381651759147644,0.0285356268286705,0.26918530464172363,0.0,0.5337089896202087,-0.03476264327764511,0.5253542065620422,-0.07181232422590256,0.037980012595653534,phase3_10b_future_rollout_audit_no_phase4_no_cps
phase39_default_geometry,hidden_high_friction,310003,3,7,0.4583333333333333,0.5,0.041666666666666685,0,0.041666666666666685,nan,nan,0.05309469625353813,0.03591730073094368,0.4565037488937378,0.05739530920982361,0.02600669115781784,hidden_high_friction,1,0.0883135199546814,0.0,0.5353290438652039,-0.013201672583818436,0.4994221031665802,-0.010645713657140732,0.035997796803712845,0.027644440531730652,0.05945368483662605,0.13340358436107635,0.0,0.5230515003204346,-0.016651857644319534,0.494544118642807,0.0076204631477594376,0.037440840154886246,0.0883135199546814,0.0,0.5353290438652039,-0.013201672583818436,0.4994221031665802,-0.010645713657140732,0.035997796803712845,0.09887249022722244,0.0,0.5412373542785645,-0.008843705989420414,0.5104609727859497,0.0006456095725297928,0.03220609948039055,phase3_10b_future_rollout_audit_no_phase4_no_cps
phase39_default_geometry,hidden_high_friction,310003,3,8,0.5,0.4166666666666667,-0.08333333333333331,0,-0.08333333333333331,nan,nan,0.04699831083416939,0.036103688180446625,0.46166083216667175,0.05534054711461067,0.028367208316922188,hidden_breakaway_pin,0,0.24832502007484436,0.0,0.529502272605896,0.0073942746967077255,0.531097412109375,-0.007608609274029732,0.015087445266544819,0.02140430547297001,0.03182058036327362,0.10654435306787491,0.0,0.5207210779190063,-0.025734174996614456,0.5127804279327393,-0.002467608079314232,0.02458428405225277,0.24832502007484436,0.0,0.529502272605896,0.0073942746967077255,0.531097412109375,-0.007608609274029732,0.015087445266544819,0.18354323506355286,0.0,0.5413748621940613,0.01096596010029316,0.5461695194244385,0.005898334085941315,0.006976358126848936,phase3_10b_future_rollout_audit_no_phase4_no_cps
phase39_default_geometry,hidden_high_friction,310003,3,9,0.4166666666666667,0.375,-0.041666666666666685,0,-0.041666666666666685,nan,nan,0.05333441495895386,0.03282737731933594,0.4621649980545044,0.059356626123189926,0.027563409879803658,hidden_high_friction,1,0.25347253680229187,0.0,0.5476130247116089,0.00900210626423359,0.5102526545524597,-0.002186795696616173,0.038999855518341064,0.01818198151886463,0.02153833769261837,0.16228696703910828,0.0,0.5306710004806519,-0.0007631629705429077,0.5015972852706909,-0.003586331382393837,0.029210463166236877,0.25347253680229187,0.0,0.5476130247116089,0.00900210626423359,0.5102526545524597,-0.002186795696616173,0.038999855518341064,0.10851731896400452,0.0,0.5371000170707703,-0.00044962018728256226,0.5195729732513428,-0.03137405961751938,0.03554600104689598,phase3_10b_future_rollout_audit_no_phase4_no_cps
phase39_default_geometry,hidden_high_friction,310003,3,10,0.375,0.3333333333333333,-0.041666666666666685,0,-0.041666666666666685,nan,nan,0.05344872549176216,0.03573504090309143,0.45153558254241943,0.052364010363817215,0.02384514920413494,hidden_high_friction,1,0.1433132439851761,0.0,0.539727509021759,0.019780321046710014,0.4826872646808624,0.04661962389945984,0.06303917616605759,0.013354822061955929,0.056052811443805695,0.29507163166999817,0.0,0.5037615299224854,0.007890541106462479,0.4870905578136444,0.05685888230800629,0.051728326827287674,0.1433132439851761,0.0,0.539727509021759,0.019780321046710014,0.4826872646808624,0.04661962389945984,0.06303917616605759,0.14615130424499512,0.0,0.5321475863456726,0.04157695174217224,0.49596530199050903,0.047411710023880005,0.03664972260594368,phase3_10b_future_rollout_audit_no_phase4_no_cps
phase39_default_geometry,hidden_high_friction,310003,3,11,0.3333333333333333,0.3333333333333333,0.0,0,0.0,nan,nan,0.05355481430888176,0.033745747059583664,0.4553535580635071,0.05576104298233986,0.0262917447835207,hidden_high_friction,1,0.28622645139694214,0.0,0.5343482494354248,-0.015287518501281738,0.5431929230690002,0.01648319885134697,0.032978884875774384,0.03547802194952965,0.06759540736675262,0.2256460189819336,0.0,0.5165380835533142,-0.024154001846909523,0.5069496631622314,0.02218044549226761,0.04731615632772446,0.28622645139694214,0.0,0.5343482494354248,-0.015287518501281738,0.5431929230690002,0.01648319885134697,0.032978884875774384,0.20786085724830627,0.0,0.5434545874595642,0.001799125224351883,0.5384635329246521,0.013799764215946198,0.012997152283787727,phase3_10b_future_rollout_audit_no_phase4_no_cps
phase39_default_geometry,hidden_high_friction,310003,3,12,0.3333333333333333,0.3333333333333333,0.0,0,0.0,nan,nan,0.05229766294360161,0.03432128578424454,0.4590857923030853,0.05583643913269043,0.026067296043038368,hidden_high_friction,1,0.3049425184726715,0.0,0.5361006855964661,-0.013085538521409035,0.5470946431159973,0.019515257328748703,0.03440463915467262,0.0028142048977315426,0.004941335879266262,0.23731572926044464,0.0,0.5228617191314697,-0.03092874214053154,0.5185731053352356,0.03379356116056442,0.06486423313617706,0.3049425184726715,0.0,0.5361006855964661,-0.013085538521409035,0.5470946431159973,0.019515257328748703,0.03440463915467262,0.19048145413398743,0.0,0.5460630059242249,-0.009136887267231941,0.5464256405830383,0.004179198294878006,0.013321022503077984,phase3_10b_future_rollout_audit_no_phase4_no_cps
phase39_default_geometry,hidden_high_friction,310003,3,13,0.3333333333333333,0.3333333333333333,0.0,0,0.0,nan,nan,0.05203704163432121,0.03693835064768791,0.45662152767181396,0.05153602734208107,0.023996882140636444,hidden_high_friction,1,0.23303678631782532,0.0,0.5268795490264893,-0.014331430196762085,0.5088062882423401,0.02071233093738556,0.03942978382110596,0.009304923936724663,0.0383070632815361,0.14196839928627014,0.0,0.5171071887016296,-0.03698449209332466,0.49343976378440857,0.014359377324581146,0.05653618276119232,0.23303678631782532,0.0,0.5268795490264893,-0.014331430196762085,0.5088062882423401,0.02071233093738556,0.03942978382110596,0.15035754442214966,0.0,0.5282003283500671,0.005183536559343338,0.5195069909095764,0.008856195956468582,0.00943729467689991,phase3_10b_future_rollout_audit_no_phase4_no_cps
phase39_default_geometry,hidden_high_friction,310003,3,14,0.3333333333333333,0.3333333333333333,0.0,0,0.0,nan,nan,0.05204794555902481,0.03388040512800217,0.46032771468162537,0.05557054653763771,0.02656816691160202,hidden_high_friction,1,0.09612545371055603,0.0,0.5343218445777893,-0.021032730117440224,0.509457528591156,-0.024502528831362724,0.025105252861976624,0.010014748200774193,0.045219551771879196,0.2600485384464264,0.0,0.5199190378189087,-0.02953425608575344,0.5088163018226624,0.009075723588466644,0.040174636989831924,0.09612545371055603,0.0,0.5343218445777893,-0.021032730117440224,0.509457528591156,-0.024502528831362724,0.025105252861976624,0.08827951550483704,0.0,0.5235430002212524,-0.017587285488843918,0.5156309604644775,-0.04121992737054825,0.024921920150518417,phase3_10b_future_rollout_audit_no_phase4_no_cps
phase39_default_geometry,hidden_high_friction,310003,3,15,0.3333333333333333,0.375,0.041666666666666685,0,0.041666666666666685,nan,nan,0.051829930394887924,0.0343535952270031,0.46026790142059326,0.05715504661202431,0.02916969731450081,hidden_breakaway_pin,0,0.18500347435474396,0.0,0.5071070194244385,-0.020795371383428574,0.4678924083709717,-0.02788953110575676,0.03985113278031349,0.027215860784053802,0.041702888906002045,0.180832177400589,0.0,0.49064117670059204,-0.03839743137359619,0.4780094027519226,0.025468729436397552,0.06510336697101593,0.18500347435474396,0.0,0.5071070194244385,-0.020795371383428574,0.4678924083709717,-0.02788953110575676,0.03985113278031349,0.13171425461769104,0.0,0.5116528868675232,-0.019672734662890434,0.47903555631637573,-0.028120271861553192,0.03369348868727684,phase3_10b_future_rollout_audit_no_phase4_no_cps
phase39b_xy_only_high_weight,free,310000,0,0,0.0,0.0,0.0,0,0.0,nan,nan,0.01370230596512556,0.03929046913981438,0.4577505588531494,0.04679320007562637,0.02029266022145748,hidden_high_friction,0,0.4537109136581421,0.0,0.7159503102302551,0.007147129625082016,0.4749072790145874,-0.03417478874325752,0.24455928802490234,nan,nan,0.4532357156276703,0.0,0.6987324953079224,0.026390329003334045,0.4598587453365326,-0.03793998807668686,0.2473844438791275,0.45836183428764343,0.0,0.7125540375709534,-0.024333305656909943,0.4793905019760132,-0.030589917674660683,0.23324745893478394,0.4537109136581421,0.0,0.7159503102302551,0.007147129625082016,0.4749072790145874,-0.03417478874325752,0.24455928802490234,phase3_10b_future_rollout_audit_no_phase4_no_cps
phase39b_xy_only_high_weight,free,310000,0,1,0.0,0.0,0.0,0,0.0,nan,nan,0.09033141285181046,0.0392923429608345,0.45697417855262756,0.0466042123734951,0.024271884933114052,hidden_breakaway_pin,0,0.42213812470436096,0.0,0.6994490623474121,0.012630647048354149,0.506115734577179,0.0030229128897190094,0.19357191026210785,0.01738850586116314,0.04855550080537796,0.41374462842941284,0.0,0.6869832277297974,-0.0105851199477911,0.4789009392261505,-0.011036431416869164,0.20808278024196625,0.4084385931491852,0.0,0.6955143213272095,-0.0005112439393997192,0.5224984884262085,-0.03132278099656105,0.17573796212673187,0.42213812470436096,0.0,0.6994490623474121,0.012630647048354149,0.506115734577179,0.0030229128897190094,0.19357191026210785,phase3_10b_future_rollout_audit_no_phase4_no_cps
phase39b_xy_only_high_weight,free,310000,0,2,0.0,0.0,0.0,0,0.0,nan,nan,0.08374754339456558,0.03913510590791702,0.4550475776195526,0.0446753054857254,0.020398959517478943,hidden_high_friction,0,0.5242566466331482,0.0,0.6508521437644958,0.022415218874812126,0.5108121633529663,-0.003849133849143982,0.14248162508010864,0.04957215487957001,0.00832354836165905,0.37389910221099854,0.0,0.6505107879638672,-0.051663536578416824,0.48541590571403503,0.01742618903517723,0.17896845936775208,0.528536319732666,0.0,0.6487410068511963,0.0010921582579612732,0.5168573260307312,0.019944526255130768,0.13322430849075317,0.5242566466331482,0.0,0.6508521437644958,0.022415218874812126,0.5108121633529663,-0.003849133849143982,0.14248162508010864,phase3_10b_future_rollout_audit_no_phase4_no_cps
phase39b_xy_only_high_weight,free,310000,0,3,0.0,0.0,0.0,0,0.0,nan,nan,0.08215894550085068,0.0387527197599411,0.45559900999069214,0.043650057166814804,0.019497856497764587,hidden_high_friction,0,0.5355910062789917,0.0,0.6619113087654114,0.03753749281167984,0.47160202264785767,-0.00019302591681480408,0.19401344656944275,0.018734682351350784,0.03938022628426552,0.5322563052177429,0.0,0.6755804419517517,-0.03895900025963783,0.49348607659339905,-0.048500314354896545,0.18234416842460632,0.45634862780570984,0.0,0.627608060836792,0.04583500325679779,0.49593430757522583,-0.020082565024495125,0.14725184440612793,0.5355910062789917,0.0,0.6619113087654114,0.03753749281167984,0.47160202264785767,-0.00019302591681480408,0.19401344656944275,phase3_10b_future_rollout_audit_no_phase4_no_cps
phase39b_xy_only_high_weight,free,310000,0,4,0.0,0.0,0.0,0,0.0,nan,nan,0.07512392103672028,0.03806012496352196,0.45979222655296326,0.04996095225214958,0.022614164277911186,hidden_high_friction,0,0.3494226038455963,0.0,0.6204412579536438,0.028791597113013268,0.527620792388916,-0.002942534163594246,0.09809532761573792,0.04238225892186165,0.05608620494604111,0.43052563071250916,0.0,0.6357293128967285,-0.10219401121139526,0.48048949241638184,-0.024149300530552864,0.1737537831068039,0.553294837474823,0.0,0.6355428099632263,0.011025877669453621,0.5414034724235535,-0.02219724841415882,0.09982981532812119,0.3494226038455963,0.0,0.6204412579536438,0.028791597113013268,0.527620792388916,-0.002942534163594246,0.09809532761573792,phase3_10b_future_rollout_audit_no_phase4_no_cps
phase39b_xy_only_high_weight,free,310000,0,5,0.0,0.0,0.0,0,0.0,nan,nan,0.07709639519453049,0.03900478407740593,0.4600115120410919,0.04886845499277115,0.02516498602926731,hidden_breakaway_pin,0,0.43915247917175293,0.0,0.6155616044998169,0.03598080575466156,0.47033625841140747,-0.019597701728343964,0.15549717843532562,0.008688827976584435,0.059656623750925064,0.41280049085617065,0.0,0.6364431381225586,-0.07765805721282959,0.4623764753341675,-0.03844885155558586,0.1784280389547348,0.5142537951469421,0.0,0.6118506193161011,0.04679177701473236,0.49052196741104126,-0.009579343721270561,0.1337846964597702,0.43915247917175293,0.0,0.6155616044998169,0.03598080575466156,0.47033625841140747,-0.019597701728343964,0.15549717843532562,phase3_10b_future_rollout_audit_no_phase4_no_cps
phase39b_xy_only_high_weight,free,310000,0,6,0.0,0.0,0.0,0,0.0,nan,nan,0.0735863670706749,0.038421086966991425,0.46123141050338745,0.0496252104640007,0.025973444804549217,hidden_breakaway_pin,0,0.4529271423816681,0.0,0.6293398141860962,0.041236087679862976,0.47925370931625366,-0.02744141034781933,0.16505283117294312,0.014746424742043018,0.011876224540174007,0.3918696343898773,0.0,0.6265472173690796,-0.06807208061218262,0.4603049159049988,-0.04253152385354042,0.1681928187608719,0.4771430790424347,0.0,0.618977963924408,0.04120887815952301,0.5005645751953125,-0.02630191668868065,0.13630641996860504,0.4529271423816681,0.0,0.6293398141860962,0.041236087679862976,0.47925370931625366,-0.02744141034781933,0.16505283117294312,phase3_10b_future_rollout_audit_no_phase4_no_cps
phase39b_xy_only_high_weight,free,310000,0,7,0.0,0.0,0.0,0,0.0,nan,nan,0.07288893312215805,0.03897013142704964,0.463482528924942,0.048175692558288574,0.025001805275678635,hidden_breakaway_pin,0,0.4474528431892395,0.0,0.6191077828407288,0.04011112451553345,0.4641338586807251,-0.0008964613080024719,0.1603076308965683,0.0102936876937747,0.030549045652151108,0.37149807810783386,0.0,0.6318442821502686,-0.07921504974365234,0.455169677734375,-0.04329338297247887,0.18028944730758667,0.50580233335495,0.0,0.6160873174667358,0.026332775130867958,0.48669254779815674,-0.01037561520934105,0.13450098037719727,0.4474528431892395,0.0,0.6191077828407288,0.04011112451553345,0.4641338586807251,-0.0008964613080024719,0.1603076308965683,phase3_10b_future_rollout_audit_no_phase4_no_cps
phase39b_xy_only_high_weight,free,310000,0,8,0.0,0.0,0.0,0,0.0,nan,nan,0.07290664315223694,0.039145223796367645,0.45399171113967896,0.04337657615542412,0.01962122693657875,hidden_high_friction,0,0.41174963116645813,0.0,0.6325636506080627,0.0544663742184639,0.47467008233070374,0.04154001176357269,0.15842179954051971,0.019675709307193756,0.043724894523620605,0.32290521264076233,0.0,0.6256516575813293,-0.08348993211984634,0.47229722142219543,-0.0006382670253515244,0.1743042767047882,0.43306222558021545,0.0,0.6237072944641113,0.053987450897693634,0.5031819939613342,0.06163427233695984,0.12076763808727264,0.41174963116645813,0.0,0.6325636506080627,0.0544663742184639,0.47467008233070374,0.04154001176357269,0.15842179954051971,phase3_10b_future_rollout_audit_no_phase4_no_cps
phase39b_xy_only_high_weight,free,310000,0,9,0.0,0.0,0.0,0,0.0,nan,nan,0.07465097308158875,0.03894565999507904,0.45608973503112793,0.04171590507030487,0.018404023721814156,hidden_high_friction,0,0.4249281883239746,0.0,0.6363992094993591,0.06126303970813751,0.48024165630340576,0.04690387845039368,0.15681634843349457,0.00780424103140831,0.007733918726444244,0.3630753457546234,0.0,0.6373460292816162,-0.07885957509279251,0.4773635268211365,0.001874065026640892,0.17919911444187164,0.44230130314826965,0.0,0.6297944188117981,0.04928237199783325,0.5226129293441772,0.04000736027956009,0.10758204758167267,0.4249281883239746,0.0,0.6363992094993591,0.06126303970813751,0.48024165630340576,0.04690387845039368,0.15681634843349457,phase3_10b_future_rollout_audit_no_phase4_no_cps
phase39b_xy_only_high_weight,free,310000,0,10,0.0,0.0,0.0,0,0.0,nan,nan,0.07576018571853638,0.03846973553299904,0.45511487126350403,0.0454353466629982,0.020362531766295433,hidden_high_friction,0,0.48994794487953186,0.0,0.6274018287658691,0.04838615655899048,0.46481195092201233,0.025034435093402863,0.16425824165344238,0.015708819031715393,0.026764685288071632,0.4077533483505249,0.0,0.6321584582328796,-0.07926430553197861,0.469656378030777,-0.00039207935333251953,0.18063154816627502,0.48150157928466797,0.0,0.6205267906188965,0.04640534520149231,0.5074980854988098,0.030614957213401794,0.11412635445594788,0.48994794487953186,0.0,0.6274018287658691,0.04838615655899048,0.46481195092201233,0.025034435093402863,0.16425824165344238,phase3_10b_future_rollout_audit_no_phase4_no_cps
phase39b_xy_only_high_weight,free,310000,0,11,0.0,0.0,0.0,0,0.0,nan,nan,0.07543912529945374,0.03735170140862465,0.4641313850879669,0.050848715007305145,0.026364166289567947,hidden_breakaway_pin,0,0.5814346671104431,0.0,0.6142599582672119,0.039481133222579956,0.447424978017807,-0.015408304519951344,0.17563246190547943,0.015874765813350677,0.044021833688020706,0.39570143818855286,0.0,0.6267927885055542,-0.08850811421871185,0.45045173168182373,-0.023272516205906868,0.18802087008953094,0.5039271712303162,0.0,0.6063942909240723,0.04354054480791092,0.4748937785625458,-0.0011599641293287277,0.1388903111219406,0.5814346671104431,0.0,0.6142599582672119,0.039481133222579956,0.447424978017807,-0.015408304519951344,0.17563246190547943,phase3_10b_future_rollout_audit_no_phase4_no_cps
phase39b_xy_only_high_weight,free,310000,0,12,0.0,0.0,0.0,0,0.0,nan,nan,0.07322470098733902,0.037322934716939926,0.45610129833221436,0.04426581412553787,0.02045653574168682,hidden_high_friction,0,0.4835156500339508,0.0,0.6307348608970642,0.05162954330444336,0.45418810844421387,0.026708420366048813,0.1782969981431961,0.02046964317560196,0.04265628010034561,0.337940514087677,0.0,0.6311798095703125,-0.07824664562940598,0.46645933389663696,0.023116737604141235,0.19340984523296356,0.4019533097743988,0.0,0.616485595703125,0.043688200414180756,0.47908273339271545,0.05113605409860611,0.13760456442832947,0.4835156500339508,0.0,0.6307348608970642,0.05162954330444336,0.45418810844421387,0.026708420366048813,0.1782969981431961,phase3_10b_future_rollout_audit_no_phase4_no_cps
phase39b_xy_only_high_weight,free,310000,0,13,0.0,0.0,0.0,0,0.0,nan,nan,0.07371700555086136,0.03938126564025879,0.4567447006702423,0.04162420704960823,0.019386591389775276,hidden_high_friction,0,0.45058348774909973,0.0,0.6286609768867493,0.04662215709686279,0.46299198269844055,0.021688755601644516,0.167534738779068,0.0054198624566197395,0.010134358890354633,0.3505290150642395,0.0,0.6327012777328491,-0.0801565945148468,0.46849286556243896,-0.005574516952037811,0.180352121591568,0.4104049801826477,0.0,0.6238716840744019,0.03388600051403046,0.49604931473731995,0.015143770724534988,0.1291891187429428,0.45058348774909973,0.0,0.6286609768867493,0.04662215709686279,0.46299198269844055,0.021688755601644516,0.167534738779068,phase3_10b_future_rollout_audit_no_phase4_no_cps
phase39b_xy_only_high_weight,free,310000,0,14,0.0,0.0,0.0,0,0.0,nan,nan,0.07421271502971649,0.03712562844157219,0.4574781060218811,0.05080206319689751,0.022842058911919594,hidden_high_friction,0,0.40773630142211914,0.0,0.6254880428314209,0.03456743806600571,0.4808531105518341,0.012376371771097183,0.146327406167984,0.01246530283242464,0.020142998546361923,0.3484179973602295,0.0,0.6410925984382629,-0.07467625290155411,0.4827544093132019,-0.04963773488998413,0.1603056788444519,0.37805643677711487,0.0,0.6195996999740601,0.020952409133315086,0.506605863571167,0.016068007797002792,0.1130993589758873,0.40773630142211914,0.0,0.6254880428314209,0.03456743806600571,0.4808531105518341,0.012376371771097183,0.146327406167984,phase3_10b_future_rollout_audit_no_phase4_no_cps
phase39b_xy_only_high_weight,free,310000,0,15,0.0,0.0,0.0,0,0.0,nan,nan,0.07373934239149094,0.035126764327287674,0.4592359662055969,0.054242853075265884,0.02486068569123745,hidden_high_friction,0,0.5150001049041748,0.0,0.6238765120506287,0.05525285005569458,0.4492930471897125,0.06447789072990417,0.17482702434062958,0.020748091861605644,0.060914743691682816,0.2982095181941986,0.0,0.6293123960494995,-0.0779743492603302,0.473635733127594,0.010443592444062233,0.17903339862823486,0.3599044680595398,0.0,0.6063224077224731,0.06112243980169296,0.48764076828956604,0.08976706117391586,0.12208950519561768,0.5150001049041748,0.0,0.6238765120506287,0.05525285005569458,0.4492930471897125,0.06447789072990417,0.17482702434062958,phase3_10b_future_rollout_audit_no_phase4_no_cps
phase39b_xy_only_high_weight,free,310001,1,0,0.0,0.0,0.0,0,0.0,nan,nan,0.03442034870386124,0.03870115801692009,0.45361441373825073,0.04556141421198845,0.01992662250995636,hidden_high_friction,0,0.652827262878418,0.0,0.53120356798172,-0.42656847834587097,0.5549408197402954,0.07604924589395523,0.5031779408454895,nan,nan,0.7042840719223022,0.0,0.5119279026985168,-0.39444857835769653,0.54412841796875,0.033413659781217575,0.42907220125198364,0.7703466415405273,0.0,0.5400431752204895,-0.4527258574962616,0.5531072616577148,0.06702322512865067,0.5199132561683655,0.652827262878418,0.0,0.53120356798172,-0.42656847834587097,0.5549408197402954,0.07604924589395523,0.5031779408454895,phase3_10b_future_rollout_audit_no_phase4_no_cps
phase39b_xy_only_high_weight,free,310001,1,1,0.0,0.0,0.0,0,0.0,nan,nan,0.1276812106370926,0.0381464846432209,0.4544801414012909,0.046990565955638885,0.021584849804639816,hidden_high_friction,0,0.3392179310321808,0.0,0.5257861018180847,-0.18008626997470856,0.507465660572052,0.007517259567975998,0.1884959489107132,0.24654173851013184,0.08336980640888214,0.5942118167877197,0.0,0.5028160810470581,-0.1933571696281433,0.4916771352291107,-0.08472750335931778,0.10919927060604095,0.4436427652835846,0.0,0.5305678844451904,-0.21006503701210022,0.509535014629364,0.033086344599723816,0.24405936896800995,0.3392179310321808,0.0,0.5257861018180847,-0.18008626997470856,0.507465660572052,0.007517259567975998,0.1884959489107132,phase3_10b_future_rollout_audit_no_phase4_no_cps
phase39b_xy_only_high_weight,free,310001,1,2,0.0,0.0,0.0,0,0.0,nan,nan,0.10457123070955276,0.03858685865998268,0.4533373713493347,0.04283049330115318,0.019543319940567017,hidden_high_friction,0,0.137075737118721,0.0,0.5503801107406616,-0.10838911682367325,0.5080434679985046,-0.002052178606390953,0.11445494741201401,0.07579806447029114,0.009586866945028305,0.35091811418533325,0.0,0.5189260840415955,-0.10599558055400848,0.47527676820755005,-0.07464100420475006,0.05374357849359512,0.1884901076555252,0.0,0.5374223589897156,-0.08469714969396591,0.49896296858787537,0.025696400552988052,0.11690107733011246,0.137075737118721,0.0,0.5503801107406616,-0.10838911682367325,0.5080434679985046,-0.002052178606390953,0.11445494741201401,phase3_10b_future_rollout_audit_no_phase4_no_cps
phase39b_xy_only_high_weight,free,310001,1,3,0.0,0.0,0.0,0,0.0,nan,nan,0.047723133116960526,0.03925727680325508,0.4587138295173645,0.046640828251838684,0.020905163139104843,hidden_high_friction,0,0.1880871057510376,0.0,0.5487955808639526,0.012820916250348091,0.5336911678314209,0.008912630379199982,0.015601858496665955,0.12122038751840591,0.027893217280507088,0.12231791764497757,0.0,0.5396992564201355,-0.0390324667096138,0.4924168586730957,-0.00013307854533195496,0.06122734397649765,0.17113998532295227,0.0,0.539353609085083,0.014088181778788567,0.49893975257873535,0.025943566113710403,0.042116861790418625,0.1880871057510376,0.0,0.5487955808639526,0.012820916250348091,0.5336911678314209,0.008912630379199982,0.015601858496665955,phase3_10b_future_rollout_audit_no_phase4_no_cps
phase39b_xy_only_high_weight,free,310001,1,4,0.0,0.0,0.0,0,0.0,nan,nan,0.05121996998786926,0.039499398320913315,0.45638275146484375,0.0444352962076664,0.02283177338540554,hidden_breakaway_pin,0,0.24680399894714355,0.0,0.5525792837142944,0.016510585322976112,0.5208178758621216,0.017059803009033203,0.03176615759730339,0.005284890532493591,0.015234765596687794,0.15676435828208923,0.0,0.5220245718955994,-0.018424469977617264,0.49025726318359375,0.010180748999118805,0.0427483394742012,0.18233107030391693,0.0,0.5383630394935608,0.02921171672642231,0.5044220685958862,0.012929961085319519,0.03764418885111809,0.24680399894714355,0.0,0.5525792837142944,0.016510585322976112,0.5208178758621216,0.017059803009033203,0.03176615759730339,phase3_10b_future_rollout_audit_no_phase4_no_cps
phase39b_xy_only_high_weight,free,310001,1,5,0.0,0.0,0.0,0,0.0,nan,nan,0.042593974620103836,0.039027970284223557,0.45954787731170654,0.04765079542994499,0.02514152228832245,hidden_breakaway_pin,0,0.19604256749153137,0.0,0.5249936580657959,-0.009483584202826023,0.5085701942443848,-0.032820671796798706,0.02853681519627571,0.03790334612131119,0.05136212334036827,0.1373114138841629,0.0,0.5202445387840271,-0.020412128418684006,0.47297295928001404,-0.02791060134768486,0.04786260798573494,0.15481729805469513,0.0,0.5327627658843994,-0.0001381654292345047,0.4996327757835388,-0.013760378584265709,0.03582123667001724,0.19604256749153137,0.0,0.5249936580657959,-0.009483584202826023,0.5085701942443848,-0.032820671796798706,0.02853681519627571,phase3_10b_future_rollout_audit_no_phase4_no_cps
phase39b_xy_only_high_weight,free,310001,1,6,0.0,0.0,0.0,0,0.0,nan,nan,0.038921523839235306,0.03942860662937164,0.4610697627067566,0.04527084529399872,0.023597149178385735,hidden_breakaway_pin,0,0.21841464936733246,0.0,0.527321457862854,-0.008142245933413506,0.49700793623924255,-0.017717670649290085,0.031789910048246384,0.0026866039261221886,0.0190206840634346,0.13399556279182434,0.0,0.5061180591583252,-0.01232040487229824,0.47072798013687134,-0.006175967864692211,0.035919517278671265,0.23711271584033966,0.0,0.5322437882423401,-0.011280541308224201,0.4897031784057617,-0.003992535173892975,0.04316038265824318,0.21841464936733246,0.0,0.527321457862854,-0.008142245933413506,0.49700793623924255,-0.017717670649290085,0.031789910048246384,phase3_10b_future_rollout_audit_no_phase4_no_cps
phase39b_xy_only_high_weight,free,310001,1,7,0.0,0.0,0.0,0,0.0,nan,nan,0.03773423284292221,0.03986689820885658,0.45311474800109863,0.04213716462254524,0.01855195127427578,hidden_high_friction,0,0.20016495883464813,0.0,0.5449779033660889,0.022416843101382256,0.5308040976524353,0.01878703013062477,0.014631209895014763,0.03529317304491997,0.04974709823727608,0.13234154880046844,0.0,0.5132966637611389,-0.006970353424549103,0.47803497314453125,0.002056783065199852,0.03639884665608406,0.22023434937000275,0.0,0.5459352731704712,0.012884823605418205,0.5146427750587463,0.01354048028588295,0.03129936754703522,0.20016495883464813,0.0,0.5449779033660889,0.022416843101382256,0.5308040976524353,0.01878703013062477,0.014631209895014763,phase3_10b_future_rollout_audit_no_phase4_no_cps
phase39b_xy_only_high_weight,free,310001,1,8,0.0,0.0,0.0,0,0.0,nan,nan,0.0421605184674263,0.039855390787124634,0.45695361495018005,0.04222565144300461,0.01776380091905594,hidden_high_friction,0,0.22625745832920074,0.0,0.5435774922370911,0.012413779273629189,0.5444108843803406,-0.006874024868011475,0.019305801019072533,0.01010061614215374,0.029045386239886284,0.07463359832763672,0.0,0.5273447632789612,-0.010103227570652962,0.49803081154823303,-0.026609769091010094,0.03364184498786926,0.2505192458629608,0.0,0.539182186126709,-0.0018051732331514359,0.5328287482261658,-0.0070535484701395035,0.008240850642323494,0.22625745832920074,0.0,0.5435774922370911,0.012413779273629189,0.5444108843803406,-0.006874024868011475,0.019305801019072533,phase3_10b_future_rollout_audit_no_phase4_no_cps
phase39b_xy_only_high_weight,free,310001,1,9,0.0,0.0,0.0,0,0.0,nan,nan,0.041546646505594254,0.04009364917874336,0.45455843210220337,0.04322871193289757,0.01893749088048935,hidden_high_friction,0,0.18534356355667114,0.0,0.5437751412391663,-0.005201674997806549,0.5372781753540039,-0.01649857871234417,0.013031907379627228,0.01761656254529953,0.011979464441537857,0.07980569452047348,0.0,0.525876522064209,-0.008405812084674835,0.49304988980293274,-0.018733633682131767,0.03441295772790909,0.22306911647319794,0.0,0.5399158596992493,-0.006009181961417198,0.5302494168281555,-0.021500475704669952,0.018259799107909203,0.18534356355667114,0.0,0.5437751412391663,-0.005201674997806549,0.5372781753540039,-0.01649857871234417,0.013031907379627228,phase3_10b_future_rollout_audit_no_phase4_no_cps
phase39b_xy_only_high_weight,free,310001,1,10,0.0,0.0,0.0,0,0.0,nan,nan,0.038784369826316833,0.039316702634096146,0.46185505390167236,0.04449044167995453,0.02350747585296631,hidden_breakaway_pin,0,0.20159120857715607,0.0,0.5333322286605835,-0.032068781554698944,0.5212041139602661,-0.07224849611520767,0.041970234364271164,0.028825264424085617,0.058020930737257004,0.1020539253950119,0.0,0.5259371399879456,-0.02756664901971817,0.4900391101837158,-0.04320355877280235,0.03915586322546005,0.20685596764087677,0.0,0.5349891781806946,-0.011863104067742825,0.5300129652023315,-0.0580151230096817,0.04641951620578766,0.20159120857715607,0.0,0.5333322286605835,-0.032068781554698944,0.5212041139602661,-0.07224849611520767,0.041970234364271164,phase3_10b_future_rollout_audit_no_phase4_no_cps
phase39b_xy_only_high_weight,free,310001,1,11,0.0,0.0,0.0,0,0.0,nan,nan,0.039282627403736115,0.03878044709563255,0.45397475361824036,0.04264307767152786,0.019379273056983948,hidden_high_friction,0,0.1848447322845459,0.0,0.5472640991210938,0.02071712352335453,0.535419225692749,-0.004794279113411903,0.02812708169221878,0.05459348484873772,0.06893577426671982,0.12807820737361908,0.0,0.5258734226226807,0.005429260432720184,0.4777446389198303,-0.00036613643169403076,0.0484764538705349,0.21451134979724884,0.0,0.5478557348251343,0.0257886853069067,0.5166948437690735,0.0050132423639297485,0.037451568990945816,0.1848447322845459,0.0,0.5472640991210938,0.02071712352335453,0.535419225692749,-0.004794279113411903,0.02812708169221878,phase3_10b_future_rollout_audit_no_phase4_no_cps
phase39b_xy_only_high_weight,free,310001,1,12,0.0,0.0,0.0,0,0.0,nan,nan,0.042466901242733,0.03984870761632919,0.45462849736213684,0.04143927991390228,0.018732497468590736,hidden_high_friction,0,0.28050345182418823,0.0,0.5442618727684021,0.017665741965174675,0.5257357954978943,-0.003131318837404251,0.02785198763012886,0.004280688241124153,0.009825184941291809,0.09533508867025375,0.0,0.5283055901527405,-0.006931766867637634,0.4826556444168091,0.004506127908825874,0.04706105589866638,0.3346683382987976,0.0,0.5428557991981506,0.0031134355813264847,0.5074366927146912,0.007614582777023315,0.03570397198200226,0.28050345182418823,0.0,0.5442618727684021,0.017665741965174675,0.5257357954978943,-0.003131318837404251,0.02785198763012886,phase3_10b_future_rollout_audit_no_phase4_no_cps
phase39b_xy_only_high_weight,free,310001,1,13,0.0,0.0,0.0,0,0.0,nan,nan,0.04476134106516838,0.039158452302217484,0.4598482847213745,0.048629313707351685,0.025058286264538765,hidden_breakaway_pin,0,0.20771978795528412,0.0,0.5221732258796692,-0.036608412861824036,0.5017378926277161,-0.0641406700015068,0.034287434071302414,0.058596864342689514,0.06555943936109543,0.13504992425441742,0.0,0.5223114490509033,-0.02410023659467697,0.4864884614944458,-0.048196665942668915,0.04317319020628929,0.227146714925766,0.0,0.5290910005569458,-0.03951399400830269,0.5008391737937927,-0.0579049214720726,0.03371041268110275,0.20771978795528412,0.0,0.5221732258796692,-0.036608412861824036,0.5017378926277161,-0.0641406700015068,0.034287434071302414,phase3_10b_future_rollout_audit_no_phase4_no_cps
phase39b_xy_only_high_weight,free,310001,1,14,0.0,0.0,0.0,0,0.0,nan,nan,0.03857961297035217,0.038860809057950974,0.4571805000305176,0.0464867502450943,0.020911263301968575,hidden_high_friction,0,0.19602425396442413,0.0,0.5378150939941406,0.015417763963341713,0.5162099599838257,0.01318487897515297,0.02172021195292473,0.054326705634593964,0.07866817712783813,0.10085341334342957,0.0,0.5217230916023254,0.004965893924236298,0.48407459259033203,-0.005878634750843048,0.0391792468726635,0.2116609513759613,0.0,0.5326253771781921,0.008599484339356422,0.5041576027870178,0.0070881955325603485,0.028507862240076065,0.19602425396442413,0.0,0.5378150939941406,0.015417763963341713,0.5162099599838257,0.01318487897515297,0.02172021195292473,phase3_10b_future_rollout_audit_no_phase4_no_cps
phase39b_xy_only_high_weight,free,310001,1,15,0.0,0.0,0.0,0,0.0,nan,nan,0.04101547226309776,0.03898920118808746,0.45815399289131165,0.044886283576488495,0.020660502836108208,hidden_breakaway_pin,0,0.25649958848953247,0.0,0.5342020988464355,-0.014290058985352516,0.5136926174163818,-0.026358991861343384,0.023797016590833664,0.029926717281341553,0.039623916149139404,0.12089113146066666,0.0,0.5218082070350647,-0.019092662259936333,0.4722391963005066,-0.029538463801145554,0.050657689571380615,0.23286522924900055,0.0,0.5284627079963684,-0.0020510461181402206,0.4974440932273865,-0.01209750771522522,0.032604996114969254,0.25649958848953247,0.0,0.5342020988464355,-0.014290058985352516,0.5136926174163818,-0.026358991861343384,0.023797016590833664,phase3_10b_future_rollout_audit_no_phase4_no_cps
phase39b_xy_only_high_weight,free,310002,2,0,0.0,0.0,0.0,0,0.0,nan,nan,0.030831148847937584,0.03782147169113159,0.4578647017478943,0.04818244278430939,0.022084785625338554,free,1,0.5292189121246338,0.0,0.48785972595214844,0.3516436219215393,0.4897148311138153,-0.056082528084516525,0.407730370759964,nan,nan,0.6780818700790405,0.0,0.4757017493247986,0.3620838522911072,0.4897000193595886,-0.061489444226026535,0.42380452156066895,0.6621091365814209,0.0,0.5007227063179016,0.3742711544036865,0.5037922263145447,-0.038486018776893616,0.41276857256889343,0.5292189121246338,0.0,0.48785972595214844,0.3516436219215393,0.4897148311138153,-0.056082528084516525,0.407730370759964,phase3_10b_future_rollout_audit_no_phase4_no_cps
phase39b_xy_only_high_weight,free,310002,2,1,0.0,0.0,0.0,0,0.0,nan,nan,0.09551335871219635,0.037749290466308594,0.4564768970012665,0.04457778483629227,0.020250670611858368,hidden_high_friction,0,0.43859797716140747,0.0,0.5002540349960327,0.15444274246692657,0.5382539629936218,-0.02038997784256935,0.17891471087932587,0.19758999347686768,0.06024952605366707,0.4563688039779663,0.0,0.4558769166469574,0.21177656948566437,0.5183732509613037,-0.06953343749046326,0.2881685495376587,0.39078155159950256,0.0,0.4864732027053833,0.14228686690330505,0.5356113910675049,0.0024189986288547516,0.14824838936328888,0.43859797716140747,0.0,0.5002540349960327,0.15444274246692657,0.5382539629936218,-0.02038997784256935,0.17891471087932587,phase3_10b_future_rollout_audit_no_phase4_no_cps
phase39b_xy_only_high_weight,free,310002,2,2,0.0,0.0,0.0,0,0.0,nan,nan,0.0946306362748146,0.03882899135351181,0.45909035205841064,0.046754684299230576,0.021104101091623306,hidden_high_friction,0,0.2759290635585785,0.0,0.48822230100631714,0.08351568132638931,0.5672374963760376,6.452575325965881e-05,0.1149238720536232,0.07194032520055771,0.03547438234090805,0.2801501154899597,0.0,0.47342395782470703,0.08606895804405212,0.521143913269043,-0.05290151387453079,0.14693529903888702,0.29209187626838684,0.0,0.5051419734954834,0.07518280297517776,0.5529379844665527,0.006039932370185852,0.08405471593141556,0.2759290635585785,0.0,0.48822230100631714,0.08351568132638931,0.5672374963760376,6.452575325965881e-05,0.1149238720536232,phase3_10b_future_rollout_audit_no_phase4_no_cps
phase39b_xy_only_high_weight,free,310002,2,3,0.0,0.0,0.0,0,0.0,nan,nan,0.05471042916178703,0.03975018113851547,0.45581039786338806,0.042557839304208755,0.02178097888827324,hidden_breakaway_pin,0,0.20341256260871887,0.0,0.5201588869094849,0.0033566560596227646,0.532748818397522,0.006798390299081802,0.013051892630755901,0.08628681302070618,0.03513991832733154,0.14314593374729156,0.0,0.49630218744277954,0.006301499903202057,0.49288609623908997,-0.020982084795832634,0.027496611699461937,0.22354952991008759,0.0,0.5330041646957397,0.009233469143509865,0.5293421745300293,0.018364131450653076,0.009837640449404716,0.20341256260871887,0.0,0.5201588869094849,0.0033566560596227646,0.532748818397522,0.006798390299081802,0.013051892630755901,phase3_10b_future_rollout_audit_no_phase4_no_cps
phase39b_xy_only_high_weight,free,310002,2,4,0.0,0.0,0.0,0,0.0,nan,nan,0.047122977674007416,0.0390494167804718,0.4592379629611969,0.047112271189689636,0.024578765034675598,hidden_breakaway_pin,0,0.20862463116645813,0.0,0.512877881526947,0.012212222442030907,0.5062026381492615,-0.06133691966533661,0.07385143637657166,0.011464470997452736,0.073123998939991,0.17372624576091766,0.0,0.49249979853630066,0.01449190080165863,0.4595327377319336,-0.05509968101978302,0.0770052969455719,0.2741021513938904,0.0,0.5241703987121582,0.007629184052348137,0.5088387727737427,-0.047677844762802124,0.05739273875951767,0.20862463116645813,0.0,0.512877881526947,0.012212222442030907,0.5062026381492615,-0.06133691966533661,0.07385143637657166,phase3_10b_future_rollout_audit_no_phase4_no_cps
phase39b_xy_only_high_weight,free,310002,2,5,0.0,0.0,0.0,0,0.0,nan,nan,0.04570108279585838,0.03904883563518524,0.4622219502925873,0.045580312609672546,0.023591123521327972,hidden_breakaway_pin,0,0.22992292046546936,0.0,0.5234584808349609,-0.015502702444791794,0.5158847570419312,-0.037774015218019485,0.023523874580860138,0.029665909707546234,0.02547457255423069,0.1365589201450348,0.0,0.49449536204338074,0.005733184516429901,0.47837385535240173,-0.026369791477918625,0.035923589020967484,0.27039214968681335,0.0,0.5284469723701477,-0.013950658030807972,0.5164629817008972,-0.03809170052409172,0.026951922103762627,0.22992292046546936,0.0,0.5234584808349609,-0.015502702444791794,0.5158847570419312,-0.037774015218019485,0.023523874580860138,phase3_10b_future_rollout_audit_no_phase4_no_cps
phase39b_xy_only_high_weight,free,310002,2,6,0.0,0.0,0.0,0,0.0,nan,nan,0.047478821128606796,0.03975151106715202,0.45349642634391785,0.04195505380630493,0.018956517800688744,hidden_high_friction,0,0.2110080122947693,0.0,0.5397593379020691,0.02062140963971615,0.5397084355354309,0.005002424120903015,0.015619068406522274,0.0396316722035408,0.048963163048028946,0.1077677309513092,0.0,0.5061779618263245,0.0011627860367298126,0.48922234773635864,0.0016345884650945663,0.01696217618882656,0.2543599605560303,0.0,0.5435284376144409,0.014230569824576378,0.5200419425964355,0.007086571305990219,0.024548973888158798,0.2110080122947693,0.0,0.5397593379020691,0.02062140963971615,0.5397084355354309,0.005002424120903015,0.015619068406522274,phase3_10b_future_rollout_audit_no_phase4_no_cps
phase39b_xy_only_high_weight,free,310002,2,7,0.0,0.0,0.0,0,0.0,nan,nan,0.04938578978180885,0.03949500620365143,0.4570135176181793,0.0424625463783741,0.01823761872947216,hidden_high_friction,0,0.18635156750679016,0.0,0.5355142951011658,0.0010566581040620804,0.541950523853302,-0.008705735206604004,0.011693133041262627,0.02001998759806156,0.013890305534005165,0.07301884889602661,0.0,0.5204004645347595,-0.018580328673124313,0.5063909888267517,-0.021871035918593407,0.014390766620635986,0.3027573823928833,0.0,0.5426961183547974,-0.006915943697094917,0.53516685962677,-0.008273812010884285,0.0076507218182086945,0.18635156750679016,0.0,0.5355142951011658,0.0010566581040620804,0.541950523853302,-0.008705735206604004,0.011693133041262627,phase3_10b_future_rollout_audit_no_phase4_no_cps
phase39b_xy_only_high_weight,free,310002,2,8,0.0,0.0,0.0,0,0.0,nan,nan,0.048914387822151184,0.03997105732560158,0.45479029417037964,0.04382619261741638,0.01940128393471241,hidden_high_friction,0,0.13565777242183685,0.0,0.5345333218574524,-0.021770840510725975,0.5430012941360474,-0.01617482304573059,0.010149974375963211,0.022848566994071007,0.00754263810813427,0.10632539540529251,0.0,0.5155639052391052,-0.01894582062959671,0.5072784423828125,-0.008243095129728317,0.013535037636756897,0.19678089022636414,0.0,0.5329545140266418,-0.020527653396129608,0.5371354818344116,-0.022136757150292397,0.004479922819882631,0.13565777242183685,0.0,0.5345333218574524,-0.021770840510725975,0.5430012941360474,-0.01617482304573059,0.010149974375963211,phase3_10b_future_rollout_audit_no_phase4_no_cps
phase39b_xy_only_high_weight,free,310002,2,9,0.0,0.0,0.0,0,0.0,nan,nan,0.046822935342788696,0.03934473916888237,0.46063175797462463,0.04479913040995598,0.02330734394490719,hidden_breakaway_pin,0,0.14928796887397766,0.0,0.5229085087776184,-0.026039371266961098,0.5281003713607788,-0.03802846372127533,0.013064982369542122,0.012383724562823772,0.02645031362771988,0.09298654645681381,0.0,0.5105029940605164,-0.03302512690424919,0.49809011816978455,-0.03173360228538513,0.01247988548129797,0.25481531023979187,0.0,0.5283663868904114,-0.018588855862617493,0.5230497717857361,-0.036998629570007324,0.019162103533744812,0.14928796887397766,0.0,0.5229085087776184,-0.026039371266961098,0.5281003713607788,-0.03802846372127533,0.013064982369542122,phase3_10b_future_rollout_audit_no_phase4_no_cps
phase39b_xy_only_high_weight,free,310002,2,10,0.0,0.0,0.0,0,0.0,nan,nan,0.04697036370635033,0.039249222725629807,0.45510056614875793,0.04040567949414253,0.018310682848095894,hidden_high_friction,0,0.14678673446178436,0.0,0.5313424468040466,0.0032558515667915344,0.5387473702430725,-0.01924533024430275,0.023688310757279396,0.03048510104417801,0.02159084752202034,0.1040051206946373,0.0,0.5189182162284851,-0.02290523052215576,0.5047695636749268,-9.644404053688049e-05,0.026840735226869583,0.2526271343231201,0.0,0.530673623085022,-0.000996861606836319,0.5252387523651123,-0.02052435278892517,0.02026969939470291,0.14678673446178436,0.0,0.5313424468040466,0.0032558515667915344,0.5387473702430725,-0.01924533024430275,0.023688310757279396,phase3_10b_future_rollout_audit_no_phase4_no_cps
phase39b_xy_only_high_weight,free,310002,2,11,0.0,0.0,0.0,0,0.0,nan,nan,0.047757767140865326,0.040024228394031525,0.45606529712677,0.042512062937021255,0.01948953978717327,hidden_high_friction,0,0.20636774599552155,0.0,0.5233941078186035,-0.017667928710579872,0.5284535884857178,-0.045605193823575974,0.028391709551215172,0.022382596507668495,0.02829848602414131,0.07572810351848602,0.0,0.5118967294692993,-0.02196871116757393,0.495317667722702,-0.015599791891872883,0.017760304734110832,0.27740830183029175,0.0,0.5390734076499939,-0.012298944406211376,0.5243723392486572,-0.02950705587863922,0.02263272926211357,0.20636774599552155,0.0,0.5233941078186035,-0.017667928710579872,0.5284535884857178,-0.045605193823575974,0.028391709551215172,phase3_10b_future_rollout_audit_no_phase4_no_cps
phase39b_xy_only_high_weight,free,310002,2,12,0.0,0.0,0.0,0,0.0,nan,nan,0.04944967105984688,0.03896849602460861,0.4612841010093689,0.04953714460134506,0.025275947526097298,hidden_breakaway_pin,0,0.10438555479049683,0.0,0.5212409496307373,-0.041856929659843445,0.5162363648414612,-0.04851514473557472,0.008329327218234539,0.024284642189741135,0.012558995746076107,0.12218127399682999,0.0,0.5065418481826782,-0.024128038436174393,0.49982160329818726,-0.030276834964752197,0.009108753874897957,0.16084493696689606,0.0,0.5301576256752014,-0.048964232206344604,0.512877345085144,-0.058087803423404694,0.019540922716259956,0.10438555479049683,0.0,0.5212409496307373,-0.041856929659843445,0.5162363648414612,-0.04851514473557472,0.008329327218234539,phase3_10b_future_rollout_audit_no_phase4_no_cps
phase39b_xy_only_high_weight,free,310002,2,13,0.0,0.0,0.0,0,0.0,nan,nan,0.04685381427407265,0.03897179663181305,0.45609280467033386,0.04427118971943855,0.01981501467525959,hidden_high_friction,0,0.17128629982471466,0.0,0.5416522026062012,0.014730365946888924,0.5355158448219299,0.013049423694610596,0.006362425163388252,0.060155972838401794,0.06451274454593658,0.11645762622356415,0.0,0.5125781297683716,-0.01835918053984642,0.5060288310050964,0.024693462997674942,0.043547943234443665,0.22162838280200958,0.0,0.5386055707931519,0.00917886197566986,0.5250364542007446,0.001871410757303238,0.015411675907671452,0.17128629982471466,0.0,0.5416522026062012,0.014730365946888924,0.5355158448219299,0.013049423694610596,0.006362425163388252,phase3_10b_future_rollout_audit_no_phase4_no_cps
phase39b_xy_only_high_weight,free,310002,2,14,0.0,0.0,0.0,0,0.0,nan,nan,0.04814232885837555,0.03898775205016136,0.4571326971054077,0.044782087206840515,0.020935196429491043,hidden_breakaway_pin,0,0.22016453742980957,0.0,0.5301191806793213,-0.0027078185230493546,0.5111596584320068,-0.006446992978453636,0.01932472176849842,0.020906956866383553,0.031198302283883095,0.12374947965145111,0.0,0.5097759962081909,-0.024815276265144348,0.4754261076450348,-0.007675407454371452,0.03838866949081421,0.226749986410141,0.0,0.5262208580970764,0.01013101451098919,0.4951368570327759,0.006639514118432999,0.03127947822213173,0.22016453742980957,0.0,0.5301191806793213,-0.0027078185230493546,0.5111596584320068,-0.006446992978453636,0.01932472176849842,phase3_10b_future_rollout_audit_no_phase4_no_cps
phase39b_xy_only_high_weight,free,310002,2,15,0.0,0.0,0.0,0,0.0,nan,nan,0.051338501274585724,0.03954049572348595,0.4575994908809662,0.042501769959926605,0.018964393064379692,hidden_high_friction,0,0.13302351534366608,0.0,0.533176839351654,-0.005026610568165779,0.5287874937057495,-0.00905916653573513,0.0059605250135064125,0.0038374564610421658,0.01782032661139965,0.11243574321269989,0.0,0.5192965865135193,-0.0132577084004879,0.5028548240661621,0.011911656707525253,0.03006374090909958,0.21514326333999634,0.0,0.5419394373893738,-0.006335267797112465,0.5264942646026611,-0.004512302577495575,0.015552381053566933,0.13302351534366608,0.0,0.533176839351654,-0.005026610568165779,0.5287874937057495,-0.00905916653573513,0.0059605250135064125,phase3_10b_future_rollout_audit_no_phase4_no_cps
phase39b_xy_only_high_weight,free,310003,3,0,0.0,0.0,0.0,0,0.0,nan,nan,0.01347703393548727,0.0393996424973011,0.4550013840198517,0.04133761301636696,0.018164150416851044,hidden_high_friction,0,0.7899292707443237,0.0,0.7898784875869751,-0.09743966907262802,0.47839510440826416,0.0049593523144721985,0.3278833031654358,nan,nan,0.6985154747962952,0.0,0.7624310851097107,-0.09465387463569641,0.4408021569252014,0.0214524045586586,0.3419441878795624,0.7861368060112,0.0,0.7901623249053955,-0.13368332386016846,0.4633901119232178,-0.00021721795201301575,0.3529777526855469,0.7899292707443237,0.0,0.7898784875869751,-0.09743966907262802,0.47839510440826416,0.0049593523144721985,0.3278833031654358,phase3_10b_future_rollout_audit_no_phase4_no_cps
phase39b_xy_only_high_weight,free,310003,3,1,0.0,0.0,0.0,0,0.0,nan,nan,0.12363297492265701,0.03863530233502388,0.46184834837913513,0.04837261885404587,0.02136639691889286,hidden_high_friction,0,0.6797464489936829,0.0,0.7490710616111755,-0.040146730840206146,0.4936474561691284,0.06565627455711365,0.27646970748901367,0.07034007459878922,0.06258394569158554,0.6152414679527283,0.0,0.7538127899169922,-0.13042302429676056,0.45909562706947327,0.015783589333295822,0.32899025082588196,0.7059619426727295,0.0,0.7588002681732178,-0.07444256544113159,0.5077048540115356,-0.0012277644127607346,0.26155173778533936,0.6797464489936829,0.0,0.7490710616111755,-0.040146730840206146,0.4936474561691284,0.06565627455711365,0.27646970748901367,phase3_10b_future_rollout_audit_no_phase4_no_cps
phase39b_xy_only_high_weight,free,310003,3,2,0.0,0.0,0.0,0,0.0,nan,nan,0.1265353113412857,0.03885643184185028,0.4581741392612457,0.04594509303569794,0.02375909872353077,hidden_breakaway_pin,0,0.6231098175048828,0.0,0.7039456367492676,-0.023285482078790665,0.4460901618003845,0.02227472886443138,0.2618495225906372,0.04817266762256622,0.06437122076749802,0.6829466223716736,0.0,0.7577611804008484,-0.16644157469272614,0.44239741563796997,0.019468586891889572,0.36608317494392395,0.7181574106216431,0.0,0.7445328235626221,-0.006882142275571823,0.5004754066467285,-0.017056046053767204,0.24426938593387604,0.6231098175048828,0.0,0.7039456367492676,-0.023285482078790665,0.4460901618003845,0.02227472886443138,0.2618495225906372,phase3_10b_future_rollout_audit_no_phase4_no_cps
phase39b_xy_only_high_weight,free,310003,3,3,0.0,0.0,0.0,0,0.0,nan,nan,0.12876901030540466,0.0373225100338459,0.4630926847457886,0.05187638849020004,0.027125803753733635,hidden_breakaway_pin,0,0.7641556262969971,0.0,0.7302495837211609,0.0026223398745059967,0.40266525745391846,0.006702180951833725,0.32760971784591675,0.03692035749554634,0.046132706105709076,0.8261711001396179,0.0,0.8016583919525146,-0.19675682485103607,0.4224972426891327,-0.05915825441479683,0.4033566117286682,0.7143524885177612,0.0,0.7120823860168457,0.06151438504457474,0.4559479057788849,-0.027646411210298538,0.27120935916900635,0.7641556262969971,0.0,0.7302495837211609,0.0026223398745059967,0.40266525745391846,0.006702180951833725,0.32760971784591675,phase3_10b_future_rollout_audit_no_phase4_no_cps
phase39b_xy_only_high_weight,free,310003,3,4,0.0,0.0,0.0,0,0.0,nan,nan,0.12261833250522614,0.03804010897874832,0.462664932012558,0.049437228590250015,0.025311699137091637,hidden_breakaway_pin,0,0.7499931454658508,0.0,0.734664797782898,-0.006267352029681206,0.41868874430656433,0.05583927780389786,0.3220219016075134,0.009925761260092258,0.05168371647596359,0.7747198343276978,0.0,0.7890064120292664,-0.17858025431632996,0.4265331029891968,-0.015685053542256355,0.39739370346069336,0.715531051158905,0.0,0.7209770083427429,0.02799261547625065,0.46280455589294434,0.015298809856176376,0.2584843337535858,0.7499931454658508,0.0,0.734664797782898,-0.006267352029681206,0.41868874430656433,0.05583927780389786,0.3220219016075134,phase3_10b_future_rollout_audit_no_phase4_no_cps
phase39b_xy_only_high_weight,free,310003,3,5,0.0,0.0,0.0,0,0.0,nan,nan,0.1247207373380661,0.03900283947587013,0.4545714557170868,0.04540979489684105,0.02025516889989376,hidden_high_friction,0,0.685001015663147,0.0,0.7340402603149414,-0.0066657885909080505,0.4509854316711426,0.051330260932445526,0.28893524408340454,0.0007408094825223088,0.03260992467403412,0.6981152892112732,0.0,0.7765789031982422,-0.1743643581867218,0.4569684863090515,0.005110777914524078,0.3665544390678406,0.6713483929634094,0.0,0.7333931922912598,0.017551520839333534,0.5117883086204529,0.01791483536362648,0.22160518169403076,0.685001015663147,0.0,0.7340402603149414,-0.0066657885909080505,0.4509854316711426,0.051330260932445526,0.28893524408340454,phase3_10b_future_rollout_audit_no_phase4_no_cps
phase39b_xy_only_high_weight,free,310003,3,6,0.0,0.0,0.0,0,0.0,nan,nan,0.1268765926361084,0.03861653432250023,0.45886579155921936,0.0462089404463768,0.021952543407678604,hidden_high_friction,0,0.7201767563819885,0.0,0.7389963865280151,-0.002967357635498047,0.44390633702278137,0.04473134130239487,0.29892024397850037,0.006183977704495192,0.009677774272859097,0.7075738310813904,0.0,0.7826852202415466,-0.18703049421310425,0.4467337131500244,0.0018567144870758057,0.38541120290756226,0.6972529292106628,0.0,0.7303711175918579,0.03055906482040882,0.5030725002288818,0.014083437621593475,0.22789494693279266,0.7201767563819885,0.0,0.7389963865280151,-0.002967357635498047,0.44390633702278137,0.04473134130239487,0.29892024397850037,phase3_10b_future_rollout_audit_no_phase4_no_cps
phase39b_xy_only_high_weight,free,310003,3,7,0.0,0.0,0.0,0,0.0,nan,nan,0.12750813364982605,0.03872203081846237,0.45717093348503113,0.04660683497786522,0.02453574165701866,hidden_breakaway_pin,0,0.766148567199707,0.0,0.7314846515655518,-0.01732891984283924,0.4341511130332947,0.028457317501306534,0.3008381724357605,0.01620742492377758,0.018973883241415024,0.7433533072471619,0.0,0.7855514287948608,-0.18084517121315002,0.4448309540748596,-0.017530690878629684,0.377838671207428,0.7866142988204956,0.0,0.7248492240905762,0.029219290241599083,0.49366188049316406,-0.011569179594516754,0.2347579300403595,0.766148567199707,0.0,0.7314846515655518,-0.01732891984283924,0.4341511130332947,0.028457317501306534,0.3008381724357605,phase3_10b_future_rollout_audit_no_phase4_no_cps
phase39b_xy_only_high_weight,free,310003,3,8,0.0,0.0,0.0,0,0.0,nan,nan,0.12684965133666992,0.038599126040935516,0.4636307656764984,0.0477074533700943,0.025262396782636642,hidden_breakaway_pin,0,0.7727912068367004,0.0,0.7189377546310425,-0.02715880051255226,0.42508643865585327,-0.005978865548968315,0.29461362957954407,0.015938982367515564,0.035609252750873566,0.7859704494476318,0.0,0.7886368036270142,-0.1991584151983261,0.4334814250469208,-0.0404842346906662,0.38898950815200806,0.7622711062431335,0.0,0.7206103205680847,0.022031737491488457,0.4792276620864868,-0.04426718130707741,0.2503220736980438,0.7727912068367004,0.0,0.7189377546310425,-0.02715880051255226,0.42508643865585327,-0.005978865548968315,0.29461362957954407,phase3_10b_future_rollout_audit_no_phase4_no_cps
phase39b_xy_only_high_weight,free,310003,3,9,0.0,0.0,0.0,0,0.0,nan,nan,0.12491974234580994,0.03831998258829117,0.4579184651374817,0.04625824838876724,0.02049035020172596,hidden_high_friction,0,0.7408372759819031,0.0,0.7420436143875122,-0.013351495377719402,0.4482225775718689,0.02593301609158516,0.2964356243610382,0.026916954666376114,0.03941635414958,0.7523309588432312,0.0,0.7870575189590454,-0.17510640621185303,0.4487113654613495,0.00452742725610733,0.38307496905326843,0.7026987075805664,0.0,0.7286438941955566,0.026182329282164574,0.4956454634666443,-0.0006137359887361526,0.23453420400619507,0.7408372759819031,0.0,0.7420436143875122,-0.013351495377719402,0.4482225775718689,0.02593301609158516,0.2964356243610382,phase3_10b_future_rollout_audit_no_phase4_no_cps
phase39b_xy_only_high_weight,free,310003,3,10,0.0,0.0,0.0,0,0.0,nan,nan,0.12446331232786179,0.03941086679697037,0.45689964294433594,0.04471880570054054,0.019957570359110832,hidden_high_friction,0,0.7016584873199463,0.0,0.7321643829345703,-0.005209052935242653,0.4339929223060608,0.0410659983754158,0.30174094438552856,0.012802287936210632,0.02077234350144863,0.7170591354370117,0.0,0.7826238870620728,-0.18113063275814056,0.44147026538848877,-0.00019444897770881653,0.3861653804779053,0.6672443151473999,0.0,0.729005753993988,0.027935611084103584,0.48824846744537354,0.00362589955329895,0.24198147654533386,0.7016584873199463,0.0,0.7321643829345703,-0.005209052935242653,0.4339929223060608,0.0410659983754158,0.30174094438552856,phase3_10b_future_rollout_audit_no_phase4_no_cps
phase39b_xy_only_high_weight,free,310003,3,11,0.0,0.0,0.0,0,0.0,nan,nan,0.12535621225833893,0.03812915086746216,0.4614992141723633,0.05055934190750122,0.02560420148074627,hidden_breakaway_pin,0,0.6882794499397278,0.0,0.7145091891288757,-0.03366777300834656,0.4330374598503113,-0.00709889829158783,0.28272292017936707,0.033490367233753204,0.04817437380552292,0.7402908802032471,0.0,0.7843707203865051,-0.19456373155117035,0.4454234838485718,-0.03764266520738602,0.37350961565971375,0.7160772085189819,0.0,0.7206403017044067,-0.00532878004014492,0.4815785884857178,-0.04214904457330704,0.2418806105852127,0.6882794499397278,0.0,0.7145091891288757,-0.03366777300834656,0.4330374598503113,-0.00709889829158783,0.28272292017936707,phase3_10b_future_rollout_audit_no_phase4_no_cps
phase39b_xy_only_high_weight,free,310003,3,12,0.0,0.0,0.0,0,0.0,nan,nan,0.12473530322313309,0.0378551259636879,0.45843854546546936,0.04734572768211365,0.021999916061758995,hidden_high_friction,0,0.7210870385169983,0.0,0.7334182262420654,-0.005475202575325966,0.4384918808937073,0.045997656881809235,0.29938438534736633,0.03394661471247673,0.0533759780228138,0.7319576144218445,0.0,0.7898486256599426,-0.1674429029226303,0.45098981261253357,0.004313338547945023,0.3799019455909729,0.6907336115837097,0.0,0.7224997282028198,0.02749277837574482,0.49790358543395996,0.016436222940683365,0.22486813366413116,0.7210870385169983,0.0,0.7334182262420654,-0.005475202575325966,0.4384918808937073,0.045997656881809235,0.29938438534736633,phase3_10b_future_rollout_audit_no_phase4_no_cps
phase39b_xy_only_high_weight,free,310003,3,13,0.0,0.0,0.0,0,0.0,nan,nan,0.12370184808969498,0.038398630917072296,0.4608459770679474,0.047061994671821594,0.02205101028084755,hidden_high_friction,0,0.7251832485198975,0.0,0.7304790019989014,-0.01406095176935196,0.4273359179496765,0.02338269352912903,0.3054468035697937,0.009074917994439602,0.025216899812221527,0.7260899543762207,0.0,0.7811651229858398,-0.16833481192588806,0.4265623092651367,-0.002467019483447075,0.3914783000946045,0.6934303641319275,0.0,0.7246050834655762,0.030181730166077614,0.4833141267299652,-0.022142112255096436,0.24689897894859314,0.7251832485198975,0.0,0.7304790019989014,-0.01406095176935196,0.4273359179496765,0.02338269352912903,0.3054468035697937,phase3_10b_future_rollout_audit_no_phase4_no_cps
phase39b_xy_only_high_weight,free,310003,3,14,0.0,0.0,0.0,0,0.0,nan,nan,0.12456875294446945,0.03749924525618553,0.460836261510849,0.04978985711932182,0.02324136719107628,hidden_high_friction,0,0.6661278605461121,0.0,0.7281157374382019,-0.00966188870370388,0.44270461797714233,0.011890772730112076,0.28622373938560486,0.004993673413991928,0.01919013261795044,0.7187212109565735,0.0,0.7853198051452637,-0.17072129249572754,0.4436844289302826,-0.019935518503189087,0.3734315037727356,0.6761526465415955,0.0,0.7331476211547852,0.021133238449692726,0.4963928759098053,-0.014942742884159088,0.23948754370212555,0.6661278605461121,0.0,0.7281157374382019,-0.00966188870370388,0.44270461797714233,0.011890772730112076,0.28622373938560486,phase3_10b_future_rollout_audit_no_phase4_no_cps
phase39b_xy_only_high_weight,free,310003,3,15,0.0,0.0,0.0,0,0.0,nan,nan,0.12562862038612366,0.03688621520996094,0.46119025349617004,0.054152097553014755,0.02790149487555027,hidden_breakaway_pin,0,0.6880632042884827,0.0,0.7318743467330933,-0.0041101183742284775,0.41224268078804016,0.05225777626037598,0.3245639204978943,0.006704423576593399,0.05057098716497421,0.7521147131919861,0.0,0.7915030717849731,-0.1691083312034607,0.4271893799304962,0.0010145623236894608,0.40207743644714355,0.6382913589477539,0.0,0.7240732312202454,0.03905137628316879,0.4621819257736206,0.025649983435869217,0.2622339725494385,0.6880632042884827,0.0,0.7318743467330933,-0.0041101183742284775,0.41224268078804016,0.05225777626037598,0.3245639204978943,phase3_10b_future_rollout_audit_no_phase4_no_cps
phase39b_xy_only_high_weight,hidden_breakaway_pin,310000,0,0,0.0,0.08333333333333333,0.08333333333333333,0,0.08333333333333333,nan,nan,0.012614919804036617,0.03878758102655411,0.45638173818588257,0.046764735132455826,0.020833292976021767,hidden_high_friction,0,0.5183225274085999,0.0,0.6030124425888062,-0.40016689896583557,0.49623003602027893,0.042529307305812836,0.45539259910583496,nan,nan,0.5679106712341309,0.0,0.6010867357254028,-0.38152822852134705,0.4587246775627136,0.03176967799663544,0.4371293783187866,0.5484059453010559,0.0,0.6141251921653748,-0.4137881398200989,0.4901106357574463,0.039710141718387604,0.4701492190361023,0.5183225274085999,0.0,0.6030124425888062,-0.40016689896583557,0.49623003602027893,0.042529307305812836,0.45539259910583496,phase3_10b_future_rollout_audit_no_phase4_no_cps
phase39b_xy_only_high_weight,hidden_breakaway_pin,310000,0,1,0.08333333333333333,0.08333333333333333,0.0,0,0.0,nan,nan,0.12103193998336792,0.02359258569777012,0.4588140845298767,0.08092967420816422,0.0400368794798851,hidden_high_friction,0,0.3269331753253937,0.0,0.5779998898506165,-0.17965944111347198,0.4722879230976105,0.11289715766906738,0.3110697269439697,0.22192153334617615,0.07432939857244492,0.3027748465538025,0.0,0.5533586740493774,-0.21262907981872559,0.4912870228290558,0.016688767820596695,0.237570121884346,0.3420947194099426,0.0,0.5763721466064453,-0.22800888121128082,0.49953025579452515,0.09850829839706421,0.33543723821640015,0.3269331753253937,0.0,0.5779998898506165,-0.17965944111347198,0.4722879230976105,0.11289715766906738,0.3110697269439697,phase3_10b_future_rollout_audit_no_phase4_no_cps
phase39b_xy_only_high_weight,hidden_breakaway_pin,310000,0,2,0.08333333333333333,0.4583333333333333,0.375,0,0.375,nan,nan,0.10174024850130081,0.017828326672315598,0.47379305958747864,0.08767841756343842,0.04478725045919418,hidden_high_friction,0,0.43202877044677734,0.0,0.5618852376937866,-0.09146779775619507,0.43710315227508545,-0.01684359461069107,0.1453937441110611,0.08965181559324265,0.1344270408153534,0.1850440949201584,0.0,0.5463036298751831,-0.13355563580989838,0.4595603346824646,-0.08099997043609619,0.10142236948013306,0.38706082105636597,0.0,0.5369967818260193,-0.07625110447406769,0.43493330478668213,-0.02418062835931778,0.1145787388086319,0.43202877044677734,0.0,0.5618852376937866,-0.09146779775619507,0.43710315227508545,-0.01684359461069107,0.1453937441110611,phase3_10b_future_rollout_audit_no_phase4_no_cps
phase39b_xy_only_high_weight,hidden_breakaway_pin,310000,0,3,0.4583333333333333,0.125,-0.3333333333333333,0,-0.3333333333333333,nan,nan,0.0560334138572216,0.01816076971590519,0.4558214843273163,0.08800692856311798,0.043061815202236176,hidden_high_friction,0,0.30141639709472656,0.0,0.5272027254104614,-0.0021524913609027863,0.5357688665390015,0.06700997054576874,0.06969092041254044,0.0958128497004509,0.12948492169380188,0.3237534463405609,0.0,0.5658937692642212,-0.06262097507715225,0.547909140586853,0.0028166547417640686,0.0678640604019165,0.373832643032074,0.0,0.5333152413368225,0.011404743418097496,0.5244892835617065,0.05074247717857361,0.04031568765640259,0.30141639709472656,0.0,0.5272027254104614,-0.0021524913609027863,0.5357688665390015,0.06700997054576874,0.06969092041254044,phase3_10b_future_rollout_audit_no_phase4_no_cps
phase39b_xy_only_high_weight,hidden_breakaway_pin,310000,0,4,0.125,0.125,0.0,0,0.0,nan,nan,0.05291250720620155,0.039422862231731415,0.4594150185585022,0.04759017005562782,0.02120102383196354,hidden_high_friction,0,0.26261499524116516,0.0,0.5450973510742188,0.02223893441259861,0.5315929055213928,0.008310455828905106,0.019400322809815407,0.030251599848270416,0.05884786695241928,0.21596072614192963,0.0,0.5041520595550537,0.00817277655005455,0.48826247453689575,0.025282394140958786,0.023349901661276817,0.24657036364078522,0.0,0.5308986306190491,0.025288010016083717,0.5236137509346008,-0.003167584538459778,0.02937329187989235,0.26261499524116516,0.0,0.5450973510742188,0.02223893441259861,0.5315929055213928,0.008310455828905106,0.019400322809815407,phase3_10b_future_rollout_audit_no_phase4_no_cps
phase39b_xy_only_high_weight,hidden_breakaway_pin,310000,0,5,0.125,0.125,0.0,0,0.0,nan,nan,0.04902515560388565,0.039827898144721985,0.4575773775577545,0.04347192868590355,0.022517098113894463,hidden_breakaway_pin,1,0.12782859802246094,0.0,0.5246666073799133,-0.028743330389261246,0.5042468905448914,-0.01753908023238182,0.023291630670428276,0.0549236461520195,0.03762981668114662,0.12004058808088303,0.0,0.5079182982444763,-0.021094191819429398,0.48551496863365173,-0.019284101203083992,0.022476334124803543,0.18829035758972168,0.0,0.5167157649993896,-0.0038489270955324173,0.5038344860076904,0.007567517459392548,0.01721227914094925,0.12782859802246094,0.0,0.5246666073799133,-0.028743330389261246,0.5042468905448914,-0.01753908023238182,0.023291630670428276,phase3_10b_future_rollout_audit_no_phase4_no_cps
phase39b_xy_only_high_weight,hidden_breakaway_pin,310000,0,6,0.125,0.125,0.0,0,0.0,nan,nan,0.03534017875790596,0.03920707851648331,0.4603992998600006,0.04730372503399849,0.024883322417736053,hidden_breakaway_pin,1,0.13957896828651428,0.0,0.5019809603691101,-0.0032483916729688644,0.5075995326042175,-0.05423276126384735,0.0512930229306221,0.034126684069633484,0.036846525967121124,0.17116646468639374,0.0,0.4867249131202698,-0.003755025565624237,0.46367716789245605,-0.03988645225763321,0.04285648837685585,0.14616207778453827,0.0,0.5090433955192566,0.00515935942530632,0.502234935760498,-0.03904305025935173,0.044723689556121826,0.13957896828651428,0.0,0.5019809603691101,-0.0032483916729688644,0.5075995326042175,-0.05423276126384735,0.0512930229306221,phase3_10b_future_rollout_audit_no_phase4_no_cps
phase39b_xy_only_high_weight,hidden_breakaway_pin,310000,0,7,0.125,0.125,0.0,0,0.0,nan,nan,0.035871513187885284,0.039424020797014236,0.4620458483695984,0.04525652900338173,0.023736851289868355,hidden_breakaway_pin,1,0.16319914162158966,0.0,0.5096397995948792,-0.01114631537348032,0.5145257711410522,-0.043274588882923126,0.032497674226760864,0.011001591570675373,0.01296357624232769,0.18574891984462738,0.0,0.48220157623291016,-0.0018864870071411133,0.46314412355422974,-0.027183590456843376,0.03167222812771797,0.19956393539905548,0.0,0.5088407397270203,-0.006472797133028507,0.5038437247276306,-0.03131153807044029,0.025336401537060738,0.16319914162158966,0.0,0.5096397995948792,-0.01114631537348032,0.5145257711410522,-0.043274588882923126,0.032497674226760864,phase3_10b_future_rollout_audit_no_phase4_no_cps
phase39b_xy_only_high_weight,hidden_breakaway_pin,310000,0,8,0.125,0.16666666666666666,0.04166666666666666,0,0.04166666666666666,nan,nan,0.03913911059498787,0.03992823511362076,0.4535568952560425,0.042513396590948105,0.019049013033509254,hidden_high_friction,0,0.1666933298110962,0.0,0.5253684520721436,0.024487698450684547,0.537227988243103,0.004745803773403168,0.023030219599604607,0.03895091265439987,0.05311636999249458,0.16997180879116058,0.0,0.4930916726589203,0.011629171669483185,0.4872433841228485,-0.0073166461661458015,0.01982792094349861,0.21970219910144806,0.0,0.5252838134765625,0.016876982524991035,0.5230423212051392,-0.0002274978905916214,0.017250725999474525,0.1666933298110962,0.0,0.5253684520721436,0.024487698450684547,0.537227988243103,0.004745803773403168,0.023030219599604607,phase3_10b_future_rollout_audit_no_phase4_no_cps
phase39b_xy_only_high_weight,hidden_breakaway_pin,310000,0,9,0.16666666666666666,0.375,0.20833333333333334,0,0.20833333333333334,nan,nan,0.041418518871068954,0.03987594321370125,0.4577125310897827,0.0431099459528923,0.018362419679760933,hidden_high_friction,0,0.21145933866500854,0.0,0.5212905406951904,0.011596227064728737,0.553832471370697,-0.020807066932320595,0.04592331126332283,0.013521072454750538,0.030473891645669937,0.1037076860666275,0.0,0.5091544389724731,-0.007264619693160057,0.5020294785499573,-0.03900528699159622,0.0325305238366127,0.2393026500940323,0.0,0.5225105881690979,0.0008401162922382355,0.5347766876220703,-0.02354583516716957,0.02729710191488266,0.21145933866500854,0.0,0.5212905406951904,0.011596227064728737,0.553832471370697,-0.020807066932320595,0.04592331126332283,phase3_10b_future_rollout_audit_no_phase4_no_cps
phase39b_xy_only_high_weight,hidden_breakaway_pin,310000,0,10,0.375,0.3333333333333333,-0.041666666666666685,0,-0.041666666666666685,nan,nan,0.040803082287311554,0.04007232189178467,0.45404329895973206,0.04365495964884758,0.019139211624860764,hidden_high_friction,0,0.1773885190486908,0.0,0.5378733277320862,-0.007211245596408844,0.5513396263122559,-0.028714565560221672,0.025371912866830826,0.02507408708333969,0.00829112809151411,0.10170834511518478,0.0,0.51643967628479,-0.015766888856887817,0.5034105777740479,-0.0319758802652359,0.020796364173293114,0.20732897520065308,0.0,0.5353904962539673,0.002248130738735199,0.5368690490722656,-0.022632649168372154,0.02492467314004898,0.1773885190486908,0.0,0.5378733277320862,-0.007211245596408844,0.5513396263122559,-0.028714565560221672,0.025371912866830826,phase3_10b_future_rollout_audit_no_phase4_no_cps
phase39b_xy_only_high_weight,hidden_breakaway_pin,310000,0,11,0.3333333333333333,0.3333333333333333,0.0,0,0.0,nan,nan,0.03675223886966705,0.03967426344752312,0.4608079791069031,0.043571360409259796,0.023149026557803154,hidden_breakaway_pin,1,0.1899206042289734,0.0,0.5233446955680847,-0.01749681867659092,0.5181937217712402,-0.05494171380996704,0.03779752552509308,0.017800958827137947,0.04226717725396156,0.14327897131443024,0.0,0.5125564932823181,-0.025392532348632812,0.48057594895362854,-0.04229045659303665,0.0361703597009182,0.19675955176353455,0.0,0.5204240083694458,-0.0026654619723558426,0.5113513469696045,-0.03741740435361862,0.03591671958565712,0.1899206042289734,0.0,0.5233446955680847,-0.01749681867659092,0.5181937217712402,-0.05494171380996704,0.03779752552509308,phase3_10b_future_rollout_audit_no_phase4_no_cps
phase39b_xy_only_high_weight,hidden_breakaway_pin,310000,0,12,0.3333333333333333,0.3333333333333333,0.0,0,0.0,nan,nan,0.0348891019821167,0.03935816138982773,0.45477020740509033,0.04035251587629318,0.018390661105513573,hidden_high_friction,0,0.14302442967891693,0.0,0.5328378677368164,0.023014212027192116,0.5366853475570679,-0.011494046077132225,0.03472208231687546,0.04160846024751663,0.047219064086675644,0.19854947924613953,0.0,0.5025647878646851,0.0016022473573684692,0.47885024547576904,-0.001300496980547905,0.02389153465628624,0.19251859188079834,0.0,0.5327054262161255,0.020157465711236,0.5057828426361084,-0.005062159150838852,0.03688976913690567,0.14302442967891693,0.0,0.5328378677368164,0.023014212027192116,0.5366853475570679,-0.011494046077132225,0.03472208231687546,phase3_10b_future_rollout_audit_no_phase4_no_cps
phase39b_xy_only_high_weight,hidden_breakaway_pin,310000,0,13,0.3333333333333333,0.2916666666666667,-0.04166666666666663,0,-0.04166666666666663,nan,nan,0.038397062569856644,0.04010413959622383,0.4551948010921478,0.041200995445251465,0.018226467072963715,hidden_high_friction,0,0.19005243480205536,0.0,0.5311957597732544,0.0043108463287353516,0.5286943912506104,-0.02353687584400177,0.027959836646914482,0.01877531409263611,0.014452858828008175,0.1403183788061142,0.0,0.5113414525985718,-0.0098444614559412,0.4793160557746887,-0.007089652121067047,0.03214366361498833,0.18787558376789093,0.0,0.5322765111923218,-0.0009227041155099869,0.5096917748451233,-0.005528764799237251,0.023049645125865936,0.19005243480205536,0.0,0.5311957597732544,0.0043108463287353516,0.5286943912506104,-0.02353687584400177,0.027959836646914482,phase3_10b_future_rollout_audit_no_phase4_no_cps
phase39b_xy_only_high_weight,hidden_breakaway_pin,310000,0,14,0.2916666666666667,0.2916666666666667,0.0,0,0.0,nan,nan,0.039782192558050156,0.0390109159052372,0.46032118797302246,0.048544418066740036,0.024726470932364464,hidden_breakaway_pin,1,0.1196751520037651,0.0,0.5184723734855652,-0.04260279983282089,0.5186965465545654,-0.06534022092819214,0.02273852564394474,0.04860838130116463,0.04298228397965431,0.1692664921283722,0.0,0.5079888105392456,-0.024641770869493484,0.4865017533302307,-0.04204636067152023,0.027651643380522728,0.14462724328041077,0.0,0.525209367275238,-0.04755283147096634,0.5085511803627014,-0.05546857789158821,0.018443269655108452,0.1196751520037651,0.0,0.5184723734855652,-0.04260279983282089,0.5186965465545654,-0.06534022092819214,0.02273852564394474,phase3_10b_future_rollout_audit_no_phase4_no_cps
phase39b_xy_only_high_weight,hidden_breakaway_pin,310000,0,15,0.2916666666666667,0.2916666666666667,0.0,0,0.0,nan,nan,0.03467230498790741,0.03891010954976082,0.4565834403038025,0.0447801873087883,0.019430842250585556,hidden_high_friction,0,0.12490129470825195,0.0,0.5298965573310852,0.009893516078591347,0.525543749332428,-0.0013611521571874619,0.012067083269357681,0.0537249930202961,0.06434442847967148,0.14223791658878326,0.0,0.5079023241996765,-0.01812429167330265,0.48541590571403503,-0.00478515587747097,0.026145201176404953,0.15686434507369995,0.0,0.524526059627533,-0.0035082772374153137,0.5037316679954529,0.0008379183709621429,0.021243732422590256,0.12490129470825195,0.0,0.5298965573310852,0.009893516078591347,0.525543749332428,-0.0013611521571874619,0.012067083269357681,phase3_10b_future_rollout_audit_no_phase4_no_cps
phase39b_xy_only_high_weight,hidden_breakaway_pin,310001,1,0,0.0,0.0,0.0,0,0.0,nan,nan,0.012803783640265465,0.03956379368901253,0.45477375388145447,0.04361656308174133,0.02026745118200779,hidden_high_friction,0,0.4230627119541168,0.0,0.3842529058456421,0.1351694017648697,0.5520898103713989,-0.032383956015110016,0.23715682327747345,nan,nan,0.4686706066131592,0.0,0.370686411857605,0.1169327050447464,0.5415412783622742,-0.04554963856935501,0.23577934503555298,0.4533868432044983,0.0,0.38810738921165466,0.15798240900039673,0.5617639422416687,-0.023218080401420593,0.2509785294532776,0.4230627119541168,0.0,0.3842529058456421,0.1351694017648697,0.5520898103713989,-0.032383956015110016,0.23715682327747345,phase3_10b_future_rollout_audit_no_phase4_no_cps
phase39b_xy_only_high_weight,hidden_breakaway_pin,310001,1,1,0.0,0.0,0.0,0,0.0,nan,nan,0.06915699690580368,0.015021011233329773,0.4703410267829895,0.09405504167079926,0.04996781051158905,hidden_high_friction,0,0.5895525217056274,0.0,0.44837817549705505,0.08091146498918533,0.5461214780807495,-0.15730641782283783,0.2574908137321472,0.08399984240531921,0.12506495416164398,0.5615637898445129,0.0,0.3820175528526306,0.06351597607135773,0.5230656862258911,-0.19394853711128235,0.2935686707496643,0.764033854007721,0.0,0.4360423982143402,0.09969485551118851,0.5362681150436401,-0.18722470104694366,0.303921103477478,0.5895525217056274,0.0,0.44837817549705505,0.08091146498918533,0.5461214780807495,-0.15730641782283783,0.2574908137321472,phase3_10b_future_rollout_audit_no_phase4_no_cps
phase39b_xy_only_high_weight,hidden_breakaway_pin,310001,1,2,0.0,0.0,0.0,0,0.0,nan,nan,0.07187780737876892,0.012951072305440903,0.4665478765964508,0.09425912797451019,0.04863297939300537,hidden_high_friction,0,0.49442923069000244,0.0,0.4898504614830017,-0.004784127697348595,0.43143850564956665,0.02188577875494957,0.06421246379613876,0.09520339220762253,0.21274875104427338,0.4618089199066162,0.0,0.4239282011985779,-0.026793086901307106,0.3910949230194092,0.05178122967481613,0.08515836298465729,0.6013721823692322,0.0,0.47843778133392334,-0.015054060146212578,0.388495534658432,0.035088613629341125,0.10297521948814392,0.49442923069000244,0.0,0.4898504614830017,-0.004784127697348595,0.43143850564956665,0.02188577875494957,0.06421246379613876,phase3_10b_future_rollout_audit_no_phase4_no_cps
phase39b_xy_only_high_weight,hidden_breakaway_pin,310001,1,3,0.0,0.0,0.0,0,0.0,nan,nan,0.06043263152241707,0.015375633724033833,0.4731922745704651,0.09195402264595032,0.04765767976641655,hidden_breakaway_pin,1,0.4588712453842163,0.0,0.5002351403236389,-0.07018977403640747,0.49812060594558716,-0.1510719209909439,0.08090978115797043,0.06622491776943207,0.18536685407161713,0.29547443985939026,0.0,0.5029758214950562,-0.0688566267490387,0.4810716211795807,-0.08481169492006302,0.027099044993519783,0.638119101524353,0.0,0.5189939141273499,-0.0763964056968689,0.5042278170585632,-0.17075102031230927,0.09550303965806961,0.4588712453842163,0.0,0.5002351403236389,-0.07018977403640747,0.49812060594558716,-0.1510719209909439,0.08090978115797043,phase3_10b_future_rollout_audit_no_phase4_no_cps
phase39b_xy_only_high_weight,hidden_breakaway_pin,310001,1,4,0.0,0.0,0.0,0,0.0,nan,nan,0.05211401358246803,0.03037162311375141,0.4595525562763214,0.06722288578748703,0.03398054093122482,hidden_breakaway_pin,1,0.2514670789241791,0.0,0.546238124370575,-0.03843969106674194,0.4839768409729004,-0.011368360370397568,0.06789200752973557,0.055895816534757614,0.1404176950454712,0.3059755861759186,0.0,0.5503454208374023,-0.09603080153465271,0.4683842658996582,-0.029355237260460854,0.10565634071826935,0.38310086727142334,0.0,0.5513328313827515,-0.03659664839506149,0.47584789991378784,-0.005056537687778473,0.08180925250053406,0.2514670789241791,0.0,0.546238124370575,-0.03843969106674194,0.4839768409729004,-0.011368360370397568,0.06789200752973557,phase3_10b_future_rollout_audit_no_phase4_no_cps
phase39b_xy_only_high_weight,hidden_breakaway_pin,310001,1,5,0.0,0.0,0.0,0,0.0,nan,nan,0.04937510937452316,0.03251214325428009,0.45791590213775635,0.06229280307888985,0.029680583626031876,hidden_high_friction,0,0.28673452138900757,0.0,0.55007004737854,-0.03522414341568947,0.5402066707611084,0.007644418627023697,0.043988633900880814,0.005002337507903576,0.05935721844434738,0.2837708294391632,0.0,0.5665850043296814,-0.10886386036872864,0.538582980632782,-0.03572411090135574,0.07831689715385437,0.22910244762897491,0.0,0.548323392868042,-0.060224153101444244,0.5178719758987427,-0.011100171133875847,0.0577966645359993,0.28673452138900757,0.0,0.55007004737854,-0.03522414341568947,0.5402066707611084,0.007644418627023697,0.043988633900880814,phase3_10b_future_rollout_audit_no_phase4_no_cps
phase39b_xy_only_high_weight,hidden_breakaway_pin,310001,1,6,0.0,0.0,0.0,0,0.0,nan,nan,0.053778231143951416,0.033628929406404495,0.46340182423591614,0.059277892112731934,0.030667593702673912,hidden_breakaway_pin,1,0.2493026852607727,0.0,0.5589414834976196,-0.05151085555553436,0.5547824501991272,-0.055246904492378235,0.005590672604739666,0.01854614168405533,0.06455828249454498,0.2468232810497284,0.0,0.5648581385612488,-0.07975225895643234,0.5424219369888306,-0.04422619938850403,0.04201766103506088,0.22425739467144012,0.0,0.5635926723480225,-0.04232209548354149,0.531705379486084,-0.05537824332714081,0.03445667400956154,0.2493026852607727,0.0,0.5589414834976196,-0.05151085555553436,0.5547824501991272,-0.055246904492378235,0.005590672604739666,phase3_10b_future_rollout_audit_no_phase4_no_cps
phase39b_xy_only_high_weight,hidden_breakaway_pin,310001,1,7,0.0,0.0,0.0,0,0.0,nan,nan,0.050823502242565155,0.03721841052174568,0.4552198052406311,0.05053291842341423,0.022492382675409317,hidden_high_friction,0,0.14206843078136444,0.0,0.5241158604621887,-0.012494987808167934,0.5066969394683838,-0.0030059702694416046,0.019835833460092545,0.052297819405794144,0.07100233435630798,0.25068944692611694,0.0,0.5404050946235657,-0.07571940869092941,0.4921194314956665,-0.00019686855375766754,0.08963905274868011,0.16292931139469147,0.0,0.532288134098053,-0.0367124006152153,0.48899075388908386,-0.011826230213046074,0.04993980750441551,0.14206843078136444,0.0,0.5241158604621887,-0.012494987808167934,0.5066969394683838,-0.0030059702694416046,0.019835833460092545,phase3_10b_future_rollout_audit_no_phase4_no_cps
phase39b_xy_only_high_weight,hidden_breakaway_pin,310001,1,8,0.0,0.0,0.0,0,0.0,nan,nan,0.04979585483670235,0.03938501700758934,0.4579346477985382,0.043839290738105774,0.01843944564461708,hidden_high_friction,0,0.14086365699768066,0.0,0.5480961799621582,-0.0022986438125371933,0.5324715971946716,-0.009709779173135757,0.017293134704232216,0.026058033108711243,0.026632199063897133,0.32718461751937866,0.0,0.5456219911575317,-0.06525596231222153,0.5198637843132019,0.018509376794099808,0.08763628453016281,0.14842930436134338,0.0,0.5482178330421448,-0.024026883766055107,0.5214507579803467,-0.008776016533374786,0.030806902796030045,0.14086365699768066,0.0,0.5480961799621582,-0.0022986438125371933,0.5324715971946716,-0.009709779173135757,0.017293134704232216,phase3_10b_future_rollout_audit_no_phase4_no_cps
phase39b_xy_only_high_weight,hidden_breakaway_pin,310001,1,9,0.0,0.0,0.0,0,0.0,nan,nan,0.05219397321343422,0.039835307747125626,0.4545271098613739,0.04244497790932655,0.01873275637626648,hidden_high_friction,0,0.17911964654922485,0.0,0.5567446947097778,-0.012406369671225548,0.5316870212554932,0.006334096193313599,0.0312904454767704,0.013302741572260857,0.01606304757297039,0.33081597089767456,0.0,0.5411561131477356,-0.07275855541229248,0.519970715045929,0.020183004438877106,0.0953255146741867,0.18133892118930817,0.0,0.5478502511978149,-0.037485271692276,0.517642080783844,-0.005299419164657593,0.04414139315485954,0.17911964654922485,0.0,0.5567446947097778,-0.012406369671225548,0.5316870212554932,0.006334096193313599,0.0312904454767704,phase3_10b_future_rollout_audit_no_phase4_no_cps
phase39b_xy_only_high_weight,hidden_breakaway_pin,310001,1,10,0.0,0.0,0.0,0,0.0,nan,nan,0.05351439490914345,0.039754629135131836,0.461762398481369,0.044084832072257996,0.02351045235991478,hidden_breakaway_pin,1,0.12067549675703049,0.0,0.5392606854438782,-0.03212575614452362,0.5153462290763855,-0.042154811322689056,0.025932280346751213,0.026354217901825905,0.05116830766201019,0.24200654029846191,0.0,0.5430010557174683,-0.08727043867111206,0.5142734050750732,-0.022286269813776016,0.07105083018541336,0.15817879140377045,0.0,0.5395399928092957,-0.04180208593606949,0.5047562122344971,-0.04518912360072136,0.03494829684495926,0.12067549675703049,0.0,0.5392606854438782,-0.03212575614452362,0.5153462290763855,-0.042154811322689056,0.025932280346751213,phase3_10b_future_rollout_audit_no_phase4_no_cps
phase39b_xy_only_high_weight,hidden_breakaway_pin,310001,1,11,0.0,0.0,0.0,0,0.0,nan,nan,0.05189594626426697,0.03931024298071861,0.4553162455558777,0.04025692120194435,0.018324879929423332,hidden_high_friction,0,0.14118066430091858,0.0,0.5403715968132019,-0.00484573096036911,0.5190932154655457,-0.0029140785336494446,0.021365879103541374,0.027302635833621025,0.03941922262310982,0.3203637897968292,0.0,0.5320709347724915,-0.08932096511125565,0.5040050745010376,0.02619442716240883,0.11887598037719727,0.10640047490596771,0.0,0.5279407501220703,-0.024655334651470184,0.49916642904281616,-0.0022304877638816833,0.0364806167781353,0.14118066430091858,0.0,0.5403715968132019,-0.00484573096036911,0.5190932154655457,-0.0029140785336494446,0.021365879103541374,phase3_10b_future_rollout_audit_no_phase4_no_cps
phase39b_xy_only_high_weight,hidden_breakaway_pin,310001,1,12,0.0,0.0,0.0,0,0.0,nan,nan,0.050871673971414566,0.03985707461833954,0.45414525270462036,0.0393352136015892,0.017929909750819206,hidden_high_friction,0,0.14269638061523438,0.0,0.54789799451828,-0.009530116803944111,0.5246251225471497,0.010542333126068115,0.030733203515410423,0.008865107782185078,0.01454912405461073,0.2821781635284424,0.0,0.5379893779754639,-0.0843680202960968,0.5137019753456116,0.028707649558782578,0.1156546026468277,0.18379150331020355,0.0,0.5404892563819885,-0.029723282903432846,0.5124285817146301,0.012089710682630539,0.05035601183772087,0.14269638061523438,0.0,0.54789799451828,-0.009530116803944111,0.5246251225471497,0.010542333126068115,0.030733203515410423,phase3_10b_future_rollout_audit_no_phase4_no_cps
phase39b_xy_only_high_weight,hidden_breakaway_pin,310001,1,13,0.0,0.0,0.0,0,0.0,nan,nan,0.05307701230049133,0.03858111426234245,0.46127402782440186,0.048745047301054,0.02468642219901085,hidden_breakaway_pin,1,0.14061790704727173,0.0,0.5372830033302307,-0.04784875363111496,0.5119849443435669,-0.0474480539560318,0.02530123107135296,0.0397617407143116,0.05935199558734894,0.32224979996681213,0.0,0.5300596356391907,-0.08380921185016632,0.5089488625526428,-0.00015342049300670624,0.08627836406230927,0.15448014438152313,0.0,0.5261461138725281,-0.06834393739700317,0.49767550826072693,-0.05887145549058914,0.03000505454838276,0.14061790704727173,0.0,0.5372830033302307,-0.04784875363111496,0.5119849443435669,-0.0474480539560318,0.02530123107135296,phase3_10b_future_rollout_audit_no_phase4_no_cps
phase39b_xy_only_high_weight,hidden_breakaway_pin,310001,1,14,0.0,0.0,0.0,0,0.0,nan,nan,0.05201410502195358,0.03847735747694969,0.45807841420173645,0.04639051854610443,0.021403344348073006,hidden_high_friction,0,0.11714079231023788,0.0,0.5339301824569702,-0.003636479377746582,0.5004681348800659,0.01886061578989029,0.040321558713912964,0.044339220970869064,0.06730138510465622,0.271516889333725,0.0,0.5290803909301758,-0.0837988406419754,0.4997074007987976,0.023312076926231384,0.11106538772583008,0.14488749206066132,0.0,0.5280447006225586,-0.02192300744354725,0.488988995552063,0.007582787424325943,0.048948340117931366,0.11714079231023788,0.0,0.5339301824569702,-0.003636479377746582,0.5004681348800659,0.01886061578989029,0.040321558713912964,phase3_10b_future_rollout_audit_no_phase4_no_cps
phase39b_xy_only_high_weight,hidden_breakaway_pin,310001,1,15,0.0,0.0,0.0,0,0.0,nan,nan,0.0496254526078701,0.038680557161569595,0.45775818824768066,0.046274591237306595,0.023593708872795105,hidden_breakaway_pin,1,0.11077777296304703,0.0,0.5382999777793884,-0.01443389244377613,0.5141298770904541,-0.011789679527282715,0.024314308539032936,0.011648142710328102,0.03355717286467552,0.22830672562122345,0.0,0.5440027713775635,-0.09514739364385605,0.4957490563392639,-0.0003389790654182434,0.10638165473937988,0.17017757892608643,0.0,0.5252071022987366,-0.015832142904400826,0.4906642735004425,-0.016920195892453194,0.034559961408376694,0.11077777296304703,0.0,0.5382999777793884,-0.01443389244377613,0.5141298770904541,-0.011789679527282715,0.024314308539032936,phase3_10b_future_rollout_audit_no_phase4_no_cps
phase39b_xy_only_high_weight,hidden_breakaway_pin,310002,2,0,0.0,0.3333333333333333,0.3333333333333333,0,0.3333333333333333,nan,nan,0.011636036448180676,0.039411336183547974,0.454952210187912,0.04486539214849472,0.01991346850991249,hidden_high_friction,0,0.39858612418174744,0.0,0.48974281549453735,0.22524695098400116,0.5418045520782471,-0.06091342121362686,0.2908576726913452,nan,nan,0.4741888642311096,0.0,0.49373847246170044,0.22664852440357208,0.5013123154640198,-0.061994586139917374,0.2887424826622009,0.4542650580406189,0.0,0.5013687014579773,0.2572561800479889,0.5358310341835022,-0.045534830540418625,0.3047458529472351,0.39858612418174744,0.0,0.48974281549453735,0.22524695098400116,0.5418045520782471,-0.06091342121362686,0.2908576726913452,phase3_10b_future_rollout_audit_no_phase4_no_cps
phase39b_xy_only_high_weight,hidden_breakaway_pin,310002,2,1,0.3333333333333333,0.0,-0.3333333333333333,0,-0.3333333333333333,nan,nan,0.07811259478330612,0.02586829662322998,0.46174654364585876,0.07543599605560303,0.03594725579023361,hidden_breakaway_pin,1,0.5602225065231323,0.0,0.4948725998401642,0.12869778275489807,0.5403984785079956,-0.14344199001789093,0.275921493768692,0.09668534994125366,0.08254054933786392,0.321087509393692,0.0,0.48455262184143066,0.12519921362400055,0.5184147357940674,-0.1013583168387413,0.2290741354227066,0.6973785758018494,0.0,0.5004187822341919,0.12948442995548248,0.5504283905029297,-0.16743195056915283,0.30109846591949463,0.5602225065231323,0.0,0.4948725998401642,0.12869778275489807,0.5403984785079956,-0.14344199001789093,0.275921493768692,phase3_10b_future_rollout_audit_no_phase4_no_cps
phase39b_xy_only_high_weight,hidden_breakaway_pin,310002,2,2,0.0,0.0,0.0,0,0.0,nan,nan,0.07368039339780807,0.02627333253622055,0.46274513006210327,0.07490826398134232,0.037257760763168335,hidden_high_friction,0,0.3125108480453491,0.0,0.518684446811676,0.011656859889626503,0.48408472537994385,-0.012053858488798141,0.0419444739818573,0.11943861097097397,0.14294782280921936,0.26877424120903015,0.0,0.4853900074958801,0.06979738175868988,0.457562118768692,-0.03287025913596153,0.1063721626996994,0.1868787407875061,0.0,0.5072910189628601,-0.011981753632426262,0.45934736728668213,0.0046611689031124115,0.05075017735362053,0.3125108480453491,0.0,0.518684446811676,0.011656859889626503,0.48408472537994385,-0.012053858488798141,0.0419444739818573,phase3_10b_future_rollout_audit_no_phase4_no_cps
phase39b_xy_only_high_weight,hidden_breakaway_pin,310002,2,3,0.0,0.0,0.0,0,0.0,nan,nan,0.055479783564805984,0.029237885028123856,0.46942341327667236,0.06911204755306244,0.034609291702508926,hidden_breakaway_pin,1,0.2625696063041687,0.0,0.4792470633983612,-0.06979698687791824,0.46963179111480713,-0.1525193154811859,0.08327926695346832,0.09049881994724274,0.14120705425739288,0.3144851326942444,0.0,0.47506389021873474,-0.06661876291036606,0.4304298460483551,-0.0997547060251236,0.0555894672870636,0.33154159784317017,0.0,0.47784319519996643,-0.09477643668651581,0.45615413784980774,-0.15345355868339539,0.06255733221769333,0.2625696063041687,0.0,0.4792470633983612,-0.06979698687791824,0.46963179111480713,-0.1525193154811859,0.08327926695346832,phase3_10b_future_rollout_audit_no_phase4_no_cps
phase39b_xy_only_high_weight,hidden_breakaway_pin,310002,2,4,0.0,0.0,0.0,0,0.0,nan,nan,0.046383101493120193,0.03811212629079819,0.46219560503959656,0.04859655722975731,0.02180127054452896,hidden_high_friction,0,0.13236315548419952,0.0,0.5385861992835999,-0.04036315530538559,0.5134792923927307,-0.03741852939128876,0.02527899481356144,0.06623808294534683,0.12316977977752686,0.26516368985176086,0.0,0.5241310000419617,-0.07740463316440582,0.49913203716278076,-0.02188454195857048,0.060888659209012985,0.08800560981035233,0.0,0.5346526503562927,-0.04820415750145912,0.49760702252388,-0.048661939799785614,0.03704845532774925,0.13236315548419952,0.0,0.5385861992835999,-0.04036315530538559,0.5134792923927307,-0.03741852939128876,0.02527899481356144,phase3_10b_future_rollout_audit_no_phase4_no_cps
phase39b_xy_only_high_weight,hidden_breakaway_pin,310002,2,5,0.0,0.0,0.0,0,0.0,nan,nan,0.04466851055622101,0.038918476551771164,0.4609171748161316,0.0471215657889843,0.02475135773420334,hidden_breakaway_pin,1,0.14865823090076447,0.0,0.5630324482917786,-0.05190654098987579,0.5372434258460999,-0.014322860166430473,0.04558077082037926,0.027034586295485497,0.03313825652003288,0.1807672530412674,0.0,0.5550586581230164,-0.08877155184745789,0.5166203379631042,-0.006172685883939266,0.09110476076602936,0.09321662783622742,0.0,0.5466248989105225,-0.053577251732349396,0.5032573342323303,-0.013889167457818985,0.05878681689500809,0.14865823090076447,0.0,0.5630324482917786,-0.05190654098987579,0.5372434258460999,-0.014322860166430473,0.04558077082037926,phase3_10b_future_rollout_audit_no_phase4_no_cps
phase39b_xy_only_high_weight,hidden_breakaway_pin,310002,2,6,0.0,0.0,0.0,0,0.0,nan,nan,0.04980403929948807,0.03935254365205765,0.453177273273468,0.04428549483418465,0.019682643935084343,hidden_high_friction,0,0.16950295865535736,0.0,0.56058269739151,-0.013539861887693405,0.530800461769104,0.013656020164489746,0.040331099182367325,0.03844480961561203,0.028711138293147087,0.22444775700569153,0.0,0.5475648045539856,-0.07111586630344391,0.5076991319656372,0.015212614089250565,0.09508878737688065,0.19066759943962097,0.0,0.5628639459609985,-0.012501036748290062,0.5129823088645935,0.020784921944141388,0.0599677637219429,0.16950295865535736,0.0,0.56058269739151,-0.013539861887693405,0.530800461769104,0.013656020164489746,0.040331099182367325,phase3_10b_future_rollout_audit_no_phase4_no_cps
phase39b_xy_only_high_weight,hidden_breakaway_pin,310002,2,7,0.0,0.0,0.0,0,0.0,nan,nan,0.047715120017528534,0.03962262347340584,0.45565977692604065,0.042639344930648804,0.018659887835383415,hidden_high_friction,0,0.18122568726539612,0.0,0.5632301568984985,-0.015520934946835041,0.5321874618530273,-0.015290915034711361,0.03104354627430439,0.0033066135365515947,0.02898014709353447,0.23264259099960327,0.0,0.5476648807525635,-0.07096903026103973,0.505935788154602,0.010916054248809814,0.09190475940704346,0.17631107568740845,0.0,0.5530523061752319,-0.01584138348698616,0.5214489102363586,-0.005075512453913689,0.03338680416345596,0.18122568726539612,0.0,0.5632301568984985,-0.015520934946835041,0.5321874618530273,-0.015290915034711361,0.03104354627430439,phase3_10b_future_rollout_audit_no_phase4_no_cps
phase39b_xy_only_high_weight,hidden_breakaway_pin,310002,2,8,0.0,0.0,0.0,0,0.0,nan,nan,0.048084717243909836,0.04006683826446533,0.455148309469223,0.04277331009507179,0.018962375819683075,hidden_high_friction,0,0.14164108037948608,0.0,0.5598061084747314,-0.030619096010923386,0.5245364308357239,-0.02155250310897827,0.03641638904809952,0.01548155676573515,0.009886645711958408,0.30493059754371643,0.0,0.5405576229095459,-0.07398892939090729,0.5110012292861938,0.02094469964504242,0.09942823648452759,0.13486135005950928,0.0,0.5455201268196106,-0.031677134335041046,0.5139254331588745,-0.023351838812232018,0.03267315775156021,0.14164108037948608,0.0,0.5598061084747314,-0.030619096010923386,0.5245364308357239,-0.02155250310897827,0.03641638904809952,phase3_10b_future_rollout_audit_no_phase4_no_cps
phase39b_xy_only_high_weight,hidden_breakaway_pin,310002,2,9,0.0,0.0,0.0,0,0.0,nan,nan,0.046740829944610596,0.039459601044654846,0.4611142575740814,0.04436874017119408,0.023511797189712524,hidden_breakaway_pin,1,0.14252342283725739,0.0,0.5505766868591309,-0.04312793165445328,0.5152729749679565,-0.04901286959648132,0.03579084575176239,0.015545198693871498,0.028980741277337074,0.2630573809146881,0.0,0.5455694794654846,-0.09196755290031433,0.5130144357681274,-0.025652389973402023,0.07387510687112808,0.11514855921268463,0.0,0.5453987717628479,-0.035967953503131866,0.5077762007713318,-0.03961551561951637,0.03779897466301918,0.14252342283725739,0.0,0.5505766868591309,-0.04312793165445328,0.5152729749679565,-0.04901286959648132,0.03579084575176239,phase3_10b_future_rollout_audit_no_phase4_no_cps
phase39b_xy_only_high_weight,hidden_breakaway_pin,310002,2,10,0.0,0.0,0.0,0,0.0,nan,nan,0.04573166370391846,0.03922513499855995,0.453870564699173,0.04070059955120087,0.018340840935707092,hidden_high_friction,0,0.13047683238983154,0.0,0.5524060130119324,-0.01806417852640152,0.5179288983345032,-0.01324722170829773,0.03481198847293854,0.02513042278587818,0.035864125937223434,0.28637629747390747,0.0,0.5366653800010681,-0.0799405425786972,0.4996594786643982,0.027741141617298126,0.11386299133300781,0.1381778120994568,0.0,0.5345876216888428,-0.02883029170334339,0.49334365129470825,-0.0021609943360090256,0.04911533743143082,0.13047683238983154,0.0,0.5524060130119324,-0.01806417852640152,0.5179288983345032,-0.01324722170829773,0.03481198847293854,phase3_10b_future_rollout_audit_no_phase4_no_cps
phase39b_xy_only_high_weight,hidden_breakaway_pin,310002,2,11,0.0,0.0,0.0,0,0.0,nan,nan,0.045681148767471313,0.03947186470031738,0.45639750361442566,0.042526725679636,0.019336074590682983,hidden_high_friction,0,0.14303258061408997,0.0,0.5459662079811096,-0.016303446143865585,0.5077252984046936,-0.014718317426741123,0.03827374801039696,0.0066761719062924385,0.010309102013707161,0.25700879096984863,0.0,0.5395119190216064,-0.08695197105407715,0.4954283535480499,0.01501113548874855,0.11108481138944626,0.17502209544181824,0.0,0.5365380644798279,-0.02512788586318493,0.48813921213150024,-0.007209675386548042,0.05160921439528465,0.14303258061408997,0.0,0.5459662079811096,-0.016303446143865585,0.5077252984046936,-0.014718317426741123,0.03827374801039696,phase3_10b_future_rollout_audit_no_phase4_no_cps
phase39b_xy_only_high_weight,hidden_breakaway_pin,310002,2,12,0.0,0.0,0.0,0,0.0,nan,nan,0.04730774462223053,0.03820444270968437,0.4593279957771301,0.05005105584859848,0.0255331601947546,hidden_breakaway_pin,1,0.1615036576986313,0.0,0.5462421774864197,-0.05604840815067291,0.5140787363052368,-0.06089010834693909,0.03252582252025604,0.03974591940641403,0.046606872230768204,0.3350072503089905,0.0,0.539082944393158,-0.08167475461959839,0.5139138102531433,-0.009648416191339493,0.07629730552434921,0.15998052060604095,0.0,0.5393791794776917,-0.06492996215820312,0.5022149682044983,-0.060204796493053436,0.037463393062353134,0.1615036576986313,0.0,0.5462421774864197,-0.05604840815067291,0.5140787363052368,-0.06089010834693909,0.03252582252025604,phase3_10b_future_rollout_audit_no_phase4_no_cps
phase39b_xy_only_high_weight,hidden_breakaway_pin,310002,2,13,0.0,0.0,0.0,0,0.0,nan,nan,0.046338774263858795,0.038583189249038696,0.45811188220977783,0.04720880836248398,0.021011650562286377,hidden_high_friction,0,0.11742720752954483,0.0,0.5466893911361694,-0.01765977218747139,0.5049058198928833,0.00028507597744464874,0.04547399654984474,0.03839123994112015,0.06185907498002052,0.2532076835632324,0.0,0.5315915942192078,-0.07494126260280609,0.49699562788009644,0.027156274765729904,0.10779976099729538,0.11589904874563217,0.0,0.5343784093856812,-0.02819252759218216,0.4825972020626068,0.0007842909544706345,0.059337589889764786,0.11742720752954483,0.0,0.5466893911361694,-0.01765977218747139,0.5049058198928833,0.00028507597744464874,0.04547399654984474,phase3_10b_future_rollout_audit_no_phase4_no_cps
phase39b_xy_only_high_weight,hidden_breakaway_pin,310002,2,14,0.0,0.0,0.0,0,0.0,nan,nan,0.04534890502691269,0.03841995447874069,0.45753684639930725,0.046585191041231155,0.021822776645421982,hidden_breakaway_pin,1,0.0896458551287651,0.0,0.5406512022018433,-0.03566734492778778,0.5069676041603088,-0.03755173459649086,0.03373626619577408,0.01899295672774315,0.03789294511079788,0.21685969829559326,0.0,0.5313857793807983,-0.089749276638031,0.48539969325065613,-0.008074003271758556,0.09373137354850769,0.16966234147548676,0.0,0.5174727439880371,-0.031672053039073944,0.47835618257522583,-0.03057771734893322,0.03913186490535736,0.0896458551287651,0.0,0.5406512022018433,-0.03566734492778778,0.5069676041603088,-0.03755173459649086,0.03373626619577408,phase3_10b_future_rollout_audit_no_phase4_no_cps
phase39b_xy_only_high_weight,hidden_breakaway_pin,310002,2,15,0.0,0.0,0.0,0,0.0,nan,nan,0.050411637872457504,0.03912821412086487,0.45744088292121887,0.0439014807343483,0.019978966563940048,hidden_high_friction,0,0.15935222804546356,0.0,0.5460973381996155,-0.025836281478405,0.5153663158416748,-0.012649910524487495,0.03344063460826874,0.011238781735301018,0.02628001570701599,0.27480190992355347,0.0,0.5447420477867126,-0.07325822114944458,0.5092441439628601,0.03698217123746872,0.1158147007226944,0.17624297738075256,0.0,0.5419514179229736,-0.028710123151540756,0.5002431273460388,-0.0020334534347057343,0.04950986057519913,0.15935222804546356,0.0,0.5460973381996155,-0.025836281478405,0.5153663158416748,-0.012649910524487495,0.03344063460826874,phase3_10b_future_rollout_audit_no_phase4_no_cps
phase39b_xy_only_high_weight,hidden_breakaway_pin,310003,3,0,0.0,0.0,0.0,0,0.0,nan,nan,0.013503171503543854,0.038938216865062714,0.45299994945526123,0.04030044004321098,0.017855674028396606,hidden_high_friction,0,0.41089120507240295,0.0,0.40985897183418274,-0.23526376485824585,0.5458938479423523,0.007524274289608002,0.2783011496067047,nan,nan,0.36331862211227417,0.0,0.4217092990875244,-0.21735969185829163,0.5147383809089661,0.002270599827170372,0.23852017521858215,0.3682253658771515,0.0,0.4264677166938782,-0.23901864886283875,0.5336129069328308,0.020919397473335266,0.2811545729637146,0.41089120507240295,0.0,0.40985897183418274,-0.23526376485824585,0.5458938479423523,0.007524274289608002,0.2783011496067047,phase3_10b_future_rollout_audit_no_phase4_no_cps
phase39b_xy_only_high_weight,hidden_breakaway_pin,310003,3,1,0.0,0.0,0.0,0,0.0,nan,nan,0.0778237134218216,0.03687195107340813,0.45715242624282837,0.05094899982213974,0.02381475642323494,hidden_high_friction,0,0.3269456923007965,0.0,0.4573133587837219,-0.1492815911769867,0.5460572242736816,0.031076695770025253,0.20100891590118408,0.09820821136236191,0.023552989587187767,0.5186141729354858,0.0,0.4647386968135834,-0.20171134173870087,0.5280992984771729,0.00853029265999794,0.21958166360855103,0.34177324175834656,0.0,0.4792410433292389,-0.175368070602417,0.5354104042053223,0.05485830456018448,0.23697927594184875,0.3269456923007965,0.0,0.4573133587837219,-0.1492815911769867,0.5460572242736816,0.031076695770025253,0.20100891590118408,phase3_10b_future_rollout_audit_no_phase4_no_cps
phase39b_xy_only_high_weight,hidden_breakaway_pin,310003,3,2,0.0,0.0,0.0,0,0.0,nan,nan,0.06613744795322418,0.03691692277789116,0.4539528489112854,0.05070197582244873,0.024191323667764664,hidden_high_friction,0,0.32243239879608154,0.0,0.5004591345787048,-0.0668378621339798,0.5614414811134338,0.022790633141994476,0.1084071695804596,0.09305120259523392,0.017473815008997917,0.3743230700492859,0.0,0.5012057423591614,-0.11277399957180023,0.5284281373023987,0.03547021001577377,0.150722935795784,0.24935945868492126,0.0,0.5092733502388,-0.07899065315723419,0.5455403327941895,0.02202824503183365,0.107331782579422,0.32243239879608154,0.0,0.5004591345787048,-0.0668378621339798,0.5614414811134338,0.022790633141994476,0.1084071695804596,phase3_10b_future_rollout_audit_no_phase4_no_cps
phase39b_xy_only_high_weight,hidden_breakaway_pin,310003,3,3,0.0,0.0,0.0,0,0.0,nan,nan,0.05378369987010956,0.03643268346786499,0.4571175277233124,0.053817227482795715,0.02556057646870613,free,0,0.1742027848958969,0.0,0.52862548828125,0.0007280725985765457,0.5274949669837952,0.0006041843444108963,0.0011372892186045647,0.07320176810026169,0.04055372253060341,0.26736441254615784,0.0,0.52559494972229,-0.04461695998907089,0.4847843050956726,-0.01687079295516014,0.0493493527173996,0.08895845711231232,0.0,0.5313466787338257,-0.01166677288711071,0.5111775398254395,-0.017554011195898056,0.021010801196098328,0.1742027848958969,0.0,0.52862548828125,0.0007280725985765457,0.5274949669837952,0.0006041843444108963,0.0011372892186045647,phase3_10b_future_rollout_audit_no_phase4_no_cps
phase39b_xy_only_high_weight,hidden_breakaway_pin,310003,3,4,0.0,0.0,0.0,0,0.0,nan,nan,0.05014713481068611,0.03908570855855942,0.45998185873031616,0.04561995342373848,0.023759396746754646,hidden_breakaway_pin,1,0.11406424641609192,0.0,0.5363985896110535,0.010036686435341835,0.5076835751533508,0.025698333978652954,0.03270839527249336,0.012127299793064594,0.03197197988629341,0.13444995880126953,0.0,0.5333573222160339,-0.03289306163787842,0.4928842782974243,-0.00883067212998867,0.047085732221603394,0.1420144885778427,0.0,0.5523318648338318,0.006562788039445877,0.520992636680603,0.014178570359945297,0.03225131332874298,0.11406424641609192,0.0,0.5363985896110535,0.010036686435341835,0.5076835751533508,0.025698333978652954,0.03270839527249336,phase3_10b_future_rollout_audit_no_phase4_no_cps
phase39b_xy_only_high_weight,hidden_breakaway_pin,310003,3,5,0.0,0.0,0.0,0,0.0,nan,nan,0.04767460748553276,0.03984011337161064,0.4524352252483368,0.0419139601290226,0.018687058240175247,hidden_high_friction,0,0.1955052614212036,0.0,0.5546389818191528,0.04074438661336899,0.5299307703971863,0.05386734753847122,0.02797691524028778,0.03571658954024315,0.0358947217464447,0.1292087286710739,0.0,0.5371465682983398,0.0013983547687530518,0.5114484429359436,0.012670159339904785,0.02806149050593376,0.2136724889278412,0.0,0.5549504160881042,0.03486880660057068,0.5306575298309326,0.055712148547172546,0.03200920298695564,0.1955052614212036,0.0,0.5546389818191528,0.04074438661336899,0.5299307703971863,0.05386734753847122,0.02797691524028778,phase3_10b_future_rollout_audit_no_phase4_no_cps
phase39b_xy_only_high_weight,hidden_breakaway_pin,310003,3,6,0.0,0.0,0.0,0,0.0,nan,nan,0.04843767359852791,0.039767760783433914,0.45742252469062805,0.04220938682556152,0.018060728907585144,hidden_high_friction,0,0.22740884125232697,0.0,0.5539079904556274,0.027037160471081734,0.5440694093704224,0.03100280836224556,0.010607735253870487,0.013726703822612762,0.02688286267220974,0.10073857009410858,0.0,0.5442876219749451,-0.01143578439950943,0.5056384205818176,0.006585484370589256,0.042644187808036804,0.25072893500328064,0.0,0.5500181913375854,0.0029632560908794403,0.5521563291549683,0.011361286044120789,0.008665940724313259,0.22740884125232697,0.0,0.5539079904556274,0.027037160471081734,0.5440694093704224,0.03100280836224556,0.010607735253870487,phase3_10b_future_rollout_audit_no_phase4_no_cps
phase39b_xy_only_high_weight,hidden_breakaway_pin,310003,3,7,0.0,0.0,0.0,0,0.0,nan,nan,0.04671628773212433,0.03986638784408569,0.4535203278064728,0.04177140071988106,0.018733397126197815,hidden_high_friction,0,0.1759262979030609,0.0,0.5435451865196228,-2.8599053621292114e-05,0.542120635509491,0.010484576225280762,0.010609250515699387,0.0289817713201046,0.020610569044947624,0.05375538766384125,0.0,0.5395635962486267,-0.007132956758141518,0.5017905831336975,-0.00544930063188076,0.037810515612363815,0.2336542159318924,0.0,0.5472379326820374,-0.012209620326757431,0.5454246997833252,-2.3283064365386963e-05,0.012320496141910553,0.1759262979030609,0.0,0.5435451865196228,-2.8599053621292114e-05,0.542120635509491,0.010484576225280762,0.010609250515699387,phase3_10b_future_rollout_audit_no_phase4_no_cps
phase39b_xy_only_high_weight,hidden_breakaway_pin,310003,3,8,0.0,0.0,0.0,0,0.0,nan,nan,0.04754771664738655,0.039607416838407516,0.46141648292541504,0.04359535872936249,0.023129714652895927,hidden_breakaway_pin,1,0.16657350957393646,0.0,0.5263674855232239,-0.01313546858727932,0.501933753490448,-0.049566496163606644,0.04386601597070694,0.02160702273249626,0.07225729525089264,0.06935694813728333,0.0,0.5334977507591248,-0.02114039659500122,0.4765249490737915,-0.025082558393478394,0.05710902810096741,0.21826887130737305,0.0,0.5336594581604004,-0.02004273422062397,0.5152491927146912,-0.05101894587278366,0.036034200340509415,0.16657350957393646,0.0,0.5263674855232239,-0.01313546858727932,0.501933753490448,-0.049566496163606644,0.04386601597070694,phase3_10b_future_rollout_audit_no_phase4_no_cps
phase39b_xy_only_high_weight,hidden_breakaway_pin,310003,3,9,0.0,0.0,0.0,0,0.0,nan,nan,0.05019734054803848,0.03920602425932884,0.4542469382286072,0.03996877744793892,0.01837228052318096,hidden_high_friction,0,0.12533466517925262,0.0,0.5346543192863464,0.022060154005885124,0.5200173854827881,0.005485869944095612,0.02211214043200016,0.036158036440610886,0.05794636160135269,0.12768235802650452,0.0,0.5213282108306885,-0.0038260556757450104,0.4862024188041687,0.02347148209810257,0.04448569193482399,0.1660393476486206,0.0,0.5364000797271729,0.01617574878036976,0.5165907144546509,0.0012769177556037903,0.02478681318461895,0.12533466517925262,0.0,0.5346543192863464,0.022060154005885124,0.5200173854827881,0.005485869944095612,0.02211214043200016,phase3_10b_future_rollout_audit_no_phase4_no_cps
phase39b_xy_only_high_weight,hidden_breakaway_pin,310003,3,10,0.0,0.0,0.0,0,0.0,nan,nan,0.0530271977186203,0.039867255836725235,0.45581763982772827,0.041641950607299805,0.018859747797250748,hidden_high_friction,0,0.20415526628494263,0.0,0.5355061888694763,0.01675928570330143,0.5210540294647217,0.012925278395414352,0.01495207380503416,0.005368881393224001,0.0075112865306437016,0.12225624918937683,0.0,0.518689751625061,-0.004576489329338074,0.4841810464859009,0.021338947117328644,0.04315623268485069,0.1834498643875122,0.0,0.5415452122688293,0.01728965900838375,0.5155274868011475,0.01310301199555397,0.026352420449256897,0.20415526628494263,0.0,0.5355061888694763,0.01675928570330143,0.5210540294647217,0.012925278395414352,0.01495207380503416,phase3_10b_future_rollout_audit_no_phase4_no_cps
phase39b_xy_only_high_weight,hidden_breakaway_pin,310003,3,11,0.0,0.0,0.0,0,0.0,nan,nan,0.05429359897971153,0.03687354922294617,0.46097874641418457,0.05248330160975456,0.025632888078689575,hidden_breakaway_pin,1,0.12516869604587555,0.0,0.5088722705841064,-0.03822613134980202,0.5026124119758606,-0.05237569287419319,0.015472425147891045,0.06109633296728134,0.06785506755113602,0.12877900898456573,0.0,0.508922815322876,-0.04605143889784813,0.48917171359062195,-0.06587392091751099,0.027982795611023903,0.14292602241039276,0.0,0.521049976348877,-0.06341297179460526,0.5165939331054688,-0.06724625080823898,0.0058779544197022915,0.12516869604587555,0.0,0.5088722705841064,-0.03822613134980202,0.5026124119758606,-0.05237569287419319,0.015472425147891045,phase3_10b_future_rollout_audit_no_phase4_no_cps
phase39b_xy_only_high_weight,hidden_breakaway_pin,310003,3,12,0.0,0.0,0.0,0,0.0,nan,nan,0.050902895629405975,0.029179289937019348,0.45997971296310425,0.06892386078834534,0.03347158804535866,hidden_high_friction,0,0.2305559366941452,0.0,0.5580381751060486,0.03213292360305786,0.5328102111816406,0.013549096882343292,0.03133383020758629,0.08583520352840424,0.07251197099685669,0.10950357466936111,0.0,0.541706919670105,-0.025593001395463943,0.5086583495140076,-0.029312653467059135,0.03325723856687546,0.26804637908935547,0.0,0.5649654269218445,0.012015832588076591,0.5349928736686707,0.00956624373793602,0.030072486028075218,0.2305559366941452,0.0,0.5580381751060486,0.03213292360305786,0.5328102111816406,0.013549096882343292,0.03133383020758629,phase3_10b_future_rollout_audit_no_phase4_no_cps
phase39b_xy_only_high_weight,hidden_breakaway_pin,310003,3,13,0.0,0.0,0.0,0,0.0,nan,nan,0.053357165306806564,0.02583080530166626,0.45859357714653015,0.07242163270711899,0.03541363403201103,hidden_high_friction,0,0.16989387571811676,0.0,0.5473702549934387,0.008830619975924492,0.5319383144378662,0.018208671361207962,0.018058035522699356,0.025628147646784782,0.004740447271615267,0.12107982486486435,0.0,0.5103142261505127,-0.028313497081398964,0.4782642126083374,-0.009090113453567028,0.03737301006913185,0.09695860743522644,0.0,0.526563823223114,-0.013817677274346352,0.51829594373703,0.0009048786014318466,0.016885245218873024,0.16989387571811676,0.0,0.5473702549934387,0.008830619975924492,0.5319383144378662,0.018208671361207962,0.018058035522699356,phase3_10b_future_rollout_audit_no_phase4_no_cps
phase39b_xy_only_high_weight,hidden_breakaway_pin,310003,3,14,0.0,0.0,0.0,0,0.0,nan,nan,0.056526679545640945,0.03057674504816532,0.455019474029541,0.06496624648571014,0.030804090201854706,hidden_high_friction,0,0.2148883044719696,0.0,0.5394577383995056,0.041755206882953644,0.4956013858318329,0.042328789830207825,0.04386010393500328,0.03386201709508896,0.04361367225646973,0.15010669827461243,0.0,0.5312341451644897,0.0024296417832374573,0.48021650314331055,0.05748773366212845,0.07506126165390015,0.3689279556274414,0.0,0.5481942892074585,0.048078879714012146,0.5031642913818359,0.0719115361571312,0.05094797536730766,0.2148883044719696,0.0,0.5394577383995056,0.041755206882953644,0.4956013858318329,0.042328789830207825,0.04386010393500328,phase3_10b_future_rollout_audit_no_phase4_no_cps
phase39b_xy_only_high_weight,hidden_breakaway_pin,310003,3,15,0.0,0.0,0.0,0,0.0,nan,nan,0.05380528047680855,0.038286108523607254,0.4586639404296875,0.04853363335132599,0.021435609087347984,hidden_high_friction,0,0.14060810208320618,0.0,0.5352267622947693,-0.01109479833394289,0.5175683498382568,-0.011255567893385887,0.0176591444760561,0.05301909148693085,0.05791227146983147,0.07512475550174713,0.0,0.5261784791946411,-0.03125571459531784,0.4864286780357361,-0.007260762155056,0.046430643647909164,0.22907070815563202,0.0,0.5350043177604675,-0.01668596640229225,0.5169589519500732,-0.01149970106780529,0.018775850534439087,0.14060810208320618,0.0,0.5352267622947693,-0.01109479833394289,0.5175683498382568,-0.011255567893385887,0.0176591444760561,phase3_10b_future_rollout_audit_no_phase4_no_cps
phase39b_xy_only_high_weight,hidden_high_friction,310000,0,0,0.16666666666666666,0.0,-0.16666666666666666,0,-0.16666666666666666,nan,nan,0.010319073684513569,0.039046499878168106,0.4549490809440613,0.04425608739256859,0.019892264157533646,hidden_high_friction,1,0.5818015933036804,0.0,0.4696657657623291,0.2596350312232971,0.5229417085647583,-0.06332056224346161,0.3273204267024994,nan,nan,0.505592942237854,0.0,0.46023809909820557,0.2643568515777588,0.4864097237586975,-0.06079402193427086,0.3262024521827698,0.5821740031242371,0.0,0.48899734020233154,0.2784794867038727,0.5179715752601624,-0.03500639647245407,0.3148220479488373,0.5818015933036804,0.0,0.4696657657623291,0.2596350312232971,0.5229417085647583,-0.06332056224346161,0.3273204267024994,phase3_10b_future_rollout_audit_no_phase4_no_cps
phase39b_xy_only_high_weight,hidden_high_friction,310000,0,1,0.0,0.0,0.0,0,0.0,nan,nan,0.08638539165258408,0.03788250684738159,0.45292243361473083,0.04677925258874893,0.022316455841064453,hidden_high_friction,1,0.3655632436275482,0.0,0.5118563175201416,0.11018726974725723,0.561308741569519,0.05482897907495499,0.07422993332147598,0.15528900921344757,0.12422295659780502,0.2784639298915863,0.0,0.4769253730773926,0.1586550772190094,0.4989697337150574,-0.0005992241203784943,0.16077277064323425,0.39885759353637695,0.0,0.5011461973190308,0.11132132261991501,0.5417941212654114,0.06031161546707153,0.06522456556558609,0.3655632436275482,0.0,0.5118563175201416,0.11018726974725723,0.561308741569519,0.05482897907495499,0.07422993332147598,phase3_10b_future_rollout_audit_no_phase4_no_cps
phase39b_xy_only_high_weight,hidden_high_friction,310000,0,2,0.0,0.0,0.0,0,0.0,nan,nan,0.07764718681573868,0.03716198354959488,0.45746469497680664,0.050102509558200836,0.023119404911994934,free,0,0.17721134424209595,0.0,0.5091867446899414,0.029511263594031334,0.5454954504966736,-0.04268339276313782,0.08081082999706268,0.08072015643119812,0.09878624975681305,0.23304787278175354,0.0,0.4911666214466095,0.032333191484212875,0.5048925280570984,-0.10028509050607681,0.1333266943693161,0.20443998277187347,0.0,0.520496129989624,0.041547201573848724,0.5333062410354614,-0.02820543572306633,0.07091917097568512,0.17721134424209595,0.0,0.5091867446899414,0.029511263594031334,0.5454954504966736,-0.04268339276313782,0.08081082999706268,phase3_10b_future_rollout_audit_no_phase4_no_cps
phase39b_xy_only_high_weight,hidden_high_friction,310000,0,3,0.0,0.0,0.0,0,0.0,nan,nan,0.05540286377072334,0.03827466443181038,0.4556334316730499,0.046843186020851135,0.020920587703585625,hidden_high_friction,1,0.2392387092113495,0.0,0.536727786064148,-0.014855972491204739,0.5236175060272217,-0.050612904131412506,0.03808460757136345,0.05222030729055405,0.023270616307854652,0.09784546494483948,0.0,0.5269983410835266,-0.00269240140914917,0.5083110332489014,-0.06502938270568848,0.0650777593255043,0.3230888545513153,0.0,0.5420395731925964,-0.02803095057606697,0.5316239595413208,-0.04896392300724983,0.0233810693025589,0.2392387092113495,0.0,0.536727786064148,-0.014855972491204739,0.5236175060272217,-0.050612904131412506,0.03808460757136345,phase3_10b_future_rollout_audit_no_phase4_no_cps
phase39b_xy_only_high_weight,hidden_high_friction,310000,0,4,0.0,0.0,0.0,0,0.0,nan,nan,0.046597715467214584,0.038481514900922775,0.4610896408557892,0.0499633327126503,0.02269074134528637,hidden_high_friction,1,0.17845752835273743,0.0,0.5409297943115234,-0.00909321941435337,0.514693021774292,-0.0248335599899292,0.030596185475587845,0.007132054306566715,0.0272804144769907,0.039216723293066025,0.0,0.5289250016212463,-0.02266695722937584,0.49365416169166565,-0.022915255278348923,0.03527171537280083,0.25371772050857544,0.0,0.5359499454498291,-0.013945341110229492,0.5103956460952759,-0.02052009105682373,0.02638654038310051,0.17845752835273743,0.0,0.5409297943115234,-0.00909321941435337,0.514693021774292,-0.0248335599899292,0.030596185475587845,phase3_10b_future_rollout_audit_no_phase4_no_cps
phase39b_xy_only_high_weight,hidden_high_friction,310000,0,5,0.0,0.0,0.0,0,0.0,nan,nan,0.04420978203415871,0.03883585333824158,0.4564521610736847,0.0450538732111454,0.020960522815585136,hidden_high_friction,1,0.27754485607147217,0.0,0.5576631426811218,0.012179406359791756,0.5198748707771301,0.03334583342075348,0.04331248253583908,0.027065282687544823,0.05840970203280449,0.170370951294899,0.0,0.5406569838523865,-0.03523198515176773,0.48606082797050476,0.04857220500707626,0.1000194102525711,0.29367169737815857,0.0,0.5456070899963379,0.012870470061898232,0.49477192759513855,0.03479403257369995,0.05536114424467087,0.27754485607147217,0.0,0.5576631426811218,0.012179406359791756,0.5198748707771301,0.03334583342075348,0.04331248253583908,phase3_10b_future_rollout_audit_no_phase4_no_cps
phase39b_xy_only_high_weight,hidden_high_friction,310000,0,6,0.0,0.0,0.0,0,0.0,nan,nan,0.04799243062734604,0.037417277693748474,0.45962855219841003,0.05143062770366669,0.02306339517235756,hidden_high_friction,1,0.24118702113628387,0.0,0.5612214803695679,0.010612251237034798,0.5410559773445129,0.002912726253271103,0.021585416048765182,0.003888153936713934,0.03707847371697426,0.15332303941249847,0.0,0.5469610691070557,-0.045475054532289505,0.5031436681747437,-0.024934981018304825,0.04839276149868965,0.23427210748195648,0.0,0.5581126809120178,0.01617300696671009,0.5371172428131104,0.00410296767950058,0.024217644706368446,0.24118702113628387,0.0,0.5612214803695679,0.010612251237034798,0.5410559773445129,0.002912726253271103,0.021585416048765182,phase3_10b_future_rollout_audit_no_phase4_no_cps
phase39b_xy_only_high_weight,hidden_high_friction,310000,0,7,0.0,0.0,0.0,0,0.0,nan,nan,0.04805045202374458,0.038297589868307114,0.46032044291496277,0.04930558055639267,0.025650471448898315,hidden_breakaway_pin,0,0.15557579696178436,0.0,0.5433389544487,-0.032081179320812225,0.5335455536842346,-0.043454669415950775,0.015008896589279175,0.04628729447722435,0.04697171226143837,0.11026223748922348,0.0,0.533536434173584,-0.04483899846673012,0.5108276605606079,-0.023496661335229874,0.03116382099688053,0.27412155270576477,0.0,0.5356379747390747,-0.036569904536008835,0.5499422550201416,-0.04019797220826149,0.01475721225142479,0.15557579696178436,0.0,0.5433389544487,-0.032081179320812225,0.5335455536842346,-0.043454669415950775,0.015008896589279175,phase3_10b_future_rollout_audit_no_phase4_no_cps
phase39b_xy_only_high_weight,hidden_high_friction,310000,0,8,0.0,0.0,0.0,0,0.0,nan,nan,0.043717797845602036,0.036436308175325394,0.4548204243183136,0.05533064529299736,0.02599566988646984,hidden_high_friction,1,0.22661544382572174,0.0,0.5378211736679077,0.003341902047395706,0.536592423915863,-0.015510805882513523,0.01889270730316639,0.03585025295615196,0.028109481558203697,0.11331021040678024,0.0,0.527892529964447,-0.04170903190970421,0.4965139925479889,-0.029226183891296387,0.03377031162381172,0.4429328441619873,0.0,0.5358657836914062,-0.020383525639772415,0.528791606426239,-0.020634889602661133,0.007078642025589943,0.22661544382572174,0.0,0.5378211736679077,0.003341902047395706,0.536592423915863,-0.015510805882513523,0.01889270730316639,phase3_10b_future_rollout_audit_no_phase4_no_cps
phase39b_xy_only_high_weight,hidden_high_friction,310000,0,9,0.0,0.0,0.0,0,0.0,nan,nan,0.04403146728873253,0.03650044649839401,0.4632023572921753,0.05302633345127106,0.025171462446451187,hidden_high_friction,1,0.3050106465816498,0.0,0.5399129390716553,-0.014636363834142685,0.4992421567440033,-0.03600940853357315,0.04594474285840988,0.018099544569849968,0.042605575174093246,0.07922905683517456,0.0,0.5376230478286743,-0.026392750442028046,0.4746971130371094,-0.03428756445646286,0.06341925263404846,0.332902193069458,0.0,0.5330026149749756,0.0033376365900039673,0.49174410104751587,-0.028409987688064575,0.052059356123209,0.3050106465816498,0.0,0.5399129390716553,-0.014636363834142685,0.4992421567440033,-0.03600940853357315,0.04594474285840988,phase3_10b_future_rollout_audit_no_phase4_no_cps
phase39b_xy_only_high_weight,hidden_high_friction,310000,0,10,0.0,0.0,0.0,0,0.0,nan,nan,0.04571991413831711,0.03674501180648804,0.46192046999931335,0.05462924763560295,0.028368493542075157,hidden_breakaway_pin,0,0.18526622653007507,0.0,0.5199095010757446,-0.03063715063035488,0.4833313822746277,-0.07796646654605865,0.059816572815179825,0.025615673512220383,0.04487256705760956,0.09754226356744766,0.0,0.5406696200370789,-0.05815686658024788,0.47253647446632385,-0.05412380397319794,0.06825240701436996,0.30087557435035706,0.0,0.5268062353134155,-0.031063558533787727,0.4840168058872223,-0.08508706092834473,0.0689164251089096,0.18526622653007507,0.0,0.5199095010757446,-0.03063715063035488,0.4833313822746277,-0.07796646654605865,0.059816572815179825,phase3_10b_future_rollout_audit_no_phase4_no_cps
phase39b_xy_only_high_weight,hidden_high_friction,310000,0,11,0.0,0.0,0.0,0,0.0,nan,nan,0.0429820641875267,0.025318242609500885,0.46656283736228943,0.0761687159538269,0.03806613013148308,hidden_breakaway_pin,0,0.34682250022888184,0.0,0.49310362339019775,-0.05866044759750366,0.4215342700481415,-0.08640379458665848,0.0767584890127182,0.03877963498234749,0.06237043812870979,0.30840352177619934,0.0,0.4908263683319092,-0.06252901256084442,0.4517202079296112,-0.10479138791561127,0.057579509913921356,0.3307306170463562,0.0,0.5013657808303833,-0.0754622370004654,0.4428881108760834,-0.07450421899557114,0.05848551541566849,0.34682250022888184,0.0,0.49310362339019775,-0.05866044759750366,0.4215342700481415,-0.08640379458665848,0.0767584890127182,phase3_10b_future_rollout_audit_no_phase4_no_cps
phase39b_xy_only_high_weight,hidden_high_friction,310000,0,12,0.0,0.0,0.0,0,0.0,nan,nan,0.04194316267967224,0.02379116602241993,0.46618878841400146,0.0777631625533104,0.03970537707209587,hidden_high_friction,1,0.22602008283138275,0.0,0.5005646347999573,-0.03333002328872681,0.4933117628097534,-0.052689939737319946,0.020673910155892372,0.026406383141875267,0.0793009027838707,0.34915491938591003,0.0,0.4713815450668335,-0.009543770924210548,0.4818502366542816,-0.007068094797432423,0.010757437907159328,0.23604325950145721,0.0,0.5017713308334351,-0.039622969925403595,0.4858812987804413,-0.06582629680633545,0.030644860118627548,0.22602008283138275,0.0,0.5005646347999573,-0.03333002328872681,0.4933117628097534,-0.052689939737319946,0.020673910155892372,phase3_10b_future_rollout_audit_no_phase4_no_cps
phase39b_xy_only_high_weight,hidden_high_friction,310000,0,13,0.0,0.0,0.0,0,0.0,nan,nan,0.04644398018717766,0.023710325360298157,0.4654729962348938,0.08084806799888611,0.04063987731933594,hidden_high_friction,1,0.24984227120876312,0.0,0.5493878126144409,-0.039297979325056076,0.5461308360099792,-0.07774800062179565,0.038587719202041626,0.049186576157808304,0.05846162140369415,0.3209083676338196,0.0,0.572001039981842,-0.06271161139011383,0.5638859272003174,-0.08323073387145996,0.022065572440624237,0.3672570288181305,0.0,0.5710055232048035,-0.02144073136150837,0.5577976703643799,-0.08818832784891129,0.06804181635379791,0.24984227120876312,0.0,0.5493878126144409,-0.039297979325056076,0.5461308360099792,-0.07774800062179565,0.038587719202041626,phase3_10b_future_rollout_audit_no_phase4_no_cps
phase39b_xy_only_high_weight,hidden_high_friction,310000,0,14,0.0,0.0,0.0,0,0.0,nan,nan,0.0465887151658535,0.02109011821448803,0.4719502627849579,0.08332580327987671,0.04081926867365837,hidden_high_friction,1,0.3837697505950928,0.0,0.48021364212036133,-0.14185988903045654,0.5054324269294739,-0.16953584551811218,0.037442564964294434,0.12370938062667847,0.10040602087974548,0.4055554270744324,0.0,0.5213183164596558,-0.06909757107496262,0.5485151410102844,-0.053102459758520126,0.03155171871185303,0.2533387839794159,0.0,0.5112202167510986,-0.10221907496452332,0.5399459600448608,-0.15659411251544952,0.06149644777178764,0.3837697505950928,0.0,0.48021364212036133,-0.14185988903045654,0.5054324269294739,-0.16953584551811218,0.037442564964294434,phase3_10b_future_rollout_audit_no_phase4_no_cps
phase39b_xy_only_high_weight,hidden_high_friction,310000,0,15,0.0,0.0,0.0,0,0.0,nan,nan,0.036768462508916855,0.020666789263486862,0.45117461681365967,0.08421829342842102,0.04164104163646698,hidden_high_friction,1,0.3183961808681488,0.0,0.5365891456604004,0.025607937946915627,0.5917962789535522,0.03464546799659729,0.055941976606845856,0.17670221626758575,0.22169511020183563,0.4299316704273224,0.0,0.5232786536216736,-0.045921824872493744,0.5695214867591858,0.030215416103601456,0.08908019214868546,0.40378376841545105,0.0,0.5560176968574524,0.04460854083299637,0.581127405166626,0.03288867324590683,0.02771015651524067,0.3183961808681488,0.0,0.5365891456604004,0.025607937946915627,0.5917962789535522,0.03464546799659729,0.055941976606845856,phase3_10b_future_rollout_audit_no_phase4_no_cps
phase39b_xy_only_high_weight,hidden_high_friction,310001,1,0,0.0,0.125,0.125,0,0.125,nan,nan,0.02417948842048645,0.03981863707304001,0.45467281341552734,0.04349718987941742,0.019706513732671738,hidden_high_friction,1,0.5748825669288635,0.0,0.3224334716796875,-0.24665793776512146,0.5709951519966125,0.011093851178884506,0.35807666182518005,nan,nan,0.6743455529212952,0.0,0.3042498230934143,-0.24943000078201294,0.5345176458358765,0.07061503827571869,0.39427414536476135,0.5604093670845032,0.0,0.3203437924385071,-0.21564550697803497,0.5631161332130432,0.015264470130205154,0.33504897356033325,0.5748825669288635,0.0,0.3224334716796875,-0.24665793776512146,0.5709951519966125,0.011093851178884506,0.35807666182518005,phase3_10b_future_rollout_audit_no_phase4_no_cps
phase39b_xy_only_high_weight,hidden_high_friction,310001,1,1,0.125,0.125,0.0,0,0.0,nan,nan,0.08934638649225235,0.037744347006082535,0.4565390348434448,0.04910828545689583,0.022907158359885216,free,0,0.31775546073913574,0.0,0.4287894368171692,-0.1795949637889862,0.5494551658630371,-0.03816680237650871,0.1859089583158493,0.12573397159576416,0.05376414209604263,0.5575408339500427,0.0,0.3778037130832672,-0.1757022589445114,0.5104565620422363,-0.046367097645998,0.1852683573961258,0.30385708808898926,0.0,0.42364001274108887,-0.1714276373386383,0.5294439792633057,-0.02783103846013546,0.17836609482765198,0.31775546073913574,0.0,0.4287894368171692,-0.1795949637889862,0.5494551658630371,-0.03816680237650871,0.1859089583158493,phase3_10b_future_rollout_audit_no_phase4_no_cps
phase39b_xy_only_high_weight,hidden_high_friction,310001,1,2,0.125,0.125,0.0,0,0.0,nan,nan,0.06548267602920532,0.037160683423280716,0.4535270631313324,0.048387859016656876,0.02220090851187706,hidden_high_friction,1,0.2669587731361389,0.0,0.4772232174873352,-0.09112571179866791,0.5266489386558533,0.026553582400083542,0.12763746082782745,0.10085950791835785,0.06862107664346695,0.596688449382782,0.0,0.4364861249923706,-0.09165076911449432,0.4954955279827118,0.08809256553649902,0.1891818642616272,0.330813467502594,0.0,0.47870689630508423,-0.0999462828040123,0.4943283200263977,-0.002752155065536499,0.09844148904085159,0.2669587731361389,0.0,0.4772232174873352,-0.09112571179866791,0.5266489386558533,0.026553582400083542,0.12763746082782745,phase3_10b_future_rollout_audit_no_phase4_no_cps
phase39b_xy_only_high_weight,hidden_high_friction,310001,1,3,0.125,0.125,0.0,0,0.0,nan,nan,0.040846433490514755,0.03273892402648926,0.45646530389785767,0.06165514141321182,0.030053209513425827,hidden_high_friction,1,0.2569887042045593,0.0,0.5343309640884399,-0.0007572919130325317,0.5265206098556519,0.01845509186387062,0.020739270374178886,0.10690063238143921,0.008099506609141827,0.23136454820632935,0.0,0.49582308530807495,-0.057715147733688354,0.5086833834648132,0.06701921671628952,0.12539556622505188,0.3793288469314575,0.0,0.5271770358085632,0.015600314363837242,0.5015959143638611,-0.03057899884879589,0.05279131233692169,0.2569887042045593,0.0,0.5343309640884399,-0.0007572919130325317,0.5265206098556519,0.01845509186387062,0.020739270374178886,phase3_10b_future_rollout_audit_no_phase4_no_cps
phase39b_xy_only_high_weight,hidden_high_friction,310001,1,4,0.125,0.125,0.0,0,0.0,nan,nan,0.036260005086660385,0.02813836559653282,0.4598996639251709,0.06933430582284927,0.034180641174316406,hidden_high_friction,1,0.281646192073822,0.0,0.5647736191749573,0.0794358029961586,0.5309436917304993,0.10528519749641418,0.04257528856396675,0.08577696233987808,0.08694269508123398,0.28535196185112,0.0,0.5091752409934998,-0.012293141335248947,0.5081385970115662,0.08418085426092148,0.09647955745458603,0.27244803309440613,0.0,0.5529466271400452,0.07995038479566574,0.5171281099319458,0.09045032411813736,0.037325795739889145,0.281646192073822,0.0,0.5647736191749573,0.0794358029961586,0.5309436917304993,0.10528519749641418,0.04257528856396675,phase3_10b_future_rollout_audit_no_phase4_no_cps
phase39b_xy_only_high_weight,hidden_high_friction,310001,1,5,0.125,0.125,0.0,0,0.0,nan,nan,0.04404980316758156,0.0236072801053524,0.45501506328582764,0.07474502176046371,0.03864246979355812,hidden_high_friction,1,0.2472592443227768,0.0,0.5040396451950073,-0.028895758092403412,0.5434551239013672,-0.03186561167240143,0.039527203887701035,0.12419477850198746,0.13772030174732208,0.39596956968307495,0.0,0.5205250978469849,-0.0628192350268364,0.5346778631210327,0.01602310687303543,0.08010253310203552,0.3455599248409271,0.0,0.5130701661109924,-0.032461680471897125,0.5476139783859253,-0.02934969775378704,0.0346837043762207,0.2472592443227768,0.0,0.5040396451950073,-0.028895758092403412,0.5434551239013672,-0.03186561167240143,0.039527203887701035,phase3_10b_future_rollout_audit_no_phase4_no_cps
phase39b_xy_only_high_weight,hidden_high_friction,310001,1,6,0.125,0.125,0.0,0,0.0,nan,nan,0.0542815700173378,0.02531258948147297,0.46048349142074585,0.07598605751991272,0.037160083651542664,free,0,0.3662273585796356,0.0,0.524820864200592,-0.06928654760122299,0.5875676274299622,-0.05642152950167656,0.064052052795887,0.04542328417301178,0.050486691296100616,0.39066416025161743,0.0,0.5072752237319946,-0.0685199499130249,0.5669600963592529,0.02829127386212349,0.11373080313205719,0.3316155672073364,0.0,0.5109624862670898,-0.11806492507457733,0.5983054637908936,-0.07570445537567139,0.09707318991422653,0.3662273585796356,0.0,0.524820864200592,-0.06928654760122299,0.5875676274299622,-0.05642152950167656,0.064052052795887,phase3_10b_future_rollout_audit_no_phase4_no_cps
phase39b_xy_only_high_weight,hidden_high_friction,310001,1,7,0.125,0.125,0.0,0,0.0,nan,nan,0.050107669085264206,0.02673194371163845,0.4555540978908539,0.07252625375986099,0.03581370785832405,hidden_high_friction,1,0.405460923910141,0.0,0.484701007604599,-0.04473279416561127,0.538428783416748,-0.028598599135875702,0.056098006665706635,0.04703710973262787,0.056468941271305084,0.5081342458724976,0.0,0.4918481409549713,-0.020686637610197067,0.5073167085647583,0.05200310796499252,0.07431739568710327,0.3575652539730072,0.0,0.5155733823776245,-0.04223505035042763,0.5511444807052612,-0.041834596544504166,0.03557335212826729,0.405460923910141,0.0,0.484701007604599,-0.04473279416561127,0.538428783416748,-0.028598599135875702,0.056098006665706635,phase3_10b_future_rollout_audit_no_phase4_no_cps
phase39b_xy_only_high_weight,hidden_high_friction,310001,1,8,0.125,0.125,0.0,0,0.0,nan,nan,0.04643627628684044,0.03948243334889412,0.45755821466445923,0.043798673897981644,0.01919412612915039,hidden_high_friction,1,0.2836901545524597,0.0,0.5103181004524231,-0.03535245358943939,0.553942084312439,-0.027646610513329506,0.04429934546351433,0.02728050947189331,0.01554248295724392,0.33847689628601074,0.0,0.5067827105522156,-0.05501004308462143,0.5473089218139648,0.03709625452756882,0.10062775015830994,0.3043094575405121,0.0,0.5302806496620178,-0.029171252623200417,0.563374400138855,-0.05850672721862793,0.044224049896001816,0.2836901545524597,0.0,0.5103181004524231,-0.03535245358943939,0.553942084312439,-0.027646610513329506,0.04429934546351433,phase3_10b_future_rollout_audit_no_phase4_no_cps
phase39b_xy_only_high_weight,hidden_high_friction,310001,1,9,0.125,0.125,0.0,0,0.0,nan,nan,0.044353947043418884,0.03565864637494087,0.45505383610725403,0.0546162985265255,0.027803368866443634,hidden_breakaway_pin,0,0.22116036713123322,0.0,0.5042092204093933,-0.0516396164894104,0.5217503905296326,-0.061217717826366425,0.019985811784863472,0.01739511638879776,0.04651155322790146,0.290414035320282,0.0,0.5002256035804749,-0.04338030144572258,0.5311218500137329,0.0016775168478488922,0.054633185267448425,0.2562350928783417,0.0,0.520546019077301,-0.03312419727444649,0.5155529379844666,-0.07554632425308228,0.042714957147836685,0.22116036713123322,0.0,0.5042092204093933,-0.0516396164894104,0.5217503905296326,-0.061217717826366425,0.019985811784863472,phase3_10b_future_rollout_audit_no_phase4_no_cps
phase39b_xy_only_high_weight,hidden_high_friction,310001,1,10,0.125,0.125,0.0,0,0.0,nan,nan,0.04508819431066513,0.03343232348561287,0.46598103642463684,0.062284596264362335,0.03132837638258934,hidden_breakaway_pin,0,0.2822631299495697,0.0,0.45784130692481995,-0.07367308437824249,0.4558500051498413,-0.0760064423084259,0.003067546524107456,0.05133670195937157,0.06753937900066376,0.1660945564508438,0.0,0.47907793521881104,-0.06462091952562332,0.4913261830806732,0.0006030816584825516,0.06636407226324081,0.2580116391181946,0.0,0.4818982481956482,-0.07032595574855804,0.45711156725883484,-0.1072942242026329,0.04450879245996475,0.2822631299495697,0.0,0.45784130692481995,-0.07367308437824249,0.4558500051498413,-0.0760064423084259,0.003067546524107456,phase3_10b_future_rollout_audit_no_phase4_no_cps
phase39b_xy_only_high_weight,hidden_high_friction,310001,1,11,0.125,0.125,0.0,0,0.0,nan,nan,0.04602602496743202,0.03173651546239853,0.45521825551986694,0.06017742305994034,0.029633065685629845,hidden_high_friction,1,0.27446550130844116,0.0,0.5582016706466675,4.219263792037964e-05,0.5847695469856262,-0.00042614154517650604,0.026572003960609436,0.12452366948127747,0.14944106340408325,0.2293141633272171,0.0,0.5169126987457275,-0.08180682361125946,0.5692739486694336,0.012570647522807121,0.10792963951826096,0.23151102662086487,0.0,0.5473530292510986,-0.003304688259959221,0.5823627710342407,-0.0031983572989702225,0.035009901970624924,0.27446550130844116,0.0,0.5582016706466675,4.219263792037964e-05,0.5847695469856262,-0.00042614154517650604,0.026572003960609436,phase3_10b_future_rollout_audit_no_phase4_no_cps
phase39b_xy_only_high_weight,hidden_high_friction,310001,1,12,0.125,0.125,0.0,0,0.0,nan,nan,0.046227164566516876,0.028960926458239555,0.46612152457237244,0.07153423875570297,0.03489360585808754,hidden_high_friction,1,0.39825958013534546,0.0,0.47794708609580994,-0.1115473210811615,0.5071032643318176,-0.108952596783638,0.029271407052874565,0.1374518722295761,0.13345427811145782,0.18635211884975433,0.0,0.5310642719268799,-0.07539436221122742,0.5354544520378113,-0.020314890891313553,0.05525415763258934,0.23788169026374817,0.0,0.5094240307807922,-0.09364820271730423,0.5288852453231812,-0.13441255688667297,0.045171577483415604,0.39825958013534546,0.0,0.47794708609580994,-0.1115473210811615,0.5071032643318176,-0.108952596783638,0.029271407052874565,phase3_10b_future_rollout_audit_no_phase4_no_cps
phase39b_xy_only_high_weight,hidden_high_friction,310001,1,13,0.125,0.125,0.0,0,0.0,nan,nan,0.04429396614432335,0.02759423665702343,0.45865046977996826,0.07075770944356918,0.035549890249967575,hidden_breakaway_pin,0,0.4017578959465027,0.0,0.5157666206359863,-0.0861433669924736,0.5503136515617371,-0.11276374757289886,0.043613553047180176,0.045559611171483994,0.043378133326768875,0.331717848777771,0.0,0.5259788036346436,-0.07796882092952728,0.5606002807617188,-0.025453729555010796,0.06290056556463242,0.3215906023979187,0.0,0.5256380438804626,-0.06136714667081833,0.5652691125869751,-0.1143566146492958,0.06617027521133423,0.4017578959465027,0.0,0.5157666206359863,-0.0861433669924736,0.5503136515617371,-0.11276374757289886,0.043613553047180176,phase3_10b_future_rollout_audit_no_phase4_no_cps
phase39b_xy_only_high_weight,hidden_high_friction,310001,1,14,0.125,0.125,0.0,0,0.0,nan,nan,0.043457843363285065,0.028327589854598045,0.46337953209877014,0.06964271515607834,0.03322365880012512,free,0,0.2595411539077759,0.0,0.5219247937202454,-0.06250863522291183,0.5691899061203003,-0.09660325944423676,0.05827893316745758,0.024423833936452866,0.02484903112053871,0.40941572189331055,0.0,0.5146192312240601,-0.11740514636039734,0.5712367296218872,-0.045460671186447144,0.0915507972240448,0.28514963388442993,0.0,0.5141925811767578,-0.06456801295280457,0.5802022218704224,-0.13006678223609924,0.09299119561910629,0.2595411539077759,0.0,0.5219247937202454,-0.06250863522291183,0.5691899061203003,-0.09660325944423676,0.05827893316745758,phase3_10b_future_rollout_audit_no_phase4_no_cps
phase39b_xy_only_high_weight,hidden_high_friction,310001,1,15,0.125,0.125,0.0,0,0.0,nan,nan,0.039555974304676056,0.03864094614982605,0.4588527977466583,0.046085577458143234,0.023886853829026222,hidden_breakaway_pin,0,0.2141912579536438,0.0,0.5068497061729431,-0.044148825109004974,0.519793689250946,-0.04433956742286682,0.012945388443768024,0.023755861446261406,0.07191300392150879,0.24743738770484924,0.0,0.5148505568504333,-0.05493674427270889,0.5356903076171875,-0.008252156898379326,0.05112480744719505,0.18193568289279938,0.0,0.5180774331092834,-0.012110128067433834,0.51601243019104,-0.046798381954431534,0.03474966436624527,0.2141912579536438,0.0,0.5068497061729431,-0.044148825109004974,0.519793689250946,-0.04433956742286682,0.012945388443768024,phase3_10b_future_rollout_audit_no_phase4_no_cps
phase39b_xy_only_high_weight,hidden_high_friction,310002,2,0,0.0,0.0,0.0,0,0.0,nan,nan,0.012239458970725536,0.03927729278802872,0.453857958316803,0.04587041586637497,0.020422600209712982,hidden_high_friction,1,0.7041327953338623,0.0,0.31093454360961914,-0.3930782079696655,0.5659145712852478,0.021930105984210968,0.48707979917526245,nan,nan,0.9019383788108826,0.0,0.3103681802749634,-0.37383735179901123,0.5424550175666809,0.07399611175060272,0.5043997764587402,0.7300094962120056,0.0,0.31337594985961914,-0.40355628728866577,0.5554431080818176,0.02284182608127594,0.4903181195259094,0.7041327953338623,0.0,0.31093454360961914,-0.3930782079696655,0.5659145712852478,0.021930105984210968,0.48707979917526245,phase3_10b_future_rollout_audit_no_phase4_no_cps
phase39b_xy_only_high_weight,hidden_high_friction,310002,2,1,0.0,0.0,0.0,0,0.0,nan,nan,0.11781788617372513,0.03805256634950638,0.4538894593715668,0.04811858385801315,0.021349478513002396,hidden_high_friction,1,0.4284493625164032,0.0,0.4053722620010376,-0.2442712038755417,0.5218157172203064,-0.025563111528754234,0.24777470529079437,0.17624416947364807,0.06480983644723892,0.8800746202468872,0.0,0.3597555458545685,-0.27026116847991943,0.43839988112449646,-0.019216835498809814,0.26307448744773865,0.41836097836494446,0.0,0.38669246435165405,-0.23925572633743286,0.4998508095741272,0.009146817028522491,0.27296268939971924,0.4284493625164032,0.0,0.4053722620010376,-0.2442712038755417,0.5218157172203064,-0.025563111528754234,0.24777470529079437,phase3_10b_future_rollout_audit_no_phase4_no_cps
phase39b_xy_only_high_weight,hidden_high_friction,310002,2,2,0.0,0.0,0.0,0,0.0,nan,nan,0.10188817977905273,0.037840962409973145,0.4603005349636078,0.0526488795876503,0.023728711530566216,hidden_high_friction,1,0.3205745816230774,0.0,0.4628918170928955,-0.13070563971996307,0.5169668197631836,0.005079001188278198,0.14615599811077118,0.12730136513710022,0.03102339245378971,0.6968939304351807,0.0,0.4379887580871582,-0.15326419472694397,0.47844943404197693,0.12022151798009872,0.27646249532699585,0.32830169796943665,0.0,0.44220083951950073,-0.11845189332962036,0.4855943024158478,0.043594300746917725,0.16775566339492798,0.3205745816230774,0.0,0.4628918170928955,-0.13070563971996307,0.5169668197631836,0.005079001188278198,0.14615599811077118,phase3_10b_future_rollout_audit_no_phase4_no_cps
phase39b_xy_only_high_weight,hidden_high_friction,310002,2,3,0.0,0.0,0.0,0,0.0,nan,nan,0.042358167469501495,0.03881152719259262,0.45730650424957275,0.047236524522304535,0.024295421317219734,hidden_breakaway_pin,0,0.12168744206428528,0.0,0.5108881592750549,-0.01636391691863537,0.5230422019958496,-0.05203372985124588,0.0376836322247982,0.12400676310062408,0.05743495747447014,0.35823532938957214,0.0,0.49178072810173035,-0.081258624792099,0.44726261496543884,0.037246160209178925,0.12659086287021637,0.21495403349399567,0.0,0.4764910042285919,-0.010604579001665115,0.4541107416152954,-0.03135143220424652,0.030517341569066048,0.12168744206428528,0.0,0.5108881592750549,-0.01636391691863537,0.5230422019958496,-0.05203372985124588,0.0376836322247982,phase3_10b_future_rollout_audit_no_phase4_no_cps
phase39b_xy_only_high_weight,hidden_high_friction,310002,2,4,0.0,0.0,0.0,0,0.0,nan,nan,0.04405484348535538,0.03878587856888771,0.4604085385799408,0.04787435382604599,0.02526741661131382,hidden_breakaway_pin,0,0.06956867128610611,0.0,0.5215610861778259,-0.020816510543227196,0.5177031755447388,-0.0495879240334034,0.029028911143541336,0.011564469896256924,0.005872577894479036,0.3852595388889313,0.0,0.4887998104095459,-0.03859378397464752,0.4580363631248474,-0.0130592817440629,0.039980001747608185,0.14373010396957397,0.0,0.49242401123046875,-0.01033884845674038,0.46458858251571655,-0.047654494643211365,0.04655392840504646,0.06956867128610611,0.0,0.5215610861778259,-0.020816510543227196,0.5177031755447388,-0.0495879240334034,0.029028911143541336,phase3_10b_future_rollout_audit_no_phase4_no_cps
phase39b_xy_only_high_weight,hidden_high_friction,310002,2,5,0.0,0.0,0.0,0,0.0,nan,nan,0.033604878932237625,0.03917113319039345,0.4619666635990143,0.045725397765636444,0.023987794294953346,hidden_breakaway_pin,0,0.12375020980834961,0.0,0.5037544965744019,-0.06316760182380676,0.49556103348731995,-0.04951454699039459,0.015922900289297104,0.045942239463329315,0.022142263129353523,0.3137752115726471,0.0,0.5006449818611145,-0.06300854682922363,0.4694218933582306,0.005843780934810638,0.07560108602046967,0.1581951081752777,0.0,0.48080652952194214,-0.04546545445919037,0.4607517123222351,-0.026122355833649635,0.02786307968199253,0.12375020980834961,0.0,0.5037544965744019,-0.06316760182380676,0.49556103348731995,-0.04951454699039459,0.015922900289297104,phase3_10b_future_rollout_audit_no_phase4_no_cps
phase39b_xy_only_high_weight,hidden_high_friction,310002,2,6,0.0,0.0,0.0,0,0.0,nan,nan,0.02751069702208042,0.03994601219892502,0.45305177569389343,0.042054153978824615,0.018692923709750175,hidden_high_friction,1,0.21813806891441345,0.0,0.504974365234375,-0.046766191720962524,0.5355265140533447,-0.0052233245223760605,0.05156785249710083,0.016446711495518684,0.05965695157647133,0.3379839062690735,0.0,0.5139350891113281,-0.08441955596208572,0.4954400956630707,0.031032316386699677,0.11692390590906143,0.1519106924533844,0.0,0.48396629095077515,-0.05712310969829559,0.49200639128685,0.014656227082014084,0.07222823053598404,0.21813806891441345,0.0,0.504974365234375,-0.046766191720962524,0.5355265140533447,-0.0052233245223760605,0.05156785249710083,phase3_10b_future_rollout_audit_no_phase4_no_cps
phase39b_xy_only_high_weight,hidden_high_friction,310002,2,7,0.0,0.0,0.0,0,0.0,nan,nan,0.024400619789958,0.03985096141695976,0.4577963054180145,0.043366532772779465,0.01833435706794262,hidden_high_friction,1,0.18294808268547058,0.0,0.5130564570426941,-0.045686036348342896,0.54905766248703,-0.034467145800590515,0.03770875558257103,0.008153952658176422,0.03222255781292915,0.31392762064933777,0.0,0.5140663981437683,-0.08180344104766846,0.5019519925117493,0.00278560072183609,0.0854521170258522,0.12054862827062607,0.0,0.48973220586776733,-0.05253147333860397,0.5064615607261658,-0.009740736335515976,0.045944731682538986,0.18294808268547058,0.0,0.5130564570426941,-0.045686036348342896,0.54905766248703,-0.034467145800590515,0.03770875558257103,phase3_10b_future_rollout_audit_no_phase4_no_cps
phase39b_xy_only_high_weight,hidden_high_friction,310002,2,8,0.0,0.0,0.0,0,0.0,nan,nan,0.029449496418237686,0.03999829292297363,0.4545646607875824,0.04365973547101021,0.018818268552422523,hidden_high_friction,1,0.1983521580696106,0.0,0.5219926834106445,-0.0524883046746254,0.547828733921051,-0.03965932875871658,0.02884586900472641,0.01123062800616026,0.005335637833923101,0.3169483542442322,0.0,0.5181237459182739,-0.0791139304637909,0.5031403303146362,0.011314410716295242,0.09166125953197479,0.09136682748794556,0.0,0.49309444427490234,-0.04833336919546127,0.5027068257331848,-0.024351514875888824,0.02583654783666134,0.1983521580696106,0.0,0.5219926834106445,-0.0524883046746254,0.547828733921051,-0.03965932875871658,0.02884586900472641,phase3_10b_future_rollout_audit_no_phase4_no_cps
phase39b_xy_only_high_weight,hidden_high_friction,310002,2,9,0.0,0.0,0.0,0,0.0,nan,nan,0.027821682393550873,0.03958899900317192,0.46167609095573425,0.04398433864116669,0.023530980572104454,hidden_breakaway_pin,0,0.1573595106601715,0.0,0.50568687915802,-0.0685749277472496,0.5285077095031738,-0.07332728803157806,0.023310409858822823,0.02290542982518673,0.03881795331835747,0.27754804491996765,0.0,0.5117468237876892,-0.085203617811203,0.4878065288066864,-0.02786087617278099,0.06213958561420441,0.14133302867412567,0.0,0.481875479221344,-0.054613448679447174,0.48930779099464417,-0.04316794127225876,0.013646937906742096,0.1573595106601715,0.0,0.50568687915802,-0.0685749277472496,0.5285077095031738,-0.07332728803157806,0.023310409858822823,phase3_10b_future_rollout_audit_no_phase4_no_cps
phase39b_xy_only_high_weight,hidden_high_friction,310002,2,10,0.0,0.0,0.0,0,0.0,nan,nan,0.027225175872445107,0.03934434428811073,0.4548610746860504,0.040595512837171555,0.018690040335059166,hidden_high_friction,1,0.18630290031433105,0.0,0.49998122453689575,-0.032211996614933014,0.5300862193107605,-0.021212123334407806,0.03205164521932602,0.036807842552661896,0.05213906615972519,0.33448562026023865,0.0,0.5025712251663208,-0.08671604096889496,0.48961326479911804,0.0213821679353714,0.10887208580970764,0.12638632953166962,0.0,0.4824911653995514,-0.02638193592429161,0.47886747121810913,0.002282269299030304,0.02889234945178032,0.18630290031433105,0.0,0.49998122453689575,-0.032211996614933014,0.5300862193107605,-0.021212123334407806,0.03205164521932602,phase3_10b_future_rollout_audit_no_phase4_no_cps
phase39b_xy_only_high_weight,hidden_high_friction,310002,2,11,0.0,0.0,0.0,0,0.0,nan,nan,0.02595438063144684,0.04013954848051071,0.4553915858268738,0.04143136367201805,0.01846381463110447,hidden_high_friction,1,0.15074734389781952,0.0,0.505810558795929,-0.048187337815761566,0.5258008241653442,-0.042194169014692307,0.02086932584643364,0.017005665227770805,0.02141520194709301,0.3020300269126892,0.0,0.5044705867767334,-0.07818199694156647,0.4802361726760864,0.006951168179512024,0.08851532638072968,0.13103830814361572,0.0,0.48239582777023315,-0.04394213855266571,0.48053112626075745,-0.016274385154247284,0.027730518952012062,0.15074734389781952,0.0,0.505810558795929,-0.048187337815761566,0.5258008241653442,-0.042194169014692307,0.02086932584643364,phase3_10b_future_rollout_audit_no_phase4_no_cps
phase39b_xy_only_high_weight,hidden_high_friction,310002,2,12,0.0,0.0,0.0,0,0.0,nan,nan,0.02907426655292511,0.038944780826568604,0.4605492055416107,0.048387110233306885,0.024934425950050354,hidden_breakaway_pin,0,0.19871748983860016,0.0,0.49618038535118103,-0.08096176385879517,0.5206505060195923,-0.0677567794919014,0.02780572511255741,0.03415996581315994,0.026076288893818855,0.34712183475494385,0.0,0.4955712556838989,-0.07286837697029114,0.4741118252277374,-0.005426429212093353,0.07077375054359436,0.1537860482931137,0.0,0.47689133882522583,-0.07769615203142166,0.47656774520874023,-0.05197019875049591,0.02572798728942871,0.19871748983860016,0.0,0.49618038535118103,-0.08096176385879517,0.5206505060195923,-0.0677567794919014,0.02780572511255741,phase3_10b_future_rollout_audit_no_phase4_no_cps
phase39b_xy_only_high_weight,hidden_high_friction,310002,2,13,0.0,0.0,0.0,0,0.0,nan,nan,0.02601354382932186,0.039081819355487823,0.4567801058292389,0.044777221977710724,0.019488686695694923,hidden_high_friction,1,0.16585880517959595,0.0,0.4982456564903259,-0.03960700333118439,0.5267786979675293,-0.010633304715156555,0.04066459834575653,0.0414062961935997,0.05745124816894531,0.3279259502887726,0.0,0.5030581951141357,-0.07933646440505981,0.4896206855773926,0.02618291974067688,0.10637155175209045,0.14235833287239075,0.0,0.47959035634994507,-0.039284028112888336,0.48143091797828674,0.005118954926729202,0.044441111385822296,0.16585880517959595,0.0,0.4982456564903259,-0.03960700333118439,0.5267786979675293,-0.010633304715156555,0.04066459834575653,phase3_10b_future_rollout_audit_no_phase4_no_cps
phase39b_xy_only_high_weight,hidden_high_friction,310002,2,14,0.0,0.0,0.0,0,0.0,nan,nan,0.027217261493206024,0.03895622491836548,0.45858171582221985,0.04558547958731651,0.023662997409701347,hidden_breakaway_pin,0,0.10575015842914581,0.0,0.5017976760864258,-0.05384857952594757,0.5181170105934143,-0.047917190939188004,0.017363814637064934,0.014677852392196655,0.0382767915725708,0.28080928325653076,0.0,0.502155601978302,-0.09111160039901733,0.46675485372543335,-0.016414202749729156,0.08266144245862961,0.17839333415031433,0.0,0.47052428126335144,-0.04951325058937073,0.4609927237033844,-0.024476999416947365,0.026789259165525436,0.10575015842914581,0.0,0.5017976760864258,-0.05384857952594757,0.5181170105934143,-0.047917190939188004,0.017363814637064934,phase3_10b_future_rollout_audit_no_phase4_no_cps
phase39b_xy_only_high_weight,hidden_high_friction,310002,2,15,0.0,0.0,0.0,0,0.0,nan,nan,0.027829311788082123,0.03968866169452667,0.45739659667015076,0.04313826188445091,0.018818005919456482,hidden_high_friction,1,0.17913474142551422,0.0,0.5091947913169861,-0.05100828409194946,0.5313292741775513,-0.031186578795313835,0.02971254475414753,0.007923672907054424,0.021318472921848297,0.3198449909687042,0.0,0.5099242925643921,-0.07456623017787933,0.48901328444480896,0.007903601974248886,0.0850796326994896,0.15685750544071198,0.0,0.48422715067863464,-0.04880300164222717,0.4801873564720154,-0.011036824434995651,0.03798162564635277,0.17913474142551422,0.0,0.5091947913169861,-0.05100828409194946,0.5313292741775513,-0.031186578795313835,0.02971254475414753,phase3_10b_future_rollout_audit_no_phase4_no_cps
phase39b_xy_only_high_weight,hidden_high_friction,310003,3,0,0.0,0.125,0.125,0,0.125,nan,nan,0.023461829870939255,0.0392933115363121,0.4545629918575287,0.04292629659175873,0.018335623666644096,hidden_high_friction,1,0.48941564559936523,0.0,0.47107556462287903,-0.35316863656044006,0.5314216613769531,0.01194227859377861,0.3700643479824066,nan,nan,0.4755522608757019,0.0,0.4726896286010742,-0.31745585799217224,0.5110132694244385,-0.041364654898643494,0.2787383496761322,0.46215903759002686,0.0,0.48949044942855835,-0.3780701458454132,0.5135858058929443,0.028680335730314255,0.40746352076530457,0.48941564559936523,0.0,0.47107556462287903,-0.35316863656044006,0.5314216613769531,0.01194227859377861,0.3700643479824066,phase3_10b_future_rollout_audit_no_phase4_no_cps
phase39b_xy_only_high_weight,hidden_high_friction,310003,3,1,0.125,0.125,0.0,0,0.0,nan,nan,0.0969158262014389,0.039295002818107605,0.4585254490375519,0.0458327941596508,0.02068922482430935,hidden_high_friction,1,0.32199299335479736,0.0,0.48045140504837036,-0.19770877063274384,0.5248444080352783,0.029347393661737442,0.231355220079422,0.1557423323392868,0.018606403842568398,0.561794102191925,0.0,0.4674389958381653,-0.20273138582706451,0.5178026556968689,-0.018193136900663376,0.19128738343715668,0.37019333243370056,0.0,0.48741358518600464,-0.23347830772399902,0.5350415706634521,0.035757459700107574,0.27341604232788086,0.32199299335479736,0.0,0.48045140504837036,-0.19770877063274384,0.5248444080352783,0.029347393661737442,0.231355220079422,phase3_10b_future_rollout_audit_no_phase4_no_cps
phase39b_xy_only_high_weight,hidden_high_friction,310003,3,2,0.125,0.041666666666666664,-0.08333333333333334,0,-0.08333333333333334,nan,nan,0.07477795332670212,0.03958394378423691,0.45686864852905273,0.043929606676101685,0.020011311396956444,hidden_high_friction,1,0.24509792029857635,0.0,0.5018122792243958,-0.10404957085847855,0.5099007487297058,0.0017755962908267975,0.106133833527565,0.09606420993804932,0.03136107325553894,0.3343609869480133,0.0,0.5046423077583313,-0.1451653391122818,0.5155512094497681,0.011185718700289726,0.15673115849494934,0.2861051857471466,0.0,0.5121702551841736,-0.10602062195539474,0.5107617378234863,0.002285800874233246,0.10831557959318161,0.24509792029857635,0.0,0.5018122792243958,-0.10404957085847855,0.5099007487297058,0.0017755962908267975,0.106133833527565,phase3_10b_future_rollout_audit_no_phase4_no_cps
phase39b_xy_only_high_weight,hidden_high_friction,310003,3,3,0.041666666666666664,0.041666666666666664,0.0,0,0.0,nan,nan,0.04134007543325424,0.037257421761751175,0.4607754349708557,0.04920479282736778,0.02404191344976425,free,0,0.15823109447956085,0.0,0.49676403403282166,-0.01566711626946926,0.4768314063549042,-0.043788228183984756,0.03446892276406288,0.08852650970220566,0.056299589574337006,0.2109823226928711,0.0,0.5188805460929871,-0.08973802626132965,0.4804486036300659,-0.054634951055049896,0.05205036327242851,0.2572062015533447,0.0,0.5070506930351257,-0.031263113021850586,0.4657588005065918,-0.0575668066740036,0.0489581935107708,0.15823109447956085,0.0,0.49676403403282166,-0.01566711626946926,0.4768314063549042,-0.043788228183984756,0.03446892276406288,phase3_10b_future_rollout_audit_no_phase4_no_cps
phase39b_xy_only_high_weight,hidden_high_friction,310003,3,4,0.041666666666666664,0.041666666666666664,0.0,0,0.0,nan,nan,0.05527579411864281,0.036126237362623215,0.4627028703689575,0.05363122373819351,0.025330249220132828,hidden_high_friction,1,0.19139498472213745,0.0,0.5444281697273254,0.046004995703697205,0.49276798963546753,0.06340610235929489,0.054512135684490204,0.07794433832168579,0.10837250202894211,0.265798419713974,0.0,0.5019415616989136,0.005049943923950195,0.47890588641166687,0.050928905606269836,0.05133732780814171,0.17082692682743073,0.0,0.5521143078804016,0.02838105522096157,0.4996144771575928,0.03677035868167877,0.053165897727012634,0.19139498472213745,0.0,0.5444281697273254,0.046004995703697205,0.49276798963546753,0.06340610235929489,0.054512135684490204,phase3_10b_future_rollout_audit_no_phase4_no_cps
phase39b_xy_only_high_weight,hidden_high_friction,310003,3,5,0.041666666666666664,0.041666666666666664,0.0,0,0.0,nan,nan,0.054121553897857666,0.03683111444115639,0.44859668612480164,0.04914337396621704,0.02283165417611599,hidden_high_friction,1,0.2950502932071686,0.0,0.5443283319473267,0.0398632287979126,0.5602765679359436,0.09651599824428558,0.058854758739471436,0.006142578087747097,0.07519090920686722,0.2819514870643616,0.0,0.5314964652061462,-0.018475592136383057,0.5189552903175354,0.044888935983181,0.06459368765354156,0.22973211109638214,0.0,0.5497987270355225,0.013800235465168953,0.5435507297515869,0.0810132622718811,0.06750280410051346,0.2950502932071686,0.0,0.5443283319473267,0.0398632287979126,0.5602765679359436,0.09651599824428558,0.058854758739471436,phase3_10b_future_rollout_audit_no_phase4_no_cps
phase39b_xy_only_high_weight,hidden_high_friction,310003,3,6,0.041666666666666664,0.041666666666666664,0.0,0,0.0,nan,nan,0.05313757434487343,0.033177703619003296,0.45015984773635864,0.05689443275332451,0.02774570696055889,hidden_high_friction,1,0.26509159803390503,0.0,0.5342761874198914,0.013591812923550606,0.5881538391113281,0.03785116225481033,0.059087369590997696,0.028128862380981445,0.06495156139135361,0.295855313539505,0.0,0.5486280918121338,-0.025955572724342346,0.5365414023399353,0.0025882963091135025,0.03099742904305458,0.25705018639564514,0.0,0.5586704611778259,-0.006545630283653736,0.5821868777275085,0.02558896690607071,0.03982027247548103,0.26509159803390503,0.0,0.5342761874198914,0.013591812923550606,0.5881538391113281,0.03785116225481033,0.059087369590997696,phase3_10b_future_rollout_audit_no_phase4_no_cps
phase39b_xy_only_high_weight,hidden_high_friction,310003,3,7,0.041666666666666664,0.041666666666666664,0.0,0,0.0,nan,nan,0.0539819709956646,0.03455272316932678,0.452425479888916,0.05213870108127594,0.02610531635582447,hidden_high_friction,1,0.272380530834198,0.0,0.565963625907898,0.007049717009067535,0.562660813331604,0.07472638785839081,0.06775721907615662,0.03235572203993797,0.044829417020082474,0.2539369761943817,0.0,0.5401285290718079,-0.02553011290729046,0.5253140926361084,0.0317235141992569,0.059139203280210495,0.2929644286632538,0.0,0.5432302355766296,-0.016177300363779068,0.5807608366012573,0.050927892327308655,0.07688726484775543,0.272380530834198,0.0,0.565963625907898,0.007049717009067535,0.562660813331604,0.07472638785839081,0.06775721907615662,phase3_10b_future_rollout_audit_no_phase4_no_cps
phase39b_xy_only_high_weight,hidden_high_friction,310003,3,8,0.041666666666666664,0.041666666666666664,0.0,0,0.0,nan,nan,0.05205822363495827,0.03462105989456177,0.4612487852573395,0.057524051517248154,0.029429331421852112,hidden_breakaway_pin,0,0.2608298063278198,0.0,0.5145619511604309,-0.03079324960708618,0.5128346085548401,-0.09142370522022247,0.060655057430267334,0.06382963806390762,0.17346037924289703,0.14461956918239594,0.0,0.5474104285240173,-0.03431416675448418,0.4901582598686218,-0.07528424263000488,0.07040140777826309,0.31281962990760803,0.0,0.5266825556755066,-0.05043376237154007,0.5295387506484985,-0.10735460370779037,0.05699245631694794,0.2608298063278198,0.0,0.5145619511604309,-0.03079324960708618,0.5128346085548401,-0.09142370522022247,0.060655057430267334,phase3_10b_future_rollout_audit_no_phase4_no_cps
phase39b_xy_only_high_weight,hidden_high_friction,310003,3,9,0.041666666666666664,0.041666666666666664,0.0,0,0.0,nan,nan,0.045880552381277084,0.03559830039739609,0.44909560680389404,0.04956189915537834,0.02204851619899273,hidden_high_friction,1,0.28659647703170776,0.0,0.5603798627853394,0.06753130257129669,0.5337969660758972,0.08637238293886185,0.03258276730775833,0.10847579687833786,0.17902757227420807,0.37384364008903503,0.0,0.5310277938842773,-0.0075289588421583176,0.5204113721847534,0.06443224102258682,0.0727401077747345,0.2727504372596741,0.0,0.5662241578102112,0.030278338119387627,0.5490137934684753,0.0653906911611557,0.039103373885154724,0.28659647703170776,0.0,0.5603798627853394,0.06753130257129669,0.5337969660758972,0.08637238293886185,0.03258276730775833,phase3_10b_future_rollout_audit_no_phase4_no_cps
phase39b_xy_only_high_weight,hidden_high_friction,310003,3,10,0.041666666666666664,0.041666666666666664,0.0,0,0.0,nan,nan,0.04815713316202164,0.03656069561839104,0.4564453363418579,0.05204382166266441,0.024423325434327126,hidden_high_friction,1,0.15817053616046906,0.0,0.543448805809021,0.014167210087180138,0.5402318239212036,-0.010530531406402588,0.024906372651457787,0.055985596030950546,0.09711632877588272,0.15657520294189453,0.0,0.5577386617660522,-0.016493193805217743,0.5181282162666321,-0.017354121431708336,0.039619799703359604,0.176645889878273,0.0,0.5504962801933289,-0.0017365198582410812,0.5516548156738281,-0.021246008574962616,0.019543858245015144,0.15817053616046906,0.0,0.543448805809021,0.014167210087180138,0.5402318239212036,-0.010530531406402588,0.024906372651457787,phase3_10b_future_rollout_audit_no_phase4_no_cps
phase39b_xy_only_high_weight,hidden_high_friction,310003,3,11,0.041666666666666664,0.0,-0.041666666666666664,0,-0.041666666666666664,nan,nan,0.03995944559574127,0.03854461759328842,0.4606064260005951,0.049790073186159134,0.024655072018504143,hidden_breakaway_pin,0,0.0979176014661789,0.0,0.5131762623786926,-0.03950054943561554,0.49809256196022034,-0.044491950422525406,0.015888111665844917,0.061617009341716766,0.05412111431360245,0.12250000238418579,0.0,0.525524377822876,-0.03783489018678665,0.48872843384742737,-0.033198561519384384,0.037086885422468185,0.16686280071735382,0.0,0.5205162167549133,-0.06882642954587936,0.5106502771377563,-0.053665660321712494,0.01808827556669712,0.0979176014661789,0.0,0.5131762623786926,-0.03950054943561554,0.49809256196022034,-0.044491950422525406,0.015888111665844917,phase3_10b_future_rollout_audit_no_phase4_no_cps
phase39b_xy_only_high_weight,hidden_high_friction,310003,3,12,0.0,0.0,0.0,0,0.0,nan,nan,0.03963847830891609,0.03821748122572899,0.45648643374443054,0.04587598517537117,0.020625028759241104,hidden_high_friction,1,0.19249476492404938,0.0,0.53117436170578,0.046547792851924896,0.5104141235351562,0.05464177578687668,0.022282281890511513,0.08791045844554901,0.09989652782678604,0.2592003643512726,0.0,0.5204171538352966,-0.003999542444944382,0.5049289464950562,0.03331088647246361,0.040397435426712036,0.182819202542305,0.0,0.537179708480835,0.023408761247992516,0.5224546194076538,0.0415898859500885,0.023396186530590057,0.19249476492404938,0.0,0.53117436170578,0.046547792851924896,0.5104141235351562,0.05464177578687668,0.022282281890511513,phase3_10b_future_rollout_audit_no_phase4_no_cps
phase39b_xy_only_high_weight,hidden_high_friction,310003,3,13,0.0,0.0,0.0,0,0.0,nan,nan,0.04462111368775368,0.03881353884935379,0.4592244327068329,0.04589556157588959,0.023336784914135933,hidden_breakaway_pin,0,0.16636687517166138,0.0,0.5132201313972473,-0.010299121029675007,0.4959411323070526,-0.03243447095155716,0.028080910444259644,0.059614814817905426,0.08827083557844162,0.12450267374515533,0.0,0.5165137052536011,-0.011346375569701195,0.48372259736061096,-0.02002587355673313,0.03392035514116287,0.1872948706150055,0.0,0.504314661026001,-0.02553822658956051,0.5070496201515198,-0.03574652224779129,0.010568316094577312,0.16636687517166138,0.0,0.5132201313972473,-0.010299121029675007,0.4959411323070526,-0.03243447095155716,0.028080910444259644,phase3_10b_future_rollout_audit_no_phase4_no_cps
phase39b_xy_only_high_weight,hidden_high_friction,310003,3,14,0.0,0.0,0.0,0,0.0,nan,nan,0.04003526270389557,0.03962729871273041,0.4578301012516022,0.043521035462617874,0.018979564309120178,hidden_high_friction,1,0.17254498600959778,0.0,0.5252680778503418,0.009535381570458412,0.5319190621376038,-0.0038638263940811157,0.014959090389311314,0.023206908255815506,0.0459422804415226,0.23181535303592682,0.0,0.5230416655540466,-0.006766526028513908,0.5181534290313721,-0.008448599837720394,0.0051695480942726135,0.181226447224617,0.0,0.5369997024536133,-6.342679262161255e-05,0.5403736233711243,-0.005493728443980217,0.006393083371222019,0.17254498600959778,0.0,0.5252680778503418,0.009535381570458412,0.5319190621376038,-0.0038638263940811157,0.014959090389311314,phase3_10b_future_rollout_audit_no_phase4_no_cps
phase39b_xy_only_high_weight,hidden_high_friction,310003,3,15,0.0,0.0,0.0,0,0.0,nan,nan,0.0417012982070446,0.038487765938043594,0.45827746391296387,0.04730154573917389,0.02104443870484829,hidden_high_friction,1,0.2056838721036911,0.0,0.5240985155105591,0.018669096753001213,0.5072152614593506,0.02107163518667221,0.01705334149301052,0.009208290837705135,0.03510064259171486,0.18090741336345673,0.0,0.5224311947822571,-0.007106926292181015,0.4841321110725403,0.003397161141037941,0.03971341997385025,0.21730180084705353,0.0,0.5246981978416443,-0.005144447088241577,0.508428156375885,0.013536907732486725,0.024773115292191505,0.2056838721036911,0.0,0.5240985155105591,0.018669096753001213,0.5072152614593506,0.02107163518667221,0.01705334149301052,phase3_10b_future_rollout_audit_no_phase4_no_cps
