window_idx,condition,visible_seed,window_t,source_file,baseline,action_source,future_key,primary_hidden_condition,diagnostic_hidden_condition,primary_pair,diagnostic_pair,scope,primitive,has_params,pose0_x,pose0_y,pose0_z,pose1_x,pose1_y,pose1_z,pose0_quat_norm,pose1_quat_norm,pull_xy_len,action_valid,action_repr,action_l2_to_gt,action_mae_to_gt,action_max_abs_to_gt,action_cosine_to_gt,action_norm,gt_action_norm,pose0_xy_dist_to_gt,pose0_z_abs_diff_to_gt,pose1_xy_dist_to_gt,pose1_z_abs_diff_to_gt,pull_angle_deg_to_gt,pull_len_ratio_to_gt,future_error_l2,future_error_mae,future_cosine_to_gt,action_ood_score,clip_fraction,raw_or_clipped_action_norm,gt_progress_reference_available,exec_attempted,exec_success,exec_done,exec_reward,exec_final_fraction_before,exec_final_fraction_after,exec_delta_final_fraction,exec_prefix_state_mae,exec_prefix_state_l2,exec_prefix_source,exec_prefix_detail,exec_failure_reason
0,free,1000,0,000000-9.pkl,paper_state,gt_y_action,y_state,hidden_breakaway_pin,hidden_pin,free_vs_hidden_breakaway_pin,free_vs_hidden_pin,phase3_7_learned_action_alignment_no_phase4_no_cps,pick_place,True,0.668749988079071,0.40625,0.03550928086042404,0.3997460603713989,-0.016988500952720642,-0.00808842945843935,1.0,1.0,0.5014917165924684,True,"{""camera_config"": [{""image_size"": [480, 640], ""intrinsics"": [450.0, 0, 320.0, 0, 450.0, 240.0, 0, 0, 1], ""position"": [1.0, 0, 0.75], ""rotation"": [0.6532814824381883, 0.6532814824381884, -0.2705980500730986, -0.27059805007309845], ""zrange"": [0.01, 10.0], ""noise"": false}, {""image_size"": [480, 640], ""intrinsics"": [450.0, 0, 320.0, 0, 450.0, 240.0, 0, 0, 1], ""position"": [0, 0.5, 0.75], ""rotation"": [-0.3596047974904982, 0.8681627791959909, -0.3159854101251621, 0.1308854423858669], ""zrange"": [0.01, 10.0], ""noise"": false}, {""image_size"": [480, 640], ""intrinsics"": [450.0, 0, 320.0, 0, 450.0, 240.0, 0, 0, 1], ""position"": [0, -0.5, 0.75], ""rotation"": [-0.8681627791959909, 0.3596047974904982, -0.13088544238586683, 0.3159854101251621], ""zrange"": [0.01, 10.0], ""noise"": false}], ""primitive"": ""pick_place"", ""params"": {""pose0"": [[0.668749988079071, 0.40625, 0.03550928086042404], [0.0, 0.0, 0.0, 1.0]], ""pose1"": [[0.3997460603713989, -0.016988500952720642, -0.00808842945843935], [0.0, 0.0, 0.0, 1.0]]}}",0.0,0.0,0.0,1.0000000000000002,1.665436029434204,1.665436029434204,0.0,0.0,0.0,0.0,1.2074182697257333e-06,1.0,2.6818270683288574,0.056293487548828125,0.9683195692621647,nan,0.0,1.665436029434204,True,True,0,0,0.875,0.0,0.875,0.875,0.0038225778844207525,0.09244026243686676,raw_action_file_high_confidence,/data/state_diff2/external/deformable-ravens/data/phase3_ccda_large/heldout/hidden-contact-cable-line/hidden_high_friction/action/000000-9.pkl,
0,free,1000,0,000000-9.pkl,paper_state,idm_gt_future,y_state,hidden_breakaway_pin,hidden_pin,free_vs_hidden_breakaway_pin,free_vs_hidden_pin,phase3_7_learned_action_alignment_no_phase4_no_cps,pick_place,True,0.6872899532318115,0.37839624285697937,0.02587382309138775,0.38476863503456116,-0.012341138906776905,0.002450771862640977,1.0000000000000016,0.9999999403953582,0.49416075266192216,True,"{""camera_config"": [{""image_size"": [480, 640], ""intrinsics"": [450.0, 0, 320.0, 0, 450.0, 240.0, 0, 0, 1], ""position"": [1.0, 0, 0.75], ""rotation"": [0.6532814824381883, 0.6532814824381884, -0.2705980500730986, -0.27059805007309845], ""zrange"": [0.01, 10.0], ""noise"": false}, {""image_size"": [480, 640], ""intrinsics"": [450.0, 0, 320.0, 0, 450.0, 240.0, 0, 0, 1], ""position"": [0, 0.5, 0.75], ""rotation"": [-0.3596047974904982, 0.8681627791959909, -0.3159854101251621, 0.1308854423858669], ""zrange"": [0.01, 10.0], ""noise"": false}, {""image_size"": [480, 640], ""intrinsics"": [450.0, 0, 320.0, 0, 450.0, 240.0, 0, 0, 1], ""position"": [0, -0.5, 0.75], ""rotation"": [-0.8681627791959909, 0.3596047974904982, -0.13088544238586683, 0.3159854101251621], ""zrange"": [0.01, 10.0], ""noise"": false}], ""primitive"": ""pick_place"", ""params"": {""pose0"": [[0.6872899532318115, 0.37839624285697937, 0.02587382309138775], [-5.5747396032757024e-08, 6.306841715542078e-10, 2.0122752353302076e-09, 1.0]], ""pose1"": [[0.38476863503456116, -0.012341138906776905, 0.002450771862640977], [4.7320277474227623e-08, -4.955422738817106e-08, -3.4006575333478395e-08, 0.9999999403953552]]}}",0.039615657180547714,0.006156672723591328,0.02785375714302063,0.9997180127378612,1.6626561880111694,1.665436029434204,0.03345985796214927,0.009635457769036293,0.015681876281447585,0.010539201321080327,5.308760409848856,0.985381684905269,2.6818270683288574,0.056293487548828125,0.9683195692621647,1.0258982181549072,0.0,1.6626561880111694,True,True,0,0,0.0,0.0,0.0,0.0,0.0038400485645979643,0.09243979305028915,raw_action_file_high_confidence,/data/state_diff2/external/deformable-ravens/data/phase3_ccda_large/heldout/hidden-contact-cable-line/hidden_high_friction/action/000000-9.pkl,
0,free,1000,0,000000-9.pkl,paper_state,idm_pred_future,y_state,hidden_breakaway_pin,hidden_pin,free_vs_hidden_breakaway_pin,free_vs_hidden_pin,phase3_7_learned_action_alignment_no_phase4_no_cps,pick_place,True,0.6753177642822266,0.3415329158306122,0.023412885144352913,0.4709913730621338,-0.14200185239315033,0.0019850842654705048,1.0000000000000024,0.999999940395357,0.5249334683845508,True,"{""camera_config"": [{""image_size"": [480, 640], ""intrinsics"": [450.0, 0, 320.0, 0, 450.0, 240.0, 0, 0, 1], ""position"": [1.0, 0, 0.75], ""rotation"": [0.6532814824381883, 0.6532814824381884, -0.2705980500730986, -0.27059805007309845], ""zrange"": [0.01, 10.0], ""noise"": false}, {""image_size"": [480, 640], ""intrinsics"": [450.0, 0, 320.0, 0, 450.0, 240.0, 0, 0, 1], ""position"": [0, 0.5, 0.75], ""rotation"": [-0.3596047974904982, 0.8681627791959909, -0.3159854101251621, 0.1308854423858669], ""zrange"": [0.01, 10.0], ""noise"": false}, {""image_size"": [480, 640], ""intrinsics"": [450.0, 0, 320.0, 0, 450.0, 240.0, 0, 0, 1], ""position"": [0, -0.5, 0.75], ""rotation"": [-0.8681627791959909, 0.3596047974904982, -0.13088544238586683, 0.3159854101251621], ""zrange"": [0.01, 10.0], ""noise"": false}], ""primitive"": ""pick_place"", ""params"": {""pose0"": [[0.6753177642822266, 0.3415329158306122, 0.023412885144352913], [-1.7134658969464311e-10, 3.877750032188487e-08, -5.727435237190548e-08, 1.0]], ""pose1"": [[0.4709913730621338, -0.14200185239315033, 0.0019850842654705048], [2.573153423668373e-08, -5.0912021265503427e-08, -1.387552917009316e-08, 0.9999999403953552]]}}",0.15869300067424774,0.020693834871053696,0.1250133514404297,0.9955215802105607,1.6778701543807983,1.665436029434204,0.06504949398452199,0.012096395716071129,0.14388965431457876,0.010073513723909855,9.532045486990485,1.046744045846588,2.6818270683288574,0.056293487548828125,0.9683195692621647,0.85089111328125,0.0,1.6778701543807983,True,True,0,0,0.0,0.0,0.0,0.0,0.0038315944839268923,0.09242577850818634,raw_action_file_high_confidence,/data/state_diff2/external/deformable-ravens/data/phase3_ccda_large/heldout/hidden-contact-cable-line/hidden_high_friction/action/000000-9.pkl,
0,free,1000,0,000000-9.pkl,paper_state,same_state_oracle,y_state,hidden_breakaway_pin,hidden_pin,free_vs_hidden_breakaway_pin,free_vs_hidden_pin,phase3_7_learned_action_alignment_no_phase4_no_cps,None,True,nan,nan,nan,nan,nan,nan,nan,nan,nan,False,"{""camera_config"": [{""image_size"": [480, 640], ""intrinsics"": [450.0, 0, 320.0, 0, 450.0, 240.0, 0, 0, 1], ""position"": [1.0, 0, 0.75], ""rotation"": [0.6532814824381883, 0.6532814824381884, -0.2705980500730986, -0.27059805007309845], ""zrange"": [0.01, 10.0], ""noise"": false}, {""image_size"": [480, 640], ""intrinsics"": [450.0, 0, 320.0, 0, 450.0, 240.0, 0, 0, 1], ""position"": [0, 0.5, 0.75], ""rotation"": [-0.3596047974904982, 0.8681627791959909, -0.3159854101251621, 0.1308854423858669], ""zrange"": [0.01, 10.0], ""noise"": false}, {""image_size"": [480, 640], ""intrinsics"": [450.0, 0, 320.0, 0, 450.0, 240.0, 0, 0, 1], ""position"": [0, -0.5, 0.75], ""rotation"": [-0.8681627791959909, 0.3596047974904982, -0.13088544238586683, 0.3159854101251621], ""zrange"": [0.01, 10.0], ""noise"": false}], ""primitive"": null}",nan,nan,nan,nan,nan,1.665436029434204,nan,nan,nan,nan,nan,nan,2.6818270683288574,0.056293487548828125,0.9683195692621647,nan,nan,nan,True,True,0,0,0.0,0.0,0.0,0.0,0.003827882232144475,0.09243450313806534,raw_action_file_high_confidence,/data/state_diff2/external/deformable-ravens/data/phase3_ccda_large/heldout/hidden-contact-cable-line/hidden_high_friction/action/000000-9.pkl,
4,free,1000,1,000000-9.pkl,paper_state,gt_y_action,y_state,hidden_breakaway_pin,hidden_pin,free_vs_hidden_breakaway_pin,free_vs_hidden_pin,phase3_7_learned_action_alignment_no_phase4_no_cps,pick_place,True,0.6000000238418579,0.23125000298023224,0.013128692284226418,0.6216307878494263,0.18776901066303253,0.0047466750256717205,1.0,1.0,0.04856425274252137,True,"{""camera_config"": [{""image_size"": [480, 640], ""intrinsics"": [450.0, 0, 320.0, 0, 450.0, 240.0, 0, 0, 1], ""position"": [1.0, 0, 0.75], ""rotation"": [0.6532814824381883, 0.6532814824381884, -0.2705980500730986, -0.27059805007309845], ""zrange"": [0.01, 10.0], ""noise"": false}, {""image_size"": [480, 640], ""intrinsics"": [450.0, 0, 320.0, 0, 450.0, 240.0, 0, 0, 1], ""position"": [0, 0.5, 0.75], ""rotation"": [-0.3596047974904982, 0.8681627791959909, -0.3159854101251621, 0.1308854423858669], ""zrange"": [0.01, 10.0], ""noise"": false}, {""image_size"": [480, 640], ""intrinsics"": [450.0, 0, 320.0, 0, 450.0, 240.0, 0, 0, 1], ""position"": [0, -0.5, 0.75], ""rotation"": [-0.8681627791959909, 0.3596047974904982, -0.13088544238586683, 0.3159854101251621], ""zrange"": [0.01, 10.0], ""noise"": false}], ""primitive"": ""pick_place"", ""params"": {""pose0"": [[0.6000000238418579, 0.23125000298023224, 0.013128692284226418], [0.0, 0.0, 0.0, 1.0]], ""pose1"": [[0.6216307878494263, 0.18776901066303253, 0.0047466750256717205], [0.0, 0.0, 0.0, 1.0]]}}",0.0,0.0,0.0,1.0000000000000002,1.683850884437561,1.683850884437561,0.0,0.0,0.0,0.0,0.0,1.0,2.7011542320251465,0.055889688432216644,0.9678863333865565,nan,0.0,1.683850884437561,True,True,0,0,0.0,0.0,0.0,0.0,0.09089776128530502,1.8502871990203857,raw_action_file_high_confidence,/data/state_diff2/external/deformable-ravens/data/phase3_ccda_large/heldout/hidden-contact-cable-line/hidden_high_friction/action/000000-9.pkl,
4,free,1000,1,000000-9.pkl,paper_state,idm_gt_future,y_state,hidden_breakaway_pin,hidden_pin,free_vs_hidden_breakaway_pin,free_vs_hidden_pin,phase3_7_learned_action_alignment_no_phase4_no_cps,pick_place,True,0.6340979337692261,0.3086932301521301,0.015534686855971813,0.6389330625534058,0.11077744513750076,0.0037453784607350826,1.0000000000000004,1.000000000000001,0.19797483786662534,True,"{""camera_config"": [{""image_size"": [480, 640], ""intrinsics"": [450.0, 0, 320.0, 0, 450.0, 240.0, 0, 0, 1], ""position"": [1.0, 0, 0.75], ""rotation"": [0.6532814824381883, 0.6532814824381884, -0.2705980500730986, -0.27059805007309845], ""zrange"": [0.01, 10.0], ""noise"": false}, {""image_size"": [480, 640], ""intrinsics"": [450.0, 0, 320.0, 0, 450.0, 240.0, 0, 0, 1], ""position"": [0, 0.5, 0.75], ""rotation"": [-0.3596047974904982, 0.8681627791959909, -0.3159854101251621, 0.1308854423858669], ""zrange"": [0.01, 10.0], ""noise"": false}, {""image_size"": [480, 640], ""intrinsics"": [450.0, 0, 320.0, 0, 450.0, 240.0, 0, 0, 1], ""position"": [0, -0.5, 0.75], ""rotation"": [-0.8681627791959909, 0.3596047974904982, -0.13088544238586683, 0.3159854101251621], ""zrange"": [0.01, 10.0], ""noise"": false}], ""primitive"": ""pick_place"", ""params"": {""pose0"": [[0.6340979337692261, 0.3086932301521301, 0.015534686855971813], [7.186086836696859e-09, -3.090096711844126e-08, -9.036448034294153e-09, 1.0]], ""pose1"": [[0.6389330625534058, 0.11077744513750076, 0.0037453784607350826], [-3.4178714969357316e-08, 2.6593992785706178e-08, 1.7295310072995562e-08, 1.0]]}}",0.11573237180709839,0.01494588516652584,0.07744322717189789,0.997775304811007,1.7082546949386597,1.683850884437561,0.08461749757711519,0.0024059945717453957,0.07891178538091899,0.0010012965649366379,25.049786549671673,4.0765548049560465,2.7011542320251465,0.055889688432216644,0.9678863333865565,0.7108609676361084,0.0,1.7082546949386597,True,True,0,0,0.0,0.0,0.0,0.0,0.09090504795312881,1.8502869606018066,raw_action_file_high_confidence,/data/state_diff2/external/deformable-ravens/data/phase3_ccda_large/heldout/hidden-contact-cable-line/hidden_high_friction/action/000000-9.pkl,
4,free,1000,1,000000-9.pkl,paper_state,idm_pred_future,y_state,hidden_breakaway_pin,hidden_pin,free_vs_hidden_breakaway_pin,free_vs_hidden_pin,phase3_7_learned_action_alignment_no_phase4_no_cps,pick_place,True,0.5966116786003113,0.22918562591075897,0.015388444066047668,0.5944244861602783,-0.12824010848999023,0.0037885704077780247,1.00000011920929,1.0000000000000016,0.35743242637271266,True,"{""camera_config"": [{""image_size"": [480, 640], ""intrinsics"": [450.0, 0, 320.0, 0, 450.0, 240.0, 0, 0, 1], ""position"": [1.0, 0, 0.75], ""rotation"": [0.6532814824381883, 0.6532814824381884, -0.2705980500730986, -0.27059805007309845], ""zrange"": [0.01, 10.0], ""noise"": false}, {""image_size"": [480, 640], ""intrinsics"": [450.0, 0, 320.0, 0, 450.0, 240.0, 0, 0, 1], ""position"": [0, 0.5, 0.75], ""rotation"": [-0.3596047974904982, 0.8681627791959909, -0.3159854101251621, 0.1308854423858669], ""zrange"": [0.01, 10.0], ""noise"": false}, {""image_size"": [480, 640], ""intrinsics"": [450.0, 0, 320.0, 0, 450.0, 240.0, 0, 0, 1], ""position"": [0, -0.5, 0.75], ""rotation"": [-0.8681627791959909, 0.3596047974904982, -0.13088544238586683, 0.3159854101251621], ""zrange"": [0.01, 10.0], ""noise"": false}], ""primitive"": ""pick_place"", ""params"": {""pose0"": [[0.5966116786003113, 0.22918562591075897, 0.015388444066047668], [-5.055201146575428e-09, -1.8713540939074846e-08, 2.090273731880643e-08, 1.0000001192092896]], ""pose1"": [[0.5944244861602783, -0.12824010848999023, 0.0037885704077780247], [-5.5497890727451704e-09, 3.4682400951169257e-08, 4.5910468315923936e-08, 1.0]]}}",0.31721240282058716,0.025134731084108353,0.3160091042518616,0.9821262003535169,1.6668859720230103,1.683850884437561,0.003967686499823131,0.002259751781821251,0.3171780986125465,0.0009581046178936958,26.799862660677363,7.359990243600635,2.7011542320251465,0.055889688432216644,0.9678863333865565,0.5779354572296143,0.0,1.6668859720230103,True,True,0,0,0.0,0.0,0.0,0.0,0.09082768112421036,1.8501594066619873,raw_action_file_high_confidence,/data/state_diff2/external/deformable-ravens/data/phase3_ccda_large/heldout/hidden-contact-cable-line/hidden_high_friction/action/000000-9.pkl,
4,free,1000,1,000000-9.pkl,paper_state,same_state_oracle,y_state,hidden_breakaway_pin,hidden_pin,free_vs_hidden_breakaway_pin,free_vs_hidden_pin,phase3_7_learned_action_alignment_no_phase4_no_cps,pick_place,True,0.696875,0.37812500000000004,0.0138496533036232,0.3845745623111725,-0.027784060686826706,0.008861023001372814,1.0,1.0,0.5121461987834092,True,"{""camera_config"": [{""image_size"": [480, 640], ""intrinsics"": [450.0, 0, 320.0, 0, 450.0, 240.0, 0, 0, 1], ""position"": [1.0, 0, 0.75], ""rotation"": [0.6532814824381883, 0.6532814824381884, -0.2705980500730986, -0.27059805007309845], ""zrange"": [0.01, 10.0], ""noise"": false}, {""image_size"": [480, 640], ""intrinsics"": [450.0, 0, 320.0, 0, 450.0, 240.0, 0, 0, 1], ""position"": [0, 0.5, 0.75], ""rotation"": [-0.3596047974904982, 0.8681627791959909, -0.3159854101251621, 0.1308854423858669], ""zrange"": [0.01, 10.0], ""noise"": false}, {""image_size"": [480, 640], ""intrinsics"": [450.0, 0, 320.0, 0, 450.0, 240.0, 0, 0, 1], ""position"": [0, -0.5, 0.75], ""rotation"": [-0.8681627791959909, 0.3596047974904982, -0.13088544238586683, 0.3159854101251621], ""zrange"": [0.01, 10.0], ""noise"": false}], ""primitive"": ""pick_place"", ""params"": {""pose0"": [[0.696875, 0.37812500000000004, 0.0138496533036232], [0.0, 0.0, 0.0, 1.0]], ""pose1"": [[0.3845745623111725, -0.027784060686826706, 0.008861023001372814], [0, 0, 0, 1]]}}",nan,nan,nan,nan,nan,1.683850884437561,0.17594608763822345,0.0007209610193967819,0.32040408960373923,0.004114347975701094,64.02340919921944,10.54574444908507,2.7011542320251465,0.055889688432216644,0.9678863333865565,nan,nan,nan,True,True,0,0,0.25,0.0,0.25,0.25,0.09082304686307907,1.8501591682434082,raw_action_file_high_confidence,/data/state_diff2/external/deformable-ravens/data/phase3_ccda_large/heldout/hidden-contact-cable-line/hidden_high_friction/action/000000-9.pkl,
8,free,1000,2,000000-9.pkl,paper_state,gt_y_action,y_state,hidden_breakaway_pin,hidden_pin,free_vs_hidden_breakaway_pin,free_vs_hidden_pin,phase3_7_learned_action_alignment_no_phase4_no_cps,pick_place,True,0.40937501192092896,-0.0062500000931322575,0.012938774190843105,0.3809899091720581,-0.02012024074792862,0.003396071493625641,1.0,1.0,0.03159268323339949,True,"{""camera_config"": [{""image_size"": [480, 640], ""intrinsics"": [450.0, 0, 320.0, 0, 450.0, 240.0, 0, 0, 1], ""position"": [1.0, 0, 0.75], ""rotation"": [0.6532814824381883, 0.6532814824381884, -0.2705980500730986, -0.27059805007309845], ""zrange"": [0.01, 10.0], ""noise"": false}, {""image_size"": [480, 640], ""intrinsics"": [450.0, 0, 320.0, 0, 450.0, 240.0, 0, 0, 1], ""position"": [0, 0.5, 0.75], ""rotation"": [-0.3596047974904982, 0.8681627791959909, -0.3159854101251621, 0.1308854423858669], ""zrange"": [0.01, 10.0], ""noise"": false}, {""image_size"": [480, 640], ""intrinsics"": [450.0, 0, 320.0, 0, 450.0, 240.0, 0, 0, 1], ""position"": [0, -0.5, 0.75], ""rotation"": [-0.8681627791959909, 0.3596047974904982, -0.13088544238586683, 0.3159854101251621], ""zrange"": [0.01, 10.0], ""noise"": false}], ""primitive"": ""pick_place"", ""params"": {""pose0"": [[0.40937501192092896, -0.0062500000931322575, 0.012938774190843105], [0.0, 0.0, 0.0, 1.0]], ""pose1"": [[0.3809899091720581, -0.02012024074792862, 0.003396071493625641], [0.0, 0.0, 0.0, 1.0]]}}",0.0,0.0,0.0,1.0,1.5209747552871704,1.5209747552871704,0.0,0.0,0.0,0.0,0.0,1.0,2.537010431289673,0.05239749327301979,0.9718899517023407,nan,0.0,1.5209747552871704,True,True,0,0,0.0,0.0,0.0,0.0,0.10075228661298752,2.0104615688323975,raw_action_file_high_confidence,/data/state_diff2/external/deformable-ravens/data/phase3_ccda_large/heldout/hidden-contact-cable-line/hidden_high_friction/action/000000-9.pkl,
8,free,1000,2,000000-9.pkl,paper_state,idm_gt_future,y_state,hidden_breakaway_pin,hidden_pin,free_vs_hidden_breakaway_pin,free_vs_hidden_pin,phase3_7_learned_action_alignment_no_phase4_no_cps,pick_place,True,0.5166876316070557,0.20841266214847565,0.01684347726404667,0.4162696897983551,-0.015097742900252342,0.0035640555433928967,1.0000000000000009,1.0000000000000002,0.24503196567415855,True,"{""camera_config"": [{""image_size"": [480, 640], ""intrinsics"": [450.0, 0, 320.0, 0, 450.0, 240.0, 0, 0, 1], ""position"": [1.0, 0, 0.75], ""rotation"": [0.6532814824381883, 0.6532814824381884, -0.2705980500730986, -0.27059805007309845], ""zrange"": [0.01, 10.0], ""noise"": false}, {""image_size"": [480, 640], ""intrinsics"": [450.0, 0, 320.0, 0, 450.0, 240.0, 0, 0, 1], ""position"": [0, 0.5, 0.75], ""rotation"": [-0.3596047974904982, 0.8681627791959909, -0.3159854101251621, 0.1308854423858669], ""zrange"": [0.01, 10.0], ""noise"": false}, {""image_size"": [480, 640], ""intrinsics"": [450.0, 0, 320.0, 0, 450.0, 240.0, 0, 0, 1], ""position"": [0, -0.5, 0.75], ""rotation"": [-0.8681627791959909, 0.3596047974904982, -0.13088544238586683, 0.3159854101251621], ""zrange"": [0.01, 10.0], ""noise"": false}], ""primitive"": ""pick_place"", ""params"": {""pose0"": [[0.5166876316070557, 0.20841266214847565, 0.01684347726404667], [-3.093546041554873e-08, -2.5265052272516186e-08, 9.817360258068675e-09, 1.0]], ""pose1"": [[0.4162696897983551, -0.015097742900252342, 0.0035640555433928967], [1.6268554503540145e-08, -3.040017571009912e-09, 9.575072290601838e-09, 1.0]]}}",0.24265453219413757,0.02616788260638714,0.21466265618801117,0.98835372742313,1.576136589050293,1.5209747552871704,0.23999178507722696,0.0039047030732035637,0.03563549362180288,0.00016798404976725578,39.76452381770362,7.755971971861923,2.537010431289673,0.05239749327301979,0.9718899517023407,0.5250483155250549,0.0,1.576136589050293,True,True,0,0,0.0,0.0,0.0,0.0,0.10078147053718567,2.010474443435669,raw_action_file_high_confidence,/data/state_diff2/external/deformable-ravens/data/phase3_ccda_large/heldout/hidden-contact-cable-line/hidden_high_friction/action/000000-9.pkl,
8,free,1000,2,000000-9.pkl,paper_state,idm_pred_future,y_state,hidden_breakaway_pin,hidden_pin,free_vs_hidden_breakaway_pin,free_vs_hidden_pin,phase3_7_learned_action_alignment_no_phase4_no_cps,pick_place,True,0.5867106318473816,0.11397232115268707,0.016742758452892303,0.6077430248260498,-0.20131224393844604,0.0064110164530575275,1.000000119209297,1.0000000000000013,0.3159853138028951,True,"{""camera_config"": [{""image_size"": [480, 640], ""intrinsics"": [450.0, 0, 320.0, 0, 450.0, 240.0, 0, 0, 1], ""position"": [1.0, 0, 0.75], ""rotation"": [0.6532814824381883, 0.6532814824381884, -0.2705980500730986, -0.27059805007309845], ""zrange"": [0.01, 10.0], ""noise"": false}, {""image_size"": [480, 640], ""intrinsics"": [450.0, 0, 320.0, 0, 450.0, 240.0, 0, 0, 1], ""position"": [0, 0.5, 0.75], ""rotation"": [-0.3596047974904982, 0.8681627791959909, -0.3159854101251621, 0.1308854423858669], ""zrange"": [0.01, 10.0], ""noise"": false}, {""image_size"": [480, 640], ""intrinsics"": [450.0, 0, 320.0, 0, 450.0, 240.0, 0, 0, 1], ""position"": [0, -0.5, 0.75], ""rotation"": [-0.8681627791959909, 0.3596047974904982, -0.13088544238586683, 0.3159854101251621], ""zrange"": [0.01, 10.0], ""noise"": false}], ""primitive"": ""pick_place"", ""params"": {""pose0"": [[0.5867106318473816, 0.11397232115268707, 0.016742758452892303], [1.0340245637507905e-07, -2.461287351707142e-08, -6.22952569528934e-08, 1.0000001192092896]], ""pose1"": [[0.6077430248260498, -0.20131224393844604, 0.0064110164530575275], [-2.6582663181784483e-08, -1.8367511955830196e-08, 4.15026590872003e-08, 1.0]]}}",0.3607941269874573,0.05088017135858536,0.2267531156539917,0.9782938526696856,1.6635560989379883,1.5209747552871704,0.2142459535683982,0.003803984262049198,0.2902542290458229,0.0030149449594318867,67.77428366900554,10.001851108007132,2.537010431289673,0.05239749327301979,0.9718899517023407,0.727913498878479,0.0,1.6635560989379883,True,True,0,0,0.0,0.0,0.0,0.0,0.10075071454048157,2.0104618072509766,raw_action_file_high_confidence,/data/state_diff2/external/deformable-ravens/data/phase3_ccda_large/heldout/hidden-contact-cable-line/hidden_high_friction/action/000000-9.pkl,
8,free,1000,2,000000-9.pkl,paper_state,same_state_oracle,y_state,hidden_breakaway_pin,hidden_pin,free_vs_hidden_breakaway_pin,free_vs_hidden_pin,phase3_7_learned_action_alignment_no_phase4_no_cps,pick_place,True,0.696875,0.37812500000000004,0.013845120556652546,0.384517103433609,-0.027816291898489,0.008860725909471512,1.0,1.0,0.51220678247715,True,"{""camera_config"": [{""image_size"": [480, 640], ""intrinsics"": [450.0, 0, 320.0, 0, 450.0, 240.0, 0, 0, 1], ""position"": [1.0, 0, 0.75], ""rotation"": [0.6532814824381883, 0.6532814824381884, -0.2705980500730986, -0.27059805007309845], ""zrange"": [0.01, 10.0], ""noise"": false}, {""image_size"": [480, 640], ""intrinsics"": [450.0, 0, 320.0, 0, 450.0, 240.0, 0, 0, 1], ""position"": [0, 0.5, 0.75], ""rotation"": [-0.3596047974904982, 0.8681627791959909, -0.3159854101251621, 0.1308854423858669], ""zrange"": [0.01, 10.0], ""noise"": false}, {""image_size"": [480, 640], ""intrinsics"": [450.0, 0, 320.0, 0, 450.0, 240.0, 0, 0, 1], ""position"": [0, -0.5, 0.75], ""rotation"": [-0.8681627791959909, 0.3596047974904982, -0.13088544238586683, 0.3159854101251621], ""zrange"": [0.01, 10.0], ""noise"": false}], ""primitive"": ""pick_place"", ""params"": {""pose0"": [[0.696875, 0.37812500000000004, 0.013845120556652546], [0.0, 0.0, 0.0, 1.0]], ""pose1"": [[0.384517103433609, -0.027816291898489, 0.008860725909471512], [0, 0, 0, 1]]}}",nan,nan,nan,nan,nan,1.5209747552871704,0.4800003998353142,0.0009063463658094406,0.008465831481358424,0.005464654415845871,26.38073313890426,16.212829365998573,2.537010431289673,0.05239749327301979,0.9718899517023407,nan,nan,nan,True,True,0,0,0.4166666666666667,0.0,0.4166666666666667,0.4166666666666667,0.10075989365577698,2.0104663372039795,raw_action_file_high_confidence,/data/state_diff2/external/deformable-ravens/data/phase3_ccda_large/heldout/hidden-contact-cable-line/hidden_high_friction/action/000000-9.pkl,
1,hidden_pin,1000,0,000000-3.pkl,paper_state,gt_y_action,y_state,hidden_breakaway_pin,hidden_pin,free_vs_hidden_breakaway_pin,free_vs_hidden_pin,phase3_7_learned_action_alignment_no_phase4_no_cps,pick_place,True,0.6781250238418579,0.40937501192092896,0.02290579304099083,0.3779291808605194,-0.030143385753035545,-0.0015833125216886401,1.0,1.0,0.5322536670020843,True,"{""camera_config"": [{""image_size"": [480, 640], ""intrinsics"": [450.0, 0, 320.0, 0, 450.0, 240.0, 0, 0, 1], ""position"": [1.0, 0, 0.75], ""rotation"": [0.6532814824381883, 0.6532814824381884, -0.2705980500730986, -0.27059805007309845], ""zrange"": [0.01, 10.0], ""noise"": false}, {""image_size"": [480, 640], ""intrinsics"": [450.0, 0, 320.0, 0, 450.0, 240.0, 0, 0, 1], ""position"": [0, 0.5, 0.75], ""rotation"": [-0.3596047974904982, 0.8681627791959909, -0.3159854101251621, 0.1308854423858669], ""zrange"": [0.01, 10.0], ""noise"": false}, {""image_size"": [480, 640], ""intrinsics"": [450.0, 0, 320.0, 0, 450.0, 240.0, 0, 0, 1], ""position"": [0, -0.5, 0.75], ""rotation"": [-0.8681627791959909, 0.3596047974904982, -0.13088544238586683, 0.3159854101251621], ""zrange"": [0.01, 10.0], ""noise"": false}], ""primitive"": ""pick_place"", ""params"": {""pose0"": [[0.6781250238418579, 0.40937501192092896, 0.02290579304099083], [0.0, 0.0, 0.0, 1.0]], ""pose1"": [[0.3779291808605194, -0.030143385753035545, -0.0015833125216886401], [0.0, 0.0, 0.0, 1.0]]}}",0.0,0.0,0.0,1.0,1.6648446321487427,1.6648446321487427,0.0,0.0,0.0,0.0,0.0,1.0,5.5646586418151855,0.1292262077331543,0.8964337926657815,nan,0.0,1.6648446321487427,True,True,0,1,0.0,0.0,0.0,0.0,0.003834991017356515,0.09240646660327911,raw_action_file_high_confidence,/data/state_diff2/external/deformable-ravens/data/phase3_ccda_large/train/hidden-contact-cable-line/hidden_pin/action/000000-3.pkl,
1,hidden_pin,1000,0,000000-3.pkl,paper_state,idm_gt_future,y_state,hidden_breakaway_pin,hidden_pin,free_vs_hidden_breakaway_pin,free_vs_hidden_pin,phase3_7_learned_action_alignment_no_phase4_no_cps,pick_place,True,0.6769852638244629,0.37811216711997986,0.016397105529904366,0.3613364100456238,-0.030069828033447266,-0.00227969978004694,1.0000000000000004,1.0000000000000007,0.5159910271112544,True,"{""camera_config"": [{""image_size"": [480, 640], ""intrinsics"": [450.0, 0, 320.0, 0, 450.0, 240.0, 0, 0, 1], ""position"": [1.0, 0, 0.75], ""rotation"": [0.6532814824381883, 0.6532814824381884, -0.2705980500730986, -0.27059805007309845], ""zrange"": [0.01, 10.0], ""noise"": false}, {""image_size"": [480, 640], ""intrinsics"": [450.0, 0, 320.0, 0, 450.0, 240.0, 0, 0, 1], ""position"": [0, 0.5, 0.75], ""rotation"": [-0.3596047974904982, 0.8681627791959909, -0.3159854101251621, 0.1308854423858669], ""zrange"": [0.01, 10.0], ""noise"": false}, {""image_size"": [480, 640], ""intrinsics"": [450.0, 0, 320.0, 0, 450.0, 240.0, 0, 0, 1], ""position"": [0, -0.5, 0.75], ""rotation"": [-0.8681627791959909, 0.3596047974904982, -0.13088544238586683, 0.3159854101251621], ""zrange"": [0.01, 10.0], ""noise"": false}], ""primitive"": ""pick_place"", ""params"": {""pose0"": [[0.6769852638244629, 0.37811216711997986, 0.016397105529904366], [2.4569375867145027e-08, -5.3788795639775344e-09, -1.4340324483441691e-08, 1.0]], ""pose1"": [[0.3613364100456238, -0.030069828033447266, -0.00227969978004694], [-2.7470012042840608e-08, -5.0526840489339975e-09, 2.750803318463113e-08, 1.0]]}}",0.03601163625717163,0.004019579384475946,0.0312628448009491,0.9997891057642699,1.6531847715377808,1.6648446321487427,0.03128361420848752,0.006508687511086464,0.016592933859139052,0.0006963872583582997,3.3814312706765666,0.9694456968564836,5.5646586418151855,0.1292262077331543,0.8964337926657815,0.6948423385620117,0.0,1.6531847715377808,True,True,0,0,0.0,0.0,0.0,0.0,0.003843073034659028,0.0924033671617508,raw_action_file_high_confidence,/data/state_diff2/external/deformable-ravens/data/phase3_ccda_large/train/hidden-contact-cable-line/hidden_pin/action/000000-3.pkl,
1,hidden_pin,1000,0,000000-3.pkl,paper_state,idm_pred_future,y_state,hidden_breakaway_pin,hidden_pin,free_vs_hidden_breakaway_pin,free_vs_hidden_pin,phase3_7_learned_action_alignment_no_phase4_no_cps,pick_place,True,0.7776322364807129,0.3874621093273163,0.024596815928816795,0.5875867009162903,-0.12138041853904724,0.004400372970849276,0.9999999403953576,1.0000000000000007,0.5431740271343974,True,"{""camera_config"": [{""image_size"": [480, 640], ""intrinsics"": [450.0, 0, 320.0, 0, 450.0, 240.0, 0, 0, 1], ""position"": [1.0, 0, 0.75], ""rotation"": [0.6532814824381883, 0.6532814824381884, -0.2705980500730986, -0.27059805007309845], ""zrange"": [0.01, 10.0], ""noise"": false}, {""image_size"": [480, 640], ""intrinsics"": [450.0, 0, 320.0, 0, 450.0, 240.0, 0, 0, 1], ""position"": [0, 0.5, 0.75], ""rotation"": [-0.3596047974904982, 0.8681627791959909, -0.3159854101251621, 0.1308854423858669], ""zrange"": [0.01, 10.0], ""noise"": false}, {""image_size"": [480, 640], ""intrinsics"": [450.0, 0, 320.0, 0, 450.0, 240.0, 0, 0, 1], ""position"": [0, -0.5, 0.75], ""rotation"": [-0.8681627791959909, 0.3596047974904982, -0.13088544238586683, 0.3159854101251621], ""zrange"": [0.01, 10.0], ""noise"": false}], ""primitive"": ""pick_place"", ""params"": {""pose0"": [[0.7776322364807129, 0.3874621093273163, 0.024596815928816795], [2.8227855608520258e-08, 4.647349527431288e-08, -4.07245792644062e-08, 0.9999999403953552]], ""pose1"": [[0.5875867009162903, -0.12138041853904724, 0.004400372970849276], [1.9519657001865198e-08, -1.653465453443914e-08, -2.6293839994195878e-08, 1.0]]}}",0.25040167570114136,0.03071354515850544,0.20965752005577087,0.9910403561791287,1.7650649547576904,1.6648446321487427,0.10189141606254895,0.0016910228878259659,0.22864923325375866,0.005983685492537916,13.853546928916153,1.020517209761695,5.5646586418151855,0.1292262077331543,0.8964337926657815,1.1080728769302368,0.0,1.7650649547576904,True,True,0,0,0.0,0.0,0.0,0.0,0.0038414932787418365,0.0924161747097969,raw_action_file_high_confidence,/data/state_diff2/external/deformable-ravens/data/phase3_ccda_large/train/hidden-contact-cable-line/hidden_pin/action/000000-3.pkl,
1,hidden_pin,1000,0,000000-3.pkl,paper_state,same_state_oracle,y_state,hidden_breakaway_pin,hidden_pin,free_vs_hidden_breakaway_pin,free_vs_hidden_pin,phase3_7_learned_action_alignment_no_phase4_no_cps,None,True,nan,nan,nan,nan,nan,nan,nan,nan,nan,False,"{""camera_config"": [{""image_size"": [480, 640], ""intrinsics"": [450.0, 0, 320.0, 0, 450.0, 240.0, 0, 0, 1], ""position"": [1.0, 0, 0.75], ""rotation"": [0.6532814824381883, 0.6532814824381884, -0.2705980500730986, -0.27059805007309845], ""zrange"": [0.01, 10.0], ""noise"": false}, {""image_size"": [480, 640], ""intrinsics"": [450.0, 0, 320.0, 0, 450.0, 240.0, 0, 0, 1], ""position"": [0, 0.5, 0.75], ""rotation"": [-0.3596047974904982, 0.8681627791959909, -0.3159854101251621, 0.1308854423858669], ""zrange"": [0.01, 10.0], ""noise"": false}, {""image_size"": [480, 640], ""intrinsics"": [450.0, 0, 320.0, 0, 450.0, 240.0, 0, 0, 1], ""position"": [0, -0.5, 0.75], ""rotation"": [-0.8681627791959909, 0.3596047974904982, -0.13088544238586683, 0.3159854101251621], ""zrange"": [0.01, 10.0], ""noise"": false}], ""primitive"": null}",nan,nan,nan,nan,nan,1.6648446321487427,nan,nan,nan,nan,nan,nan,5.5646586418151855,0.1292262077331543,0.8964337926657815,nan,nan,nan,True,True,0,0,0.0,0.0,0.0,0.0,0.003840977093204856,0.0924079567193985,raw_action_file_high_confidence,/data/state_diff2/external/deformable-ravens/data/phase3_ccda_large/train/hidden-contact-cable-line/hidden_pin/action/000000-3.pkl,
5,hidden_pin,1000,1,000000-3.pkl,paper_state,gt_y_action,y_state,hidden_breakaway_pin,hidden_pin,free_vs_hidden_breakaway_pin,free_vs_hidden_pin,phase3_7_learned_action_alignment_no_phase4_no_cps,pick_place,True,0.6156250238418579,0.46562498807907104,0.0132673978805542,0.38641947507858276,-0.03368690237402916,-0.008274712599813938,1.0,1.0,0.549406541216723,True,"{""camera_config"": [{""image_size"": [480, 640], ""intrinsics"": [450.0, 0, 320.0, 0, 450.0, 240.0, 0, 0, 1], ""position"": [1.0, 0, 0.75], ""rotation"": [0.6532814824381883, 0.6532814824381884, -0.2705980500730986, -0.27059805007309845], ""zrange"": [0.01, 10.0], ""noise"": false}, {""image_size"": [480, 640], ""intrinsics"": [450.0, 0, 320.0, 0, 450.0, 240.0, 0, 0, 1], ""position"": [0, 0.5, 0.75], ""rotation"": [-0.3596047974904982, 0.8681627791959909, -0.3159854101251621, 0.1308854423858669], ""zrange"": [0.01, 10.0], ""noise"": false}, {""image_size"": [480, 640], ""intrinsics"": [450.0, 0, 320.0, 0, 450.0, 240.0, 0, 0, 1], ""position"": [0, -0.5, 0.75], ""rotation"": [-0.8681627791959909, 0.3596047974904982, -0.13088544238586683, 0.3159854101251621], ""zrange"": [0.01, 10.0], ""noise"": false}], ""primitive"": ""pick_place"", ""params"": {""pose0"": [[0.6156250238418579, 0.46562498807907104, 0.0132673978805542], [0.0, 0.0, 0.0, 1.0]], ""pose1"": [[0.38641947507858276, -0.03368690237402916, -0.008274712599813938], [0.0, 0.0, 0.0, 1.0]]}}",0.0,0.0,0.0,0.9999999999999999,1.6572567224502563,1.6572567224502563,0.0,0.0,0.0,0.0,0.0,1.0,5.220355033874512,0.12085876613855362,0.9081737791452621,nan,0.0,1.6572567224502563,True,True,0,0,0.0,0.0,0.0,0.0,0.08012855052947998,1.7375468015670776,raw_action_file_high_confidence,/data/state_diff2/external/deformable-ravens/data/phase3_ccda_large/train/hidden-contact-cable-line/hidden_pin/action/000000-3.pkl,
5,hidden_pin,1000,1,000000-3.pkl,paper_state,idm_gt_future,y_state,hidden_breakaway_pin,hidden_pin,free_vs_hidden_breakaway_pin,free_vs_hidden_pin,phase3_7_learned_action_alignment_no_phase4_no_cps,pick_place,True,0.6245036125183105,0.4754437208175659,0.014695455320179462,0.331792950630188,-0.04856771230697632,-0.0034827173221856356,1.0000000000000002,1.0000000000000002,0.6002228866248099,True,"{""camera_config"": [{""image_size"": [480, 640], ""intrinsics"": [450.0, 0, 320.0, 0, 450.0, 240.0, 0, 0, 1], ""position"": [1.0, 0, 0.75], ""rotation"": [0.6532814824381883, 0.6532814824381884, -0.2705980500730986, -0.27059805007309845], ""zrange"": [0.01, 10.0], ""noise"": false}, {""image_size"": [480, 640], ""intrinsics"": [450.0, 0, 320.0, 0, 450.0, 240.0, 0, 0, 1], ""position"": [0, 0.5, 0.75], ""rotation"": [-0.3596047974904982, 0.8681627791959909, -0.3159854101251621, 0.1308854423858669], ""zrange"": [0.01, 10.0], ""noise"": false}, {""image_size"": [480, 640], ""intrinsics"": [450.0, 0, 320.0, 0, 450.0, 240.0, 0, 0, 1], ""position"": [0, -0.5, 0.75], ""rotation"": [-0.8681627791959909, 0.3596047974904982, -0.13088544238586683, 0.3159854101251621], ""zrange"": [0.01, 10.0], ""noise"": false}], ""primitive"": ""pick_place"", ""params"": {""pose0"": [[0.6245036125183105, 0.4754437208175659, 0.014695455320179462], [-1.3919182251243e-08, -1.9046664245792044e-10, 1.9886073232555646e-08, 1.0]], ""pose1"": [[0.331792950630188, -0.04856771230697632, -0.0034827173221856356], [-1.9622316216327818e-08, -1.0666792782387802e-08, 7.876660435002236e-10, 1.0]]}}",0.058358676731586456,0.0067446269094944,0.054626524448394775,0.9993832400434548,1.6518852710723877,1.6572567224502563,0.013237705597104962,0.0014280574396252632,0.05661709704295665,0.004791995277628303,4.530398154502252,1.0924931568807832,5.220355033874512,0.12085876613855362,0.9081737791452621,0.7791931629180908,0.0,1.6518852710723877,True,True,0,0,0.0,0.0,0.0,0.0,0.08108179271221161,1.7538506984710693,raw_action_file_high_confidence,/data/state_diff2/external/deformable-ravens/data/phase3_ccda_large/train/hidden-contact-cable-line/hidden_pin/action/000000-3.pkl,
5,hidden_pin,1000,1,000000-3.pkl,paper_state,idm_pred_future,y_state,hidden_breakaway_pin,hidden_pin,free_vs_hidden_breakaway_pin,free_vs_hidden_pin,phase3_7_learned_action_alignment_no_phase4_no_cps,pick_place,True,0.6378363966941833,0.2605438232421875,0.013736640103161335,0.6081411838531494,0.0332210436463356,-0.00019529415294528008,1.0000000000000002,1.0000000000000004,0.22925412054935582,True,"{""camera_config"": [{""image_size"": [480, 640], ""intrinsics"": [450.0, 0, 320.0, 0, 450.0, 240.0, 0, 0, 1], ""position"": [1.0, 0, 0.75], ""rotation"": [0.6532814824381883, 0.6532814824381884, -0.2705980500730986, -0.27059805007309845], ""zrange"": [0.01, 10.0], ""noise"": false}, {""image_size"": [480, 640], ""intrinsics"": [450.0, 0, 320.0, 0, 450.0, 240.0, 0, 0, 1], ""position"": [0, 0.5, 0.75], ""rotation"": [-0.3596047974904982, 0.8681627791959909, -0.3159854101251621, 0.1308854423858669], ""zrange"": [0.01, 10.0], ""noise"": false}, {""image_size"": [480, 640], ""intrinsics"": [450.0, 0, 320.0, 0, 450.0, 240.0, 0, 0, 1], ""position"": [0, -0.5, 0.75], ""rotation"": [-0.8681627791959909, 0.3596047974904982, -0.13088544238586683, 0.3159854101251621], ""zrange"": [0.01, 10.0], ""noise"": false}], ""primitive"": ""pick_place"", ""params"": {""pose0"": [[0.6378363966941833, 0.2605438232421875, 0.013736640103161335], [5.296470373394868e-09, -7.764868747983655e-09, -1.7077764979944732e-08, 1.0]], ""pose1"": [[0.6081411838531494, 0.0332210436463356, -0.00019529415294528008], [-5.756890075758747e-09, 2.233549345476149e-08, 1.7583312583724364e-08, 1.0]]}}",0.31024879217147827,0.037462204694747925,0.22172170877456665,0.9829433190903286,1.686963677406311,1.6572567224502563,0.20628046261058758,0.00046924222260713577,0.2315970409624825,0.008079418446868658,17.21473518678023,0.417275921108705,5.220355033874512,0.12085876613855362,0.9081737791452621,0.5073555111885071,0.0,1.686963677406311,True,True,0,0,0.0,0.0,0.0,0.0,0.08095675706863403,1.7470725774765015,raw_action_file_high_confidence,/data/state_diff2/external/deformable-ravens/data/phase3_ccda_large/train/hidden-contact-cable-line/hidden_pin/action/000000-3.pkl,
5,hidden_pin,1000,1,000000-3.pkl,paper_state,same_state_oracle,y_state,hidden_breakaway_pin,hidden_pin,free_vs_hidden_breakaway_pin,free_vs_hidden_pin,phase3_7_learned_action_alignment_no_phase4_no_cps,None,True,nan,nan,nan,nan,nan,nan,nan,nan,nan,False,"{""camera_config"": [{""image_size"": [480, 640], ""intrinsics"": [450.0, 0, 320.0, 0, 450.0, 240.0, 0, 0, 1], ""position"": [1.0, 0, 0.75], ""rotation"": [0.6532814824381883, 0.6532814824381884, -0.2705980500730986, -0.27059805007309845], ""zrange"": [0.01, 10.0], ""noise"": false}, {""image_size"": [480, 640], ""intrinsics"": [450.0, 0, 320.0, 0, 450.0, 240.0, 0, 0, 1], ""position"": [0, 0.5, 0.75], ""rotation"": [-0.3596047974904982, 0.8681627791959909, -0.3159854101251621, 0.1308854423858669], ""zrange"": [0.01, 10.0], ""noise"": false}, {""image_size"": [480, 640], ""intrinsics"": [450.0, 0, 320.0, 0, 450.0, 240.0, 0, 0, 1], ""position"": [0, -0.5, 0.75], ""rotation"": [-0.8681627791959909, 0.3596047974904982, -0.13088544238586683, 0.3159854101251621], ""zrange"": [0.01, 10.0], ""noise"": false}], ""primitive"": null}",nan,nan,nan,nan,nan,1.6572567224502563,nan,nan,nan,nan,nan,nan,5.220355033874512,0.12085876613855362,0.9081737791452621,nan,nan,nan,True,True,0,0,0.0,0.0,0.0,0.0,0.07810443639755249,1.6552832126617432,raw_action_file_high_confidence,/data/state_diff2/external/deformable-ravens/data/phase3_ccda_large/train/hidden-contact-cable-line/hidden_pin/action/000000-3.pkl,
9,hidden_pin,1000,2,000000-3.pkl,paper_state,gt_y_action,y_state,hidden_breakaway_pin,hidden_pin,free_vs_hidden_breakaway_pin,free_vs_hidden_pin,phase3_7_learned_action_alignment_no_phase4_no_cps,pick_place,True,0.625,0.49687498807907104,0.012593133375048637,0.44353920221328735,0.026303932070732117,-0.004436430521309376,1.0,1.0,0.5043462499971557,True,"{""camera_config"": [{""image_size"": [480, 640], ""intrinsics"": [450.0, 0, 320.0, 0, 450.0, 240.0, 0, 0, 1], ""position"": [1.0, 0, 0.75], ""rotation"": [0.6532814824381883, 0.6532814824381884, -0.2705980500730986, -0.27059805007309845], ""zrange"": [0.01, 10.0], ""noise"": false}, {""image_size"": [480, 640], ""intrinsics"": [450.0, 0, 320.0, 0, 450.0, 240.0, 0, 0, 1], ""position"": [0, 0.5, 0.75], ""rotation"": [-0.3596047974904982, 0.8681627791959909, -0.3159854101251621, 0.1308854423858669], ""zrange"": [0.01, 10.0], ""noise"": false}, {""image_size"": [480, 640], ""intrinsics"": [450.0, 0, 320.0, 0, 450.0, 240.0, 0, 0, 1], ""position"": [0, -0.5, 0.75], ""rotation"": [-0.8681627791959909, 0.3596047974904982, -0.13088544238586683, 0.3159854101251621], ""zrange"": [0.01, 10.0], ""noise"": false}], ""primitive"": ""pick_place"", ""params"": {""pose0"": [[0.625, 0.49687498807907104, 0.012593133375048637], [0.0, 0.0, 0.0, 1.0]], ""pose1"": [[0.44353920221328735, 0.026303932070732117, -0.004436430521309376], [0.0, 0.0, 0.0, 1.0]]}}",0.0,0.0,0.0,1.0,1.6837775707244873,1.6837775707244873,0.0,0.0,0.0,0.0,0.0,1.0,4.712859630584717,0.10903088748455048,0.9251060684749123,nan,0.0,1.6837775707244873,True,True,0,0,0.0,0.0,0.0,0.0,0.0950985923409462,2.088819980621338,raw_action_file_high_confidence,/data/state_diff2/external/deformable-ravens/data/phase3_ccda_large/train/hidden-contact-cable-line/hidden_pin/action/000000-3.pkl,
9,hidden_pin,1000,2,000000-3.pkl,paper_state,idm_gt_future,y_state,hidden_breakaway_pin,hidden_pin,free_vs_hidden_breakaway_pin,free_vs_hidden_pin,phase3_7_learned_action_alignment_no_phase4_no_cps,pick_place,True,0.5810331702232361,0.5118588209152222,0.015877658501267433,0.29582899808883667,-0.10059721022844315,-0.0024548787623643875,1.0,1.000000000000001,0.67560625358793,True,"{""camera_config"": [{""image_size"": [480, 640], ""intrinsics"": [450.0, 0, 320.0, 0, 450.0, 240.0, 0, 0, 1], ""position"": [1.0, 0, 0.75], ""rotation"": [0.6532814824381883, 0.6532814824381884, -0.2705980500730986, -0.27059805007309845], ""zrange"": [0.01, 10.0], ""noise"": false}, {""image_size"": [480, 640], ""intrinsics"": [450.0, 0, 320.0, 0, 450.0, 240.0, 0, 0, 1], ""position"": [0, 0.5, 0.75], ""rotation"": [-0.3596047974904982, 0.8681627791959909, -0.3159854101251621, 0.1308854423858669], ""zrange"": [0.01, 10.0], ""noise"": false}, {""image_size"": [480, 640], ""intrinsics"": [450.0, 0, 320.0, 0, 450.0, 240.0, 0, 0, 1], ""position"": [0, -0.5, 0.75], ""rotation"": [-0.8681627791959909, 0.3596047974904982, -0.13088544238586683, 0.3159854101251621], ""zrange"": [0.01, 10.0], ""noise"": false}], ""primitive"": ""pick_place"", ""params"": {""pose0"": [[0.5810331702232361, 0.5118588209152222, 0.015877658501267433], [-3.4999316778083767e-09, -1.5799365371549356e-08, -2.9344298102529365e-09, 1.0]], ""pose1"": [[0.29582899808883667, -0.10059721022844315, -0.0024548787623643875], [5.388770762948525e-09, -4.609592707538468e-08, -1.3077761984447989e-08, 1.0]]}}",0.20023615658283234,0.0242020133882761,0.14771020412445068,0.9930602877300926,1.6424041986465454,1.6837775707244873,0.04644994474787516,0.0032845251262187958,0.19473624295267283,0.0019815517589449883,3.882568537806117,1.3395683096518318,4.712859630584717,0.10903088748455048,0.9251060684749123,0.8444968461990356,0.0,1.6424041986465454,True,True,0,0,0.0,0.0,0.0,0.0,0.09768056124448776,2.132040023803711,raw_action_file_high_confidence,/data/state_diff2/external/deformable-ravens/data/phase3_ccda_large/train/hidden-contact-cable-line/hidden_pin/action/000000-3.pkl,
9,hidden_pin,1000,2,000000-3.pkl,paper_state,idm_pred_future,y_state,hidden_breakaway_pin,hidden_pin,free_vs_hidden_breakaway_pin,free_vs_hidden_pin,phase3_7_learned_action_alignment_no_phase4_no_cps,pick_place,True,0.5833287835121155,0.08669057488441467,0.015609219670295715,0.5542778968811035,-0.15470227599143982,0.007294303271919489,1.0000000000000022,1.0000000000000013,0.24313465912539173,True,"{""camera_config"": [{""image_size"": [480, 640], ""intrinsics"": [450.0, 0, 320.0, 0, 450.0, 240.0, 0, 0, 1], ""position"": [1.0, 0, 0.75], ""rotation"": [0.6532814824381883, 0.6532814824381884, -0.2705980500730986, -0.27059805007309845], ""zrange"": [0.01, 10.0], ""noise"": false}, {""image_size"": [480, 640], ""intrinsics"": [450.0, 0, 320.0, 0, 450.0, 240.0, 0, 0, 1], ""position"": [0, 0.5, 0.75], ""rotation"": [-0.3596047974904982, 0.8681627791959909, -0.3159854101251621, 0.1308854423858669], ""zrange"": [0.01, 10.0], ""noise"": false}, {""image_size"": [480, 640], ""intrinsics"": [450.0, 0, 320.0, 0, 450.0, 240.0, 0, 0, 1], ""position"": [0, -0.5, 0.75], ""rotation"": [-0.8681627791959909, 0.3596047974904982, -0.13088544238586683, 0.3159854101251621], ""zrange"": [0.01, 10.0], ""noise"": false}], ""primitive"": ""pick_place"", ""params"": {""pose0"": [[0.5833287835121155, 0.08669057488441467, 0.015609219670295715], [5.4612627309325035e-08, -2.0418173818370633e-08, -3.235185275229924e-08, 1.0]], ""pose1"": [[0.5542778968811035, -0.15470227599143982, 0.007294303271919489], [-2.5137794068541552e-08, -2.1198424349222478e-08, 4.0289386049607856e-08, 1.0]]}}",0.46385422348976135,0.05416768044233322,0.41018441319465637,0.9613657646183347,1.6368387937545776,1.6837775707244873,0.4122956986331833,0.003016086295247078,0.2121940287891676,0.011730733793228865,14.225183036249112,0.48207884786842947,4.712859630584717,0.10903088748455048,0.9251060684749123,0.7025480270385742,0.0,1.6368387937545776,True,True,0,0,0.0,0.0,0.0,0.0,0.0967312827706337,2.1178245544433594,raw_action_file_high_confidence,/data/state_diff2/external/deformable-ravens/data/phase3_ccda_large/train/hidden-contact-cable-line/hidden_pin/action/000000-3.pkl,
9,hidden_pin,1000,2,000000-3.pkl,paper_state,same_state_oracle,y_state,hidden_breakaway_pin,hidden_pin,free_vs_hidden_breakaway_pin,free_vs_hidden_pin,phase3_7_learned_action_alignment_no_phase4_no_cps,None,True,nan,nan,nan,nan,nan,nan,nan,nan,nan,False,"{""camera_config"": [{""image_size"": [480, 640], ""intrinsics"": [450.0, 0, 320.0, 0, 450.0, 240.0, 0, 0, 1], ""position"": [1.0, 0, 0.75], ""rotation"": [0.6532814824381883, 0.6532814824381884, -0.2705980500730986, -0.27059805007309845], ""zrange"": [0.01, 10.0], ""noise"": false}, {""image_size"": [480, 640], ""intrinsics"": [450.0, 0, 320.0, 0, 450.0, 240.0, 0, 0, 1], ""position"": [0, 0.5, 0.75], ""rotation"": [-0.3596047974904982, 0.8681627791959909, -0.3159854101251621, 0.1308854423858669], ""zrange"": [0.01, 10.0], ""noise"": false}, {""image_size"": [480, 640], ""intrinsics"": [450.0, 0, 320.0, 0, 450.0, 240.0, 0, 0, 1], ""position"": [0, -0.5, 0.75], ""rotation"": [-0.8681627791959909, 0.3596047974904982, -0.13088544238586683, 0.3159854101251621], ""zrange"": [0.01, 10.0], ""noise"": false}], ""primitive"": null}",nan,nan,nan,nan,nan,1.6837775707244873,nan,nan,nan,nan,nan,nan,4.712859630584717,0.10903088748455048,0.9251060684749123,nan,nan,nan,True,True,0,0,0.0,0.0,0.0,0.0,0.09037376195192337,1.986369252204895,raw_action_file_high_confidence,/data/state_diff2/external/deformable-ravens/data/phase3_ccda_large/train/hidden-contact-cable-line/hidden_pin/action/000000-3.pkl,
2,hidden_high_friction,1000,0,000000-5.pkl,paper_state,gt_y_action,y_state,hidden_breakaway_pin,hidden_pin,free_vs_hidden_breakaway_pin,free_vs_hidden_pin,phase3_7_learned_action_alignment_no_phase4_no_cps,pick_place,True,0.671875,0.40625,0.036113280802965164,0.3974373936653137,-0.014007208868861198,-0.007233931217342615,1.0,1.0,0.5019284026402151,True,"{""camera_config"": [{""image_size"": [480, 640], ""intrinsics"": [450.0, 0, 320.0, 0, 450.0, 240.0, 0, 0, 1], ""position"": [1.0, 0, 0.75], ""rotation"": [0.6532814824381883, 0.6532814824381884, -0.2705980500730986, -0.27059805007309845], ""zrange"": [0.01, 10.0], ""noise"": false}, {""image_size"": [480, 640], ""intrinsics"": [450.0, 0, 320.0, 0, 450.0, 240.0, 0, 0, 1], ""position"": [0, 0.5, 0.75], ""rotation"": [-0.3596047974904982, 0.8681627791959909, -0.3159854101251621, 0.1308854423858669], ""zrange"": [0.01, 10.0], ""noise"": false}, {""image_size"": [480, 640], ""intrinsics"": [450.0, 0, 320.0, 0, 450.0, 240.0, 0, 0, 1], ""position"": [0, -0.5, 0.75], ""rotation"": [-0.8681627791959909, 0.3596047974904982, -0.13088544238586683, 0.3159854101251621], ""zrange"": [0.01, 10.0], ""noise"": false}], ""primitive"": ""pick_place"", ""params"": {""pose0"": [[0.671875, 0.40625, 0.036113280802965164], [0.0, 0.0, 0.0, 1.0]], ""pose1"": [[0.3974373936653137, -0.014007208868861198, -0.007233931217342615], [0.0, 0.0, 0.0, 1.0]]}}",0.0,0.0,0.0,0.9999999999999999,1.666122555732727,1.666122555732727,0.0,0.0,0.0,0.0,0.0,1.0,2.5314717292785645,0.051814474165439606,0.9735728797841057,nan,0.0,1.666122555732727,True,True,0,0,0.9166666666666666,0.0,0.9166666666666666,0.9166666666666666,0.0039010581094771624,0.09240569174289703,raw_action_file_high_confidence,/data/state_diff2/external/deformable-ravens/data/phase3_ccda_large_interrupted_20260704_152238/train/hidden-contact-cable-line/free/action/000000-5.pkl,
2,hidden_high_friction,1000,0,000000-5.pkl,paper_state,idm_gt_future,y_state,hidden_breakaway_pin,hidden_pin,free_vs_hidden_breakaway_pin,free_vs_hidden_pin,phase3_7_learned_action_alignment_no_phase4_no_cps,pick_place,True,0.6860044598579407,0.4150821268558502,0.025715794414281845,0.3882003128528595,0.008635411038994789,0.0020865444093942642,1.0000001192092915,0.9999999403953572,0.5038712561475716,True,"{""camera_config"": [{""image_size"": [480, 640], ""intrinsics"": [450.0, 0, 320.0, 0, 450.0, 240.0, 0, 0, 1], ""position"": [1.0, 0, 0.75], ""rotation"": [0.6532814824381883, 0.6532814824381884, -0.2705980500730986, -0.27059805007309845], ""zrange"": [0.01, 10.0], ""noise"": false}, {""image_size"": [480, 640], ""intrinsics"": [450.0, 0, 320.0, 0, 450.0, 240.0, 0, 0, 1], ""position"": [0, 0.5, 0.75], ""rotation"": [-0.3596047974904982, 0.8681627791959909, -0.3159854101251621, 0.1308854423858669], ""zrange"": [0.01, 10.0], ""noise"": false}, {""image_size"": [480, 640], ""intrinsics"": [450.0, 0, 320.0, 0, 450.0, 240.0, 0, 0, 1], ""position"": [0, -0.5, 0.75], ""rotation"": [-0.8681627791959909, 0.3596047974904982, -0.13088544238586683, 0.3159854101251621], ""zrange"": [0.01, 10.0], ""noise"": false}], ""primitive"": ""pick_place"", ""params"": {""pose0"": [[0.6860044598579407, 0.4150821268558502, 0.025715794414281845], [-5.880028908222812e-08, -1.9139601903361836e-08, 1.739480026685669e-08, 1.0000001192092896]], ""pose1"": [[0.3882003128528595, 0.008635411038994789, 0.0020865444093942642], [4.686140897547375e-08, -3.2198652633042e-08, -2.5453578800238574e-08, 0.9999999403953552]]}}",0.032720621675252914,0.005325687117874622,0.022642619907855988,0.9998132324802079,1.6716264486312866,1.666122555732727,0.016662775899440874,0.010397486388683319,0.0244542817974163,0.00932047562673688,3.0848330361074785,1.0038707781770004,2.5314717292785645,0.051814474165439606,0.9735728797841057,1.0302633047103882,0.0,1.6716264486312866,True,True,0,0,0.0,0.0,0.0,0.0,0.004137280862778425,0.09348678588867188,raw_action_file_high_confidence,/data/state_diff2/external/deformable-ravens/data/phase3_ccda_large_interrupted_20260704_152238/train/hidden-contact-cable-line/free/action/000000-5.pkl,
2,hidden_high_friction,1000,0,000000-5.pkl,paper_state,idm_pred_future,y_state,hidden_breakaway_pin,hidden_pin,free_vs_hidden_breakaway_pin,free_vs_hidden_pin,phase3_7_learned_action_alignment_no_phase4_no_cps,pick_place,True,0.7260432243347168,0.36951032280921936,0.024358313530683517,0.45543190836906433,-0.09356024861335754,0.002502684947103262,1.000000000000002,0.9999999403953572,0.5363439553554175,True,"{""camera_config"": [{""image_size"": [480, 640], ""intrinsics"": [450.0, 0, 320.0, 0, 450.0, 240.0, 0, 0, 1], ""position"": [1.0, 0, 0.75], ""rotation"": [0.6532814824381883, 0.6532814824381884, -0.2705980500730986, -0.27059805007309845], ""zrange"": [0.01, 10.0], ""noise"": false}, {""image_size"": [480, 640], ""intrinsics"": [450.0, 0, 320.0, 0, 450.0, 240.0, 0, 0, 1], ""position"": [0, 0.5, 0.75], ""rotation"": [-0.3596047974904982, 0.8681627791959909, -0.3159854101251621, 0.1308854423858669], ""zrange"": [0.01, 10.0], ""noise"": false}, {""image_size"": [480, 640], ""intrinsics"": [450.0, 0, 320.0, 0, 450.0, 240.0, 0, 0, 1], ""position"": [0, -0.5, 0.75], ""rotation"": [-0.8681627791959909, 0.3596047974904982, -0.13088544238586683, 0.3159854101251621], ""zrange"": [0.01, 10.0], ""noise"": false}], ""primitive"": ""pick_place"", ""params"": {""pose0"": [[0.7260432243347168, 0.36951032280921936, 0.024358313530683517], [-4.732718661415447e-09, 1.0820906837238908e-08, -6.291810450420598e-08, 1.0]], ""pose1"": [[0.45543190836906433, -0.09356024861335754, 0.002502684947103262], [3.7930529828145154e-08, -4.3013386630263994e-08, -2.6893681948081394e-08, 0.9999999403953552]]}}",0.11920163780450821,0.017853377386927605,0.0795530378818512,0.9976581950945137,1.6971882581710815,1.666122555732727,0.06545227580198394,0.011754967272281647,0.09844820906605138,0.009736616164445877,2.8441009917650444,1.0685666571849124,2.5314717292785645,0.051814474165439606,0.9735728797841057,0.9610400199890137,0.0,1.6971882581710815,True,True,0,0,0.0,0.0,0.0,0.0,0.0038098935037851334,0.09217289835214615,raw_action_file_high_confidence,/data/state_diff2/external/deformable-ravens/data/phase3_ccda_large_interrupted_20260704_152238/train/hidden-contact-cable-line/free/action/000000-5.pkl,
2,hidden_high_friction,1000,0,000000-5.pkl,paper_state,same_state_oracle,y_state,hidden_breakaway_pin,hidden_pin,free_vs_hidden_breakaway_pin,free_vs_hidden_pin,phase3_7_learned_action_alignment_no_phase4_no_cps,None,True,nan,nan,nan,nan,nan,nan,nan,nan,nan,False,"{""camera_config"": [{""image_size"": [480, 640], ""intrinsics"": [450.0, 0, 320.0, 0, 450.0, 240.0, 0, 0, 1], ""position"": [1.0, 0, 0.75], ""rotation"": [0.6532814824381883, 0.6532814824381884, -0.2705980500730986, -0.27059805007309845], ""zrange"": [0.01, 10.0], ""noise"": false}, {""image_size"": [480, 640], ""intrinsics"": [450.0, 0, 320.0, 0, 450.0, 240.0, 0, 0, 1], ""position"": [0, 0.5, 0.75], ""rotation"": [-0.3596047974904982, 0.8681627791959909, -0.3159854101251621, 0.1308854423858669], ""zrange"": [0.01, 10.0], ""noise"": false}, {""image_size"": [480, 640], ""intrinsics"": [450.0, 0, 320.0, 0, 450.0, 240.0, 0, 0, 1], ""position"": [0, -0.5, 0.75], ""rotation"": [-0.8681627791959909, 0.3596047974904982, -0.13088544238586683, 0.3159854101251621], ""zrange"": [0.01, 10.0], ""noise"": false}], ""primitive"": null}",nan,nan,nan,nan,nan,1.666122555732727,nan,nan,nan,nan,nan,nan,2.5314717292785645,0.051814474165439606,0.9735728797841057,nan,nan,nan,True,True,0,0,0.0,0.0,0.0,0.0,0.004044458735734224,0.09334802627563477,raw_action_file_high_confidence,/data/state_diff2/external/deformable-ravens/data/phase3_ccda_large_interrupted_20260704_152238/train/hidden-contact-cable-line/free/action/000000-5.pkl,
6,hidden_high_friction,1000,1,000000-5.pkl,paper_state,gt_y_action,y_state,hidden_breakaway_pin,hidden_pin,free_vs_hidden_breakaway_pin,free_vs_hidden_pin,phase3_7_learned_action_alignment_no_phase4_no_cps,pick_place,True,0.6000000238418579,0.24687500298023224,0.013311483897268772,0.6214526891708374,0.1858459711074829,0.0033436266239732504,1.0,1.0,0.06468971773815567,True,"{""camera_config"": [{""image_size"": [480, 640], ""intrinsics"": [450.0, 0, 320.0, 0, 450.0, 240.0, 0, 0, 1], ""position"": [1.0, 0, 0.75], ""rotation"": [0.6532814824381883, 0.6532814824381884, -0.2705980500730986, -0.27059805007309845], ""zrange"": [0.01, 10.0], ""noise"": false}, {""image_size"": [480, 640], ""intrinsics"": [450.0, 0, 320.0, 0, 450.0, 240.0, 0, 0, 1], ""position"": [0, 0.5, 0.75], ""rotation"": [-0.3596047974904982, 0.8681627791959909, -0.3159854101251621, 0.1308854423858669], ""zrange"": [0.01, 10.0], ""noise"": false}, {""image_size"": [480, 640], ""intrinsics"": [450.0, 0, 320.0, 0, 450.0, 240.0, 0, 0, 1], ""position"": [0, -0.5, 0.75], ""rotation"": [-0.8681627791959909, 0.3596047974904982, -0.13088544238586683, 0.3159854101251621], ""zrange"": [0.01, 10.0], ""noise"": false}], ""primitive"": ""pick_place"", ""params"": {""pose0"": [[0.6000000238418579, 0.24687500298023224, 0.013311483897268772], [0.0, 0.0, 0.0, 1.0]], ""pose1"": [[0.6214526891708374, 0.1858459711074829, 0.0033436266239732504], [0.0, 0.0, 0.0, 1.0]]}}",0.0,0.0,0.0,1.0000000000000002,1.6857869625091553,1.6857869625091553,0.0,0.0,0.0,0.0,0.0,1.0,2.5093703269958496,0.05043443664908409,0.9710190179003675,nan,0.0,1.6857869625091553,True,True,1,1,0.0,nan,nan,nan,0.03994961082935333,0.858025074005127,raw_action_file_high_confidence,/data/state_diff2/external/deformable-ravens/data/phase3_ccda_large_interrupted_20260704_152238/train/hidden-contact-cable-line/free/action/000000-5.pkl,
6,hidden_high_friction,1000,1,000000-5.pkl,paper_state,idm_gt_future,y_state,hidden_breakaway_pin,hidden_pin,free_vs_hidden_breakaway_pin,free_vs_hidden_pin,phase3_7_learned_action_alignment_no_phase4_no_cps,pick_place,True,0.6361978650093079,0.29687705636024475,0.011752673424780369,0.6125283241271973,0.11285414546728134,0.0012634873855859041,0.9999999403953559,1.0000000000000007,0.1855388878351098,True,"{""camera_config"": [{""image_size"": [480, 640], ""intrinsics"": [450.0, 0, 320.0, 0, 450.0, 240.0, 0, 0, 1], ""position"": [1.0, 0, 0.75], ""rotation"": [0.6532814824381883, 0.6532814824381884, -0.2705980500730986, -0.27059805007309845], ""zrange"": [0.01, 10.0], ""noise"": false}, {""image_size"": [480, 640], ""intrinsics"": [450.0, 0, 320.0, 0, 450.0, 240.0, 0, 0, 1], ""position"": [0, 0.5, 0.75], ""rotation"": [-0.3596047974904982, 0.8681627791959909, -0.3159854101251621, 0.1308854423858669], ""zrange"": [0.01, 10.0], ""noise"": false}, {""image_size"": [480, 640], ""intrinsics"": [450.0, 0, 320.0, 0, 450.0, 240.0, 0, 0, 1], ""position"": [0, -0.5, 0.75], ""rotation"": [-0.8681627791959909, 0.3596047974904982, -0.13088544238586683, 0.3159854101251621], ""zrange"": [0.01, 10.0], ""noise"": false}], ""primitive"": ""pick_place"", ""params"": {""pose0"": [[0.6361978650093079, 0.29687705636024475, 0.011752673424780369], [2.181990144123347e-09, -3.3297066437398826e-08, -1.3827370359820179e-08, 0.9999999403953552]], ""pose1"": [[0.6125283241271973, 0.11285414546728134, 0.0012634873855859041], [-1.4347008914228354e-08, 3.0573254150567664e-08, -9.28451093784588e-09, 1.0]]}}",0.09604528546333313,0.012268228456377983,0.07299182564020157,0.9984113582147737,1.697336196899414,1.6857869625091553,0.06172915881009197,0.0015588104724884033,0.07353537177251321,0.0020801392383873463,26.69667936264641,2.868135684037375,2.5093703269958496,0.05043443664908409,0.9710190179003675,0.6164323687553406,0.0,1.697336196899414,True,True,0,0,0.0,0.9583333333333334,0.9583333333333334,0.0,0.0409356988966465,0.8855911493301392,raw_action_file_high_confidence,/data/state_diff2/external/deformable-ravens/data/phase3_ccda_large_interrupted_20260704_152238/train/hidden-contact-cable-line/free/action/000000-5.pkl,
6,hidden_high_friction,1000,1,000000-5.pkl,paper_state,idm_pred_future,y_state,hidden_breakaway_pin,hidden_pin,free_vs_hidden_breakaway_pin,free_vs_hidden_pin,phase3_7_learned_action_alignment_no_phase4_no_cps,pick_place,True,0.6105170249938965,0.24773116409778595,0.015191354788839817,0.5111796259880066,0.09295432269573212,0.0018579126335680485,1.0000000000000004,1.0000000000000002,0.18391245057268935,True,"{""camera_config"": [{""image_size"": [480, 640], ""intrinsics"": [450.0, 0, 320.0, 0, 450.0, 240.0, 0, 0, 1], ""position"": [1.0, 0, 0.75], ""rotation"": [0.6532814824381883, 0.6532814824381884, -0.2705980500730986, -0.27059805007309845], ""zrange"": [0.01, 10.0], ""noise"": false}, {""image_size"": [480, 640], ""intrinsics"": [450.0, 0, 320.0, 0, 450.0, 240.0, 0, 0, 1], ""position"": [0, 0.5, 0.75], ""rotation"": [-0.3596047974904982, 0.8681627791959909, -0.3159854101251621, 0.1308854423858669], ""zrange"": [0.01, 10.0], ""noise"": false}, {""image_size"": [480, 640], ""intrinsics"": [450.0, 0, 320.0, 0, 450.0, 240.0, 0, 0, 1], ""position"": [0, -0.5, 0.75], ""rotation"": [-0.8681627791959909, 0.3596047974904982, -0.13088544238586683, 0.3159854101251621], ""zrange"": [0.01, 10.0], ""noise"": false}], ""primitive"": ""pick_place"", ""params"": {""pose0"": [[0.6105170249938965, 0.24773116409778595, 0.015191354788839817], [-6.152695242178652e-09, -3.084172917056094e-08, -3.445818075320517e-09, 1.0]], ""pose1"": [[0.5111796259880066, 0.09295432269573212, 0.0018579126335680485], [-1.4819823590528358e-08, 1.9299788434068432e-08, -1.1195044891110228e-08, 1.0]]}}",0.1445893794298172,0.015564539469778538,0.11027306318283081,0.996537262492788,1.6444698572158813,1.6857869625091553,0.01055179250607173,0.001879870891571045,0.144183933946806,0.001485713990405202,52.060150487664224,2.8429935545106426,2.5093703269958496,0.05043443664908409,0.9710190179003675,0.4666067659854889,0.0,1.6444698572158813,True,True,0,0,-0.041666666666666685,0.4166666666666667,0.375,-0.041666666666666685,0.011413030326366425,0.21408919990062714,raw_action_file_high_confidence,/data/state_diff2/external/deformable-ravens/data/phase3_ccda_large_interrupted_20260704_152238/train/hidden-contact-cable-line/free/action/000000-5.pkl,
6,hidden_high_friction,1000,1,000000-5.pkl,paper_state,same_state_oracle,y_state,hidden_breakaway_pin,hidden_pin,free_vs_hidden_breakaway_pin,free_vs_hidden_pin,phase3_7_learned_action_alignment_no_phase4_no_cps,None,True,nan,nan,nan,nan,nan,nan,nan,nan,nan,False,"{""camera_config"": [{""image_size"": [480, 640], ""intrinsics"": [450.0, 0, 320.0, 0, 450.0, 240.0, 0, 0, 1], ""position"": [1.0, 0, 0.75], ""rotation"": [0.6532814824381883, 0.6532814824381884, -0.2705980500730986, -0.27059805007309845], ""zrange"": [0.01, 10.0], ""noise"": false}, {""image_size"": [480, 640], ""intrinsics"": [450.0, 0, 320.0, 0, 450.0, 240.0, 0, 0, 1], ""position"": [0, 0.5, 0.75], ""rotation"": [-0.3596047974904982, 0.8681627791959909, -0.3159854101251621, 0.1308854423858669], ""zrange"": [0.01, 10.0], ""noise"": false}, {""image_size"": [480, 640], ""intrinsics"": [450.0, 0, 320.0, 0, 450.0, 240.0, 0, 0, 1], ""position"": [0, -0.5, 0.75], ""rotation"": [-0.8681627791959909, 0.3596047974904982, -0.13088544238586683, 0.3159854101251621], ""zrange"": [0.01, 10.0], ""noise"": false}], ""primitive"": null}",nan,nan,nan,nan,nan,1.6857869625091553,nan,nan,nan,nan,nan,nan,2.5093703269958496,0.05043443664908409,0.9710190179003675,nan,nan,nan,True,True,1,1,0.0,nan,nan,nan,0.04087481647729874,0.881833553314209,raw_action_file_high_confidence,/data/state_diff2/external/deformable-ravens/data/phase3_ccda_large_interrupted_20260704_152238/train/hidden-contact-cable-line/free/action/000000-5.pkl,
10,hidden_high_friction,1000,2,000000-5.pkl,paper_state,gt_y_action,y_state,hidden_breakaway_pin,hidden_pin,free_vs_hidden_breakaway_pin,free_vs_hidden_pin,phase3_7_learned_action_alignment_no_phase4_no_cps,pick_place,True,0.550000011920929,0.17812499403953552,0.01353535708039999,0.5663213729858398,0.1223711147904396,0.0027659526094794273,1.0,1.0,0.0580937335547816,True,"{""camera_config"": [{""image_size"": [480, 640], ""intrinsics"": [450.0, 0, 320.0, 0, 450.0, 240.0, 0, 0, 1], ""position"": [1.0, 0, 0.75], ""rotation"": [0.6532814824381883, 0.6532814824381884, -0.2705980500730986, -0.27059805007309845], ""zrange"": [0.01, 10.0], ""noise"": false}, {""image_size"": [480, 640], ""intrinsics"": [450.0, 0, 320.0, 0, 450.0, 240.0, 0, 0, 1], ""position"": [0, 0.5, 0.75], ""rotation"": [-0.3596047974904982, 0.8681627791959909, -0.3159854101251621, 0.1308854423858669], ""zrange"": [0.01, 10.0], ""noise"": false}, {""image_size"": [480, 640], ""intrinsics"": [450.0, 0, 320.0, 0, 450.0, 240.0, 0, 0, 1], ""position"": [0, -0.5, 0.75], ""rotation"": [-0.8681627791959909, 0.3596047974904982, -0.13088544238586683, 0.3159854101251621], ""zrange"": [0.01, 10.0], ""noise"": false}], ""primitive"": ""pick_place"", ""params"": {""pose0"": [[0.550000011920929, 0.17812499403953552, 0.01353535708039999], [0.0, 0.0, 0.0, 1.0]], ""pose1"": [[0.5663213729858398, 0.1223711147904396, 0.0027659526094794273], [0.0, 0.0, 0.0, 1.0]]}}",0.0,0.0,0.0,1.0,1.634048342704773,1.634048342704773,0.0,0.0,0.0,0.0,0.0,1.0,2.7573530673980713,0.05725502967834473,0.9679120613721605,nan,0.0,1.634048342704773,True,True,1,1,0.0,nan,nan,nan,0.055313315242528915,1.4470690488815308,raw_action_file_high_confidence,/data/state_diff2/external/deformable-ravens/data/phase3_ccda_large_interrupted_20260704_152238/train/hidden-contact-cable-line/free/action/000000-5.pkl,
10,hidden_high_friction,1000,2,000000-5.pkl,paper_state,idm_gt_future,y_state,hidden_breakaway_pin,hidden_pin,free_vs_hidden_breakaway_pin,free_vs_hidden_pin,phase3_7_learned_action_alignment_no_phase4_no_cps,pick_place,True,0.5634310245513916,0.19412414729595184,0.014726728200912476,0.5010231137275696,-0.011161903850734234,0.0009976665023714304,1.0000000000000002,1.0000000000000002,0.2145626018876401,True,"{""camera_config"": [{""image_size"": [480, 640], ""intrinsics"": [450.0, 0, 320.0, 0, 450.0, 240.0, 0, 0, 1], ""position"": [1.0, 0, 0.75], ""rotation"": [0.6532814824381883, 0.6532814824381884, -0.2705980500730986, -0.27059805007309845], ""zrange"": [0.01, 10.0], ""noise"": false}, {""image_size"": [480, 640], ""intrinsics"": [450.0, 0, 320.0, 0, 450.0, 240.0, 0, 0, 1], ""position"": [0, 0.5, 0.75], ""rotation"": [-0.3596047974904982, 0.8681627791959909, -0.3159854101251621, 0.1308854423858669], ""zrange"": [0.01, 10.0], ""noise"": false}, {""image_size"": [480, 640], ""intrinsics"": [450.0, 0, 320.0, 0, 450.0, 240.0, 0, 0, 1], ""position"": [0, -0.5, 0.75], ""rotation"": [-0.8681627791959909, 0.3596047974904982, -0.13088544238586683, 0.3159854101251621], ""zrange"": [0.01, 10.0], ""noise"": false}], ""primitive"": ""pick_place"", ""params"": {""pose0"": [[0.5634310245513916, 0.19412414729595184, 0.014726728200912476], [-4.8035140309821145e-09, 1.6127858160075448e-08, -8.013626207059588e-09, 1.0]], ""pose1"": [[0.5010231137275696, -0.011161903850734234, 0.0009976665023714304], [8.843874965691612e-09, -1.3925302688733154e-08, 8.559212005820882e-09, 1.0]]}}",0.15011942386627197,0.01651579886674881,0.13353301584720612,0.9958014705180325,1.6144675016403198,1.634048342704773,0.020889351478730594,0.0011913711205124855,0.14864363333013747,0.001768286107107997,33.22635129649807,3.6933863389122767,2.7573530673980713,0.05725502967834473,0.9679120613721605,0.3168485164642334,0.0,1.6144675016403198,True,True,0,0,0.0,0.5416666666666666,0.5416666666666666,0.0,0.011720051057636738,0.24312779307365417,raw_action_file_high_confidence,/data/state_diff2/external/deformable-ravens/data/phase3_ccda_large_interrupted_20260704_152238/train/hidden-contact-cable-line/free/action/000000-5.pkl,
10,hidden_high_friction,1000,2,000000-5.pkl,paper_state,idm_pred_future,y_state,hidden_breakaway_pin,hidden_pin,free_vs_hidden_breakaway_pin,free_vs_hidden_pin,phase3_7_learned_action_alignment_no_phase4_no_cps,pick_place,True,0.5398215651512146,0.1274520456790924,0.015196844935417175,0.4896854758262634,-0.14524289965629578,0.005623409990221262,1.0000001192092922,1.0000000000000004,0.27726550572379144,True,"{""camera_config"": [{""image_size"": [480, 640], ""intrinsics"": [450.0, 0, 320.0, 0, 450.0, 240.0, 0, 0, 1], ""position"": [1.0, 0, 0.75], ""rotation"": [0.6532814824381883, 0.6532814824381884, -0.2705980500730986, -0.27059805007309845], ""zrange"": [0.01, 10.0], ""noise"": false}, {""image_size"": [480, 640], ""intrinsics"": [450.0, 0, 320.0, 0, 450.0, 240.0, 0, 0, 1], ""position"": [0, 0.5, 0.75], ""rotation"": [-0.3596047974904982, 0.8681627791959909, -0.3159854101251621, 0.1308854423858669], ""zrange"": [0.01, 10.0], ""noise"": false}, {""image_size"": [480, 640], ""intrinsics"": [450.0, 0, 320.0, 0, 450.0, 240.0, 0, 0, 1], ""position"": [0, -0.5, 0.75], ""rotation"": [-0.8681627791959909, 0.3596047974904982, -0.13088544238586683, 0.3159854101251621], ""zrange"": [0.01, 10.0], ""noise"": false}], ""primitive"": ""pick_place"", ""params"": {""pose0"": [[0.5398215651512146, 0.1274520456790924, 0.015196844935417175], [3.8487502962425424e-08, -6.230443005961206e-08, -8.824939889962025e-09, 1.0000001192092896]], ""pose1"": [[0.4896854758262634, -0.14524289965629578, 0.005623409990221262], [-7.467273022143672e-09, 1.777288538562516e-08, 2.796637588176054e-08, 1.0]]}}",0.2831476628780365,0.0292586088180542,0.2676140069961548,0.984880896824994,1.6027480363845825,1.634048342704773,0.05168508947640551,0.0016614878550171852,0.2783708344308912,0.0028574573807418346,26.734560188847897,4.772726570626311,2.7573530673980713,0.05725502967834473,0.9679120613721605,0.5748673677444458,0.0,1.6027480363845825,True,True,1,1,0.0,nan,nan,nan,0.05567378178238869,1.4518650770187378,raw_action_file_high_confidence,/data/state_diff2/external/deformable-ravens/data/phase3_ccda_large_interrupted_20260704_152238/train/hidden-contact-cable-line/free/action/000000-5.pkl,
10,hidden_high_friction,1000,2,000000-5.pkl,paper_state,same_state_oracle,y_state,hidden_breakaway_pin,hidden_pin,free_vs_hidden_breakaway_pin,free_vs_hidden_pin,phase3_7_learned_action_alignment_no_phase4_no_cps,None,True,nan,nan,nan,nan,nan,nan,nan,nan,nan,False,"{""camera_config"": [{""image_size"": [480, 640], ""intrinsics"": [450.0, 0, 320.0, 0, 450.0, 240.0, 0, 0, 1], ""position"": [1.0, 0, 0.75], ""rotation"": [0.6532814824381883, 0.6532814824381884, -0.2705980500730986, -0.27059805007309845], ""zrange"": [0.01, 10.0], ""noise"": false}, {""image_size"": [480, 640], ""intrinsics"": [450.0, 0, 320.0, 0, 450.0, 240.0, 0, 0, 1], ""position"": [0, 0.5, 0.75], ""rotation"": [-0.3596047974904982, 0.8681627791959909, -0.3159854101251621, 0.1308854423858669], ""zrange"": [0.01, 10.0], ""noise"": false}, {""image_size"": [480, 640], ""intrinsics"": [450.0, 0, 320.0, 0, 450.0, 240.0, 0, 0, 1], ""position"": [0, -0.5, 0.75], ""rotation"": [-0.8681627791959909, 0.3596047974904982, -0.13088544238586683, 0.3159854101251621], ""zrange"": [0.01, 10.0], ""noise"": false}], ""primitive"": null}",nan,nan,nan,nan,nan,1.634048342704773,nan,nan,nan,nan,nan,nan,2.7573530673980713,0.05725502967834473,0.9679120613721605,nan,nan,nan,True,True,1,1,0.0,nan,nan,nan,0.0559769943356514,1.4532169103622437,raw_action_file_high_confidence,/data/state_diff2/external/deformable-ravens/data/phase3_ccda_large_interrupted_20260704_152238/train/hidden-contact-cable-line/free/action/000000-5.pkl,
3,hidden_breakaway_pin,1000,0,000000-4.pkl,paper_state,gt_y_action,y_state,hidden_breakaway_pin,hidden_pin,free_vs_hidden_breakaway_pin,free_vs_hidden_pin,phase3_7_learned_action_alignment_no_phase4_no_cps,pick_place,True,0.671875,0.40625,0.03601432591676712,0.3977108895778656,-0.014461454004049301,-0.007450219243764877,1.0,1.0,0.5021594238623444,True,"{""camera_config"": [{""image_size"": [480, 640], ""intrinsics"": [450.0, 0, 320.0, 0, 450.0, 240.0, 0, 0, 1], ""position"": [1.0, 0, 0.75], ""rotation"": [0.6532814824381883, 0.6532814824381884, -0.2705980500730986, -0.27059805007309845], ""zrange"": [0.01, 10.0], ""noise"": false}, {""image_size"": [480, 640], ""intrinsics"": [450.0, 0, 320.0, 0, 450.0, 240.0, 0, 0, 1], ""position"": [0, 0.5, 0.75], ""rotation"": [-0.3596047974904982, 0.8681627791959909, -0.3159854101251621, 0.1308854423858669], ""zrange"": [0.01, 10.0], ""noise"": false}, {""image_size"": [480, 640], ""intrinsics"": [450.0, 0, 320.0, 0, 450.0, 240.0, 0, 0, 1], ""position"": [0, -0.5, 0.75], ""rotation"": [-0.8681627791959909, 0.3596047974904982, -0.13088544238586683, 0.3159854101251621], ""zrange"": [0.01, 10.0], ""noise"": false}], ""primitive"": ""pick_place"", ""params"": {""pose0"": [[0.671875, 0.40625, 0.03601432591676712], [0.0, 0.0, 0.0, 1.0]], ""pose1"": [[0.3977108895778656, -0.014461454004049301, -0.007450219243764877], [0.0, 0.0, 0.0, 1.0]]}}",0.0,0.0,0.0,0.9999999999999999,1.666190505027771,1.666190505027771,0.0,0.0,0.0,0.0,1.2074182697257333e-06,1.0,2.3576438426971436,0.04720264673233032,0.9757874954057517,nan,0.0,1.666190505027771,True,True,0,0,0.5,0.0,0.5,0.5,0.0038219995331019163,0.09250893443822861,raw_action_file_high_confidence,/data/state_diff2/external/deformable-ravens/data/phase3_ccda_large_interrupted_20260704_152238/heldout/hidden-contact-cable-line/free/action/000000-4.pkl,
3,hidden_breakaway_pin,1000,0,000000-4.pkl,paper_state,idm_gt_future,y_state,hidden_breakaway_pin,hidden_pin,free_vs_hidden_breakaway_pin,free_vs_hidden_pin,phase3_7_learned_action_alignment_no_phase4_no_cps,pick_place,True,0.6992624402046204,0.42327454686164856,0.026445746421813965,0.37959757447242737,0.00625365786254406,0.0025615037884563208,1.0000001192092915,0.9999999403953572,0.5254446195796322,True,"{""camera_config"": [{""image_size"": [480, 640], ""intrinsics"": [450.0, 0, 320.0, 0, 450.0, 240.0, 0, 0, 1], ""position"": [1.0, 0, 0.75], ""rotation"": [0.6532814824381883, 0.6532814824381884, -0.2705980500730986, -0.27059805007309845], ""zrange"": [0.01, 10.0], ""noise"": false}, {""image_size"": [480, 640], ""intrinsics"": [450.0, 0, 320.0, 0, 450.0, 240.0, 0, 0, 1], ""position"": [0, 0.5, 0.75], ""rotation"": [-0.3596047974904982, 0.8681627791959909, -0.3159854101251621, 0.1308854423858669], ""zrange"": [0.01, 10.0], ""noise"": false}, {""image_size"": [480, 640], ""intrinsics"": [450.0, 0, 320.0, 0, 450.0, 240.0, 0, 0, 1], ""position"": [0, -0.5, 0.75], ""rotation"": [-0.8681627791959909, 0.3596047974904982, -0.13088544238586683, 0.3159854101251621], ""zrange"": [0.01, 10.0], ""noise"": false}], ""primitive"": ""pick_place"", ""params"": {""pose0"": [[0.6992624402046204, 0.42327454686164856, 0.026445746421813965], [-5.3208008665706075e-08, -3.307003737518244e-08, 1.9309084109409014e-08, 1.0000001192092896]], ""pose1"": [[0.37959757447242737, 0.00625365786254406, 0.0025615037884563208], [5.6425058403419825e-08, -1.0820652818210874e-08, -2.641755258991907e-08, 0.9999999403953552]]}}",0.044597167521715164,0.007344364188611507,0.02738744020462036,0.9996657919670124,1.6771907806396484,1.666190505027771,0.03224759024804991,0.009568579494953156,0.02751741346410258,0.010011723032221198,4.3807606137861175,1.046370125921745,2.3576438426971436,0.04720264673233032,0.9757874954057517,1.093228816986084,0.0,1.6771907806396484,True,True,0,0,0.0,0.0,0.0,0.0,0.00380960782058537,0.09240551292896271,raw_action_file_high_confidence,/data/state_diff2/external/deformable-ravens/data/phase3_ccda_large_interrupted_20260704_152238/heldout/hidden-contact-cable-line/free/action/000000-4.pkl,
3,hidden_breakaway_pin,1000,0,000000-4.pkl,paper_state,idm_pred_future,y_state,hidden_breakaway_pin,hidden_pin,free_vs_hidden_breakaway_pin,free_vs_hidden_pin,phase3_7_learned_action_alignment_no_phase4_no_cps,pick_place,True,0.7528060078620911,0.3970530927181244,0.02441050112247467,0.5390453338623047,-0.1102631539106369,0.0007293875096365809,1.000000000000002,1.0000000000000013,0.5505119434147974,True,"{""camera_config"": [{""image_size"": [480, 640], ""intrinsics"": [450.0, 0, 320.0, 0, 450.0, 240.0, 0, 0, 1], ""position"": [1.0, 0, 0.75], ""rotation"": [0.6532814824381883, 0.6532814824381884, -0.2705980500730986, -0.27059805007309845], ""zrange"": [0.01, 10.0], ""noise"": false}, {""image_size"": [480, 640], ""intrinsics"": [450.0, 0, 320.0, 0, 450.0, 240.0, 0, 0, 1], ""position"": [0, 0.5, 0.75], ""rotation"": [-0.3596047974904982, 0.8681627791959909, -0.3159854101251621, 0.1308854423858669], ""zrange"": [0.01, 10.0], ""noise"": false}, {""image_size"": [480, 640], ""intrinsics"": [450.0, 0, 320.0, 0, 450.0, 240.0, 0, 0, 1], ""position"": [0, -0.5, 0.75], ""rotation"": [-0.8681627791959909, 0.3596047974904982, -0.13088544238586683, 0.3159854101251621], ""zrange"": [0.01, 10.0], ""noise"": false}], ""primitive"": ""pick_place"", ""params"": {""pose0"": [[0.7528060078620911, 0.3970530927181244, 0.02441050112247467], [2.0234007802599763e-09, 3.5643672902097023e-08, -5.199883190698529e-08, 1.0]], ""pose1"": [[0.5390453338623047, -0.1102631539106369, 0.0007293875096365809], [4.616879323293688e-08, -1.7380333616756616e-08, -2.1965346874708302e-08, 1.0]]}}",0.18970860540866852,0.024789121001958847,0.1413344442844391,0.9947334728387044,1.7400264739990234,1.666190505027771,0.08145189461961742,0.01160382479429245,0.17074364071959777,0.008179606753401458,10.242582593993838,1.096289180795515,2.3576438426971436,0.04720264673233032,0.9757874954057517,0.9832704663276672,0.0,1.7400264739990234,True,True,0,0,0.0,0.0,0.0,0.0,0.003828367916867137,0.09251617640256882,raw_action_file_high_confidence,/data/state_diff2/external/deformable-ravens/data/phase3_ccda_large_interrupted_20260704_152238/heldout/hidden-contact-cable-line/free/action/000000-4.pkl,
3,hidden_breakaway_pin,1000,0,000000-4.pkl,paper_state,same_state_oracle,y_state,hidden_breakaway_pin,hidden_pin,free_vs_hidden_breakaway_pin,free_vs_hidden_pin,phase3_7_learned_action_alignment_no_phase4_no_cps,None,True,nan,nan,nan,nan,nan,nan,nan,nan,nan,False,"{""camera_config"": [{""image_size"": [480, 640], ""intrinsics"": [450.0, 0, 320.0, 0, 450.0, 240.0, 0, 0, 1], ""position"": [1.0, 0, 0.75], ""rotation"": [0.6532814824381883, 0.6532814824381884, -0.2705980500730986, -0.27059805007309845], ""zrange"": [0.01, 10.0], ""noise"": false}, {""image_size"": [480, 640], ""intrinsics"": [450.0, 0, 320.0, 0, 450.0, 240.0, 0, 0, 1], ""position"": [0, 0.5, 0.75], ""rotation"": [-0.3596047974904982, 0.8681627791959909, -0.3159854101251621, 0.1308854423858669], ""zrange"": [0.01, 10.0], ""noise"": false}, {""image_size"": [480, 640], ""intrinsics"": [450.0, 0, 320.0, 0, 450.0, 240.0, 0, 0, 1], ""position"": [0, -0.5, 0.75], ""rotation"": [-0.8681627791959909, 0.3596047974904982, -0.13088544238586683, 0.3159854101251621], ""zrange"": [0.01, 10.0], ""noise"": false}], ""primitive"": null}",nan,nan,nan,nan,nan,1.666190505027771,nan,nan,nan,nan,nan,nan,2.3576438426971436,0.04720264673233032,0.9757874954057517,nan,nan,nan,True,True,0,0,0.0,0.0,0.0,0.0,0.003828785615041852,0.09246493130922318,raw_action_file_high_confidence,/data/state_diff2/external/deformable-ravens/data/phase3_ccda_large_interrupted_20260704_152238/heldout/hidden-contact-cable-line/free/action/000000-4.pkl,
7,hidden_breakaway_pin,1000,1,000000-4.pkl,paper_state,gt_y_action,y_state,hidden_breakaway_pin,hidden_pin,free_vs_hidden_breakaway_pin,free_vs_hidden_pin,phase3_7_learned_action_alignment_no_phase4_no_cps,pick_place,True,0.609375,0.22812500596046448,0.013410571962594986,0.6213554739952087,0.1864524483680725,0.004288728814572096,1.0,1.0,0.04336050983834367,True,"{""camera_config"": [{""image_size"": [480, 640], ""intrinsics"": [450.0, 0, 320.0, 0, 450.0, 240.0, 0, 0, 1], ""position"": [1.0, 0, 0.75], ""rotation"": [0.6532814824381883, 0.6532814824381884, -0.2705980500730986, -0.27059805007309845], ""zrange"": [0.01, 10.0], ""noise"": false}, {""image_size"": [480, 640], ""intrinsics"": [450.0, 0, 320.0, 0, 450.0, 240.0, 0, 0, 1], ""position"": [0, 0.5, 0.75], ""rotation"": [-0.3596047974904982, 0.8681627791959909, -0.3159854101251621, 0.1308854423858669], ""zrange"": [0.01, 10.0], ""noise"": false}, {""image_size"": [480, 640], ""intrinsics"": [450.0, 0, 320.0, 0, 450.0, 240.0, 0, 0, 1], ""position"": [0, -0.5, 0.75], ""rotation"": [-0.8681627791959909, 0.3596047974904982, -0.13088544238586683, 0.3159854101251621], ""zrange"": [0.01, 10.0], ""noise"": false}], ""primitive"": ""pick_place"", ""params"": {""pose0"": [[0.609375, 0.22812500596046448, 0.013410571962594986], [0.0, 0.0, 0.0, 1.0]], ""pose1"": [[0.6213554739952087, 0.1864524483680725, 0.004288728814572096], [0.0, 0.0, 0.0, 1.0]]}}",0.0,0.0,0.0,1.0,1.6865421533584595,1.6865421533584595,0.0,0.0,0.0,0.0,0.0,1.0,2.8247785568237305,0.056596554815769196,0.9657530582217448,nan,0.0,1.6865421533584595,True,True,0,0,0.0,0.0,0.0,0.0,0.09086257964372635,1.8510009050369263,raw_action_file_high_confidence,/data/state_diff2/external/deformable-ravens/data/phase3_ccda_large_interrupted_20260704_152238/heldout/hidden-contact-cable-line/free/action/000000-4.pkl,
7,hidden_breakaway_pin,1000,1,000000-4.pkl,paper_state,idm_gt_future,y_state,hidden_breakaway_pin,hidden_pin,free_vs_hidden_breakaway_pin,free_vs_hidden_pin,phase3_7_learned_action_alignment_no_phase4_no_cps,pick_place,True,0.6366445422172546,0.29326769709587097,0.011017014272511005,0.6123977303504944,0.09697837382555008,0.001020536758005619,0.9999999403953556,1.0000000000000007,0.19778120819638706,True,"{""camera_config"": [{""image_size"": [480, 640], ""intrinsics"": [450.0, 0, 320.0, 0, 450.0, 240.0, 0, 0, 1], ""position"": [1.0, 0, 0.75], ""rotation"": [0.6532814824381883, 0.6532814824381884, -0.2705980500730986, -0.27059805007309845], ""zrange"": [0.01, 10.0], ""noise"": false}, {""image_size"": [480, 640], ""intrinsics"": [450.0, 0, 320.0, 0, 450.0, 240.0, 0, 0, 1], ""position"": [0, 0.5, 0.75], ""rotation"": [-0.3596047974904982, 0.8681627791959909, -0.3159854101251621, 0.1308854423858669], ""zrange"": [0.01, 10.0], ""noise"": false}, {""image_size"": [480, 640], ""intrinsics"": [450.0, 0, 320.0, 0, 450.0, 240.0, 0, 0, 1], ""position"": [0, -0.5, 0.75], ""rotation"": [-0.8681627791959909, 0.3596047974904982, -0.13088544238586683, 0.3159854101251621], ""zrange"": [0.01, 10.0], ""noise"": false}], ""primitive"": ""pick_place"", ""params"": {""pose0"": [[0.6366445422172546, 0.29326769709587097, 0.011017014272511005], [-7.850267103037822e-10, -1.684319173023141e-08, -1.5000473752024845e-08, 0.9999999403953552]], ""pose1"": [[0.6123977303504944, 0.09697837382555008, 0.001020536758005619], [-1.7186537748514752e-09, 2.985948555078721e-08, -2.5879048237698044e-08, 1.0]]}}",0.1144091784954071,0.014036139473319054,0.08947407454252243,0.9977268400960136,1.6958420276641846,1.6865421533584595,0.07062009728895594,0.0023935576900839806,0.08992136112429171,0.003268192056566477,23.081292708981096,4.561321094557086,2.8247785568237305,0.056596554815769196,0.9657530582217448,0.6168551445007324,0.0,1.6958420276641846,True,True,0,0,0.0,0.0,0.0,0.0,0.09084086865186691,1.8510706424713135,raw_action_file_high_confidence,/data/state_diff2/external/deformable-ravens/data/phase3_ccda_large_interrupted_20260704_152238/heldout/hidden-contact-cable-line/free/action/000000-4.pkl,
7,hidden_breakaway_pin,1000,1,000000-4.pkl,paper_state,idm_pred_future,y_state,hidden_breakaway_pin,hidden_pin,free_vs_hidden_breakaway_pin,free_vs_hidden_pin,phase3_7_learned_action_alignment_no_phase4_no_cps,pick_place,True,0.6612821221351624,0.2673949599266052,0.01637589931488037,0.5864353775978088,-0.11577455699443817,0.005913127679377794,1.00000011920929,1.0000000000000004,0.3904112112444334,True,"{""camera_config"": [{""image_size"": [480, 640], ""intrinsics"": [450.0, 0, 320.0, 0, 450.0, 240.0, 0, 0, 1], ""position"": [1.0, 0, 0.75], ""rotation"": [0.6532814824381883, 0.6532814824381884, -0.2705980500730986, -0.27059805007309845], ""zrange"": [0.01, 10.0], ""noise"": false}, {""image_size"": [480, 640], ""intrinsics"": [450.0, 0, 320.0, 0, 450.0, 240.0, 0, 0, 1], ""position"": [0, 0.5, 0.75], ""rotation"": [-0.3596047974904982, 0.8681627791959909, -0.3159854101251621, 0.1308854423858669], ""zrange"": [0.01, 10.0], ""noise"": false}, {""image_size"": [480, 640], ""intrinsics"": [450.0, 0, 320.0, 0, 450.0, 240.0, 0, 0, 1], ""position"": [0, -0.5, 0.75], ""rotation"": [-0.8681627791959909, 0.3596047974904982, -0.13088544238586683, 0.3159854101251621], ""zrange"": [0.01, 10.0], ""noise"": false}], ""primitive"": ""pick_place"", ""params"": {""pose0"": [[0.6612821221351624, 0.2673949599266052, 0.01637589931488037], [-1.4554665916932663e-08, -2.393103315512235e-08, 1.8055185790899486e-08, 1.0000001192092896]], ""pose1"": [[0.5864353775978088, -0.11577455699443817, 0.005913127679377794], [-6.920776840502185e-09, 1.6919040390916962e-08, 2.8911390614894117e-08, 1.0]]}}",0.31114065647125244,0.030922438949346542,0.3022270202636719,0.9830555526783343,1.6930468082427979,1.6865421533584595,0.065088237131278,0.002965327352285385,0.304237696386879,0.0016243988648056984,27.092198610914703,9.003842729247454,2.8247785568237305,0.056596554815769196,0.9657530582217448,0.7531032562255859,0.0,1.6930468082427979,True,True,0,0,0.0,0.0,0.0,0.0,0.09087708592414856,1.850821852684021,raw_action_file_high_confidence,/data/state_diff2/external/deformable-ravens/data/phase3_ccda_large_interrupted_20260704_152238/heldout/hidden-contact-cable-line/free/action/000000-4.pkl,
7,hidden_breakaway_pin,1000,1,000000-4.pkl,paper_state,same_state_oracle,y_state,hidden_breakaway_pin,hidden_pin,free_vs_hidden_breakaway_pin,free_vs_hidden_pin,phase3_7_learned_action_alignment_no_phase4_no_cps,pick_place,True,0.696875,0.37812500000000004,0.0138496533036232,0.3845699727535248,-0.027785738930106163,0.008861614391207695,1.0,1.0,0.5121503275623345,True,"{""camera_config"": [{""image_size"": [480, 640], ""intrinsics"": [450.0, 0, 320.0, 0, 450.0, 240.0, 0, 0, 1], ""position"": [1.0, 0, 0.75], ""rotation"": [0.6532814824381883, 0.6532814824381884, -0.2705980500730986, -0.27059805007309845], ""zrange"": [0.01, 10.0], ""noise"": false}, {""image_size"": [480, 640], ""intrinsics"": [450.0, 0, 320.0, 0, 450.0, 240.0, 0, 0, 1], ""position"": [0, 0.5, 0.75], ""rotation"": [-0.3596047974904982, 0.8681627791959909, -0.3159854101251621, 0.1308854423858669], ""zrange"": [0.01, 10.0], ""noise"": false}, {""image_size"": [480, 640], ""intrinsics"": [450.0, 0, 320.0, 0, 450.0, 240.0, 0, 0, 1], ""position"": [0, -0.5, 0.75], ""rotation"": [-0.8681627791959909, 0.3596047974904982, -0.13088544238586683, 0.3159854101251621], ""zrange"": [0.01, 10.0], ""noise"": false}], ""primitive"": ""pick_place"", ""params"": {""pose0"": [[0.696875, 0.37812500000000004, 0.0138496533036232], [0.0, 0.0, 0.0, 1.0]], ""pose1"": [[0.3845699727535248, -0.027785738930106163, 0.008861614391207695], [0, 0, 0, 1]]}}",nan,nan,nan,nan,nan,1.6865421533584595,0.17365554471959918,0.0004390813410282135,0.3193201755215054,0.004572885576635599,53.613896933252995,11.811446163150054,2.8247785568237305,0.056596554815769196,0.9657530582217448,nan,nan,nan,True,True,0,0,0.3333333333333333,0.0,0.3333333333333333,0.3333333333333333,0.09086467325687408,1.8509973287582397,raw_action_file_high_confidence,/data/state_diff2/external/deformable-ravens/data/phase3_ccda_large_interrupted_20260704_152238/heldout/hidden-contact-cable-line/free/action/000000-4.pkl,
11,hidden_breakaway_pin,1000,2,000000-4.pkl,paper_state,gt_y_action,y_state,hidden_breakaway_pin,hidden_pin,free_vs_hidden_breakaway_pin,free_vs_hidden_pin,phase3_7_learned_action_alignment_no_phase4_no_cps,pick_place,True,0.565625011920929,0.171875,0.013295394368469715,0.5789891481399536,0.13196823000907898,0.0042389617301523685,1.0,1.0,0.04208503805378963,True,"{""camera_config"": [{""image_size"": [480, 640], ""intrinsics"": [450.0, 0, 320.0, 0, 450.0, 240.0, 0, 0, 1], ""position"": [1.0, 0, 0.75], ""rotation"": [0.6532814824381883, 0.6532814824381884, -0.2705980500730986, -0.27059805007309845], ""zrange"": [0.01, 10.0], ""noise"": false}, {""image_size"": [480, 640], ""intrinsics"": [450.0, 0, 320.0, 0, 450.0, 240.0, 0, 0, 1], ""position"": [0, 0.5, 0.75], ""rotation"": [-0.3596047974904982, 0.8681627791959909, -0.3159854101251621, 0.1308854423858669], ""zrange"": [0.01, 10.0], ""noise"": false}, {""image_size"": [480, 640], ""intrinsics"": [450.0, 0, 320.0, 0, 450.0, 240.0, 0, 0, 1], ""position"": [0, -0.5, 0.75], ""rotation"": [-0.8681627791959909, 0.3596047974904982, -0.13088544238586683, 0.3159854101251621], ""zrange"": [0.01, 10.0], ""noise"": false}], ""primitive"": ""pick_place"", ""params"": {""pose0"": [[0.565625011920929, 0.171875, 0.013295394368469715], [0.0, 0.0, 0.0, 1.0]], ""pose1"": [[0.5789891481399536, 0.13196823000907898, 0.0042389617301523685], [0.0, 0.0, 0.0, 1.0]]}}",0.0,0.0,0.0,1.0,1.6438709497451782,1.6438709497451782,0.0,0.0,0.0,0.0,8.537736462515939e-07,1.0,2.395416498184204,0.049079857766628265,0.9755310860574314,nan,0.0,1.6438709497451782,True,True,0,0,0.0,0.0,0.0,0.0,0.10078535974025726,2.0089311599731445,raw_action_file_high_confidence,/data/state_diff2/external/deformable-ravens/data/phase3_ccda_large_interrupted_20260704_152238/heldout/hidden-contact-cable-line/free/action/000000-4.pkl,
11,hidden_breakaway_pin,1000,2,000000-4.pkl,paper_state,idm_gt_future,y_state,hidden_breakaway_pin,hidden_pin,free_vs_hidden_breakaway_pin,free_vs_hidden_pin,phase3_7_learned_action_alignment_no_phase4_no_cps,pick_place,True,0.5710662603378296,0.19388779997825623,0.01534388680011034,0.5262328386306763,-0.03795603662729263,0.0020980893168598413,1.0000000000000002,1.0000000000000002,0.2361389427306557,True,"{""camera_config"": [{""image_size"": [480, 640], ""intrinsics"": [450.0, 0, 320.0, 0, 450.0, 240.0, 0, 0, 1], ""position"": [1.0, 0, 0.75], ""rotation"": [0.6532814824381883, 0.6532814824381884, -0.2705980500730986, -0.27059805007309845], ""zrange"": [0.01, 10.0], ""noise"": false}, {""image_size"": [480, 640], ""intrinsics"": [450.0, 0, 320.0, 0, 450.0, 240.0, 0, 0, 1], ""position"": [0, 0.5, 0.75], ""rotation"": [-0.3596047974904982, 0.8681627791959909, -0.3159854101251621, 0.1308854423858669], ""zrange"": [0.01, 10.0], ""noise"": false}, {""image_size"": [480, 640], ""intrinsics"": [450.0, 0, 320.0, 0, 450.0, 240.0, 0, 0, 1], ""position"": [0, -0.5, 0.75], ""rotation"": [-0.8681627791959909, 0.3596047974904982, -0.13088544238586683, 0.3159854101251621], ""zrange"": [0.01, 10.0], ""noise"": false}], ""primitive"": ""pick_place"", ""params"": {""pose0"": [[0.5710662603378296, 0.19388779997825623, 0.01534388680011034], [8.333194578824532e-09, 2.1258356852627003e-08, -1.3300817336414639e-08, 1.0]], ""pose1"": [[0.5262328386306763, -0.03795603662729263, 0.0020980893168598413], [8.201975099098036e-09, -1.496752943808133e-08, 1.6311991757334e-08, 1.0]]}}",0.17938905954360962,0.018166005611419678,0.16992425918579102,0.9940415553716574,1.625518560409546,1.6438709497451782,0.022675329043194522,0.002048492431640625,0.17792550290767026,0.002140872413292527,29.459504646377898,5.610995110158682,2.395416498184204,0.049079857766628265,0.9755310860574314,0.3786808252334595,0.0,1.625518560409546,True,True,0,0,0.0,0.0,0.0,0.0,0.10076350718736649,2.0091569423675537,raw_action_file_high_confidence,/data/state_diff2/external/deformable-ravens/data/phase3_ccda_large_interrupted_20260704_152238/heldout/hidden-contact-cable-line/free/action/000000-4.pkl,
11,hidden_breakaway_pin,1000,2,000000-4.pkl,paper_state,idm_pred_future,y_state,hidden_breakaway_pin,hidden_pin,free_vs_hidden_breakaway_pin,free_vs_hidden_pin,phase3_7_learned_action_alignment_no_phase4_no_cps,pick_place,True,0.5100817680358887,0.11718270182609558,0.0142971808090806,0.41808247566223145,0.05592270940542221,-0.0009899140568450093,1.0000000000000004,1.0,0.11052898474443083,True,"{""camera_config"": [{""image_size"": [480, 640], ""intrinsics"": [450.0, 0, 320.0, 0, 450.0, 240.0, 0, 0, 1], ""position"": [1.0, 0, 0.75], ""rotation"": [0.6532814824381883, 0.6532814824381884, -0.2705980500730986, -0.27059805007309845], ""zrange"": [0.01, 10.0], ""noise"": false}, {""image_size"": [480, 640], ""intrinsics"": [450.0, 0, 320.0, 0, 450.0, 240.0, 0, 0, 1], ""position"": [0, 0.5, 0.75], ""rotation"": [-0.3596047974904982, 0.8681627791959909, -0.3159854101251621, 0.1308854423858669], ""zrange"": [0.01, 10.0], ""noise"": false}, {""image_size"": [480, 640], ""intrinsics"": [450.0, 0, 320.0, 0, 450.0, 240.0, 0, 0, 1], ""position"": [0, -0.5, 0.75], ""rotation"": [-0.8681627791959909, 0.3596047974904982, -0.13088544238586683, 0.3159854101251621], ""zrange"": [0.01, 10.0], ""noise"": false}], ""primitive"": ""pick_place"", ""params"": {""pose0"": [[0.5100817680358887, 0.11718270182609558, 0.0142971808090806], [-4.804264763791366e-10, -3.050393715398059e-08, 8.369728909940477e-09, 1.0]], ""pose1"": [[0.41808247566223145, 0.05592270940542221, -0.0009899140568450093], [5.051711049475216e-09, -1.2798290205395801e-09, 2.5021527072510708e-09, 1.0]]}}",0.19436697661876678,0.025244174525141716,0.16090667247772217,0.9938427952483013,1.56589937210083,1.6438709497451782,0.07795062168332163,0.0010017864406108856,0.1779715664136666,0.005228875786997378,74.85623244187386,2.6263249329408183,2.395416498184204,0.049079857766628265,0.9755310860574314,0.3032570779323578,0.0,1.56589937210083,True,True,0,0,0.0,0.0,0.0,0.0,0.10073768347501755,2.008925676345825,raw_action_file_high_confidence,/data/state_diff2/external/deformable-ravens/data/phase3_ccda_large_interrupted_20260704_152238/heldout/hidden-contact-cable-line/free/action/000000-4.pkl,
11,hidden_breakaway_pin,1000,2,000000-4.pkl,paper_state,same_state_oracle,y_state,hidden_breakaway_pin,hidden_pin,free_vs_hidden_breakaway_pin,free_vs_hidden_pin,phase3_7_learned_action_alignment_no_phase4_no_cps,pick_place,True,0.696875,0.37812500000000004,0.013836146332323551,0.38453713059425354,-0.02781161479651928,0.008848726749420166,1.0,1.0,0.5121908627624852,True,"{""camera_config"": [{""image_size"": [480, 640], ""intrinsics"": [450.0, 0, 320.0, 0, 450.0, 240.0, 0, 0, 1], ""position"": [1.0, 0, 0.75], ""rotation"": [0.6532814824381883, 0.6532814824381884, -0.2705980500730986, -0.27059805007309845], ""zrange"": [0.01, 10.0], ""noise"": false}, {""image_size"": [480, 640], ""intrinsics"": [450.0, 0, 320.0, 0, 450.0, 240.0, 0, 0, 1], ""position"": [0, 0.5, 0.75], ""rotation"": [-0.3596047974904982, 0.8681627791959909, -0.3159854101251621, 0.1308854423858669], ""zrange"": [0.01, 10.0], ""noise"": false}, {""image_size"": [480, 640], ""intrinsics"": [450.0, 0, 320.0, 0, 450.0, 240.0, 0, 0, 1], ""position"": [0, -0.5, 0.75], ""rotation"": [-0.8681627791959909, 0.3596047974904982, -0.13088544238586683, 0.3159854101251621], ""zrange"": [0.01, 10.0], ""noise"": false}], ""primitive"": ""pick_place"", ""params"": {""pose0"": [[0.696875, 0.37812500000000004, 0.013836146332323551], [0.0, 0.0, 0.0, 1.0]], ""pose1"": [[0.38453713059425354, -0.02781161479651928, 0.008848726749420166], [0, 0, 0, 1]]}}",nan,nan,nan,nan,nan,1.6438709497451782,0.24447008379504498,0.0005407519638538361,0.2516767488936837,0.0046097650192677975,56.09046118690135,12.170378986181383,2.395416498184204,0.049079857766628265,0.9755310860574314,nan,nan,nan,True,True,0,0,0.375,0.0,0.375,0.375,0.10076873749494553,2.0096962451934814,raw_action_file_high_confidence,/data/state_diff2/external/deformable-ravens/data/phase3_ccda_large_interrupted_20260704_152238/heldout/hidden-contact-cable-line/free/action/000000-4.pkl,
0,free,1000,0,000000-9.pkl,state_action,gt_y_action,y_state,hidden_breakaway_pin,hidden_pin,free_vs_hidden_breakaway_pin,free_vs_hidden_pin,phase3_7_learned_action_alignment_no_phase4_no_cps,pick_place,True,0.668749988079071,0.40625,0.03550928086042404,0.3997460603713989,-0.016988500952720642,-0.00808842945843935,1.0,1.0,0.5014917165924684,True,"{""camera_config"": [{""image_size"": [480, 640], ""intrinsics"": [450.0, 0, 320.0, 0, 450.0, 240.0, 0, 0, 1], ""position"": [1.0, 0, 0.75], ""rotation"": [0.6532814824381883, 0.6532814824381884, -0.2705980500730986, -0.27059805007309845], ""zrange"": [0.01, 10.0], ""noise"": false}, {""image_size"": [480, 640], ""intrinsics"": [450.0, 0, 320.0, 0, 450.0, 240.0, 0, 0, 1], ""position"": [0, 0.5, 0.75], ""rotation"": [-0.3596047974904982, 0.8681627791959909, -0.3159854101251621, 0.1308854423858669], ""zrange"": [0.01, 10.0], ""noise"": false}, {""image_size"": [480, 640], ""intrinsics"": [450.0, 0, 320.0, 0, 450.0, 240.0, 0, 0, 1], ""position"": [0, -0.5, 0.75], ""rotation"": [-0.8681627791959909, 0.3596047974904982, -0.13088544238586683, 0.3159854101251621], ""zrange"": [0.01, 10.0], ""noise"": false}], ""primitive"": ""pick_place"", ""params"": {""pose0"": [[0.668749988079071, 0.40625, 0.03550928086042404], [0.0, 0.0, 0.0, 1.0]], ""pose1"": [[0.3997460603713989, -0.016988500952720642, -0.00808842945843935], [0.0, 0.0, 0.0, 1.0]]}}",0.0,0.0,0.0,1.0000000000000002,1.665436029434204,1.665436029434204,0.0,0.0,0.0,0.0,1.2074182697257333e-06,1.0,2.746319055557251,0.05795173719525337,0.9666465954064011,nan,0.0,1.665436029434204,True,True,0,0,0.8333333333333334,0.0,0.8333333333333334,0.8333333333333334,0.003817760618403554,0.09241486340761185,raw_action_file_high_confidence,/data/state_diff2/external/deformable-ravens/data/phase3_ccda_large/heldout/hidden-contact-cable-line/hidden_high_friction/action/000000-9.pkl,
0,free,1000,0,000000-9.pkl,state_action,idm_gt_future,y_state,hidden_breakaway_pin,hidden_pin,free_vs_hidden_breakaway_pin,free_vs_hidden_pin,phase3_7_learned_action_alignment_no_phase4_no_cps,pick_place,True,0.6872899532318115,0.37839624285697937,0.02587382309138775,0.38476863503456116,-0.012341138906776905,0.002450771862640977,1.0000000000000016,0.9999999403953582,0.49416075266192216,True,"{""camera_config"": [{""image_size"": [480, 640], ""intrinsics"": [450.0, 0, 320.0, 0, 450.0, 240.0, 0, 0, 1], ""position"": [1.0, 0, 0.75], ""rotation"": [0.6532814824381883, 0.6532814824381884, -0.2705980500730986, -0.27059805007309845], ""zrange"": [0.01, 10.0], ""noise"": false}, {""image_size"": [480, 640], ""intrinsics"": [450.0, 0, 320.0, 0, 450.0, 240.0, 0, 0, 1], ""position"": [0, 0.5, 0.75], ""rotation"": [-0.3596047974904982, 0.8681627791959909, -0.3159854101251621, 0.1308854423858669], ""zrange"": [0.01, 10.0], ""noise"": false}, {""image_size"": [480, 640], ""intrinsics"": [450.0, 0, 320.0, 0, 450.0, 240.0, 0, 0, 1], ""position"": [0, -0.5, 0.75], ""rotation"": [-0.8681627791959909, 0.3596047974904982, -0.13088544238586683, 0.3159854101251621], ""zrange"": [0.01, 10.0], ""noise"": false}], ""primitive"": ""pick_place"", ""params"": {""pose0"": [[0.6872899532318115, 0.37839624285697937, 0.02587382309138775], [-5.5747396032757024e-08, 6.306841715542078e-10, 2.0122752353302076e-09, 1.0]], ""pose1"": [[0.38476863503456116, -0.012341138906776905, 0.002450771862640977], [4.7320277474227623e-08, -4.955422738817106e-08, -3.4006575333478395e-08, 0.9999999403953552]]}}",0.039615657180547714,0.006156672723591328,0.02785375714302063,0.9997180127378612,1.6626561880111694,1.665436029434204,0.03345985796214927,0.009635457769036293,0.015681876281447585,0.010539201321080327,5.308760409848856,0.985381684905269,2.746319055557251,0.05795173719525337,0.9666465954064011,1.0258982181549072,0.0,1.6626561880111694,True,True,0,0,0.0,0.0,0.0,0.0,0.0038408790715038776,0.0924479067325592,raw_action_file_high_confidence,/data/state_diff2/external/deformable-ravens/data/phase3_ccda_large/heldout/hidden-contact-cable-line/hidden_high_friction/action/000000-9.pkl,
0,free,1000,0,000000-9.pkl,state_action,idm_pred_future,y_state,hidden_breakaway_pin,hidden_pin,free_vs_hidden_breakaway_pin,free_vs_hidden_pin,phase3_7_learned_action_alignment_no_phase4_no_cps,pick_place,True,0.7164256572723389,0.4130566716194153,0.01688489317893982,0.52350914478302,-0.057204511016607285,-0.001026730751618743,0.9999999403953567,1.000000000000003,0.50829357726148,True,"{""camera_config"": [{""image_size"": [480, 640], ""intrinsics"": [450.0, 0, 320.0, 0, 450.0, 240.0, 0, 0, 1], ""position"": [1.0, 0, 0.75], ""rotation"": [0.6532814824381883, 0.6532814824381884, -0.2705980500730986, -0.27059805007309845], ""zrange"": [0.01, 10.0], ""noise"": false}, {""image_size"": [480, 640], ""intrinsics"": [450.0, 0, 320.0, 0, 450.0, 240.0, 0, 0, 1], ""position"": [0, 0.5, 0.75], ""rotation"": [-0.3596047974904982, 0.8681627791959909, -0.3159854101251621, 0.1308854423858669], ""zrange"": [0.01, 10.0], ""noise"": false}, {""image_size"": [480, 640], ""intrinsics"": [450.0, 0, 320.0, 0, 450.0, 240.0, 0, 0, 1], ""position"": [0, -0.5, 0.75], ""rotation"": [-0.8681627791959909, 0.3596047974904982, -0.13088544238586683, 0.3159854101251621], ""zrange"": [0.01, 10.0], ""noise"": false}], ""primitive"": ""pick_place"", ""params"": {""pose0"": [[0.7164256572723389, 0.4130566716194153, 0.01688489317893982], [-2.5642750145493665e-08, 3.324004538285408e-08, -3.221645883400015e-08, 0.9999999403953552]], ""pose1"": [[0.52350914478302, -0.057204511016607285, -0.001026730751618743], [4.3228297386121994e-08, -2.948286592641125e-08, -5.865037877583745e-08, 1.0]]}}",0.1401808261871338,0.017439130693674088,0.1237630844116211,0.9971085196489508,1.7209014892578125,1.665436029434204,0.04815911348395504,0.018624387681484222,0.13013311849232184,0.007061698706820607,10.1343743216681,1.0135632562691739,2.746319055557251,0.05795173719525337,0.9666465954064011,0.6918740272521973,0.0,1.7209014892578125,True,True,0,0,0.0,0.0,0.0,0.0,0.003831526031717658,0.0924254059791565,raw_action_file_high_confidence,/data/state_diff2/external/deformable-ravens/data/phase3_ccda_large/heldout/hidden-contact-cable-line/hidden_high_friction/action/000000-9.pkl,
0,free,1000,0,000000-9.pkl,state_action,same_state_oracle,y_state,hidden_breakaway_pin,hidden_pin,free_vs_hidden_breakaway_pin,free_vs_hidden_pin,phase3_7_learned_action_alignment_no_phase4_no_cps,None,True,nan,nan,nan,nan,nan,nan,nan,nan,nan,False,"{""camera_config"": [{""image_size"": [480, 640], ""intrinsics"": [450.0, 0, 320.0, 0, 450.0, 240.0, 0, 0, 1], ""position"": [1.0, 0, 0.75], ""rotation"": [0.6532814824381883, 0.6532814824381884, -0.2705980500730986, -0.27059805007309845], ""zrange"": [0.01, 10.0], ""noise"": false}, {""image_size"": [480, 640], ""intrinsics"": [450.0, 0, 320.0, 0, 450.0, 240.0, 0, 0, 1], ""position"": [0, 0.5, 0.75], ""rotation"": [-0.3596047974904982, 0.8681627791959909, -0.3159854101251621, 0.1308854423858669], ""zrange"": [0.01, 10.0], ""noise"": false}, {""image_size"": [480, 640], ""intrinsics"": [450.0, 0, 320.0, 0, 450.0, 240.0, 0, 0, 1], ""position"": [0, -0.5, 0.75], ""rotation"": [-0.8681627791959909, 0.3596047974904982, -0.13088544238586683, 0.3159854101251621], ""zrange"": [0.01, 10.0], ""noise"": false}], ""primitive"": null}",nan,nan,nan,nan,nan,1.665436029434204,nan,nan,nan,nan,nan,nan,2.746319055557251,0.05795173719525337,0.9666465954064011,nan,nan,nan,True,True,0,0,0.0,0.0,0.0,0.0,0.0038458090275526047,0.09243576228618622,raw_action_file_high_confidence,/data/state_diff2/external/deformable-ravens/data/phase3_ccda_large/heldout/hidden-contact-cable-line/hidden_high_friction/action/000000-9.pkl,
4,free,1000,1,000000-9.pkl,state_action,gt_y_action,y_state,hidden_breakaway_pin,hidden_pin,free_vs_hidden_breakaway_pin,free_vs_hidden_pin,phase3_7_learned_action_alignment_no_phase4_no_cps,pick_place,True,0.6000000238418579,0.23125000298023224,0.013128692284226418,0.6216307878494263,0.18776901066303253,0.0047466750256717205,1.0,1.0,0.04856425274252137,True,"{""camera_config"": [{""image_size"": [480, 640], ""intrinsics"": [450.0, 0, 320.0, 0, 450.0, 240.0, 0, 0, 1], ""position"": [1.0, 0, 0.75], ""rotation"": [0.6532814824381883, 0.6532814824381884, -0.2705980500730986, -0.27059805007309845], ""zrange"": [0.01, 10.0], ""noise"": false}, {""image_size"": [480, 640], ""intrinsics"": [450.0, 0, 320.0, 0, 450.0, 240.0, 0, 0, 1], ""position"": [0, 0.5, 0.75], ""rotation"": [-0.3596047974904982, 0.8681627791959909, -0.3159854101251621, 0.1308854423858669], ""zrange"": [0.01, 10.0], ""noise"": false}, {""image_size"": [480, 640], ""intrinsics"": [450.0, 0, 320.0, 0, 450.0, 240.0, 0, 0, 1], ""position"": [0, -0.5, 0.75], ""rotation"": [-0.8681627791959909, 0.3596047974904982, -0.13088544238586683, 0.3159854101251621], ""zrange"": [0.01, 10.0], ""noise"": false}], ""primitive"": ""pick_place"", ""params"": {""pose0"": [[0.6000000238418579, 0.23125000298023224, 0.013128692284226418], [0.0, 0.0, 0.0, 1.0]], ""pose1"": [[0.6216307878494263, 0.18776901066303253, 0.0047466750256717205], [0.0, 0.0, 0.0, 1.0]]}}",0.0,0.0,0.0,1.0000000000000002,1.683850884437561,1.683850884437561,0.0,0.0,0.0,0.0,0.0,1.0,2.571887731552124,0.05218829959630966,0.9712171531436795,nan,0.0,1.683850884437561,True,True,0,0,0.0,0.0,0.0,0.0,0.09082759916782379,1.8501365184783936,raw_action_file_high_confidence,/data/state_diff2/external/deformable-ravens/data/phase3_ccda_large/heldout/hidden-contact-cable-line/hidden_high_friction/action/000000-9.pkl,
4,free,1000,1,000000-9.pkl,state_action,idm_gt_future,y_state,hidden_breakaway_pin,hidden_pin,free_vs_hidden_breakaway_pin,free_vs_hidden_pin,phase3_7_learned_action_alignment_no_phase4_no_cps,pick_place,True,0.6340979337692261,0.3086932301521301,0.015534686855971813,0.6389330625534058,0.11077744513750076,0.0037453784607350826,1.0000000000000004,1.000000000000001,0.19797483786662534,True,"{""camera_config"": [{""image_size"": [480, 640], ""intrinsics"": [450.0, 0, 320.0, 0, 450.0, 240.0, 0, 0, 1], ""position"": [1.0, 0, 0.75], ""rotation"": [0.6532814824381883, 0.6532814824381884, -0.2705980500730986, -0.27059805007309845], ""zrange"": [0.01, 10.0], ""noise"": false}, {""image_size"": [480, 640], ""intrinsics"": [450.0, 0, 320.0, 0, 450.0, 240.0, 0, 0, 1], ""position"": [0, 0.5, 0.75], ""rotation"": [-0.3596047974904982, 0.8681627791959909, -0.3159854101251621, 0.1308854423858669], ""zrange"": [0.01, 10.0], ""noise"": false}, {""image_size"": [480, 640], ""intrinsics"": [450.0, 0, 320.0, 0, 450.0, 240.0, 0, 0, 1], ""position"": [0, -0.5, 0.75], ""rotation"": [-0.8681627791959909, 0.3596047974904982, -0.13088544238586683, 0.3159854101251621], ""zrange"": [0.01, 10.0], ""noise"": false}], ""primitive"": ""pick_place"", ""params"": {""pose0"": [[0.6340979337692261, 0.3086932301521301, 0.015534686855971813], [7.186086836696859e-09, -3.090096711844126e-08, -9.036448034294153e-09, 1.0]], ""pose1"": [[0.6389330625534058, 0.11077744513750076, 0.0037453784607350826], [-3.4178714969357316e-08, 2.6593992785706178e-08, 1.7295310072995562e-08, 1.0]]}}",0.11573237180709839,0.01494588516652584,0.07744322717189789,0.997775304811007,1.7082546949386597,1.683850884437561,0.08461749757711519,0.0024059945717453957,0.07891178538091899,0.0010012965649366379,25.049786549671673,4.0765548049560465,2.571887731552124,0.05218829959630966,0.9712171531436795,0.7108609676361084,0.0,1.7082546949386597,True,True,0,0,0.0,0.0,0.0,0.0,0.09081359952688217,1.850129246711731,raw_action_file_high_confidence,/data/state_diff2/external/deformable-ravens/data/phase3_ccda_large/heldout/hidden-contact-cable-line/hidden_high_friction/action/000000-9.pkl,
4,free,1000,1,000000-9.pkl,state_action,idm_pred_future,y_state,hidden_breakaway_pin,hidden_pin,free_vs_hidden_breakaway_pin,free_vs_hidden_pin,phase3_7_learned_action_alignment_no_phase4_no_cps,pick_place,True,0.5984818935394287,0.23682056367397308,0.01771768182516098,0.5284219980239868,-0.009160695597529411,0.002465754048898816,1.0000001192092904,1.0000000000000018,0.255763892823887,True,"{""camera_config"": [{""image_size"": [480, 640], ""intrinsics"": [450.0, 0, 320.0, 0, 450.0, 240.0, 0, 0, 1], ""position"": [1.0, 0, 0.75], ""rotation"": [0.6532814824381883, 0.6532814824381884, -0.2705980500730986, -0.27059805007309845], ""zrange"": [0.01, 10.0], ""noise"": false}, {""image_size"": [480, 640], ""intrinsics"": [450.0, 0, 320.0, 0, 450.0, 240.0, 0, 0, 1], ""position"": [0, 0.5, 0.75], ""rotation"": [-0.3596047974904982, 0.8681627791959909, -0.3159854101251621, 0.1308854423858669], ""zrange"": [0.01, 10.0], ""noise"": false}, {""image_size"": [480, 640], ""intrinsics"": [450.0, 0, 320.0, 0, 450.0, 240.0, 0, 0, 1], ""position"": [0, -0.5, 0.75], ""rotation"": [-0.8681627791959909, 0.3596047974904982, -0.13088544238586683, 0.3159854101251621], ""zrange"": [0.01, 10.0], ""noise"": false}], ""primitive"": ""pick_place"", ""params"": {""pose0"": [[0.5984818935394287, 0.23682056367397308, 0.01771768182516098], [-2.4193644421188765e-08, -3.014724470062902e-08, 1.8842152726961103e-08, 1.0000001192092896]], ""pose1"": [[0.5284219980239868, -0.009160695597529411, 0.002465754048898816], [-2.1381650228136095e-08, 3.188283059785135e-08, 4.79332733505089e-08, 1.0]]}}",0.21801097691059113,0.021721243858337402,0.1969297081232071,0.9917287123900248,1.6413099765777588,1.683850884437561,0.005773722028103211,0.004588989540934563,0.21787424746535364,0.0022809209767729044,42.347165561514835,5.266505266330351,2.571887731552124,0.05218829959630966,0.9712171531436795,0.4919995069503784,0.0,1.6413099765777588,True,True,0,0,0.0,0.0,0.0,0.0,0.09093143790960312,1.85013747215271,raw_action_file_high_confidence,/data/state_diff2/external/deformable-ravens/data/phase3_ccda_large/heldout/hidden-contact-cable-line/hidden_high_friction/action/000000-9.pkl,
4,free,1000,1,000000-9.pkl,state_action,same_state_oracle,y_state,hidden_breakaway_pin,hidden_pin,free_vs_hidden_breakaway_pin,free_vs_hidden_pin,phase3_7_learned_action_alignment_no_phase4_no_cps,pick_place,True,0.696875,0.37812500000000004,0.013858628459274769,0.3845798075199127,-0.027783339843153954,0.008869622834026814,1.0,1.0,0.5121424290179444,True,"{""camera_config"": [{""image_size"": [480, 640], ""intrinsics"": [450.0, 0, 320.0, 0, 450.0, 240.0, 0, 0, 1], ""position"": [1.0, 0, 0.75], ""rotation"": [0.6532814824381883, 0.6532814824381884, -0.2705980500730986, -0.27059805007309845], ""zrange"": [0.01, 10.0], ""noise"": false}, {""image_size"": [480, 640], ""intrinsics"": [450.0, 0, 320.0, 0, 450.0, 240.0, 0, 0, 1], ""position"": [0, 0.5, 0.75], ""rotation"": [-0.3596047974904982, 0.8681627791959909, -0.3159854101251621, 0.1308854423858669], ""zrange"": [0.01, 10.0], ""noise"": false}, {""image_size"": [480, 640], ""intrinsics"": [450.0, 0, 320.0, 0, 450.0, 240.0, 0, 0, 1], ""position"": [0, -0.5, 0.75], ""rotation"": [-0.8681627791959909, 0.3596047974904982, -0.13088544238586683, 0.3159854101251621], ""zrange"": [0.01, 10.0], ""noise"": false}], ""primitive"": ""pick_place"", ""params"": {""pose0"": [[0.696875, 0.37812500000000004, 0.013858628459274769], [0.0, 0.0, 0.0, 1.0]], ""pose1"": [[0.3845798075199127, -0.027783339843153954, 0.008869622834026814], [0, 0, 0, 1]]}}",nan,nan,nan,nan,nan,1.683850884437561,0.17594608763822345,0.0007299361750483513,0.32039972391362215,0.004122947808355093,64.02299329313276,10.545666824798648,2.571887731552124,0.05218829959630966,0.9712171531436795,nan,nan,nan,True,True,0,0,0.2916666666666667,0.0,0.2916666666666667,0.2916666666666667,0.09083112329244614,1.850137710571289,raw_action_file_high_confidence,/data/state_diff2/external/deformable-ravens/data/phase3_ccda_large/heldout/hidden-contact-cable-line/hidden_high_friction/action/000000-9.pkl,
8,free,1000,2,000000-9.pkl,state_action,gt_y_action,y_state,hidden_breakaway_pin,hidden_pin,free_vs_hidden_breakaway_pin,free_vs_hidden_pin,phase3_7_learned_action_alignment_no_phase4_no_cps,pick_place,True,0.40937501192092896,-0.0062500000931322575,0.012938774190843105,0.3809899091720581,-0.02012024074792862,0.003396071493625641,1.0,1.0,0.03159268323339949,True,"{""camera_config"": [{""image_size"": [480, 640], ""intrinsics"": [450.0, 0, 320.0, 0, 450.0, 240.0, 0, 0, 1], ""position"": [1.0, 0, 0.75], ""rotation"": [0.6532814824381883, 0.6532814824381884, -0.2705980500730986, -0.27059805007309845], ""zrange"": [0.01, 10.0], ""noise"": false}, {""image_size"": [480, 640], ""intrinsics"": [450.0, 0, 320.0, 0, 450.0, 240.0, 0, 0, 1], ""position"": [0, 0.5, 0.75], ""rotation"": [-0.3596047974904982, 0.8681627791959909, -0.3159854101251621, 0.1308854423858669], ""zrange"": [0.01, 10.0], ""noise"": false}, {""image_size"": [480, 640], ""intrinsics"": [450.0, 0, 320.0, 0, 450.0, 240.0, 0, 0, 1], ""position"": [0, -0.5, 0.75], ""rotation"": [-0.8681627791959909, 0.3596047974904982, -0.13088544238586683, 0.3159854101251621], ""zrange"": [0.01, 10.0], ""noise"": false}], ""primitive"": ""pick_place"", ""params"": {""pose0"": [[0.40937501192092896, -0.0062500000931322575, 0.012938774190843105], [0.0, 0.0, 0.0, 1.0]], ""pose1"": [[0.3809899091720581, -0.02012024074792862, 0.003396071493625641], [0.0, 0.0, 0.0, 1.0]]}}",0.0,0.0,0.0,1.0,1.5209747552871704,1.5209747552871704,0.0,0.0,0.0,0.0,0.0,1.0,2.5066919326782227,0.052863650023937225,0.9726075470048128,nan,0.0,1.5209747552871704,True,True,0,0,0.0,0.0,0.0,0.0,0.1007792055606842,2.0104787349700928,raw_action_file_high_confidence,/data/state_diff2/external/deformable-ravens/data/phase3_ccda_large/heldout/hidden-contact-cable-line/hidden_high_friction/action/000000-9.pkl,
8,free,1000,2,000000-9.pkl,state_action,idm_gt_future,y_state,hidden_breakaway_pin,hidden_pin,free_vs_hidden_breakaway_pin,free_vs_hidden_pin,phase3_7_learned_action_alignment_no_phase4_no_cps,pick_place,True,0.5166876316070557,0.20841266214847565,0.01684347726404667,0.4162696897983551,-0.015097742900252342,0.0035640555433928967,1.0000000000000009,1.0000000000000002,0.24503196567415855,True,"{""camera_config"": [{""image_size"": [480, 640], ""intrinsics"": [450.0, 0, 320.0, 0, 450.0, 240.0, 0, 0, 1], ""position"": [1.0, 0, 0.75], ""rotation"": [0.6532814824381883, 0.6532814824381884, -0.2705980500730986, -0.27059805007309845], ""zrange"": [0.01, 10.0], ""noise"": false}, {""image_size"": [480, 640], ""intrinsics"": [450.0, 0, 320.0, 0, 450.0, 240.0, 0, 0, 1], ""position"": [0, 0.5, 0.75], ""rotation"": [-0.3596047974904982, 0.8681627791959909, -0.3159854101251621, 0.1308854423858669], ""zrange"": [0.01, 10.0], ""noise"": false}, {""image_size"": [480, 640], ""intrinsics"": [450.0, 0, 320.0, 0, 450.0, 240.0, 0, 0, 1], ""position"": [0, -0.5, 0.75], ""rotation"": [-0.8681627791959909, 0.3596047974904982, -0.13088544238586683, 0.3159854101251621], ""zrange"": [0.01, 10.0], ""noise"": false}], ""primitive"": ""pick_place"", ""params"": {""pose0"": [[0.5166876316070557, 0.20841266214847565, 0.01684347726404667], [-3.093546041554873e-08, -2.5265052272516186e-08, 9.817360258068675e-09, 1.0]], ""pose1"": [[0.4162696897983551, -0.015097742900252342, 0.0035640555433928967], [1.6268554503540145e-08, -3.040017571009912e-09, 9.575072290601838e-09, 1.0]]}}",0.24265453219413757,0.02616788260638714,0.21466265618801117,0.98835372742313,1.576136589050293,1.5209747552871704,0.23999178507722696,0.0039047030732035637,0.03563549362180288,0.00016798404976725578,39.76452381770362,7.755971971861923,2.5066919326782227,0.052863650023937225,0.9726075470048128,0.5250483155250549,0.0,1.576136589050293,True,True,0,0,0.0,0.0,0.0,0.0,0.10078133642673492,2.010484218597412,raw_action_file_high_confidence,/data/state_diff2/external/deformable-ravens/data/phase3_ccda_large/heldout/hidden-contact-cable-line/hidden_high_friction/action/000000-9.pkl,
8,free,1000,2,000000-9.pkl,state_action,idm_pred_future,y_state,hidden_breakaway_pin,hidden_pin,free_vs_hidden_breakaway_pin,free_vs_hidden_pin,phase3_7_learned_action_alignment_no_phase4_no_cps,pick_place,True,0.5909084677696228,0.09656037390232086,0.01750839874148369,0.5798543095588684,-0.19267535209655762,0.007379400078207254,1.000000000000009,0.9999999403953557,0.28944688564198906,True,"{""camera_config"": [{""image_size"": [480, 640], ""intrinsics"": [450.0, 0, 320.0, 0, 450.0, 240.0, 0, 0, 1], ""position"": [1.0, 0, 0.75], ""rotation"": [0.6532814824381883, 0.6532814824381884, -0.2705980500730986, -0.27059805007309845], ""zrange"": [0.01, 10.0], ""noise"": false}, {""image_size"": [480, 640], ""intrinsics"": [450.0, 0, 320.0, 0, 450.0, 240.0, 0, 0, 1], ""position"": [0, 0.5, 0.75], ""rotation"": [-0.3596047974904982, 0.8681627791959909, -0.3159854101251621, 0.1308854423858669], ""zrange"": [0.01, 10.0], ""noise"": false}, {""image_size"": [480, 640], ""intrinsics"": [450.0, 0, 320.0, 0, 450.0, 240.0, 0, 0, 1], ""position"": [0, -0.5, 0.75], ""rotation"": [-0.8681627791959909, 0.3596047974904982, -0.13088544238586683, 0.3159854101251621], ""zrange"": [0.01, 10.0], ""noise"": false}], ""primitive"": ""pick_place"", ""params"": {""pose0"": [[0.5909084677696228, 0.09656037390232086, 0.01750839874148369], [1.0332792044209782e-07, -2.0284142365767366e-08, -8.434095377651829e-08, 1.0]], ""pose1"": [[0.5798543095588684, -0.19267535209655762, 0.007379400078207254], [-1.1430026702896612e-08, -1.7558077658463844e-08, 2.1792068594095326e-08, 0.9999999403953552]]}}",0.3359813094139099,0.04745117947459221,0.1988644003868103,0.9810132486385488,1.6529406309127808,1.5209747552871704,0.2086249471982069,0.004569624550640583,0.2632913143150441,0.0039833285845816135,61.769086456256545,9.161832931493091,2.5066919326782227,0.052863650023937225,0.9726075470048128,0.7684223055839539,0.0,1.6529406309127808,True,True,0,0,0.0,0.0,0.0,0.0,0.1007792130112648,2.0104894638061523,raw_action_file_high_confidence,/data/state_diff2/external/deformable-ravens/data/phase3_ccda_large/heldout/hidden-contact-cable-line/hidden_high_friction/action/000000-9.pkl,
8,free,1000,2,000000-9.pkl,state_action,same_state_oracle,y_state,hidden_breakaway_pin,hidden_pin,free_vs_hidden_breakaway_pin,free_vs_hidden_pin,phase3_7_learned_action_alignment_no_phase4_no_cps,pick_place,True,0.696875,0.37812500000000004,0.013836146332323551,0.38451600074768066,-0.0278172567486763,0.008851779624819756,1.0,1.0,0.5122082196022617,True,"{""camera_config"": [{""image_size"": [480, 640], ""intrinsics"": [450.0, 0, 320.0, 0, 450.0, 240.0, 0, 0, 1], ""position"": [1.0, 0, 0.75], ""rotation"": [0.6532814824381883, 0.6532814824381884, -0.2705980500730986, -0.27059805007309845], ""zrange"": [0.01, 10.0], ""noise"": false}, {""image_size"": [480, 640], ""intrinsics"": [450.0, 0, 320.0, 0, 450.0, 240.0, 0, 0, 1], ""position"": [0, 0.5, 0.75], ""rotation"": [-0.3596047974904982, 0.8681627791959909, -0.3159854101251621, 0.1308854423858669], ""zrange"": [0.01, 10.0], ""noise"": false}, {""image_size"": [480, 640], ""intrinsics"": [450.0, 0, 320.0, 0, 450.0, 240.0, 0, 0, 1], ""position"": [0, -0.5, 0.75], ""rotation"": [-0.8681627791959909, 0.3596047974904982, -0.13088544238586683, 0.3159854101251621], ""zrange"": [0.01, 10.0], ""noise"": false}], ""primitive"": ""pick_place"", ""params"": {""pose0"": [[0.696875, 0.37812500000000004, 0.013836146332323551], [0.0, 0.0, 0.0, 1.0]], ""pose1"": [[0.38451600074768066, -0.0278172567486763, 0.008851779624819756], [0, 0, 0, 1]]}}",nan,nan,nan,nan,nan,1.5209747552871704,0.4800003998353142,0.0008973721414804459,0.008466249294430338,0.005455708131194115,26.38070120012959,16.21287485517406,2.5066919326782227,0.052863650023937225,0.9726075470048128,nan,nan,nan,True,True,0,0,0.4166666666666667,0.0,0.4166666666666667,0.4166666666666667,0.10078081488609314,2.0104875564575195,raw_action_file_high_confidence,/data/state_diff2/external/deformable-ravens/data/phase3_ccda_large/heldout/hidden-contact-cable-line/hidden_high_friction/action/000000-9.pkl,
1,hidden_pin,1000,0,000000-3.pkl,state_action,gt_y_action,y_state,hidden_breakaway_pin,hidden_pin,free_vs_hidden_breakaway_pin,free_vs_hidden_pin,phase3_7_learned_action_alignment_no_phase4_no_cps,pick_place,True,0.6781250238418579,0.40937501192092896,0.02290579304099083,0.3779291808605194,-0.030143385753035545,-0.0015833125216886401,1.0,1.0,0.5322536670020843,True,"{""camera_config"": [{""image_size"": [480, 640], ""intrinsics"": [450.0, 0, 320.0, 0, 450.0, 240.0, 0, 0, 1], ""position"": [1.0, 0, 0.75], ""rotation"": [0.6532814824381883, 0.6532814824381884, -0.2705980500730986, -0.27059805007309845], ""zrange"": [0.01, 10.0], ""noise"": false}, {""image_size"": [480, 640], ""intrinsics"": [450.0, 0, 320.0, 0, 450.0, 240.0, 0, 0, 1], ""position"": [0, 0.5, 0.75], ""rotation"": [-0.3596047974904982, 0.8681627791959909, -0.3159854101251621, 0.1308854423858669], ""zrange"": [0.01, 10.0], ""noise"": false}, {""image_size"": [480, 640], ""intrinsics"": [450.0, 0, 320.0, 0, 450.0, 240.0, 0, 0, 1], ""position"": [0, -0.5, 0.75], ""rotation"": [-0.8681627791959909, 0.3596047974904982, -0.13088544238586683, 0.3159854101251621], ""zrange"": [0.01, 10.0], ""noise"": false}], ""primitive"": ""pick_place"", ""params"": {""pose0"": [[0.6781250238418579, 0.40937501192092896, 0.02290579304099083], [0.0, 0.0, 0.0, 1.0]], ""pose1"": [[0.3779291808605194, -0.030143385753035545, -0.0015833125216886401], [0.0, 0.0, 0.0, 1.0]]}}",0.0,0.0,0.0,1.0,1.6648446321487427,1.6648446321487427,0.0,0.0,0.0,0.0,0.0,1.0,5.644467830657959,0.1324307769536972,0.8925400129765592,nan,0.0,1.6648446321487427,True,True,0,1,0.0,0.0,0.0,0.0,0.0038328140508383512,0.0923628881573677,raw_action_file_high_confidence,/data/state_diff2/external/deformable-ravens/data/phase3_ccda_large/train/hidden-contact-cable-line/hidden_pin/action/000000-3.pkl,
1,hidden_pin,1000,0,000000-3.pkl,state_action,idm_gt_future,y_state,hidden_breakaway_pin,hidden_pin,free_vs_hidden_breakaway_pin,free_vs_hidden_pin,phase3_7_learned_action_alignment_no_phase4_no_cps,pick_place,True,0.6769852638244629,0.37811216711997986,0.016397105529904366,0.3613364100456238,-0.030069828033447266,-0.00227969978004694,1.0000000000000004,1.0000000000000007,0.5159910271112544,True,"{""camera_config"": [{""image_size"": [480, 640], ""intrinsics"": [450.0, 0, 320.0, 0, 450.0, 240.0, 0, 0, 1], ""position"": [1.0, 0, 0.75], ""rotation"": [0.6532814824381883, 0.6532814824381884, -0.2705980500730986, -0.27059805007309845], ""zrange"": [0.01, 10.0], ""noise"": false}, {""image_size"": [480, 640], ""intrinsics"": [450.0, 0, 320.0, 0, 450.0, 240.0, 0, 0, 1], ""position"": [0, 0.5, 0.75], ""rotation"": [-0.3596047974904982, 0.8681627791959909, -0.3159854101251621, 0.1308854423858669], ""zrange"": [0.01, 10.0], ""noise"": false}, {""image_size"": [480, 640], ""intrinsics"": [450.0, 0, 320.0, 0, 450.0, 240.0, 0, 0, 1], ""position"": [0, -0.5, 0.75], ""rotation"": [-0.8681627791959909, 0.3596047974904982, -0.13088544238586683, 0.3159854101251621], ""zrange"": [0.01, 10.0], ""noise"": false}], ""primitive"": ""pick_place"", ""params"": {""pose0"": [[0.6769852638244629, 0.37811216711997986, 0.016397105529904366], [2.4569375867145027e-08, -5.3788795639775344e-09, -1.4340324483441691e-08, 1.0]], ""pose1"": [[0.3613364100456238, -0.030069828033447266, -0.00227969978004694], [-2.7470012042840608e-08, -5.0526840489339975e-09, 2.750803318463113e-08, 1.0]]}}",0.03601163625717163,0.004019579384475946,0.0312628448009491,0.9997891057642699,1.6531847715377808,1.6648446321487427,0.03128361420848752,0.006508687511086464,0.016592933859139052,0.0006963872583582997,3.3814312706765666,0.9694456968564836,5.644467830657959,0.1324307769536972,0.8925400129765592,0.6948423385620117,0.0,1.6531847715377808,True,True,0,0,0.0,0.0,0.0,0.0,0.003828377230092883,0.09238755702972412,raw_action_file_high_confidence,/data/state_diff2/external/deformable-ravens/data/phase3_ccda_large/train/hidden-contact-cable-line/hidden_pin/action/000000-3.pkl,
1,hidden_pin,1000,0,000000-3.pkl,state_action,idm_pred_future,y_state,hidden_breakaway_pin,hidden_pin,free_vs_hidden_breakaway_pin,free_vs_hidden_pin,phase3_7_learned_action_alignment_no_phase4_no_cps,pick_place,True,0.7566990852355957,0.4296974837779999,0.02341000735759735,0.5897262096405029,-0.07033942639827728,0.002015831880271435,0.9999999403953608,1.000000000000001,0.5271781982623452,True,"{""camera_config"": [{""image_size"": [480, 640], ""intrinsics"": [450.0, 0, 320.0, 0, 450.0, 240.0, 0, 0, 1], ""position"": [1.0, 0, 0.75], ""rotation"": [0.6532814824381883, 0.6532814824381884, -0.2705980500730986, -0.27059805007309845], ""zrange"": [0.01, 10.0], ""noise"": false}, {""image_size"": [480, 640], ""intrinsics"": [450.0, 0, 320.0, 0, 450.0, 240.0, 0, 0, 1], ""position"": [0, 0.5, 0.75], ""rotation"": [-0.3596047974904982, 0.8681627791959909, -0.3159854101251621, 0.1308854423858669], ""zrange"": [0.01, 10.0], ""noise"": false}, {""image_size"": [480, 640], ""intrinsics"": [450.0, 0, 320.0, 0, 450.0, 240.0, 0, 0, 1], ""position"": [0, -0.5, 0.75], ""rotation"": [-0.8681627791959909, 0.3596047974904982, -0.13088544238586683, 0.3159854101251621], ""zrange"": [0.01, 10.0], ""noise"": false}], ""primitive"": ""pick_place"", ""params"": {""pose0"": [[0.7566990852355957, 0.4296974837779999, 0.02341000735759735], [4.261139707750772e-08, 7.200802798479344e-08, -6.357686288538389e-08, 0.9999999403953552]], ""pose1"": [[0.5897262096405029, -0.07033942639827728, 0.002015831880271435], [3.162036321668893e-08, -2.0197095551566235e-08, -2.9468287365830292e-08, 1.0]]}}",0.23037751019001007,0.025356661528348923,0.21179702877998352,0.9926251305250539,1.7636638879776,1.6648446321487427,0.08115963273874713,0.0005042143166065216,0.21557760339048,0.003599144401960075,15.868248324456085,0.9904641920678037,5.644467830657959,0.1324307769536972,0.8925400129765592,1.0003060102462769,0.0,1.7636638879776,True,True,0,0,0.0,0.0,0.0,0.0,0.0038223315495997667,0.09239031374454498,raw_action_file_high_confidence,/data/state_diff2/external/deformable-ravens/data/phase3_ccda_large/train/hidden-contact-cable-line/hidden_pin/action/000000-3.pkl,
1,hidden_pin,1000,0,000000-3.pkl,state_action,same_state_oracle,y_state,hidden_breakaway_pin,hidden_pin,free_vs_hidden_breakaway_pin,free_vs_hidden_pin,phase3_7_learned_action_alignment_no_phase4_no_cps,None,True,nan,nan,nan,nan,nan,nan,nan,nan,nan,False,"{""camera_config"": [{""image_size"": [480, 640], ""intrinsics"": [450.0, 0, 320.0, 0, 450.0, 240.0, 0, 0, 1], ""position"": [1.0, 0, 0.75], ""rotation"": [0.6532814824381883, 0.6532814824381884, -0.2705980500730986, -0.27059805007309845], ""zrange"": [0.01, 10.0], ""noise"": false}, {""image_size"": [480, 640], ""intrinsics"": [450.0, 0, 320.0, 0, 450.0, 240.0, 0, 0, 1], ""position"": [0, 0.5, 0.75], ""rotation"": [-0.3596047974904982, 0.8681627791959909, -0.3159854101251621, 0.1308854423858669], ""zrange"": [0.01, 10.0], ""noise"": false}, {""image_size"": [480, 640], ""intrinsics"": [450.0, 0, 320.0, 0, 450.0, 240.0, 0, 0, 1], ""position"": [0, -0.5, 0.75], ""rotation"": [-0.8681627791959909, 0.3596047974904982, -0.13088544238586683, 0.3159854101251621], ""zrange"": [0.01, 10.0], ""noise"": false}], ""primitive"": null}",nan,nan,nan,nan,nan,1.6648446321487427,nan,nan,nan,nan,nan,nan,5.644467830657959,0.1324307769536972,0.8925400129765592,nan,nan,nan,True,True,0,0,0.0,0.0,0.0,0.0,0.003813620423898101,0.09237877279520035,raw_action_file_high_confidence,/data/state_diff2/external/deformable-ravens/data/phase3_ccda_large/train/hidden-contact-cable-line/hidden_pin/action/000000-3.pkl,
5,hidden_pin,1000,1,000000-3.pkl,state_action,gt_y_action,y_state,hidden_breakaway_pin,hidden_pin,free_vs_hidden_breakaway_pin,free_vs_hidden_pin,phase3_7_learned_action_alignment_no_phase4_no_cps,pick_place,True,0.6156250238418579,0.46562498807907104,0.0132673978805542,0.38641947507858276,-0.03368690237402916,-0.008274712599813938,1.0,1.0,0.549406541216723,True,"{""camera_config"": [{""image_size"": [480, 640], ""intrinsics"": [450.0, 0, 320.0, 0, 450.0, 240.0, 0, 0, 1], ""position"": [1.0, 0, 0.75], ""rotation"": [0.6532814824381883, 0.6532814824381884, -0.2705980500730986, -0.27059805007309845], ""zrange"": [0.01, 10.0], ""noise"": false}, {""image_size"": [480, 640], ""intrinsics"": [450.0, 0, 320.0, 0, 450.0, 240.0, 0, 0, 1], ""position"": [0, 0.5, 0.75], ""rotation"": [-0.3596047974904982, 0.8681627791959909, -0.3159854101251621, 0.1308854423858669], ""zrange"": [0.01, 10.0], ""noise"": false}, {""image_size"": [480, 640], ""intrinsics"": [450.0, 0, 320.0, 0, 450.0, 240.0, 0, 0, 1], ""position"": [0, -0.5, 0.75], ""rotation"": [-0.8681627791959909, 0.3596047974904982, -0.13088544238586683, 0.3159854101251621], ""zrange"": [0.01, 10.0], ""noise"": false}], ""primitive"": ""pick_place"", ""params"": {""pose0"": [[0.6156250238418579, 0.46562498807907104, 0.0132673978805542], [0.0, 0.0, 0.0, 1.0]], ""pose1"": [[0.38641947507858276, -0.03368690237402916, -0.008274712599813938], [0.0, 0.0, 0.0, 1.0]]}}",0.0,0.0,0.0,0.9999999999999999,1.6572567224502563,1.6572567224502563,0.0,0.0,0.0,0.0,0.0,1.0,5.058501720428467,0.11901719868183136,0.916147936790333,nan,0.0,1.6572567224502563,True,True,0,0,0.0,0.0,0.0,0.0,0.07765732705593109,1.6389374732971191,raw_action_file_high_confidence,/data/state_diff2/external/deformable-ravens/data/phase3_ccda_large/train/hidden-contact-cable-line/hidden_pin/action/000000-3.pkl,
5,hidden_pin,1000,1,000000-3.pkl,state_action,idm_gt_future,y_state,hidden_breakaway_pin,hidden_pin,free_vs_hidden_breakaway_pin,free_vs_hidden_pin,phase3_7_learned_action_alignment_no_phase4_no_cps,pick_place,True,0.6245036125183105,0.4754437208175659,0.014695455320179462,0.331792950630188,-0.04856771230697632,-0.0034827173221856356,1.0000000000000002,1.0000000000000002,0.6002228866248099,True,"{""camera_config"": [{""image_size"": [480, 640], ""intrinsics"": [450.0, 0, 320.0, 0, 450.0, 240.0, 0, 0, 1], ""position"": [1.0, 0, 0.75], ""rotation"": [0.6532814824381883, 0.6532814824381884, -0.2705980500730986, -0.27059805007309845], ""zrange"": [0.01, 10.0], ""noise"": false}, {""image_size"": [480, 640], ""intrinsics"": [450.0, 0, 320.0, 0, 450.0, 240.0, 0, 0, 1], ""position"": [0, 0.5, 0.75], ""rotation"": [-0.3596047974904982, 0.8681627791959909, -0.3159854101251621, 0.1308854423858669], ""zrange"": [0.01, 10.0], ""noise"": false}, {""image_size"": [480, 640], ""intrinsics"": [450.0, 0, 320.0, 0, 450.0, 240.0, 0, 0, 1], ""position"": [0, -0.5, 0.75], ""rotation"": [-0.8681627791959909, 0.3596047974904982, -0.13088544238586683, 0.3159854101251621], ""zrange"": [0.01, 10.0], ""noise"": false}], ""primitive"": ""pick_place"", ""params"": {""pose0"": [[0.6245036125183105, 0.4754437208175659, 0.014695455320179462], [-1.3919182251243e-08, -1.9046664245792044e-10, 1.9886073232555646e-08, 1.0]], ""pose1"": [[0.331792950630188, -0.04856771230697632, -0.0034827173221856356], [-1.9622316216327818e-08, -1.0666792782387802e-08, 7.876660435002236e-10, 1.0]]}}",0.058358676731586456,0.0067446269094944,0.054626524448394775,0.9993832400434548,1.6518852710723877,1.6572567224502563,0.013237705597104962,0.0014280574396252632,0.05661709704295665,0.004791995277628303,4.530398154502252,1.0924931568807832,5.058501720428467,0.11901719868183136,0.916147936790333,0.7791931629180908,0.0,1.6518852710723877,True,True,0,0,0.0,0.0,0.0,0.0,0.07864952832460403,1.6861445903778076,raw_action_file_high_confidence,/data/state_diff2/external/deformable-ravens/data/phase3_ccda_large/train/hidden-contact-cable-line/hidden_pin/action/000000-3.pkl,
5,hidden_pin,1000,1,000000-3.pkl,state_action,idm_pred_future,y_state,hidden_breakaway_pin,hidden_pin,free_vs_hidden_breakaway_pin,free_vs_hidden_pin,phase3_7_learned_action_alignment_no_phase4_no_cps,pick_place,True,0.6721273064613342,0.277491956949234,0.013544614426791668,0.5925383567810059,0.055669739842414856,0.0029566078446805477,1.0000000000000009,0.9999999403953556,0.2356681924091638,True,"{""camera_config"": [{""image_size"": [480, 640], ""intrinsics"": [450.0, 0, 320.0, 0, 450.0, 240.0, 0, 0, 1], ""position"": [1.0, 0, 0.75], ""rotation"": [0.6532814824381883, 0.6532814824381884, -0.2705980500730986, -0.27059805007309845], ""zrange"": [0.01, 10.0], ""noise"": false}, {""image_size"": [480, 640], ""intrinsics"": [450.0, 0, 320.0, 0, 450.0, 240.0, 0, 0, 1], ""position"": [0, 0.5, 0.75], ""rotation"": [-0.3596047974904982, 0.8681627791959909, -0.3159854101251621, 0.1308854423858669], ""zrange"": [0.01, 10.0], ""noise"": false}, {""image_size"": [480, 640], ""intrinsics"": [450.0, 0, 320.0, 0, 450.0, 240.0, 0, 0, 1], ""position"": [0, -0.5, 0.75], ""rotation"": [-0.8681627791959909, 0.3596047974904982, -0.13088544238586683, 0.3159854101251621], ""zrange"": [0.01, 10.0], ""noise"": false}], ""primitive"": ""pick_place"", ""params"": {""pose0"": [[0.6721273064613342, 0.277491956949234, 0.013544614426791668], [1.4057214947627017e-08, -1.7372313365626724e-08, -3.581586227596745e-08, 1.0]], ""pose1"": [[0.5925383567810059, 0.055669739842414856, 0.0029566078446805477], [1.1125605325901233e-08, 1.8793979705833408e-08, -6.307963484886159e-09, 0.9999999403953552]]}}",0.2986341714859009,0.03940139338374138,0.2061188817024231,0.9844485080977565,1.6979840993881226,1.6572567224502563,0.1964345828598198,0.0002772165462374687,0.22465440770760559,0.011231320444494486,4.91936110117102,0.4289504669661375,5.058501720428467,0.11901719868183136,0.916147936790333,0.625889241695404,0.0,1.6979840993881226,True,True,0,0,0.0,0.0,0.0,0.0,0.07713456451892853,1.6552687883377075,raw_action_file_high_confidence,/data/state_diff2/external/deformable-ravens/data/phase3_ccda_large/train/hidden-contact-cable-line/hidden_pin/action/000000-3.pkl,
5,hidden_pin,1000,1,000000-3.pkl,state_action,same_state_oracle,y_state,hidden_breakaway_pin,hidden_pin,free_vs_hidden_breakaway_pin,free_vs_hidden_pin,phase3_7_learned_action_alignment_no_phase4_no_cps,None,True,nan,nan,nan,nan,nan,nan,nan,nan,nan,False,"{""camera_config"": [{""image_size"": [480, 640], ""intrinsics"": [450.0, 0, 320.0, 0, 450.0, 240.0, 0, 0, 1], ""position"": [1.0, 0, 0.75], ""rotation"": [0.6532814824381883, 0.6532814824381884, -0.2705980500730986, -0.27059805007309845], ""zrange"": [0.01, 10.0], ""noise"": false}, {""image_size"": [480, 640], ""intrinsics"": [450.0, 0, 320.0, 0, 450.0, 240.0, 0, 0, 1], ""position"": [0, 0.5, 0.75], ""rotation"": [-0.3596047974904982, 0.8681627791959909, -0.3159854101251621, 0.1308854423858669], ""zrange"": [0.01, 10.0], ""noise"": false}, {""image_size"": [480, 640], ""intrinsics"": [450.0, 0, 320.0, 0, 450.0, 240.0, 0, 0, 1], ""position"": [0, -0.5, 0.75], ""rotation"": [-0.8681627791959909, 0.3596047974904982, -0.13088544238586683, 0.3159854101251621], ""zrange"": [0.01, 10.0], ""noise"": false}], ""primitive"": null}",nan,nan,nan,nan,nan,1.6572567224502563,nan,nan,nan,nan,nan,nan,5.058501720428467,0.11901719868183136,0.916147936790333,nan,nan,nan,True,True,0,0,0.0,0.0,0.0,0.0,0.07401269674301147,1.5902923345565796,raw_action_file_high_confidence,/data/state_diff2/external/deformable-ravens/data/phase3_ccda_large/train/hidden-contact-cable-line/hidden_pin/action/000000-3.pkl,
9,hidden_pin,1000,2,000000-3.pkl,state_action,gt_y_action,y_state,hidden_breakaway_pin,hidden_pin,free_vs_hidden_breakaway_pin,free_vs_hidden_pin,phase3_7_learned_action_alignment_no_phase4_no_cps,pick_place,True,0.625,0.49687498807907104,0.012593133375048637,0.44353920221328735,0.026303932070732117,-0.004436430521309376,1.0,1.0,0.5043462499971557,True,"{""camera_config"": [{""image_size"": [480, 640], ""intrinsics"": [450.0, 0, 320.0, 0, 450.0, 240.0, 0, 0, 1], ""position"": [1.0, 0, 0.75], ""rotation"": [0.6532814824381883, 0.6532814824381884, -0.2705980500730986, -0.27059805007309845], ""zrange"": [0.01, 10.0], ""noise"": false}, {""image_size"": [480, 640], ""intrinsics"": [450.0, 0, 320.0, 0, 450.0, 240.0, 0, 0, 1], ""position"": [0, 0.5, 0.75], ""rotation"": [-0.3596047974904982, 0.8681627791959909, -0.3159854101251621, 0.1308854423858669], ""zrange"": [0.01, 10.0], ""noise"": false}, {""image_size"": [480, 640], ""intrinsics"": [450.0, 0, 320.0, 0, 450.0, 240.0, 0, 0, 1], ""position"": [0, -0.5, 0.75], ""rotation"": [-0.8681627791959909, 0.3596047974904982, -0.13088544238586683, 0.3159854101251621], ""zrange"": [0.01, 10.0], ""noise"": false}], ""primitive"": ""pick_place"", ""params"": {""pose0"": [[0.625, 0.49687498807907104, 0.012593133375048637], [0.0, 0.0, 0.0, 1.0]], ""pose1"": [[0.44353920221328735, 0.026303932070732117, -0.004436430521309376], [0.0, 0.0, 0.0, 1.0]]}}",0.0,0.0,0.0,1.0,1.6837775707244873,1.6837775707244873,0.0,0.0,0.0,0.0,0.0,1.0,4.844656944274902,0.11267832666635513,0.9206026955532383,nan,0.0,1.6837775707244873,True,True,0,0,0.0,0.0,0.0,0.0,0.09141956269741058,2.005406379699707,raw_action_file_high_confidence,/data/state_diff2/external/deformable-ravens/data/phase3_ccda_large/train/hidden-contact-cable-line/hidden_pin/action/000000-3.pkl,
9,hidden_pin,1000,2,000000-3.pkl,state_action,idm_gt_future,y_state,hidden_breakaway_pin,hidden_pin,free_vs_hidden_breakaway_pin,free_vs_hidden_pin,phase3_7_learned_action_alignment_no_phase4_no_cps,pick_place,True,0.5810331702232361,0.5118588209152222,0.015877658501267433,0.29582899808883667,-0.10059721022844315,-0.0024548787623643875,1.0,1.000000000000001,0.67560625358793,True,"{""camera_config"": [{""image_size"": [480, 640], ""intrinsics"": [450.0, 0, 320.0, 0, 450.0, 240.0, 0, 0, 1], ""position"": [1.0, 0, 0.75], ""rotation"": [0.6532814824381883, 0.6532814824381884, -0.2705980500730986, -0.27059805007309845], ""zrange"": [0.01, 10.0], ""noise"": false}, {""image_size"": [480, 640], ""intrinsics"": [450.0, 0, 320.0, 0, 450.0, 240.0, 0, 0, 1], ""position"": [0, 0.5, 0.75], ""rotation"": [-0.3596047974904982, 0.8681627791959909, -0.3159854101251621, 0.1308854423858669], ""zrange"": [0.01, 10.0], ""noise"": false}, {""image_size"": [480, 640], ""intrinsics"": [450.0, 0, 320.0, 0, 450.0, 240.0, 0, 0, 1], ""position"": [0, -0.5, 0.75], ""rotation"": [-0.8681627791959909, 0.3596047974904982, -0.13088544238586683, 0.3159854101251621], ""zrange"": [0.01, 10.0], ""noise"": false}], ""primitive"": ""pick_place"", ""params"": {""pose0"": [[0.5810331702232361, 0.5118588209152222, 0.015877658501267433], [-3.4999316778083767e-09, -1.5799365371549356e-08, -2.9344298102529365e-09, 1.0]], ""pose1"": [[0.29582899808883667, -0.10059721022844315, -0.0024548787623643875], [5.388770762948525e-09, -4.609592707538468e-08, -1.3077761984447989e-08, 1.0]]}}",0.20023615658283234,0.0242020133882761,0.14771020412445068,0.9930602877300926,1.6424041986465454,1.6837775707244873,0.04644994474787516,0.0032845251262187958,0.19473624295267283,0.0019815517589449883,3.882568537806117,1.3395683096518318,4.844656944274902,0.11267832666635513,0.9206026955532383,0.8444968461990356,0.0,1.6424041986465454,True,True,0,0,0.0,0.0,0.0,0.0,0.09453170001506805,2.058126449584961,raw_action_file_high_confidence,/data/state_diff2/external/deformable-ravens/data/phase3_ccda_large/train/hidden-contact-cable-line/hidden_pin/action/000000-3.pkl,
9,hidden_pin,1000,2,000000-3.pkl,state_action,idm_pred_future,y_state,hidden_breakaway_pin,hidden_pin,free_vs_hidden_breakaway_pin,free_vs_hidden_pin,phase3_7_learned_action_alignment_no_phase4_no_cps,pick_place,True,0.5693705081939697,0.1595204621553421,0.01640702597796917,0.49709999561309814,-0.09192617237567902,0.0030678128823637962,1.0000000000000009,1.0000000000000009,0.2616265219844479,True,"{""camera_config"": [{""image_size"": [480, 640], ""intrinsics"": [450.0, 0, 320.0, 0, 450.0, 240.0, 0, 0, 1], ""position"": [1.0, 0, 0.75], ""rotation"": [0.6532814824381883, 0.6532814824381884, -0.2705980500730986, -0.27059805007309845], ""zrange"": [0.01, 10.0], ""noise"": false}, {""image_size"": [480, 640], ""intrinsics"": [450.0, 0, 320.0, 0, 450.0, 240.0, 0, 0, 1], ""position"": [0, 0.5, 0.75], ""rotation"": [-0.3596047974904982, 0.8681627791959909, -0.3159854101251621, 0.1308854423858669], ""zrange"": [0.01, 10.0], ""noise"": false}, {""image_size"": [480, 640], ""intrinsics"": [450.0, 0, 320.0, 0, 450.0, 240.0, 0, 0, 1], ""position"": [0, -0.5, 0.75], ""rotation"": [-0.8681627791959909, 0.3596047974904982, -0.13088544238586683, 0.3159854101251621], ""zrange"": [0.01, 10.0], ""noise"": false}], ""primitive"": ""pick_place"", ""params"": {""pose0"": [[0.5693705081939697, 0.1595204621553421, 0.01640702597796917], [3.3363090068405654e-08, -1.581686426277429e-08, -2.104751040121755e-08, 1.0]], ""pose1"": [[0.49709999561309814, -0.09192617237567902, 0.0030678128823637962], [-1.7746351943515037e-08, -1.2573408092464433e-08, 4.025823585607213e-08, 1.0]]}}",0.36581510305404663,0.04114950820803642,0.33735454082489014,0.9762732455169937,1.6141458749771118,1.6837775707244873,0.34191039252971106,0.0038138926029205322,0.12979644134962445,0.007504243403673172,5.051899901113022,0.5187438629432128,4.844656944274902,0.11267832666635513,0.9206026955532383,0.4282231330871582,0.0,1.6141458749771118,True,True,0,0,0.0,0.0,0.0,0.0,0.09198819845914841,2.011319637298584,raw_action_file_high_confidence,/data/state_diff2/external/deformable-ravens/data/phase3_ccda_large/train/hidden-contact-cable-line/hidden_pin/action/000000-3.pkl,
9,hidden_pin,1000,2,000000-3.pkl,state_action,same_state_oracle,y_state,hidden_breakaway_pin,hidden_pin,free_vs_hidden_breakaway_pin,free_vs_hidden_pin,phase3_7_learned_action_alignment_no_phase4_no_cps,None,True,nan,nan,nan,nan,nan,nan,nan,nan,nan,False,"{""camera_config"": [{""image_size"": [480, 640], ""intrinsics"": [450.0, 0, 320.0, 0, 450.0, 240.0, 0, 0, 1], ""position"": [1.0, 0, 0.75], ""rotation"": [0.6532814824381883, 0.6532814824381884, -0.2705980500730986, -0.27059805007309845], ""zrange"": [0.01, 10.0], ""noise"": false}, {""image_size"": [480, 640], ""intrinsics"": [450.0, 0, 320.0, 0, 450.0, 240.0, 0, 0, 1], ""position"": [0, 0.5, 0.75], ""rotation"": [-0.3596047974904982, 0.8681627791959909, -0.3159854101251621, 0.1308854423858669], ""zrange"": [0.01, 10.0], ""noise"": false}, {""image_size"": [480, 640], ""intrinsics"": [450.0, 0, 320.0, 0, 450.0, 240.0, 0, 0, 1], ""position"": [0, -0.5, 0.75], ""rotation"": [-0.8681627791959909, 0.3596047974904982, -0.13088544238586683, 0.3159854101251621], ""zrange"": [0.01, 10.0], ""noise"": false}], ""primitive"": null}",nan,nan,nan,nan,nan,1.6837775707244873,nan,nan,nan,nan,nan,nan,4.844656944274902,0.11267832666635513,0.9206026955532383,nan,nan,nan,True,True,0,0,0.0,0.0,0.0,0.0,0.09138564020395279,1.9936025142669678,raw_action_file_high_confidence,/data/state_diff2/external/deformable-ravens/data/phase3_ccda_large/train/hidden-contact-cable-line/hidden_pin/action/000000-3.pkl,
2,hidden_high_friction,1000,0,000000-5.pkl,state_action,gt_y_action,y_state,hidden_breakaway_pin,hidden_pin,free_vs_hidden_breakaway_pin,free_vs_hidden_pin,phase3_7_learned_action_alignment_no_phase4_no_cps,pick_place,True,0.671875,0.40625,0.036113280802965164,0.3974373936653137,-0.014007208868861198,-0.007233931217342615,1.0,1.0,0.5019284026402151,True,"{""camera_config"": [{""image_size"": [480, 640], ""intrinsics"": [450.0, 0, 320.0, 0, 450.0, 240.0, 0, 0, 1], ""position"": [1.0, 0, 0.75], ""rotation"": [0.6532814824381883, 0.6532814824381884, -0.2705980500730986, -0.27059805007309845], ""zrange"": [0.01, 10.0], ""noise"": false}, {""image_size"": [480, 640], ""intrinsics"": [450.0, 0, 320.0, 0, 450.0, 240.0, 0, 0, 1], ""position"": [0, 0.5, 0.75], ""rotation"": [-0.3596047974904982, 0.8681627791959909, -0.3159854101251621, 0.1308854423858669], ""zrange"": [0.01, 10.0], ""noise"": false}, {""image_size"": [480, 640], ""intrinsics"": [450.0, 0, 320.0, 0, 450.0, 240.0, 0, 0, 1], ""position"": [0, -0.5, 0.75], ""rotation"": [-0.8681627791959909, 0.3596047974904982, -0.13088544238586683, 0.3159854101251621], ""zrange"": [0.01, 10.0], ""noise"": false}], ""primitive"": ""pick_place"", ""params"": {""pose0"": [[0.671875, 0.40625, 0.036113280802965164], [0.0, 0.0, 0.0, 1.0]], ""pose1"": [[0.3974373936653137, -0.014007208868861198, -0.007233931217342615], [0.0, 0.0, 0.0, 1.0]]}}",0.0,0.0,0.0,0.9999999999999999,1.666122555732727,1.666122555732727,0.0,0.0,0.0,0.0,0.0,1.0,2.5630316734313965,0.0517391562461853,0.9750515383317422,nan,0.0,1.666122555732727,True,True,0,0,0.7083333333333334,0.0,0.7083333333333334,0.7083333333333334,0.0038754285778850317,0.09248387813568115,raw_action_file_high_confidence,/data/state_diff2/external/deformable-ravens/data/phase3_ccda_large_interrupted_20260704_152238/train/hidden-contact-cable-line/free/action/000000-5.pkl,
2,hidden_high_friction,1000,0,000000-5.pkl,state_action,idm_gt_future,y_state,hidden_breakaway_pin,hidden_pin,free_vs_hidden_breakaway_pin,free_vs_hidden_pin,phase3_7_learned_action_alignment_no_phase4_no_cps,pick_place,True,0.6860044598579407,0.4150821268558502,0.025715794414281845,0.3882003128528595,0.008635411038994789,0.0020865444093942642,1.0000001192092915,0.9999999403953572,0.5038712561475716,True,"{""camera_config"": [{""image_size"": [480, 640], ""intrinsics"": [450.0, 0, 320.0, 0, 450.0, 240.0, 0, 0, 1], ""position"": [1.0, 0, 0.75], ""rotation"": [0.6532814824381883, 0.6532814824381884, -0.2705980500730986, -0.27059805007309845], ""zrange"": [0.01, 10.0], ""noise"": false}, {""image_size"": [480, 640], ""intrinsics"": [450.0, 0, 320.0, 0, 450.0, 240.0, 0, 0, 1], ""position"": [0, 0.5, 0.75], ""rotation"": [-0.3596047974904982, 0.8681627791959909, -0.3159854101251621, 0.1308854423858669], ""zrange"": [0.01, 10.0], ""noise"": false}, {""image_size"": [480, 640], ""intrinsics"": [450.0, 0, 320.0, 0, 450.0, 240.0, 0, 0, 1], ""position"": [0, -0.5, 0.75], ""rotation"": [-0.8681627791959909, 0.3596047974904982, -0.13088544238586683, 0.3159854101251621], ""zrange"": [0.01, 10.0], ""noise"": false}], ""primitive"": ""pick_place"", ""params"": {""pose0"": [[0.6860044598579407, 0.4150821268558502, 0.025715794414281845], [-5.880028908222812e-08, -1.9139601903361836e-08, 1.739480026685669e-08, 1.0000001192092896]], ""pose1"": [[0.3882003128528595, 0.008635411038994789, 0.0020865444093942642], [4.686140897547375e-08, -3.2198652633042e-08, -2.5453578800238574e-08, 0.9999999403953552]]}}",0.032720621675252914,0.005325687117874622,0.022642619907855988,0.9998132324802079,1.6716264486312866,1.666122555732727,0.016662775899440874,0.010397486388683319,0.0244542817974163,0.00932047562673688,3.0848330361074785,1.0038707781770004,2.5630316734313965,0.0517391562461853,0.9750515383317422,1.0302633047103882,0.0,1.6716264486312866,True,True,0,0,0.0,0.0,0.0,0.0,0.0038413680158555508,0.09239128977060318,raw_action_file_high_confidence,/data/state_diff2/external/deformable-ravens/data/phase3_ccda_large_interrupted_20260704_152238/train/hidden-contact-cable-line/free/action/000000-5.pkl,
2,hidden_high_friction,1000,0,000000-5.pkl,state_action,idm_pred_future,y_state,hidden_breakaway_pin,hidden_pin,free_vs_hidden_breakaway_pin,free_vs_hidden_pin,phase3_7_learned_action_alignment_no_phase4_no_cps,pick_place,True,0.6941384077072144,0.3734373450279236,0.02384496107697487,0.4403423070907593,-0.12835906445980072,0.00061268568970263,1.0000000000000016,0.9999999403953571,0.5623273933065058,True,"{""camera_config"": [{""image_size"": [480, 640], ""intrinsics"": [450.0, 0, 320.0, 0, 450.0, 240.0, 0, 0, 1], ""position"": [1.0, 0, 0.75], ""rotation"": [0.6532814824381883, 0.6532814824381884, -0.2705980500730986, -0.27059805007309845], ""zrange"": [0.01, 10.0], ""noise"": false}, {""image_size"": [480, 640], ""intrinsics"": [450.0, 0, 320.0, 0, 450.0, 240.0, 0, 0, 1], ""position"": [0, 0.5, 0.75], ""rotation"": [-0.3596047974904982, 0.8681627791959909, -0.3159854101251621, 0.1308854423858669], ""zrange"": [0.01, 10.0], ""noise"": false}, {""image_size"": [480, 640], ""intrinsics"": [450.0, 0, 320.0, 0, 450.0, 240.0, 0, 0, 1], ""position"": [0, -0.5, 0.75], ""rotation"": [-0.8681627791959909, 0.3596047974904982, -0.13088544238586683, 0.3159854101251621], ""zrange"": [0.01, 10.0], ""noise"": false}], ""primitive"": ""pick_place"", ""params"": {""pose0"": [[0.6941384077072144, 0.3734373450279236, 0.02384496107697487], [-9.663909672497084e-09, -2.1078437606458778e-10, -5.4491607670570374e-08, 1.0]], ""pose1"": [[0.4403423070907593, -0.12835906445980072, 0.00061268568970263], [4.9448264149987153e-08, -2.4834994505340546e-08, -2.4148006261270893e-08, 0.9999999403953552]]}}",0.12923462688922882,0.01660342887043953,0.11435185372829437,0.9970721127989727,1.6829229593276978,1.666122555732727,0.03965261213405975,0.012268319725990295,0.12213590165523021,0.007846616907045245,6.316311163814824,1.120333877000352,2.5630316734313965,0.0517391562461853,0.9750515383317422,0.8912039399147034,0.0,1.6829229593276978,True,True,0,0,0.20833333333333334,0.0,0.20833333333333334,0.20833333333333334,0.003853992559015751,0.09247414022684097,raw_action_file_high_confidence,/data/state_diff2/external/deformable-ravens/data/phase3_ccda_large_interrupted_20260704_152238/train/hidden-contact-cable-line/free/action/000000-5.pkl,
2,hidden_high_friction,1000,0,000000-5.pkl,state_action,same_state_oracle,y_state,hidden_breakaway_pin,hidden_pin,free_vs_hidden_breakaway_pin,free_vs_hidden_pin,phase3_7_learned_action_alignment_no_phase4_no_cps,None,True,nan,nan,nan,nan,nan,nan,nan,nan,nan,False,"{""camera_config"": [{""image_size"": [480, 640], ""intrinsics"": [450.0, 0, 320.0, 0, 450.0, 240.0, 0, 0, 1], ""position"": [1.0, 0, 0.75], ""rotation"": [0.6532814824381883, 0.6532814824381884, -0.2705980500730986, -0.27059805007309845], ""zrange"": [0.01, 10.0], ""noise"": false}, {""image_size"": [480, 640], ""intrinsics"": [450.0, 0, 320.0, 0, 450.0, 240.0, 0, 0, 1], ""position"": [0, 0.5, 0.75], ""rotation"": [-0.3596047974904982, 0.8681627791959909, -0.3159854101251621, 0.1308854423858669], ""zrange"": [0.01, 10.0], ""noise"": false}, {""image_size"": [480, 640], ""intrinsics"": [450.0, 0, 320.0, 0, 450.0, 240.0, 0, 0, 1], ""position"": [0, -0.5, 0.75], ""rotation"": [-0.8681627791959909, 0.3596047974904982, -0.13088544238586683, 0.3159854101251621], ""zrange"": [0.01, 10.0], ""noise"": false}], ""primitive"": null}",nan,nan,nan,nan,nan,1.666122555732727,nan,nan,nan,nan,nan,nan,2.5630316734313965,0.0517391562461853,0.9750515383317422,nan,nan,nan,True,True,0,0,0.0,0.0,0.0,0.0,0.003961261827498674,0.0927657037973404,raw_action_file_high_confidence,/data/state_diff2/external/deformable-ravens/data/phase3_ccda_large_interrupted_20260704_152238/train/hidden-contact-cable-line/free/action/000000-5.pkl,
6,hidden_high_friction,1000,1,000000-5.pkl,state_action,gt_y_action,y_state,hidden_breakaway_pin,hidden_pin,free_vs_hidden_breakaway_pin,free_vs_hidden_pin,phase3_7_learned_action_alignment_no_phase4_no_cps,pick_place,True,0.6000000238418579,0.24687500298023224,0.013311483897268772,0.6214526891708374,0.1858459711074829,0.0033436266239732504,1.0,1.0,0.06468971773815567,True,"{""camera_config"": [{""image_size"": [480, 640], ""intrinsics"": [450.0, 0, 320.0, 0, 450.0, 240.0, 0, 0, 1], ""position"": [1.0, 0, 0.75], ""rotation"": [0.6532814824381883, 0.6532814824381884, -0.2705980500730986, -0.27059805007309845], ""zrange"": [0.01, 10.0], ""noise"": false}, {""image_size"": [480, 640], ""intrinsics"": [450.0, 0, 320.0, 0, 450.0, 240.0, 0, 0, 1], ""position"": [0, 0.5, 0.75], ""rotation"": [-0.3596047974904982, 0.8681627791959909, -0.3159854101251621, 0.1308854423858669], ""zrange"": [0.01, 10.0], ""noise"": false}, {""image_size"": [480, 640], ""intrinsics"": [450.0, 0, 320.0, 0, 450.0, 240.0, 0, 0, 1], ""position"": [0, -0.5, 0.75], ""rotation"": [-0.8681627791959909, 0.3596047974904982, -0.13088544238586683, 0.3159854101251621], ""zrange"": [0.01, 10.0], ""noise"": false}], ""primitive"": ""pick_place"", ""params"": {""pose0"": [[0.6000000238418579, 0.24687500298023224, 0.013311483897268772], [0.0, 0.0, 0.0, 1.0]], ""pose1"": [[0.6214526891708374, 0.1858459711074829, 0.0033436266239732504], [0.0, 0.0, 0.0, 1.0]]}}",0.0,0.0,0.0,1.0000000000000002,1.6857869625091553,1.6857869625091553,0.0,0.0,0.0,0.0,0.0,1.0,2.3354549407958984,0.04749755561351776,0.9749366454823543,nan,0.0,1.6857869625091553,True,True,0,0,0.0,0.5,0.5,0.0,0.011401636525988579,0.21558193862438202,raw_action_file_high_confidence,/data/state_diff2/external/deformable-ravens/data/phase3_ccda_large_interrupted_20260704_152238/train/hidden-contact-cable-line/free/action/000000-5.pkl,
6,hidden_high_friction,1000,1,000000-5.pkl,state_action,idm_gt_future,y_state,hidden_breakaway_pin,hidden_pin,free_vs_hidden_breakaway_pin,free_vs_hidden_pin,phase3_7_learned_action_alignment_no_phase4_no_cps,pick_place,True,0.6361978650093079,0.29687705636024475,0.011752673424780369,0.6125283241271973,0.11285414546728134,0.0012634873855859041,0.9999999403953559,1.0000000000000007,0.1855388878351098,True,"{""camera_config"": [{""image_size"": [480, 640], ""intrinsics"": [450.0, 0, 320.0, 0, 450.0, 240.0, 0, 0, 1], ""position"": [1.0, 0, 0.75], ""rotation"": [0.6532814824381883, 0.6532814824381884, -0.2705980500730986, -0.27059805007309845], ""zrange"": [0.01, 10.0], ""noise"": false}, {""image_size"": [480, 640], ""intrinsics"": [450.0, 0, 320.0, 0, 450.0, 240.0, 0, 0, 1], ""position"": [0, 0.5, 0.75], ""rotation"": [-0.3596047974904982, 0.8681627791959909, -0.3159854101251621, 0.1308854423858669], ""zrange"": [0.01, 10.0], ""noise"": false}, {""image_size"": [480, 640], ""intrinsics"": [450.0, 0, 320.0, 0, 450.0, 240.0, 0, 0, 1], ""position"": [0, -0.5, 0.75], ""rotation"": [-0.8681627791959909, 0.3596047974904982, -0.13088544238586683, 0.3159854101251621], ""zrange"": [0.01, 10.0], ""noise"": false}], ""primitive"": ""pick_place"", ""params"": {""pose0"": [[0.6361978650093079, 0.29687705636024475, 0.011752673424780369], [2.181990144123347e-09, -3.3297066437398826e-08, -1.3827370359820179e-08, 0.9999999403953552]], ""pose1"": [[0.6125283241271973, 0.11285414546728134, 0.0012634873855859041], [-1.4347008914228354e-08, 3.0573254150567664e-08, -9.28451093784588e-09, 1.0]]}}",0.09604528546333313,0.012268228456377983,0.07299182564020157,0.9984113582147737,1.697336196899414,1.6857869625091553,0.06172915881009197,0.0015588104724884033,0.07353537177251321,0.0020801392383873463,26.69667936264641,2.868135684037375,2.3354549407958984,0.04749755561351776,0.9749366454823543,0.6164323687553406,0.0,1.697336196899414,True,True,0,0,-0.04166666666666663,0.4583333333333333,0.4166666666666667,-0.04166666666666663,0.010603655129671097,0.20042148232460022,raw_action_file_high_confidence,/data/state_diff2/external/deformable-ravens/data/phase3_ccda_large_interrupted_20260704_152238/train/hidden-contact-cable-line/free/action/000000-5.pkl,
6,hidden_high_friction,1000,1,000000-5.pkl,state_action,idm_pred_future,y_state,hidden_breakaway_pin,hidden_pin,free_vs_hidden_breakaway_pin,free_vs_hidden_pin,phase3_7_learned_action_alignment_no_phase4_no_cps,pick_place,True,0.6355830430984497,0.2963857352733612,0.014014744199812412,0.6239266991615295,0.04176492244005203,0.000742916134186089,1.0000000000000009,1.0000000000000007,0.25488748239541076,True,"{""camera_config"": [{""image_size"": [480, 640], ""intrinsics"": [450.0, 0, 320.0, 0, 450.0, 240.0, 0, 0, 1], ""position"": [1.0, 0, 0.75], ""rotation"": [0.6532814824381883, 0.6532814824381884, -0.2705980500730986, -0.27059805007309845], ""zrange"": [0.01, 10.0], ""noise"": false}, {""image_size"": [480, 640], ""intrinsics"": [450.0, 0, 320.0, 0, 450.0, 240.0, 0, 0, 1], ""position"": [0, 0.5, 0.75], ""rotation"": [-0.3596047974904982, 0.8681627791959909, -0.3159854101251621, 0.1308854423858669], ""zrange"": [0.01, 10.0], ""noise"": false}, {""image_size"": [480, 640], ""intrinsics"": [450.0, 0, 320.0, 0, 450.0, 240.0, 0, 0, 1], ""position"": [0, -0.5, 0.75], ""rotation"": [-0.8681627791959909, 0.3596047974904982, -0.13088544238586683, 0.3159854101251621], ""zrange"": [0.01, 10.0], ""noise"": false}], ""primitive"": ""pick_place"", ""params"": {""pose0"": [[0.6355830430984497, 0.2963857352733612, 0.014014744199812412], [1.5743220060926433e-08, -3.361486733410857e-08, -2.4760156591696614e-08, 1.0]], ""pose1"": [[0.6239266991615295, 0.04176492244005203, 0.000742916134186089], [-1.3171266743938759e-08, 2.8385283457055266e-08, -2.3319996600434933e-08, 1.0]]}}",0.1564934253692627,0.016782352700829506,0.14408105611801147,0.9957479066446381,1.6979506015777588,1.6857869625091553,0.060971008451696666,0.0007032603025436401,0.14410228766588207,0.0026007104897871614,21.988504023800015,3.9401544991604056,2.3354549407958984,0.04749755561351776,0.9749366454823543,0.5690496563911438,0.0,1.6979506015777588,True,True,1,1,0.0,nan,nan,nan,0.04003937169909477,0.8603643178939819,raw_action_file_high_confidence,/data/state_diff2/external/deformable-ravens/data/phase3_ccda_large_interrupted_20260704_152238/train/hidden-contact-cable-line/free/action/000000-5.pkl,
6,hidden_high_friction,1000,1,000000-5.pkl,state_action,same_state_oracle,y_state,hidden_breakaway_pin,hidden_pin,free_vs_hidden_breakaway_pin,free_vs_hidden_pin,phase3_7_learned_action_alignment_no_phase4_no_cps,pick_place,True,0.453125,0.046875,0.01350335031747818,0.6212784647941589,0.18690019845962524,7.335560803767294e-05,1.0,1.0,0.218821031726701,True,"{""camera_config"": [{""image_size"": [480, 640], ""intrinsics"": [450.0, 0, 320.0, 0, 450.0, 240.0, 0, 0, 1], ""position"": [1.0, 0, 0.75], ""rotation"": [0.6532814824381883, 0.6532814824381884, -0.2705980500730986, -0.27059805007309845], ""zrange"": [0.01, 10.0], ""noise"": false}, {""image_size"": [480, 640], ""intrinsics"": [450.0, 0, 320.0, 0, 450.0, 240.0, 0, 0, 1], ""position"": [0, 0.5, 0.75], ""rotation"": [-0.3596047974904982, 0.8681627791959909, -0.3159854101251621, 0.1308854423858669], ""zrange"": [0.01, 10.0], ""noise"": false}, {""image_size"": [480, 640], ""intrinsics"": [450.0, 0, 320.0, 0, 450.0, 240.0, 0, 0, 1], ""position"": [0, -0.5, 0.75], ""rotation"": [-0.8681627791959909, 0.3596047974904982, -0.13088544238586683, 0.3159854101251621], ""zrange"": [0.01, 10.0], ""noise"": false}], ""primitive"": ""pick_place"", ""params"": {""pose0"": [[0.453125, 0.046875, 0.01350335031747818], [0.0, 0.0, 0.0, 1.0]], ""pose1"": [[0.6212784647941589, 0.18690019845962524, 7.335560803767294e-05], [0, 0, 0, 1]]}}",nan,nan,nan,nan,nan,1.6857869625091553,0.24813761065311973,0.0001918664202094078,0.0010685267630874,0.0032702710159355775,110.41753765076301,3.382624617600313,2.3354549407958984,0.04749755561351776,0.9749366454823543,nan,nan,nan,True,True,0,0,-0.125,0.9583333333333334,0.8333333333333334,-0.125,0.0405413843691349,0.8642436861991882,raw_action_file_high_confidence,/data/state_diff2/external/deformable-ravens/data/phase3_ccda_large_interrupted_20260704_152238/train/hidden-contact-cable-line/free/action/000000-5.pkl,
10,hidden_high_friction,1000,2,000000-5.pkl,state_action,gt_y_action,y_state,hidden_breakaway_pin,hidden_pin,free_vs_hidden_breakaway_pin,free_vs_hidden_pin,phase3_7_learned_action_alignment_no_phase4_no_cps,pick_place,True,0.550000011920929,0.17812499403953552,0.01353535708039999,0.5663213729858398,0.1223711147904396,0.0027659526094794273,1.0,1.0,0.0580937335547816,True,"{""camera_config"": [{""image_size"": [480, 640], ""intrinsics"": [450.0, 0, 320.0, 0, 450.0, 240.0, 0, 0, 1], ""position"": [1.0, 0, 0.75], ""rotation"": [0.6532814824381883, 0.6532814824381884, -0.2705980500730986, -0.27059805007309845], ""zrange"": [0.01, 10.0], ""noise"": false}, {""image_size"": [480, 640], ""intrinsics"": [450.0, 0, 320.0, 0, 450.0, 240.0, 0, 0, 1], ""position"": [0, 0.5, 0.75], ""rotation"": [-0.3596047974904982, 0.8681627791959909, -0.3159854101251621, 0.1308854423858669], ""zrange"": [0.01, 10.0], ""noise"": false}, {""image_size"": [480, 640], ""intrinsics"": [450.0, 0, 320.0, 0, 450.0, 240.0, 0, 0, 1], ""position"": [0, -0.5, 0.75], ""rotation"": [-0.8681627791959909, 0.3596047974904982, -0.13088544238586683, 0.3159854101251621], ""zrange"": [0.01, 10.0], ""noise"": false}], ""primitive"": ""pick_place"", ""params"": {""pose0"": [[0.550000011920929, 0.17812499403953552, 0.01353535708039999], [0.0, 0.0, 0.0, 1.0]], ""pose1"": [[0.5663213729858398, 0.1223711147904396, 0.0027659526094794273], [0.0, 0.0, 0.0, 1.0]]}}",0.0,0.0,0.0,1.0,1.634048342704773,1.634048342704773,0.0,0.0,0.0,0.0,0.0,1.0,2.5974738597869873,0.05340442806482315,0.970682154444062,nan,0.0,1.634048342704773,True,True,0,0,0.08333333333333326,0.8333333333333334,0.9166666666666666,0.08333333333333326,0.008164615370333195,0.16515280306339264,raw_action_file_high_confidence,/data/state_diff2/external/deformable-ravens/data/phase3_ccda_large_interrupted_20260704_152238/train/hidden-contact-cable-line/free/action/000000-5.pkl,
10,hidden_high_friction,1000,2,000000-5.pkl,state_action,idm_gt_future,y_state,hidden_breakaway_pin,hidden_pin,free_vs_hidden_breakaway_pin,free_vs_hidden_pin,phase3_7_learned_action_alignment_no_phase4_no_cps,pick_place,True,0.5634310245513916,0.19412414729595184,0.014726728200912476,0.5010231137275696,-0.011161903850734234,0.0009976665023714304,1.0000000000000002,1.0000000000000002,0.2145626018876401,True,"{""camera_config"": [{""image_size"": [480, 640], ""intrinsics"": [450.0, 0, 320.0, 0, 450.0, 240.0, 0, 0, 1], ""position"": [1.0, 0, 0.75], ""rotation"": [0.6532814824381883, 0.6532814824381884, -0.2705980500730986, -0.27059805007309845], ""zrange"": [0.01, 10.0], ""noise"": false}, {""image_size"": [480, 640], ""intrinsics"": [450.0, 0, 320.0, 0, 450.0, 240.0, 0, 0, 1], ""position"": [0, 0.5, 0.75], ""rotation"": [-0.3596047974904982, 0.8681627791959909, -0.3159854101251621, 0.1308854423858669], ""zrange"": [0.01, 10.0], ""noise"": false}, {""image_size"": [480, 640], ""intrinsics"": [450.0, 0, 320.0, 0, 450.0, 240.0, 0, 0, 1], ""position"": [0, -0.5, 0.75], ""rotation"": [-0.8681627791959909, 0.3596047974904982, -0.13088544238586683, 0.3159854101251621], ""zrange"": [0.01, 10.0], ""noise"": false}], ""primitive"": ""pick_place"", ""params"": {""pose0"": [[0.5634310245513916, 0.19412414729595184, 0.014726728200912476], [-4.8035140309821145e-09, 1.6127858160075448e-08, -8.013626207059588e-09, 1.0]], ""pose1"": [[0.5010231137275696, -0.011161903850734234, 0.0009976665023714304], [8.843874965691612e-09, -1.3925302688733154e-08, 8.559212005820882e-09, 1.0]]}}",0.15011942386627197,0.01651579886674881,0.13353301584720612,0.9958014705180325,1.6144675016403198,1.634048342704773,0.020889351478730594,0.0011913711205124855,0.14864363333013747,0.001768286107107997,33.22635129649807,3.6933863389122767,2.5974738597869873,0.05340442806482315,0.970682154444062,0.3168485164642334,0.0,1.6144675016403198,True,True,0,0,0.0,0.7916666666666666,0.7916666666666666,0.0,0.010038033127784729,0.22393779456615448,raw_action_file_high_confidence,/data/state_diff2/external/deformable-ravens/data/phase3_ccda_large_interrupted_20260704_152238/train/hidden-contact-cable-line/free/action/000000-5.pkl,
10,hidden_high_friction,1000,2,000000-5.pkl,state_action,idm_pred_future,y_state,hidden_breakaway_pin,hidden_pin,free_vs_hidden_breakaway_pin,free_vs_hidden_pin,phase3_7_learned_action_alignment_no_phase4_no_cps,pick_place,True,0.5529846549034119,0.16151225566864014,0.01565658487379551,0.5340709686279297,-0.13478614389896393,0.005461743101477623,1.0000000000000018,1.0000000000000004,0.29690144680491354,True,"{""camera_config"": [{""image_size"": [480, 640], ""intrinsics"": [450.0, 0, 320.0, 0, 450.0, 240.0, 0, 0, 1], ""position"": [1.0, 0, 0.75], ""rotation"": [0.6532814824381883, 0.6532814824381884, -0.2705980500730986, -0.27059805007309845], ""zrange"": [0.01, 10.0], ""noise"": false}, {""image_size"": [480, 640], ""intrinsics"": [450.0, 0, 320.0, 0, 450.0, 240.0, 0, 0, 1], ""position"": [0, 0.5, 0.75], ""rotation"": [-0.3596047974904982, 0.8681627791959909, -0.3159854101251621, 0.1308854423858669], ""zrange"": [0.01, 10.0], ""noise"": false}, {""image_size"": [480, 640], ""intrinsics"": [450.0, 0, 320.0, 0, 450.0, 240.0, 0, 0, 1], ""position"": [0, -0.5, 0.75], ""rotation"": [-0.8681627791959909, 0.3596047974904982, -0.13088544238586683, 0.3159854101251621], ""zrange"": [0.01, 10.0], ""noise"": false}], ""primitive"": ""pick_place"", ""params"": {""pose0"": [[0.5529846549034119, 0.16151225566864014, 0.01565658487379551], [4.9947509239700594e-08, -2.6363686345121096e-08, -1.782821357210196e-08, 1.0]], ""pose1"": [[0.5340709686279297, -0.13478614389896393, 0.005461743101477623], [-1.6180873529947348e-08, 7.201029106340684e-09, 2.4330418568752066e-08, 1.0]]}}",0.259743332862854,0.022415874525904655,0.25715726613998413,0.9873049947717208,1.6234384775161743,1.634048342704773,0.016878719439362228,0.0021212277933955193,0.2591716502202691,0.0026957904919981956,19.96925613984144,5.110731031341608,2.5974738597869873,0.05340442806482315,0.970682154444062,0.5833927989006042,0.0,1.6234384775161743,True,True,0,0,-0.04166666666666663,0.75,0.7083333333333334,-0.04166666666666663,0.04048397019505501,0.8658626079559326,raw_action_file_high_confidence,/data/state_diff2/external/deformable-ravens/data/phase3_ccda_large_interrupted_20260704_152238/train/hidden-contact-cable-line/free/action/000000-5.pkl,
10,hidden_high_friction,1000,2,000000-5.pkl,state_action,same_state_oracle,y_state,hidden_breakaway_pin,hidden_pin,free_vs_hidden_breakaway_pin,free_vs_hidden_pin,phase3_7_learned_action_alignment_no_phase4_no_cps,pick_place,True,0.490625,0.09062500000000007,0.014665632508695126,0.5155839323997498,0.09124211221933365,0.0021633270662277937,1.0,1.0,0.024966560316281656,True,"{""camera_config"": [{""image_size"": [480, 640], ""intrinsics"": [450.0, 0, 320.0, 0, 450.0, 240.0, 0, 0, 1], ""position"": [1.0, 0, 0.75], ""rotation"": [0.6532814824381883, 0.6532814824381884, -0.2705980500730986, -0.27059805007309845], ""zrange"": [0.01, 10.0], ""noise"": false}, {""image_size"": [480, 640], ""intrinsics"": [450.0, 0, 320.0, 0, 450.0, 240.0, 0, 0, 1], ""position"": [0, 0.5, 0.75], ""rotation"": [-0.3596047974904982, 0.8681627791959909, -0.3159854101251621, 0.1308854423858669], ""zrange"": [0.01, 10.0], ""noise"": false}, {""image_size"": [480, 640], ""intrinsics"": [450.0, 0, 320.0, 0, 450.0, 240.0, 0, 0, 1], ""position"": [0, -0.5, 0.75], ""rotation"": [-0.8681627791959909, 0.3596047974904982, -0.13088544238586683, 0.3159854101251621], ""zrange"": [0.01, 10.0], ""noise"": false}], ""primitive"": ""pick_place"", ""params"": {""pose0"": [[0.490625, 0.09062500000000007, 0.014665632508695126], [0.0, 0.0, 0.0, 1.0]], ""pose1"": [[0.5155839323997498, 0.09124211221933365, 0.0021633270662277937], [0, 0, 0, 1]]}}",nan,nan,nan,nan,nan,1.634048342704773,0.10574327873453328,0.0011302754282951355,0.05952564723124767,0.0006026255432516336,75.09951913534573,0.4297633976776261,2.5974738597869873,0.05340442806482315,0.970682154444062,nan,nan,nan,True,True,1,1,0.08333333333333337,0.9166666666666666,1.0,0.08333333333333337,0.009488847106695175,0.19169530272483826,raw_action_file_high_confidence,/data/state_diff2/external/deformable-ravens/data/phase3_ccda_large_interrupted_20260704_152238/train/hidden-contact-cable-line/free/action/000000-5.pkl,
3,hidden_breakaway_pin,1000,0,000000-4.pkl,state_action,gt_y_action,y_state,hidden_breakaway_pin,hidden_pin,free_vs_hidden_breakaway_pin,free_vs_hidden_pin,phase3_7_learned_action_alignment_no_phase4_no_cps,pick_place,True,0.671875,0.40625,0.03601432591676712,0.3977108895778656,-0.014461454004049301,-0.007450219243764877,1.0,1.0,0.5021594238623444,True,"{""camera_config"": [{""image_size"": [480, 640], ""intrinsics"": [450.0, 0, 320.0, 0, 450.0, 240.0, 0, 0, 1], ""position"": [1.0, 0, 0.75], ""rotation"": [0.6532814824381883, 0.6532814824381884, -0.2705980500730986, -0.27059805007309845], ""zrange"": [0.01, 10.0], ""noise"": false}, {""image_size"": [480, 640], ""intrinsics"": [450.0, 0, 320.0, 0, 450.0, 240.0, 0, 0, 1], ""position"": [0, 0.5, 0.75], ""rotation"": [-0.3596047974904982, 0.8681627791959909, -0.3159854101251621, 0.1308854423858669], ""zrange"": [0.01, 10.0], ""noise"": false}, {""image_size"": [480, 640], ""intrinsics"": [450.0, 0, 320.0, 0, 450.0, 240.0, 0, 0, 1], ""position"": [0, -0.5, 0.75], ""rotation"": [-0.8681627791959909, 0.3596047974904982, -0.13088544238586683, 0.3159854101251621], ""zrange"": [0.01, 10.0], ""noise"": false}], ""primitive"": ""pick_place"", ""params"": {""pose0"": [[0.671875, 0.40625, 0.03601432591676712], [0.0, 0.0, 0.0, 1.0]], ""pose1"": [[0.3977108895778656, -0.014461454004049301, -0.007450219243764877], [0.0, 0.0, 0.0, 1.0]]}}",0.0,0.0,0.0,0.9999999999999999,1.666190505027771,1.666190505027771,0.0,0.0,0.0,0.0,1.2074182697257333e-06,1.0,2.337987184524536,0.04891357198357582,0.975895182088028,nan,0.0,1.666190505027771,True,True,0,0,0.6666666666666666,0.0,0.6666666666666666,0.6666666666666666,0.00382729503326118,0.09245873242616653,raw_action_file_high_confidence,/data/state_diff2/external/deformable-ravens/data/phase3_ccda_large_interrupted_20260704_152238/heldout/hidden-contact-cable-line/free/action/000000-4.pkl,
3,hidden_breakaway_pin,1000,0,000000-4.pkl,state_action,idm_gt_future,y_state,hidden_breakaway_pin,hidden_pin,free_vs_hidden_breakaway_pin,free_vs_hidden_pin,phase3_7_learned_action_alignment_no_phase4_no_cps,pick_place,True,0.6992624402046204,0.42327454686164856,0.026445746421813965,0.37959757447242737,0.00625365786254406,0.0025615037884563208,1.0000001192092915,0.9999999403953572,0.5254446195796322,True,"{""camera_config"": [{""image_size"": [480, 640], ""intrinsics"": [450.0, 0, 320.0, 0, 450.0, 240.0, 0, 0, 1], ""position"": [1.0, 0, 0.75], ""rotation"": [0.6532814824381883, 0.6532814824381884, -0.2705980500730986, -0.27059805007309845], ""zrange"": [0.01, 10.0], ""noise"": false}, {""image_size"": [480, 640], ""intrinsics"": [450.0, 0, 320.0, 0, 450.0, 240.0, 0, 0, 1], ""position"": [0, 0.5, 0.75], ""rotation"": [-0.3596047974904982, 0.8681627791959909, -0.3159854101251621, 0.1308854423858669], ""zrange"": [0.01, 10.0], ""noise"": false}, {""image_size"": [480, 640], ""intrinsics"": [450.0, 0, 320.0, 0, 450.0, 240.0, 0, 0, 1], ""position"": [0, -0.5, 0.75], ""rotation"": [-0.8681627791959909, 0.3596047974904982, -0.13088544238586683, 0.3159854101251621], ""zrange"": [0.01, 10.0], ""noise"": false}], ""primitive"": ""pick_place"", ""params"": {""pose0"": [[0.6992624402046204, 0.42327454686164856, 0.026445746421813965], [-5.3208008665706075e-08, -3.307003737518244e-08, 1.9309084109409014e-08, 1.0000001192092896]], ""pose1"": [[0.37959757447242737, 0.00625365786254406, 0.0025615037884563208], [5.6425058403419825e-08, -1.0820652818210874e-08, -2.641755258991907e-08, 0.9999999403953552]]}}",0.044597167521715164,0.007344364188611507,0.02738744020462036,0.9996657919670124,1.6771907806396484,1.666190505027771,0.03224759024804991,0.009568579494953156,0.02751741346410258,0.010011723032221198,4.3807606137861175,1.046370125921745,2.337987184524536,0.04891357198357582,0.975895182088028,1.093228816986084,0.0,1.6771907806396484,True,True,0,0,0.041666666666666664,0.0,0.041666666666666664,0.041666666666666664,0.0038127568550407887,0.09240750968456268,raw_action_file_high_confidence,/data/state_diff2/external/deformable-ravens/data/phase3_ccda_large_interrupted_20260704_152238/heldout/hidden-contact-cable-line/free/action/000000-4.pkl,
3,hidden_breakaway_pin,1000,0,000000-4.pkl,state_action,idm_pred_future,y_state,hidden_breakaway_pin,hidden_pin,free_vs_hidden_breakaway_pin,free_vs_hidden_pin,phase3_7_learned_action_alignment_no_phase4_no_cps,pick_place,True,0.7685367465019226,0.38339877128601074,0.021337779238820076,0.5301210880279541,-0.03529047966003418,-1.4067278243601322e-05,1.000000000000002,1.0000000000000009,0.48181190838680626,True,"{""camera_config"": [{""image_size"": [480, 640], ""intrinsics"": [450.0, 0, 320.0, 0, 450.0, 240.0, 0, 0, 1], ""position"": [1.0, 0, 0.75], ""rotation"": [0.6532814824381883, 0.6532814824381884, -0.2705980500730986, -0.27059805007309845], ""zrange"": [0.01, 10.0], ""noise"": false}, {""image_size"": [480, 640], ""intrinsics"": [450.0, 0, 320.0, 0, 450.0, 240.0, 0, 0, 1], ""position"": [0, 0.5, 0.75], ""rotation"": [-0.3596047974904982, 0.8681627791959909, -0.3159854101251621, 0.1308854423858669], ""zrange"": [0.01, 10.0], ""noise"": false}, {""image_size"": [480, 640], ""intrinsics"": [450.0, 0, 320.0, 0, 450.0, 240.0, 0, 0, 1], ""position"": [0, -0.5, 0.75], ""rotation"": [-0.8681627791959909, 0.3596047974904982, -0.13088544238586683, 0.3159854101251621], ""zrange"": [0.01, 10.0], ""noise"": false}], ""primitive"": ""pick_place"", ""params"": {""pose0"": [[0.7685367465019226, 0.38339877128601074, 0.021337779238820076], [6.6992043024072245e-09, 3.9436056198383085e-08, -4.800163466711638e-08, 1.0]], ""pose1"": [[0.5301210880279541, -0.03529047966003418, -1.4067278243601322e-05], [3.246543656132417e-08, -9.280611834583397e-09, -2.911438379271658e-08, 1.0]]}}",0.16763852536678314,0.021061791107058525,0.1324101984500885,0.9960359818748449,1.7379218339920044,1.666190505027771,0.0993260886703035,0.014676546677947044,0.13403846076171383,0.007436151965521276,3.4323597522767098,0.9594799688930743,2.337987184524536,0.04891357198357582,0.975895182088028,0.8603010773658752,0.0,1.7379218339920044,True,True,0,0,0.0,0.0,0.0,0.0,0.0038484823890030384,0.09252338111400604,raw_action_file_high_confidence,/data/state_diff2/external/deformable-ravens/data/phase3_ccda_large_interrupted_20260704_152238/heldout/hidden-contact-cable-line/free/action/000000-4.pkl,
3,hidden_breakaway_pin,1000,0,000000-4.pkl,state_action,same_state_oracle,y_state,hidden_breakaway_pin,hidden_pin,free_vs_hidden_breakaway_pin,free_vs_hidden_pin,phase3_7_learned_action_alignment_no_phase4_no_cps,None,True,nan,nan,nan,nan,nan,nan,nan,nan,nan,False,"{""camera_config"": [{""image_size"": [480, 640], ""intrinsics"": [450.0, 0, 320.0, 0, 450.0, 240.0, 0, 0, 1], ""position"": [1.0, 0, 0.75], ""rotation"": [0.6532814824381883, 0.6532814824381884, -0.2705980500730986, -0.27059805007309845], ""zrange"": [0.01, 10.0], ""noise"": false}, {""image_size"": [480, 640], ""intrinsics"": [450.0, 0, 320.0, 0, 450.0, 240.0, 0, 0, 1], ""position"": [0, 0.5, 0.75], ""rotation"": [-0.3596047974904982, 0.8681627791959909, -0.3159854101251621, 0.1308854423858669], ""zrange"": [0.01, 10.0], ""noise"": false}, {""image_size"": [480, 640], ""intrinsics"": [450.0, 0, 320.0, 0, 450.0, 240.0, 0, 0, 1], ""position"": [0, -0.5, 0.75], ""rotation"": [-0.8681627791959909, 0.3596047974904982, -0.13088544238586683, 0.3159854101251621], ""zrange"": [0.01, 10.0], ""noise"": false}], ""primitive"": null}",nan,nan,nan,nan,nan,1.666190505027771,nan,nan,nan,nan,nan,nan,2.337987184524536,0.04891357198357582,0.975895182088028,nan,nan,nan,True,True,0,0,0.0,0.0,0.0,0.0,0.003901364514604211,0.09286630153656006,raw_action_file_high_confidence,/data/state_diff2/external/deformable-ravens/data/phase3_ccda_large_interrupted_20260704_152238/heldout/hidden-contact-cable-line/free/action/000000-4.pkl,
7,hidden_breakaway_pin,1000,1,000000-4.pkl,state_action,gt_y_action,y_state,hidden_breakaway_pin,hidden_pin,free_vs_hidden_breakaway_pin,free_vs_hidden_pin,phase3_7_learned_action_alignment_no_phase4_no_cps,pick_place,True,0.609375,0.22812500596046448,0.013410571962594986,0.6213554739952087,0.1864524483680725,0.004288728814572096,1.0,1.0,0.04336050983834367,True,"{""camera_config"": [{""image_size"": [480, 640], ""intrinsics"": [450.0, 0, 320.0, 0, 450.0, 240.0, 0, 0, 1], ""position"": [1.0, 0, 0.75], ""rotation"": [0.6532814824381883, 0.6532814824381884, -0.2705980500730986, -0.27059805007309845], ""zrange"": [0.01, 10.0], ""noise"": false}, {""image_size"": [480, 640], ""intrinsics"": [450.0, 0, 320.0, 0, 450.0, 240.0, 0, 0, 1], ""position"": [0, 0.5, 0.75], ""rotation"": [-0.3596047974904982, 0.8681627791959909, -0.3159854101251621, 0.1308854423858669], ""zrange"": [0.01, 10.0], ""noise"": false}, {""image_size"": [480, 640], ""intrinsics"": [450.0, 0, 320.0, 0, 450.0, 240.0, 0, 0, 1], ""position"": [0, -0.5, 0.75], ""rotation"": [-0.8681627791959909, 0.3596047974904982, -0.13088544238586683, 0.3159854101251621], ""zrange"": [0.01, 10.0], ""noise"": false}], ""primitive"": ""pick_place"", ""params"": {""pose0"": [[0.609375, 0.22812500596046448, 0.013410571962594986], [0.0, 0.0, 0.0, 1.0]], ""pose1"": [[0.6213554739952087, 0.1864524483680725, 0.004288728814572096], [0.0, 0.0, 0.0, 1.0]]}}",0.0,0.0,0.0,1.0,1.6865421533584595,1.6865421533584595,0.0,0.0,0.0,0.0,0.0,1.0,2.72406268119812,0.05553848668932915,0.9675717956402582,nan,0.0,1.6865421533584595,True,True,0,0,0.0,0.0,0.0,0.0,0.09082919359207153,1.8507354259490967,raw_action_file_high_confidence,/data/state_diff2/external/deformable-ravens/data/phase3_ccda_large_interrupted_20260704_152238/heldout/hidden-contact-cable-line/free/action/000000-4.pkl,
7,hidden_breakaway_pin,1000,1,000000-4.pkl,state_action,idm_gt_future,y_state,hidden_breakaway_pin,hidden_pin,free_vs_hidden_breakaway_pin,free_vs_hidden_pin,phase3_7_learned_action_alignment_no_phase4_no_cps,pick_place,True,0.6366445422172546,0.29326769709587097,0.011017014272511005,0.6123977303504944,0.09697837382555008,0.001020536758005619,0.9999999403953556,1.0000000000000007,0.19778120819638706,True,"{""camera_config"": [{""image_size"": [480, 640], ""intrinsics"": [450.0, 0, 320.0, 0, 450.0, 240.0, 0, 0, 1], ""position"": [1.0, 0, 0.75], ""rotation"": [0.6532814824381883, 0.6532814824381884, -0.2705980500730986, -0.27059805007309845], ""zrange"": [0.01, 10.0], ""noise"": false}, {""image_size"": [480, 640], ""intrinsics"": [450.0, 0, 320.0, 0, 450.0, 240.0, 0, 0, 1], ""position"": [0, 0.5, 0.75], ""rotation"": [-0.3596047974904982, 0.8681627791959909, -0.3159854101251621, 0.1308854423858669], ""zrange"": [0.01, 10.0], ""noise"": false}, {""image_size"": [480, 640], ""intrinsics"": [450.0, 0, 320.0, 0, 450.0, 240.0, 0, 0, 1], ""position"": [0, -0.5, 0.75], ""rotation"": [-0.8681627791959909, 0.3596047974904982, -0.13088544238586683, 0.3159854101251621], ""zrange"": [0.01, 10.0], ""noise"": false}], ""primitive"": ""pick_place"", ""params"": {""pose0"": [[0.6366445422172546, 0.29326769709587097, 0.011017014272511005], [-7.850267103037822e-10, -1.684319173023141e-08, -1.5000473752024845e-08, 0.9999999403953552]], ""pose1"": [[0.6123977303504944, 0.09697837382555008, 0.001020536758005619], [-1.7186537748514752e-09, 2.985948555078721e-08, -2.5879048237698044e-08, 1.0]]}}",0.1144091784954071,0.014036139473319054,0.08947407454252243,0.9977268400960136,1.6958420276641846,1.6865421533584595,0.07062009728895594,0.0023935576900839806,0.08992136112429171,0.003268192056566477,23.081292708981096,4.561321094557086,2.72406268119812,0.05553848668932915,0.9675717956402582,0.6168551445007324,0.0,1.6958420276641846,True,True,0,0,0.0,0.0,0.0,0.0,0.09083357453346252,1.8506662845611572,raw_action_file_high_confidence,/data/state_diff2/external/deformable-ravens/data/phase3_ccda_large_interrupted_20260704_152238/heldout/hidden-contact-cable-line/free/action/000000-4.pkl,
7,hidden_breakaway_pin,1000,1,000000-4.pkl,state_action,idm_pred_future,y_state,hidden_breakaway_pin,hidden_pin,free_vs_hidden_breakaway_pin,free_vs_hidden_pin,phase3_7_learned_action_alignment_no_phase4_no_cps,pick_place,True,0.6551805138587952,0.27349966764450073,0.018376605585217476,0.5906995534896851,-0.08082826435565948,0.005061995703727007,1.0000000000000002,1.0000000000000007,0.36014729992828337,True,"{""camera_config"": [{""image_size"": [480, 640], ""intrinsics"": [450.0, 0, 320.0, 0, 450.0, 240.0, 0, 0, 1], ""position"": [1.0, 0, 0.75], ""rotation"": [0.6532814824381883, 0.6532814824381884, -0.2705980500730986, -0.27059805007309845], ""zrange"": [0.01, 10.0], ""noise"": false}, {""image_size"": [480, 640], ""intrinsics"": [450.0, 0, 320.0, 0, 450.0, 240.0, 0, 0, 1], ""position"": [0, 0.5, 0.75], ""rotation"": [-0.3596047974904982, 0.8681627791959909, -0.3159854101251621, 0.1308854423858669], ""zrange"": [0.01, 10.0], ""noise"": false}, {""image_size"": [480, 640], ""intrinsics"": [450.0, 0, 320.0, 0, 450.0, 240.0, 0, 0, 1], ""position"": [0, -0.5, 0.75], ""rotation"": [-0.8681627791959909, 0.3596047974904982, -0.13088544238586683, 0.3159854101251621], ""zrange"": [0.01, 10.0], ""noise"": false}], ""primitive"": ""pick_place"", ""params"": {""pose0"": [[0.6551805138587952, 0.27349966764450073, 0.018376605585217476], [1.2612995092808887e-08, -1.5369106876050864e-08, -1.526528059514476e-08, 1.0]], ""pose1"": [[0.5906995534896851, -0.08082826435565948, 0.005061995703727007], [2.243228491849436e-09, 2.792779163485193e-08, 2.5244093038168103e-08, 1.0]]}}",0.2766966223716736,0.028204014524817467,0.2672806978225708,0.9865820141658933,1.6911197900772095,1.6865421533584595,0.06447484023096935,0.00496603362262249,0.2690330181523211,0.000773266889154911,26.353330600525176,8.305882501635287,2.72406268119812,0.05553848668932915,0.9675717956402582,0.7363601922988892,0.0,1.6911197900772095,True,True,0,0,0.0,0.0,0.0,0.0,0.09083753079175949,1.8506699800491333,raw_action_file_high_confidence,/data/state_diff2/external/deformable-ravens/data/phase3_ccda_large_interrupted_20260704_152238/heldout/hidden-contact-cable-line/free/action/000000-4.pkl,
7,hidden_breakaway_pin,1000,1,000000-4.pkl,state_action,same_state_oracle,y_state,hidden_breakaway_pin,hidden_pin,free_vs_hidden_breakaway_pin,free_vs_hidden_pin,phase3_7_learned_action_alignment_no_phase4_no_cps,pick_place,True,0.696875,0.37812500000000004,0.0138496533036232,0.3845689594745636,-0.027791369706392288,0.008861284703016281,1.0,1.0,0.5121554081958836,True,"{""camera_config"": [{""image_size"": [480, 640], ""intrinsics"": [450.0, 0, 320.0, 0, 450.0, 240.0, 0, 0, 1], ""position"": [1.0, 0, 0.75], ""rotation"": [0.6532814824381883, 0.6532814824381884, -0.2705980500730986, -0.27059805007309845], ""zrange"": [0.01, 10.0], ""noise"": false}, {""image_size"": [480, 640], ""intrinsics"": [450.0, 0, 320.0, 0, 450.0, 240.0, 0, 0, 1], ""position"": [0, 0.5, 0.75], ""rotation"": [-0.3596047974904982, 0.8681627791959909, -0.3159854101251621, 0.1308854423858669], ""zrange"": [0.01, 10.0], ""noise"": false}, {""image_size"": [480, 640], ""intrinsics"": [450.0, 0, 320.0, 0, 450.0, 240.0, 0, 0, 1], ""position"": [0, -0.5, 0.75], ""rotation"": [-0.8681627791959909, 0.3596047974904982, -0.13088544238586683, 0.3159854101251621], ""zrange"": [0.01, 10.0], ""noise"": false}], ""primitive"": ""pick_place"", ""params"": {""pose0"": [[0.696875, 0.37812500000000004, 0.0138496533036232], [0.0, 0.0, 0.0, 1.0]], ""pose1"": [[0.3845689594745636, -0.027791369706392288, 0.008861284703016281], [0, 0, 0, 1]]}}",nan,nan,nan,nan,nan,1.6865421533584595,0.17365554471959918,0.0004390813410282135,0.31932470471599916,0.004572555888444185,53.61360265268141,11.811563335055274,2.72406268119812,0.05553848668932915,0.9675717956402582,nan,nan,nan,True,True,0,0,0.3333333333333333,0.0,0.3333333333333333,0.3333333333333333,0.09083142876625061,1.850669264793396,raw_action_file_high_confidence,/data/state_diff2/external/deformable-ravens/data/phase3_ccda_large_interrupted_20260704_152238/heldout/hidden-contact-cable-line/free/action/000000-4.pkl,
11,hidden_breakaway_pin,1000,2,000000-4.pkl,state_action,gt_y_action,y_state,hidden_breakaway_pin,hidden_pin,free_vs_hidden_breakaway_pin,free_vs_hidden_pin,phase3_7_learned_action_alignment_no_phase4_no_cps,pick_place,True,0.565625011920929,0.171875,0.013295394368469715,0.5789891481399536,0.13196823000907898,0.0042389617301523685,1.0,1.0,0.04208503805378963,True,"{""camera_config"": [{""image_size"": [480, 640], ""intrinsics"": [450.0, 0, 320.0, 0, 450.0, 240.0, 0, 0, 1], ""position"": [1.0, 0, 0.75], ""rotation"": [0.6532814824381883, 0.6532814824381884, -0.2705980500730986, -0.27059805007309845], ""zrange"": [0.01, 10.0], ""noise"": false}, {""image_size"": [480, 640], ""intrinsics"": [450.0, 0, 320.0, 0, 450.0, 240.0, 0, 0, 1], ""position"": [0, 0.5, 0.75], ""rotation"": [-0.3596047974904982, 0.8681627791959909, -0.3159854101251621, 0.1308854423858669], ""zrange"": [0.01, 10.0], ""noise"": false}, {""image_size"": [480, 640], ""intrinsics"": [450.0, 0, 320.0, 0, 450.0, 240.0, 0, 0, 1], ""position"": [0, -0.5, 0.75], ""rotation"": [-0.8681627791959909, 0.3596047974904982, -0.13088544238586683, 0.3159854101251621], ""zrange"": [0.01, 10.0], ""noise"": false}], ""primitive"": ""pick_place"", ""params"": {""pose0"": [[0.565625011920929, 0.171875, 0.013295394368469715], [0.0, 0.0, 0.0, 1.0]], ""pose1"": [[0.5789891481399536, 0.13196823000907898, 0.0042389617301523685], [0.0, 0.0, 0.0, 1.0]]}}",0.0,0.0,0.0,1.0,1.6438709497451782,1.6438709497451782,0.0,0.0,0.0,0.0,8.537736462515939e-07,1.0,2.453214645385742,0.049529336392879486,0.9742923959822206,nan,0.0,1.6438709497451782,True,True,0,0,0.0,0.0,0.0,0.0,0.10076630115509033,2.0094492435455322,raw_action_file_high_confidence,/data/state_diff2/external/deformable-ravens/data/phase3_ccda_large_interrupted_20260704_152238/heldout/hidden-contact-cable-line/free/action/000000-4.pkl,
11,hidden_breakaway_pin,1000,2,000000-4.pkl,state_action,idm_gt_future,y_state,hidden_breakaway_pin,hidden_pin,free_vs_hidden_breakaway_pin,free_vs_hidden_pin,phase3_7_learned_action_alignment_no_phase4_no_cps,pick_place,True,0.5710662603378296,0.19388779997825623,0.01534388680011034,0.5262328386306763,-0.03795603662729263,0.0020980893168598413,1.0000000000000002,1.0000000000000002,0.2361389427306557,True,"{""camera_config"": [{""image_size"": [480, 640], ""intrinsics"": [450.0, 0, 320.0, 0, 450.0, 240.0, 0, 0, 1], ""position"": [1.0, 0, 0.75], ""rotation"": [0.6532814824381883, 0.6532814824381884, -0.2705980500730986, -0.27059805007309845], ""zrange"": [0.01, 10.0], ""noise"": false}, {""image_size"": [480, 640], ""intrinsics"": [450.0, 0, 320.0, 0, 450.0, 240.0, 0, 0, 1], ""position"": [0, 0.5, 0.75], ""rotation"": [-0.3596047974904982, 0.8681627791959909, -0.3159854101251621, 0.1308854423858669], ""zrange"": [0.01, 10.0], ""noise"": false}, {""image_size"": [480, 640], ""intrinsics"": [450.0, 0, 320.0, 0, 450.0, 240.0, 0, 0, 1], ""position"": [0, -0.5, 0.75], ""rotation"": [-0.8681627791959909, 0.3596047974904982, -0.13088544238586683, 0.3159854101251621], ""zrange"": [0.01, 10.0], ""noise"": false}], ""primitive"": ""pick_place"", ""params"": {""pose0"": [[0.5710662603378296, 0.19388779997825623, 0.01534388680011034], [8.333194578824532e-09, 2.1258356852627003e-08, -1.3300817336414639e-08, 1.0]], ""pose1"": [[0.5262328386306763, -0.03795603662729263, 0.0020980893168598413], [8.201975099098036e-09, -1.496752943808133e-08, 1.6311991757334e-08, 1.0]]}}",0.17938905954360962,0.018166005611419678,0.16992425918579102,0.9940415553716574,1.625518560409546,1.6438709497451782,0.022675329043194522,0.002048492431640625,0.17792550290767026,0.002140872413292527,29.459504646377898,5.610995110158682,2.453214645385742,0.049529336392879486,0.9742923959822206,0.3786808252334595,0.0,1.625518560409546,True,True,0,0,0.0,0.0,0.0,0.0,0.10082778334617615,2.0095107555389404,raw_action_file_high_confidence,/data/state_diff2/external/deformable-ravens/data/phase3_ccda_large_interrupted_20260704_152238/heldout/hidden-contact-cable-line/free/action/000000-4.pkl,
11,hidden_breakaway_pin,1000,2,000000-4.pkl,state_action,idm_pred_future,y_state,hidden_breakaway_pin,hidden_pin,free_vs_hidden_breakaway_pin,free_vs_hidden_pin,phase3_7_learned_action_alignment_no_phase4_no_cps,pick_place,True,0.5326008796691895,0.17041346430778503,0.01626588962972164,0.5184715986251831,-0.1139352023601532,0.002779370406642556,1.0000000000000007,1.0,0.28469949212925333,True,"{""camera_config"": [{""image_size"": [480, 640], ""intrinsics"": [450.0, 0, 320.0, 0, 450.0, 240.0, 0, 0, 1], ""position"": [1.0, 0, 0.75], ""rotation"": [0.6532814824381883, 0.6532814824381884, -0.2705980500730986, -0.27059805007309845], ""zrange"": [0.01, 10.0], ""noise"": false}, {""image_size"": [480, 640], ""intrinsics"": [450.0, 0, 320.0, 0, 450.0, 240.0, 0, 0, 1], ""position"": [0, 0.5, 0.75], ""rotation"": [-0.3596047974904982, 0.8681627791959909, -0.3159854101251621, 0.1308854423858669], ""zrange"": [0.01, 10.0], ""noise"": false}, {""image_size"": [480, 640], ""intrinsics"": [450.0, 0, 320.0, 0, 450.0, 240.0, 0, 0, 1], ""position"": [0, -0.5, 0.75], ""rotation"": [-0.8681627791959909, 0.3596047974904982, -0.13088544238586683, 0.3159854101251621], ""zrange"": [0.01, 10.0], ""noise"": false}], ""primitive"": ""pick_place"", ""params"": {""pose0"": [[0.5326008796691895, 0.17041346430778503, 0.01626588962972164], [1.8052549677349816e-08, -2.9302041681944502e-08, -1.171706554004004e-08, 1.0]], ""pose1"": [[0.5184715986251831, -0.1139352023601532, 0.002779370406642556], [2.8208997360223975e-09, -8.46793302144988e-09, 1.3618443261975699e-08, 1.0]]}}",0.2554105520248413,0.024666914716362953,0.24590343236923218,0.987888421472835,1.61082923412323,1.6438709497451782,0.03305645772855887,0.0029704952612519264,0.253240738922951,0.0014595913235098124,21.35955700735418,6.764862414176123,2.453214645385742,0.049529336392879486,0.9742923959822206,0.4238196909427643,0.0,1.61082923412323,True,True,0,0,0.0,0.0,0.0,0.0,0.10079341381788254,2.0098109245300293,raw_action_file_high_confidence,/data/state_diff2/external/deformable-ravens/data/phase3_ccda_large_interrupted_20260704_152238/heldout/hidden-contact-cable-line/free/action/000000-4.pkl,
11,hidden_breakaway_pin,1000,2,000000-4.pkl,state_action,same_state_oracle,y_state,hidden_breakaway_pin,hidden_pin,free_vs_hidden_breakaway_pin,free_vs_hidden_pin,phase3_7_learned_action_alignment_no_phase4_no_cps,pick_place,True,0.696875,0.37812500000000004,0.013845120556652546,0.3845101594924927,-0.02782813273370266,0.008859528228640556,1.0,1.0,0.5122204013523747,True,"{""camera_config"": [{""image_size"": [480, 640], ""intrinsics"": [450.0, 0, 320.0, 0, 450.0, 240.0, 0, 0, 1], ""position"": [1.0, 0, 0.75], ""rotation"": [0.6532814824381883, 0.6532814824381884, -0.2705980500730986, -0.27059805007309845], ""zrange"": [0.01, 10.0], ""noise"": false}, {""image_size"": [480, 640], ""intrinsics"": [450.0, 0, 320.0, 0, 450.0, 240.0, 0, 0, 1], ""position"": [0, 0.5, 0.75], ""rotation"": [-0.3596047974904982, 0.8681627791959909, -0.3159854101251621, 0.1308854423858669], ""zrange"": [0.01, 10.0], ""noise"": false}, {""image_size"": [480, 640], ""intrinsics"": [450.0, 0, 320.0, 0, 450.0, 240.0, 0, 0, 1], ""position"": [0, -0.5, 0.75], ""rotation"": [-0.8681627791959909, 0.3596047974904982, -0.13088544238586683, 0.3159854101251621], ""zrange"": [0.01, 10.0], ""noise"": false}], ""primitive"": ""pick_place"", ""params"": {""pose0"": [[0.696875, 0.37812500000000004, 0.013845120556652546], [0.0, 0.0, 0.0, 1.0]], ""pose1"": [[0.3845101594924927, -0.02782813273370266, 0.008859528228640556], [0, 0, 0, 1]]}}",nan,nan,nan,nan,nan,1.6438709497451782,0.24447008379504498,0.0005497261881828308,0.2517080741080069,0.004620566498488188,56.091725533146644,12.17108086483602,2.453214645385742,0.049529336392879486,0.9742923959822206,nan,nan,nan,True,True,0,0,0.375,0.0,0.375,0.375,0.10078494250774384,2.0097312927246094,raw_action_file_high_confidence,/data/state_diff2/external/deformable-ravens/data/phase3_ccda_large_interrupted_20260704_152238/heldout/hidden-contact-cable-line/free/action/000000-4.pkl,
