baseline,condition,window_idx,action_source,dim,path,dim_name,component,gt_value,pred_value,signed_error,abs_error
paper_state,free,0,idm_gt_future,0,params/pose0/0/0,00:params/pose0/0/0,pose0_xyz,0.668749988079071,0.6872899532318115,0.01853996515274048,0.01853996515274048
paper_state,free,0,idm_gt_future,1,params/pose0/0/1,01:params/pose0/0/1,pose0_xyz,0.40625,0.37839624285697937,-0.02785375714302063,0.02785375714302063
paper_state,free,0,idm_gt_future,2,params/pose0/0/2,02:params/pose0/0/2,pose0_xyz,0.03550928086042404,0.02587382309138775,-0.009635457769036293,0.009635457769036293
paper_state,free,0,idm_gt_future,3,params/pose0/1/0,03:params/pose0/1/0,pose0_quat,0.0,-5.5747396032757024e-08,-5.5747396032757024e-08,5.5747396032757024e-08
paper_state,free,0,idm_gt_future,4,params/pose0/1/1,04:params/pose0/1/1,pose0_quat,0.0,6.306841715542078e-10,6.306841715542078e-10,6.306841715542078e-10
paper_state,free,0,idm_gt_future,5,params/pose0/1/2,05:params/pose0/1/2,pose0_quat,0.0,2.0122752353302076e-09,2.0122752353302076e-09,2.0122752353302076e-09
paper_state,free,0,idm_gt_future,6,params/pose0/1/3,06:params/pose0/1/3,pose0_quat,1.0,1.0,0.0,0.0
paper_state,free,0,idm_gt_future,7,params/pose1/0/0,07:params/pose1/0/0,pose1_xyz,0.3997460603713989,0.38476863503456116,-0.014977425336837769,0.014977425336837769
paper_state,free,0,idm_gt_future,8,params/pose1/0/1,08:params/pose1/0/1,pose1_xyz,-0.016988500952720642,-0.012341138906776905,0.004647362045943737,0.004647362045943737
paper_state,free,0,idm_gt_future,9,params/pose1/0/2,09:params/pose1/0/2,pose1_xyz,-0.00808842945843935,0.002450771862640977,0.010539201088249683,0.010539201088249683
paper_state,free,0,idm_gt_future,10,params/pose1/1/0,10:params/pose1/1/0,pose1_quat,0.0,4.7320277474227623e-08,4.7320277474227623e-08,4.7320277474227623e-08
paper_state,free,0,idm_gt_future,11,params/pose1/1/1,11:params/pose1/1/1,pose1_quat,0.0,-4.955422738817106e-08,-4.955422738817106e-08,4.955422738817106e-08
paper_state,free,0,idm_gt_future,12,params/pose1/1/2,12:params/pose1/1/2,pose1_quat,0.0,-3.4006575333478395e-08,-3.4006575333478395e-08,3.4006575333478395e-08
paper_state,free,0,idm_gt_future,13,params/pose1/1/3,13:params/pose1/1/3,pose1_quat,1.0,0.9999999403953552,-5.960464477539063e-08,5.960464477539063e-08
paper_state,free,0,idm_pred_future,0,params/pose0/0/0,00:params/pose0/0/0,pose0_xyz,0.668749988079071,0.721515417098999,0.05276542901992798,0.05276542901992798
paper_state,free,0,idm_pred_future,1,params/pose0/0/1,01:params/pose0/0/1,pose0_xyz,0.40625,0.3531084358692169,-0.05314156413078308,0.05314156413078308
paper_state,free,0,idm_pred_future,2,params/pose0/0/2,02:params/pose0/0/2,pose0_xyz,0.03550928086042404,0.019975315779447556,-0.015533965080976486,0.015533965080976486
paper_state,free,0,idm_pred_future,3,params/pose0/1/0,03:params/pose0/1/0,pose0_quat,0.0,6.002129016025037e-09,6.002129016025037e-09,6.002129016025037e-09
paper_state,free,0,idm_pred_future,4,params/pose0/1/1,04:params/pose0/1/1,pose0_quat,0.0,4.39584972866669e-08,4.39584972866669e-08,4.39584972866669e-08
paper_state,free,0,idm_pred_future,5,params/pose0/1/2,05:params/pose0/1/2,pose0_quat,0.0,-4.6206270809534544e-08,-4.6206270809534544e-08,4.6206270809534544e-08
paper_state,free,0,idm_pred_future,6,params/pose0/1/3,06:params/pose0/1/3,pose0_quat,1.0,1.0,0.0,0.0
paper_state,free,0,idm_pred_future,7,params/pose1/0/0,07:params/pose1/0/0,pose1_xyz,0.3997460603713989,0.5692066550254822,0.16946059465408325,0.16946059465408325
paper_state,free,0,idm_pred_future,8,params/pose1/0/1,08:params/pose1/0/1,pose1_xyz,-0.016988500952720642,-0.18592217564582825,-0.1689336746931076,0.1689336746931076
paper_state,free,0,idm_pred_future,9,params/pose1/0/2,09:params/pose1/0/2,pose1_xyz,-0.00808842945843935,-0.0008300460176542401,0.007258383557200432,0.007258383557200432
paper_state,free,0,idm_pred_future,10,params/pose1/1/0,10:params/pose1/1/0,pose1_quat,0.0,1.523805437386727e-08,1.523805437386727e-08,1.523805437386727e-08
paper_state,free,0,idm_pred_future,11,params/pose1/1/1,11:params/pose1/1/1,pose1_quat,0.0,-6.603768554214184e-08,-6.603768554214184e-08,6.603768554214184e-08
paper_state,free,0,idm_pred_future,12,params/pose1/1/2,12:params/pose1/1/2,pose1_quat,0.0,1.293156248749483e-09,1.293156248749483e-09,1.293156248749483e-09
paper_state,free,0,idm_pred_future,13,params/pose1/1/3,13:params/pose1/1/3,pose1_quat,1.0,0.9999999403953552,-5.960464477539063e-08,5.960464477539063e-08
paper_state,free,4,idm_gt_future,0,params/pose0/0/0,00:params/pose0/0/0,pose0_xyz,0.6000000238418579,0.6340979337692261,0.034097909927368164,0.034097909927368164
paper_state,free,4,idm_gt_future,1,params/pose0/0/1,01:params/pose0/0/1,pose0_xyz,0.23125000298023224,0.3086932301521301,0.07744322717189789,0.07744322717189789
paper_state,free,4,idm_gt_future,2,params/pose0/0/2,02:params/pose0/0/2,pose0_xyz,0.013128692284226418,0.015534686855971813,0.0024059945717453957,0.0024059945717453957
paper_state,free,4,idm_gt_future,3,params/pose0/1/0,03:params/pose0/1/0,pose0_quat,0.0,7.186086836696859e-09,7.186086836696859e-09,7.186086836696859e-09
paper_state,free,4,idm_gt_future,4,params/pose0/1/1,04:params/pose0/1/1,pose0_quat,0.0,-3.090096711844126e-08,-3.090096711844126e-08,3.090096711844126e-08
paper_state,free,4,idm_gt_future,5,params/pose0/1/2,05:params/pose0/1/2,pose0_quat,0.0,-9.036448034294153e-09,-9.036448034294153e-09,9.036448034294153e-09
paper_state,free,4,idm_gt_future,6,params/pose0/1/3,06:params/pose0/1/3,pose0_quat,1.0,1.0,0.0,0.0
paper_state,free,4,idm_gt_future,7,params/pose1/0/0,07:params/pose1/0/0,pose1_xyz,0.6216307878494263,0.6389330625534058,0.017302274703979492,0.017302274703979492
paper_state,free,4,idm_gt_future,8,params/pose1/0/1,08:params/pose1/0/1,pose1_xyz,0.18776901066303253,0.11077744513750076,-0.07699156552553177,0.07699156552553177
paper_state,free,4,idm_gt_future,9,params/pose1/0/2,09:params/pose1/0/2,pose1_xyz,0.0047466750256717205,0.0037453784607350826,-0.0010012965649366379,0.0010012965649366379
paper_state,free,4,idm_gt_future,10,params/pose1/1/0,10:params/pose1/1/0,pose1_quat,0.0,-3.4178714969357316e-08,-3.4178714969357316e-08,3.4178714969357316e-08
paper_state,free,4,idm_gt_future,11,params/pose1/1/1,11:params/pose1/1/1,pose1_quat,0.0,2.6593992785706178e-08,2.6593992785706178e-08,2.6593992785706178e-08
paper_state,free,4,idm_gt_future,12,params/pose1/1/2,12:params/pose1/1/2,pose1_quat,0.0,1.7295310072995562e-08,1.7295310072995562e-08,1.7295310072995562e-08
paper_state,free,4,idm_gt_future,13,params/pose1/1/3,13:params/pose1/1/3,pose1_quat,1.0,1.0,0.0,0.0
paper_state,free,4,idm_pred_future,0,params/pose0/0/0,00:params/pose0/0/0,pose0_xyz,0.6000000238418579,0.6205981373786926,0.020598113536834717,0.020598113536834717
paper_state,free,4,idm_pred_future,1,params/pose0/0/1,01:params/pose0/0/1,pose0_xyz,0.23125000298023224,0.25463584065437317,0.02338583767414093,0.02338583767414093
paper_state,free,4,idm_pred_future,2,params/pose0/0/2,02:params/pose0/0/2,pose0_xyz,0.013128692284226418,0.015170360915362835,0.0020416686311364174,0.0020416686311364174
paper_state,free,4,idm_pred_future,3,params/pose0/1/0,03:params/pose0/1/0,pose0_quat,0.0,-4.0705998571866076e-09,-4.0705998571866076e-09,4.0705998571866076e-09
paper_state,free,4,idm_pred_future,4,params/pose0/1/1,04:params/pose0/1/1,pose0_quat,0.0,-2.234147800095343e-08,-2.234147800095343e-08,2.234147800095343e-08
paper_state,free,4,idm_pred_future,5,params/pose0/1/2,05:params/pose0/1/2,pose0_quat,0.0,1.6428616689267983e-08,1.6428616689267983e-08,1.6428616689267983e-08
paper_state,free,4,idm_pred_future,6,params/pose0/1/3,06:params/pose0/1/3,pose0_quat,1.0,1.0,0.0,0.0
paper_state,free,4,idm_pred_future,7,params/pose1/0/0,07:params/pose1/0/0,pose1_xyz,0.6216307878494263,0.6427103281021118,0.021079540252685547,0.021079540252685547
paper_state,free,4,idm_pred_future,8,params/pose1/0/1,08:params/pose1/0/1,pose1_xyz,0.18776901066303253,-0.06378809362649918,-0.2515571117401123,0.2515571117401123
paper_state,free,4,idm_pred_future,9,params/pose1/0/2,09:params/pose1/0/2,pose1_xyz,0.0047466750256717205,0.003305715974420309,-0.0014409590512514114,0.0014409590512514114
paper_state,free,4,idm_pred_future,10,params/pose1/1/0,10:params/pose1/1/0,pose1_quat,0.0,-2.064867565820805e-08,-2.064867565820805e-08,2.064867565820805e-08
paper_state,free,4,idm_pred_future,11,params/pose1/1/1,11:params/pose1/1/1,pose1_quat,0.0,4.580095236406123e-08,4.580095236406123e-08,4.580095236406123e-08
paper_state,free,4,idm_pred_future,12,params/pose1/1/2,12:params/pose1/1/2,pose1_quat,0.0,3.977305951252674e-08,3.977305951252674e-08,3.977305951252674e-08
paper_state,free,4,idm_pred_future,13,params/pose1/1/3,13:params/pose1/1/3,pose1_quat,1.0,1.0,0.0,0.0
paper_state,free,8,idm_gt_future,0,params/pose0/0/0,00:params/pose0/0/0,pose0_xyz,0.40937501192092896,0.5166876316070557,0.10731261968612671,0.10731261968612671
paper_state,free,8,idm_gt_future,1,params/pose0/0/1,01:params/pose0/0/1,pose0_xyz,-0.0062500000931322575,0.20841266214847565,0.21466265618801117,0.21466265618801117
paper_state,free,8,idm_gt_future,2,params/pose0/0/2,02:params/pose0/0/2,pose0_xyz,0.012938774190843105,0.01684347726404667,0.0039047030732035637,0.0039047030732035637
paper_state,free,8,idm_gt_future,3,params/pose0/1/0,03:params/pose0/1/0,pose0_quat,0.0,-3.093546041554873e-08,-3.093546041554873e-08,3.093546041554873e-08
paper_state,free,8,idm_gt_future,4,params/pose0/1/1,04:params/pose0/1/1,pose0_quat,0.0,-2.5265052272516186e-08,-2.5265052272516186e-08,2.5265052272516186e-08
paper_state,free,8,idm_gt_future,5,params/pose0/1/2,05:params/pose0/1/2,pose0_quat,0.0,9.817360258068675e-09,9.817360258068675e-09,9.817360258068675e-09
paper_state,free,8,idm_gt_future,6,params/pose0/1/3,06:params/pose0/1/3,pose0_quat,1.0,1.0,0.0,0.0
paper_state,free,8,idm_gt_future,7,params/pose1/0/0,07:params/pose1/0/0,pose1_xyz,0.3809899091720581,0.4162696897983551,0.035279780626297,0.035279780626297
paper_state,free,8,idm_gt_future,8,params/pose1/0/1,08:params/pose1/0/1,pose1_xyz,-0.02012024074792862,-0.015097742900252342,0.005022497847676277,0.005022497847676277
paper_state,free,8,idm_gt_future,9,params/pose1/0/2,09:params/pose1/0/2,pose1_xyz,0.003396071493625641,0.0035640555433928967,0.00016798404976725578,0.00016798404976725578
paper_state,free,8,idm_gt_future,10,params/pose1/1/0,10:params/pose1/1/0,pose1_quat,0.0,1.6268554503540145e-08,1.6268554503540145e-08,1.6268554503540145e-08
paper_state,free,8,idm_gt_future,11,params/pose1/1/1,11:params/pose1/1/1,pose1_quat,0.0,-3.040017571009912e-09,-3.040017571009912e-09,3.040017571009912e-09
paper_state,free,8,idm_gt_future,12,params/pose1/1/2,12:params/pose1/1/2,pose1_quat,0.0,9.575072290601838e-09,9.575072290601838e-09,9.575072290601838e-09
paper_state,free,8,idm_gt_future,13,params/pose1/1/3,13:params/pose1/1/3,pose1_quat,1.0,1.0,0.0,0.0
paper_state,free,8,idm_pred_future,0,params/pose0/0/0,00:params/pose0/0/0,pose0_xyz,0.40937501192092896,0.5638595819473267,0.1544845700263977,0.1544845700263977
paper_state,free,8,idm_pred_future,1,params/pose0/0/1,01:params/pose0/0/1,pose0_xyz,-0.0062500000931322575,0.16640989482402802,0.17265988886356354,0.17265988886356354
paper_state,free,8,idm_pred_future,2,params/pose0/0/2,02:params/pose0/0/2,pose0_xyz,0.012938774190843105,0.015416065230965614,0.002477291040122509,0.002477291040122509
paper_state,free,8,idm_pred_future,3,params/pose0/1/0,03:params/pose0/1/0,pose0_quat,0.0,-7.726747242031706e-09,-7.726747242031706e-09,7.726747242031706e-09
paper_state,free,8,idm_pred_future,4,params/pose0/1/1,04:params/pose0/1/1,pose0_quat,0.0,-5.8100386723936026e-08,-5.8100386723936026e-08,5.8100386723936026e-08
paper_state,free,8,idm_pred_future,5,params/pose0/1/2,05:params/pose0/1/2,pose0_quat,0.0,5.833406202526703e-09,5.833406202526703e-09,5.833406202526703e-09
paper_state,free,8,idm_pred_future,6,params/pose0/1/3,06:params/pose0/1/3,pose0_quat,1.0,1.0,0.0,0.0
paper_state,free,8,idm_pred_future,7,params/pose1/0/0,07:params/pose1/0/0,pose1_xyz,0.3809899091720581,0.46085861325263977,0.07986870408058167,0.07986870408058167
paper_state,free,8,idm_pred_future,8,params/pose1/0/1,08:params/pose1/0/1,pose1_xyz,-0.02012024074792862,-0.027089649811387062,-0.006969409063458443,0.006969409063458443
paper_state,free,8,idm_pred_future,9,params/pose1/0/2,09:params/pose1/0/2,pose1_xyz,0.003396071493625641,0.0032334034331142902,-0.00016266806051135063,0.00016266806051135063
paper_state,free,8,idm_pred_future,10,params/pose1/1/0,10:params/pose1/1/0,pose1_quat,0.0,-2.1664305904778303e-08,-2.1664305904778303e-08,2.1664305904778303e-08
paper_state,free,8,idm_pred_future,11,params/pose1/1/1,11:params/pose1/1/1,pose1_quat,0.0,-1.2144468541919196e-08,-1.2144468541919196e-08,1.2144468541919196e-08
paper_state,free,8,idm_pred_future,12,params/pose1/1/2,12:params/pose1/1/2,pose1_quat,0.0,2.2523964915421857e-08,2.2523964915421857e-08,2.2523964915421857e-08
paper_state,free,8,idm_pred_future,13,params/pose1/1/3,13:params/pose1/1/3,pose1_quat,1.0,0.9999999403953552,-5.960464477539063e-08,5.960464477539063e-08
paper_state,hidden_pin,1,idm_gt_future,0,params/pose0/0/0,00:params/pose0/0/0,pose0_xyz,0.6781250238418579,0.6769852638244629,-0.0011397600173950195,0.0011397600173950195
paper_state,hidden_pin,1,idm_gt_future,1,params/pose0/0/1,01:params/pose0/0/1,pose0_xyz,0.40937501192092896,0.37811216711997986,-0.0312628448009491,0.0312628448009491
paper_state,hidden_pin,1,idm_gt_future,2,params/pose0/0/2,02:params/pose0/0/2,pose0_xyz,0.02290579304099083,0.016397105529904366,-0.006508687511086464,0.006508687511086464
paper_state,hidden_pin,1,idm_gt_future,3,params/pose0/1/0,03:params/pose0/1/0,pose0_quat,0.0,2.4569375867145027e-08,2.4569375867145027e-08,2.4569375867145027e-08
paper_state,hidden_pin,1,idm_gt_future,4,params/pose0/1/1,04:params/pose0/1/1,pose0_quat,0.0,-5.3788795639775344e-09,-5.3788795639775344e-09,5.3788795639775344e-09
paper_state,hidden_pin,1,idm_gt_future,5,params/pose0/1/2,05:params/pose0/1/2,pose0_quat,0.0,-1.4340324483441691e-08,-1.4340324483441691e-08,1.4340324483441691e-08
paper_state,hidden_pin,1,idm_gt_future,6,params/pose0/1/3,06:params/pose0/1/3,pose0_quat,1.0,1.0,0.0,0.0
paper_state,hidden_pin,1,idm_gt_future,7,params/pose1/0/0,07:params/pose1/0/0,pose1_xyz,0.3779291808605194,0.3613364100456238,-0.01659277081489563,0.01659277081489563
paper_state,hidden_pin,1,idm_gt_future,8,params/pose1/0/1,08:params/pose1/0/1,pose1_xyz,-0.030143385753035545,-0.030069828033447266,7.355771958827972e-05,7.355771958827972e-05
paper_state,hidden_pin,1,idm_gt_future,9,params/pose1/0/2,09:params/pose1/0/2,pose1_xyz,-0.0015833125216886401,-0.00227969978004694,-0.0006963872583582997,0.0006963872583582997
paper_state,hidden_pin,1,idm_gt_future,10,params/pose1/1/0,10:params/pose1/1/0,pose1_quat,0.0,-2.7470012042840608e-08,-2.7470012042840608e-08,2.7470012042840608e-08
paper_state,hidden_pin,1,idm_gt_future,11,params/pose1/1/1,11:params/pose1/1/1,pose1_quat,0.0,-5.0526840489339975e-09,-5.0526840489339975e-09,5.0526840489339975e-09
paper_state,hidden_pin,1,idm_gt_future,12,params/pose1/1/2,12:params/pose1/1/2,pose1_quat,0.0,2.750803318463113e-08,2.750803318463113e-08,2.750803318463113e-08
paper_state,hidden_pin,1,idm_gt_future,13,params/pose1/1/3,13:params/pose1/1/3,pose1_quat,1.0,1.0,0.0,0.0
paper_state,hidden_pin,1,idm_pred_future,0,params/pose0/0/0,00:params/pose0/0/0,pose0_xyz,0.6781250238418579,0.7933193445205688,0.11519432067871094,0.11519432067871094
paper_state,hidden_pin,1,idm_pred_future,1,params/pose0/0/1,01:params/pose0/0/1,pose0_xyz,0.40937501192092896,0.31959450244903564,-0.08978050947189331,0.08978050947189331
paper_state,hidden_pin,1,idm_pred_future,2,params/pose0/0/2,02:params/pose0/0/2,pose0_xyz,0.02290579304099083,0.02282160148024559,-8.419156074523926e-05,8.419156074523926e-05
paper_state,hidden_pin,1,idm_pred_future,3,params/pose0/1/0,03:params/pose0/1/0,pose0_quat,0.0,1.2796789405911113e-08,1.2796789405911113e-08,1.2796789405911113e-08
paper_state,hidden_pin,1,idm_pred_future,4,params/pose0/1/1,04:params/pose0/1/1,pose0_quat,0.0,3.5311174428898084e-08,3.5311174428898084e-08,3.5311174428898084e-08
paper_state,hidden_pin,1,idm_pred_future,5,params/pose0/1/2,05:params/pose0/1/2,pose0_quat,0.0,-5.9883006997552e-08,-5.9883006997552e-08,5.9883006997552e-08
paper_state,hidden_pin,1,idm_pred_future,6,params/pose0/1/3,06:params/pose0/1/3,pose0_quat,1.0,1.0,0.0,0.0
paper_state,hidden_pin,1,idm_pred_future,7,params/pose1/0/0,07:params/pose1/0/0,pose1_xyz,0.3779291808605194,0.5288687944412231,0.15093961358070374,0.15093961358070374
paper_state,hidden_pin,1,idm_pred_future,8,params/pose1/0/1,08:params/pose1/0/1,pose1_xyz,-0.030143385753035545,-0.13844522833824158,-0.10830184072256088,0.10830184072256088
paper_state,hidden_pin,1,idm_pred_future,9,params/pose1/0/2,09:params/pose1/0/2,pose1_xyz,-0.0015833125216886401,0.0029100636020302773,0.004493376240134239,0.004493376240134239
paper_state,hidden_pin,1,idm_pred_future,10,params/pose1/1/0,10:params/pose1/1/0,pose1_quat,0.0,4.179247170554845e-08,4.179247170554845e-08,4.179247170554845e-08
paper_state,hidden_pin,1,idm_pred_future,11,params/pose1/1/1,11:params/pose1/1/1,pose1_quat,0.0,-3.0842802090091936e-08,-3.0842802090091936e-08,3.0842802090091936e-08
paper_state,hidden_pin,1,idm_pred_future,12,params/pose1/1/2,12:params/pose1/1/2,pose1_quat,0.0,-3.0398595640690473e-08,-3.0398595640690473e-08,3.0398595640690473e-08
paper_state,hidden_pin,1,idm_pred_future,13,params/pose1/1/3,13:params/pose1/1/3,pose1_quat,1.0,0.9999999403953552,-5.960464477539063e-08,5.960464477539063e-08
paper_state,hidden_pin,5,idm_gt_future,0,params/pose0/0/0,00:params/pose0/0/0,pose0_xyz,0.6156250238418579,0.6245036125183105,0.008878588676452637,0.008878588676452637
paper_state,hidden_pin,5,idm_gt_future,1,params/pose0/0/1,01:params/pose0/0/1,pose0_xyz,0.46562498807907104,0.4754437208175659,0.009818732738494873,0.009818732738494873
paper_state,hidden_pin,5,idm_gt_future,2,params/pose0/0/2,02:params/pose0/0/2,pose0_xyz,0.0132673978805542,0.014695455320179462,0.0014280574396252632,0.0014280574396252632
paper_state,hidden_pin,5,idm_gt_future,3,params/pose0/1/0,03:params/pose0/1/0,pose0_quat,0.0,-1.3919182251243e-08,-1.3919182251243e-08,1.3919182251243e-08
paper_state,hidden_pin,5,idm_gt_future,4,params/pose0/1/1,04:params/pose0/1/1,pose0_quat,0.0,-1.9046664245792044e-10,-1.9046664245792044e-10,1.9046664245792044e-10
paper_state,hidden_pin,5,idm_gt_future,5,params/pose0/1/2,05:params/pose0/1/2,pose0_quat,0.0,1.9886073232555646e-08,1.9886073232555646e-08,1.9886073232555646e-08
paper_state,hidden_pin,5,idm_gt_future,6,params/pose0/1/3,06:params/pose0/1/3,pose0_quat,1.0,1.0,0.0,0.0
paper_state,hidden_pin,5,idm_gt_future,7,params/pose1/0/0,07:params/pose1/0/0,pose1_xyz,0.38641947507858276,0.331792950630188,-0.054626524448394775,0.054626524448394775
paper_state,hidden_pin,5,idm_gt_future,8,params/pose1/0/1,08:params/pose1/0/1,pose1_xyz,-0.03368690237402916,-0.04856771230697632,-0.014880809932947159,0.014880809932947159
paper_state,hidden_pin,5,idm_gt_future,9,params/pose1/0/2,09:params/pose1/0/2,pose1_xyz,-0.008274712599813938,-0.0034827173221856356,0.004791995510458946,0.004791995510458946
paper_state,hidden_pin,5,idm_gt_future,10,params/pose1/1/0,10:params/pose1/1/0,pose1_quat,0.0,-1.9622316216327818e-08,-1.9622316216327818e-08,1.9622316216327818e-08
paper_state,hidden_pin,5,idm_gt_future,11,params/pose1/1/1,11:params/pose1/1/1,pose1_quat,0.0,-1.0666792782387802e-08,-1.0666792782387802e-08,1.0666792782387802e-08
paper_state,hidden_pin,5,idm_gt_future,12,params/pose1/1/2,12:params/pose1/1/2,pose1_quat,0.0,7.876660435002236e-10,7.876660435002236e-10,7.876660435002236e-10
paper_state,hidden_pin,5,idm_gt_future,13,params/pose1/1/3,13:params/pose1/1/3,pose1_quat,1.0,1.0,0.0,0.0
paper_state,hidden_pin,5,idm_pred_future,0,params/pose0/0/0,00:params/pose0/0/0,pose0_xyz,0.6156250238418579,0.618886411190033,0.003261387348175049,0.003261387348175049
paper_state,hidden_pin,5,idm_pred_future,1,params/pose0/0/1,01:params/pose0/0/1,pose0_xyz,0.46562498807907104,0.2333420068025589,-0.23228298127651215,0.23228298127651215
paper_state,hidden_pin,5,idm_pred_future,2,params/pose0/0/2,02:params/pose0/0/2,pose0_xyz,0.0132673978805542,0.01658543385565281,0.00331803597509861,0.00331803597509861
paper_state,hidden_pin,5,idm_pred_future,3,params/pose0/1/0,03:params/pose0/1/0,pose0_quat,0.0,-2.0562083591357805e-08,-2.0562083591357805e-08,2.0562083591357805e-08
paper_state,hidden_pin,5,idm_pred_future,4,params/pose0/1/1,04:params/pose0/1/1,pose0_quat,0.0,-1.6031068028610207e-08,-1.6031068028610207e-08,1.6031068028610207e-08
paper_state,hidden_pin,5,idm_pred_future,5,params/pose0/1/2,05:params/pose0/1/2,pose0_quat,0.0,2.0779307163820704e-08,2.0779307163820704e-08,2.0779307163820704e-08
paper_state,hidden_pin,5,idm_pred_future,6,params/pose0/1/3,06:params/pose0/1/3,pose0_quat,1.0,1.0,0.0,0.0
paper_state,hidden_pin,5,idm_pred_future,7,params/pose1/0/0,07:params/pose1/0/0,pose1_xyz,0.38641947507858276,0.4938299059867859,0.10741043090820312,0.10741043090820312
paper_state,hidden_pin,5,idm_pred_future,8,params/pose1/0/1,08:params/pose1/0/1,pose1_xyz,-0.03368690237402916,-0.004194894805550575,0.029492007568478584,0.029492007568478584
paper_state,hidden_pin,5,idm_pred_future,9,params/pose1/0/2,09:params/pose1/0/2,pose1_xyz,-0.008274712599813938,0.002033205470070243,0.010307918302714825,0.010307918302714825
paper_state,hidden_pin,5,idm_pred_future,10,params/pose1/1/0,10:params/pose1/1/0,pose1_quat,0.0,-8.89603590792376e-09,-8.89603590792376e-09,8.89603590792376e-09
paper_state,hidden_pin,5,idm_pred_future,11,params/pose1/1/1,11:params/pose1/1/1,pose1_quat,0.0,2.392022047104092e-08,2.392022047104092e-08,2.392022047104092e-08
paper_state,hidden_pin,5,idm_pred_future,12,params/pose1/1/2,12:params/pose1/1/2,pose1_quat,0.0,3.4749849220361284e-08,3.4749849220361284e-08,3.4749849220361284e-08
paper_state,hidden_pin,5,idm_pred_future,13,params/pose1/1/3,13:params/pose1/1/3,pose1_quat,1.0,1.0,0.0,0.0
paper_state,hidden_pin,9,idm_gt_future,0,params/pose0/0/0,00:params/pose0/0/0,pose0_xyz,0.625,0.5810331702232361,-0.043966829776763916,0.043966829776763916
paper_state,hidden_pin,9,idm_gt_future,1,params/pose0/0/1,01:params/pose0/0/1,pose0_xyz,0.49687498807907104,0.5118588209152222,0.014983832836151123,0.014983832836151123
paper_state,hidden_pin,9,idm_gt_future,2,params/pose0/0/2,02:params/pose0/0/2,pose0_xyz,0.012593133375048637,0.015877658501267433,0.0032845251262187958,0.0032845251262187958
paper_state,hidden_pin,9,idm_gt_future,3,params/pose0/1/0,03:params/pose0/1/0,pose0_quat,0.0,-3.4999316778083767e-09,-3.4999316778083767e-09,3.4999316778083767e-09
paper_state,hidden_pin,9,idm_gt_future,4,params/pose0/1/1,04:params/pose0/1/1,pose0_quat,0.0,-1.5799365371549356e-08,-1.5799365371549356e-08,1.5799365371549356e-08
paper_state,hidden_pin,9,idm_gt_future,5,params/pose0/1/2,05:params/pose0/1/2,pose0_quat,0.0,-2.9344298102529365e-09,-2.9344298102529365e-09,2.9344298102529365e-09
paper_state,hidden_pin,9,idm_gt_future,6,params/pose0/1/3,06:params/pose0/1/3,pose0_quat,1.0,1.0,0.0,0.0
paper_state,hidden_pin,9,idm_gt_future,7,params/pose1/0/0,07:params/pose1/0/0,pose1_xyz,0.44353920221328735,0.29582899808883667,-0.14771020412445068,0.14771020412445068
paper_state,hidden_pin,9,idm_gt_future,8,params/pose1/0/1,08:params/pose1/0/1,pose1_xyz,0.026303932070732117,-0.10059721022844315,-0.12690114974975586,0.12690114974975586
paper_state,hidden_pin,9,idm_gt_future,9,params/pose1/0/2,09:params/pose1/0/2,pose1_xyz,-0.004436430521309376,-0.0024548787623643875,0.0019815517589449883,0.0019815517589449883
paper_state,hidden_pin,9,idm_gt_future,10,params/pose1/1/0,10:params/pose1/1/0,pose1_quat,0.0,5.388770762948525e-09,5.388770762948525e-09,5.388770762948525e-09
paper_state,hidden_pin,9,idm_gt_future,11,params/pose1/1/1,11:params/pose1/1/1,pose1_quat,0.0,-4.609592707538468e-08,-4.609592707538468e-08,4.609592707538468e-08
paper_state,hidden_pin,9,idm_gt_future,12,params/pose1/1/2,12:params/pose1/1/2,pose1_quat,0.0,-1.3077761984447989e-08,-1.3077761984447989e-08,1.3077761984447989e-08
paper_state,hidden_pin,9,idm_gt_future,13,params/pose1/1/3,13:params/pose1/1/3,pose1_quat,1.0,1.0,0.0,0.0
paper_state,hidden_pin,9,idm_pred_future,0,params/pose0/0/0,00:params/pose0/0/0,pose0_xyz,0.625,0.561992347240448,-0.063007652759552,0.063007652759552
paper_state,hidden_pin,9,idm_pred_future,1,params/pose0/0/1,01:params/pose0/0/1,pose0_xyz,0.49687498807907104,0.1481977254152298,-0.34867727756500244,0.34867727756500244
paper_state,hidden_pin,9,idm_pred_future,2,params/pose0/0/2,02:params/pose0/0/2,pose0_xyz,0.012593133375048637,0.018095947802066803,0.005502814427018166,0.005502814427018166
paper_state,hidden_pin,9,idm_pred_future,3,params/pose0/1/0,03:params/pose0/1/0,pose0_quat,0.0,3.1879416440006025e-08,3.1879416440006025e-08,3.1879416440006025e-08
paper_state,hidden_pin,9,idm_pred_future,4,params/pose0/1/1,04:params/pose0/1/1,pose0_quat,0.0,-3.167823692251659e-08,-3.167823692251659e-08,3.167823692251659e-08
paper_state,hidden_pin,9,idm_pred_future,5,params/pose0/1/2,05:params/pose0/1/2,pose0_quat,0.0,-1.6997022456166633e-08,-1.6997022456166633e-08,1.6997022456166633e-08
paper_state,hidden_pin,9,idm_pred_future,6,params/pose0/1/3,06:params/pose0/1/3,pose0_quat,1.0,1.0,0.0,0.0
paper_state,hidden_pin,9,idm_pred_future,7,params/pose1/0/0,07:params/pose1/0/0,pose1_xyz,0.44353920221328735,0.5004444718360901,0.056905269622802734,0.056905269622802734
paper_state,hidden_pin,9,idm_pred_future,8,params/pose1/0/1,08:params/pose1/0/1,pose1_xyz,0.026303932070732117,-0.1170344203710556,-0.14333835244178772,0.14333835244178772
paper_state,hidden_pin,9,idm_pred_future,9,params/pose1/0/2,09:params/pose1/0/2,pose1_xyz,-0.004436430521309376,0.004937835969030857,0.009374266490340233,0.009374266490340233
paper_state,hidden_pin,9,idm_pred_future,10,params/pose1/1/0,10:params/pose1/1/0,pose1_quat,0.0,-6.789130591045023e-09,-6.789130591045023e-09,6.789130591045023e-09
paper_state,hidden_pin,9,idm_pred_future,11,params/pose1/1/1,11:params/pose1/1/1,pose1_quat,0.0,1.4973991824263067e-08,1.4973991824263067e-08,1.4973991824263067e-08
paper_state,hidden_pin,9,idm_pred_future,12,params/pose1/1/2,12:params/pose1/1/2,pose1_quat,0.0,2.6444904044353734e-09,2.6444904044353734e-09,2.6444904044353734e-09
paper_state,hidden_pin,9,idm_pred_future,13,params/pose1/1/3,13:params/pose1/1/3,pose1_quat,1.0,1.0,0.0,0.0
paper_state,hidden_high_friction,2,idm_gt_future,0,params/pose0/0/0,00:params/pose0/0/0,pose0_xyz,0.671875,0.6860044598579407,0.014129459857940674,0.014129459857940674
paper_state,hidden_high_friction,2,idm_gt_future,1,params/pose0/0/1,01:params/pose0/0/1,pose0_xyz,0.40625,0.4150821268558502,0.00883212685585022,0.00883212685585022
paper_state,hidden_high_friction,2,idm_gt_future,2,params/pose0/0/2,02:params/pose0/0/2,pose0_xyz,0.036113280802965164,0.025715794414281845,-0.010397486388683319,0.010397486388683319
paper_state,hidden_high_friction,2,idm_gt_future,3,params/pose0/1/0,03:params/pose0/1/0,pose0_quat,0.0,-5.880028908222812e-08,-5.880028908222812e-08,5.880028908222812e-08
paper_state,hidden_high_friction,2,idm_gt_future,4,params/pose0/1/1,04:params/pose0/1/1,pose0_quat,0.0,-1.9139601903361836e-08,-1.9139601903361836e-08,1.9139601903361836e-08
paper_state,hidden_high_friction,2,idm_gt_future,5,params/pose0/1/2,05:params/pose0/1/2,pose0_quat,0.0,1.739480026685669e-08,1.739480026685669e-08,1.739480026685669e-08
paper_state,hidden_high_friction,2,idm_gt_future,6,params/pose0/1/3,06:params/pose0/1/3,pose0_quat,1.0,1.0000001192092896,1.1920928955078125e-07,1.1920928955078125e-07
paper_state,hidden_high_friction,2,idm_gt_future,7,params/pose1/0/0,07:params/pose1/0/0,pose1_xyz,0.3974373936653137,0.3882003128528595,-0.009237080812454224,0.009237080812454224
paper_state,hidden_high_friction,2,idm_gt_future,8,params/pose1/0/1,08:params/pose1/0/1,pose1_xyz,-0.014007208868861198,0.008635411038994789,0.022642619907855988,0.022642619907855988
paper_state,hidden_high_friction,2,idm_gt_future,9,params/pose1/0/2,09:params/pose1/0/2,pose1_xyz,-0.007233931217342615,0.0020865444093942642,0.009320475161075592,0.009320475161075592
paper_state,hidden_high_friction,2,idm_gt_future,10,params/pose1/1/0,10:params/pose1/1/0,pose1_quat,0.0,4.686140897547375e-08,4.686140897547375e-08,4.686140897547375e-08
paper_state,hidden_high_friction,2,idm_gt_future,11,params/pose1/1/1,11:params/pose1/1/1,pose1_quat,0.0,-3.2198652633042e-08,-3.2198652633042e-08,3.2198652633042e-08
paper_state,hidden_high_friction,2,idm_gt_future,12,params/pose1/1/2,12:params/pose1/1/2,pose1_quat,0.0,-2.5453578800238574e-08,-2.5453578800238574e-08,2.5453578800238574e-08
paper_state,hidden_high_friction,2,idm_gt_future,13,params/pose1/1/3,13:params/pose1/1/3,pose1_quat,1.0,0.9999999403953552,-5.960464477539063e-08,5.960464477539063e-08
paper_state,hidden_high_friction,2,idm_pred_future,0,params/pose0/0/0,00:params/pose0/0/0,pose0_xyz,0.671875,0.7276173233985901,0.05574232339859009,0.05574232339859009
paper_state,hidden_high_friction,2,idm_pred_future,1,params/pose0/0/1,01:params/pose0/0/1,pose0_xyz,0.40625,0.3487814962863922,-0.05746850371360779,0.05746850371360779
paper_state,hidden_high_friction,2,idm_pred_future,2,params/pose0/0/2,02:params/pose0/0/2,pose0_xyz,0.036113280802965164,0.021606942638754845,-0.01450633816421032,0.01450633816421032
paper_state,hidden_high_friction,2,idm_pred_future,3,params/pose0/1/0,03:params/pose0/1/0,pose0_quat,0.0,-1.1802198329746716e-08,-1.1802198329746716e-08,1.1802198329746716e-08
paper_state,hidden_high_friction,2,idm_pred_future,4,params/pose0/1/1,04:params/pose0/1/1,pose0_quat,0.0,1.7236951421750746e-08,1.7236951421750746e-08,1.7236951421750746e-08
paper_state,hidden_high_friction,2,idm_pred_future,5,params/pose0/1/2,05:params/pose0/1/2,pose0_quat,0.0,-5.534527502959463e-08,-5.534527502959463e-08,5.534527502959463e-08
paper_state,hidden_high_friction,2,idm_pred_future,6,params/pose0/1/3,06:params/pose0/1/3,pose0_quat,1.0,1.0,0.0,0.0
paper_state,hidden_high_friction,2,idm_pred_future,7,params/pose1/0/0,07:params/pose1/0/0,pose1_xyz,0.3974373936653137,0.4776987135410309,0.08026131987571716,0.08026131987571716
paper_state,hidden_high_friction,2,idm_pred_future,8,params/pose1/0/1,08:params/pose1/0/1,pose1_xyz,-0.014007208868861198,-0.025190632790327072,-0.011183423921465874,0.011183423921465874
paper_state,hidden_high_friction,2,idm_pred_future,9,params/pose1/0/2,09:params/pose1/0/2,pose1_xyz,-0.007233931217342615,0.0010746039915829897,0.008308535441756248,0.008308535441756248
paper_state,hidden_high_friction,2,idm_pred_future,10,params/pose1/1/0,10:params/pose1/1/0,pose1_quat,0.0,1.8301495430250725e-08,1.8301495430250725e-08,1.8301495430250725e-08
paper_state,hidden_high_friction,2,idm_pred_future,11,params/pose1/1/1,11:params/pose1/1/1,pose1_quat,0.0,-1.8485389219335957e-08,-1.8485389219335957e-08,1.8485389219335957e-08
paper_state,hidden_high_friction,2,idm_pred_future,12,params/pose1/1/2,12:params/pose1/1/2,pose1_quat,0.0,-2.9347114960387444e-08,-2.9347114960387444e-08,2.9347114960387444e-08
paper_state,hidden_high_friction,2,idm_pred_future,13,params/pose1/1/3,13:params/pose1/1/3,pose1_quat,1.0,1.0,0.0,0.0
paper_state,hidden_high_friction,6,idm_gt_future,0,params/pose0/0/0,00:params/pose0/0/0,pose0_xyz,0.6000000238418579,0.6361978650093079,0.03619784116744995,0.03619784116744995
paper_state,hidden_high_friction,6,idm_gt_future,1,params/pose0/0/1,01:params/pose0/0/1,pose0_xyz,0.24687500298023224,0.29687705636024475,0.05000205338001251,0.05000205338001251
paper_state,hidden_high_friction,6,idm_gt_future,2,params/pose0/0/2,02:params/pose0/0/2,pose0_xyz,0.013311483897268772,0.011752673424780369,-0.0015588104724884033,0.0015588104724884033
paper_state,hidden_high_friction,6,idm_gt_future,3,params/pose0/1/0,03:params/pose0/1/0,pose0_quat,0.0,2.181990144123347e-09,2.181990144123347e-09,2.181990144123347e-09
paper_state,hidden_high_friction,6,idm_gt_future,4,params/pose0/1/1,04:params/pose0/1/1,pose0_quat,0.0,-3.3297066437398826e-08,-3.3297066437398826e-08,3.3297066437398826e-08
paper_state,hidden_high_friction,6,idm_gt_future,5,params/pose0/1/2,05:params/pose0/1/2,pose0_quat,0.0,-1.3827370359820179e-08,-1.3827370359820179e-08,1.3827370359820179e-08
paper_state,hidden_high_friction,6,idm_gt_future,6,params/pose0/1/3,06:params/pose0/1/3,pose0_quat,1.0,0.9999999403953552,-5.960464477539063e-08,5.960464477539063e-08
paper_state,hidden_high_friction,6,idm_gt_future,7,params/pose1/0/0,07:params/pose1/0/0,pose1_xyz,0.6214526891708374,0.6125283241271973,-0.008924365043640137,0.008924365043640137
paper_state,hidden_high_friction,6,idm_gt_future,8,params/pose1/0/1,08:params/pose1/0/1,pose1_xyz,0.1858459711074829,0.11285414546728134,-0.07299182564020157,0.07299182564020157
paper_state,hidden_high_friction,6,idm_gt_future,9,params/pose1/0/2,09:params/pose1/0/2,pose1_xyz,0.0033436266239732504,0.0012634873855859041,-0.0020801392383873463,0.0020801392383873463
paper_state,hidden_high_friction,6,idm_gt_future,10,params/pose1/1/0,10:params/pose1/1/0,pose1_quat,0.0,-1.4347008914228354e-08,-1.4347008914228354e-08,1.4347008914228354e-08
paper_state,hidden_high_friction,6,idm_gt_future,11,params/pose1/1/1,11:params/pose1/1/1,pose1_quat,0.0,3.0573254150567664e-08,3.0573254150567664e-08,3.0573254150567664e-08
paper_state,hidden_high_friction,6,idm_gt_future,12,params/pose1/1/2,12:params/pose1/1/2,pose1_quat,0.0,-9.28451093784588e-09,-9.28451093784588e-09,9.28451093784588e-09
paper_state,hidden_high_friction,6,idm_gt_future,13,params/pose1/1/3,13:params/pose1/1/3,pose1_quat,1.0,1.0,0.0,0.0
paper_state,hidden_high_friction,6,idm_pred_future,0,params/pose0/0/0,00:params/pose0/0/0,pose0_xyz,0.6000000238418579,0.6130920052528381,0.013091981410980225,0.013091981410980225
paper_state,hidden_high_friction,6,idm_pred_future,1,params/pose0/0/1,01:params/pose0/0/1,pose0_xyz,0.24687500298023224,0.21472083032131195,-0.03215417265892029,0.03215417265892029
paper_state,hidden_high_friction,6,idm_pred_future,2,params/pose0/0/2,02:params/pose0/0/2,pose0_xyz,0.013311483897268772,0.017102131620049477,0.0037906477227807045,0.0037906477227807045
paper_state,hidden_high_friction,6,idm_pred_future,3,params/pose0/1/0,03:params/pose0/1/0,pose0_quat,0.0,2.5629459443621272e-08,2.5629459443621272e-08,2.5629459443621272e-08
paper_state,hidden_high_friction,6,idm_pred_future,4,params/pose0/1/1,04:params/pose0/1/1,pose0_quat,0.0,-5.987651707783925e-09,-5.987651707783925e-09,5.987651707783925e-09
paper_state,hidden_high_friction,6,idm_pred_future,5,params/pose0/1/2,05:params/pose0/1/2,pose0_quat,0.0,-1.264115390142706e-08,-1.264115390142706e-08,1.264115390142706e-08
paper_state,hidden_high_friction,6,idm_pred_future,6,params/pose0/1/3,06:params/pose0/1/3,pose0_quat,1.0,1.0000001192092896,1.1920928955078125e-07,1.1920928955078125e-07
paper_state,hidden_high_friction,6,idm_pred_future,7,params/pose1/0/0,07:params/pose1/0/0,pose1_xyz,0.6214526891708374,0.5909373164176941,-0.03051537275314331,0.03051537275314331
paper_state,hidden_high_friction,6,idm_pred_future,8,params/pose1/0/1,08:params/pose1/0/1,pose1_xyz,0.1858459711074829,-0.09126212447881699,-0.2771081030368805,0.2771081030368805
paper_state,hidden_high_friction,6,idm_pred_future,9,params/pose1/0/2,09:params/pose1/0/2,pose1_xyz,0.0033436266239732504,0.00528340321034193,0.00193977658636868,0.00193977658636868
paper_state,hidden_high_friction,6,idm_pred_future,10,params/pose1/1/0,10:params/pose1/1/0,pose1_quat,0.0,-1.6689316595375203e-08,-1.6689316595375203e-08,1.6689316595375203e-08
paper_state,hidden_high_friction,6,idm_pred_future,11,params/pose1/1/1,11:params/pose1/1/1,pose1_quat,0.0,2.344511251806125e-08,2.344511251806125e-08,2.344511251806125e-08
paper_state,hidden_high_friction,6,idm_pred_future,12,params/pose1/1/2,12:params/pose1/1/2,pose1_quat,0.0,6.968925703176865e-08,6.968925703176865e-08,6.968925703176865e-08
paper_state,hidden_high_friction,6,idm_pred_future,13,params/pose1/1/3,13:params/pose1/1/3,pose1_quat,1.0,1.0,0.0,0.0
paper_state,hidden_high_friction,10,idm_gt_future,0,params/pose0/0/0,00:params/pose0/0/0,pose0_xyz,0.550000011920929,0.5634310245513916,0.013431012630462646,0.013431012630462646
paper_state,hidden_high_friction,10,idm_gt_future,1,params/pose0/0/1,01:params/pose0/0/1,pose0_xyz,0.17812499403953552,0.19412414729595184,0.01599915325641632,0.01599915325641632
paper_state,hidden_high_friction,10,idm_gt_future,2,params/pose0/0/2,02:params/pose0/0/2,pose0_xyz,0.01353535708039999,0.014726728200912476,0.0011913711205124855,0.0011913711205124855
paper_state,hidden_high_friction,10,idm_gt_future,3,params/pose0/1/0,03:params/pose0/1/0,pose0_quat,0.0,-4.8035140309821145e-09,-4.8035140309821145e-09,4.8035140309821145e-09
paper_state,hidden_high_friction,10,idm_gt_future,4,params/pose0/1/1,04:params/pose0/1/1,pose0_quat,0.0,1.6127858160075448e-08,1.6127858160075448e-08,1.6127858160075448e-08
paper_state,hidden_high_friction,10,idm_gt_future,5,params/pose0/1/2,05:params/pose0/1/2,pose0_quat,0.0,-8.013626207059588e-09,-8.013626207059588e-09,8.013626207059588e-09
paper_state,hidden_high_friction,10,idm_gt_future,6,params/pose0/1/3,06:params/pose0/1/3,pose0_quat,1.0,1.0,0.0,0.0
paper_state,hidden_high_friction,10,idm_gt_future,7,params/pose1/0/0,07:params/pose1/0/0,pose1_xyz,0.5663213729858398,0.5010231137275696,-0.06529825925827026,0.06529825925827026
paper_state,hidden_high_friction,10,idm_gt_future,8,params/pose1/0/1,08:params/pose1/0/1,pose1_xyz,0.1223711147904396,-0.011161903850734234,-0.13353301584720612,0.13353301584720612
paper_state,hidden_high_friction,10,idm_gt_future,9,params/pose1/0/2,09:params/pose1/0/2,pose1_xyz,0.0027659526094794273,0.0009976665023714304,-0.001768286107107997,0.001768286107107997
paper_state,hidden_high_friction,10,idm_gt_future,10,params/pose1/1/0,10:params/pose1/1/0,pose1_quat,0.0,8.843874965691612e-09,8.843874965691612e-09,8.843874965691612e-09
paper_state,hidden_high_friction,10,idm_gt_future,11,params/pose1/1/1,11:params/pose1/1/1,pose1_quat,0.0,-1.3925302688733154e-08,-1.3925302688733154e-08,1.3925302688733154e-08
paper_state,hidden_high_friction,10,idm_gt_future,12,params/pose1/1/2,12:params/pose1/1/2,pose1_quat,0.0,8.559212005820882e-09,8.559212005820882e-09,8.559212005820882e-09
paper_state,hidden_high_friction,10,idm_gt_future,13,params/pose1/1/3,13:params/pose1/1/3,pose1_quat,1.0,1.0,0.0,0.0
paper_state,hidden_high_friction,10,idm_pred_future,0,params/pose0/0/0,00:params/pose0/0/0,pose0_xyz,0.550000011920929,0.5570412278175354,0.007041215896606445,0.007041215896606445
paper_state,hidden_high_friction,10,idm_pred_future,1,params/pose0/0/1,01:params/pose0/0/1,pose0_xyz,0.17812499403953552,0.12260836362838745,-0.05551663041114807,0.05551663041114807
paper_state,hidden_high_friction,10,idm_pred_future,2,params/pose0/0/2,02:params/pose0/0/2,pose0_xyz,0.01353535708039999,0.01694735884666443,0.0034120017662644386,0.0034120017662644386
paper_state,hidden_high_friction,10,idm_pred_future,3,params/pose0/1/0,03:params/pose0/1/0,pose0_quat,0.0,5.283728299332324e-08,5.283728299332324e-08,5.283728299332324e-08
paper_state,hidden_high_friction,10,idm_pred_future,4,params/pose0/1/1,04:params/pose0/1/1,pose0_quat,0.0,-5.0632433357122864e-08,-5.0632433357122864e-08,5.0632433357122864e-08
paper_state,hidden_high_friction,10,idm_pred_future,5,params/pose0/1/2,05:params/pose0/1/2,pose0_quat,0.0,-2.615400696015513e-08,-2.615400696015513e-08,2.615400696015513e-08
paper_state,hidden_high_friction,10,idm_pred_future,6,params/pose0/1/3,06:params/pose0/1/3,pose0_quat,1.0,1.0,0.0,0.0
paper_state,hidden_high_friction,10,idm_pred_future,7,params/pose1/0/0,07:params/pose1/0/0,pose1_xyz,0.5663213729858398,0.5849262475967407,0.01860487461090088,0.01860487461090088
paper_state,hidden_high_friction,10,idm_pred_future,8,params/pose1/0/1,08:params/pose1/0/1,pose1_xyz,0.1223711147904396,-0.16074833273887634,-0.28311944007873535,0.28311944007873535
paper_state,hidden_high_friction,10,idm_pred_future,9,params/pose1/0/2,09:params/pose1/0/2,pose1_xyz,0.0027659526094794273,0.0045056394301354885,0.0017396868206560612,0.0017396868206560612
paper_state,hidden_high_friction,10,idm_pred_future,10,params/pose1/1/0,10:params/pose1/1/0,pose1_quat,0.0,-1.474373068077739e-08,-1.474373068077739e-08,1.474373068077739e-08
paper_state,hidden_high_friction,10,idm_pred_future,11,params/pose1/1/1,11:params/pose1/1/1,pose1_quat,0.0,1.730778187436499e-08,1.730778187436499e-08,1.730778187436499e-08
paper_state,hidden_high_friction,10,idm_pred_future,12,params/pose1/1/2,12:params/pose1/1/2,pose1_quat,0.0,3.308912965849231e-08,3.308912965849231e-08,3.308912965849231e-08
paper_state,hidden_high_friction,10,idm_pred_future,13,params/pose1/1/3,13:params/pose1/1/3,pose1_quat,1.0,1.0,0.0,0.0
paper_state,hidden_breakaway_pin,3,idm_gt_future,0,params/pose0/0/0,00:params/pose0/0/0,pose0_xyz,0.671875,0.6992624402046204,0.02738744020462036,0.02738744020462036
paper_state,hidden_breakaway_pin,3,idm_gt_future,1,params/pose0/0/1,01:params/pose0/0/1,pose0_xyz,0.40625,0.42327454686164856,0.01702454686164856,0.01702454686164856
paper_state,hidden_breakaway_pin,3,idm_gt_future,2,params/pose0/0/2,02:params/pose0/0/2,pose0_xyz,0.03601432591676712,0.026445746421813965,-0.009568579494953156,0.009568579494953156
paper_state,hidden_breakaway_pin,3,idm_gt_future,3,params/pose0/1/0,03:params/pose0/1/0,pose0_quat,0.0,-5.3208008665706075e-08,-5.3208008665706075e-08,5.3208008665706075e-08
paper_state,hidden_breakaway_pin,3,idm_gt_future,4,params/pose0/1/1,04:params/pose0/1/1,pose0_quat,0.0,-3.307003737518244e-08,-3.307003737518244e-08,3.307003737518244e-08
paper_state,hidden_breakaway_pin,3,idm_gt_future,5,params/pose0/1/2,05:params/pose0/1/2,pose0_quat,0.0,1.9309084109409014e-08,1.9309084109409014e-08,1.9309084109409014e-08
paper_state,hidden_breakaway_pin,3,idm_gt_future,6,params/pose0/1/3,06:params/pose0/1/3,pose0_quat,1.0,1.0000001192092896,1.1920928955078125e-07,1.1920928955078125e-07
paper_state,hidden_breakaway_pin,3,idm_gt_future,7,params/pose1/0/0,07:params/pose1/0/0,pose1_xyz,0.3977108895778656,0.37959757447242737,-0.018113315105438232,0.018113315105438232
paper_state,hidden_breakaway_pin,3,idm_gt_future,8,params/pose1/0/1,08:params/pose1/0/1,pose1_xyz,-0.014461454004049301,0.00625365786254406,0.02071511186659336,0.02071511186659336
paper_state,hidden_breakaway_pin,3,idm_gt_future,9,params/pose1/0/2,09:params/pose1/0/2,pose1_xyz,-0.007450219243764877,0.0025615037884563208,0.010011723265051842,0.010011723265051842
paper_state,hidden_breakaway_pin,3,idm_gt_future,10,params/pose1/1/0,10:params/pose1/1/0,pose1_quat,0.0,5.6425058403419825e-08,5.6425058403419825e-08,5.6425058403419825e-08
paper_state,hidden_breakaway_pin,3,idm_gt_future,11,params/pose1/1/1,11:params/pose1/1/1,pose1_quat,0.0,-1.0820652818210874e-08,-1.0820652818210874e-08,1.0820652818210874e-08
paper_state,hidden_breakaway_pin,3,idm_gt_future,12,params/pose1/1/2,12:params/pose1/1/2,pose1_quat,0.0,-2.641755258991907e-08,-2.641755258991907e-08,2.641755258991907e-08
paper_state,hidden_breakaway_pin,3,idm_gt_future,13,params/pose1/1/3,13:params/pose1/1/3,pose1_quat,1.0,0.9999999403953552,-5.960464477539063e-08,5.960464477539063e-08
paper_state,hidden_breakaway_pin,3,idm_pred_future,0,params/pose0/0/0,00:params/pose0/0/0,pose0_xyz,0.671875,0.7313828468322754,0.05950784683227539,0.05950784683227539
paper_state,hidden_breakaway_pin,3,idm_pred_future,1,params/pose0/0/1,01:params/pose0/0/1,pose0_xyz,0.40625,0.38081488013267517,-0.02543511986732483,0.02543511986732483
paper_state,hidden_breakaway_pin,3,idm_pred_future,2,params/pose0/0/2,02:params/pose0/0/2,pose0_xyz,0.03601432591676712,0.02549757808446884,-0.010516747832298279,0.010516747832298279
paper_state,hidden_breakaway_pin,3,idm_pred_future,3,params/pose0/1/0,03:params/pose0/1/0,pose0_quat,0.0,-8.566082954075682e-09,-8.566082954075682e-09,8.566082954075682e-09
paper_state,hidden_breakaway_pin,3,idm_pred_future,4,params/pose0/1/1,04:params/pose0/1/1,pose0_quat,0.0,3.5455382629834276e-08,3.5455382629834276e-08,3.5455382629834276e-08
paper_state,hidden_breakaway_pin,3,idm_pred_future,5,params/pose0/1/2,05:params/pose0/1/2,pose0_quat,0.0,-4.9572005167419775e-08,-4.9572005167419775e-08,4.9572005167419775e-08
paper_state,hidden_breakaway_pin,3,idm_pred_future,6,params/pose0/1/3,06:params/pose0/1/3,pose0_quat,1.0,1.0,0.0,0.0
paper_state,hidden_breakaway_pin,3,idm_pred_future,7,params/pose1/0/0,07:params/pose1/0/0,pose1_xyz,0.3977108895778656,0.4722263813018799,0.07451549172401428,0.07451549172401428
paper_state,hidden_breakaway_pin,3,idm_pred_future,8,params/pose1/0/1,08:params/pose1/0/1,pose1_xyz,-0.014461454004049301,-0.02630496770143509,-0.011843513697385788,0.011843513697385788
paper_state,hidden_breakaway_pin,3,idm_pred_future,9,params/pose1/0/2,09:params/pose1/0/2,pose1_xyz,-0.007450219243764877,0.0035346499644219875,0.010984869673848152,0.010984869673848152
paper_state,hidden_breakaway_pin,3,idm_pred_future,10,params/pose1/1/0,10:params/pose1/1/0,pose1_quat,0.0,1.5367151107170685e-08,1.5367151107170685e-08,1.5367151107170685e-08
paper_state,hidden_breakaway_pin,3,idm_pred_future,11,params/pose1/1/1,11:params/pose1/1/1,pose1_quat,0.0,-4.4809908672505117e-08,-4.4809908672505117e-08,4.4809908672505117e-08
paper_state,hidden_breakaway_pin,3,idm_pred_future,12,params/pose1/1/2,12:params/pose1/1/2,pose1_quat,0.0,-2.3695189810268857e-08,-2.3695189810268857e-08,2.3695189810268857e-08
paper_state,hidden_breakaway_pin,3,idm_pred_future,13,params/pose1/1/3,13:params/pose1/1/3,pose1_quat,1.0,0.9999999403953552,-5.960464477539063e-08,5.960464477539063e-08
paper_state,hidden_breakaway_pin,7,idm_gt_future,0,params/pose0/0/0,00:params/pose0/0/0,pose0_xyz,0.609375,0.6366445422172546,0.02726954221725464,0.02726954221725464
paper_state,hidden_breakaway_pin,7,idm_gt_future,1,params/pose0/0/1,01:params/pose0/0/1,pose0_xyz,0.22812500596046448,0.29326769709587097,0.0651426911354065,0.0651426911354065
paper_state,hidden_breakaway_pin,7,idm_gt_future,2,params/pose0/0/2,02:params/pose0/0/2,pose0_xyz,0.013410571962594986,0.011017014272511005,-0.0023935576900839806,0.0023935576900839806
paper_state,hidden_breakaway_pin,7,idm_gt_future,3,params/pose0/1/0,03:params/pose0/1/0,pose0_quat,0.0,-7.850267103037822e-10,-7.850267103037822e-10,7.850267103037822e-10
paper_state,hidden_breakaway_pin,7,idm_gt_future,4,params/pose0/1/1,04:params/pose0/1/1,pose0_quat,0.0,-1.684319173023141e-08,-1.684319173023141e-08,1.684319173023141e-08
paper_state,hidden_breakaway_pin,7,idm_gt_future,5,params/pose0/1/2,05:params/pose0/1/2,pose0_quat,0.0,-1.5000473752024845e-08,-1.5000473752024845e-08,1.5000473752024845e-08
paper_state,hidden_breakaway_pin,7,idm_gt_future,6,params/pose0/1/3,06:params/pose0/1/3,pose0_quat,1.0,0.9999999403953552,-5.960464477539063e-08,5.960464477539063e-08
paper_state,hidden_breakaway_pin,7,idm_gt_future,7,params/pose1/0/0,07:params/pose1/0/0,pose1_xyz,0.6213554739952087,0.6123977303504944,-0.008957743644714355,0.008957743644714355
paper_state,hidden_breakaway_pin,7,idm_gt_future,8,params/pose1/0/1,08:params/pose1/0/1,pose1_xyz,0.1864524483680725,0.09697837382555008,-0.08947407454252243,0.08947407454252243
paper_state,hidden_breakaway_pin,7,idm_gt_future,9,params/pose1/0/2,09:params/pose1/0/2,pose1_xyz,0.004288728814572096,0.001020536758005619,-0.003268192056566477,0.003268192056566477
paper_state,hidden_breakaway_pin,7,idm_gt_future,10,params/pose1/1/0,10:params/pose1/1/0,pose1_quat,0.0,-1.7186537748514752e-09,-1.7186537748514752e-09,1.7186537748514752e-09
paper_state,hidden_breakaway_pin,7,idm_gt_future,11,params/pose1/1/1,11:params/pose1/1/1,pose1_quat,0.0,2.985948555078721e-08,2.985948555078721e-08,2.985948555078721e-08
paper_state,hidden_breakaway_pin,7,idm_gt_future,12,params/pose1/1/2,12:params/pose1/1/2,pose1_quat,0.0,-2.5879048237698044e-08,-2.5879048237698044e-08,2.5879048237698044e-08
paper_state,hidden_breakaway_pin,7,idm_gt_future,13,params/pose1/1/3,13:params/pose1/1/3,pose1_quat,1.0,1.0,0.0,0.0
paper_state,hidden_breakaway_pin,7,idm_pred_future,0,params/pose0/0/0,00:params/pose0/0/0,pose0_xyz,0.609375,0.6412770748138428,0.03190207481384277,0.03190207481384277
paper_state,hidden_breakaway_pin,7,idm_pred_future,1,params/pose0/0/1,01:params/pose0/0/1,pose0_xyz,0.22812500596046448,0.20842862129211426,-0.01969638466835022,0.01969638466835022
paper_state,hidden_breakaway_pin,7,idm_pred_future,2,params/pose0/0/2,02:params/pose0/0/2,pose0_xyz,0.013410571962594986,0.013302857056260109,-0.00010771490633487701,0.00010771490633487701
paper_state,hidden_breakaway_pin,7,idm_pred_future,3,params/pose0/1/0,03:params/pose0/1/0,pose0_quat,0.0,3.5116368479748417e-08,3.5116368479748417e-08,3.5116368479748417e-08
paper_state,hidden_breakaway_pin,7,idm_pred_future,4,params/pose0/1/1,04:params/pose0/1/1,pose0_quat,0.0,3.6397538316634837e-09,3.6397538316634837e-09,3.6397538316634837e-09
paper_state,hidden_breakaway_pin,7,idm_pred_future,5,params/pose0/1/2,05:params/pose0/1/2,pose0_quat,0.0,-3.352177557758296e-08,-3.352177557758296e-08,3.352177557758296e-08
paper_state,hidden_breakaway_pin,7,idm_pred_future,6,params/pose0/1/3,06:params/pose0/1/3,pose0_quat,1.0,1.0000001192092896,1.1920928955078125e-07,1.1920928955078125e-07
paper_state,hidden_breakaway_pin,7,idm_pred_future,7,params/pose1/0/0,07:params/pose1/0/0,pose1_xyz,0.6213554739952087,0.6587907075881958,0.03743523359298706,0.03743523359298706
paper_state,hidden_breakaway_pin,7,idm_pred_future,8,params/pose1/0/1,08:params/pose1/0/1,pose1_xyz,0.1864524483680725,-0.029882673174142838,-0.21633511781692505,0.21633511781692505
paper_state,hidden_breakaway_pin,7,idm_pred_future,9,params/pose1/0/2,09:params/pose1/0/2,pose1_xyz,0.004288728814572096,0.002161874435842037,-0.0021268543787300587,0.0021268543787300587
paper_state,hidden_breakaway_pin,7,idm_pred_future,10,params/pose1/1/0,10:params/pose1/1/0,pose1_quat,0.0,-1.5231467642706775e-08,-1.5231467642706775e-08,1.5231467642706775e-08
paper_state,hidden_breakaway_pin,7,idm_pred_future,11,params/pose1/1/1,11:params/pose1/1/1,pose1_quat,0.0,1.0349247681062934e-08,1.0349247681062934e-08,1.0349247681062934e-08
paper_state,hidden_breakaway_pin,7,idm_pred_future,12,params/pose1/1/2,12:params/pose1/1/2,pose1_quat,0.0,3.880822774249282e-08,3.880822774249282e-08,3.880822774249282e-08
paper_state,hidden_breakaway_pin,7,idm_pred_future,13,params/pose1/1/3,13:params/pose1/1/3,pose1_quat,1.0,1.0,0.0,0.0
paper_state,hidden_breakaway_pin,11,idm_gt_future,0,params/pose0/0/0,00:params/pose0/0/0,pose0_xyz,0.565625011920929,0.5710662603378296,0.005441248416900635,0.005441248416900635
paper_state,hidden_breakaway_pin,11,idm_gt_future,1,params/pose0/0/1,01:params/pose0/0/1,pose0_xyz,0.171875,0.19388779997825623,0.022012799978256226,0.022012799978256226
paper_state,hidden_breakaway_pin,11,idm_gt_future,2,params/pose0/0/2,02:params/pose0/0/2,pose0_xyz,0.013295394368469715,0.01534388680011034,0.002048492431640625,0.002048492431640625
paper_state,hidden_breakaway_pin,11,idm_gt_future,3,params/pose0/1/0,03:params/pose0/1/0,pose0_quat,0.0,8.333194578824532e-09,8.333194578824532e-09,8.333194578824532e-09
paper_state,hidden_breakaway_pin,11,idm_gt_future,4,params/pose0/1/1,04:params/pose0/1/1,pose0_quat,0.0,2.1258356852627003e-08,2.1258356852627003e-08,2.1258356852627003e-08
paper_state,hidden_breakaway_pin,11,idm_gt_future,5,params/pose0/1/2,05:params/pose0/1/2,pose0_quat,0.0,-1.3300817336414639e-08,-1.3300817336414639e-08,1.3300817336414639e-08
paper_state,hidden_breakaway_pin,11,idm_gt_future,6,params/pose0/1/3,06:params/pose0/1/3,pose0_quat,1.0,1.0,0.0,0.0
paper_state,hidden_breakaway_pin,11,idm_gt_future,7,params/pose1/0/0,07:params/pose1/0/0,pose1_xyz,0.5789891481399536,0.5262328386306763,-0.052756309509277344,0.052756309509277344
paper_state,hidden_breakaway_pin,11,idm_gt_future,8,params/pose1/0/1,08:params/pose1/0/1,pose1_xyz,0.13196823000907898,-0.03795603662729263,-0.16992425918579102,0.16992425918579102
paper_state,hidden_breakaway_pin,11,idm_gt_future,9,params/pose1/0/2,09:params/pose1/0/2,pose1_xyz,0.0042389617301523685,0.0020980893168598413,-0.002140872413292527,0.002140872413292527
paper_state,hidden_breakaway_pin,11,idm_gt_future,10,params/pose1/1/0,10:params/pose1/1/0,pose1_quat,0.0,8.201975099098036e-09,8.201975099098036e-09,8.201975099098036e-09
paper_state,hidden_breakaway_pin,11,idm_gt_future,11,params/pose1/1/1,11:params/pose1/1/1,pose1_quat,0.0,-1.496752943808133e-08,-1.496752943808133e-08,1.496752943808133e-08
paper_state,hidden_breakaway_pin,11,idm_gt_future,12,params/pose1/1/2,12:params/pose1/1/2,pose1_quat,0.0,1.6311991757334e-08,1.6311991757334e-08,1.6311991757334e-08
paper_state,hidden_breakaway_pin,11,idm_gt_future,13,params/pose1/1/3,13:params/pose1/1/3,pose1_quat,1.0,1.0,0.0,0.0
paper_state,hidden_breakaway_pin,11,idm_pred_future,0,params/pose0/0/0,00:params/pose0/0/0,pose0_xyz,0.565625011920929,0.5714898705482483,0.005864858627319336,0.005864858627319336
paper_state,hidden_breakaway_pin,11,idm_pred_future,1,params/pose0/0/1,01:params/pose0/0/1,pose0_xyz,0.171875,0.1347067803144455,-0.037168219685554504,0.037168219685554504
paper_state,hidden_breakaway_pin,11,idm_pred_future,2,params/pose0/0/2,02:params/pose0/0/2,pose0_xyz,0.013295394368469715,0.013764692470431328,0.0004692981019616127,0.0004692981019616127
paper_state,hidden_breakaway_pin,11,idm_pred_future,3,params/pose0/1/0,03:params/pose0/1/0,pose0_quat,0.0,9.391656341506405e-09,9.391656341506405e-09,9.391656341506405e-09
paper_state,hidden_breakaway_pin,11,idm_pred_future,4,params/pose0/1/1,04:params/pose0/1/1,pose0_quat,0.0,-4.5736342713098566e-08,-4.5736342713098566e-08,4.5736342713098566e-08
paper_state,hidden_breakaway_pin,11,idm_pred_future,5,params/pose0/1/2,05:params/pose0/1/2,pose0_quat,0.0,1.4820210836319347e-08,1.4820210836319347e-08,1.4820210836319347e-08
paper_state,hidden_breakaway_pin,11,idm_pred_future,6,params/pose0/1/3,06:params/pose0/1/3,pose0_quat,1.0,1.0,0.0,0.0
paper_state,hidden_breakaway_pin,11,idm_pred_future,7,params/pose1/0/0,07:params/pose1/0/0,pose1_xyz,0.5789891481399536,0.5272884964942932,-0.0517006516456604,0.0517006516456604
paper_state,hidden_breakaway_pin,11,idm_pred_future,8,params/pose1/0/1,08:params/pose1/0/1,pose1_xyz,0.13196823000907898,-0.10683389008045197,-0.23880212008953094,0.23880212008953094
paper_state,hidden_breakaway_pin,11,idm_pred_future,9,params/pose1/0/2,09:params/pose1/0/2,pose1_xyz,0.0042389617301523685,0.0033479309640824795,-0.0008910307660698891,0.0008910307660698891
paper_state,hidden_breakaway_pin,11,idm_pred_future,10,params/pose1/1/0,10:params/pose1/1/0,pose1_quat,0.0,-1.2512940905651249e-08,-1.2512940905651249e-08,1.2512940905651249e-08
paper_state,hidden_breakaway_pin,11,idm_pred_future,11,params/pose1/1/1,11:params/pose1/1/1,pose1_quat,0.0,-3.061262532355613e-08,-3.061262532355613e-08,3.061262532355613e-08
paper_state,hidden_breakaway_pin,11,idm_pred_future,12,params/pose1/1/2,12:params/pose1/1/2,pose1_quat,0.0,8.673105789114288e-09,8.673105789114288e-09,8.673105789114288e-09
paper_state,hidden_breakaway_pin,11,idm_pred_future,13,params/pose1/1/3,13:params/pose1/1/3,pose1_quat,1.0,1.0,0.0,0.0
state_action,free,0,idm_gt_future,0,params/pose0/0/0,00:params/pose0/0/0,pose0_xyz,0.668749988079071,0.6872899532318115,0.01853996515274048,0.01853996515274048
state_action,free,0,idm_gt_future,1,params/pose0/0/1,01:params/pose0/0/1,pose0_xyz,0.40625,0.37839624285697937,-0.02785375714302063,0.02785375714302063
state_action,free,0,idm_gt_future,2,params/pose0/0/2,02:params/pose0/0/2,pose0_xyz,0.03550928086042404,0.02587382309138775,-0.009635457769036293,0.009635457769036293
state_action,free,0,idm_gt_future,3,params/pose0/1/0,03:params/pose0/1/0,pose0_quat,0.0,-5.5747396032757024e-08,-5.5747396032757024e-08,5.5747396032757024e-08
state_action,free,0,idm_gt_future,4,params/pose0/1/1,04:params/pose0/1/1,pose0_quat,0.0,6.306841715542078e-10,6.306841715542078e-10,6.306841715542078e-10
state_action,free,0,idm_gt_future,5,params/pose0/1/2,05:params/pose0/1/2,pose0_quat,0.0,2.0122752353302076e-09,2.0122752353302076e-09,2.0122752353302076e-09
state_action,free,0,idm_gt_future,6,params/pose0/1/3,06:params/pose0/1/3,pose0_quat,1.0,1.0,0.0,0.0
state_action,free,0,idm_gt_future,7,params/pose1/0/0,07:params/pose1/0/0,pose1_xyz,0.3997460603713989,0.38476863503456116,-0.014977425336837769,0.014977425336837769
state_action,free,0,idm_gt_future,8,params/pose1/0/1,08:params/pose1/0/1,pose1_xyz,-0.016988500952720642,-0.012341138906776905,0.004647362045943737,0.004647362045943737
state_action,free,0,idm_gt_future,9,params/pose1/0/2,09:params/pose1/0/2,pose1_xyz,-0.00808842945843935,0.002450771862640977,0.010539201088249683,0.010539201088249683
state_action,free,0,idm_gt_future,10,params/pose1/1/0,10:params/pose1/1/0,pose1_quat,0.0,4.7320277474227623e-08,4.7320277474227623e-08,4.7320277474227623e-08
state_action,free,0,idm_gt_future,11,params/pose1/1/1,11:params/pose1/1/1,pose1_quat,0.0,-4.955422738817106e-08,-4.955422738817106e-08,4.955422738817106e-08
state_action,free,0,idm_gt_future,12,params/pose1/1/2,12:params/pose1/1/2,pose1_quat,0.0,-3.4006575333478395e-08,-3.4006575333478395e-08,3.4006575333478395e-08
state_action,free,0,idm_gt_future,13,params/pose1/1/3,13:params/pose1/1/3,pose1_quat,1.0,0.9999999403953552,-5.960464477539063e-08,5.960464477539063e-08
state_action,free,0,idm_pred_future,0,params/pose0/0/0,00:params/pose0/0/0,pose0_xyz,0.668749988079071,0.724921703338623,0.056171715259552,0.056171715259552
state_action,free,0,idm_pred_future,1,params/pose0/0/1,01:params/pose0/0/1,pose0_xyz,0.40625,0.386729896068573,-0.019520103931427002,0.019520103931427002
state_action,free,0,idm_pred_future,2,params/pose0/0/2,02:params/pose0/0/2,pose0_xyz,0.03550928086042404,0.020480956882238388,-0.015028323978185654,0.015028323978185654
state_action,free,0,idm_pred_future,3,params/pose0/1/0,03:params/pose0/1/0,pose0_quat,0.0,1.4726991182101301e-08,1.4726991182101301e-08,1.4726991182101301e-08
state_action,free,0,idm_pred_future,4,params/pose0/1/1,04:params/pose0/1/1,pose0_quat,0.0,5.1414051682741047e-08,5.1414051682741047e-08,5.1414051682741047e-08
state_action,free,0,idm_pred_future,5,params/pose0/1/2,05:params/pose0/1/2,pose0_quat,0.0,-5.834741756416406e-08,-5.834741756416406e-08,5.834741756416406e-08
state_action,free,0,idm_pred_future,6,params/pose0/1/3,06:params/pose0/1/3,pose0_quat,1.0,1.0,0.0,0.0
state_action,free,0,idm_pred_future,7,params/pose1/0/0,07:params/pose1/0/0,pose1_xyz,0.3997460603713989,0.5550504922866821,0.1553044319152832,0.1553044319152832
state_action,free,0,idm_pred_future,8,params/pose1/0/1,08:params/pose1/0/1,pose1_xyz,-0.016988500952720642,-0.09772941470146179,-0.08074091374874115,0.08074091374874115
state_action,free,0,idm_pred_future,9,params/pose1/0/2,09:params/pose1/0/2,pose1_xyz,-0.00808842945843935,0.000876986887305975,0.008965415880084038,0.008965415880084038
state_action,free,0,idm_pred_future,10,params/pose1/1/0,10:params/pose1/1/0,pose1_quat,0.0,2.532090626061745e-08,2.532090626061745e-08,2.532090626061745e-08
state_action,free,0,idm_pred_future,11,params/pose1/1/1,11:params/pose1/1/1,pose1_quat,0.0,-5.1690658864345096e-08,-5.1690658864345096e-08,5.1690658864345096e-08
state_action,free,0,idm_pred_future,12,params/pose1/1/2,12:params/pose1/1/2,pose1_quat,0.0,-2.0657722643591114e-08,-2.0657722643591114e-08,2.0657722643591114e-08
state_action,free,0,idm_pred_future,13,params/pose1/1/3,13:params/pose1/1/3,pose1_quat,1.0,0.9999999403953552,-5.960464477539063e-08,5.960464477539063e-08
state_action,free,4,idm_gt_future,0,params/pose0/0/0,00:params/pose0/0/0,pose0_xyz,0.6000000238418579,0.6340979337692261,0.034097909927368164,0.034097909927368164
state_action,free,4,idm_gt_future,1,params/pose0/0/1,01:params/pose0/0/1,pose0_xyz,0.23125000298023224,0.3086932301521301,0.07744322717189789,0.07744322717189789
state_action,free,4,idm_gt_future,2,params/pose0/0/2,02:params/pose0/0/2,pose0_xyz,0.013128692284226418,0.015534686855971813,0.0024059945717453957,0.0024059945717453957
state_action,free,4,idm_gt_future,3,params/pose0/1/0,03:params/pose0/1/0,pose0_quat,0.0,7.186086836696859e-09,7.186086836696859e-09,7.186086836696859e-09
state_action,free,4,idm_gt_future,4,params/pose0/1/1,04:params/pose0/1/1,pose0_quat,0.0,-3.090096711844126e-08,-3.090096711844126e-08,3.090096711844126e-08
state_action,free,4,idm_gt_future,5,params/pose0/1/2,05:params/pose0/1/2,pose0_quat,0.0,-9.036448034294153e-09,-9.036448034294153e-09,9.036448034294153e-09
state_action,free,4,idm_gt_future,6,params/pose0/1/3,06:params/pose0/1/3,pose0_quat,1.0,1.0,0.0,0.0
state_action,free,4,idm_gt_future,7,params/pose1/0/0,07:params/pose1/0/0,pose1_xyz,0.6216307878494263,0.6389330625534058,0.017302274703979492,0.017302274703979492
state_action,free,4,idm_gt_future,8,params/pose1/0/1,08:params/pose1/0/1,pose1_xyz,0.18776901066303253,0.11077744513750076,-0.07699156552553177,0.07699156552553177
state_action,free,4,idm_gt_future,9,params/pose1/0/2,09:params/pose1/0/2,pose1_xyz,0.0047466750256717205,0.0037453784607350826,-0.0010012965649366379,0.0010012965649366379
state_action,free,4,idm_gt_future,10,params/pose1/1/0,10:params/pose1/1/0,pose1_quat,0.0,-3.4178714969357316e-08,-3.4178714969357316e-08,3.4178714969357316e-08
state_action,free,4,idm_gt_future,11,params/pose1/1/1,11:params/pose1/1/1,pose1_quat,0.0,2.6593992785706178e-08,2.6593992785706178e-08,2.6593992785706178e-08
state_action,free,4,idm_gt_future,12,params/pose1/1/2,12:params/pose1/1/2,pose1_quat,0.0,1.7295310072995562e-08,1.7295310072995562e-08,1.7295310072995562e-08
state_action,free,4,idm_gt_future,13,params/pose1/1/3,13:params/pose1/1/3,pose1_quat,1.0,1.0,0.0,0.0
state_action,free,4,idm_pred_future,0,params/pose0/0/0,00:params/pose0/0/0,pose0_xyz,0.6000000238418579,0.6440712213516235,0.044071197509765625,0.044071197509765625
state_action,free,4,idm_pred_future,1,params/pose0/0/1,01:params/pose0/0/1,pose0_xyz,0.23125000298023224,0.26782217621803284,0.0365721732378006,0.0365721732378006
state_action,free,4,idm_pred_future,2,params/pose0/0/2,02:params/pose0/0/2,pose0_xyz,0.013128692284226418,0.01594165526330471,0.002812962979078293,0.002812962979078293
state_action,free,4,idm_pred_future,3,params/pose0/1/0,03:params/pose0/1/0,pose0_quat,0.0,-4.830492006391296e-09,-4.830492006391296e-09,4.830492006391296e-09
state_action,free,4,idm_pred_future,4,params/pose0/1/1,04:params/pose0/1/1,pose0_quat,0.0,-1.501473434473155e-08,-1.501473434473155e-08,1.501473434473155e-08
state_action,free,4,idm_pred_future,5,params/pose0/1/2,05:params/pose0/1/2,pose0_quat,0.0,-1.0449942244861177e-08,-1.0449942244861177e-08,1.0449942244861177e-08
state_action,free,4,idm_pred_future,6,params/pose0/1/3,06:params/pose0/1/3,pose0_quat,1.0,1.0,0.0,0.0
state_action,free,4,idm_pred_future,7,params/pose1/0/0,07:params/pose1/0/0,pose1_xyz,0.6216307878494263,0.6330809593200684,0.01145017147064209,0.01145017147064209
state_action,free,4,idm_pred_future,8,params/pose1/0/1,08:params/pose1/0/1,pose1_xyz,0.18776901066303253,-0.04848780483007431,-0.23625680804252625,0.23625680804252625
state_action,free,4,idm_pred_future,9,params/pose1/0/2,09:params/pose1/0/2,pose1_xyz,0.0047466750256717205,0.0027421051636338234,-0.002004569862037897,0.002004569862037897
state_action,free,4,idm_pred_future,10,params/pose1/1/0,10:params/pose1/1/0,pose1_quat,0.0,-1.2241324398587494e-08,-1.2241324398587494e-08,1.2241324398587494e-08
state_action,free,4,idm_pred_future,11,params/pose1/1/1,11:params/pose1/1/1,pose1_quat,0.0,1.889136314048301e-08,1.889136314048301e-08,1.889136314048301e-08
state_action,free,4,idm_pred_future,12,params/pose1/1/2,12:params/pose1/1/2,pose1_quat,0.0,2.5095292954802062e-08,2.5095292954802062e-08,2.5095292954802062e-08
state_action,free,4,idm_pred_future,13,params/pose1/1/3,13:params/pose1/1/3,pose1_quat,1.0,1.0,0.0,0.0
state_action,free,8,idm_gt_future,0,params/pose0/0/0,00:params/pose0/0/0,pose0_xyz,0.40937501192092896,0.5166876316070557,0.10731261968612671,0.10731261968612671
state_action,free,8,idm_gt_future,1,params/pose0/0/1,01:params/pose0/0/1,pose0_xyz,-0.0062500000931322575,0.20841266214847565,0.21466265618801117,0.21466265618801117
state_action,free,8,idm_gt_future,2,params/pose0/0/2,02:params/pose0/0/2,pose0_xyz,0.012938774190843105,0.01684347726404667,0.0039047030732035637,0.0039047030732035637
state_action,free,8,idm_gt_future,3,params/pose0/1/0,03:params/pose0/1/0,pose0_quat,0.0,-3.093546041554873e-08,-3.093546041554873e-08,3.093546041554873e-08
state_action,free,8,idm_gt_future,4,params/pose0/1/1,04:params/pose0/1/1,pose0_quat,0.0,-2.5265052272516186e-08,-2.5265052272516186e-08,2.5265052272516186e-08
state_action,free,8,idm_gt_future,5,params/pose0/1/2,05:params/pose0/1/2,pose0_quat,0.0,9.817360258068675e-09,9.817360258068675e-09,9.817360258068675e-09
state_action,free,8,idm_gt_future,6,params/pose0/1/3,06:params/pose0/1/3,pose0_quat,1.0,1.0,0.0,0.0
state_action,free,8,idm_gt_future,7,params/pose1/0/0,07:params/pose1/0/0,pose1_xyz,0.3809899091720581,0.4162696897983551,0.035279780626297,0.035279780626297
state_action,free,8,idm_gt_future,8,params/pose1/0/1,08:params/pose1/0/1,pose1_xyz,-0.02012024074792862,-0.015097742900252342,0.005022497847676277,0.005022497847676277
state_action,free,8,idm_gt_future,9,params/pose1/0/2,09:params/pose1/0/2,pose1_xyz,0.003396071493625641,0.0035640555433928967,0.00016798404976725578,0.00016798404976725578
state_action,free,8,idm_gt_future,10,params/pose1/1/0,10:params/pose1/1/0,pose1_quat,0.0,1.6268554503540145e-08,1.6268554503540145e-08,1.6268554503540145e-08
state_action,free,8,idm_gt_future,11,params/pose1/1/1,11:params/pose1/1/1,pose1_quat,0.0,-3.040017571009912e-09,-3.040017571009912e-09,3.040017571009912e-09
state_action,free,8,idm_gt_future,12,params/pose1/1/2,12:params/pose1/1/2,pose1_quat,0.0,9.575072290601838e-09,9.575072290601838e-09,9.575072290601838e-09
state_action,free,8,idm_gt_future,13,params/pose1/1/3,13:params/pose1/1/3,pose1_quat,1.0,1.0,0.0,0.0
state_action,free,8,idm_pred_future,0,params/pose0/0/0,00:params/pose0/0/0,pose0_xyz,0.40937501192092896,0.554021954536438,0.14464694261550903,0.14464694261550903
state_action,free,8,idm_pred_future,1,params/pose0/0/1,01:params/pose0/0/1,pose0_xyz,-0.0062500000931322575,0.19445662200450897,0.2007066160440445,0.2007066160440445
state_action,free,8,idm_pred_future,2,params/pose0/0/2,02:params/pose0/0/2,pose0_xyz,0.012938774190843105,0.01570504903793335,0.0027662748470902443,0.0027662748470902443
state_action,free,8,idm_pred_future,3,params/pose0/1/0,03:params/pose0/1/0,pose0_quat,0.0,-2.428481948868466e-08,-2.428481948868466e-08,2.428481948868466e-08
state_action,free,8,idm_pred_future,4,params/pose0/1/1,04:params/pose0/1/1,pose0_quat,0.0,-5.777826928010654e-08,-5.777826928010654e-08,5.777826928010654e-08
state_action,free,8,idm_pred_future,5,params/pose0/1/2,05:params/pose0/1/2,pose0_quat,0.0,1.5936558739326756e-08,1.5936558739326756e-08,1.5936558739326756e-08
state_action,free,8,idm_pred_future,6,params/pose0/1/3,06:params/pose0/1/3,pose0_quat,1.0,1.0000001192092896,1.1920928955078125e-07,1.1920928955078125e-07
state_action,free,8,idm_pred_future,7,params/pose1/0/0,07:params/pose1/0/0,pose1_xyz,0.3809899091720581,0.4399893283843994,0.05899941921234131,0.05899941921234131
state_action,free,8,idm_pred_future,8,params/pose1/0/1,08:params/pose1/0/1,pose1_xyz,-0.02012024074792862,-0.0004656165838241577,0.01965462416410446,0.01965462416410446
state_action,free,8,idm_pred_future,9,params/pose1/0/2,09:params/pose1/0/2,pose1_xyz,0.003396071493625641,0.0016026943922042847,-0.0017933771014213562,0.0017933771014213562
state_action,free,8,idm_pred_future,10,params/pose1/1/0,10:params/pose1/1/0,pose1_quat,0.0,-1.9946101659229498e-08,-1.9946101659229498e-08,1.9946101659229498e-08
state_action,free,8,idm_pred_future,11,params/pose1/1/1,11:params/pose1/1/1,pose1_quat,0.0,-1.9098472137102362e-08,-1.9098472137102362e-08,1.9098472137102362e-08
state_action,free,8,idm_pred_future,12,params/pose1/1/2,12:params/pose1/1/2,pose1_quat,0.0,3.361396139212047e-08,3.361396139212047e-08,3.361396139212047e-08
state_action,free,8,idm_pred_future,13,params/pose1/1/3,13:params/pose1/1/3,pose1_quat,1.0,0.9999999403953552,-5.960464477539063e-08,5.960464477539063e-08
state_action,hidden_pin,1,idm_gt_future,0,params/pose0/0/0,00:params/pose0/0/0,pose0_xyz,0.6781250238418579,0.6769852638244629,-0.0011397600173950195,0.0011397600173950195
state_action,hidden_pin,1,idm_gt_future,1,params/pose0/0/1,01:params/pose0/0/1,pose0_xyz,0.40937501192092896,0.37811216711997986,-0.0312628448009491,0.0312628448009491
state_action,hidden_pin,1,idm_gt_future,2,params/pose0/0/2,02:params/pose0/0/2,pose0_xyz,0.02290579304099083,0.016397105529904366,-0.006508687511086464,0.006508687511086464
state_action,hidden_pin,1,idm_gt_future,3,params/pose0/1/0,03:params/pose0/1/0,pose0_quat,0.0,2.4569375867145027e-08,2.4569375867145027e-08,2.4569375867145027e-08
state_action,hidden_pin,1,idm_gt_future,4,params/pose0/1/1,04:params/pose0/1/1,pose0_quat,0.0,-5.3788795639775344e-09,-5.3788795639775344e-09,5.3788795639775344e-09
state_action,hidden_pin,1,idm_gt_future,5,params/pose0/1/2,05:params/pose0/1/2,pose0_quat,0.0,-1.4340324483441691e-08,-1.4340324483441691e-08,1.4340324483441691e-08
state_action,hidden_pin,1,idm_gt_future,6,params/pose0/1/3,06:params/pose0/1/3,pose0_quat,1.0,1.0,0.0,0.0
state_action,hidden_pin,1,idm_gt_future,7,params/pose1/0/0,07:params/pose1/0/0,pose1_xyz,0.3779291808605194,0.3613364100456238,-0.01659277081489563,0.01659277081489563
state_action,hidden_pin,1,idm_gt_future,8,params/pose1/0/1,08:params/pose1/0/1,pose1_xyz,-0.030143385753035545,-0.030069828033447266,7.355771958827972e-05,7.355771958827972e-05
state_action,hidden_pin,1,idm_gt_future,9,params/pose1/0/2,09:params/pose1/0/2,pose1_xyz,-0.0015833125216886401,-0.00227969978004694,-0.0006963872583582997,0.0006963872583582997
state_action,hidden_pin,1,idm_gt_future,10,params/pose1/1/0,10:params/pose1/1/0,pose1_quat,0.0,-2.7470012042840608e-08,-2.7470012042840608e-08,2.7470012042840608e-08
state_action,hidden_pin,1,idm_gt_future,11,params/pose1/1/1,11:params/pose1/1/1,pose1_quat,0.0,-5.0526840489339975e-09,-5.0526840489339975e-09,5.0526840489339975e-09
state_action,hidden_pin,1,idm_gt_future,12,params/pose1/1/2,12:params/pose1/1/2,pose1_quat,0.0,2.750803318463113e-08,2.750803318463113e-08,2.750803318463113e-08
state_action,hidden_pin,1,idm_gt_future,13,params/pose1/1/3,13:params/pose1/1/3,pose1_quat,1.0,1.0,0.0,0.0
state_action,hidden_pin,1,idm_pred_future,0,params/pose0/0/0,00:params/pose0/0/0,pose0_xyz,0.6781250238418579,0.7698184251785278,0.09169340133666992,0.09169340133666992
state_action,hidden_pin,1,idm_pred_future,1,params/pose0/0/1,01:params/pose0/0/1,pose0_xyz,0.40937501192092896,0.3567739725112915,-0.05260103940963745,0.05260103940963745
state_action,hidden_pin,1,idm_pred_future,2,params/pose0/0/2,02:params/pose0/0/2,pose0_xyz,0.02290579304099083,0.02280416339635849,-0.00010162964463233948,0.00010162964463233948
state_action,hidden_pin,1,idm_pred_future,3,params/pose0/1/0,03:params/pose0/1/0,pose0_quat,0.0,1.9027122988291012e-08,1.9027122988291012e-08,1.9027122988291012e-08
state_action,hidden_pin,1,idm_pred_future,4,params/pose0/1/1,04:params/pose0/1/1,pose0_quat,0.0,5.588444196291675e-08,5.588444196291675e-08,5.588444196291675e-08
state_action,hidden_pin,1,idm_pred_future,5,params/pose0/1/2,05:params/pose0/1/2,pose0_quat,0.0,-7.366040932765827e-08,-7.366040932765827e-08,7.366040932765827e-08
state_action,hidden_pin,1,idm_pred_future,6,params/pose0/1/3,06:params/pose0/1/3,pose0_quat,1.0,1.0,0.0,0.0
state_action,hidden_pin,1,idm_pred_future,7,params/pose1/0/0,07:params/pose1/0/0,pose1_xyz,0.3779291808605194,0.5694722533226013,0.1915430724620819,0.1915430724620819
state_action,hidden_pin,1,idm_pred_future,8,params/pose1/0/1,08:params/pose1/0/1,pose1_xyz,-0.030143385753035545,-0.08639312535524368,-0.05624973773956299,0.05624973773956299
state_action,hidden_pin,1,idm_pred_future,9,params/pose1/0/2,09:params/pose1/0/2,pose1_xyz,-0.0015833125216886401,0.00014933582860976458,0.0017326483502984047,0.0017326483502984047
state_action,hidden_pin,1,idm_pred_future,10,params/pose1/1/0,10:params/pose1/1/0,pose1_quat,0.0,1.8859449113506344e-08,1.8859449113506344e-08,1.8859449113506344e-08
state_action,hidden_pin,1,idm_pred_future,11,params/pose1/1/1,11:params/pose1/1/1,pose1_quat,0.0,-3.878823662262221e-08,-3.878823662262221e-08,3.878823662262221e-08
state_action,hidden_pin,1,idm_pred_future,12,params/pose1/1/2,12:params/pose1/1/2,pose1_quat,0.0,-2.5105867607067012e-08,-2.5105867607067012e-08,2.5105867607067012e-08
state_action,hidden_pin,1,idm_pred_future,13,params/pose1/1/3,13:params/pose1/1/3,pose1_quat,1.0,0.9999999403953552,-5.960464477539063e-08,5.960464477539063e-08
state_action,hidden_pin,5,idm_gt_future,0,params/pose0/0/0,00:params/pose0/0/0,pose0_xyz,0.6156250238418579,0.6245036125183105,0.008878588676452637,0.008878588676452637
state_action,hidden_pin,5,idm_gt_future,1,params/pose0/0/1,01:params/pose0/0/1,pose0_xyz,0.46562498807907104,0.4754437208175659,0.009818732738494873,0.009818732738494873
state_action,hidden_pin,5,idm_gt_future,2,params/pose0/0/2,02:params/pose0/0/2,pose0_xyz,0.0132673978805542,0.014695455320179462,0.0014280574396252632,0.0014280574396252632
state_action,hidden_pin,5,idm_gt_future,3,params/pose0/1/0,03:params/pose0/1/0,pose0_quat,0.0,-1.3919182251243e-08,-1.3919182251243e-08,1.3919182251243e-08
state_action,hidden_pin,5,idm_gt_future,4,params/pose0/1/1,04:params/pose0/1/1,pose0_quat,0.0,-1.9046664245792044e-10,-1.9046664245792044e-10,1.9046664245792044e-10
state_action,hidden_pin,5,idm_gt_future,5,params/pose0/1/2,05:params/pose0/1/2,pose0_quat,0.0,1.9886073232555646e-08,1.9886073232555646e-08,1.9886073232555646e-08
state_action,hidden_pin,5,idm_gt_future,6,params/pose0/1/3,06:params/pose0/1/3,pose0_quat,1.0,1.0,0.0,0.0
state_action,hidden_pin,5,idm_gt_future,7,params/pose1/0/0,07:params/pose1/0/0,pose1_xyz,0.38641947507858276,0.331792950630188,-0.054626524448394775,0.054626524448394775
state_action,hidden_pin,5,idm_gt_future,8,params/pose1/0/1,08:params/pose1/0/1,pose1_xyz,-0.03368690237402916,-0.04856771230697632,-0.014880809932947159,0.014880809932947159
state_action,hidden_pin,5,idm_gt_future,9,params/pose1/0/2,09:params/pose1/0/2,pose1_xyz,-0.008274712599813938,-0.0034827173221856356,0.004791995510458946,0.004791995510458946
state_action,hidden_pin,5,idm_gt_future,10,params/pose1/1/0,10:params/pose1/1/0,pose1_quat,0.0,-1.9622316216327818e-08,-1.9622316216327818e-08,1.9622316216327818e-08
state_action,hidden_pin,5,idm_gt_future,11,params/pose1/1/1,11:params/pose1/1/1,pose1_quat,0.0,-1.0666792782387802e-08,-1.0666792782387802e-08,1.0666792782387802e-08
state_action,hidden_pin,5,idm_gt_future,12,params/pose1/1/2,12:params/pose1/1/2,pose1_quat,0.0,7.876660435002236e-10,7.876660435002236e-10,7.876660435002236e-10
state_action,hidden_pin,5,idm_gt_future,13,params/pose1/1/3,13:params/pose1/1/3,pose1_quat,1.0,1.0,0.0,0.0
state_action,hidden_pin,5,idm_pred_future,0,params/pose0/0/0,00:params/pose0/0/0,pose0_xyz,0.6156250238418579,0.6258500218391418,0.010224997997283936,0.010224997997283936
state_action,hidden_pin,5,idm_pred_future,1,params/pose0/0/1,01:params/pose0/0/1,pose0_xyz,0.46562498807907104,0.2329404503107071,-0.23268453776836395,0.23268453776836395
state_action,hidden_pin,5,idm_pred_future,2,params/pose0/0/2,02:params/pose0/0/2,pose0_xyz,0.0132673978805542,0.012430106289684772,-0.0008372915908694267,0.0008372915908694267
state_action,hidden_pin,5,idm_pred_future,3,params/pose0/1/0,03:params/pose0/1/0,pose0_quat,0.0,1.0610698097934801e-08,1.0610698097934801e-08,1.0610698097934801e-08
state_action,hidden_pin,5,idm_pred_future,4,params/pose0/1/1,04:params/pose0/1/1,pose0_quat,0.0,-2.7407020652958636e-08,-2.7407020652958636e-08,2.7407020652958636e-08
state_action,hidden_pin,5,idm_pred_future,5,params/pose0/1/2,05:params/pose0/1/2,pose0_quat,0.0,-1.7180944666961295e-08,-1.7180944666961295e-08,1.7180944666961295e-08
state_action,hidden_pin,5,idm_pred_future,6,params/pose0/1/3,06:params/pose0/1/3,pose0_quat,1.0,1.0,0.0,0.0
state_action,hidden_pin,5,idm_pred_future,7,params/pose1/0/0,07:params/pose1/0/0,pose1_xyz,0.38641947507858276,0.5481091141700745,0.1616896390914917,0.1616896390914917
state_action,hidden_pin,5,idm_pred_future,8,params/pose1/0/1,08:params/pose1/0/1,pose1_xyz,-0.03368690237402916,0.043609440326690674,0.07729634642601013,0.07729634642601013
state_action,hidden_pin,5,idm_pred_future,9,params/pose1/0/2,09:params/pose1/0/2,pose1_xyz,-0.008274712599813938,-0.0009337522787973285,0.007340960204601288,0.007340960204601288
state_action,hidden_pin,5,idm_pred_future,10,params/pose1/1/0,10:params/pose1/1/0,pose1_quat,0.0,-3.341158461012128e-09,-3.341158461012128e-09,3.341158461012128e-09
state_action,hidden_pin,5,idm_pred_future,11,params/pose1/1/1,11:params/pose1/1/1,pose1_quat,0.0,4.000241204948907e-08,4.000241204948907e-08,4.000241204948907e-08
state_action,hidden_pin,5,idm_pred_future,12,params/pose1/1/2,12:params/pose1/1/2,pose1_quat,0.0,-3.5170539813833557e-09,-3.5170539813833557e-09,3.5170539813833557e-09
state_action,hidden_pin,5,idm_pred_future,13,params/pose1/1/3,13:params/pose1/1/3,pose1_quat,1.0,1.0,0.0,0.0
state_action,hidden_pin,9,idm_gt_future,0,params/pose0/0/0,00:params/pose0/0/0,pose0_xyz,0.625,0.5810331702232361,-0.043966829776763916,0.043966829776763916
state_action,hidden_pin,9,idm_gt_future,1,params/pose0/0/1,01:params/pose0/0/1,pose0_xyz,0.49687498807907104,0.5118588209152222,0.014983832836151123,0.014983832836151123
state_action,hidden_pin,9,idm_gt_future,2,params/pose0/0/2,02:params/pose0/0/2,pose0_xyz,0.012593133375048637,0.015877658501267433,0.0032845251262187958,0.0032845251262187958
state_action,hidden_pin,9,idm_gt_future,3,params/pose0/1/0,03:params/pose0/1/0,pose0_quat,0.0,-3.4999316778083767e-09,-3.4999316778083767e-09,3.4999316778083767e-09
state_action,hidden_pin,9,idm_gt_future,4,params/pose0/1/1,04:params/pose0/1/1,pose0_quat,0.0,-1.5799365371549356e-08,-1.5799365371549356e-08,1.5799365371549356e-08
state_action,hidden_pin,9,idm_gt_future,5,params/pose0/1/2,05:params/pose0/1/2,pose0_quat,0.0,-2.9344298102529365e-09,-2.9344298102529365e-09,2.9344298102529365e-09
state_action,hidden_pin,9,idm_gt_future,6,params/pose0/1/3,06:params/pose0/1/3,pose0_quat,1.0,1.0,0.0,0.0
state_action,hidden_pin,9,idm_gt_future,7,params/pose1/0/0,07:params/pose1/0/0,pose1_xyz,0.44353920221328735,0.29582899808883667,-0.14771020412445068,0.14771020412445068
state_action,hidden_pin,9,idm_gt_future,8,params/pose1/0/1,08:params/pose1/0/1,pose1_xyz,0.026303932070732117,-0.10059721022844315,-0.12690114974975586,0.12690114974975586
state_action,hidden_pin,9,idm_gt_future,9,params/pose1/0/2,09:params/pose1/0/2,pose1_xyz,-0.004436430521309376,-0.0024548787623643875,0.0019815517589449883,0.0019815517589449883
state_action,hidden_pin,9,idm_gt_future,10,params/pose1/1/0,10:params/pose1/1/0,pose1_quat,0.0,5.388770762948525e-09,5.388770762948525e-09,5.388770762948525e-09
state_action,hidden_pin,9,idm_gt_future,11,params/pose1/1/1,11:params/pose1/1/1,pose1_quat,0.0,-4.609592707538468e-08,-4.609592707538468e-08,4.609592707538468e-08
state_action,hidden_pin,9,idm_gt_future,12,params/pose1/1/2,12:params/pose1/1/2,pose1_quat,0.0,-1.3077761984447989e-08,-1.3077761984447989e-08,1.3077761984447989e-08
state_action,hidden_pin,9,idm_gt_future,13,params/pose1/1/3,13:params/pose1/1/3,pose1_quat,1.0,1.0,0.0,0.0
state_action,hidden_pin,9,idm_pred_future,0,params/pose0/0/0,00:params/pose0/0/0,pose0_xyz,0.625,0.553078830242157,-0.07192116975784302,0.07192116975784302
state_action,hidden_pin,9,idm_pred_future,1,params/pose0/0/1,01:params/pose0/0/1,pose0_xyz,0.49687498807907104,0.1458747386932373,-0.35100024938583374,0.35100024938583374
state_action,hidden_pin,9,idm_pred_future,2,params/pose0/0/2,02:params/pose0/0/2,pose0_xyz,0.012593133375048637,0.019787553697824478,0.007194420322775841,0.007194420322775841
state_action,hidden_pin,9,idm_pred_future,3,params/pose0/1/0,03:params/pose0/1/0,pose0_quat,0.0,2.8378387639804714e-08,2.8378387639804714e-08,2.8378387639804714e-08
state_action,hidden_pin,9,idm_pred_future,4,params/pose0/1/1,04:params/pose0/1/1,pose0_quat,0.0,-5.6263999681505084e-08,-5.6263999681505084e-08,5.6263999681505084e-08
state_action,hidden_pin,9,idm_pred_future,5,params/pose0/1/2,05:params/pose0/1/2,pose0_quat,0.0,-1.4387341984445357e-08,-1.4387341984445357e-08,1.4387341984445357e-08
state_action,hidden_pin,9,idm_pred_future,6,params/pose0/1/3,06:params/pose0/1/3,pose0_quat,1.0,1.0,0.0,0.0
state_action,hidden_pin,9,idm_pred_future,7,params/pose1/0/0,07:params/pose1/0/0,pose1_xyz,0.44353920221328735,0.4548507630825043,0.011311560869216919,0.011311560869216919
state_action,hidden_pin,9,idm_pred_future,8,params/pose1/0/1,08:params/pose1/0/1,pose1_xyz,0.026303932070732117,-0.10707524418830872,-0.13337917625904083,0.13337917625904083
state_action,hidden_pin,9,idm_pred_future,9,params/pose1/0/2,09:params/pose1/0/2,pose1_xyz,-0.004436430521309376,0.005993022583425045,0.01042945310473442,0.01042945310473442
state_action,hidden_pin,9,idm_pred_future,10,params/pose1/1/0,10:params/pose1/1/0,pose1_quat,0.0,1.149300210556703e-09,1.149300210556703e-09,1.149300210556703e-09
state_action,hidden_pin,9,idm_pred_future,11,params/pose1/1/1,11:params/pose1/1/1,pose1_quat,0.0,3.5763150663115084e-08,3.5763150663115084e-08,3.5763150663115084e-08
state_action,hidden_pin,9,idm_pred_future,12,params/pose1/1/2,12:params/pose1/1/2,pose1_quat,0.0,-4.166182066001056e-09,-4.166182066001056e-09,4.166182066001056e-09
state_action,hidden_pin,9,idm_pred_future,13,params/pose1/1/3,13:params/pose1/1/3,pose1_quat,1.0,1.0,0.0,0.0
state_action,hidden_high_friction,2,idm_gt_future,0,params/pose0/0/0,00:params/pose0/0/0,pose0_xyz,0.671875,0.6860044598579407,0.014129459857940674,0.014129459857940674
state_action,hidden_high_friction,2,idm_gt_future,1,params/pose0/0/1,01:params/pose0/0/1,pose0_xyz,0.40625,0.4150821268558502,0.00883212685585022,0.00883212685585022
state_action,hidden_high_friction,2,idm_gt_future,2,params/pose0/0/2,02:params/pose0/0/2,pose0_xyz,0.036113280802965164,0.025715794414281845,-0.010397486388683319,0.010397486388683319
state_action,hidden_high_friction,2,idm_gt_future,3,params/pose0/1/0,03:params/pose0/1/0,pose0_quat,0.0,-5.880028908222812e-08,-5.880028908222812e-08,5.880028908222812e-08
state_action,hidden_high_friction,2,idm_gt_future,4,params/pose0/1/1,04:params/pose0/1/1,pose0_quat,0.0,-1.9139601903361836e-08,-1.9139601903361836e-08,1.9139601903361836e-08
state_action,hidden_high_friction,2,idm_gt_future,5,params/pose0/1/2,05:params/pose0/1/2,pose0_quat,0.0,1.739480026685669e-08,1.739480026685669e-08,1.739480026685669e-08
state_action,hidden_high_friction,2,idm_gt_future,6,params/pose0/1/3,06:params/pose0/1/3,pose0_quat,1.0,1.0000001192092896,1.1920928955078125e-07,1.1920928955078125e-07
state_action,hidden_high_friction,2,idm_gt_future,7,params/pose1/0/0,07:params/pose1/0/0,pose1_xyz,0.3974373936653137,0.3882003128528595,-0.009237080812454224,0.009237080812454224
state_action,hidden_high_friction,2,idm_gt_future,8,params/pose1/0/1,08:params/pose1/0/1,pose1_xyz,-0.014007208868861198,0.008635411038994789,0.022642619907855988,0.022642619907855988
state_action,hidden_high_friction,2,idm_gt_future,9,params/pose1/0/2,09:params/pose1/0/2,pose1_xyz,-0.007233931217342615,0.0020865444093942642,0.009320475161075592,0.009320475161075592
state_action,hidden_high_friction,2,idm_gt_future,10,params/pose1/1/0,10:params/pose1/1/0,pose1_quat,0.0,4.686140897547375e-08,4.686140897547375e-08,4.686140897547375e-08
state_action,hidden_high_friction,2,idm_gt_future,11,params/pose1/1/1,11:params/pose1/1/1,pose1_quat,0.0,-3.2198652633042e-08,-3.2198652633042e-08,3.2198652633042e-08
state_action,hidden_high_friction,2,idm_gt_future,12,params/pose1/1/2,12:params/pose1/1/2,pose1_quat,0.0,-2.5453578800238574e-08,-2.5453578800238574e-08,2.5453578800238574e-08
state_action,hidden_high_friction,2,idm_gt_future,13,params/pose1/1/3,13:params/pose1/1/3,pose1_quat,1.0,0.9999999403953552,-5.960464477539063e-08,5.960464477539063e-08
state_action,hidden_high_friction,2,idm_pred_future,0,params/pose0/0/0,00:params/pose0/0/0,pose0_xyz,0.671875,0.718109130859375,0.046234130859375,0.046234130859375
state_action,hidden_high_friction,2,idm_pred_future,1,params/pose0/0/1,01:params/pose0/0/1,pose0_xyz,0.40625,0.37618371844291687,-0.03006628155708313,0.03006628155708313
state_action,hidden_high_friction,2,idm_pred_future,2,params/pose0/0/2,02:params/pose0/0/2,pose0_xyz,0.036113280802965164,0.02354307845234871,-0.012570202350616455,0.012570202350616455
state_action,hidden_high_friction,2,idm_pred_future,3,params/pose0/1/0,03:params/pose0/1/0,pose0_quat,0.0,1.2449626218824505e-08,1.2449626218824505e-08,1.2449626218824505e-08
state_action,hidden_high_friction,2,idm_pred_future,4,params/pose0/1/1,04:params/pose0/1/1,pose0_quat,0.0,2.314282632198683e-08,2.314282632198683e-08,2.314282632198683e-08
state_action,hidden_high_friction,2,idm_pred_future,5,params/pose0/1/2,05:params/pose0/1/2,pose0_quat,0.0,-6.972214094957963e-08,-6.972214094957963e-08,6.972214094957963e-08
state_action,hidden_high_friction,2,idm_pred_future,6,params/pose0/1/3,06:params/pose0/1/3,pose0_quat,1.0,1.0,0.0,0.0
state_action,hidden_high_friction,2,idm_pred_future,7,params/pose1/0/0,07:params/pose1/0/0,pose1_xyz,0.3974373936653137,0.4748181402683258,0.07738074660301208,0.07738074660301208
state_action,hidden_high_friction,2,idm_pred_future,8,params/pose1/0/1,08:params/pose1/0/1,pose1_xyz,-0.014007208868861198,-0.044426847249269485,-0.030419638380408287,0.030419638380408287
state_action,hidden_high_friction,2,idm_pred_future,9,params/pose1/0/2,09:params/pose1/0/2,pose1_xyz,-0.007233931217342615,0.00034885865170508623,0.0075827897526323795,0.0075827897526323795
state_action,hidden_high_friction,2,idm_pred_future,10,params/pose1/1/0,10:params/pose1/1/0,pose1_quat,0.0,1.761907597597201e-08,1.761907597597201e-08,1.761907597597201e-08
state_action,hidden_high_friction,2,idm_pred_future,11,params/pose1/1/1,11:params/pose1/1/1,pose1_quat,0.0,-2.0675820167070924e-08,-2.0675820167070924e-08,2.0675820167070924e-08
state_action,hidden_high_friction,2,idm_pred_future,12,params/pose1/1/2,12:params/pose1/1/2,pose1_quat,0.0,-2.5376428069989743e-08,-2.5376428069989743e-08,2.5376428069989743e-08
state_action,hidden_high_friction,2,idm_pred_future,13,params/pose1/1/3,13:params/pose1/1/3,pose1_quat,1.0,0.9999999403953552,-5.960464477539063e-08,5.960464477539063e-08
state_action,hidden_high_friction,6,idm_gt_future,0,params/pose0/0/0,00:params/pose0/0/0,pose0_xyz,0.6000000238418579,0.6361978650093079,0.03619784116744995,0.03619784116744995
state_action,hidden_high_friction,6,idm_gt_future,1,params/pose0/0/1,01:params/pose0/0/1,pose0_xyz,0.24687500298023224,0.29687705636024475,0.05000205338001251,0.05000205338001251
state_action,hidden_high_friction,6,idm_gt_future,2,params/pose0/0/2,02:params/pose0/0/2,pose0_xyz,0.013311483897268772,0.011752673424780369,-0.0015588104724884033,0.0015588104724884033
state_action,hidden_high_friction,6,idm_gt_future,3,params/pose0/1/0,03:params/pose0/1/0,pose0_quat,0.0,2.181990144123347e-09,2.181990144123347e-09,2.181990144123347e-09
state_action,hidden_high_friction,6,idm_gt_future,4,params/pose0/1/1,04:params/pose0/1/1,pose0_quat,0.0,-3.3297066437398826e-08,-3.3297066437398826e-08,3.3297066437398826e-08
state_action,hidden_high_friction,6,idm_gt_future,5,params/pose0/1/2,05:params/pose0/1/2,pose0_quat,0.0,-1.3827370359820179e-08,-1.3827370359820179e-08,1.3827370359820179e-08
state_action,hidden_high_friction,6,idm_gt_future,6,params/pose0/1/3,06:params/pose0/1/3,pose0_quat,1.0,0.9999999403953552,-5.960464477539063e-08,5.960464477539063e-08
state_action,hidden_high_friction,6,idm_gt_future,7,params/pose1/0/0,07:params/pose1/0/0,pose1_xyz,0.6214526891708374,0.6125283241271973,-0.008924365043640137,0.008924365043640137
state_action,hidden_high_friction,6,idm_gt_future,8,params/pose1/0/1,08:params/pose1/0/1,pose1_xyz,0.1858459711074829,0.11285414546728134,-0.07299182564020157,0.07299182564020157
state_action,hidden_high_friction,6,idm_gt_future,9,params/pose1/0/2,09:params/pose1/0/2,pose1_xyz,0.0033436266239732504,0.0012634873855859041,-0.0020801392383873463,0.0020801392383873463
state_action,hidden_high_friction,6,idm_gt_future,10,params/pose1/1/0,10:params/pose1/1/0,pose1_quat,0.0,-1.4347008914228354e-08,-1.4347008914228354e-08,1.4347008914228354e-08
state_action,hidden_high_friction,6,idm_gt_future,11,params/pose1/1/1,11:params/pose1/1/1,pose1_quat,0.0,3.0573254150567664e-08,3.0573254150567664e-08,3.0573254150567664e-08
state_action,hidden_high_friction,6,idm_gt_future,12,params/pose1/1/2,12:params/pose1/1/2,pose1_quat,0.0,-9.28451093784588e-09,-9.28451093784588e-09,9.28451093784588e-09
state_action,hidden_high_friction,6,idm_gt_future,13,params/pose1/1/3,13:params/pose1/1/3,pose1_quat,1.0,1.0,0.0,0.0
state_action,hidden_high_friction,6,idm_pred_future,0,params/pose0/0/0,00:params/pose0/0/0,pose0_xyz,0.6000000238418579,0.6508872509002686,0.050887227058410645,0.050887227058410645
state_action,hidden_high_friction,6,idm_pred_future,1,params/pose0/0/1,01:params/pose0/0/1,pose0_xyz,0.24687500298023224,0.2512596547603607,0.004384651780128479,0.004384651780128479
state_action,hidden_high_friction,6,idm_pred_future,2,params/pose0/0/2,02:params/pose0/0/2,pose0_xyz,0.013311483897268772,0.015623919665813446,0.002312435768544674,0.002312435768544674
state_action,hidden_high_friction,6,idm_pred_future,3,params/pose0/1/0,03:params/pose0/1/0,pose0_quat,0.0,2.3241909730131738e-08,2.3241909730131738e-08,2.3241909730131738e-08
state_action,hidden_high_friction,6,idm_pred_future,4,params/pose0/1/1,04:params/pose0/1/1,pose0_quat,0.0,-1.7682422637221862e-08,-1.7682422637221862e-08,1.7682422637221862e-08
state_action,hidden_high_friction,6,idm_pred_future,5,params/pose0/1/2,05:params/pose0/1/2,pose0_quat,0.0,-1.2107858715637576e-08,-1.2107858715637576e-08,1.2107858715637576e-08
state_action,hidden_high_friction,6,idm_pred_future,6,params/pose0/1/3,06:params/pose0/1/3,pose0_quat,1.0,1.0,0.0,0.0
state_action,hidden_high_friction,6,idm_pred_future,7,params/pose1/0/0,07:params/pose1/0/0,pose1_xyz,0.6214526891708374,0.5906128883361816,-0.03083980083465576,0.03083980083465576
state_action,hidden_high_friction,6,idm_pred_future,8,params/pose1/0/1,08:params/pose1/0/1,pose1_xyz,0.1858459711074829,-0.06012565270066261,-0.24597162008285522,0.24597162008285522
state_action,hidden_high_friction,6,idm_pred_future,9,params/pose1/0/2,09:params/pose1/0/2,pose1_xyz,0.0033436266239732504,0.004610497038811445,0.0012668704148381948,0.0012668704148381948
state_action,hidden_high_friction,6,idm_pred_future,10,params/pose1/1/0,10:params/pose1/1/0,pose1_quat,0.0,-1.6269462221885078e-08,-1.6269462221885078e-08,1.6269462221885078e-08
state_action,hidden_high_friction,6,idm_pred_future,11,params/pose1/1/1,11:params/pose1/1/1,pose1_quat,0.0,1.7565826126997308e-08,1.7565826126997308e-08,1.7565826126997308e-08
state_action,hidden_high_friction,6,idm_pred_future,12,params/pose1/1/2,12:params/pose1/1/2,pose1_quat,0.0,2.7843883643186018e-08,2.7843883643186018e-08,2.7843883643186018e-08
state_action,hidden_high_friction,6,idm_pred_future,13,params/pose1/1/3,13:params/pose1/1/3,pose1_quat,1.0,1.0,0.0,0.0
state_action,hidden_high_friction,10,idm_gt_future,0,params/pose0/0/0,00:params/pose0/0/0,pose0_xyz,0.550000011920929,0.5634310245513916,0.013431012630462646,0.013431012630462646
state_action,hidden_high_friction,10,idm_gt_future,1,params/pose0/0/1,01:params/pose0/0/1,pose0_xyz,0.17812499403953552,0.19412414729595184,0.01599915325641632,0.01599915325641632
state_action,hidden_high_friction,10,idm_gt_future,2,params/pose0/0/2,02:params/pose0/0/2,pose0_xyz,0.01353535708039999,0.014726728200912476,0.0011913711205124855,0.0011913711205124855
state_action,hidden_high_friction,10,idm_gt_future,3,params/pose0/1/0,03:params/pose0/1/0,pose0_quat,0.0,-4.8035140309821145e-09,-4.8035140309821145e-09,4.8035140309821145e-09
state_action,hidden_high_friction,10,idm_gt_future,4,params/pose0/1/1,04:params/pose0/1/1,pose0_quat,0.0,1.6127858160075448e-08,1.6127858160075448e-08,1.6127858160075448e-08
state_action,hidden_high_friction,10,idm_gt_future,5,params/pose0/1/2,05:params/pose0/1/2,pose0_quat,0.0,-8.013626207059588e-09,-8.013626207059588e-09,8.013626207059588e-09
state_action,hidden_high_friction,10,idm_gt_future,6,params/pose0/1/3,06:params/pose0/1/3,pose0_quat,1.0,1.0,0.0,0.0
state_action,hidden_high_friction,10,idm_gt_future,7,params/pose1/0/0,07:params/pose1/0/0,pose1_xyz,0.5663213729858398,0.5010231137275696,-0.06529825925827026,0.06529825925827026
state_action,hidden_high_friction,10,idm_gt_future,8,params/pose1/0/1,08:params/pose1/0/1,pose1_xyz,0.1223711147904396,-0.011161903850734234,-0.13353301584720612,0.13353301584720612
state_action,hidden_high_friction,10,idm_gt_future,9,params/pose1/0/2,09:params/pose1/0/2,pose1_xyz,0.0027659526094794273,0.0009976665023714304,-0.001768286107107997,0.001768286107107997
state_action,hidden_high_friction,10,idm_gt_future,10,params/pose1/1/0,10:params/pose1/1/0,pose1_quat,0.0,8.843874965691612e-09,8.843874965691612e-09,8.843874965691612e-09
state_action,hidden_high_friction,10,idm_gt_future,11,params/pose1/1/1,11:params/pose1/1/1,pose1_quat,0.0,-1.3925302688733154e-08,-1.3925302688733154e-08,1.3925302688733154e-08
state_action,hidden_high_friction,10,idm_gt_future,12,params/pose1/1/2,12:params/pose1/1/2,pose1_quat,0.0,8.559212005820882e-09,8.559212005820882e-09,8.559212005820882e-09
state_action,hidden_high_friction,10,idm_gt_future,13,params/pose1/1/3,13:params/pose1/1/3,pose1_quat,1.0,1.0,0.0,0.0
state_action,hidden_high_friction,10,idm_pred_future,0,params/pose0/0/0,00:params/pose0/0/0,pose0_xyz,0.550000011920929,0.5789651870727539,0.02896517515182495,0.02896517515182495
state_action,hidden_high_friction,10,idm_pred_future,1,params/pose0/0/1,01:params/pose0/0/1,pose0_xyz,0.17812499403953552,0.13123881816864014,-0.046886175870895386,0.046886175870895386
state_action,hidden_high_friction,10,idm_pred_future,2,params/pose0/0/2,02:params/pose0/0/2,pose0_xyz,0.01353535708039999,0.01717953011393547,0.0036441730335354805,0.0036441730335354805
state_action,hidden_high_friction,10,idm_pred_future,3,params/pose0/1/0,03:params/pose0/1/0,pose0_quat,0.0,3.8372991895130326e-08,3.8372991895130326e-08,3.8372991895130326e-08
state_action,hidden_high_friction,10,idm_pred_future,4,params/pose0/1/1,04:params/pose0/1/1,pose0_quat,0.0,-3.9952091412942536e-08,-3.9952091412942536e-08,3.9952091412942536e-08
state_action,hidden_high_friction,10,idm_pred_future,5,params/pose0/1/2,05:params/pose0/1/2,pose0_quat,0.0,-2.9128878864526087e-08,-2.9128878864526087e-08,2.9128878864526087e-08
state_action,hidden_high_friction,10,idm_pred_future,6,params/pose0/1/3,06:params/pose0/1/3,pose0_quat,1.0,1.0,0.0,0.0
state_action,hidden_high_friction,10,idm_pred_future,7,params/pose1/0/0,07:params/pose1/0/0,pose1_xyz,0.5663213729858398,0.5646190643310547,-0.0017023086547851562,0.0017023086547851562
state_action,hidden_high_friction,10,idm_pred_future,8,params/pose1/0/1,08:params/pose1/0/1,pose1_xyz,0.1223711147904396,-0.09685025364160538,-0.21922136843204498,0.21922136843204498
state_action,hidden_high_friction,10,idm_pred_future,9,params/pose1/0/2,09:params/pose1/0/2,pose1_xyz,0.0027659526094794273,0.005011803470551968,0.0022458508610725403,0.0022458508610725403
state_action,hidden_high_friction,10,idm_pred_future,10,params/pose1/1/0,10:params/pose1/1/0,pose1_quat,0.0,-9.921908628029996e-09,-9.921908628029996e-09,9.921908628029996e-09
state_action,hidden_high_friction,10,idm_pred_future,11,params/pose1/1/1,11:params/pose1/1/1,pose1_quat,0.0,1.7495660031840998e-08,1.7495660031840998e-08,1.7495660031840998e-08
state_action,hidden_high_friction,10,idm_pred_future,12,params/pose1/1/2,12:params/pose1/1/2,pose1_quat,0.0,6.7275727211324465e-09,6.7275727211324465e-09,6.7275727211324465e-09
state_action,hidden_high_friction,10,idm_pred_future,13,params/pose1/1/3,13:params/pose1/1/3,pose1_quat,1.0,1.0,0.0,0.0
state_action,hidden_breakaway_pin,3,idm_gt_future,0,params/pose0/0/0,00:params/pose0/0/0,pose0_xyz,0.671875,0.6992624402046204,0.02738744020462036,0.02738744020462036
state_action,hidden_breakaway_pin,3,idm_gt_future,1,params/pose0/0/1,01:params/pose0/0/1,pose0_xyz,0.40625,0.42327454686164856,0.01702454686164856,0.01702454686164856
state_action,hidden_breakaway_pin,3,idm_gt_future,2,params/pose0/0/2,02:params/pose0/0/2,pose0_xyz,0.03601432591676712,0.026445746421813965,-0.009568579494953156,0.009568579494953156
state_action,hidden_breakaway_pin,3,idm_gt_future,3,params/pose0/1/0,03:params/pose0/1/0,pose0_quat,0.0,-5.3208008665706075e-08,-5.3208008665706075e-08,5.3208008665706075e-08
state_action,hidden_breakaway_pin,3,idm_gt_future,4,params/pose0/1/1,04:params/pose0/1/1,pose0_quat,0.0,-3.307003737518244e-08,-3.307003737518244e-08,3.307003737518244e-08
state_action,hidden_breakaway_pin,3,idm_gt_future,5,params/pose0/1/2,05:params/pose0/1/2,pose0_quat,0.0,1.9309084109409014e-08,1.9309084109409014e-08,1.9309084109409014e-08
state_action,hidden_breakaway_pin,3,idm_gt_future,6,params/pose0/1/3,06:params/pose0/1/3,pose0_quat,1.0,1.0000001192092896,1.1920928955078125e-07,1.1920928955078125e-07
state_action,hidden_breakaway_pin,3,idm_gt_future,7,params/pose1/0/0,07:params/pose1/0/0,pose1_xyz,0.3977108895778656,0.37959757447242737,-0.018113315105438232,0.018113315105438232
state_action,hidden_breakaway_pin,3,idm_gt_future,8,params/pose1/0/1,08:params/pose1/0/1,pose1_xyz,-0.014461454004049301,0.00625365786254406,0.02071511186659336,0.02071511186659336
state_action,hidden_breakaway_pin,3,idm_gt_future,9,params/pose1/0/2,09:params/pose1/0/2,pose1_xyz,-0.007450219243764877,0.0025615037884563208,0.010011723265051842,0.010011723265051842
state_action,hidden_breakaway_pin,3,idm_gt_future,10,params/pose1/1/0,10:params/pose1/1/0,pose1_quat,0.0,5.6425058403419825e-08,5.6425058403419825e-08,5.6425058403419825e-08
state_action,hidden_breakaway_pin,3,idm_gt_future,11,params/pose1/1/1,11:params/pose1/1/1,pose1_quat,0.0,-1.0820652818210874e-08,-1.0820652818210874e-08,1.0820652818210874e-08
state_action,hidden_breakaway_pin,3,idm_gt_future,12,params/pose1/1/2,12:params/pose1/1/2,pose1_quat,0.0,-2.641755258991907e-08,-2.641755258991907e-08,2.641755258991907e-08
state_action,hidden_breakaway_pin,3,idm_gt_future,13,params/pose1/1/3,13:params/pose1/1/3,pose1_quat,1.0,0.9999999403953552,-5.960464477539063e-08,5.960464477539063e-08
state_action,hidden_breakaway_pin,3,idm_pred_future,0,params/pose0/0/0,00:params/pose0/0/0,pose0_xyz,0.671875,0.7388738989830017,0.06699889898300171,0.06699889898300171
state_action,hidden_breakaway_pin,3,idm_pred_future,1,params/pose0/0/1,01:params/pose0/0/1,pose0_xyz,0.40625,0.39463987946510315,-0.01161012053489685,0.01161012053489685
state_action,hidden_breakaway_pin,3,idm_pred_future,2,params/pose0/0/2,02:params/pose0/0/2,pose0_xyz,0.03601432591676712,0.023509971797466278,-0.012504354119300842,0.012504354119300842
state_action,hidden_breakaway_pin,3,idm_pred_future,3,params/pose0/1/0,03:params/pose0/1/0,pose0_quat,0.0,-1.4041889428995091e-08,-1.4041889428995091e-08,1.4041889428995091e-08
state_action,hidden_breakaway_pin,3,idm_pred_future,4,params/pose0/1/1,04:params/pose0/1/1,pose0_quat,0.0,2.947231969585573e-08,2.947231969585573e-08,2.947231969585573e-08
state_action,hidden_breakaway_pin,3,idm_pred_future,5,params/pose0/1/2,05:params/pose0/1/2,pose0_quat,0.0,-5.065513164481672e-08,-5.065513164481672e-08,5.065513164481672e-08
state_action,hidden_breakaway_pin,3,idm_pred_future,6,params/pose0/1/3,06:params/pose0/1/3,pose0_quat,1.0,1.0,0.0,0.0
state_action,hidden_breakaway_pin,3,idm_pred_future,7,params/pose1/0/0,07:params/pose1/0/0,pose1_xyz,0.3977108895778656,0.4683113992214203,0.07060050964355469,0.07060050964355469
state_action,hidden_breakaway_pin,3,idm_pred_future,8,params/pose1/0/1,08:params/pose1/0/1,pose1_xyz,-0.014461454004049301,-0.014131372794508934,0.0003300812095403671,0.0003300812095403671
state_action,hidden_breakaway_pin,3,idm_pred_future,9,params/pose1/0/2,09:params/pose1/0/2,pose1_xyz,-0.007450219243764877,-0.0005077130626887083,0.006942505948245525,0.006942505948245525
state_action,hidden_breakaway_pin,3,idm_pred_future,10,params/pose1/1/0,10:params/pose1/1/0,pose1_quat,0.0,4.260747843432e-08,4.260747843432e-08,4.260747843432e-08
state_action,hidden_breakaway_pin,3,idm_pred_future,11,params/pose1/1/1,11:params/pose1/1/1,pose1_quat,0.0,-3.8627476328656485e-08,-3.8627476328656485e-08,3.8627476328656485e-08
state_action,hidden_breakaway_pin,3,idm_pred_future,12,params/pose1/1/2,12:params/pose1/1/2,pose1_quat,0.0,-4.693066557592829e-08,-4.693066557592829e-08,4.693066557592829e-08
state_action,hidden_breakaway_pin,3,idm_pred_future,13,params/pose1/1/3,13:params/pose1/1/3,pose1_quat,1.0,0.9999999403953552,-5.960464477539063e-08,5.960464477539063e-08
state_action,hidden_breakaway_pin,7,idm_gt_future,0,params/pose0/0/0,00:params/pose0/0/0,pose0_xyz,0.609375,0.6366445422172546,0.02726954221725464,0.02726954221725464
state_action,hidden_breakaway_pin,7,idm_gt_future,1,params/pose0/0/1,01:params/pose0/0/1,pose0_xyz,0.22812500596046448,0.29326769709587097,0.0651426911354065,0.0651426911354065
state_action,hidden_breakaway_pin,7,idm_gt_future,2,params/pose0/0/2,02:params/pose0/0/2,pose0_xyz,0.013410571962594986,0.011017014272511005,-0.0023935576900839806,0.0023935576900839806
state_action,hidden_breakaway_pin,7,idm_gt_future,3,params/pose0/1/0,03:params/pose0/1/0,pose0_quat,0.0,-7.850267103037822e-10,-7.850267103037822e-10,7.850267103037822e-10
state_action,hidden_breakaway_pin,7,idm_gt_future,4,params/pose0/1/1,04:params/pose0/1/1,pose0_quat,0.0,-1.684319173023141e-08,-1.684319173023141e-08,1.684319173023141e-08
state_action,hidden_breakaway_pin,7,idm_gt_future,5,params/pose0/1/2,05:params/pose0/1/2,pose0_quat,0.0,-1.5000473752024845e-08,-1.5000473752024845e-08,1.5000473752024845e-08
state_action,hidden_breakaway_pin,7,idm_gt_future,6,params/pose0/1/3,06:params/pose0/1/3,pose0_quat,1.0,0.9999999403953552,-5.960464477539063e-08,5.960464477539063e-08
state_action,hidden_breakaway_pin,7,idm_gt_future,7,params/pose1/0/0,07:params/pose1/0/0,pose1_xyz,0.6213554739952087,0.6123977303504944,-0.008957743644714355,0.008957743644714355
state_action,hidden_breakaway_pin,7,idm_gt_future,8,params/pose1/0/1,08:params/pose1/0/1,pose1_xyz,0.1864524483680725,0.09697837382555008,-0.08947407454252243,0.08947407454252243
state_action,hidden_breakaway_pin,7,idm_gt_future,9,params/pose1/0/2,09:params/pose1/0/2,pose1_xyz,0.004288728814572096,0.001020536758005619,-0.003268192056566477,0.003268192056566477
state_action,hidden_breakaway_pin,7,idm_gt_future,10,params/pose1/1/0,10:params/pose1/1/0,pose1_quat,0.0,-1.7186537748514752e-09,-1.7186537748514752e-09,1.7186537748514752e-09
state_action,hidden_breakaway_pin,7,idm_gt_future,11,params/pose1/1/1,11:params/pose1/1/1,pose1_quat,0.0,2.985948555078721e-08,2.985948555078721e-08,2.985948555078721e-08
state_action,hidden_breakaway_pin,7,idm_gt_future,12,params/pose1/1/2,12:params/pose1/1/2,pose1_quat,0.0,-2.5879048237698044e-08,-2.5879048237698044e-08,2.5879048237698044e-08
state_action,hidden_breakaway_pin,7,idm_gt_future,13,params/pose1/1/3,13:params/pose1/1/3,pose1_quat,1.0,1.0,0.0,0.0
state_action,hidden_breakaway_pin,7,idm_pred_future,0,params/pose0/0/0,00:params/pose0/0/0,pose0_xyz,0.609375,0.6282331347465515,0.018858134746551514,0.018858134746551514
state_action,hidden_breakaway_pin,7,idm_pred_future,1,params/pose0/0/1,01:params/pose0/0/1,pose0_xyz,0.22812500596046448,0.2569279670715332,0.028802961111068726,0.028802961111068726
state_action,hidden_breakaway_pin,7,idm_pred_future,2,params/pose0/0/2,02:params/pose0/0/2,pose0_xyz,0.013410571962594986,0.014747556298971176,0.0013369843363761902,0.0013369843363761902
state_action,hidden_breakaway_pin,7,idm_pred_future,3,params/pose0/1/0,03:params/pose0/1/0,pose0_quat,0.0,1.875103095017039e-08,1.875103095017039e-08,1.875103095017039e-08
state_action,hidden_breakaway_pin,7,idm_pred_future,4,params/pose0/1/1,04:params/pose0/1/1,pose0_quat,0.0,-2.3375674729209095e-09,-2.3375674729209095e-09,2.3375674729209095e-09
state_action,hidden_breakaway_pin,7,idm_pred_future,5,params/pose0/1/2,05:params/pose0/1/2,pose0_quat,0.0,-2.0164611314044123e-08,-2.0164611314044123e-08,2.0164611314044123e-08
state_action,hidden_breakaway_pin,7,idm_pred_future,6,params/pose0/1/3,06:params/pose0/1/3,pose0_quat,1.0,1.0,0.0,0.0
state_action,hidden_breakaway_pin,7,idm_pred_future,7,params/pose1/0/0,07:params/pose1/0/0,pose1_xyz,0.6213554739952087,0.6287992000579834,0.007443726062774658,0.007443726062774658
state_action,hidden_breakaway_pin,7,idm_pred_future,8,params/pose1/0/1,08:params/pose1/0/1,pose1_xyz,0.1864524483680725,-0.0010465849190950394,-0.1874990314245224,0.1874990314245224
state_action,hidden_breakaway_pin,7,idm_pred_future,9,params/pose1/0/2,09:params/pose1/0/2,pose1_xyz,0.004288728814572096,0.000772792031057179,-0.0035159368999302387,0.0035159368999302387
state_action,hidden_breakaway_pin,7,idm_pred_future,10,params/pose1/1/0,10:params/pose1/1/0,pose1_quat,0.0,-1.7932217488692004e-08,-1.7932217488692004e-08,1.7932217488692004e-08
state_action,hidden_breakaway_pin,7,idm_pred_future,11,params/pose1/1/1,11:params/pose1/1/1,pose1_quat,0.0,2.639098184431532e-08,2.639098184431532e-08,2.639098184431532e-08
state_action,hidden_breakaway_pin,7,idm_pred_future,12,params/pose1/1/2,12:params/pose1/1/2,pose1_quat,0.0,3.2631188418008605e-08,3.2631188418008605e-08,3.2631188418008605e-08
state_action,hidden_breakaway_pin,7,idm_pred_future,13,params/pose1/1/3,13:params/pose1/1/3,pose1_quat,1.0,1.0,0.0,0.0
state_action,hidden_breakaway_pin,11,idm_gt_future,0,params/pose0/0/0,00:params/pose0/0/0,pose0_xyz,0.565625011920929,0.5710662603378296,0.005441248416900635,0.005441248416900635
state_action,hidden_breakaway_pin,11,idm_gt_future,1,params/pose0/0/1,01:params/pose0/0/1,pose0_xyz,0.171875,0.19388779997825623,0.022012799978256226,0.022012799978256226
state_action,hidden_breakaway_pin,11,idm_gt_future,2,params/pose0/0/2,02:params/pose0/0/2,pose0_xyz,0.013295394368469715,0.01534388680011034,0.002048492431640625,0.002048492431640625
state_action,hidden_breakaway_pin,11,idm_gt_future,3,params/pose0/1/0,03:params/pose0/1/0,pose0_quat,0.0,8.333194578824532e-09,8.333194578824532e-09,8.333194578824532e-09
state_action,hidden_breakaway_pin,11,idm_gt_future,4,params/pose0/1/1,04:params/pose0/1/1,pose0_quat,0.0,2.1258356852627003e-08,2.1258356852627003e-08,2.1258356852627003e-08
state_action,hidden_breakaway_pin,11,idm_gt_future,5,params/pose0/1/2,05:params/pose0/1/2,pose0_quat,0.0,-1.3300817336414639e-08,-1.3300817336414639e-08,1.3300817336414639e-08
state_action,hidden_breakaway_pin,11,idm_gt_future,6,params/pose0/1/3,06:params/pose0/1/3,pose0_quat,1.0,1.0,0.0,0.0
state_action,hidden_breakaway_pin,11,idm_gt_future,7,params/pose1/0/0,07:params/pose1/0/0,pose1_xyz,0.5789891481399536,0.5262328386306763,-0.052756309509277344,0.052756309509277344
state_action,hidden_breakaway_pin,11,idm_gt_future,8,params/pose1/0/1,08:params/pose1/0/1,pose1_xyz,0.13196823000907898,-0.03795603662729263,-0.16992425918579102,0.16992425918579102
state_action,hidden_breakaway_pin,11,idm_gt_future,9,params/pose1/0/2,09:params/pose1/0/2,pose1_xyz,0.0042389617301523685,0.0020980893168598413,-0.002140872413292527,0.002140872413292527
state_action,hidden_breakaway_pin,11,idm_gt_future,10,params/pose1/1/0,10:params/pose1/1/0,pose1_quat,0.0,8.201975099098036e-09,8.201975099098036e-09,8.201975099098036e-09
state_action,hidden_breakaway_pin,11,idm_gt_future,11,params/pose1/1/1,11:params/pose1/1/1,pose1_quat,0.0,-1.496752943808133e-08,-1.496752943808133e-08,1.496752943808133e-08
state_action,hidden_breakaway_pin,11,idm_gt_future,12,params/pose1/1/2,12:params/pose1/1/2,pose1_quat,0.0,1.6311991757334e-08,1.6311991757334e-08,1.6311991757334e-08
state_action,hidden_breakaway_pin,11,idm_gt_future,13,params/pose1/1/3,13:params/pose1/1/3,pose1_quat,1.0,1.0,0.0,0.0
state_action,hidden_breakaway_pin,11,idm_pred_future,0,params/pose0/0/0,00:params/pose0/0/0,pose0_xyz,0.565625011920929,0.5517767071723938,-0.013848304748535156,0.013848304748535156
state_action,hidden_breakaway_pin,11,idm_pred_future,1,params/pose0/0/1,01:params/pose0/0/1,pose0_xyz,0.171875,0.13617663085460663,-0.03569836914539337,0.03569836914539337
state_action,hidden_breakaway_pin,11,idm_pred_future,2,params/pose0/0/2,02:params/pose0/0/2,pose0_xyz,0.013295394368469715,0.015769395977258682,0.002474001608788967,0.002474001608788967
state_action,hidden_breakaway_pin,11,idm_pred_future,3,params/pose0/1/0,03:params/pose0/1/0,pose0_quat,0.0,4.869708636334735e-09,4.869708636334735e-09,4.869708636334735e-09
state_action,hidden_breakaway_pin,11,idm_pred_future,4,params/pose0/1/1,04:params/pose0/1/1,pose0_quat,0.0,-4.586446422649715e-08,-4.586446422649715e-08,4.586446422649715e-08
state_action,hidden_breakaway_pin,11,idm_pred_future,5,params/pose0/1/2,05:params/pose0/1/2,pose0_quat,0.0,1.1845420644363003e-08,1.1845420644363003e-08,1.1845420644363003e-08
state_action,hidden_breakaway_pin,11,idm_pred_future,6,params/pose0/1/3,06:params/pose0/1/3,pose0_quat,1.0,1.0,0.0,0.0
state_action,hidden_breakaway_pin,11,idm_pred_future,7,params/pose1/0/0,07:params/pose1/0/0,pose1_xyz,0.5789891481399536,0.5054462552070618,-0.07354289293289185,0.07354289293289185
state_action,hidden_breakaway_pin,11,idm_pred_future,8,params/pose1/0/1,08:params/pose1/0/1,pose1_xyz,0.13196823000907898,-0.1039675623178482,-0.23593579232692719,0.23593579232692719
state_action,hidden_breakaway_pin,11,idm_pred_future,9,params/pose1/0/2,09:params/pose1/0/2,pose1_xyz,0.0042389617301523685,0.0037150438874959946,-0.000523917842656374,0.000523917842656374
state_action,hidden_breakaway_pin,11,idm_pred_future,10,params/pose1/1/0,10:params/pose1/1/0,pose1_quat,0.0,-1.214489753209591e-08,-1.214489753209591e-08,1.214489753209591e-08
state_action,hidden_breakaway_pin,11,idm_pred_future,11,params/pose1/1/1,11:params/pose1/1/1,pose1_quat,0.0,-1.4374105461456566e-08,-1.4374105461456566e-08,1.4374105461456566e-08
state_action,hidden_breakaway_pin,11,idm_pred_future,12,params/pose1/1/2,12:params/pose1/1/2,pose1_quat,0.0,2.3354109757178776e-08,2.3354109757178776e-08,2.3354109757178776e-08
state_action,hidden_breakaway_pin,11,idm_pred_future,13,params/pose1/1/3,13:params/pose1/1/3,pose1_quat,1.0,1.0,0.0,0.0
