control_source,baseline,condition,visible_seed,motion_timeout,step,success,env_done,reward,final_fraction_before,final_fraction_after,delta_final_fraction,failure_reason,primitive,has_params,pose0_x,pose0_y,pose0_z,pose1_x,pose1_y,pose1_z,pose0_quat_norm,pose1_quat_norm,action_valid,action_repr,action_ood_score,clip_fraction,raw_action_norm,clipped_action_norm,gt_action_idx,selected_recoverable_config,primary_hidden_condition,diagnostic_hidden_condition,primary_pair,diagnostic_pair,rollout_runtime,num_env_steps_executed
oracle_action,,free,310000,5.0,0,0,0,0.0,0.0,0.0,0.0,,None,True,nan,nan,nan,nan,nan,nan,nan,nan,False,"{""camera_config"": [{""image_size"": [480, 640], ""intrinsics"": [450.0, 0, 320.0, 0, 450.0, 240.0, 0, 0, 1], ""position"": [1.0, 0, 0.75], ""rotation"": [0.6532814824381883, 0.6532814824381884, -0.2705980500730986, -0.27059805007309845], ""zrange"": [0.01, 10.0], ""noise"": false}, {""image_size"": [480, 640], ""intrinsics"": [450.0, 0, 320.0, 0, 450.0, 240.0, 0, 0, 1], ""position"": [0, 0.5, 0.75], ""rotation"": [-0.3596047974904982, 0.8681627791959909, -0.3159854101251621, 0.1308854423858669], ""zrange"": [0.01, 10.0], ""noise"": false}, {""image_size"": [480, 640], ""intrinsics"": [450.0, 0, 320.0, 0, 450.0, 240.0, 0, 0, 1], ""position"": [0, -0.5, 0.75], ""rotation"": [-0.8681627791959909, 0.3596047974904982, -0.13088544238586683, 0.3159854101251621], ""zrange"": [0.01, 10.0], ""noise"": false}], ""primitive"": null}",nan,nan,nan,nan,,breakaway_force_2p6_disp_0p045_pull_0p36,hidden_breakaway_pin,hidden_pin,free_vs_hidden_breakaway_pin,free_vs_hidden_pin,tf_free_action_execution_diagnostic,1
oracle_action,,free,310000,5.0,1,0,0,0.20833333333333334,0.0,0.20833333333333334,0.20833333333333334,,pick_place,True,0.41875,0.234375,0.027959225699305534,0.402008980512619,-0.3036966621875763,-0.0006069047376513481,1.0,1.0,True,"{""camera_config"": [{""image_size"": [480, 640], ""intrinsics"": [450.0, 0, 320.0, 0, 450.0, 240.0, 0, 0, 1], ""position"": [1.0, 0, 0.75], ""rotation"": [0.6532814824381883, 0.6532814824381884, -0.2705980500730986, -0.27059805007309845], ""zrange"": [0.01, 10.0], ""noise"": false}, {""image_size"": [480, 640], ""intrinsics"": [450.0, 0, 320.0, 0, 450.0, 240.0, 0, 0, 1], ""position"": [0, 0.5, 0.75], ""rotation"": [-0.3596047974904982, 0.8681627791959909, -0.3159854101251621, 0.1308854423858669], ""zrange"": [0.01, 10.0], ""noise"": false}, {""image_size"": [480, 640], ""intrinsics"": [450.0, 0, 320.0, 0, 450.0, 240.0, 0, 0, 1], ""position"": [0, -0.5, 0.75], ""rotation"": [-0.8681627791959909, 0.3596047974904982, -0.13088544238586683, 0.3159854101251621], ""zrange"": [0.01, 10.0], ""noise"": false}], ""primitive"": ""pick_place"", ""params"": {""pose0"": [[0.41875, 0.234375, 0.027959225699305534], [0.0, 0.0, 0.0, 1.0]], ""pose1"": [[0.402008980512619, -0.3036966621875763, -0.0006069047376513481], [0, 0, 0, 1]]}}",nan,nan,nan,nan,,breakaway_force_2p6_disp_0p045_pull_0p36,hidden_breakaway_pin,hidden_pin,free_vs_hidden_breakaway_pin,free_vs_hidden_pin,tf_free_action_execution_diagnostic,2
oracle_action,,free,310000,5.0,2,0,0,0.12499999999999997,0.20833333333333334,0.3333333333333333,0.12499999999999997,,pick_place,True,0.453125,-0.021874999999999978,0.013449883088469505,0.611901581287384,-0.1328013390302658,0.0011739472392946482,1.0,1.0,True,"{""camera_config"": [{""image_size"": [480, 640], ""intrinsics"": [450.0, 0, 320.0, 0, 450.0, 240.0, 0, 0, 1], ""position"": [1.0, 0, 0.75], ""rotation"": [0.6532814824381883, 0.6532814824381884, -0.2705980500730986, -0.27059805007309845], ""zrange"": [0.01, 10.0], ""noise"": false}, {""image_size"": [480, 640], ""intrinsics"": [450.0, 0, 320.0, 0, 450.0, 240.0, 0, 0, 1], ""position"": [0, 0.5, 0.75], ""rotation"": [-0.3596047974904982, 0.8681627791959909, -0.3159854101251621, 0.1308854423858669], ""zrange"": [0.01, 10.0], ""noise"": false}, {""image_size"": [480, 640], ""intrinsics"": [450.0, 0, 320.0, 0, 450.0, 240.0, 0, 0, 1], ""position"": [0, -0.5, 0.75], ""rotation"": [-0.8681627791959909, 0.3596047974904982, -0.13088544238586683, 0.3159854101251621], ""zrange"": [0.01, 10.0], ""noise"": false}], ""primitive"": ""pick_place"", ""params"": {""pose0"": [[0.453125, -0.021874999999999978, 0.013449883088469505], [0.0, 0.0, 0.0, 1.0]], ""pose1"": [[0.611901581287384, -0.1328013390302658, 0.0011739472392946482], [0, 0, 0, 1]]}}",nan,nan,nan,nan,,breakaway_force_2p6_disp_0p045_pull_0p36,hidden_breakaway_pin,hidden_pin,free_vs_hidden_breakaway_pin,free_vs_hidden_pin,tf_free_action_execution_diagnostic,3
oracle_action,,free,310000,5.0,3,0,0,-0.08333333333333331,0.3333333333333333,0.25,-0.08333333333333331,,pick_place,True,0.40937500000000004,-0.29374999999999996,0.013617388904094696,0.36166903376579285,-0.34050726890563965,0.0033122755121439695,1.0,1.0,True,"{""camera_config"": [{""image_size"": [480, 640], ""intrinsics"": [450.0, 0, 320.0, 0, 450.0, 240.0, 0, 0, 1], ""position"": [1.0, 0, 0.75], ""rotation"": [0.6532814824381883, 0.6532814824381884, -0.2705980500730986, -0.27059805007309845], ""zrange"": [0.01, 10.0], ""noise"": false}, {""image_size"": [480, 640], ""intrinsics"": [450.0, 0, 320.0, 0, 450.0, 240.0, 0, 0, 1], ""position"": [0, 0.5, 0.75], ""rotation"": [-0.3596047974904982, 0.8681627791959909, -0.3159854101251621, 0.1308854423858669], ""zrange"": [0.01, 10.0], ""noise"": false}, {""image_size"": [480, 640], ""intrinsics"": [450.0, 0, 320.0, 0, 450.0, 240.0, 0, 0, 1], ""position"": [0, -0.5, 0.75], ""rotation"": [-0.8681627791959909, 0.3596047974904982, -0.13088544238586683, 0.3159854101251621], ""zrange"": [0.01, 10.0], ""noise"": false}], ""primitive"": ""pick_place"", ""params"": {""pose0"": [[0.40937500000000004, -0.29374999999999996, 0.013617388904094696], [0.0, 0.0, 0.0, 1.0]], ""pose1"": [[0.36166903376579285, -0.34050726890563965, 0.0033122755121439695], [0, 0, 0, 1]]}}",nan,nan,nan,nan,,breakaway_force_2p6_disp_0p045_pull_0p36,hidden_breakaway_pin,hidden_pin,free_vs_hidden_breakaway_pin,free_vs_hidden_pin,tf_free_action_execution_diagnostic,4
oracle_action,,free,310000,5.0,4,0,0,0.375,0.25,0.625,0.375,,pick_place,True,0.478125,-0.1875,0.013145962730050087,0.5148710012435913,-0.2307964712381363,0.001036205911077559,1.0,1.0,True,"{""camera_config"": [{""image_size"": [480, 640], ""intrinsics"": [450.0, 0, 320.0, 0, 450.0, 240.0, 0, 0, 1], ""position"": [1.0, 0, 0.75], ""rotation"": [0.6532814824381883, 0.6532814824381884, -0.2705980500730986, -0.27059805007309845], ""zrange"": [0.01, 10.0], ""noise"": false}, {""image_size"": [480, 640], ""intrinsics"": [450.0, 0, 320.0, 0, 450.0, 240.0, 0, 0, 1], ""position"": [0, 0.5, 0.75], ""rotation"": [-0.3596047974904982, 0.8681627791959909, -0.3159854101251621, 0.1308854423858669], ""zrange"": [0.01, 10.0], ""noise"": false}, {""image_size"": [480, 640], ""intrinsics"": [450.0, 0, 320.0, 0, 450.0, 240.0, 0, 0, 1], ""position"": [0, -0.5, 0.75], ""rotation"": [-0.8681627791959909, 0.3596047974904982, -0.13088544238586683, 0.3159854101251621], ""zrange"": [0.01, 10.0], ""noise"": false}], ""primitive"": ""pick_place"", ""params"": {""pose0"": [[0.478125, -0.1875, 0.013145962730050087], [0.0, 0.0, 0.0, 1.0]], ""pose1"": [[0.5148710012435913, -0.2307964712381363, 0.001036205911077559], [0, 0, 0, 1]]}}",nan,nan,nan,nan,,breakaway_force_2p6_disp_0p045_pull_0p36,hidden_breakaway_pin,hidden_pin,free_vs_hidden_breakaway_pin,free_vs_hidden_pin,tf_free_action_execution_diagnostic,5
oracle_action,,free,310000,5.0,5,0,0,0.125,0.625,0.75,0.125,,pick_place,True,0.5531250000000001,-0.16562499999999997,0.013092728331685066,0.5743154287338257,-0.17645952105522156,-0.00037160783540457487,1.0,1.0,True,"{""camera_config"": [{""image_size"": [480, 640], ""intrinsics"": [450.0, 0, 320.0, 0, 450.0, 240.0, 0, 0, 1], ""position"": [1.0, 0, 0.75], ""rotation"": [0.6532814824381883, 0.6532814824381884, -0.2705980500730986, -0.27059805007309845], ""zrange"": [0.01, 10.0], ""noise"": false}, {""image_size"": [480, 640], ""intrinsics"": [450.0, 0, 320.0, 0, 450.0, 240.0, 0, 0, 1], ""position"": [0, 0.5, 0.75], ""rotation"": [-0.3596047974904982, 0.8681627791959909, -0.3159854101251621, 0.1308854423858669], ""zrange"": [0.01, 10.0], ""noise"": false}, {""image_size"": [480, 640], ""intrinsics"": [450.0, 0, 320.0, 0, 450.0, 240.0, 0, 0, 1], ""position"": [0, -0.5, 0.75], ""rotation"": [-0.8681627791959909, 0.3596047974904982, -0.13088544238586683, 0.3159854101251621], ""zrange"": [0.01, 10.0], ""noise"": false}], ""primitive"": ""pick_place"", ""params"": {""pose0"": [[0.5531250000000001, -0.16562499999999997, 0.013092728331685066], [0.0, 0.0, 0.0, 1.0]], ""pose1"": [[0.5743154287338257, -0.17645952105522156, -0.00037160783540457487], [0, 0, 0, 1]]}}",nan,nan,nan,nan,,breakaway_force_2p6_disp_0p045_pull_0p36,hidden_breakaway_pin,hidden_pin,free_vs_hidden_breakaway_pin,free_vs_hidden_pin,tf_free_action_execution_diagnostic,6
oracle_action,,free,310000,5.0,6,0,0,0.0,0.75,0.75,0.0,,pick_place,True,0.565625,-0.16249999999999998,0.013664697296917439,0.590018093585968,-0.15304720401763916,0.002273206366226077,1.0,1.0,True,"{""camera_config"": [{""image_size"": [480, 640], ""intrinsics"": [450.0, 0, 320.0, 0, 450.0, 240.0, 0, 0, 1], ""position"": [1.0, 0, 0.75], ""rotation"": [0.6532814824381883, 0.6532814824381884, -0.2705980500730986, -0.27059805007309845], ""zrange"": [0.01, 10.0], ""noise"": false}, {""image_size"": [480, 640], ""intrinsics"": [450.0, 0, 320.0, 0, 450.0, 240.0, 0, 0, 1], ""position"": [0, 0.5, 0.75], ""rotation"": [-0.3596047974904982, 0.8681627791959909, -0.3159854101251621, 0.1308854423858669], ""zrange"": [0.01, 10.0], ""noise"": false}, {""image_size"": [480, 640], ""intrinsics"": [450.0, 0, 320.0, 0, 450.0, 240.0, 0, 0, 1], ""position"": [0, -0.5, 0.75], ""rotation"": [-0.8681627791959909, 0.3596047974904982, -0.13088544238586683, 0.3159854101251621], ""zrange"": [0.01, 10.0], ""noise"": false}], ""primitive"": ""pick_place"", ""params"": {""pose0"": [[0.565625, -0.16249999999999998, 0.013664697296917439], [0.0, 0.0, 0.0, 1.0]], ""pose1"": [[0.590018093585968, -0.15304720401763916, 0.002273206366226077], [0, 0, 0, 1]]}}",nan,nan,nan,nan,,breakaway_force_2p6_disp_0p045_pull_0p36,hidden_breakaway_pin,hidden_pin,free_vs_hidden_breakaway_pin,free_vs_hidden_pin,tf_free_action_execution_diagnostic,7
oracle_action,,free,310000,5.0,7,1,1,0.25,0.75,1.0,0.25,,pick_place,True,0.5843750000000001,-0.14687499999999998,0.01261481735855341,0.6280045509338379,-0.12871910631656647,-0.0049290345050394535,1.0,1.0,True,"{""camera_config"": [{""image_size"": [480, 640], ""intrinsics"": [450.0, 0, 320.0, 0, 450.0, 240.0, 0, 0, 1], ""position"": [1.0, 0, 0.75], ""rotation"": [0.6532814824381883, 0.6532814824381884, -0.2705980500730986, -0.27059805007309845], ""zrange"": [0.01, 10.0], ""noise"": false}, {""image_size"": [480, 640], ""intrinsics"": [450.0, 0, 320.0, 0, 450.0, 240.0, 0, 0, 1], ""position"": [0, 0.5, 0.75], ""rotation"": [-0.3596047974904982, 0.8681627791959909, -0.3159854101251621, 0.1308854423858669], ""zrange"": [0.01, 10.0], ""noise"": false}, {""image_size"": [480, 640], ""intrinsics"": [450.0, 0, 320.0, 0, 450.0, 240.0, 0, 0, 1], ""position"": [0, -0.5, 0.75], ""rotation"": [-0.8681627791959909, 0.3596047974904982, -0.13088544238586683, 0.3159854101251621], ""zrange"": [0.01, 10.0], ""noise"": false}], ""primitive"": ""pick_place"", ""params"": {""pose0"": [[0.5843750000000001, -0.14687499999999998, 0.01261481735855341], [0.0, 0.0, 0.0, 1.0]], ""pose1"": [[0.6280045509338379, -0.12871910631656647, -0.0049290345050394535], [0, 0, 0, 1]]}}",nan,nan,nan,nan,,breakaway_force_2p6_disp_0p045_pull_0p36,hidden_breakaway_pin,hidden_pin,free_vs_hidden_breakaway_pin,free_vs_hidden_pin,tf_free_action_execution_diagnostic,8
gt_y_action_replay,,free,310000,5.0,0,0,0,0.0,0.0,0.0,0.0,,pick_place,True,0.668749988079071,0.40625,0.03550928086042404,0.3997460603713989,-0.016988500952720642,-0.00808842945843935,1.0,1.0,True,"{""camera_config"": [{""image_size"": [480, 640], ""intrinsics"": [450.0, 0, 320.0, 0, 450.0, 240.0, 0, 0, 1], ""position"": [1.0, 0, 0.75], ""rotation"": [0.6532814824381883, 0.6532814824381884, -0.2705980500730986, -0.27059805007309845], ""zrange"": [0.01, 10.0], ""noise"": false}, {""image_size"": [480, 640], ""intrinsics"": [450.0, 0, 320.0, 0, 450.0, 240.0, 0, 0, 1], ""position"": [0, 0.5, 0.75], ""rotation"": [-0.3596047974904982, 0.8681627791959909, -0.3159854101251621, 0.1308854423858669], ""zrange"": [0.01, 10.0], ""noise"": false}, {""image_size"": [480, 640], ""intrinsics"": [450.0, 0, 320.0, 0, 450.0, 240.0, 0, 0, 1], ""position"": [0, -0.5, 0.75], ""rotation"": [-0.8681627791959909, 0.3596047974904982, -0.13088544238586683, 0.3159854101251621], ""zrange"": [0.01, 10.0], ""noise"": false}], ""primitive"": ""pick_place"", ""params"": {""pose0"": [[0.668749988079071, 0.40625, 0.03550928086042404], [0.0, 0.0, 0.0, 1.0]], ""pose1"": [[0.3997460603713989, -0.016988500952720642, -0.00808842945843935], [0.0, 0.0, 0.0, 1.0]]}}",nan,nan,1.665436029434204,1.665436029434204,0,breakaway_force_2p6_disp_0p045_pull_0p36,hidden_breakaway_pin,hidden_pin,free_vs_hidden_breakaway_pin,free_vs_hidden_pin,tf_free_action_execution_diagnostic,
learned_action,paper_state,free,310000,5.0,0,0,0,0.0,0.0,0.0,0.0,,pick_place,True,0.4002615809440613,0.19308887422084808,0.01598765328526497,0.48649513721466064,-0.054809410125017166,-0.003977756481617689,0.9999999403953554,1.0000000000000002,True,"{""camera_config"": [{""image_size"": [480, 640], ""intrinsics"": [450.0, 0, 320.0, 0, 450.0, 240.0, 0, 0, 1], ""position"": [1.0, 0, 0.75], ""rotation"": [0.6532814824381883, 0.6532814824381884, -0.2705980500730986, -0.27059805007309845], ""zrange"": [0.01, 10.0], ""noise"": false}, {""image_size"": [480, 640], ""intrinsics"": [450.0, 0, 320.0, 0, 450.0, 240.0, 0, 0, 1], ""position"": [0, 0.5, 0.75], ""rotation"": [-0.3596047974904982, 0.8681627791959909, -0.3159854101251621, 0.1308854423858669], ""zrange"": [0.01, 10.0], ""noise"": false}, {""image_size"": [480, 640], ""intrinsics"": [450.0, 0, 320.0, 0, 450.0, 240.0, 0, 0, 1], ""position"": [0, -0.5, 0.75], ""rotation"": [-0.8681627791959909, 0.3596047974904982, -0.13088544238586683, 0.3159854101251621], ""zrange"": [0.01, 10.0], ""noise"": false}], ""primitive"": ""pick_place"", ""params"": {""pose0"": [[0.4002615809440613, 0.19308887422084808, 0.01598765328526497], [-2.019080369564108e-08, -3.888655619732617e-09, 2.982158298081572e-09, 0.9999999403953552]], ""pose1"": [[0.48649513721466064, -0.054809410125017166, -0.003977756481617689], [-6.430049825922879e-09, -9.020736158049658e-09, -1.9421458219426313e-08, 1.0]]}}",0.48957833647727966,0.0,1.561232089996338,1.561232089996338,,breakaway_force_2p6_disp_0p045_pull_0p36,hidden_breakaway_pin,hidden_pin,free_vs_hidden_breakaway_pin,free_vs_hidden_pin,tf_free_action_execution_diagnostic,
learned_action,paper_state,free,310000,5.0,1,0,0,0.0,0.0,0.0,0.0,,pick_place,True,0.412919282913208,0.1991816759109497,0.016118105500936508,0.5212329626083374,-0.08129721134901047,-0.0043574851006269455,0.9999999403953557,1.0000000000000002,True,"{""camera_config"": [{""image_size"": [480, 640], ""intrinsics"": [450.0, 0, 320.0, 0, 450.0, 240.0, 0, 0, 1], ""position"": [1.0, 0, 0.75], ""rotation"": [0.6532814824381883, 0.6532814824381884, -0.2705980500730986, -0.27059805007309845], ""zrange"": [0.01, 10.0], ""noise"": false}, {""image_size"": [480, 640], ""intrinsics"": [450.0, 0, 320.0, 0, 450.0, 240.0, 0, 0, 1], ""position"": [0, 0.5, 0.75], ""rotation"": [-0.3596047974904982, 0.8681627791959909, -0.3159854101251621, 0.1308854423858669], ""zrange"": [0.01, 10.0], ""noise"": false}, {""image_size"": [480, 640], ""intrinsics"": [450.0, 0, 320.0, 0, 450.0, 240.0, 0, 0, 1], ""position"": [0, -0.5, 0.75], ""rotation"": [-0.8681627791959909, 0.3596047974904982, -0.13088544238586683, 0.3159854101251621], ""zrange"": [0.01, 10.0], ""noise"": false}], ""primitive"": ""pick_place"", ""params"": {""pose0"": [[0.412919282913208, 0.1991816759109497, 0.016118105500936508], [-2.6048512680176827e-08, -8.456543021395646e-09, 9.436579517796417e-09, 0.9999999403953552]], ""pose1"": [[0.5212329626083374, -0.08129721134901047, -0.0043574851006269455], [-5.108633516215377e-09, -6.168002109063764e-09, -2.3507443103198966e-08, 1.0]]}}",0.4969307482242584,0.0,1.5775763988494873,1.5775763988494873,,breakaway_force_2p6_disp_0p045_pull_0p36,hidden_breakaway_pin,hidden_pin,free_vs_hidden_breakaway_pin,free_vs_hidden_pin,tf_free_action_execution_diagnostic,
learned_action,paper_state,free,310000,5.0,2,0,0,0.0,0.0,0.0,0.0,,pick_place,True,0.42572298645973206,0.19144712388515472,0.016364656388759613,0.5218592286109924,-0.08382551372051239,-0.005120256915688515,0.9999999403953556,1.0000000000000004,True,"{""camera_config"": [{""image_size"": [480, 640], ""intrinsics"": [450.0, 0, 320.0, 0, 450.0, 240.0, 0, 0, 1], ""position"": [1.0, 0, 0.75], ""rotation"": [0.6532814824381883, 0.6532814824381884, -0.2705980500730986, -0.27059805007309845], ""zrange"": [0.01, 10.0], ""noise"": false}, {""image_size"": [480, 640], ""intrinsics"": [450.0, 0, 320.0, 0, 450.0, 240.0, 0, 0, 1], ""position"": [0, 0.5, 0.75], ""rotation"": [-0.3596047974904982, 0.8681627791959909, -0.3159854101251621, 0.1308854423858669], ""zrange"": [0.01, 10.0], ""noise"": false}, {""image_size"": [480, 640], ""intrinsics"": [450.0, 0, 320.0, 0, 450.0, 240.0, 0, 0, 1], ""position"": [0, -0.5, 0.75], ""rotation"": [-0.8681627791959909, 0.3596047974904982, -0.13088544238586683, 0.3159854101251621], ""zrange"": [0.01, 10.0], ""noise"": false}], ""primitive"": ""pick_place"", ""params"": {""pose0"": [[0.42572298645973206, 0.19144712388515472, 0.016364656388759613], [-1.6072531749955488e-08, -1.5575032819015178e-08, -2.1577366560165956e-09, 0.9999999403953552]], ""pose1"": [[0.5218592286109924, -0.08382551372051239, -0.005120256915688515], [3.3868519100366257e-09, 7.631033582811142e-10, -2.902692131101503e-08, 1.0]]}}",0.5106544494628906,0.0,1.5803638696670532,1.5803638696670532,,breakaway_force_2p6_disp_0p045_pull_0p36,hidden_breakaway_pin,hidden_pin,free_vs_hidden_breakaway_pin,free_vs_hidden_pin,tf_free_action_execution_diagnostic,
learned_action,paper_state,free,310000,5.0,3,0,0,0.0,0.0,0.0,0.0,,pick_place,True,0.4340231418609619,0.16377702355384827,0.017902212217450142,0.5352891087532043,-0.09738282859325409,-0.006287023425102234,0.9999999403953554,1.0000000000000004,True,"{""camera_config"": [{""image_size"": [480, 640], ""intrinsics"": [450.0, 0, 320.0, 0, 450.0, 240.0, 0, 0, 1], ""position"": [1.0, 0, 0.75], ""rotation"": [0.6532814824381883, 0.6532814824381884, -0.2705980500730986, -0.27059805007309845], ""zrange"": [0.01, 10.0], ""noise"": false}, {""image_size"": [480, 640], ""intrinsics"": [450.0, 0, 320.0, 0, 450.0, 240.0, 0, 0, 1], ""position"": [0, 0.5, 0.75], ""rotation"": [-0.3596047974904982, 0.8681627791959909, -0.3159854101251621, 0.1308854423858669], ""zrange"": [0.01, 10.0], ""noise"": false}, {""image_size"": [480, 640], ""intrinsics"": [450.0, 0, 320.0, 0, 450.0, 240.0, 0, 0, 1], ""position"": [0, -0.5, 0.75], ""rotation"": [-0.8681627791959909, 0.3596047974904982, -0.13088544238586683, 0.3159854101251621], ""zrange"": [0.01, 10.0], ""noise"": false}], ""primitive"": ""pick_place"", ""params"": {""pose0"": [[0.4340231418609619, 0.16377702355384827, 0.017902212217450142], [4.638174733173628e-09, 4.319287982834652e-11, -2.0394622879393864e-08, 0.9999999403953552]], ""pose1"": [[0.5352891087532043, -0.09738282859325409, -0.006287023425102234], [3.4478013777317074e-09, -2.3012255212506716e-08, -1.9331976019998365e-08, 1.0]]}}",0.5818904042243958,0.0,1.5847954750061035,1.5847954750061035,,breakaway_force_2p6_disp_0p045_pull_0p36,hidden_breakaway_pin,hidden_pin,free_vs_hidden_breakaway_pin,free_vs_hidden_pin,tf_free_action_execution_diagnostic,
learned_action,state_action,free,310000,5.0,0,0,0,0.0,0.0,0.0,0.0,,pick_place,True,0.41601839661598206,0.21306075155735016,0.015496737323701382,0.5005452632904053,-0.07054242491722107,-0.004680950194597244,0.9999999403953553,1.0000000000000004,True,"{""camera_config"": [{""image_size"": [480, 640], ""intrinsics"": [450.0, 0, 320.0, 0, 450.0, 240.0, 0, 0, 1], ""position"": [1.0, 0, 0.75], ""rotation"": [0.6532814824381883, 0.6532814824381884, -0.2705980500730986, -0.27059805007309845], ""zrange"": [0.01, 10.0], ""noise"": false}, {""image_size"": [480, 640], ""intrinsics"": [450.0, 0, 320.0, 0, 450.0, 240.0, 0, 0, 1], ""position"": [0, 0.5, 0.75], ""rotation"": [-0.3596047974904982, 0.8681627791959909, -0.3159854101251621, 0.1308854423858669], ""zrange"": [0.01, 10.0], ""noise"": false}, {""image_size"": [480, 640], ""intrinsics"": [450.0, 0, 320.0, 0, 450.0, 240.0, 0, 0, 1], ""position"": [0, -0.5, 0.75], ""rotation"": [-0.8681627791959909, 0.3596047974904982, -0.13088544238586683, 0.3159854101251621], ""zrange"": [0.01, 10.0], ""noise"": false}], ""primitive"": ""pick_place"", ""params"": {""pose0"": [[0.41601839661598206, 0.21306075155735016, 0.015496737323701382], [-8.041427967953041e-09, 3.838956263990667e-09, -1.7958786679983518e-09, 0.9999999403953552]], ""pose1"": [[0.5005452632904053, -0.07054242491722107, -0.004680950194597244], [-1.570810503892517e-08, -2.0345835238799737e-08, -1.2789912240407375e-08, 1.0]]}}",0.5016087293624878,0.0,1.5729748010635376,1.5729748010635376,,breakaway_force_2p6_disp_0p045_pull_0p36,hidden_breakaway_pin,hidden_pin,free_vs_hidden_breakaway_pin,free_vs_hidden_pin,tf_free_action_execution_diagnostic,
learned_action,state_action,free,310000,5.0,1,0,0,0.0,0.0,0.0,0.0,,pick_place,True,0.4415050745010376,0.1180143654346466,0.01613742485642433,0.5170051455497742,-0.08495330065488815,0.0007718474371358752,0.9999999403953561,1.0,True,"{""camera_config"": [{""image_size"": [480, 640], ""intrinsics"": [450.0, 0, 320.0, 0, 450.0, 240.0, 0, 0, 1], ""position"": [1.0, 0, 0.75], ""rotation"": [0.6532814824381883, 0.6532814824381884, -0.2705980500730986, -0.27059805007309845], ""zrange"": [0.01, 10.0], ""noise"": false}, {""image_size"": [480, 640], ""intrinsics"": [450.0, 0, 320.0, 0, 450.0, 240.0, 0, 0, 1], ""position"": [0, 0.5, 0.75], ""rotation"": [-0.3596047974904982, 0.8681627791959909, -0.3159854101251621, 0.1308854423858669], ""zrange"": [0.01, 10.0], ""noise"": false}, {""image_size"": [480, 640], ""intrinsics"": [450.0, 0, 320.0, 0, 450.0, 240.0, 0, 0, 1], ""position"": [0, -0.5, 0.75], ""rotation"": [-0.8681627791959909, 0.3596047974904982, -0.13088544238586683, 0.3159854101251621], ""zrange"": [0.01, 10.0], ""noise"": false}], ""primitive"": ""pick_place"", ""params"": {""pose0"": [[0.4415050745010376, 0.1180143654346466, 0.01613742485642433], [-3.904078127447974e-08, 3.753930499783564e-09, 1.508626645829736e-08, 0.9999999403953552]], ""pose1"": [[0.5170051455497742, -0.08495330065488815, 0.0007718474371358752], [-7.308448957132896e-09, 1.3360218709124183e-08, -1.5334580272252651e-09, 1.0]]}}",0.35955411195755005,0.0,1.5759525299072266,1.5759525299072266,,breakaway_force_2p6_disp_0p045_pull_0p36,hidden_breakaway_pin,hidden_pin,free_vs_hidden_breakaway_pin,free_vs_hidden_pin,tf_free_action_execution_diagnostic,
learned_action,state_action,free,310000,5.0,2,0,0,0.0,0.0,0.0,0.0,,pick_place,True,0.4604455828666687,0.029123570770025253,0.01607966236770153,0.4909828007221222,-0.0798434168100357,0.00027316296473145485,1.0,1.0000000000000002,True,"{""camera_config"": [{""image_size"": [480, 640], ""intrinsics"": [450.0, 0, 320.0, 0, 450.0, 240.0, 0, 0, 1], ""position"": [1.0, 0, 0.75], ""rotation"": [0.6532814824381883, 0.6532814824381884, -0.2705980500730986, -0.27059805007309845], ""zrange"": [0.01, 10.0], ""noise"": false}, {""image_size"": [480, 640], ""intrinsics"": [450.0, 0, 320.0, 0, 450.0, 240.0, 0, 0, 1], ""position"": [0, 0.5, 0.75], ""rotation"": [-0.3596047974904982, 0.8681627791959909, -0.3159854101251621, 0.1308854423858669], ""zrange"": [0.01, 10.0], ""noise"": false}, {""image_size"": [480, 640], ""intrinsics"": [450.0, 0, 320.0, 0, 450.0, 240.0, 0, 0, 1], ""position"": [0, -0.5, 0.75], ""rotation"": [-0.8681627791959909, 0.3596047974904982, -0.13088544238586683, 0.3159854101251621], ""zrange"": [0.01, 10.0], ""noise"": false}], ""primitive"": ""pick_place"", ""params"": {""pose0"": [[0.4604455828666687, 0.029123570770025253, 0.01607966236770153], [-1.0577294595748299e-08, 5.874369435332483e-09, 2.865008896790755e-09, 1.0]], ""pose1"": [[0.4909828007221222, -0.0798434168100357, 0.00027316296473145485], [-8.763916703458108e-09, 1.0326746568978251e-08, 1.9994692124214453e-08, 1.0]]}}",0.26786673069000244,0.0,1.5686159133911133,1.5686159133911133,,breakaway_force_2p6_disp_0p045_pull_0p36,hidden_breakaway_pin,hidden_pin,free_vs_hidden_breakaway_pin,free_vs_hidden_pin,tf_free_action_execution_diagnostic,
learned_action,state_action,free,310000,5.0,3,0,0,0.0,0.0,0.0,0.0,,pick_place,True,0.49430742859840393,-0.01463618129491806,0.01734166033565998,0.5075426697731018,-0.042190223932266235,-0.0027466441970318556,1.0,1.0,True,"{""camera_config"": [{""image_size"": [480, 640], ""intrinsics"": [450.0, 0, 320.0, 0, 450.0, 240.0, 0, 0, 1], ""position"": [1.0, 0, 0.75], ""rotation"": [0.6532814824381883, 0.6532814824381884, -0.2705980500730986, -0.27059805007309845], ""zrange"": [0.01, 10.0], ""noise"": false}, {""image_size"": [480, 640], ""intrinsics"": [450.0, 0, 320.0, 0, 450.0, 240.0, 0, 0, 1], ""position"": [0, 0.5, 0.75], ""rotation"": [-0.3596047974904982, 0.8681627791959909, -0.3159854101251621, 0.1308854423858669], ""zrange"": [0.01, 10.0], ""noise"": false}, {""image_size"": [480, 640], ""intrinsics"": [450.0, 0, 320.0, 0, 450.0, 240.0, 0, 0, 1], ""position"": [0, -0.5, 0.75], ""rotation"": [-0.8681627791959909, 0.3596047974904982, -0.13088544238586683, 0.3159854101251621], ""zrange"": [0.01, 10.0], ""noise"": false}], ""primitive"": ""pick_place"", ""params"": {""pose0"": [[0.49430742859840393, -0.01463618129491806, 0.01734166033565998], [-6.65653665521404e-09, -3.6827754179569183e-09, 1.0639872094486691e-08, 1.0]], ""pose1"": [[0.5075426697731018, -0.042190223932266235, -0.0027466441970318556], [5.688328919006835e-09, -2.8416347053195068e-09, 6.536912344756729e-09, 1.0]]}}",0.2531622648239136,0.0,1.58247971534729,1.58247971534729,,breakaway_force_2p6_disp_0p045_pull_0p36,hidden_breakaway_pin,hidden_pin,free_vs_hidden_breakaway_pin,free_vs_hidden_pin,tf_free_action_execution_diagnostic,
oracle_action,,free,310000,15.0,0,0,0,0.0,0.0,0.0,0.0,,None,True,nan,nan,nan,nan,nan,nan,nan,nan,False,"{""camera_config"": [{""image_size"": [480, 640], ""intrinsics"": [450.0, 0, 320.0, 0, 450.0, 240.0, 0, 0, 1], ""position"": [1.0, 0, 0.75], ""rotation"": [0.6532814824381883, 0.6532814824381884, -0.2705980500730986, -0.27059805007309845], ""zrange"": [0.01, 10.0], ""noise"": false}, {""image_size"": [480, 640], ""intrinsics"": [450.0, 0, 320.0, 0, 450.0, 240.0, 0, 0, 1], ""position"": [0, 0.5, 0.75], ""rotation"": [-0.3596047974904982, 0.8681627791959909, -0.3159854101251621, 0.1308854423858669], ""zrange"": [0.01, 10.0], ""noise"": false}, {""image_size"": [480, 640], ""intrinsics"": [450.0, 0, 320.0, 0, 450.0, 240.0, 0, 0, 1], ""position"": [0, -0.5, 0.75], ""rotation"": [-0.8681627791959909, 0.3596047974904982, -0.13088544238586683, 0.3159854101251621], ""zrange"": [0.01, 10.0], ""noise"": false}], ""primitive"": null}",nan,nan,nan,nan,,breakaway_force_2p6_disp_0p045_pull_0p36,hidden_breakaway_pin,hidden_pin,free_vs_hidden_breakaway_pin,free_vs_hidden_pin,tf_free_action_execution_diagnostic,1
oracle_action,,free,310000,15.0,1,0,0,0.16666666666666666,0.0,0.16666666666666666,0.16666666666666666,,pick_place,True,0.41875,0.234375,0.027956053614616394,0.4020082950592041,-0.30369821190834045,-0.0006106120999902487,1.0,1.0,True,"{""camera_config"": [{""image_size"": [480, 640], ""intrinsics"": [450.0, 0, 320.0, 0, 450.0, 240.0, 0, 0, 1], ""position"": [1.0, 0, 0.75], ""rotation"": [0.6532814824381883, 0.6532814824381884, -0.2705980500730986, -0.27059805007309845], ""zrange"": [0.01, 10.0], ""noise"": false}, {""image_size"": [480, 640], ""intrinsics"": [450.0, 0, 320.0, 0, 450.0, 240.0, 0, 0, 1], ""position"": [0, 0.5, 0.75], ""rotation"": [-0.3596047974904982, 0.8681627791959909, -0.3159854101251621, 0.1308854423858669], ""zrange"": [0.01, 10.0], ""noise"": false}, {""image_size"": [480, 640], ""intrinsics"": [450.0, 0, 320.0, 0, 450.0, 240.0, 0, 0, 1], ""position"": [0, -0.5, 0.75], ""rotation"": [-0.8681627791959909, 0.3596047974904982, -0.13088544238586683, 0.3159854101251621], ""zrange"": [0.01, 10.0], ""noise"": false}], ""primitive"": ""pick_place"", ""params"": {""pose0"": [[0.41875, 0.234375, 0.027956053614616394], [0.0, 0.0, 0.0, 1.0]], ""pose1"": [[0.4020082950592041, -0.30369821190834045, -0.0006106120999902487], [0, 0, 0, 1]]}}",nan,nan,nan,nan,,breakaway_force_2p6_disp_0p045_pull_0p36,hidden_breakaway_pin,hidden_pin,free_vs_hidden_breakaway_pin,free_vs_hidden_pin,tf_free_action_execution_diagnostic,2
oracle_action,,free,310000,15.0,2,0,0,0.20833333333333334,0.16666666666666666,0.375,0.20833333333333334,,pick_place,True,0.45,-0.021874999999999978,0.013481623493134975,0.6118710041046143,-0.13423320651054382,0.0011038640514016151,1.0,1.0,True,"{""camera_config"": [{""image_size"": [480, 640], ""intrinsics"": [450.0, 0, 320.0, 0, 450.0, 240.0, 0, 0, 1], ""position"": [1.0, 0, 0.75], ""rotation"": [0.6532814824381883, 0.6532814824381884, -0.2705980500730986, -0.27059805007309845], ""zrange"": [0.01, 10.0], ""noise"": false}, {""image_size"": [480, 640], ""intrinsics"": [450.0, 0, 320.0, 0, 450.0, 240.0, 0, 0, 1], ""position"": [0, 0.5, 0.75], ""rotation"": [-0.3596047974904982, 0.8681627791959909, -0.3159854101251621, 0.1308854423858669], ""zrange"": [0.01, 10.0], ""noise"": false}, {""image_size"": [480, 640], ""intrinsics"": [450.0, 0, 320.0, 0, 450.0, 240.0, 0, 0, 1], ""position"": [0, -0.5, 0.75], ""rotation"": [-0.8681627791959909, 0.3596047974904982, -0.13088544238586683, 0.3159854101251621], ""zrange"": [0.01, 10.0], ""noise"": false}], ""primitive"": ""pick_place"", ""params"": {""pose0"": [[0.45, -0.021874999999999978, 0.013481623493134975], [0.0, 0.0, 0.0, 1.0]], ""pose1"": [[0.6118710041046143, -0.13423320651054382, 0.0011038640514016151], [0, 0, 0, 1]]}}",nan,nan,nan,nan,,breakaway_force_2p6_disp_0p045_pull_0p36,hidden_breakaway_pin,hidden_pin,free_vs_hidden_breakaway_pin,free_vs_hidden_pin,tf_free_action_execution_diagnostic,3
oracle_action,,free,310000,15.0,3,0,0,0.20833333333333337,0.375,0.5833333333333334,0.20833333333333337,,pick_place,True,0.459375,-0.19687499999999997,0.013628074899315834,0.48809614777565,-0.24935391545295715,0.0039792913012206554,1.0,1.0,True,"{""camera_config"": [{""image_size"": [480, 640], ""intrinsics"": [450.0, 0, 320.0, 0, 450.0, 240.0, 0, 0, 1], ""position"": [1.0, 0, 0.75], ""rotation"": [0.6532814824381883, 0.6532814824381884, -0.2705980500730986, -0.27059805007309845], ""zrange"": [0.01, 10.0], ""noise"": false}, {""image_size"": [480, 640], ""intrinsics"": [450.0, 0, 320.0, 0, 450.0, 240.0, 0, 0, 1], ""position"": [0, 0.5, 0.75], ""rotation"": [-0.3596047974904982, 0.8681627791959909, -0.3159854101251621, 0.1308854423858669], ""zrange"": [0.01, 10.0], ""noise"": false}, {""image_size"": [480, 640], ""intrinsics"": [450.0, 0, 320.0, 0, 450.0, 240.0, 0, 0, 1], ""position"": [0, -0.5, 0.75], ""rotation"": [-0.8681627791959909, 0.3596047974904982, -0.13088544238586683, 0.3159854101251621], ""zrange"": [0.01, 10.0], ""noise"": false}], ""primitive"": ""pick_place"", ""params"": {""pose0"": [[0.459375, -0.19687499999999997, 0.013628074899315834], [0.0, 0.0, 0.0, 1.0]], ""pose1"": [[0.48809614777565, -0.24935391545295715, 0.0039792913012206554], [0, 0, 0, 1]]}}",nan,nan,nan,nan,,breakaway_force_2p6_disp_0p045_pull_0p36,hidden_breakaway_pin,hidden_pin,free_vs_hidden_breakaway_pin,free_vs_hidden_pin,tf_free_action_execution_diagnostic,4
oracle_action,,free,310000,15.0,4,0,0,0.20833333333333326,0.5833333333333334,0.7916666666666666,0.20833333333333326,,pick_place,True,0.40625,-0.30937499999999996,0.013363802805542946,0.372832715511322,-0.32970094680786133,-0.004402463324368,1.0,1.0,True,"{""camera_config"": [{""image_size"": [480, 640], ""intrinsics"": [450.0, 0, 320.0, 0, 450.0, 240.0, 0, 0, 1], ""position"": [1.0, 0, 0.75], ""rotation"": [0.6532814824381883, 0.6532814824381884, -0.2705980500730986, -0.27059805007309845], ""zrange"": [0.01, 10.0], ""noise"": false}, {""image_size"": [480, 640], ""intrinsics"": [450.0, 0, 320.0, 0, 450.0, 240.0, 0, 0, 1], ""position"": [0, 0.5, 0.75], ""rotation"": [-0.3596047974904982, 0.8681627791959909, -0.3159854101251621, 0.1308854423858669], ""zrange"": [0.01, 10.0], ""noise"": false}, {""image_size"": [480, 640], ""intrinsics"": [450.0, 0, 320.0, 0, 450.0, 240.0, 0, 0, 1], ""position"": [0, -0.5, 0.75], ""rotation"": [-0.8681627791959909, 0.3596047974904982, -0.13088544238586683, 0.3159854101251621], ""zrange"": [0.01, 10.0], ""noise"": false}], ""primitive"": ""pick_place"", ""params"": {""pose0"": [[0.40625, -0.30937499999999996, 0.013363802805542946], [0.0, 0.0, 0.0, 1.0]], ""pose1"": [[0.372832715511322, -0.32970094680786133, -0.004402463324368], [0, 0, 0, 1]]}}",nan,nan,nan,nan,,breakaway_force_2p6_disp_0p045_pull_0p36,hidden_breakaway_pin,hidden_pin,free_vs_hidden_breakaway_pin,free_vs_hidden_pin,tf_free_action_execution_diagnostic,5
oracle_action,,free,310000,15.0,5,0,0,0.04166666666666674,0.7916666666666666,0.8333333333333334,0.04166666666666674,,pick_place,True,0.38125,-0.3125,0.013022452592849731,0.3714599013328552,-0.3482295870780945,0.0012100753374397755,1.0,1.0,True,"{""camera_config"": [{""image_size"": [480, 640], ""intrinsics"": [450.0, 0, 320.0, 0, 450.0, 240.0, 0, 0, 1], ""position"": [1.0, 0, 0.75], ""rotation"": [0.6532814824381883, 0.6532814824381884, -0.2705980500730986, -0.27059805007309845], ""zrange"": [0.01, 10.0], ""noise"": false}, {""image_size"": [480, 640], ""intrinsics"": [450.0, 0, 320.0, 0, 450.0, 240.0, 0, 0, 1], ""position"": [0, 0.5, 0.75], ""rotation"": [-0.3596047974904982, 0.8681627791959909, -0.3159854101251621, 0.1308854423858669], ""zrange"": [0.01, 10.0], ""noise"": false}, {""image_size"": [480, 640], ""intrinsics"": [450.0, 0, 320.0, 0, 450.0, 240.0, 0, 0, 1], ""position"": [0, -0.5, 0.75], ""rotation"": [-0.8681627791959909, 0.3596047974904982, -0.13088544238586683, 0.3159854101251621], ""zrange"": [0.01, 10.0], ""noise"": false}], ""primitive"": ""pick_place"", ""params"": {""pose0"": [[0.38125, -0.3125, 0.013022452592849731], [0.0, 0.0, 0.0, 1.0]], ""pose1"": [[0.3714599013328552, -0.3482295870780945, 0.0012100753374397755], [0, 0, 0, 1]]}}",nan,nan,nan,nan,,breakaway_force_2p6_disp_0p045_pull_0p36,hidden_breakaway_pin,hidden_pin,free_vs_hidden_breakaway_pin,free_vs_hidden_pin,tf_free_action_execution_diagnostic,6
oracle_action,,free,310000,15.0,6,0,0,0.08333333333333326,0.8333333333333334,0.9166666666666666,0.08333333333333326,,pick_place,True,0.53125,-0.17812499999999998,0.013835078105330467,0.5547131299972534,-0.17758041620254517,0.0028266457375139,1.0,1.0,True,"{""camera_config"": [{""image_size"": [480, 640], ""intrinsics"": [450.0, 0, 320.0, 0, 450.0, 240.0, 0, 0, 1], ""position"": [1.0, 0, 0.75], ""rotation"": [0.6532814824381883, 0.6532814824381884, -0.2705980500730986, -0.27059805007309845], ""zrange"": [0.01, 10.0], ""noise"": false}, {""image_size"": [480, 640], ""intrinsics"": [450.0, 0, 320.0, 0, 450.0, 240.0, 0, 0, 1], ""position"": [0, 0.5, 0.75], ""rotation"": [-0.3596047974904982, 0.8681627791959909, -0.3159854101251621, 0.1308854423858669], ""zrange"": [0.01, 10.0], ""noise"": false}, {""image_size"": [480, 640], ""intrinsics"": [450.0, 0, 320.0, 0, 450.0, 240.0, 0, 0, 1], ""position"": [0, -0.5, 0.75], ""rotation"": [-0.8681627791959909, 0.3596047974904982, -0.13088544238586683, 0.3159854101251621], ""zrange"": [0.01, 10.0], ""noise"": false}], ""primitive"": ""pick_place"", ""params"": {""pose0"": [[0.53125, -0.17812499999999998, 0.013835078105330467], [0.0, 0.0, 0.0, 1.0]], ""pose1"": [[0.5547131299972534, -0.17758041620254517, 0.0028266457375139], [0, 0, 0, 1]]}}",nan,nan,nan,nan,,breakaway_force_2p6_disp_0p045_pull_0p36,hidden_breakaway_pin,hidden_pin,free_vs_hidden_breakaway_pin,free_vs_hidden_pin,tf_free_action_execution_diagnostic,7
oracle_action,,free,310000,15.0,7,1,1,0.08333333333333337,0.9166666666666666,1.0,0.08333333333333337,,pick_place,True,0.55,-0.16874999999999996,0.013541948050260544,0.5763123035430908,-0.17689868807792664,0.0024209001567214727,1.0,1.0,True,"{""camera_config"": [{""image_size"": [480, 640], ""intrinsics"": [450.0, 0, 320.0, 0, 450.0, 240.0, 0, 0, 1], ""position"": [1.0, 0, 0.75], ""rotation"": [0.6532814824381883, 0.6532814824381884, -0.2705980500730986, -0.27059805007309845], ""zrange"": [0.01, 10.0], ""noise"": false}, {""image_size"": [480, 640], ""intrinsics"": [450.0, 0, 320.0, 0, 450.0, 240.0, 0, 0, 1], ""position"": [0, 0.5, 0.75], ""rotation"": [-0.3596047974904982, 0.8681627791959909, -0.3159854101251621, 0.1308854423858669], ""zrange"": [0.01, 10.0], ""noise"": false}, {""image_size"": [480, 640], ""intrinsics"": [450.0, 0, 320.0, 0, 450.0, 240.0, 0, 0, 1], ""position"": [0, -0.5, 0.75], ""rotation"": [-0.8681627791959909, 0.3596047974904982, -0.13088544238586683, 0.3159854101251621], ""zrange"": [0.01, 10.0], ""noise"": false}], ""primitive"": ""pick_place"", ""params"": {""pose0"": [[0.55, -0.16874999999999996, 0.013541948050260544], [0.0, 0.0, 0.0, 1.0]], ""pose1"": [[0.5763123035430908, -0.17689868807792664, 0.0024209001567214727], [0, 0, 0, 1]]}}",nan,nan,nan,nan,,breakaway_force_2p6_disp_0p045_pull_0p36,hidden_breakaway_pin,hidden_pin,free_vs_hidden_breakaway_pin,free_vs_hidden_pin,tf_free_action_execution_diagnostic,8
gt_y_action_replay,,free,310000,15.0,0,0,0,0.0,0.0,0.0,0.0,,pick_place,True,0.668749988079071,0.40625,0.03550928086042404,0.3997460603713989,-0.016988500952720642,-0.00808842945843935,1.0,1.0,True,"{""camera_config"": [{""image_size"": [480, 640], ""intrinsics"": [450.0, 0, 320.0, 0, 450.0, 240.0, 0, 0, 1], ""position"": [1.0, 0, 0.75], ""rotation"": [0.6532814824381883, 0.6532814824381884, -0.2705980500730986, -0.27059805007309845], ""zrange"": [0.01, 10.0], ""noise"": false}, {""image_size"": [480, 640], ""intrinsics"": [450.0, 0, 320.0, 0, 450.0, 240.0, 0, 0, 1], ""position"": [0, 0.5, 0.75], ""rotation"": [-0.3596047974904982, 0.8681627791959909, -0.3159854101251621, 0.1308854423858669], ""zrange"": [0.01, 10.0], ""noise"": false}, {""image_size"": [480, 640], ""intrinsics"": [450.0, 0, 320.0, 0, 450.0, 240.0, 0, 0, 1], ""position"": [0, -0.5, 0.75], ""rotation"": [-0.8681627791959909, 0.3596047974904982, -0.13088544238586683, 0.3159854101251621], ""zrange"": [0.01, 10.0], ""noise"": false}], ""primitive"": ""pick_place"", ""params"": {""pose0"": [[0.668749988079071, 0.40625, 0.03550928086042404], [0.0, 0.0, 0.0, 1.0]], ""pose1"": [[0.3997460603713989, -0.016988500952720642, -0.00808842945843935], [0.0, 0.0, 0.0, 1.0]]}}",nan,nan,1.665436029434204,1.665436029434204,0,breakaway_force_2p6_disp_0p045_pull_0p36,hidden_breakaway_pin,hidden_pin,free_vs_hidden_breakaway_pin,free_vs_hidden_pin,tf_free_action_execution_diagnostic,
learned_action,paper_state,free,310000,15.0,0,0,0,0.0,0.0,0.0,0.0,,pick_place,True,0.4014093279838562,0.18414194881916046,0.015618199482560158,0.48013269901275635,-0.04876425117254257,-0.0038591863121837378,0.9999999403953554,1.0000000000000002,True,"{""camera_config"": [{""image_size"": [480, 640], ""intrinsics"": [450.0, 0, 320.0, 0, 450.0, 240.0, 0, 0, 1], ""position"": [1.0, 0, 0.75], ""rotation"": [0.6532814824381883, 0.6532814824381884, -0.2705980500730986, -0.27059805007309845], ""zrange"": [0.01, 10.0], ""noise"": false}, {""image_size"": [480, 640], ""intrinsics"": [450.0, 0, 320.0, 0, 450.0, 240.0, 0, 0, 1], ""position"": [0, 0.5, 0.75], ""rotation"": [-0.3596047974904982, 0.8681627791959909, -0.3159854101251621, 0.1308854423858669], ""zrange"": [0.01, 10.0], ""noise"": false}, {""image_size"": [480, 640], ""intrinsics"": [450.0, 0, 320.0, 0, 450.0, 240.0, 0, 0, 1], ""position"": [0, -0.5, 0.75], ""rotation"": [-0.8681627791959909, 0.3596047974904982, -0.13088544238586683, 0.3159854101251621], ""zrange"": [0.01, 10.0], ""noise"": false}], ""primitive"": ""pick_place"", ""params"": {""pose0"": [[0.4014093279838562, 0.18414194881916046, 0.015618199482560158], [-2.121657338705063e-08, -4.707431333628165e-09, 4.4053756198536576e-09, 0.9999999403953552]], ""pose1"": [[0.48013269901275635, -0.04876425117254257, -0.0038591863121837378], [-5.964408966718793e-09, -9.34863386703455e-09, -1.9691665187338003e-08, 1.0]]}}",0.47429603338241577,0.0,1.5582687854766846,1.5582687854766846,,breakaway_force_2p6_disp_0p045_pull_0p36,hidden_breakaway_pin,hidden_pin,free_vs_hidden_breakaway_pin,free_vs_hidden_pin,tf_free_action_execution_diagnostic,
learned_action,paper_state,free,310000,15.0,1,0,0,0.0,0.0,0.0,0.0,,pick_place,True,0.4164068102836609,0.19995805621147156,0.015537828207015991,0.5205449461936951,-0.07590514421463013,-0.004418896045535803,0.9999999403953558,1.0000000000000004,True,"{""camera_config"": [{""image_size"": [480, 640], ""intrinsics"": [450.0, 0, 320.0, 0, 450.0, 240.0, 0, 0, 1], ""position"": [1.0, 0, 0.75], ""rotation"": [0.6532814824381883, 0.6532814824381884, -0.2705980500730986, -0.27059805007309845], ""zrange"": [0.01, 10.0], ""noise"": false}, {""image_size"": [480, 640], ""intrinsics"": [450.0, 0, 320.0, 0, 450.0, 240.0, 0, 0, 1], ""position"": [0, 0.5, 0.75], ""rotation"": [-0.3596047974904982, 0.8681627791959909, -0.3159854101251621, 0.1308854423858669], ""zrange"": [0.01, 10.0], ""noise"": false}, {""image_size"": [480, 640], ""intrinsics"": [450.0, 0, 320.0, 0, 450.0, 240.0, 0, 0, 1], ""position"": [0, -0.5, 0.75], ""rotation"": [-0.8681627791959909, 0.3596047974904982, -0.13088544238586683, 0.3159854101251621], ""zrange"": [0.01, 10.0], ""noise"": false}], ""primitive"": ""pick_place"", ""params"": {""pose0"": [[0.4164068102836609, 0.19995805621147156, 0.015537828207015991], [-2.8481691671800036e-08, -9.886160334815486e-09, 1.3680923949266344e-08, 0.9999999403953552]], ""pose1"": [[0.5205449461936951, -0.07590514421463013, -0.004418896045535803], [-1.4640143541910788e-09, -7.378415212144773e-09, -2.7180798056747335e-08, 1.0]]}}",0.4862668514251709,0.0,1.5780898332595825,1.5780898332595825,,breakaway_force_2p6_disp_0p045_pull_0p36,hidden_breakaway_pin,hidden_pin,free_vs_hidden_breakaway_pin,free_vs_hidden_pin,tf_free_action_execution_diagnostic,
learned_action,paper_state,free,310000,15.0,2,0,0,0.0,0.0,0.0,0.0,,pick_place,True,0.4295729994773865,0.18024864792823792,0.015660706907510757,0.5186557769775391,-0.08541784435510635,-0.005060108378529549,0.9999999403953556,1.0000000000000004,True,"{""camera_config"": [{""image_size"": [480, 640], ""intrinsics"": [450.0, 0, 320.0, 0, 450.0, 240.0, 0, 0, 1], ""position"": [1.0, 0, 0.75], ""rotation"": [0.6532814824381883, 0.6532814824381884, -0.2705980500730986, -0.27059805007309845], ""zrange"": [0.01, 10.0], ""noise"": false}, {""image_size"": [480, 640], ""intrinsics"": [450.0, 0, 320.0, 0, 450.0, 240.0, 0, 0, 1], ""position"": [0, 0.5, 0.75], ""rotation"": [-0.3596047974904982, 0.8681627791959909, -0.3159854101251621, 0.1308854423858669], ""zrange"": [0.01, 10.0], ""noise"": false}, {""image_size"": [480, 640], ""intrinsics"": [450.0, 0, 320.0, 0, 450.0, 240.0, 0, 0, 1], ""position"": [0, -0.5, 0.75], ""rotation"": [-0.8681627791959909, 0.3596047974904982, -0.13088544238586683, 0.3159854101251621], ""zrange"": [0.01, 10.0], ""noise"": false}], ""primitive"": ""pick_place"", ""params"": {""pose0"": [[0.4295729994773865, 0.18024864792823792, 0.015660706907510757], [-1.337654698119195e-08, -1.7408236629989915e-08, -5.299676253400776e-09, 0.9999999403953552]], ""pose1"": [[0.5186557769775391, -0.08541784435510635, -0.005060108378529549], [8.049996225167888e-09, 3.4048333041880596e-09, -3.338236354011315e-08, 1.0]]}}",0.4867609739303589,0.0,1.5791115760803223,1.5791115760803223,,breakaway_force_2p6_disp_0p045_pull_0p36,hidden_breakaway_pin,hidden_pin,free_vs_hidden_breakaway_pin,free_vs_hidden_pin,tf_free_action_execution_diagnostic,
learned_action,paper_state,free,310000,15.0,3,0,0,0.0,0.0,0.0,0.0,,pick_place,True,0.4408292770385742,0.16609328985214233,0.01745772734284401,0.5344672203063965,-0.103819340467453,-0.005379644688218832,0.9999999403953554,1.0000000000000004,True,"{""camera_config"": [{""image_size"": [480, 640], ""intrinsics"": [450.0, 0, 320.0, 0, 450.0, 240.0, 0, 0, 1], ""position"": [1.0, 0, 0.75], ""rotation"": [0.6532814824381883, 0.6532814824381884, -0.2705980500730986, -0.27059805007309845], ""zrange"": [0.01, 10.0], ""noise"": false}, {""image_size"": [480, 640], ""intrinsics"": [450.0, 0, 320.0, 0, 450.0, 240.0, 0, 0, 1], ""position"": [0, 0.5, 0.75], ""rotation"": [-0.3596047974904982, 0.8681627791959909, -0.3159854101251621, 0.1308854423858669], ""zrange"": [0.01, 10.0], ""noise"": false}, {""image_size"": [480, 640], ""intrinsics"": [450.0, 0, 320.0, 0, 450.0, 240.0, 0, 0, 1], ""position"": [0, -0.5, 0.75], ""rotation"": [-0.8681627791959909, 0.3596047974904982, -0.13088544238586683, 0.3159854101251621], ""zrange"": [0.01, 10.0], ""noise"": false}], ""primitive"": ""pick_place"", ""params"": {""pose0"": [[0.4408292770385742, 0.16609328985214233, 0.01745772734284401], [-4.1365810776738954e-10, 7.530540635514171e-09, -1.7670217289378343e-08, 0.9999999403953552]], ""pose1"": [[0.5344672203063965, -0.103819340467453, -0.005379644688218832], [1.8238635046685658e-09, -2.0998973226937778e-08, -1.969454466177467e-08, 1.0]]}}",0.5233767628669739,0.0,1.587036371231079,1.587036371231079,,breakaway_force_2p6_disp_0p045_pull_0p36,hidden_breakaway_pin,hidden_pin,free_vs_hidden_breakaway_pin,free_vs_hidden_pin,tf_free_action_execution_diagnostic,
learned_action,state_action,free,310000,15.0,0,0,0,0.0,0.0,0.0,0.0,,pick_place,True,0.41118788719177246,0.2023918479681015,0.015558945946395397,0.4890095889568329,-0.07461942732334137,-0.004171803127974272,0.9999999403953553,1.0000000000000004,True,"{""camera_config"": [{""image_size"": [480, 640], ""intrinsics"": [450.0, 0, 320.0, 0, 450.0, 240.0, 0, 0, 1], ""position"": [1.0, 0, 0.75], ""rotation"": [0.6532814824381883, 0.6532814824381884, -0.2705980500730986, -0.27059805007309845], ""zrange"": [0.01, 10.0], ""noise"": false}, {""image_size"": [480, 640], ""intrinsics"": [450.0, 0, 320.0, 0, 450.0, 240.0, 0, 0, 1], ""position"": [0, 0.5, 0.75], ""rotation"": [-0.3596047974904982, 0.8681627791959909, -0.3159854101251621, 0.1308854423858669], ""zrange"": [0.01, 10.0], ""noise"": false}, {""image_size"": [480, 640], ""intrinsics"": [450.0, 0, 320.0, 0, 450.0, 240.0, 0, 0, 1], ""position"": [0, -0.5, 0.75], ""rotation"": [-0.8681627791959909, 0.3596047974904982, -0.13088544238586683, 0.3159854101251621], ""zrange"": [0.01, 10.0], ""noise"": false}], ""primitive"": ""pick_place"", ""params"": {""pose0"": [[0.41118788719177246, 0.2023918479681015, 0.015558945946395397], [-1.0255782001422631e-08, 3.0613616086583306e-09, -7.181763517216666e-10, 0.9999999403953552]], ""pose1"": [[0.4890095889568329, -0.07461942732334137, -0.004171803127974272], [-2.176078517379665e-08, -2.4944519338987448e-08, -7.296469206607981e-09, 1.0]]}}",0.4844805598258972,0.0,1.5668425559997559,1.5668425559997559,,breakaway_force_2p6_disp_0p045_pull_0p36,hidden_breakaway_pin,hidden_pin,free_vs_hidden_breakaway_pin,free_vs_hidden_pin,tf_free_action_execution_diagnostic,
learned_action,state_action,free,310000,15.0,1,0,0,0.0,0.0,0.0,0.0,,pick_place,True,0.4290320873260498,0.1215009093284607,0.015748433768749237,0.5101537704467773,-0.05716298893094063,-0.00015297782374545932,0.9999999403953563,1.0,True,"{""camera_config"": [{""image_size"": [480, 640], ""intrinsics"": [450.0, 0, 320.0, 0, 450.0, 240.0, 0, 0, 1], ""position"": [1.0, 0, 0.75], ""rotation"": [0.6532814824381883, 0.6532814824381884, -0.2705980500730986, -0.27059805007309845], ""zrange"": [0.01, 10.0], ""noise"": false}, {""image_size"": [480, 640], ""intrinsics"": [450.0, 0, 320.0, 0, 450.0, 240.0, 0, 0, 1], ""position"": [0, 0.5, 0.75], ""rotation"": [-0.3596047974904982, 0.8681627791959909, -0.3159854101251621, 0.1308854423858669], ""zrange"": [0.01, 10.0], ""noise"": false}, {""image_size"": [480, 640], ""intrinsics"": [450.0, 0, 320.0, 0, 450.0, 240.0, 0, 0, 1], ""position"": [0, -0.5, 0.75], ""rotation"": [-0.8681627791959909, 0.3596047974904982, -0.13088544238586683, 0.3159854101251621], ""zrange"": [0.01, 10.0], ""noise"": false}], ""primitive"": ""pick_place"", ""params"": {""pose0"": [[0.4290320873260498, 0.1215009093284607, 0.015748433768749237], [-4.298354028264839e-08, 1.7933790008584083e-09, 2.0031496461569986e-08, 0.9999999403953552]], ""pose1"": [[0.5101537704467773, -0.05716298893094063, -0.00015297782374545932], [-6.747777892002205e-09, 1.2714078678754959e-08, -1.0821502582913922e-09, 1.0]]}}",0.3433176279067993,0.0,1.5692684650421143,1.5692684650421143,,breakaway_force_2p6_disp_0p045_pull_0p36,hidden_breakaway_pin,hidden_pin,free_vs_hidden_breakaway_pin,free_vs_hidden_pin,tf_free_action_execution_diagnostic,
learned_action,state_action,free,310000,15.0,2,0,0,0.0,0.0,0.0,0.0,,pick_place,True,0.4438796043395996,0.03714465722441673,0.015902625396847725,0.4925217032432556,-0.08876126259565353,-3.201502840965986e-05,1.0,1.0000000000000002,True,"{""camera_config"": [{""image_size"": [480, 640], ""intrinsics"": [450.0, 0, 320.0, 0, 450.0, 240.0, 0, 0, 1], ""position"": [1.0, 0, 0.75], ""rotation"": [0.6532814824381883, 0.6532814824381884, -0.2705980500730986, -0.27059805007309845], ""zrange"": [0.01, 10.0], ""noise"": false}, {""image_size"": [480, 640], ""intrinsics"": [450.0, 0, 320.0, 0, 450.0, 240.0, 0, 0, 1], ""position"": [0, 0.5, 0.75], ""rotation"": [-0.3596047974904982, 0.8681627791959909, -0.3159854101251621, 0.1308854423858669], ""zrange"": [0.01, 10.0], ""noise"": false}, {""image_size"": [480, 640], ""intrinsics"": [450.0, 0, 320.0, 0, 450.0, 240.0, 0, 0, 1], ""position"": [0, -0.5, 0.75], ""rotation"": [-0.8681627791959909, 0.3596047974904982, -0.13088544238586683, 0.3159854101251621], ""zrange"": [0.01, 10.0], ""noise"": false}], ""primitive"": ""pick_place"", ""params"": {""pose0"": [[0.4438796043395996, 0.03714465722441673, 0.015902625396847725], [-1.0044669984665688e-08, 1.7665047202797268e-09, 3.3207088190323475e-09, 1.0]], ""pose1"": [[0.4925217032432556, -0.08876126259565353, -3.201502840965986e-05], [-1.6244465328441038e-08, 4.496676808685152e-09, 2.188526870838814e-08, 1.0]]}}",0.29201388359069824,0.0,1.5649657249450684,1.5649657249450684,,breakaway_force_2p6_disp_0p045_pull_0p36,hidden_breakaway_pin,hidden_pin,free_vs_hidden_breakaway_pin,free_vs_hidden_pin,tf_free_action_execution_diagnostic,
learned_action,state_action,free,310000,15.0,3,0,0,0.0,0.0,0.0,0.0,,pick_place,True,0.48926663398742676,-0.0026483722031116486,0.01518878061324358,0.5095651149749756,-0.02225300297141075,-0.0027404092252254486,1.0,1.0,True,"{""camera_config"": [{""image_size"": [480, 640], ""intrinsics"": [450.0, 0, 320.0, 0, 450.0, 240.0, 0, 0, 1], ""position"": [1.0, 0, 0.75], ""rotation"": [0.6532814824381883, 0.6532814824381884, -0.2705980500730986, -0.27059805007309845], ""zrange"": [0.01, 10.0], ""noise"": false}, {""image_size"": [480, 640], ""intrinsics"": [450.0, 0, 320.0, 0, 450.0, 240.0, 0, 0, 1], ""position"": [0, 0.5, 0.75], ""rotation"": [-0.3596047974904982, 0.8681627791959909, -0.3159854101251621, 0.1308854423858669], ""zrange"": [0.01, 10.0], ""noise"": false}, {""image_size"": [480, 640], ""intrinsics"": [450.0, 0, 320.0, 0, 450.0, 240.0, 0, 0, 1], ""position"": [0, -0.5, 0.75], ""rotation"": [-0.8681627791959909, 0.3596047974904982, -0.13088544238586683, 0.3159854101251621], ""zrange"": [0.01, 10.0], ""noise"": false}], ""primitive"": ""pick_place"", ""params"": {""pose0"": [[0.48926663398742676, -0.0026483722031116486, 0.01518878061324358], [-6.744785174817025e-09, -9.582701743227062e-09, 8.894178726848168e-09, 1.0]], ""pose1"": [[0.5095651149749756, -0.02225300297141075, -0.0027404092252254486], [1.548498440584467e-09, 6.860092049976174e-09, 1.2259505410838756e-08, 1.0]]}}",0.18320032954216003,0.0,1.5810688734054565,1.5810688734054565,,breakaway_force_2p6_disp_0p045_pull_0p36,hidden_breakaway_pin,hidden_pin,free_vs_hidden_breakaway_pin,free_vs_hidden_pin,tf_free_action_execution_diagnostic,
oracle_action,,free,310001,5.0,0,0,0,0.0,0.0,0.0,0.0,,None,True,nan,nan,nan,nan,nan,nan,nan,nan,False,"{""camera_config"": [{""image_size"": [480, 640], ""intrinsics"": [450.0, 0, 320.0, 0, 450.0, 240.0, 0, 0, 1], ""position"": [1.0, 0, 0.75], ""rotation"": [0.6532814824381883, 0.6532814824381884, -0.2705980500730986, -0.27059805007309845], ""zrange"": [0.01, 10.0], ""noise"": false}, {""image_size"": [480, 640], ""intrinsics"": [450.0, 0, 320.0, 0, 450.0, 240.0, 0, 0, 1], ""position"": [0, 0.5, 0.75], ""rotation"": [-0.3596047974904982, 0.8681627791959909, -0.3159854101251621, 0.1308854423858669], ""zrange"": [0.01, 10.0], ""noise"": false}, {""image_size"": [480, 640], ""intrinsics"": [450.0, 0, 320.0, 0, 450.0, 240.0, 0, 0, 1], ""position"": [0, -0.5, 0.75], ""rotation"": [-0.8681627791959909, 0.3596047974904982, -0.13088544238586683, 0.3159854101251621], ""zrange"": [0.01, 10.0], ""noise"": false}], ""primitive"": null}",nan,nan,nan,nan,,breakaway_force_2p6_disp_0p045_pull_0p36,hidden_breakaway_pin,hidden_pin,free_vs_hidden_breakaway_pin,free_vs_hidden_pin,tf_free_action_execution_diagnostic,1
oracle_action,,free,310001,5.0,1,0,0,0.20833333333333334,0.0,0.20833333333333334,0.20833333333333334,,pick_place,True,0.6312500000000001,-0.43125,0.013532414101064205,0.3367544412612915,-0.09055935591459274,-0.00017402197408955544,1.0,1.0,True,"{""camera_config"": [{""image_size"": [480, 640], ""intrinsics"": [450.0, 0, 320.0, 0, 450.0, 240.0, 0, 0, 1], ""position"": [1.0, 0, 0.75], ""rotation"": [0.6532814824381883, 0.6532814824381884, -0.2705980500730986, -0.27059805007309845], ""zrange"": [0.01, 10.0], ""noise"": false}, {""image_size"": [480, 640], ""intrinsics"": [450.0, 0, 320.0, 0, 450.0, 240.0, 0, 0, 1], ""position"": [0, 0.5, 0.75], ""rotation"": [-0.3596047974904982, 0.8681627791959909, -0.3159854101251621, 0.1308854423858669], ""zrange"": [0.01, 10.0], ""noise"": false}, {""image_size"": [480, 640], ""intrinsics"": [450.0, 0, 320.0, 0, 450.0, 240.0, 0, 0, 1], ""position"": [0, -0.5, 0.75], ""rotation"": [-0.8681627791959909, 0.3596047974904982, -0.13088544238586683, 0.3159854101251621], ""zrange"": [0.01, 10.0], ""noise"": false}], ""primitive"": ""pick_place"", ""params"": {""pose0"": [[0.6312500000000001, -0.43125, 0.013532414101064205], [0.0, 0.0, 0.0, 1.0]], ""pose1"": [[0.3367544412612915, -0.09055935591459274, -0.00017402197408955544], [0, 0, 0, 1]]}}",nan,nan,nan,nan,,breakaway_force_2p6_disp_0p045_pull_0p36,hidden_breakaway_pin,hidden_pin,free_vs_hidden_breakaway_pin,free_vs_hidden_pin,tf_free_action_execution_diagnostic,2
oracle_action,,free,310001,5.0,2,0,0,0.12499999999999997,0.20833333333333334,0.3333333333333333,0.12499999999999997,,pick_place,True,0.496875,-0.271875,0.013486560434103012,0.6574040651321411,-0.1841423064470291,-0.008502272889018059,1.0,1.0,True,"{""camera_config"": [{""image_size"": [480, 640], ""intrinsics"": [450.0, 0, 320.0, 0, 450.0, 240.0, 0, 0, 1], ""position"": [1.0, 0, 0.75], ""rotation"": [0.6532814824381883, 0.6532814824381884, -0.2705980500730986, -0.27059805007309845], ""zrange"": [0.01, 10.0], ""noise"": false}, {""image_size"": [480, 640], ""intrinsics"": [450.0, 0, 320.0, 0, 450.0, 240.0, 0, 0, 1], ""position"": [0, 0.5, 0.75], ""rotation"": [-0.3596047974904982, 0.8681627791959909, -0.3159854101251621, 0.1308854423858669], ""zrange"": [0.01, 10.0], ""noise"": false}, {""image_size"": [480, 640], ""intrinsics"": [450.0, 0, 320.0, 0, 450.0, 240.0, 0, 0, 1], ""position"": [0, -0.5, 0.75], ""rotation"": [-0.8681627791959909, 0.3596047974904982, -0.13088544238586683, 0.3159854101251621], ""zrange"": [0.01, 10.0], ""noise"": false}], ""primitive"": ""pick_place"", ""params"": {""pose0"": [[0.496875, -0.271875, 0.013486560434103012], [0.0, 0.0, 0.0, 1.0]], ""pose1"": [[0.6574040651321411, -0.1841423064470291, -0.008502272889018059], [0, 0, 0, 1]]}}",nan,nan,nan,nan,,breakaway_force_2p6_disp_0p045_pull_0p36,hidden_breakaway_pin,hidden_pin,free_vs_hidden_breakaway_pin,free_vs_hidden_pin,tf_free_action_execution_diagnostic,3
oracle_action,,free,310001,5.0,3,0,0,0.041666666666666685,0.3333333333333333,0.375,0.041666666666666685,,pick_place,True,0.46875,-0.16874999999999996,0.01282154768705368,0.48015621304512024,-0.13867495954036713,-0.00328698824159801,1.0,1.0,True,"{""camera_config"": [{""image_size"": [480, 640], ""intrinsics"": [450.0, 0, 320.0, 0, 450.0, 240.0, 0, 0, 1], ""position"": [1.0, 0, 0.75], ""rotation"": [0.6532814824381883, 0.6532814824381884, -0.2705980500730986, -0.27059805007309845], ""zrange"": [0.01, 10.0], ""noise"": false}, {""image_size"": [480, 640], ""intrinsics"": [450.0, 0, 320.0, 0, 450.0, 240.0, 0, 0, 1], ""position"": [0, 0.5, 0.75], ""rotation"": [-0.3596047974904982, 0.8681627791959909, -0.3159854101251621, 0.1308854423858669], ""zrange"": [0.01, 10.0], ""noise"": false}, {""image_size"": [480, 640], ""intrinsics"": [450.0, 0, 320.0, 0, 450.0, 240.0, 0, 0, 1], ""position"": [0, -0.5, 0.75], ""rotation"": [-0.8681627791959909, 0.3596047974904982, -0.13088544238586683, 0.3159854101251621], ""zrange"": [0.01, 10.0], ""noise"": false}], ""primitive"": ""pick_place"", ""params"": {""pose0"": [[0.46875, -0.16874999999999996, 0.01282154768705368], [0.0, 0.0, 0.0, 1.0]], ""pose1"": [[0.48015621304512024, -0.13867495954036713, -0.00328698824159801], [0, 0, 0, 1]]}}",nan,nan,nan,nan,,breakaway_force_2p6_disp_0p045_pull_0p36,hidden_breakaway_pin,hidden_pin,free_vs_hidden_breakaway_pin,free_vs_hidden_pin,tf_free_action_execution_diagnostic,4
oracle_action,,free,310001,5.0,4,0,0,0.29166666666666663,0.375,0.6666666666666666,0.29166666666666663,,pick_place,True,0.415625,-0.13749999999999996,0.01341276802122593,0.40462765097618103,-0.11181250959634781,-0.0033691420685499907,1.0,1.0,True,"{""camera_config"": [{""image_size"": [480, 640], ""intrinsics"": [450.0, 0, 320.0, 0, 450.0, 240.0, 0, 0, 1], ""position"": [1.0, 0, 0.75], ""rotation"": [0.6532814824381883, 0.6532814824381884, -0.2705980500730986, -0.27059805007309845], ""zrange"": [0.01, 10.0], ""noise"": false}, {""image_size"": [480, 640], ""intrinsics"": [450.0, 0, 320.0, 0, 450.0, 240.0, 0, 0, 1], ""position"": [0, 0.5, 0.75], ""rotation"": [-0.3596047974904982, 0.8681627791959909, -0.3159854101251621, 0.1308854423858669], ""zrange"": [0.01, 10.0], ""noise"": false}, {""image_size"": [480, 640], ""intrinsics"": [450.0, 0, 320.0, 0, 450.0, 240.0, 0, 0, 1], ""position"": [0, -0.5, 0.75], ""rotation"": [-0.8681627791959909, 0.3596047974904982, -0.13088544238586683, 0.3159854101251621], ""zrange"": [0.01, 10.0], ""noise"": false}], ""primitive"": ""pick_place"", ""params"": {""pose0"": [[0.415625, -0.13749999999999996, 0.01341276802122593], [0.0, 0.0, 0.0, 1.0]], ""pose1"": [[0.40462765097618103, -0.11181250959634781, -0.0033691420685499907], [0, 0, 0, 1]]}}",nan,nan,nan,nan,,breakaway_force_2p6_disp_0p045_pull_0p36,hidden_breakaway_pin,hidden_pin,free_vs_hidden_breakaway_pin,free_vs_hidden_pin,tf_free_action_execution_diagnostic,5
oracle_action,,free,310001,5.0,5,0,0,-0.04166666666666663,0.6666666666666666,0.625,-0.04166666666666663,,pick_place,True,0.3875,-0.12187499999999996,0.014422701671719551,0.381568044424057,-0.0955607071518898,-0.002239914843812585,1.0,1.0,True,"{""camera_config"": [{""image_size"": [480, 640], ""intrinsics"": [450.0, 0, 320.0, 0, 450.0, 240.0, 0, 0, 1], ""position"": [1.0, 0, 0.75], ""rotation"": [0.6532814824381883, 0.6532814824381884, -0.2705980500730986, -0.27059805007309845], ""zrange"": [0.01, 10.0], ""noise"": false}, {""image_size"": [480, 640], ""intrinsics"": [450.0, 0, 320.0, 0, 450.0, 240.0, 0, 0, 1], ""position"": [0, 0.5, 0.75], ""rotation"": [-0.3596047974904982, 0.8681627791959909, -0.3159854101251621, 0.1308854423858669], ""zrange"": [0.01, 10.0], ""noise"": false}, {""image_size"": [480, 640], ""intrinsics"": [450.0, 0, 320.0, 0, 450.0, 240.0, 0, 0, 1], ""position"": [0, -0.5, 0.75], ""rotation"": [-0.8681627791959909, 0.3596047974904982, -0.13088544238586683, 0.3159854101251621], ""zrange"": [0.01, 10.0], ""noise"": false}], ""primitive"": ""pick_place"", ""params"": {""pose0"": [[0.3875, -0.12187499999999996, 0.014422701671719551], [0.0, 0.0, 0.0, 1.0]], ""pose1"": [[0.381568044424057, -0.0955607071518898, -0.002239914843812585], [0, 0, 0, 1]]}}",nan,nan,nan,nan,,breakaway_force_2p6_disp_0p045_pull_0p36,hidden_breakaway_pin,hidden_pin,free_vs_hidden_breakaway_pin,free_vs_hidden_pin,tf_free_action_execution_diagnostic,6
oracle_action,,free,310001,5.0,6,0,0,0.16666666666666663,0.625,0.7916666666666666,0.16666666666666663,,pick_place,True,0.384375,-0.09999999999999998,0.014262106269598007,0.33715763688087463,-0.0865144282579422,0.0026361383497714996,1.0,1.0,True,"{""camera_config"": [{""image_size"": [480, 640], ""intrinsics"": [450.0, 0, 320.0, 0, 450.0, 240.0, 0, 0, 1], ""position"": [1.0, 0, 0.75], ""rotation"": [0.6532814824381883, 0.6532814824381884, -0.2705980500730986, -0.27059805007309845], ""zrange"": [0.01, 10.0], ""noise"": false}, {""image_size"": [480, 640], ""intrinsics"": [450.0, 0, 320.0, 0, 450.0, 240.0, 0, 0, 1], ""position"": [0, 0.5, 0.75], ""rotation"": [-0.3596047974904982, 0.8681627791959909, -0.3159854101251621, 0.1308854423858669], ""zrange"": [0.01, 10.0], ""noise"": false}, {""image_size"": [480, 640], ""intrinsics"": [450.0, 0, 320.0, 0, 450.0, 240.0, 0, 0, 1], ""position"": [0, -0.5, 0.75], ""rotation"": [-0.8681627791959909, 0.3596047974904982, -0.13088544238586683, 0.3159854101251621], ""zrange"": [0.01, 10.0], ""noise"": false}], ""primitive"": ""pick_place"", ""params"": {""pose0"": [[0.384375, -0.09999999999999998, 0.014262106269598007], [0.0, 0.0, 0.0, 1.0]], ""pose1"": [[0.33715763688087463, -0.0865144282579422, 0.0026361383497714996], [0, 0, 0, 1]]}}",nan,nan,nan,nan,,breakaway_force_2p6_disp_0p045_pull_0p36,hidden_breakaway_pin,hidden_pin,free_vs_hidden_breakaway_pin,free_vs_hidden_pin,tf_free_action_execution_diagnostic,7
oracle_action,,free,310001,5.0,7,1,1,0.20833333333333337,0.7916666666666666,1.0,0.20833333333333337,,pick_place,True,0.5531250000000001,-0.17812499999999998,0.013156930916011333,0.5796627998352051,-0.16732366383075714,-0.002906359266489744,1.0,1.0,True,"{""camera_config"": [{""image_size"": [480, 640], ""intrinsics"": [450.0, 0, 320.0, 0, 450.0, 240.0, 0, 0, 1], ""position"": [1.0, 0, 0.75], ""rotation"": [0.6532814824381883, 0.6532814824381884, -0.2705980500730986, -0.27059805007309845], ""zrange"": [0.01, 10.0], ""noise"": false}, {""image_size"": [480, 640], ""intrinsics"": [450.0, 0, 320.0, 0, 450.0, 240.0, 0, 0, 1], ""position"": [0, 0.5, 0.75], ""rotation"": [-0.3596047974904982, 0.8681627791959909, -0.3159854101251621, 0.1308854423858669], ""zrange"": [0.01, 10.0], ""noise"": false}, {""image_size"": [480, 640], ""intrinsics"": [450.0, 0, 320.0, 0, 450.0, 240.0, 0, 0, 1], ""position"": [0, -0.5, 0.75], ""rotation"": [-0.8681627791959909, 0.3596047974904982, -0.13088544238586683, 0.3159854101251621], ""zrange"": [0.01, 10.0], ""noise"": false}], ""primitive"": ""pick_place"", ""params"": {""pose0"": [[0.5531250000000001, -0.17812499999999998, 0.013156930916011333], [0.0, 0.0, 0.0, 1.0]], ""pose1"": [[0.5796627998352051, -0.16732366383075714, -0.002906359266489744], [0, 0, 0, 1]]}}",nan,nan,nan,nan,,breakaway_force_2p6_disp_0p045_pull_0p36,hidden_breakaway_pin,hidden_pin,free_vs_hidden_breakaway_pin,free_vs_hidden_pin,tf_free_action_execution_diagnostic,8
gt_y_action_replay,,free,310001,5.0,0,0,0,0.0,0.0,0.0,0.0,,pick_place,True,0.6000000238418579,0.23125000298023224,0.013128692284226418,0.6216307878494263,0.18776901066303253,0.0047466750256717205,1.0,1.0,True,"{""camera_config"": [{""image_size"": [480, 640], ""intrinsics"": [450.0, 0, 320.0, 0, 450.0, 240.0, 0, 0, 1], ""position"": [1.0, 0, 0.75], ""rotation"": [0.6532814824381883, 0.6532814824381884, -0.2705980500730986, -0.27059805007309845], ""zrange"": [0.01, 10.0], ""noise"": false}, {""image_size"": [480, 640], ""intrinsics"": [450.0, 0, 320.0, 0, 450.0, 240.0, 0, 0, 1], ""position"": [0, 0.5, 0.75], ""rotation"": [-0.3596047974904982, 0.8681627791959909, -0.3159854101251621, 0.1308854423858669], ""zrange"": [0.01, 10.0], ""noise"": false}, {""image_size"": [480, 640], ""intrinsics"": [450.0, 0, 320.0, 0, 450.0, 240.0, 0, 0, 1], ""position"": [0, -0.5, 0.75], ""rotation"": [-0.8681627791959909, 0.3596047974904982, -0.13088544238586683, 0.3159854101251621], ""zrange"": [0.01, 10.0], ""noise"": false}], ""primitive"": ""pick_place"", ""params"": {""pose0"": [[0.6000000238418579, 0.23125000298023224, 0.013128692284226418], [0.0, 0.0, 0.0, 1.0]], ""pose1"": [[0.6216307878494263, 0.18776901066303253, 0.0047466750256717205], [0.0, 0.0, 0.0, 1.0]]}}",nan,nan,1.683850884437561,1.683850884437561,4,breakaway_force_2p6_disp_0p045_pull_0p36,hidden_breakaway_pin,hidden_pin,free_vs_hidden_breakaway_pin,free_vs_hidden_pin,tf_free_action_execution_diagnostic,
learned_action,paper_state,free,310001,5.0,0,0,0,0.125,0.0,0.125,0.125,,pick_place,True,0.6464618444442749,-0.4470449984073639,0.012675263918936253,0.44773563742637634,0.06819609552621841,-0.0073578134179115295,1.0000000000000013,1.0,True,"{""camera_config"": [{""image_size"": [480, 640], ""intrinsics"": [450.0, 0, 320.0, 0, 450.0, 240.0, 0, 0, 1], ""position"": [1.0, 0, 0.75], ""rotation"": [0.6532814824381883, 0.6532814824381884, -0.2705980500730986, -0.27059805007309845], ""zrange"": [0.01, 10.0], ""noise"": false}, {""image_size"": [480, 640], ""intrinsics"": [450.0, 0, 320.0, 0, 450.0, 240.0, 0, 0, 1], ""position"": [0, 0.5, 0.75], ""rotation"": [-0.3596047974904982, 0.8681627791959909, -0.3159854101251621, 0.1308854423858669], ""zrange"": [0.01, 10.0], ""noise"": false}, {""image_size"": [480, 640], ""intrinsics"": [450.0, 0, 320.0, 0, 450.0, 240.0, 0, 0, 1], ""position"": [0, -0.5, 0.75], ""rotation"": [-0.8681627791959909, 0.3596047974904982, -0.13088544238586683, 0.3159854101251621], ""zrange"": [0.01, 10.0], ""noise"": false}], ""primitive"": ""pick_place"", ""params"": {""pose0"": [[0.6464618444442749, -0.4470449984073639, 0.012675263918936253], [3.698603734392236e-08, 1.3267591469912077e-08, -3.2210760281259354e-08, 1.0]], ""pose1"": [[0.44773563742637634, 0.06819609552621841, -0.0073578134179115295], [2.5029596173453683e-09, -1.622419837365996e-10, 6.9747434494615845e-09, 1.0]]}}",0.7481169104576111,0.0,1.6802067756652832,1.6802067756652832,,breakaway_force_2p6_disp_0p045_pull_0p36,hidden_breakaway_pin,hidden_pin,free_vs_hidden_breakaway_pin,free_vs_hidden_pin,tf_free_action_execution_diagnostic,
learned_action,paper_state,free,310001,5.0,1,0,0,0.0,0.125,0.125,0.0,,pick_place,True,0.5685701966285706,-0.1525965929031372,0.014194628223776817,0.5355442762374878,-0.09107580035924911,-0.0008042125264182687,1.0000000000000007,1.0000000000000002,True,"{""camera_config"": [{""image_size"": [480, 640], ""intrinsics"": [450.0, 0, 320.0, 0, 450.0, 240.0, 0, 0, 1], ""position"": [1.0, 0, 0.75], ""rotation"": [0.6532814824381883, 0.6532814824381884, -0.2705980500730986, -0.27059805007309845], ""zrange"": [0.01, 10.0], ""noise"": false}, {""image_size"": [480, 640], ""intrinsics"": [450.0, 0, 320.0, 0, 450.0, 240.0, 0, 0, 1], ""position"": [0, 0.5, 0.75], ""rotation"": [-0.3596047974904982, 0.8681627791959909, -0.3159854101251621, 0.1308854423858669], ""zrange"": [0.01, 10.0], ""noise"": false}, {""image_size"": [480, 640], ""intrinsics"": [450.0, 0, 320.0, 0, 450.0, 240.0, 0, 0, 1], ""position"": [0, -0.5, 0.75], ""rotation"": [-0.8681627791959909, 0.3596047974904982, -0.13088544238586683, 0.3159854101251621], ""zrange"": [0.01, 10.0], ""noise"": false}], ""primitive"": ""pick_place"", ""params"": {""pose0"": [[0.5685701966285706, -0.1525965929031372, 0.014194628223776817], [-2.9972238024811304e-08, 1.7025776344326005e-08, -6.6833645284702925e-09, 1.0]], ""pose1"": [[0.5355442762374878, -0.09107580035924911, -0.0008042125264182687], [4.785575491439431e-09, -2.3072614041552697e-08, 2.6171076417114136e-09, 1.0]]}}",0.20800228416919708,0.0,1.6253806352615356,1.6253806352615356,,breakaway_force_2p6_disp_0p045_pull_0p36,hidden_breakaway_pin,hidden_pin,free_vs_hidden_breakaway_pin,free_vs_hidden_pin,tf_free_action_execution_diagnostic,
learned_action,paper_state,free,310001,5.0,2,0,0,0.0,0.125,0.125,0.0,,pick_place,True,0.5177595615386963,-0.100251704454422,0.014129174873232841,0.5171830654144287,-0.03321531042456627,-0.001186115201562643,1.0,1.0,True,"{""camera_config"": [{""image_size"": [480, 640], ""intrinsics"": [450.0, 0, 320.0, 0, 450.0, 240.0, 0, 0, 1], ""position"": [1.0, 0, 0.75], ""rotation"": [0.6532814824381883, 0.6532814824381884, -0.2705980500730986, -0.27059805007309845], ""zrange"": [0.01, 10.0], ""noise"": false}, {""image_size"": [480, 640], ""intrinsics"": [450.0, 0, 320.0, 0, 450.0, 240.0, 0, 0, 1], ""position"": [0, 0.5, 0.75], ""rotation"": [-0.3596047974904982, 0.8681627791959909, -0.3159854101251621, 0.1308854423858669], ""zrange"": [0.01, 10.0], ""noise"": false}, {""image_size"": [480, 640], ""intrinsics"": [450.0, 0, 320.0, 0, 450.0, 240.0, 0, 0, 1], ""position"": [0, -0.5, 0.75], ""rotation"": [-0.8681627791959909, 0.3596047974904982, -0.13088544238586683, 0.3159854101251621], ""zrange"": [0.01, 10.0], ""noise"": false}], ""primitive"": ""pick_place"", ""params"": {""pose0"": [[0.5177595615386963, -0.100251704454422, 0.014129174873232841], [-5.1311013216093215e-09, 2.0745694051527153e-09, -1.628695756039633e-08, 1.0]], ""pose1"": [[0.5171830654144287, -0.03321531042456627, -0.001186115201562643], [1.1412998546234121e-08, 9.301714398723959e-10, -1.1858161563793601e-08, 1.0]]}}",0.10415990650653839,0.0,1.5959035158157349,1.5959035158157349,,breakaway_force_2p6_disp_0p045_pull_0p36,hidden_breakaway_pin,hidden_pin,free_vs_hidden_breakaway_pin,free_vs_hidden_pin,tf_free_action_execution_diagnostic,
learned_action,paper_state,free,310001,5.0,3,0,0,-0.125,0.125,0.0,-0.125,,pick_place,True,0.48581039905548096,-0.018845584243535995,0.013727763667702675,0.477514386177063,0.02013016864657402,-0.0005062362179160118,1.0,1.0000000000000002,True,"{""camera_config"": [{""image_size"": [480, 640], ""intrinsics"": [450.0, 0, 320.0, 0, 450.0, 240.0, 0, 0, 1], ""position"": [1.0, 0, 0.75], ""rotation"": [0.6532814824381883, 0.6532814824381884, -0.2705980500730986, -0.27059805007309845], ""zrange"": [0.01, 10.0], ""noise"": false}, {""image_size"": [480, 640], ""intrinsics"": [450.0, 0, 320.0, 0, 450.0, 240.0, 0, 0, 1], ""position"": [0, 0.5, 0.75], ""rotation"": [-0.3596047974904982, 0.8681627791959909, -0.3159854101251621, 0.1308854423858669], ""zrange"": [0.01, 10.0], ""noise"": false}, {""image_size"": [480, 640], ""intrinsics"": [450.0, 0, 320.0, 0, 450.0, 240.0, 0, 0, 1], ""position"": [0, -0.5, 0.75], ""rotation"": [-0.8681627791959909, 0.3596047974904982, -0.13088544238586683, 0.3159854101251621], ""zrange"": [0.01, 10.0], ""noise"": false}], ""primitive"": ""pick_place"", ""params"": {""pose0"": [[0.48581039905548096, -0.018845584243535995, 0.013727763667702675], [3.6856475649216236e-09, -6.942270314169718e-09, -1.107769165287209e-08, 1.0]], ""pose1"": [[0.477514386177063, 0.02013016864657402, -0.0005062362179160118], [-8.125942585479606e-09, -7.642544375130456e-09, 2.553098887858596e-08, 1.0]]}}",0.1650245189666748,0.0,1.5700258016586304,1.5700258016586304,,breakaway_force_2p6_disp_0p045_pull_0p36,hidden_breakaway_pin,hidden_pin,free_vs_hidden_breakaway_pin,free_vs_hidden_pin,tf_free_action_execution_diagnostic,
learned_action,state_action,free,310001,5.0,0,0,0,0.125,0.0,0.125,0.125,,pick_place,True,0.6393829584121704,-0.41909053921699524,0.013384828343987465,0.45422112941741943,0.08571667969226837,-0.006719859782606363,1.0000000000000004,1.0,True,"{""camera_config"": [{""image_size"": [480, 640], ""intrinsics"": [450.0, 0, 320.0, 0, 450.0, 240.0, 0, 0, 1], ""position"": [1.0, 0, 0.75], ""rotation"": [0.6532814824381883, 0.6532814824381884, -0.2705980500730986, -0.27059805007309845], ""zrange"": [0.01, 10.0], ""noise"": false}, {""image_size"": [480, 640], ""intrinsics"": [450.0, 0, 320.0, 0, 450.0, 240.0, 0, 0, 1], ""position"": [0, 0.5, 0.75], ""rotation"": [-0.3596047974904982, 0.8681627791959909, -0.3159854101251621, 0.1308854423858669], ""zrange"": [0.01, 10.0], ""noise"": false}, {""image_size"": [480, 640], ""intrinsics"": [450.0, 0, 320.0, 0, 450.0, 240.0, 0, 0, 1], ""position"": [0, -0.5, 0.75], ""rotation"": [-0.8681627791959909, 0.3596047974904982, -0.13088544238586683, 0.3159854101251621], ""zrange"": [0.01, 10.0], ""noise"": false}], ""primitive"": ""pick_place"", ""params"": {""pose0"": [[0.6393829584121704, -0.41909053921699524, 0.013384828343987465], [2.283157130023028e-08, 1.6057841278893648e-08, -1.5281916176945742e-08, 1.0]], ""pose1"": [[0.45422112941741943, 0.08571667969226837, -0.006719859782606363], [1.7575066957320473e-09, -1.1670006294650648e-08, 7.060418028004278e-09, 1.0]]}}",0.6886395812034607,0.0,1.6728227138519287,1.6728227138519287,,breakaway_force_2p6_disp_0p045_pull_0p36,hidden_breakaway_pin,hidden_pin,free_vs_hidden_breakaway_pin,free_vs_hidden_pin,tf_free_action_execution_diagnostic,
learned_action,state_action,free,310001,5.0,1,0,0,0.04166666666666666,0.125,0.16666666666666666,0.04166666666666666,,pick_place,True,0.5794776678085327,-0.1349990963935852,0.01509447768330574,0.5208197832107544,-0.08174733072519302,-0.0006238947389647365,1.0000000000000007,1.0000000000000004,True,"{""camera_config"": [{""image_size"": [480, 640], ""intrinsics"": [450.0, 0, 320.0, 0, 450.0, 240.0, 0, 0, 1], ""position"": [1.0, 0, 0.75], ""rotation"": [0.6532814824381883, 0.6532814824381884, -0.2705980500730986, -0.27059805007309845], ""zrange"": [0.01, 10.0], ""noise"": false}, {""image_size"": [480, 640], ""intrinsics"": [450.0, 0, 320.0, 0, 450.0, 240.0, 0, 0, 1], ""position"": [0, 0.5, 0.75], ""rotation"": [-0.3596047974904982, 0.8681627791959909, -0.3159854101251621, 0.1308854423858669], ""zrange"": [0.01, 10.0], ""noise"": false}, {""image_size"": [480, 640], ""intrinsics"": [450.0, 0, 320.0, 0, 450.0, 240.0, 0, 0, 1], ""position"": [0, -0.5, 0.75], ""rotation"": [-0.8681627791959909, 0.3596047974904982, -0.13088544238586683, 0.3159854101251621], ""zrange"": [0.01, 10.0], ""noise"": false}], ""primitive"": ""pick_place"", ""params"": {""pose0"": [[0.5794776678085327, -0.1349990963935852, 0.01509447768330574], [-3.692384709097496e-08, -4.958379817843195e-10, 5.677752046295836e-09, 1.0]], ""pose1"": [[0.5208197832107544, -0.08174733072519302, -0.0006238947389647365], [1.775777214163554e-08, -1.3475066396040347e-08, -1.8938463242079706e-08, 1.0]]}}",0.19199106097221375,0.0,1.6224005222320557,1.6224005222320557,,breakaway_force_2p6_disp_0p045_pull_0p36,hidden_breakaway_pin,hidden_pin,free_vs_hidden_breakaway_pin,free_vs_hidden_pin,tf_free_action_execution_diagnostic,
learned_action,state_action,free,310001,5.0,2,0,0,-0.16666666666666666,0.16666666666666666,0.0,-0.16666666666666666,,pick_place,True,0.538160502910614,-0.10018600523471832,0.015177116729319096,0.5086175203323364,-0.035026825964450836,-0.0014008452417328954,1.0,1.0000000000000002,True,"{""camera_config"": [{""image_size"": [480, 640], ""intrinsics"": [450.0, 0, 320.0, 0, 450.0, 240.0, 0, 0, 1], ""position"": [1.0, 0, 0.75], ""rotation"": [0.6532814824381883, 0.6532814824381884, -0.2705980500730986, -0.27059805007309845], ""zrange"": [0.01, 10.0], ""noise"": false}, {""image_size"": [480, 640], ""intrinsics"": [450.0, 0, 320.0, 0, 450.0, 240.0, 0, 0, 1], ""position"": [0, 0.5, 0.75], ""rotation"": [-0.3596047974904982, 0.8681627791959909, -0.3159854101251621, 0.1308854423858669], ""zrange"": [0.01, 10.0], ""noise"": false}, {""image_size"": [480, 640], ""intrinsics"": [450.0, 0, 320.0, 0, 450.0, 240.0, 0, 0, 1], ""position"": [0, -0.5, 0.75], ""rotation"": [-0.8681627791959909, 0.3596047974904982, -0.13088544238586683, 0.3159854101251621], ""zrange"": [0.01, 10.0], ""noise"": false}], ""primitive"": ""pick_place"", ""params"": {""pose0"": [[0.538160502910614, -0.10018600523471832, 0.015177116729319096], [-1.4074424292687127e-08, 7.50000772598014e-09, -3.732851805438031e-09, 1.0]], ""pose1"": [[0.5086175203323364, -0.035026825964450836, -0.0014008452417328954], [2.2238712205080446e-08, -6.4107785746614354e-09, -7.932808188115814e-09, 1.0]]}}",0.09754291921854019,0.0,1.599938988685608,1.599938988685608,,breakaway_force_2p6_disp_0p045_pull_0p36,hidden_breakaway_pin,hidden_pin,free_vs_hidden_breakaway_pin,free_vs_hidden_pin,tf_free_action_execution_diagnostic,
learned_action,state_action,free,310001,5.0,3,0,0,0.0,0.0,0.0,0.0,,pick_place,True,0.5213024616241455,-0.04506294056773186,0.013275815173983574,0.5031163692474365,-0.0006363559514284134,-0.0004177207010798156,1.0,1.0,True,"{""camera_config"": [{""image_size"": [480, 640], ""intrinsics"": [450.0, 0, 320.0, 0, 450.0, 240.0, 0, 0, 1], ""position"": [1.0, 0, 0.75], ""rotation"": [0.6532814824381883, 0.6532814824381884, -0.2705980500730986, -0.27059805007309845], ""zrange"": [0.01, 10.0], ""noise"": false}, {""image_size"": [480, 640], ""intrinsics"": [450.0, 0, 320.0, 0, 450.0, 240.0, 0, 0, 1], ""position"": [0, 0.5, 0.75], ""rotation"": [-0.3596047974904982, 0.8681627791959909, -0.3159854101251621, 0.1308854423858669], ""zrange"": [0.01, 10.0], ""noise"": false}, {""image_size"": [480, 640], ""intrinsics"": [450.0, 0, 320.0, 0, 450.0, 240.0, 0, 0, 1], ""position"": [0, -0.5, 0.75], ""rotation"": [-0.8681627791959909, 0.3596047974904982, -0.13088544238586683, 0.3159854101251621], ""zrange"": [0.01, 10.0], ""noise"": false}], ""primitive"": ""pick_place"", ""params"": {""pose0"": [[0.5213024616241455, -0.04506294056773186, 0.013275815173983574], [2.255704290021754e-09, -8.51772341547985e-09, -1.0541308270717309e-08, 1.0]], ""pose1"": [[0.5031163692474365, -0.0006363559514284134, -0.0004177207010798156], [-2.5930930735995616e-09, 2.5874004327963718e-11, 9.929117084084282e-09, 1.0]]}}",0.10400891304016113,0.0,1.5896823406219482,1.5896823406219482,,breakaway_force_2p6_disp_0p045_pull_0p36,hidden_breakaway_pin,hidden_pin,free_vs_hidden_breakaway_pin,free_vs_hidden_pin,tf_free_action_execution_diagnostic,
oracle_action,,free,310001,15.0,0,0,0,0.0,0.0,0.0,0.0,,None,True,nan,nan,nan,nan,nan,nan,nan,nan,False,"{""camera_config"": [{""image_size"": [480, 640], ""intrinsics"": [450.0, 0, 320.0, 0, 450.0, 240.0, 0, 0, 1], ""position"": [1.0, 0, 0.75], ""rotation"": [0.6532814824381883, 0.6532814824381884, -0.2705980500730986, -0.27059805007309845], ""zrange"": [0.01, 10.0], ""noise"": false}, {""image_size"": [480, 640], ""intrinsics"": [450.0, 0, 320.0, 0, 450.0, 240.0, 0, 0, 1], ""position"": [0, 0.5, 0.75], ""rotation"": [-0.3596047974904982, 0.8681627791959909, -0.3159854101251621, 0.1308854423858669], ""zrange"": [0.01, 10.0], ""noise"": false}, {""image_size"": [480, 640], ""intrinsics"": [450.0, 0, 320.0, 0, 450.0, 240.0, 0, 0, 1], ""position"": [0, -0.5, 0.75], ""rotation"": [-0.8681627791959909, 0.3596047974904982, -0.13088544238586683, 0.3159854101251621], ""zrange"": [0.01, 10.0], ""noise"": false}], ""primitive"": null}",nan,nan,nan,nan,,breakaway_force_2p6_disp_0p045_pull_0p36,hidden_breakaway_pin,hidden_pin,free_vs_hidden_breakaway_pin,free_vs_hidden_pin,tf_free_action_execution_diagnostic,1
oracle_action,,free,310001,15.0,1,0,0,0.125,0.0,0.125,0.125,,pick_place,True,0.6312500000000001,-0.43125,0.01354135386645794,0.3367454707622528,-0.09055931866168976,-0.00017624860629439354,1.0,1.0,True,"{""camera_config"": [{""image_size"": [480, 640], ""intrinsics"": [450.0, 0, 320.0, 0, 450.0, 240.0, 0, 0, 1], ""position"": [1.0, 0, 0.75], ""rotation"": [0.6532814824381883, 0.6532814824381884, -0.2705980500730986, -0.27059805007309845], ""zrange"": [0.01, 10.0], ""noise"": false}, {""image_size"": [480, 640], ""intrinsics"": [450.0, 0, 320.0, 0, 450.0, 240.0, 0, 0, 1], ""position"": [0, 0.5, 0.75], ""rotation"": [-0.3596047974904982, 0.8681627791959909, -0.3159854101251621, 0.1308854423858669], ""zrange"": [0.01, 10.0], ""noise"": false}, {""image_size"": [480, 640], ""intrinsics"": [450.0, 0, 320.0, 0, 450.0, 240.0, 0, 0, 1], ""position"": [0, -0.5, 0.75], ""rotation"": [-0.8681627791959909, 0.3596047974904982, -0.13088544238586683, 0.3159854101251621], ""zrange"": [0.01, 10.0], ""noise"": false}], ""primitive"": ""pick_place"", ""params"": {""pose0"": [[0.6312500000000001, -0.43125, 0.01354135386645794], [0.0, 0.0, 0.0, 1.0]], ""pose1"": [[0.3367454707622528, -0.09055931866168976, -0.00017624860629439354], [0, 0, 0, 1]]}}",nan,nan,nan,nan,,breakaway_force_2p6_disp_0p045_pull_0p36,hidden_breakaway_pin,hidden_pin,free_vs_hidden_breakaway_pin,free_vs_hidden_pin,tf_free_action_execution_diagnostic,2
oracle_action,,free,310001,15.0,2,0,0,0.16666666666666669,0.125,0.2916666666666667,0.16666666666666669,,pick_place,True,0.503125,-0.246875,0.013148417696356773,0.6539939045906067,-0.18283140659332275,0.008176298812031746,1.0,1.0,True,"{""camera_config"": [{""image_size"": [480, 640], ""intrinsics"": [450.0, 0, 320.0, 0, 450.0, 240.0, 0, 0, 1], ""position"": [1.0, 0, 0.75], ""rotation"": [0.6532814824381883, 0.6532814824381884, -0.2705980500730986, -0.27059805007309845], ""zrange"": [0.01, 10.0], ""noise"": false}, {""image_size"": [480, 640], ""intrinsics"": [450.0, 0, 320.0, 0, 450.0, 240.0, 0, 0, 1], ""position"": [0, 0.5, 0.75], ""rotation"": [-0.3596047974904982, 0.8681627791959909, -0.3159854101251621, 0.1308854423858669], ""zrange"": [0.01, 10.0], ""noise"": false}, {""image_size"": [480, 640], ""intrinsics"": [450.0, 0, 320.0, 0, 450.0, 240.0, 0, 0, 1], ""position"": [0, -0.5, 0.75], ""rotation"": [-0.8681627791959909, 0.3596047974904982, -0.13088544238586683, 0.3159854101251621], ""zrange"": [0.01, 10.0], ""noise"": false}], ""primitive"": ""pick_place"", ""params"": {""pose0"": [[0.503125, -0.246875, 0.013148417696356773], [0.0, 0.0, 0.0, 1.0]], ""pose1"": [[0.6539939045906067, -0.18283140659332275, 0.008176298812031746], [0, 0, 0, 1]]}}",nan,nan,nan,nan,,breakaway_force_2p6_disp_0p045_pull_0p36,hidden_breakaway_pin,hidden_pin,free_vs_hidden_breakaway_pin,free_vs_hidden_pin,tf_free_action_execution_diagnostic,3
oracle_action,,free,310001,15.0,3,0,0,0.0,0.2916666666666667,0.2916666666666667,0.0,,pick_place,True,0.46875,-0.171875,0.012947618030011654,0.4788058400154114,-0.13880504667758942,-0.0010012215934693813,1.0,1.0,True,"{""camera_config"": [{""image_size"": [480, 640], ""intrinsics"": [450.0, 0, 320.0, 0, 450.0, 240.0, 0, 0, 1], ""position"": [1.0, 0, 0.75], ""rotation"": [0.6532814824381883, 0.6532814824381884, -0.2705980500730986, -0.27059805007309845], ""zrange"": [0.01, 10.0], ""noise"": false}, {""image_size"": [480, 640], ""intrinsics"": [450.0, 0, 320.0, 0, 450.0, 240.0, 0, 0, 1], ""position"": [0, 0.5, 0.75], ""rotation"": [-0.3596047974904982, 0.8681627791959909, -0.3159854101251621, 0.1308854423858669], ""zrange"": [0.01, 10.0], ""noise"": false}, {""image_size"": [480, 640], ""intrinsics"": [450.0, 0, 320.0, 0, 450.0, 240.0, 0, 0, 1], ""position"": [0, -0.5, 0.75], ""rotation"": [-0.8681627791959909, 0.3596047974904982, -0.13088544238586683, 0.3159854101251621], ""zrange"": [0.01, 10.0], ""noise"": false}], ""primitive"": ""pick_place"", ""params"": {""pose0"": [[0.46875, -0.171875, 0.012947618030011654], [0.0, 0.0, 0.0, 1.0]], ""pose1"": [[0.4788058400154114, -0.13880504667758942, -0.0010012215934693813], [0, 0, 0, 1]]}}",nan,nan,nan,nan,,breakaway_force_2p6_disp_0p045_pull_0p36,hidden_breakaway_pin,hidden_pin,free_vs_hidden_breakaway_pin,free_vs_hidden_pin,tf_free_action_execution_diagnostic,4
oracle_action,,free,310001,15.0,4,0,0,0.37499999999999994,0.2916666666666667,0.6666666666666666,0.37499999999999994,,pick_place,True,0.415625,-0.140625,0.013152088038623333,0.42122629284858704,-0.11127284914255142,0.0016119638457894325,1.0,1.0,True,"{""camera_config"": [{""image_size"": [480, 640], ""intrinsics"": [450.0, 0, 320.0, 0, 450.0, 240.0, 0, 0, 1], ""position"": [1.0, 0, 0.75], ""rotation"": [0.6532814824381883, 0.6532814824381884, -0.2705980500730986, -0.27059805007309845], ""zrange"": [0.01, 10.0], ""noise"": false}, {""image_size"": [480, 640], ""intrinsics"": [450.0, 0, 320.0, 0, 450.0, 240.0, 0, 0, 1], ""position"": [0, 0.5, 0.75], ""rotation"": [-0.3596047974904982, 0.8681627791959909, -0.3159854101251621, 0.1308854423858669], ""zrange"": [0.01, 10.0], ""noise"": false}, {""image_size"": [480, 640], ""intrinsics"": [450.0, 0, 320.0, 0, 450.0, 240.0, 0, 0, 1], ""position"": [0, -0.5, 0.75], ""rotation"": [-0.8681627791959909, 0.3596047974904982, -0.13088544238586683, 0.3159854101251621], ""zrange"": [0.01, 10.0], ""noise"": false}], ""primitive"": ""pick_place"", ""params"": {""pose0"": [[0.415625, -0.140625, 0.013152088038623333], [0.0, 0.0, 0.0, 1.0]], ""pose1"": [[0.42122629284858704, -0.11127284914255142, 0.0016119638457894325], [0, 0, 0, 1]]}}",nan,nan,nan,nan,,breakaway_force_2p6_disp_0p045_pull_0p36,hidden_breakaway_pin,hidden_pin,free_vs_hidden_breakaway_pin,free_vs_hidden_pin,tf_free_action_execution_diagnostic,5
oracle_action,,free,310001,15.0,5,0,0,0.20833333333333337,0.6666666666666666,0.875,0.20833333333333337,,pick_place,True,0.54375,-0.18124999999999997,0.013292739167809486,0.5704258680343628,-0.15256954729557037,-0.0021861251443624496,1.0,1.0,True,"{""camera_config"": [{""image_size"": [480, 640], ""intrinsics"": [450.0, 0, 320.0, 0, 450.0, 240.0, 0, 0, 1], ""position"": [1.0, 0, 0.75], ""rotation"": [0.6532814824381883, 0.6532814824381884, -0.2705980500730986, -0.27059805007309845], ""zrange"": [0.01, 10.0], ""noise"": false}, {""image_size"": [480, 640], ""intrinsics"": [450.0, 0, 320.0, 0, 450.0, 240.0, 0, 0, 1], ""position"": [0, 0.5, 0.75], ""rotation"": [-0.3596047974904982, 0.8681627791959909, -0.3159854101251621, 0.1308854423858669], ""zrange"": [0.01, 10.0], ""noise"": false}, {""image_size"": [480, 640], ""intrinsics"": [450.0, 0, 320.0, 0, 450.0, 240.0, 0, 0, 1], ""position"": [0, -0.5, 0.75], ""rotation"": [-0.8681627791959909, 0.3596047974904982, -0.13088544238586683, 0.3159854101251621], ""zrange"": [0.01, 10.0], ""noise"": false}], ""primitive"": ""pick_place"", ""params"": {""pose0"": [[0.54375, -0.18124999999999997, 0.013292739167809486], [0.0, 0.0, 0.0, 1.0]], ""pose1"": [[0.5704258680343628, -0.15256954729557037, -0.0021861251443624496], [0, 0, 0, 1]]}}",nan,nan,nan,nan,,breakaway_force_2p6_disp_0p045_pull_0p36,hidden_breakaway_pin,hidden_pin,free_vs_hidden_breakaway_pin,free_vs_hidden_pin,tf_free_action_execution_diagnostic,6
oracle_action,,free,310001,15.0,6,0,0,0.08333333333333337,0.875,0.9583333333333334,0.08333333333333337,,pick_place,True,0.375,-0.11249999999999999,0.013179000467061996,0.35065165162086487,-0.0934760719537735,-0.003654307685792446,1.0,1.0,True,"{""camera_config"": [{""image_size"": [480, 640], ""intrinsics"": [450.0, 0, 320.0, 0, 450.0, 240.0, 0, 0, 1], ""position"": [1.0, 0, 0.75], ""rotation"": [0.6532814824381883, 0.6532814824381884, -0.2705980500730986, -0.27059805007309845], ""zrange"": [0.01, 10.0], ""noise"": false}, {""image_size"": [480, 640], ""intrinsics"": [450.0, 0, 320.0, 0, 450.0, 240.0, 0, 0, 1], ""position"": [0, 0.5, 0.75], ""rotation"": [-0.3596047974904982, 0.8681627791959909, -0.3159854101251621, 0.1308854423858669], ""zrange"": [0.01, 10.0], ""noise"": false}, {""image_size"": [480, 640], ""intrinsics"": [450.0, 0, 320.0, 0, 450.0, 240.0, 0, 0, 1], ""position"": [0, -0.5, 0.75], ""rotation"": [-0.8681627791959909, 0.3596047974904982, -0.13088544238586683, 0.3159854101251621], ""zrange"": [0.01, 10.0], ""noise"": false}], ""primitive"": ""pick_place"", ""params"": {""pose0"": [[0.375, -0.11249999999999999, 0.013179000467061996], [0.0, 0.0, 0.0, 1.0]], ""pose1"": [[0.35065165162086487, -0.0934760719537735, -0.003654307685792446], [0, 0, 0, 1]]}}",nan,nan,nan,nan,,breakaway_force_2p6_disp_0p045_pull_0p36,hidden_breakaway_pin,hidden_pin,free_vs_hidden_breakaway_pin,free_vs_hidden_pin,tf_free_action_execution_diagnostic,7
oracle_action,,free,310001,15.0,7,1,1,0.04166666666666663,0.9583333333333334,1.0,0.04166666666666663,,pick_place,True,0.590625,-0.1875,0.012982510030269623,0.6083353161811829,-0.17677338421344757,-0.001967442687600851,1.0,1.0,True,"{""camera_config"": [{""image_size"": [480, 640], ""intrinsics"": [450.0, 0, 320.0, 0, 450.0, 240.0, 0, 0, 1], ""position"": [1.0, 0, 0.75], ""rotation"": [0.6532814824381883, 0.6532814824381884, -0.2705980500730986, -0.27059805007309845], ""zrange"": [0.01, 10.0], ""noise"": false}, {""image_size"": [480, 640], ""intrinsics"": [450.0, 0, 320.0, 0, 450.0, 240.0, 0, 0, 1], ""position"": [0, 0.5, 0.75], ""rotation"": [-0.3596047974904982, 0.8681627791959909, -0.3159854101251621, 0.1308854423858669], ""zrange"": [0.01, 10.0], ""noise"": false}, {""image_size"": [480, 640], ""intrinsics"": [450.0, 0, 320.0, 0, 450.0, 240.0, 0, 0, 1], ""position"": [0, -0.5, 0.75], ""rotation"": [-0.8681627791959909, 0.3596047974904982, -0.13088544238586683, 0.3159854101251621], ""zrange"": [0.01, 10.0], ""noise"": false}], ""primitive"": ""pick_place"", ""params"": {""pose0"": [[0.590625, -0.1875, 0.012982510030269623], [0.0, 0.0, 0.0, 1.0]], ""pose1"": [[0.6083353161811829, -0.17677338421344757, -0.001967442687600851], [0, 0, 0, 1]]}}",nan,nan,nan,nan,,breakaway_force_2p6_disp_0p045_pull_0p36,hidden_breakaway_pin,hidden_pin,free_vs_hidden_breakaway_pin,free_vs_hidden_pin,tf_free_action_execution_diagnostic,8
gt_y_action_replay,,free,310001,15.0,0,0,0,0.0,0.0,0.0,0.0,,pick_place,True,0.6000000238418579,0.23125000298023224,0.013128692284226418,0.6216307878494263,0.18776901066303253,0.0047466750256717205,1.0,1.0,True,"{""camera_config"": [{""image_size"": [480, 640], ""intrinsics"": [450.0, 0, 320.0, 0, 450.0, 240.0, 0, 0, 1], ""position"": [1.0, 0, 0.75], ""rotation"": [0.6532814824381883, 0.6532814824381884, -0.2705980500730986, -0.27059805007309845], ""zrange"": [0.01, 10.0], ""noise"": false}, {""image_size"": [480, 640], ""intrinsics"": [450.0, 0, 320.0, 0, 450.0, 240.0, 0, 0, 1], ""position"": [0, 0.5, 0.75], ""rotation"": [-0.3596047974904982, 0.8681627791959909, -0.3159854101251621, 0.1308854423858669], ""zrange"": [0.01, 10.0], ""noise"": false}, {""image_size"": [480, 640], ""intrinsics"": [450.0, 0, 320.0, 0, 450.0, 240.0, 0, 0, 1], ""position"": [0, -0.5, 0.75], ""rotation"": [-0.8681627791959909, 0.3596047974904982, -0.13088544238586683, 0.3159854101251621], ""zrange"": [0.01, 10.0], ""noise"": false}], ""primitive"": ""pick_place"", ""params"": {""pose0"": [[0.6000000238418579, 0.23125000298023224, 0.013128692284226418], [0.0, 0.0, 0.0, 1.0]], ""pose1"": [[0.6216307878494263, 0.18776901066303253, 0.0047466750256717205], [0.0, 0.0, 0.0, 1.0]]}}",nan,nan,1.683850884437561,1.683850884437561,4,breakaway_force_2p6_disp_0p045_pull_0p36,hidden_breakaway_pin,hidden_pin,free_vs_hidden_breakaway_pin,free_vs_hidden_pin,tf_free_action_execution_diagnostic,
learned_action,paper_state,free,310001,15.0,0,0,0,0.125,0.0,0.125,0.125,,pick_place,True,0.6456823348999023,-0.4495430290699005,0.013237704522907734,0.4448896646499634,0.05240318924188614,-0.0068486640229821205,1.0000000000000013,1.0,True,"{""camera_config"": [{""image_size"": [480, 640], ""intrinsics"": [450.0, 0, 320.0, 0, 450.0, 240.0, 0, 0, 1], ""position"": [1.0, 0, 0.75], ""rotation"": [0.6532814824381883, 0.6532814824381884, -0.2705980500730986, -0.27059805007309845], ""zrange"": [0.01, 10.0], ""noise"": false}, {""image_size"": [480, 640], ""intrinsics"": [450.0, 0, 320.0, 0, 450.0, 240.0, 0, 0, 1], ""position"": [0, 0.5, 0.75], ""rotation"": [-0.3596047974904982, 0.8681627791959909, -0.3159854101251621, 0.1308854423858669], ""zrange"": [0.01, 10.0], ""noise"": false}, {""image_size"": [480, 640], ""intrinsics"": [450.0, 0, 320.0, 0, 450.0, 240.0, 0, 0, 1], ""position"": [0, -0.5, 0.75], ""rotation"": [-0.8681627791959909, 0.3596047974904982, -0.13088544238586683, 0.3159854101251621], ""zrange"": [0.01, 10.0], ""noise"": false}], ""primitive"": ""pick_place"", ""params"": {""pose0"": [[0.6456823348999023, -0.4495430290699005, 0.013237704522907734], [3.659614833395608e-08, 1.4818348326173236e-08, -3.258006131545699e-08, 1.0]], ""pose1"": [[0.4448896646499634, 0.05240318924188614, -0.0068486640229821205], [4.016083021696204e-09, -1.7825495524093071e-09, 5.180975204410743e-09, 1.0]]}}",0.7188447713851929,0.0,1.6792526245117188,1.6792526245117188,,breakaway_force_2p6_disp_0p045_pull_0p36,hidden_breakaway_pin,hidden_pin,free_vs_hidden_breakaway_pin,free_vs_hidden_pin,tf_free_action_execution_diagnostic,
learned_action,paper_state,free,310001,15.0,1,0,0,0.0,0.125,0.125,0.0,,pick_place,True,0.5637226700782776,-0.15842965245246887,0.015000707469880581,0.537592351436615,-0.10523491352796555,-0.0006599369226023555,1.0000000000000007,1.0000000000000002,True,"{""camera_config"": [{""image_size"": [480, 640], ""intrinsics"": [450.0, 0, 320.0, 0, 450.0, 240.0, 0, 0, 1], ""position"": [1.0, 0, 0.75], ""rotation"": [0.6532814824381883, 0.6532814824381884, -0.2705980500730986, -0.27059805007309845], ""zrange"": [0.01, 10.0], ""noise"": false}, {""image_size"": [480, 640], ""intrinsics"": [450.0, 0, 320.0, 0, 450.0, 240.0, 0, 0, 1], ""position"": [0, 0.5, 0.75], ""rotation"": [-0.3596047974904982, 0.8681627791959909, -0.3159854101251621, 0.1308854423858669], ""zrange"": [0.01, 10.0], ""noise"": false}, {""image_size"": [480, 640], ""intrinsics"": [450.0, 0, 320.0, 0, 450.0, 240.0, 0, 0, 1], ""position"": [0, -0.5, 0.75], ""rotation"": [-0.8681627791959909, 0.3596047974904982, -0.13088544238586683, 0.3159854101251621], ""zrange"": [0.01, 10.0], ""noise"": false}], ""primitive"": ""pick_place"", ""params"": {""pose0"": [[0.5637226700782776, -0.15842965245246887, 0.015000707469880581], [-3.144374360886104e-08, 1.933865512171451e-08, -7.48647011050707e-09, 1.0]], ""pose1"": [[0.537592351436615, -0.10523491352796555, -0.0006599369226023555], [4.93909091403566e-09, -2.3447441321877704e-08, 1.0553095064480544e-09, 1.0]]}}",0.22704817354679108,0.0,1.6257885694503784,1.6257885694503784,,breakaway_force_2p6_disp_0p045_pull_0p36,hidden_breakaway_pin,hidden_pin,free_vs_hidden_breakaway_pin,free_vs_hidden_pin,tf_free_action_execution_diagnostic,
learned_action,paper_state,free,310001,15.0,2,0,0,0.0,0.125,0.125,0.0,,pick_place,True,0.5204139351844788,-0.11837908625602722,0.014861800707876682,0.5203962922096252,-0.049061357975006104,-0.0010716512333601713,1.0000000000000002,1.0000000000000002,True,"{""camera_config"": [{""image_size"": [480, 640], ""intrinsics"": [450.0, 0, 320.0, 0, 450.0, 240.0, 0, 0, 1], ""position"": [1.0, 0, 0.75], ""rotation"": [0.6532814824381883, 0.6532814824381884, -0.2705980500730986, -0.27059805007309845], ""zrange"": [0.01, 10.0], ""noise"": false}, {""image_size"": [480, 640], ""intrinsics"": [450.0, 0, 320.0, 0, 450.0, 240.0, 0, 0, 1], ""position"": [0, 0.5, 0.75], ""rotation"": [-0.3596047974904982, 0.8681627791959909, -0.3159854101251621, 0.1308854423858669], ""zrange"": [0.01, 10.0], ""noise"": false}, {""image_size"": [480, 640], ""intrinsics"": [450.0, 0, 320.0, 0, 450.0, 240.0, 0, 0, 1], ""position"": [0, -0.5, 0.75], ""rotation"": [-0.8681627791959909, 0.3596047974904982, -0.13088544238586683, 0.3159854101251621], ""zrange"": [0.01, 10.0], ""noise"": false}], ""primitive"": ""pick_place"", ""params"": {""pose0"": [[0.5204139351844788, -0.11837908625602722, 0.014861800707876682], [-1.1723810366959242e-08, 8.72505090399045e-09, -1.6382575296347568e-08, 1.0]], ""pose1"": [[0.5203962922096252, -0.049061357975006104, -0.0010716512333601713], [1.641887692471755e-08, -1.5483238302582691e-10, -1.3561639811143777e-08, 1.0]]}}",0.12902799248695374,0.0,1.5994641780853271,1.5994641780853271,,breakaway_force_2p6_disp_0p045_pull_0p36,hidden_breakaway_pin,hidden_pin,free_vs_hidden_breakaway_pin,free_vs_hidden_pin,tf_free_action_execution_diagnostic,
learned_action,paper_state,free,310001,15.0,3,0,0,0.0,0.125,0.125,0.0,,pick_place,True,0.4983404278755188,-0.03677602484822273,0.013300588354468346,0.5035301446914673,-0.01232363935559988,-0.0010738030541688204,1.0000000000000004,1.0000000000000002,True,"{""camera_config"": [{""image_size"": [480, 640], ""intrinsics"": [450.0, 0, 320.0, 0, 450.0, 240.0, 0, 0, 1], ""position"": [1.0, 0, 0.75], ""rotation"": [0.6532814824381883, 0.6532814824381884, -0.2705980500730986, -0.27059805007309845], ""zrange"": [0.01, 10.0], ""noise"": false}, {""image_size"": [480, 640], ""intrinsics"": [450.0, 0, 320.0, 0, 450.0, 240.0, 0, 0, 1], ""position"": [0, 0.5, 0.75], ""rotation"": [-0.3596047974904982, 0.8681627791959909, -0.3159854101251621, 0.1308854423858669], ""zrange"": [0.01, 10.0], ""noise"": false}, {""image_size"": [480, 640], ""intrinsics"": [450.0, 0, 320.0, 0, 450.0, 240.0, 0, 0, 1], ""position"": [0, -0.5, 0.75], ""rotation"": [-0.8681627791959909, 0.3596047974904982, -0.13088544238586683, 0.3159854101251621], ""zrange"": [0.01, 10.0], ""noise"": false}], ""primitive"": ""pick_place"", ""params"": {""pose0"": [[0.4983404278755188, -0.03677602484822273, 0.013300588354468346], [1.472332300522794e-08, -8.798509476548588e-09, -2.479109006969793e-08, 1.0]], ""pose1"": [[0.5035301446914673, -0.01232363935559988, -0.0010738030541688204], [-2.2760886508876865e-09, -7.800561974136144e-09, 2.595050219156292e-08, 1.0]]}}",0.12154452502727509,0.0,1.5822668075561523,1.5822668075561523,,breakaway_force_2p6_disp_0p045_pull_0p36,hidden_breakaway_pin,hidden_pin,free_vs_hidden_breakaway_pin,free_vs_hidden_pin,tf_free_action_execution_diagnostic,
learned_action,state_action,free,310001,15.0,0,0,0,0.125,0.0,0.125,0.125,,pick_place,True,0.6402799487113953,-0.4211270809173584,0.012279864400625229,0.4583527445793152,0.0928659588098526,-0.0067276242189109325,1.0000000000000004,1.0,True,"{""camera_config"": [{""image_size"": [480, 640], ""intrinsics"": [450.0, 0, 320.0, 0, 450.0, 240.0, 0, 0, 1], ""position"": [1.0, 0, 0.75], ""rotation"": [0.6532814824381883, 0.6532814824381884, -0.2705980500730986, -0.27059805007309845], ""zrange"": [0.01, 10.0], ""noise"": false}, {""image_size"": [480, 640], ""intrinsics"": [450.0, 0, 320.0, 0, 450.0, 240.0, 0, 0, 1], ""position"": [0, 0.5, 0.75], ""rotation"": [-0.3596047974904982, 0.8681627791959909, -0.3159854101251621, 0.1308854423858669], ""zrange"": [0.01, 10.0], ""noise"": false}, {""image_size"": [480, 640], ""intrinsics"": [450.0, 0, 320.0, 0, 450.0, 240.0, 0, 0, 1], ""position"": [0, -0.5, 0.75], ""rotation"": [-0.8681627791959909, 0.3596047974904982, -0.13088544238586683, 0.3159854101251621], ""zrange"": [0.01, 10.0], ""noise"": false}], ""primitive"": ""pick_place"", ""params"": {""pose0"": [[0.6402799487113953, -0.4211270809173584, 0.012279864400625229], [2.6029510991065763e-08, 1.4517903323962855e-08, -1.7028234822191735e-08, 1.0]], ""pose1"": [[0.4583527445793152, 0.0928659588098526, -0.0067276242189109325], [-1.0773720804380105e-09, -9.798047706510715e-09, 5.9988347622663696e-09, 1.0]]}}",0.7025006413459778,0.0,1.6751757860183716,1.6751757860183716,,breakaway_force_2p6_disp_0p045_pull_0p36,hidden_breakaway_pin,hidden_pin,free_vs_hidden_breakaway_pin,free_vs_hidden_pin,tf_free_action_execution_diagnostic,
learned_action,state_action,free,310001,15.0,1,0,0,-0.125,0.125,0.0,-0.125,,pick_place,True,0.5789583325386047,-0.13668203353881836,0.014209640212357044,0.5197632908821106,-0.07144387066364288,-0.00021700194338336587,1.0000000000000004,1.0000000000000002,True,"{""camera_config"": [{""image_size"": [480, 640], ""intrinsics"": [450.0, 0, 320.0, 0, 450.0, 240.0, 0, 0, 1], ""position"": [1.0, 0, 0.75], ""rotation"": [0.6532814824381883, 0.6532814824381884, -0.2705980500730986, -0.27059805007309845], ""zrange"": [0.01, 10.0], ""noise"": false}, {""image_size"": [480, 640], ""intrinsics"": [450.0, 0, 320.0, 0, 450.0, 240.0, 0, 0, 1], ""position"": [0, 0.5, 0.75], ""rotation"": [-0.3596047974904982, 0.8681627791959909, -0.3159854101251621, 0.1308854423858669], ""zrange"": [0.01, 10.0], ""noise"": false}, {""image_size"": [480, 640], ""intrinsics"": [450.0, 0, 320.0, 0, 450.0, 240.0, 0, 0, 1], ""position"": [0, -0.5, 0.75], ""rotation"": [-0.8681627791959909, 0.3596047974904982, -0.13088544238586683, 0.3159854101251621], ""zrange"": [0.01, 10.0], ""noise"": false}], ""primitive"": ""pick_place"", ""params"": {""pose0"": [[0.5789583325386047, -0.13668203353881836, 0.014209640212357044], [-3.148695171262261e-08, 5.755778631488795e-10, -6.774896754713211e-10, 1.0]], ""pose1"": [[0.5197632908821106, -0.07144387066364288, -0.00021700194338336587], [1.3160966538805496e-08, -1.7840047661366043e-08, -1.566408869280167e-08, 1.0]]}}",0.1885741949081421,0.0,1.621522307395935,1.621522307395935,,breakaway_force_2p6_disp_0p045_pull_0p36,hidden_breakaway_pin,hidden_pin,free_vs_hidden_breakaway_pin,free_vs_hidden_pin,tf_free_action_execution_diagnostic,
learned_action,state_action,free,310001,15.0,2,0,0,0.0,0.0,0.0,0.0,,pick_place,True,0.5329145789146423,-0.07421116530895233,0.013732146471738815,0.5222330093383789,-0.04579073190689087,-0.0016257690731436014,1.0000000000000004,1.0000000000000002,True,"{""camera_config"": [{""image_size"": [480, 640], ""intrinsics"": [450.0, 0, 320.0, 0, 450.0, 240.0, 0, 0, 1], ""position"": [1.0, 0, 0.75], ""rotation"": [0.6532814824381883, 0.6532814824381884, -0.2705980500730986, -0.27059805007309845], ""zrange"": [0.01, 10.0], ""noise"": false}, {""image_size"": [480, 640], ""intrinsics"": [450.0, 0, 320.0, 0, 450.0, 240.0, 0, 0, 1], ""position"": [0, 0.5, 0.75], ""rotation"": [-0.3596047974904982, 0.8681627791959909, -0.3159854101251621, 0.1308854423858669], ""zrange"": [0.01, 10.0], ""noise"": false}, {""image_size"": [480, 640], ""intrinsics"": [450.0, 0, 320.0, 0, 450.0, 240.0, 0, 0, 1], ""position"": [0, -0.5, 0.75], ""rotation"": [-0.8681627791959909, 0.3596047974904982, -0.13088544238586683, 0.3159854101251621], ""zrange"": [0.01, 10.0], ""noise"": false}], ""primitive"": ""pick_place"", ""params"": {""pose0"": [[0.5329145789146423, -0.07421116530895233, 0.013732146471738815], [-2.7936620128343748e-08, 3.0611455037465873e-10, -8.512893723278125e-10, 1.0]], ""pose1"": [[0.5222330093383789, -0.04579073190689087, -0.0016257690731436014], [2.378918573242572e-08, -1.2837927387820969e-09, -8.707829124432465e-09, 1.0]]}}",0.10123742371797562,0.0,1.601412057876587,1.601412057876587,,breakaway_force_2p6_disp_0p045_pull_0p36,hidden_breakaway_pin,hidden_pin,free_vs_hidden_breakaway_pin,free_vs_hidden_pin,tf_free_action_execution_diagnostic,
learned_action,state_action,free,310001,15.0,3,0,0,0.0,0.0,0.0,0.0,,pick_place,True,0.5107341408729553,-0.023764751851558685,0.01224260963499546,0.4966720938682556,0.012723196297883987,-0.001486985245719552,1.0000000000000002,1.0,True,"{""camera_config"": [{""image_size"": [480, 640], ""intrinsics"": [450.0, 0, 320.0, 0, 450.0, 240.0, 0, 0, 1], ""position"": [1.0, 0, 0.75], ""rotation"": [0.6532814824381883, 0.6532814824381884, -0.2705980500730986, -0.27059805007309845], ""zrange"": [0.01, 10.0], ""noise"": false}, {""image_size"": [480, 640], ""intrinsics"": [450.0, 0, 320.0, 0, 450.0, 240.0, 0, 0, 1], ""position"": [0, 0.5, 0.75], ""rotation"": [-0.3596047974904982, 0.8681627791959909, -0.3159854101251621, 0.1308854423858669], ""zrange"": [0.01, 10.0], ""noise"": false}, {""image_size"": [480, 640], ""intrinsics"": [450.0, 0, 320.0, 0, 450.0, 240.0, 0, 0, 1], ""position"": [0, -0.5, 0.75], ""rotation"": [-0.8681627791959909, 0.3596047974904982, -0.13088544238586683, 0.3159854101251621], ""zrange"": [0.01, 10.0], ""noise"": false}], ""primitive"": ""pick_place"", ""params"": {""pose0"": [[0.5107341408729553, -0.023764751851558685, 0.01224260963499546], [-1.0710724751561429e-08, -1.4688711580390645e-08, 3.5388245667178353e-09, 1.0]], ""pose1"": [[0.4966720938682556, 0.012723196297883987, -0.001486985245719552], [8.26253065966398e-10, 6.403220620398997e-09, 6.947783681710007e-09, 1.0]]}}",0.1658991575241089,0.0,1.583796501159668,1.583796501159668,,breakaway_force_2p6_disp_0p045_pull_0p36,hidden_breakaway_pin,hidden_pin,free_vs_hidden_breakaway_pin,free_vs_hidden_pin,tf_free_action_execution_diagnostic,
oracle_action,,hidden_pin,310000,5.0,0,0,0,0.0,0.0,0.0,0.0,,None,True,nan,nan,nan,nan,nan,nan,nan,nan,False,"{""camera_config"": [{""image_size"": [480, 640], ""intrinsics"": [450.0, 0, 320.0, 0, 450.0, 240.0, 0, 0, 1], ""position"": [1.0, 0, 0.75], ""rotation"": [0.6532814824381883, 0.6532814824381884, -0.2705980500730986, -0.27059805007309845], ""zrange"": [0.01, 10.0], ""noise"": false}, {""image_size"": [480, 640], ""intrinsics"": [450.0, 0, 320.0, 0, 450.0, 240.0, 0, 0, 1], ""position"": [0, 0.5, 0.75], ""rotation"": [-0.3596047974904982, 0.8681627791959909, -0.3159854101251621, 0.1308854423858669], ""zrange"": [0.01, 10.0], ""noise"": false}, {""image_size"": [480, 640], ""intrinsics"": [450.0, 0, 320.0, 0, 450.0, 240.0, 0, 0, 1], ""position"": [0, -0.5, 0.75], ""rotation"": [-0.8681627791959909, 0.3596047974904982, -0.13088544238586683, 0.3159854101251621], ""zrange"": [0.01, 10.0], ""noise"": false}], ""primitive"": null}",nan,nan,nan,nan,,breakaway_force_2p6_disp_0p045_pull_0p36,hidden_breakaway_pin,hidden_pin,free_vs_hidden_breakaway_pin,free_vs_hidden_pin,tf_free_action_execution_diagnostic,1
oracle_action,,hidden_pin,310000,5.0,1,0,0,0.0,0.0,0.0,0.0,,pick_place,True,0.41875,0.234375,0.027879968285560608,0.40163663029670715,-0.3037395179271698,-0.000643471023067832,1.0,1.0,True,"{""camera_config"": [{""image_size"": [480, 640], ""intrinsics"": [450.0, 0, 320.0, 0, 450.0, 240.0, 0, 0, 1], ""position"": [1.0, 0, 0.75], ""rotation"": [0.6532814824381883, 0.6532814824381884, -0.2705980500730986, -0.27059805007309845], ""zrange"": [0.01, 10.0], ""noise"": false}, {""image_size"": [480, 640], ""intrinsics"": [450.0, 0, 320.0, 0, 450.0, 240.0, 0, 0, 1], ""position"": [0, 0.5, 0.75], ""rotation"": [-0.3596047974904982, 0.8681627791959909, -0.3159854101251621, 0.1308854423858669], ""zrange"": [0.01, 10.0], ""noise"": false}, {""image_size"": [480, 640], ""intrinsics"": [450.0, 0, 320.0, 0, 450.0, 240.0, 0, 0, 1], ""position"": [0, -0.5, 0.75], ""rotation"": [-0.8681627791959909, 0.3596047974904982, -0.13088544238586683, 0.3159854101251621], ""zrange"": [0.01, 10.0], ""noise"": false}], ""primitive"": ""pick_place"", ""params"": {""pose0"": [[0.41875, 0.234375, 0.027879968285560608], [0.0, 0.0, 0.0, 1.0]], ""pose1"": [[0.40163663029670715, -0.3037395179271698, -0.000643471023067832], [0, 0, 0, 1]]}}",nan,nan,nan,nan,,breakaway_force_2p6_disp_0p045_pull_0p36,hidden_breakaway_pin,hidden_pin,free_vs_hidden_breakaway_pin,free_vs_hidden_pin,tf_free_action_execution_diagnostic,2
oracle_action,,hidden_pin,310000,5.0,2,0,0,0.0,0.0,0.0,0.0,,pick_place,True,0.396875,0.22812500000000002,0.013871663250029087,0.48132699728012085,-0.2430613487958908,0.0009360673138871789,1.0,1.0,True,"{""camera_config"": [{""image_size"": [480, 640], ""intrinsics"": [450.0, 0, 320.0, 0, 450.0, 240.0, 0, 0, 1], ""position"": [1.0, 0, 0.75], ""rotation"": [0.6532814824381883, 0.6532814824381884, -0.2705980500730986, -0.27059805007309845], ""zrange"": [0.01, 10.0], ""noise"": false}, {""image_size"": [480, 640], ""intrinsics"": [450.0, 0, 320.0, 0, 450.0, 240.0, 0, 0, 1], ""position"": [0, 0.5, 0.75], ""rotation"": [-0.3596047974904982, 0.8681627791959909, -0.3159854101251621, 0.1308854423858669], ""zrange"": [0.01, 10.0], ""noise"": false}, {""image_size"": [480, 640], ""intrinsics"": [450.0, 0, 320.0, 0, 450.0, 240.0, 0, 0, 1], ""position"": [0, -0.5, 0.75], ""rotation"": [-0.8681627791959909, 0.3596047974904982, -0.13088544238586683, 0.3159854101251621], ""zrange"": [0.01, 10.0], ""noise"": false}], ""primitive"": ""pick_place"", ""params"": {""pose0"": [[0.396875, 0.22812500000000002, 0.013871663250029087], [0.0, 0.0, 0.0, 1.0]], ""pose1"": [[0.48132699728012085, -0.2430613487958908, 0.0009360673138871789], [0, 0, 0, 1]]}}",nan,nan,nan,nan,,breakaway_force_2p6_disp_0p045_pull_0p36,hidden_breakaway_pin,hidden_pin,free_vs_hidden_breakaway_pin,free_vs_hidden_pin,tf_free_action_execution_diagnostic,3
oracle_action,,hidden_pin,310000,5.0,3,0,0,0.0,0.0,0.0,0.0,,pick_place,True,0.396875,0.2250000000000001,0.01366568636149168,0.48175278306007385,-0.24325910210609436,0.003995693288743496,1.0,1.0,True,"{""camera_config"": [{""image_size"": [480, 640], ""intrinsics"": [450.0, 0, 320.0, 0, 450.0, 240.0, 0, 0, 1], ""position"": [1.0, 0, 0.75], ""rotation"": [0.6532814824381883, 0.6532814824381884, -0.2705980500730986, -0.27059805007309845], ""zrange"": [0.01, 10.0], ""noise"": false}, {""image_size"": [480, 640], ""intrinsics"": [450.0, 0, 320.0, 0, 450.0, 240.0, 0, 0, 1], ""position"": [0, 0.5, 0.75], ""rotation"": [-0.3596047974904982, 0.8681627791959909, -0.3159854101251621, 0.1308854423858669], ""zrange"": [0.01, 10.0], ""noise"": false}, {""image_size"": [480, 640], ""intrinsics"": [450.0, 0, 320.0, 0, 450.0, 240.0, 0, 0, 1], ""position"": [0, -0.5, 0.75], ""rotation"": [-0.8681627791959909, 0.3596047974904982, -0.13088544238586683, 0.3159854101251621], ""zrange"": [0.01, 10.0], ""noise"": false}], ""primitive"": ""pick_place"", ""params"": {""pose0"": [[0.396875, 0.2250000000000001, 0.01366568636149168], [0.0, 0.0, 0.0, 1.0]], ""pose1"": [[0.48175278306007385, -0.24325910210609436, 0.003995693288743496], [0, 0, 0, 1]]}}",nan,nan,nan,nan,,breakaway_force_2p6_disp_0p045_pull_0p36,hidden_breakaway_pin,hidden_pin,free_vs_hidden_breakaway_pin,free_vs_hidden_pin,tf_free_action_execution_diagnostic,4
oracle_action,,hidden_pin,310000,5.0,4,0,0,0.0,0.0,0.0,0.0,,pick_place,True,0.4,0.22812500000000002,0.013817100785672665,0.4814301133155823,-0.24005919694900513,0.0010822530603036284,1.0,1.0,True,"{""camera_config"": [{""image_size"": [480, 640], ""intrinsics"": [450.0, 0, 320.0, 0, 450.0, 240.0, 0, 0, 1], ""position"": [1.0, 0, 0.75], ""rotation"": [0.6532814824381883, 0.6532814824381884, -0.2705980500730986, -0.27059805007309845], ""zrange"": [0.01, 10.0], ""noise"": false}, {""image_size"": [480, 640], ""intrinsics"": [450.0, 0, 320.0, 0, 450.0, 240.0, 0, 0, 1], ""position"": [0, 0.5, 0.75], ""rotation"": [-0.3596047974904982, 0.8681627791959909, -0.3159854101251621, 0.1308854423858669], ""zrange"": [0.01, 10.0], ""noise"": false}, {""image_size"": [480, 640], ""intrinsics"": [450.0, 0, 320.0, 0, 450.0, 240.0, 0, 0, 1], ""position"": [0, -0.5, 0.75], ""rotation"": [-0.8681627791959909, 0.3596047974904982, -0.13088544238586683, 0.3159854101251621], ""zrange"": [0.01, 10.0], ""noise"": false}], ""primitive"": ""pick_place"", ""params"": {""pose0"": [[0.4, 0.22812500000000002, 0.013817100785672665], [0.0, 0.0, 0.0, 1.0]], ""pose1"": [[0.4814301133155823, -0.24005919694900513, 0.0010822530603036284], [0, 0, 0, 1]]}}",nan,nan,nan,nan,,breakaway_force_2p6_disp_0p045_pull_0p36,hidden_breakaway_pin,hidden_pin,free_vs_hidden_breakaway_pin,free_vs_hidden_pin,tf_free_action_execution_diagnostic,5
oracle_action,,hidden_pin,310000,5.0,5,0,0,0.0,0.0,0.0,0.0,,pick_place,True,0.396875,0.22812500000000002,0.013838471844792366,0.4813346862792969,-0.24311135709285736,0.0007990233134478331,1.0,1.0,True,"{""camera_config"": [{""image_size"": [480, 640], ""intrinsics"": [450.0, 0, 320.0, 0, 450.0, 240.0, 0, 0, 1], ""position"": [1.0, 0, 0.75], ""rotation"": [0.6532814824381883, 0.6532814824381884, -0.2705980500730986, -0.27059805007309845], ""zrange"": [0.01, 10.0], ""noise"": false}, {""image_size"": [480, 640], ""intrinsics"": [450.0, 0, 320.0, 0, 450.0, 240.0, 0, 0, 1], ""position"": [0, 0.5, 0.75], ""rotation"": [-0.3596047974904982, 0.8681627791959909, -0.3159854101251621, 0.1308854423858669], ""zrange"": [0.01, 10.0], ""noise"": false}, {""image_size"": [480, 640], ""intrinsics"": [450.0, 0, 320.0, 0, 450.0, 240.0, 0, 0, 1], ""position"": [0, -0.5, 0.75], ""rotation"": [-0.8681627791959909, 0.3596047974904982, -0.13088544238586683, 0.3159854101251621], ""zrange"": [0.01, 10.0], ""noise"": false}], ""primitive"": ""pick_place"", ""params"": {""pose0"": [[0.396875, 0.22812500000000002, 0.013838471844792366], [0.0, 0.0, 0.0, 1.0]], ""pose1"": [[0.4813346862792969, -0.24311135709285736, 0.0007990233134478331], [0, 0, 0, 1]]}}",nan,nan,nan,nan,,breakaway_force_2p6_disp_0p045_pull_0p36,hidden_breakaway_pin,hidden_pin,free_vs_hidden_breakaway_pin,free_vs_hidden_pin,tf_free_action_execution_diagnostic,6
oracle_action,,hidden_pin,310000,5.0,6,0,0,0.0,0.0,0.0,0.0,,pick_place,True,0.4,0.2250000000000001,0.013557941652834415,0.4819115102291107,-0.24019069969654083,0.004105201456695795,1.0,1.0,True,"{""camera_config"": [{""image_size"": [480, 640], ""intrinsics"": [450.0, 0, 320.0, 0, 450.0, 240.0, 0, 0, 1], ""position"": [1.0, 0, 0.75], ""rotation"": [0.6532814824381883, 0.6532814824381884, -0.2705980500730986, -0.27059805007309845], ""zrange"": [0.01, 10.0], ""noise"": false}, {""image_size"": [480, 640], ""intrinsics"": [450.0, 0, 320.0, 0, 450.0, 240.0, 0, 0, 1], ""position"": [0, 0.5, 0.75], ""rotation"": [-0.3596047974904982, 0.8681627791959909, -0.3159854101251621, 0.1308854423858669], ""zrange"": [0.01, 10.0], ""noise"": false}, {""image_size"": [480, 640], ""intrinsics"": [450.0, 0, 320.0, 0, 450.0, 240.0, 0, 0, 1], ""position"": [0, -0.5, 0.75], ""rotation"": [-0.8681627791959909, 0.3596047974904982, -0.13088544238586683, 0.3159854101251621], ""zrange"": [0.01, 10.0], ""noise"": false}], ""primitive"": ""pick_place"", ""params"": {""pose0"": [[0.4, 0.2250000000000001, 0.013557941652834415], [0.0, 0.0, 0.0, 1.0]], ""pose1"": [[0.4819115102291107, -0.24019069969654083, 0.004105201456695795], [0, 0, 0, 1]]}}",nan,nan,nan,nan,,breakaway_force_2p6_disp_0p045_pull_0p36,hidden_breakaway_pin,hidden_pin,free_vs_hidden_breakaway_pin,free_vs_hidden_pin,tf_free_action_execution_diagnostic,7
oracle_action,,hidden_pin,310000,5.0,7,0,0,0.0,0.0,0.0,0.0,,pick_place,True,0.396875,0.2250000000000001,0.013678936287760735,0.4817133843898773,-0.2436084896326065,0.003694636281579733,1.0,1.0,True,"{""camera_config"": [{""image_size"": [480, 640], ""intrinsics"": [450.0, 0, 320.0, 0, 450.0, 240.0, 0, 0, 1], ""position"": [1.0, 0, 0.75], ""rotation"": [0.6532814824381883, 0.6532814824381884, -0.2705980500730986, -0.27059805007309845], ""zrange"": [0.01, 10.0], ""noise"": false}, {""image_size"": [480, 640], ""intrinsics"": [450.0, 0, 320.0, 0, 450.0, 240.0, 0, 0, 1], ""position"": [0, 0.5, 0.75], ""rotation"": [-0.3596047974904982, 0.8681627791959909, -0.3159854101251621, 0.1308854423858669], ""zrange"": [0.01, 10.0], ""noise"": false}, {""image_size"": [480, 640], ""intrinsics"": [450.0, 0, 320.0, 0, 450.0, 240.0, 0, 0, 1], ""position"": [0, -0.5, 0.75], ""rotation"": [-0.8681627791959909, 0.3596047974904982, -0.13088544238586683, 0.3159854101251621], ""zrange"": [0.01, 10.0], ""noise"": false}], ""primitive"": ""pick_place"", ""params"": {""pose0"": [[0.396875, 0.2250000000000001, 0.013678936287760735], [0.0, 0.0, 0.0, 1.0]], ""pose1"": [[0.4817133843898773, -0.2436084896326065, 0.003694636281579733], [0, 0, 0, 1]]}}",nan,nan,nan,nan,,breakaway_force_2p6_disp_0p045_pull_0p36,hidden_breakaway_pin,hidden_pin,free_vs_hidden_breakaway_pin,free_vs_hidden_pin,tf_free_action_execution_diagnostic,8
gt_y_action_replay,,hidden_pin,310000,5.0,0,0,0,0.0,0.0,0.0,0.0,,pick_place,True,0.6781250238418579,0.40937501192092896,0.02290579304099083,0.3779291808605194,-0.030143385753035545,-0.0015833125216886401,1.0,1.0,True,"{""camera_config"": [{""image_size"": [480, 640], ""intrinsics"": [450.0, 0, 320.0, 0, 450.0, 240.0, 0, 0, 1], ""position"": [1.0, 0, 0.75], ""rotation"": [0.6532814824381883, 0.6532814824381884, -0.2705980500730986, -0.27059805007309845], ""zrange"": [0.01, 10.0], ""noise"": false}, {""image_size"": [480, 640], ""intrinsics"": [450.0, 0, 320.0, 0, 450.0, 240.0, 0, 0, 1], ""position"": [0, 0.5, 0.75], ""rotation"": [-0.3596047974904982, 0.8681627791959909, -0.3159854101251621, 0.1308854423858669], ""zrange"": [0.01, 10.0], ""noise"": false}, {""image_size"": [480, 640], ""intrinsics"": [450.0, 0, 320.0, 0, 450.0, 240.0, 0, 0, 1], ""position"": [0, -0.5, 0.75], ""rotation"": [-0.8681627791959909, 0.3596047974904982, -0.13088544238586683, 0.3159854101251621], ""zrange"": [0.01, 10.0], ""noise"": false}], ""primitive"": ""pick_place"", ""params"": {""pose0"": [[0.6781250238418579, 0.40937501192092896, 0.02290579304099083], [0.0, 0.0, 0.0, 1.0]], ""pose1"": [[0.3779291808605194, -0.030143385753035545, -0.0015833125216886401], [0.0, 0.0, 0.0, 1.0]]}}",nan,nan,1.6648446321487427,1.6648446321487427,1,breakaway_force_2p6_disp_0p045_pull_0p36,hidden_breakaway_pin,hidden_pin,free_vs_hidden_breakaway_pin,free_vs_hidden_pin,tf_free_action_execution_diagnostic,
learned_action,paper_state,hidden_pin,310000,5.0,0,0,0,0.0,0.0,0.0,0.0,,pick_place,True,0.4010820984840393,0.1913822442293167,0.016403410583734512,0.49112075567245483,-0.04939902573823929,-0.004109645262360573,0.9999999403953554,1.0000000000000002,True,"{""camera_config"": [{""image_size"": [480, 640], ""intrinsics"": [450.0, 0, 320.0, 0, 450.0, 240.0, 0, 0, 1], ""position"": [1.0, 0, 0.75], ""rotation"": [0.6532814824381883, 0.6532814824381884, -0.2705980500730986, -0.27059805007309845], ""zrange"": [0.01, 10.0], ""noise"": false}, {""image_size"": [480, 640], ""intrinsics"": [450.0, 0, 320.0, 0, 450.0, 240.0, 0, 0, 1], ""position"": [0, 0.5, 0.75], ""rotation"": [-0.3596047974904982, 0.8681627791959909, -0.3159854101251621, 0.1308854423858669], ""zrange"": [0.01, 10.0], ""noise"": false}, {""image_size"": [480, 640], ""intrinsics"": [450.0, 0, 320.0, 0, 450.0, 240.0, 0, 0, 1], ""position"": [0, -0.5, 0.75], ""rotation"": [-0.8681627791959909, 0.3596047974904982, -0.13088544238586683, 0.3159854101251621], ""zrange"": [0.01, 10.0], ""noise"": false}], ""primitive"": ""pick_place"", ""params"": {""pose0"": [[0.4010820984840393, 0.1913822442293167, 0.016403410583734512], [-1.7070549418463088e-08, -1.940194449545629e-09, 7.900446408193318e-10, 0.9999999403953552]], ""pose1"": [[0.49112075567245483, -0.04939902573823929, -0.004109645262360573], [-7.785834199580677e-09, -8.915907123707711e-09, -1.6036945993391782e-08, 1.0]]}}",0.49632728099823,0.0,1.5625042915344238,1.5625042915344238,,breakaway_force_2p6_disp_0p045_pull_0p36,hidden_breakaway_pin,hidden_pin,free_vs_hidden_breakaway_pin,free_vs_hidden_pin,tf_free_action_execution_diagnostic,
learned_action,paper_state,hidden_pin,310000,5.0,1,0,0,0.0,0.0,0.0,0.0,,pick_place,True,0.4140859842300415,0.1996040642261505,0.01676967553794384,0.5260865092277527,-0.0659843236207962,-0.0048616318963468075,0.9999999403953556,1.0000000000000002,True,"{""camera_config"": [{""image_size"": [480, 640], ""intrinsics"": [450.0, 0, 320.0, 0, 450.0, 240.0, 0, 0, 1], ""position"": [1.0, 0, 0.75], ""rotation"": [0.6532814824381883, 0.6532814824381884, -0.2705980500730986, -0.27059805007309845], ""zrange"": [0.01, 10.0], ""noise"": false}, {""image_size"": [480, 640], ""intrinsics"": [450.0, 0, 320.0, 0, 450.0, 240.0, 0, 0, 1], ""position"": [0, 0.5, 0.75], ""rotation"": [-0.3596047974904982, 0.8681627791959909, -0.3159854101251621, 0.1308854423858669], ""zrange"": [0.01, 10.0], ""noise"": false}, {""image_size"": [480, 640], ""intrinsics"": [450.0, 0, 320.0, 0, 450.0, 240.0, 0, 0, 1], ""position"": [0, -0.5, 0.75], ""rotation"": [-0.8681627791959909, 0.3596047974904982, -0.13088544238586683, 0.3159854101251621], ""zrange"": [0.01, 10.0], ""noise"": false}], ""primitive"": ""pick_place"", ""params"": {""pose0"": [[0.4140859842300415, 0.1996040642261505, 0.01676967553794384], [-2.3249706160299866e-08, -5.411997516802103e-09, 7.885515351802042e-09, 0.9999999403953552]], ""pose1"": [[0.5260865092277527, -0.0659843236207962, -0.0048616318963468075], [-3.965513251102948e-09, -6.155624010517613e-09, -2.3645556623819175e-08, 1.0]]}}",0.523421049118042,0.0,1.578839659690857,1.578839659690857,,breakaway_force_2p6_disp_0p045_pull_0p36,hidden_breakaway_pin,hidden_pin,free_vs_hidden_breakaway_pin,free_vs_hidden_pin,tf_free_action_execution_diagnostic,
learned_action,paper_state,hidden_pin,310000,5.0,2,0,0,0.0,0.0,0.0,0.0,,pick_place,True,0.42599382996559143,0.18561360239982605,0.01650351844727993,0.5168864727020264,-0.07993828505277634,-0.004764193203300238,0.9999999403953556,1.0000000000000004,True,"{""camera_config"": [{""image_size"": [480, 640], ""intrinsics"": [450.0, 0, 320.0, 0, 450.0, 240.0, 0, 0, 1], ""position"": [1.0, 0, 0.75], ""rotation"": [0.6532814824381883, 0.6532814824381884, -0.2705980500730986, -0.27059805007309845], ""zrange"": [0.01, 10.0], ""noise"": false}, {""image_size"": [480, 640], ""intrinsics"": [450.0, 0, 320.0, 0, 450.0, 240.0, 0, 0, 1], ""position"": [0, 0.5, 0.75], ""rotation"": [-0.3596047974904982, 0.8681627791959909, -0.3159854101251621, 0.1308854423858669], ""zrange"": [0.01, 10.0], ""noise"": false}, {""image_size"": [480, 640], ""intrinsics"": [450.0, 0, 320.0, 0, 450.0, 240.0, 0, 0, 1], ""position"": [0, -0.5, 0.75], ""rotation"": [-0.8681627791959909, 0.3596047974904982, -0.13088544238586683, 0.3159854101251621], ""zrange"": [0.01, 10.0], ""noise"": false}], ""primitive"": ""pick_place"", ""params"": {""pose0"": [[0.42599382996559143, 0.18561360239982605, 0.01650351844727993], [-1.44449083805398e-08, -1.6922994561241467e-08, -3.4136324877920288e-09, 0.9999999403953552]], ""pose1"": [[0.5168864727020264, -0.07993828505277634, -0.004764193203300238], [1.282349670894689e-09, 6.010282938007094e-09, -2.7488049170187878e-08, 1.0]]}}",0.4914945065975189,0.0,1.5779036283493042,1.5779036283493042,,breakaway_force_2p6_disp_0p045_pull_0p36,hidden_breakaway_pin,hidden_pin,free_vs_hidden_breakaway_pin,free_vs_hidden_pin,tf_free_action_execution_diagnostic,
learned_action,paper_state,hidden_pin,310000,5.0,3,0,0,0.0,0.0,0.0,0.0,,pick_place,True,0.43700024485588074,0.15797267854213715,0.01764017902314663,0.5318514108657837,-0.10158233344554901,-0.0050614094361662865,0.9999999403953556,1.0000000000000002,True,"{""camera_config"": [{""image_size"": [480, 640], ""intrinsics"": [450.0, 0, 320.0, 0, 450.0, 240.0, 0, 0, 1], ""position"": [1.0, 0, 0.75], ""rotation"": [0.6532814824381883, 0.6532814824381884, -0.2705980500730986, -0.27059805007309845], ""zrange"": [0.01, 10.0], ""noise"": false}, {""image_size"": [480, 640], ""intrinsics"": [450.0, 0, 320.0, 0, 450.0, 240.0, 0, 0, 1], ""position"": [0, 0.5, 0.75], ""rotation"": [-0.3596047974904982, 0.8681627791959909, -0.3159854101251621, 0.1308854423858669], ""zrange"": [0.01, 10.0], ""noise"": false}, {""image_size"": [480, 640], ""intrinsics"": [450.0, 0, 320.0, 0, 450.0, 240.0, 0, 0, 1], ""position"": [0, -0.5, 0.75], ""rotation"": [-0.8681627791959909, 0.3596047974904982, -0.13088544238586683, 0.3159854101251621], ""zrange"": [0.01, 10.0], ""noise"": false}], ""primitive"": ""pick_place"", ""params"": {""pose0"": [[0.43700024485588074, 0.15797267854213715, 0.01764017902314663], [1.5478077708408478e-09, 1.0558200536081586e-08, -2.2767283169855546e-08, 0.9999999403953552]], ""pose1"": [[0.5318514108657837, -0.10158233344554901, -0.0050614094361662865], [7.293233378335984e-11, -2.0510274367779857e-08, -1.7979607136453524e-08, 1.0]]}}",0.5118005871772766,0.0,1.584123134613037,1.584123134613037,,breakaway_force_2p6_disp_0p045_pull_0p36,hidden_breakaway_pin,hidden_pin,free_vs_hidden_breakaway_pin,free_vs_hidden_pin,tf_free_action_execution_diagnostic,
learned_action,state_action,hidden_pin,310000,5.0,0,0,1,0.0,0.0,0.0,0.0,,pick_place,True,0.40846356749534607,0.2047252506017685,0.016024149954319,0.4896336793899536,-0.06141454726457596,-0.00406043604016304,0.9999999403953553,1.0000000000000004,True,"{""camera_config"": [{""image_size"": [480, 640], ""intrinsics"": [450.0, 0, 320.0, 0, 450.0, 240.0, 0, 0, 1], ""position"": [1.0, 0, 0.75], ""rotation"": [0.6532814824381883, 0.6532814824381884, -0.2705980500730986, -0.27059805007309845], ""zrange"": [0.01, 10.0], ""noise"": false}, {""image_size"": [480, 640], ""intrinsics"": [450.0, 0, 320.0, 0, 450.0, 240.0, 0, 0, 1], ""position"": [0, 0.5, 0.75], ""rotation"": [-0.3596047974904982, 0.8681627791959909, -0.3159854101251621, 0.1308854423858669], ""zrange"": [0.01, 10.0], ""noise"": false}, {""image_size"": [480, 640], ""intrinsics"": [450.0, 0, 320.0, 0, 450.0, 240.0, 0, 0, 1], ""position"": [0, -0.5, 0.75], ""rotation"": [-0.8681627791959909, 0.3596047974904982, -0.13088544238586683, 0.3159854101251621], ""zrange"": [0.01, 10.0], ""noise"": false}], ""primitive"": ""pick_place"", ""params"": {""pose0"": [[0.40846356749534607, 0.2047252506017685, 0.016024149954319], [-5.633642885527479e-09, 1.0240130521310675e-08, -4.423370558725992e-09, 0.9999999403953552]], ""pose1"": [[0.4896336793899536, -0.06141454726457596, -0.00406043604016304], [-1.7432734367162084e-08, -2.3260987802586897e-08, -1.1138610922500902e-08, 1.0]]}}",0.4885317087173462,0.0,1.5660589933395386,1.5660589933395386,,breakaway_force_2p6_disp_0p045_pull_0p36,hidden_breakaway_pin,hidden_pin,free_vs_hidden_breakaway_pin,free_vs_hidden_pin,tf_free_action_execution_diagnostic,
oracle_action,,hidden_pin,310000,15.0,0,0,0,0.0,0.0,0.0,0.0,,None,True,nan,nan,nan,nan,nan,nan,nan,nan,False,"{""camera_config"": [{""image_size"": [480, 640], ""intrinsics"": [450.0, 0, 320.0, 0, 450.0, 240.0, 0, 0, 1], ""position"": [1.0, 0, 0.75], ""rotation"": [0.6532814824381883, 0.6532814824381884, -0.2705980500730986, -0.27059805007309845], ""zrange"": [0.01, 10.0], ""noise"": false}, {""image_size"": [480, 640], ""intrinsics"": [450.0, 0, 320.0, 0, 450.0, 240.0, 0, 0, 1], ""position"": [0, 0.5, 0.75], ""rotation"": [-0.3596047974904982, 0.8681627791959909, -0.3159854101251621, 0.1308854423858669], ""zrange"": [0.01, 10.0], ""noise"": false}, {""image_size"": [480, 640], ""intrinsics"": [450.0, 0, 320.0, 0, 450.0, 240.0, 0, 0, 1], ""position"": [0, -0.5, 0.75], ""rotation"": [-0.8681627791959909, 0.3596047974904982, -0.13088544238586683, 0.3159854101251621], ""zrange"": [0.01, 10.0], ""noise"": false}], ""primitive"": null}",nan,nan,nan,nan,,breakaway_force_2p6_disp_0p045_pull_0p36,hidden_breakaway_pin,hidden_pin,free_vs_hidden_breakaway_pin,free_vs_hidden_pin,tf_free_action_execution_diagnostic,1
oracle_action,,hidden_pin,310000,15.0,1,0,0,0.0,0.0,0.0,0.0,,pick_place,True,0.41875,0.234375,0.027857761830091476,0.40160584449768066,-0.30375373363494873,-0.0006649168208241463,1.0,1.0,True,"{""camera_config"": [{""image_size"": [480, 640], ""intrinsics"": [450.0, 0, 320.0, 0, 450.0, 240.0, 0, 0, 1], ""position"": [1.0, 0, 0.75], ""rotation"": [0.6532814824381883, 0.6532814824381884, -0.2705980500730986, -0.27059805007309845], ""zrange"": [0.01, 10.0], ""noise"": false}, {""image_size"": [480, 640], ""intrinsics"": [450.0, 0, 320.0, 0, 450.0, 240.0, 0, 0, 1], ""position"": [0, 0.5, 0.75], ""rotation"": [-0.3596047974904982, 0.8681627791959909, -0.3159854101251621, 0.1308854423858669], ""zrange"": [0.01, 10.0], ""noise"": false}, {""image_size"": [480, 640], ""intrinsics"": [450.0, 0, 320.0, 0, 450.0, 240.0, 0, 0, 1], ""position"": [0, -0.5, 0.75], ""rotation"": [-0.8681627791959909, 0.3596047974904982, -0.13088544238586683, 0.3159854101251621], ""zrange"": [0.01, 10.0], ""noise"": false}], ""primitive"": ""pick_place"", ""params"": {""pose0"": [[0.41875, 0.234375, 0.027857761830091476], [0.0, 0.0, 0.0, 1.0]], ""pose1"": [[0.40160584449768066, -0.30375373363494873, -0.0006649168208241463], [0, 0, 0, 1]]}}",nan,nan,nan,nan,,breakaway_force_2p6_disp_0p045_pull_0p36,hidden_breakaway_pin,hidden_pin,free_vs_hidden_breakaway_pin,free_vs_hidden_pin,tf_free_action_execution_diagnostic,2
oracle_action,,hidden_pin,310000,15.0,2,0,0,0.0,0.0,0.0,0.0,,pick_place,True,0.396875,0.22812500000000002,0.013944772072136402,0.4813365936279297,-0.2431809902191162,0.0009910368826240301,1.0,1.0,True,"{""camera_config"": [{""image_size"": [480, 640], ""intrinsics"": [450.0, 0, 320.0, 0, 450.0, 240.0, 0, 0, 1], ""position"": [1.0, 0, 0.75], ""rotation"": [0.6532814824381883, 0.6532814824381884, -0.2705980500730986, -0.27059805007309845], ""zrange"": [0.01, 10.0], ""noise"": false}, {""image_size"": [480, 640], ""intrinsics"": [450.0, 0, 320.0, 0, 450.0, 240.0, 0, 0, 1], ""position"": [0, 0.5, 0.75], ""rotation"": [-0.3596047974904982, 0.8681627791959909, -0.3159854101251621, 0.1308854423858669], ""zrange"": [0.01, 10.0], ""noise"": false}, {""image_size"": [480, 640], ""intrinsics"": [450.0, 0, 320.0, 0, 450.0, 240.0, 0, 0, 1], ""position"": [0, -0.5, 0.75], ""rotation"": [-0.8681627791959909, 0.3596047974904982, -0.13088544238586683, 0.3159854101251621], ""zrange"": [0.01, 10.0], ""noise"": false}], ""primitive"": ""pick_place"", ""params"": {""pose0"": [[0.396875, 0.22812500000000002, 0.013944772072136402], [0.0, 0.0, 0.0, 1.0]], ""pose1"": [[0.4813365936279297, -0.2431809902191162, 0.0009910368826240301], [0, 0, 0, 1]]}}",nan,nan,nan,nan,,breakaway_force_2p6_disp_0p045_pull_0p36,hidden_breakaway_pin,hidden_pin,free_vs_hidden_breakaway_pin,free_vs_hidden_pin,tf_free_action_execution_diagnostic,3
oracle_action,,hidden_pin,310000,15.0,3,0,0,0.0,0.0,0.0,0.0,,pick_place,True,0.396875,0.2250000000000001,0.013678936287760735,0.481751024723053,-0.24298276007175446,0.004127176012843847,1.0,1.0,True,"{""camera_config"": [{""image_size"": [480, 640], ""intrinsics"": [450.0, 0, 320.0, 0, 450.0, 240.0, 0, 0, 1], ""position"": [1.0, 0, 0.75], ""rotation"": [0.6532814824381883, 0.6532814824381884, -0.2705980500730986, -0.27059805007309845], ""zrange"": [0.01, 10.0], ""noise"": false}, {""image_size"": [480, 640], ""intrinsics"": [450.0, 0, 320.0, 0, 450.0, 240.0, 0, 0, 1], ""position"": [0, 0.5, 0.75], ""rotation"": [-0.3596047974904982, 0.8681627791959909, -0.3159854101251621, 0.1308854423858669], ""zrange"": [0.01, 10.0], ""noise"": false}, {""image_size"": [480, 640], ""intrinsics"": [450.0, 0, 320.0, 0, 450.0, 240.0, 0, 0, 1], ""position"": [0, -0.5, 0.75], ""rotation"": [-0.8681627791959909, 0.3596047974904982, -0.13088544238586683, 0.3159854101251621], ""zrange"": [0.01, 10.0], ""noise"": false}], ""primitive"": ""pick_place"", ""params"": {""pose0"": [[0.396875, 0.2250000000000001, 0.013678936287760735], [0.0, 0.0, 0.0, 1.0]], ""pose1"": [[0.481751024723053, -0.24298276007175446, 0.004127176012843847], [0, 0, 0, 1]]}}",nan,nan,nan,nan,,breakaway_force_2p6_disp_0p045_pull_0p36,hidden_breakaway_pin,hidden_pin,free_vs_hidden_breakaway_pin,free_vs_hidden_pin,tf_free_action_execution_diagnostic,4
oracle_action,,hidden_pin,310000,15.0,4,0,0,0.0,0.0,0.0,0.0,,pick_place,True,0.4,0.22812500000000002,0.013820933178067207,0.48142147064208984,-0.23995493352413177,0.0009377885144203901,1.0,1.0,True,"{""camera_config"": [{""image_size"": [480, 640], ""intrinsics"": [450.0, 0, 320.0, 0, 450.0, 240.0, 0, 0, 1], ""position"": [1.0, 0, 0.75], ""rotation"": [0.6532814824381883, 0.6532814824381884, -0.2705980500730986, -0.27059805007309845], ""zrange"": [0.01, 10.0], ""noise"": false}, {""image_size"": [480, 640], ""intrinsics"": [450.0, 0, 320.0, 0, 450.0, 240.0, 0, 0, 1], ""position"": [0, 0.5, 0.75], ""rotation"": [-0.3596047974904982, 0.8681627791959909, -0.3159854101251621, 0.1308854423858669], ""zrange"": [0.01, 10.0], ""noise"": false}, {""image_size"": [480, 640], ""intrinsics"": [450.0, 0, 320.0, 0, 450.0, 240.0, 0, 0, 1], ""position"": [0, -0.5, 0.75], ""rotation"": [-0.8681627791959909, 0.3596047974904982, -0.13088544238586683, 0.3159854101251621], ""zrange"": [0.01, 10.0], ""noise"": false}], ""primitive"": ""pick_place"", ""params"": {""pose0"": [[0.4, 0.22812500000000002, 0.013820933178067207], [0.0, 0.0, 0.0, 1.0]], ""pose1"": [[0.48142147064208984, -0.23995493352413177, 0.0009377885144203901], [0, 0, 0, 1]]}}",nan,nan,nan,nan,,breakaway_force_2p6_disp_0p045_pull_0p36,hidden_breakaway_pin,hidden_pin,free_vs_hidden_breakaway_pin,free_vs_hidden_pin,tf_free_action_execution_diagnostic,5
oracle_action,,hidden_pin,310000,15.0,5,0,0,0.0,0.0,0.0,0.0,,pick_place,True,0.396875,0.22812500000000002,0.01382850669324398,0.4814393222332001,-0.2432118058204651,0.001019745017401874,1.0,1.0,True,"{""camera_config"": [{""image_size"": [480, 640], ""intrinsics"": [450.0, 0, 320.0, 0, 450.0, 240.0, 0, 0, 1], ""position"": [1.0, 0, 0.75], ""rotation"": [0.6532814824381883, 0.6532814824381884, -0.2705980500730986, -0.27059805007309845], ""zrange"": [0.01, 10.0], ""noise"": false}, {""image_size"": [480, 640], ""intrinsics"": [450.0, 0, 320.0, 0, 450.0, 240.0, 0, 0, 1], ""position"": [0, 0.5, 0.75], ""rotation"": [-0.3596047974904982, 0.8681627791959909, -0.3159854101251621, 0.1308854423858669], ""zrange"": [0.01, 10.0], ""noise"": false}, {""image_size"": [480, 640], ""intrinsics"": [450.0, 0, 320.0, 0, 450.0, 240.0, 0, 0, 1], ""position"": [0, -0.5, 0.75], ""rotation"": [-0.8681627791959909, 0.3596047974904982, -0.13088544238586683, 0.3159854101251621], ""zrange"": [0.01, 10.0], ""noise"": false}], ""primitive"": ""pick_place"", ""params"": {""pose0"": [[0.396875, 0.22812500000000002, 0.01382850669324398], [0.0, 0.0, 0.0, 1.0]], ""pose1"": [[0.4814393222332001, -0.2432118058204651, 0.001019745017401874], [0, 0, 0, 1]]}}",nan,nan,nan,nan,,breakaway_force_2p6_disp_0p045_pull_0p36,hidden_breakaway_pin,hidden_pin,free_vs_hidden_breakaway_pin,free_vs_hidden_pin,tf_free_action_execution_diagnostic,6
oracle_action,,hidden_pin,310000,15.0,6,0,0,0.0,0.0,0.0,0.0,,pick_place,True,0.4,0.2250000000000001,0.01360988523811102,0.48181772232055664,-0.23955152928829193,0.0038154236972332,1.0,1.0,True,"{""camera_config"": [{""image_size"": [480, 640], ""intrinsics"": [450.0, 0, 320.0, 0, 450.0, 240.0, 0, 0, 1], ""position"": [1.0, 0, 0.75], ""rotation"": [0.6532814824381883, 0.6532814824381884, -0.2705980500730986, -0.27059805007309845], ""zrange"": [0.01, 10.0], ""noise"": false}, {""image_size"": [480, 640], ""intrinsics"": [450.0, 0, 320.0, 0, 450.0, 240.0, 0, 0, 1], ""position"": [0, 0.5, 0.75], ""rotation"": [-0.3596047974904982, 0.8681627791959909, -0.3159854101251621, 0.1308854423858669], ""zrange"": [0.01, 10.0], ""noise"": false}, {""image_size"": [480, 640], ""intrinsics"": [450.0, 0, 320.0, 0, 450.0, 240.0, 0, 0, 1], ""position"": [0, -0.5, 0.75], ""rotation"": [-0.8681627791959909, 0.3596047974904982, -0.13088544238586683, 0.3159854101251621], ""zrange"": [0.01, 10.0], ""noise"": false}], ""primitive"": ""pick_place"", ""params"": {""pose0"": [[0.4, 0.2250000000000001, 0.01360988523811102], [0.0, 0.0, 0.0, 1.0]], ""pose1"": [[0.48181772232055664, -0.23955152928829193, 0.0038154236972332], [0, 0, 0, 1]]}}",nan,nan,nan,nan,,breakaway_force_2p6_disp_0p045_pull_0p36,hidden_breakaway_pin,hidden_pin,free_vs_hidden_breakaway_pin,free_vs_hidden_pin,tf_free_action_execution_diagnostic,7
oracle_action,,hidden_pin,310000,15.0,7,0,0,0.0,0.0,0.0,0.0,,pick_place,True,0.396875,0.2250000000000001,0.013672308064997196,0.4817700982093811,-0.24211490154266357,0.004509450402110815,1.0,1.0,True,"{""camera_config"": [{""image_size"": [480, 640], ""intrinsics"": [450.0, 0, 320.0, 0, 450.0, 240.0, 0, 0, 1], ""position"": [1.0, 0, 0.75], ""rotation"": [0.6532814824381883, 0.6532814824381884, -0.2705980500730986, -0.27059805007309845], ""zrange"": [0.01, 10.0], ""noise"": false}, {""image_size"": [480, 640], ""intrinsics"": [450.0, 0, 320.0, 0, 450.0, 240.0, 0, 0, 1], ""position"": [0, 0.5, 0.75], ""rotation"": [-0.3596047974904982, 0.8681627791959909, -0.3159854101251621, 0.1308854423858669], ""zrange"": [0.01, 10.0], ""noise"": false}, {""image_size"": [480, 640], ""intrinsics"": [450.0, 0, 320.0, 0, 450.0, 240.0, 0, 0, 1], ""position"": [0, -0.5, 0.75], ""rotation"": [-0.8681627791959909, 0.3596047974904982, -0.13088544238586683, 0.3159854101251621], ""zrange"": [0.01, 10.0], ""noise"": false}], ""primitive"": ""pick_place"", ""params"": {""pose0"": [[0.396875, 0.2250000000000001, 0.013672308064997196], [0.0, 0.0, 0.0, 1.0]], ""pose1"": [[0.4817700982093811, -0.24211490154266357, 0.004509450402110815], [0, 0, 0, 1]]}}",nan,nan,nan,nan,,breakaway_force_2p6_disp_0p045_pull_0p36,hidden_breakaway_pin,hidden_pin,free_vs_hidden_breakaway_pin,free_vs_hidden_pin,tf_free_action_execution_diagnostic,8
gt_y_action_replay,,hidden_pin,310000,15.0,0,0,0,0.0,0.0,0.0,0.0,,pick_place,True,0.6781250238418579,0.40937501192092896,0.02290579304099083,0.3779291808605194,-0.030143385753035545,-0.0015833125216886401,1.0,1.0,True,"{""camera_config"": [{""image_size"": [480, 640], ""intrinsics"": [450.0, 0, 320.0, 0, 450.0, 240.0, 0, 0, 1], ""position"": [1.0, 0, 0.75], ""rotation"": [0.6532814824381883, 0.6532814824381884, -0.2705980500730986, -0.27059805007309845], ""zrange"": [0.01, 10.0], ""noise"": false}, {""image_size"": [480, 640], ""intrinsics"": [450.0, 0, 320.0, 0, 450.0, 240.0, 0, 0, 1], ""position"": [0, 0.5, 0.75], ""rotation"": [-0.3596047974904982, 0.8681627791959909, -0.3159854101251621, 0.1308854423858669], ""zrange"": [0.01, 10.0], ""noise"": false}, {""image_size"": [480, 640], ""intrinsics"": [450.0, 0, 320.0, 0, 450.0, 240.0, 0, 0, 1], ""position"": [0, -0.5, 0.75], ""rotation"": [-0.8681627791959909, 0.3596047974904982, -0.13088544238586683, 0.3159854101251621], ""zrange"": [0.01, 10.0], ""noise"": false}], ""primitive"": ""pick_place"", ""params"": {""pose0"": [[0.6781250238418579, 0.40937501192092896, 0.02290579304099083], [0.0, 0.0, 0.0, 1.0]], ""pose1"": [[0.3779291808605194, -0.030143385753035545, -0.0015833125216886401], [0.0, 0.0, 0.0, 1.0]]}}",nan,nan,1.6648446321487427,1.6648446321487427,1,breakaway_force_2p6_disp_0p045_pull_0p36,hidden_breakaway_pin,hidden_pin,free_vs_hidden_breakaway_pin,free_vs_hidden_pin,tf_free_action_execution_diagnostic,
learned_action,paper_state,hidden_pin,310000,15.0,0,0,0,0.0,0.0,0.0,0.0,,pick_place,True,0.40102607011795044,0.18937408924102783,0.015818051993846893,0.48426491022109985,-0.045168034732341766,-0.0037752240896224976,0.9999999403953556,1.0000000000000002,True,"{""camera_config"": [{""image_size"": [480, 640], ""intrinsics"": [450.0, 0, 320.0, 0, 450.0, 240.0, 0, 0, 1], ""position"": [1.0, 0, 0.75], ""rotation"": [0.6532814824381883, 0.6532814824381884, -0.2705980500730986, -0.27059805007309845], ""zrange"": [0.01, 10.0], ""noise"": false}, {""image_size"": [480, 640], ""intrinsics"": [450.0, 0, 320.0, 0, 450.0, 240.0, 0, 0, 1], ""position"": [0, 0.5, 0.75], ""rotation"": [-0.3596047974904982, 0.8681627791959909, -0.3159854101251621, 0.1308854423858669], ""zrange"": [0.01, 10.0], ""noise"": false}, {""image_size"": [480, 640], ""intrinsics"": [450.0, 0, 320.0, 0, 450.0, 240.0, 0, 0, 1], ""position"": [0, -0.5, 0.75], ""rotation"": [-0.8681627791959909, 0.3596047974904982, -0.13088544238586683, 0.3159854101251621], ""zrange"": [0.01, 10.0], ""noise"": false}], ""primitive"": ""pick_place"", ""params"": {""pose0"": [[0.40102607011795044, 0.18937408924102783, 0.015818051993846893], [-2.3603508481073732e-08, -8.227053704956688e-09, 4.998605529493716e-09, 0.9999999403953552]], ""pose1"": [[0.48426491022109985, -0.045168034732341766, -0.0037752240896224976], [-9.4966363661797e-09, -2.8856788070186212e-09, -1.8986973771006888e-08, 1.0]]}}",0.47632771730422974,0.0,1.5599684715270996,1.5599684715270996,,breakaway_force_2p6_disp_0p045_pull_0p36,hidden_breakaway_pin,hidden_pin,free_vs_hidden_breakaway_pin,free_vs_hidden_pin,tf_free_action_execution_diagnostic,
learned_action,paper_state,hidden_pin,310000,15.0,1,0,0,0.0,0.0,0.0,0.0,,pick_place,True,0.41126179695129395,0.19953447580337524,0.01631758362054825,0.5177486538887024,-0.05410541594028473,-0.004302730783820152,0.9999999403953558,1.0000000000000002,True,"{""camera_config"": [{""image_size"": [480, 640], ""intrinsics"": [450.0, 0, 320.0, 0, 450.0, 240.0, 0, 0, 1], ""position"": [1.0, 0, 0.75], ""rotation"": [0.6532814824381883, 0.6532814824381884, -0.2705980500730986, -0.27059805007309845], ""zrange"": [0.01, 10.0], ""noise"": false}, {""image_size"": [480, 640], ""intrinsics"": [450.0, 0, 320.0, 0, 450.0, 240.0, 0, 0, 1], ""position"": [0, 0.5, 0.75], ""rotation"": [-0.3596047974904982, 0.8681627791959909, -0.3159854101251621, 0.1308854423858669], ""zrange"": [0.01, 10.0], ""noise"": false}, {""image_size"": [480, 640], ""intrinsics"": [450.0, 0, 320.0, 0, 450.0, 240.0, 0, 0, 1], ""position"": [0, -0.5, 0.75], ""rotation"": [-0.8681627791959909, 0.3596047974904982, -0.13088544238586683, 0.3159854101251621], ""zrange"": [0.01, 10.0], ""noise"": false}], ""primitive"": ""pick_place"", ""params"": {""pose0"": [[0.41126179695129395, 0.19953447580337524, 0.01631758362054825], [-2.8773976978868632e-08, -1.1265467669829832e-08, 1.0973597142083236e-08, 0.9999999403953552]], ""pose1"": [[0.5177486538887024, -0.05410541594028473, -0.004302730783820152], [-6.9658789847437674e-09, 1.4085229649296593e-09, -2.4927350850134644e-08, 1.0]]}}",0.49363335967063904,0.0,1.5748733282089233,1.5748733282089233,,breakaway_force_2p6_disp_0p045_pull_0p36,hidden_breakaway_pin,hidden_pin,free_vs_hidden_breakaway_pin,free_vs_hidden_pin,tf_free_action_execution_diagnostic,
learned_action,paper_state,hidden_pin,310000,15.0,2,0,0,0.0,0.0,0.0,0.0,,pick_place,True,0.4221981465816498,0.1850501447916031,0.016636578366160393,0.5094743371009827,-0.07109838724136353,-0.0046315873041749,0.9999999403953557,1.0000000000000002,True,"{""camera_config"": [{""image_size"": [480, 640], ""intrinsics"": [450.0, 0, 320.0, 0, 450.0, 240.0, 0, 0, 1], ""position"": [1.0, 0, 0.75], ""rotation"": [0.6532814824381883, 0.6532814824381884, -0.2705980500730986, -0.27059805007309845], ""zrange"": [0.01, 10.0], ""noise"": false}, {""image_size"": [480, 640], ""intrinsics"": [450.0, 0, 320.0, 0, 450.0, 240.0, 0, 0, 1], ""position"": [0, 0.5, 0.75], ""rotation"": [-0.3596047974904982, 0.8681627791959909, -0.3159854101251621, 0.1308854423858669], ""zrange"": [0.01, 10.0], ""noise"": false}, {""image_size"": [480, 640], ""intrinsics"": [450.0, 0, 320.0, 0, 450.0, 240.0, 0, 0, 1], ""position"": [0, -0.5, 0.75], ""rotation"": [-0.8681627791959909, 0.3596047974904982, -0.13088544238586683, 0.3159854101251621], ""zrange"": [0.01, 10.0], ""noise"": false}], ""primitive"": ""pick_place"", ""params"": {""pose0"": [[0.4221981465816498, 0.1850501447916031, 0.016636578366160393], [-1.9426847686077053e-08, -2.1412398965026114e-08, -5.095675548183465e-10, 0.9999999403953552]], ""pose1"": [[0.5094743371009827, -0.07109838724136353, -0.0046315873041749], [-4.476965465016747e-10, 8.27636537081844e-09, -2.625444217585482e-08, 1.0]]}}",0.4895838499069214,0.0,1.5739796161651611,1.5739796161651611,,breakaway_force_2p6_disp_0p045_pull_0p36,hidden_breakaway_pin,hidden_pin,free_vs_hidden_breakaway_pin,free_vs_hidden_pin,tf_free_action_execution_diagnostic,
learned_action,paper_state,hidden_pin,310000,15.0,3,0,0,0.0,0.0,0.0,0.0,,pick_place,True,0.43607330322265625,0.15604950487613678,0.01853318326175213,0.5261801481246948,-0.10340093076229095,-0.005040131509304047,0.9999999403953556,1.0000000000000002,True,"{""camera_config"": [{""image_size"": [480, 640], ""intrinsics"": [450.0, 0, 320.0, 0, 450.0, 240.0, 0, 0, 1], ""position"": [1.0, 0, 0.75], ""rotation"": [0.6532814824381883, 0.6532814824381884, -0.2705980500730986, -0.27059805007309845], ""zrange"": [0.01, 10.0], ""noise"": false}, {""image_size"": [480, 640], ""intrinsics"": [450.0, 0, 320.0, 0, 450.0, 240.0, 0, 0, 1], ""position"": [0, 0.5, 0.75], ""rotation"": [-0.3596047974904982, 0.8681627791959909, -0.3159854101251621, 0.1308854423858669], ""zrange"": [0.01, 10.0], ""noise"": false}, {""image_size"": [480, 640], ""intrinsics"": [450.0, 0, 320.0, 0, 450.0, 240.0, 0, 0, 1], ""position"": [0, -0.5, 0.75], ""rotation"": [-0.8681627791959909, 0.3596047974904982, -0.13088544238586683, 0.3159854101251621], ""zrange"": [0.01, 10.0], ""noise"": false}], ""primitive"": ""pick_place"", ""params"": {""pose0"": [[0.43607330322265625, 0.15604950487613678, 0.01853318326175213], [1.969786334043988e-09, 1.0552569484900687e-08, -2.2142522482226923e-08, 0.9999999403953552]], ""pose1"": [[0.5261801481246948, -0.10340093076229095, -0.005040131509304047], [-9.89047288513234e-10, -2.1909297487354706e-08, -1.5254627783178876e-08, 1.0]]}}",0.5355986952781677,0.0,1.581909418106079,1.581909418106079,,breakaway_force_2p6_disp_0p045_pull_0p36,hidden_breakaway_pin,hidden_pin,free_vs_hidden_breakaway_pin,free_vs_hidden_pin,tf_free_action_execution_diagnostic,
learned_action,state_action,hidden_pin,310000,15.0,0,0,1,0.0,0.0,0.0,0.0,,pick_place,True,0.40803924202919006,0.20056815445423126,0.016115834936499596,0.4919263422489166,-0.06576910614967346,-0.003809391288086772,0.9999999403953553,1.0000000000000004,True,"{""camera_config"": [{""image_size"": [480, 640], ""intrinsics"": [450.0, 0, 320.0, 0, 450.0, 240.0, 0, 0, 1], ""position"": [1.0, 0, 0.75], ""rotation"": [0.6532814824381883, 0.6532814824381884, -0.2705980500730986, -0.27059805007309845], ""zrange"": [0.01, 10.0], ""noise"": false}, {""image_size"": [480, 640], ""intrinsics"": [450.0, 0, 320.0, 0, 450.0, 240.0, 0, 0, 1], ""position"": [0, 0.5, 0.75], ""rotation"": [-0.3596047974904982, 0.8681627791959909, -0.3159854101251621, 0.1308854423858669], ""zrange"": [0.01, 10.0], ""noise"": false}, {""image_size"": [480, 640], ""intrinsics"": [450.0, 0, 320.0, 0, 450.0, 240.0, 0, 0, 1], ""position"": [0, -0.5, 0.75], ""rotation"": [-0.8681627791959909, 0.3596047974904982, -0.13088544238586683, 0.3159854101251621], ""zrange"": [0.01, 10.0], ""noise"": false}], ""primitive"": ""pick_place"", ""params"": {""pose0"": [[0.40803924202919006, 0.20056815445423126, 0.016115834936499596], [-5.857294205213748e-09, 8.852417465732287e-09, -3.743941157097197e-09, 0.9999999403953552]], ""pose1"": [[0.4919263422489166, -0.06576910614967346, -0.003809391288086772], [-1.990315290356648e-08, -2.3650022384913427e-08, -7.7593478309268e-09, 1.0]]}}",0.480060338973999,0.0,1.5663061141967773,1.5663061141967773,,breakaway_force_2p6_disp_0p045_pull_0p36,hidden_breakaway_pin,hidden_pin,free_vs_hidden_breakaway_pin,free_vs_hidden_pin,tf_free_action_execution_diagnostic,
oracle_action,,hidden_pin,310001,5.0,0,0,0,0.0,0.0,0.0,0.0,,None,True,nan,nan,nan,nan,nan,nan,nan,nan,False,"{""camera_config"": [{""image_size"": [480, 640], ""intrinsics"": [450.0, 0, 320.0, 0, 450.0, 240.0, 0, 0, 1], ""position"": [1.0, 0, 0.75], ""rotation"": [0.6532814824381883, 0.6532814824381884, -0.2705980500730986, -0.27059805007309845], ""zrange"": [0.01, 10.0], ""noise"": false}, {""image_size"": [480, 640], ""intrinsics"": [450.0, 0, 320.0, 0, 450.0, 240.0, 0, 0, 1], ""position"": [0, 0.5, 0.75], ""rotation"": [-0.3596047974904982, 0.8681627791959909, -0.3159854101251621, 0.1308854423858669], ""zrange"": [0.01, 10.0], ""noise"": false}, {""image_size"": [480, 640], ""intrinsics"": [450.0, 0, 320.0, 0, 450.0, 240.0, 0, 0, 1], ""position"": [0, -0.5, 0.75], ""rotation"": [-0.8681627791959909, 0.3596047974904982, -0.13088544238586683, 0.3159854101251621], ""zrange"": [0.01, 10.0], ""noise"": false}], ""primitive"": null}",nan,nan,nan,nan,,breakaway_force_2p6_disp_0p045_pull_0p36,hidden_breakaway_pin,hidden_pin,free_vs_hidden_breakaway_pin,free_vs_hidden_pin,tf_free_action_execution_diagnostic,1
oracle_action,,hidden_pin,310001,5.0,1,0,1,0.0,0.0,0.0,0.0,,pick_place,True,0.6312500000000001,-0.43125,0.013532414101064205,0.3367500901222229,-0.09053316712379456,-0.00014802558871451765,1.0,1.0,True,"{""camera_config"": [{""image_size"": [480, 640], ""intrinsics"": [450.0, 0, 320.0, 0, 450.0, 240.0, 0, 0, 1], ""position"": [1.0, 0, 0.75], ""rotation"": [0.6532814824381883, 0.6532814824381884, -0.2705980500730986, -0.27059805007309845], ""zrange"": [0.01, 10.0], ""noise"": false}, {""image_size"": [480, 640], ""intrinsics"": [450.0, 0, 320.0, 0, 450.0, 240.0, 0, 0, 1], ""position"": [0, 0.5, 0.75], ""rotation"": [-0.3596047974904982, 0.8681627791959909, -0.3159854101251621, 0.1308854423858669], ""zrange"": [0.01, 10.0], ""noise"": false}, {""image_size"": [480, 640], ""intrinsics"": [450.0, 0, 320.0, 0, 450.0, 240.0, 0, 0, 1], ""position"": [0, -0.5, 0.75], ""rotation"": [-0.8681627791959909, 0.3596047974904982, -0.13088544238586683, 0.3159854101251621], ""zrange"": [0.01, 10.0], ""noise"": false}], ""primitive"": ""pick_place"", ""params"": {""pose0"": [[0.6312500000000001, -0.43125, 0.013532414101064205], [0.0, 0.0, 0.0, 1.0]], ""pose1"": [[0.3367500901222229, -0.09053316712379456, -0.00014802558871451765], [0, 0, 0, 1]]}}",nan,nan,nan,nan,,breakaway_force_2p6_disp_0p045_pull_0p36,hidden_breakaway_pin,hidden_pin,free_vs_hidden_breakaway_pin,free_vs_hidden_pin,tf_free_action_execution_diagnostic,2
gt_y_action_replay,,hidden_pin,310001,5.0,0,0,0,0.0,0.0,0.0,0.0,,pick_place,True,0.6156250238418579,0.46562498807907104,0.0132673978805542,0.38641947507858276,-0.03368690237402916,-0.008274712599813938,1.0,1.0,True,"{""camera_config"": [{""image_size"": [480, 640], ""intrinsics"": [450.0, 0, 320.0, 0, 450.0, 240.0, 0, 0, 1], ""position"": [1.0, 0, 0.75], ""rotation"": [0.6532814824381883, 0.6532814824381884, -0.2705980500730986, -0.27059805007309845], ""zrange"": [0.01, 10.0], ""noise"": false}, {""image_size"": [480, 640], ""intrinsics"": [450.0, 0, 320.0, 0, 450.0, 240.0, 0, 0, 1], ""position"": [0, 0.5, 0.75], ""rotation"": [-0.3596047974904982, 0.8681627791959909, -0.3159854101251621, 0.1308854423858669], ""zrange"": [0.01, 10.0], ""noise"": false}, {""image_size"": [480, 640], ""intrinsics"": [450.0, 0, 320.0, 0, 450.0, 240.0, 0, 0, 1], ""position"": [0, -0.5, 0.75], ""rotation"": [-0.8681627791959909, 0.3596047974904982, -0.13088544238586683, 0.3159854101251621], ""zrange"": [0.01, 10.0], ""noise"": false}], ""primitive"": ""pick_place"", ""params"": {""pose0"": [[0.6156250238418579, 0.46562498807907104, 0.0132673978805542], [0.0, 0.0, 0.0, 1.0]], ""pose1"": [[0.38641947507858276, -0.03368690237402916, -0.008274712599813938], [0.0, 0.0, 0.0, 1.0]]}}",nan,nan,1.6572567224502563,1.6572567224502563,5,breakaway_force_2p6_disp_0p045_pull_0p36,hidden_breakaway_pin,hidden_pin,free_vs_hidden_breakaway_pin,free_vs_hidden_pin,tf_free_action_execution_diagnostic,
learned_action,paper_state,hidden_pin,310001,5.0,0,0,1,0.0,0.0,0.0,0.0,,pick_place,True,0.6445680856704712,-0.4479076564311981,0.013988870196044445,0.4517366886138916,0.059218212962150574,-0.006435753777623177,1.0000000000000013,1.0,True,"{""camera_config"": [{""image_size"": [480, 640], ""intrinsics"": [450.0, 0, 320.0, 0, 450.0, 240.0, 0, 0, 1], ""position"": [1.0, 0, 0.75], ""rotation"": [0.6532814824381883, 0.6532814824381884, -0.2705980500730986, -0.27059805007309845], ""zrange"": [0.01, 10.0], ""noise"": false}, {""image_size"": [480, 640], ""intrinsics"": [450.0, 0, 320.0, 0, 450.0, 240.0, 0, 0, 1], ""position"": [0, 0.5, 0.75], ""rotation"": [-0.3596047974904982, 0.8681627791959909, -0.3159854101251621, 0.1308854423858669], ""zrange"": [0.01, 10.0], ""noise"": false}, {""image_size"": [480, 640], ""intrinsics"": [450.0, 0, 320.0, 0, 450.0, 240.0, 0, 0, 1], ""position"": [0, -0.5, 0.75], ""rotation"": [-0.8681627791959909, 0.3596047974904982, -0.13088544238586683, 0.3159854101251621], ""zrange"": [0.01, 10.0], ""noise"": false}], ""primitive"": ""pick_place"", ""params"": {""pose0"": [[0.6445680856704712, -0.4479076564311981, 0.013988870196044445], [3.7212959824728387e-08, 1.718756870161542e-08, -3.2560169671569383e-08, 1.0]], ""pose1"": [[0.4517366886138916, 0.059218212962150574, -0.006435753777623177], [6.503057536910717e-10, -1.882208611192482e-09, 7.481042452184283e-09, 1.0]]}}",0.693329930305481,0.0,1.6804461479187012,1.6804461479187012,,breakaway_force_2p6_disp_0p045_pull_0p36,hidden_breakaway_pin,hidden_pin,free_vs_hidden_breakaway_pin,free_vs_hidden_pin,tf_free_action_execution_diagnostic,
learned_action,state_action,hidden_pin,310001,5.0,0,0,0,0.0,0.0,0.0,0.0,,pick_place,True,0.6435756683349609,-0.4161277711391449,0.012882562354207039,0.45623257756233215,0.09697186201810837,-0.005888317711651325,1.0000000000000004,1.0,True,"{""camera_config"": [{""image_size"": [480, 640], ""intrinsics"": [450.0, 0, 320.0, 0, 450.0, 240.0, 0, 0, 1], ""position"": [1.0, 0, 0.75], ""rotation"": [0.6532814824381883, 0.6532814824381884, -0.2705980500730986, -0.27059805007309845], ""zrange"": [0.01, 10.0], ""noise"": false}, {""image_size"": [480, 640], ""intrinsics"": [450.0, 0, 320.0, 0, 450.0, 240.0, 0, 0, 1], ""position"": [0, 0.5, 0.75], ""rotation"": [-0.3596047974904982, 0.8681627791959909, -0.3159854101251621, 0.1308854423858669], ""zrange"": [0.01, 10.0], ""noise"": false}, {""image_size"": [480, 640], ""intrinsics"": [450.0, 0, 320.0, 0, 450.0, 240.0, 0, 0, 1], ""position"": [0, -0.5, 0.75], ""rotation"": [-0.8681627791959909, 0.3596047974904982, -0.13088544238586683, 0.3159854101251621], ""zrange"": [0.01, 10.0], ""noise"": false}], ""primitive"": ""pick_place"", ""params"": {""pose0"": [[0.6435756683349609, -0.4161277711391449, 0.012882562354207039], [2.2000072874561738e-08, 1.3902663908993418e-08, -1.5418974541603347e-08, 1.0]], ""pose1"": [[0.45623257756233215, 0.09697186201810837, -0.005888317711651325], [4.143547727153418e-09, -7.625950537715198e-09, -6.40388575501305e-10, 1.0]]}}",0.6610939502716064,0.0,1.67484450340271,1.67484450340271,,breakaway_force_2p6_disp_0p045_pull_0p36,hidden_breakaway_pin,hidden_pin,free_vs_hidden_breakaway_pin,free_vs_hidden_pin,tf_free_action_execution_diagnostic,
learned_action,state_action,hidden_pin,310001,5.0,1,0,0,0.0,0.0,0.0,0.0,,pick_place,True,0.6800174117088318,-0.4492170810699463,0.013357730582356453,0.468438982963562,0.03794526308774948,-0.005990119650959969,1.0000000000000004,1.0000000000000007,True,"{""camera_config"": [{""image_size"": [480, 640], ""intrinsics"": [450.0, 0, 320.0, 0, 450.0, 240.0, 0, 0, 1], ""position"": [1.0, 0, 0.75], ""rotation"": [0.6532814824381883, 0.6532814824381884, -0.2705980500730986, -0.27059805007309845], ""zrange"": [0.01, 10.0], ""noise"": false}, {""image_size"": [480, 640], ""intrinsics"": [450.0, 0, 320.0, 0, 450.0, 240.0, 0, 0, 1], ""position"": [0, 0.5, 0.75], ""rotation"": [-0.3596047974904982, 0.8681627791959909, -0.3159854101251621, 0.1308854423858669], ""zrange"": [0.01, 10.0], ""noise"": false}, {""image_size"": [480, 640], ""intrinsics"": [450.0, 0, 320.0, 0, 450.0, 240.0, 0, 0, 1], ""position"": [0, -0.5, 0.75], ""rotation"": [-0.8681627791959909, 0.3596047974904982, -0.13088544238586683, 0.3159854101251621], ""zrange"": [0.01, 10.0], ""noise"": false}], ""primitive"": ""pick_place"", ""params"": {""pose0"": [[0.6800174117088318, -0.4492170810699463, 0.013357730582356453], [3.186918817732476e-08, 4.694908906088813e-10, -1.1321500181793454e-08, 1.0]], ""pose1"": [[0.468438982963562, 0.03794526308774948, -0.005990119650959969], [1.045119435438835e-09, 1.0950433448897456e-08, 3.492851163855448e-08, 1.0]]}}",0.7026671767234802,0.0,1.6986197233200073,1.6986197233200073,,breakaway_force_2p6_disp_0p045_pull_0p36,hidden_breakaway_pin,hidden_pin,free_vs_hidden_breakaway_pin,free_vs_hidden_pin,tf_free_action_execution_diagnostic,
learned_action,state_action,hidden_pin,310001,5.0,2,0,0,0.0,0.0,0.0,0.0,,pick_place,True,0.6776458024978638,-0.4475044012069702,0.008575722575187683,0.4863320291042328,-0.018288441002368927,-0.0011530673364177346,1.0000000000000044,1.0000001192092949,True,"{""camera_config"": [{""image_size"": [480, 640], ""intrinsics"": [450.0, 0, 320.0, 0, 450.0, 240.0, 0, 0, 1], ""position"": [1.0, 0, 0.75], ""rotation"": [0.6532814824381883, 0.6532814824381884, -0.2705980500730986, -0.27059805007309845], ""zrange"": [0.01, 10.0], ""noise"": false}, {""image_size"": [480, 640], ""intrinsics"": [450.0, 0, 320.0, 0, 450.0, 240.0, 0, 0, 1], ""position"": [0, 0.5, 0.75], ""rotation"": [-0.3596047974904982, 0.8681627791959909, -0.3159854101251621, 0.1308854423858669], ""zrange"": [0.01, 10.0], ""noise"": false}, {""image_size"": [480, 640], ""intrinsics"": [450.0, 0, 320.0, 0, 450.0, 240.0, 0, 0, 1], ""position"": [0, -0.5, 0.75], ""rotation"": [-0.8681627791959909, 0.3596047974904982, -0.13088544238586683, 0.3159854101251621], ""zrange"": [0.01, 10.0], ""noise"": false}], ""primitive"": ""pick_place"", ""params"": {""pose0"": [[0.6776458024978638, -0.4475044012069702, 0.008575722575187683], [8.263253903351142e-08, -3.4491009159864916e-08, -2.9391989286864373e-08, 1.0]], ""pose1"": [[0.4863320291042328, -0.018288441002368927, -0.0011530673364177346], [-5.009265535704799e-08, 4.16355199206464e-08, 8.202535184409498e-08, 1.0000001192092896]]}}",0.6915274858474731,0.0,1.7018790245056152,1.7018790245056152,,breakaway_force_2p6_disp_0p045_pull_0p36,hidden_breakaway_pin,hidden_pin,free_vs_hidden_breakaway_pin,free_vs_hidden_pin,tf_free_action_execution_diagnostic,
learned_action,state_action,hidden_pin,310001,5.0,3,0,0,0.0,0.0,0.0,0.0,,pick_place,True,0.6883431673049927,-0.43895405530929565,0.005114813335239887,0.46261683106422424,0.011135324835777283,-0.007205380592495203,1.0000000000000042,1.0000001192093044,True,"{""camera_config"": [{""image_size"": [480, 640], ""intrinsics"": [450.0, 0, 320.0, 0, 450.0, 240.0, 0, 0, 1], ""position"": [1.0, 0, 0.75], ""rotation"": [0.6532814824381883, 0.6532814824381884, -0.2705980500730986, -0.27059805007309845], ""zrange"": [0.01, 10.0], ""noise"": false}, {""image_size"": [480, 640], ""intrinsics"": [450.0, 0, 320.0, 0, 450.0, 240.0, 0, 0, 1], ""position"": [0, 0.5, 0.75], ""rotation"": [-0.3596047974904982, 0.8681627791959909, -0.3159854101251621, 0.1308854423858669], ""zrange"": [0.01, 10.0], ""noise"": false}, {""image_size"": [480, 640], ""intrinsics"": [450.0, 0, 320.0, 0, 450.0, 240.0, 0, 0, 1], ""position"": [0, -0.5, 0.75], ""rotation"": [-0.8681627791959909, 0.3596047974904982, -0.13088544238586683, 0.3159854101251621], ""zrange"": [0.01, 10.0], ""noise"": false}], ""primitive"": ""pick_place"", ""params"": {""pose0"": [[0.6883431673049927, -0.43895405530929565, 0.005114813335239887], [6.561236887137056e-08, -6.671226060461777e-08, 3.70317687625743e-09, 1.0]], ""pose1"": [[0.46261683106422424, 0.011135324835777283, -0.007205380592495203], [-8.347367241867687e-08, 8.940959617120825e-08, 1.2233900292812905e-07, 1.0000001192092896]]}}",0.9599621891975403,0.0,1.6972665786743164,1.6972665786743164,,breakaway_force_2p6_disp_0p045_pull_0p36,hidden_breakaway_pin,hidden_pin,free_vs_hidden_breakaway_pin,free_vs_hidden_pin,tf_free_action_execution_diagnostic,
oracle_action,,hidden_pin,310001,15.0,0,0,0,0.0,0.0,0.0,0.0,,None,True,nan,nan,nan,nan,nan,nan,nan,nan,False,"{""camera_config"": [{""image_size"": [480, 640], ""intrinsics"": [450.0, 0, 320.0, 0, 450.0, 240.0, 0, 0, 1], ""position"": [1.0, 0, 0.75], ""rotation"": [0.6532814824381883, 0.6532814824381884, -0.2705980500730986, -0.27059805007309845], ""zrange"": [0.01, 10.0], ""noise"": false}, {""image_size"": [480, 640], ""intrinsics"": [450.0, 0, 320.0, 0, 450.0, 240.0, 0, 0, 1], ""position"": [0, 0.5, 0.75], ""rotation"": [-0.3596047974904982, 0.8681627791959909, -0.3159854101251621, 0.1308854423858669], ""zrange"": [0.01, 10.0], ""noise"": false}, {""image_size"": [480, 640], ""intrinsics"": [450.0, 0, 320.0, 0, 450.0, 240.0, 0, 0, 1], ""position"": [0, -0.5, 0.75], ""rotation"": [-0.8681627791959909, 0.3596047974904982, -0.13088544238586683, 0.3159854101251621], ""zrange"": [0.01, 10.0], ""noise"": false}], ""primitive"": null}",nan,nan,nan,nan,,breakaway_force_2p6_disp_0p045_pull_0p36,hidden_breakaway_pin,hidden_pin,free_vs_hidden_breakaway_pin,free_vs_hidden_pin,tf_free_action_execution_diagnostic,1
oracle_action,,hidden_pin,310001,15.0,1,0,0,0.0,0.0,0.0,0.0,,pick_place,True,0.6312500000000001,-0.43125,0.01352793350815773,0.33675774931907654,-0.09054821729660034,-0.0001452152500860393,1.0,1.0,True,"{""camera_config"": [{""image_size"": [480, 640], ""intrinsics"": [450.0, 0, 320.0, 0, 450.0, 240.0, 0, 0, 1], ""position"": [1.0, 0, 0.75], ""rotation"": [0.6532814824381883, 0.6532814824381884, -0.2705980500730986, -0.27059805007309845], ""zrange"": [0.01, 10.0], ""noise"": false}, {""image_size"": [480, 640], ""intrinsics"": [450.0, 0, 320.0, 0, 450.0, 240.0, 0, 0, 1], ""position"": [0, 0.5, 0.75], ""rotation"": [-0.3596047974904982, 0.8681627791959909, -0.3159854101251621, 0.1308854423858669], ""zrange"": [0.01, 10.0], ""noise"": false}, {""image_size"": [480, 640], ""intrinsics"": [450.0, 0, 320.0, 0, 450.0, 240.0, 0, 0, 1], ""position"": [0, -0.5, 0.75], ""rotation"": [-0.8681627791959909, 0.3596047974904982, -0.13088544238586683, 0.3159854101251621], ""zrange"": [0.01, 10.0], ""noise"": false}], ""primitive"": ""pick_place"", ""params"": {""pose0"": [[0.6312500000000001, -0.43125, 0.01352793350815773], [0.0, 0.0, 0.0, 1.0]], ""pose1"": [[0.33675774931907654, -0.09054821729660034, -0.0001452152500860393], [0, 0, 0, 1]]}}",nan,nan,nan,nan,,breakaway_force_2p6_disp_0p045_pull_0p36,hidden_breakaway_pin,hidden_pin,free_vs_hidden_breakaway_pin,free_vs_hidden_pin,tf_free_action_execution_diagnostic,2
oracle_action,,hidden_pin,310001,15.0,2,0,1,0.0,0.0,0.0,0.0,,pick_place,True,0.5625,-0.390625,0.013267998583614826,0.3370228409767151,-0.0913345068693161,0.0013517738552764058,1.0,1.0,True,"{""camera_config"": [{""image_size"": [480, 640], ""intrinsics"": [450.0, 0, 320.0, 0, 450.0, 240.0, 0, 0, 1], ""position"": [1.0, 0, 0.75], ""rotation"": [0.6532814824381883, 0.6532814824381884, -0.2705980500730986, -0.27059805007309845], ""zrange"": [0.01, 10.0], ""noise"": false}, {""image_size"": [480, 640], ""intrinsics"": [450.0, 0, 320.0, 0, 450.0, 240.0, 0, 0, 1], ""position"": [0, 0.5, 0.75], ""rotation"": [-0.3596047974904982, 0.8681627791959909, -0.3159854101251621, 0.1308854423858669], ""zrange"": [0.01, 10.0], ""noise"": false}, {""image_size"": [480, 640], ""intrinsics"": [450.0, 0, 320.0, 0, 450.0, 240.0, 0, 0, 1], ""position"": [0, -0.5, 0.75], ""rotation"": [-0.8681627791959909, 0.3596047974904982, -0.13088544238586683, 0.3159854101251621], ""zrange"": [0.01, 10.0], ""noise"": false}], ""primitive"": ""pick_place"", ""params"": {""pose0"": [[0.5625, -0.390625, 0.013267998583614826], [0.0, 0.0, 0.0, 1.0]], ""pose1"": [[0.3370228409767151, -0.0913345068693161, 0.0013517738552764058], [0, 0, 0, 1]]}}",nan,nan,nan,nan,,breakaway_force_2p6_disp_0p045_pull_0p36,hidden_breakaway_pin,hidden_pin,free_vs_hidden_breakaway_pin,free_vs_hidden_pin,tf_free_action_execution_diagnostic,3
gt_y_action_replay,,hidden_pin,310001,15.0,0,0,0,0.0,0.0,0.0,0.0,,pick_place,True,0.6156250238418579,0.46562498807907104,0.0132673978805542,0.38641947507858276,-0.03368690237402916,-0.008274712599813938,1.0,1.0,True,"{""camera_config"": [{""image_size"": [480, 640], ""intrinsics"": [450.0, 0, 320.0, 0, 450.0, 240.0, 0, 0, 1], ""position"": [1.0, 0, 0.75], ""rotation"": [0.6532814824381883, 0.6532814824381884, -0.2705980500730986, -0.27059805007309845], ""zrange"": [0.01, 10.0], ""noise"": false}, {""image_size"": [480, 640], ""intrinsics"": [450.0, 0, 320.0, 0, 450.0, 240.0, 0, 0, 1], ""position"": [0, 0.5, 0.75], ""rotation"": [-0.3596047974904982, 0.8681627791959909, -0.3159854101251621, 0.1308854423858669], ""zrange"": [0.01, 10.0], ""noise"": false}, {""image_size"": [480, 640], ""intrinsics"": [450.0, 0, 320.0, 0, 450.0, 240.0, 0, 0, 1], ""position"": [0, -0.5, 0.75], ""rotation"": [-0.8681627791959909, 0.3596047974904982, -0.13088544238586683, 0.3159854101251621], ""zrange"": [0.01, 10.0], ""noise"": false}], ""primitive"": ""pick_place"", ""params"": {""pose0"": [[0.6156250238418579, 0.46562498807907104, 0.0132673978805542], [0.0, 0.0, 0.0, 1.0]], ""pose1"": [[0.38641947507858276, -0.03368690237402916, -0.008274712599813938], [0.0, 0.0, 0.0, 1.0]]}}",nan,nan,1.6572567224502563,1.6572567224502563,5,breakaway_force_2p6_disp_0p045_pull_0p36,hidden_breakaway_pin,hidden_pin,free_vs_hidden_breakaway_pin,free_vs_hidden_pin,tf_free_action_execution_diagnostic,
learned_action,paper_state,hidden_pin,310001,15.0,0,0,0,0.0,0.0,0.0,0.0,,pick_place,True,0.6422490477561951,-0.4465060532093048,0.014309179969131947,0.44670620560646057,0.0510961189866066,-0.006165895611047745,1.0000000000000013,1.0,True,"{""camera_config"": [{""image_size"": [480, 640], ""intrinsics"": [450.0, 0, 320.0, 0, 450.0, 240.0, 0, 0, 1], ""position"": [1.0, 0, 0.75], ""rotation"": [0.6532814824381883, 0.6532814824381884, -0.2705980500730986, -0.27059805007309845], ""zrange"": [0.01, 10.0], ""noise"": false}, {""image_size"": [480, 640], ""intrinsics"": [450.0, 0, 320.0, 0, 450.0, 240.0, 0, 0, 1], ""position"": [0, 0.5, 0.75], ""rotation"": [-0.3596047974904982, 0.8681627791959909, -0.3159854101251621, 0.1308854423858669], ""zrange"": [0.01, 10.0], ""noise"": false}, {""image_size"": [480, 640], ""intrinsics"": [450.0, 0, 320.0, 0, 450.0, 240.0, 0, 0, 1], ""position"": [0, -0.5, 0.75], ""rotation"": [-0.8681627791959909, 0.3596047974904982, -0.13088544238586683, 0.3159854101251621], ""zrange"": [0.01, 10.0], ""noise"": false}], ""primitive"": ""pick_place"", ""params"": {""pose0"": [[0.6422490477561951, -0.4465060532093048, 0.014309179969131947], [3.654810143416398e-08, 1.833500640202601e-08, -3.371935974882945e-08, 1.0]], ""pose1"": [[0.44670620560646057, 0.0510961189866066, -0.006165895611047745], [4.079510063093039e-09, -3.3899973939099937e-09, 3.799015768635172e-09, 1.0]]}}",0.6786268949508667,0.0,1.6775730848312378,1.6775730848312378,,breakaway_force_2p6_disp_0p045_pull_0p36,hidden_breakaway_pin,hidden_pin,free_vs_hidden_breakaway_pin,free_vs_hidden_pin,tf_free_action_execution_diagnostic,
learned_action,paper_state,hidden_pin,310001,15.0,1,0,0,0.0,0.0,0.0,0.0,,pick_place,True,0.6835368871688843,-0.4819279909133911,0.013857767917215824,0.4733728766441345,0.013057973235845566,-0.004948229528963566,1.0000000000000016,1.0000000000000013,True,"{""camera_config"": [{""image_size"": [480, 640], ""intrinsics"": [450.0, 0, 320.0, 0, 450.0, 240.0, 0, 0, 1], ""position"": [1.0, 0, 0.75], ""rotation"": [0.6532814824381883, 0.6532814824381884, -0.2705980500730986, -0.27059805007309845], ""zrange"": [0.01, 10.0], ""noise"": false}, {""image_size"": [480, 640], ""intrinsics"": [450.0, 0, 320.0, 0, 450.0, 240.0, 0, 0, 1], ""position"": [0, 0.5, 0.75], ""rotation"": [-0.3596047974904982, 0.8681627791959909, -0.3159854101251621, 0.1308854423858669], ""zrange"": [0.01, 10.0], ""noise"": false}, {""image_size"": [480, 640], ""intrinsics"": [450.0, 0, 320.0, 0, 450.0, 240.0, 0, 0, 1], ""position"": [0, -0.5, 0.75], ""rotation"": [-0.8681627791959909, 0.3596047974904982, -0.13088544238586683, 0.3159854101251621], ""zrange"": [0.01, 10.0], ""noise"": false}], ""primitive"": ""pick_place"", ""params"": {""pose0"": [[0.6835368871688843, -0.4819279909133911, 0.013857767917215824], [5.019843740683427e-08, 7.040962479720747e-09, -2.6716657330894122e-08, 1.0]], ""pose1"": [[0.4733728766441345, 0.013057973235845566, -0.004948229528963566], [-1.0974597230983818e-08, 1.4438199080757386e-08, 4.92869389745465e-08, 1.0]]}}",0.6900851726531982,0.0,1.7099549770355225,1.7099549770355225,,breakaway_force_2p6_disp_0p045_pull_0p36,hidden_breakaway_pin,hidden_pin,free_vs_hidden_breakaway_pin,free_vs_hidden_pin,tf_free_action_execution_diagnostic,
learned_action,paper_state,hidden_pin,310001,15.0,2,0,0,0.0,0.0,0.0,0.0,,pick_place,True,0.6840307712554932,-0.45938581228256226,0.008873876184225082,0.49305111169815063,-0.04086773842573166,-0.0007718987762928009,1.0000000000000049,1.0000001192092955,True,"{""camera_config"": [{""image_size"": [480, 640], ""intrinsics"": [450.0, 0, 320.0, 0, 450.0, 240.0, 0, 0, 1], ""position"": [1.0, 0, 0.75], ""rotation"": [0.6532814824381883, 0.6532814824381884, -0.2705980500730986, -0.27059805007309845], ""zrange"": [0.01, 10.0], ""noise"": false}, {""image_size"": [480, 640], ""intrinsics"": [450.0, 0, 320.0, 0, 450.0, 240.0, 0, 0, 1], ""position"": [0, 0.5, 0.75], ""rotation"": [-0.3596047974904982, 0.8681627791959909, -0.3159854101251621, 0.1308854423858669], ""zrange"": [0.01, 10.0], ""noise"": false}, {""image_size"": [480, 640], ""intrinsics"": [450.0, 0, 320.0, 0, 450.0, 240.0, 0, 0, 1], ""position"": [0, -0.5, 0.75], ""rotation"": [-0.8681627791959909, 0.3596047974904982, -0.13088544238586683, 0.3159854101251621], ""zrange"": [0.01, 10.0], ""noise"": false}], ""primitive"": ""pick_place"", ""params"": {""pose0"": [[0.6840307712554932, -0.45938581228256226, 0.008873876184225082], [8.564418862988532e-08, -4.1965812158650806e-08, -2.5822393112662212e-08, 1.0]], ""pose1"": [[0.49305111169815063, -0.04086773842573166, -0.0007718987762928009], [-4.6312777612911304e-08, 5.877733855186307e-08, 8.195303280444932e-08, 1.0000001192092896]]}}",0.6988897919654846,0.0,1.7099071741104126,1.7099071741104126,,breakaway_force_2p6_disp_0p045_pull_0p36,hidden_breakaway_pin,hidden_pin,free_vs_hidden_breakaway_pin,free_vs_hidden_pin,tf_free_action_execution_diagnostic,
learned_action,paper_state,hidden_pin,310001,15.0,3,0,0,0.0,0.0,0.0,0.0,,pick_place,True,0.697325587272644,-0.4443168044090271,0.0037051159888505936,0.5069628953933716,-0.040549151599407196,-0.006855131592601538,1.0000001192092962,1.0000001192093018,True,"{""camera_config"": [{""image_size"": [480, 640], ""intrinsics"": [450.0, 0, 320.0, 0, 450.0, 240.0, 0, 0, 1], ""position"": [1.0, 0, 0.75], ""rotation"": [0.6532814824381883, 0.6532814824381884, -0.2705980500730986, -0.27059805007309845], ""zrange"": [0.01, 10.0], ""noise"": false}, {""image_size"": [480, 640], ""intrinsics"": [450.0, 0, 320.0, 0, 450.0, 240.0, 0, 0, 1], ""position"": [0, 0.5, 0.75], ""rotation"": [-0.3596047974904982, 0.8681627791959909, -0.3159854101251621, 0.1308854423858669], ""zrange"": [0.01, 10.0], ""noise"": false}, {""image_size"": [480, 640], ""intrinsics"": [450.0, 0, 320.0, 0, 450.0, 240.0, 0, 0, 1], ""position"": [0, -0.5, 0.75], ""rotation"": [-0.8681627791959909, 0.3596047974904982, -0.13088544238586683, 0.3159854101251621], ""zrange"": [0.01, 10.0], ""noise"": false}], ""primitive"": ""pick_place"", ""params"": {""pose0"": [[0.697325587272644, -0.4443168044090271, 0.0037051159888505936], [7.618952224675013e-08, -8.697219300302095e-08, -6.003353814065804e-09, 1.0000001192092896]], ""pose1"": [[0.5069628953933716, -0.040549151599407196, -0.006855131592601538], [-6.117348050338478e-08, 1.074518678478853e-07, 9.636977438276517e-08, 1.0000001192092896]]}}",1.013102650642395,0.0,1.7153416872024536,1.7153416872024536,,breakaway_force_2p6_disp_0p045_pull_0p36,hidden_breakaway_pin,hidden_pin,free_vs_hidden_breakaway_pin,free_vs_hidden_pin,tf_free_action_execution_diagnostic,
learned_action,state_action,hidden_pin,310001,15.0,0,0,1,0.0,0.0,0.0,0.0,,pick_place,True,0.6418827772140503,-0.41812264919281006,0.013217135332524776,0.4589657187461853,0.0878194272518158,-0.00618944363668561,1.0000000000000004,1.0,True,"{""camera_config"": [{""image_size"": [480, 640], ""intrinsics"": [450.0, 0, 320.0, 0, 450.0, 240.0, 0, 0, 1], ""position"": [1.0, 0, 0.75], ""rotation"": [0.6532814824381883, 0.6532814824381884, -0.2705980500730986, -0.27059805007309845], ""zrange"": [0.01, 10.0], ""noise"": false}, {""image_size"": [480, 640], ""intrinsics"": [450.0, 0, 320.0, 0, 450.0, 240.0, 0, 0, 1], ""position"": [0, 0.5, 0.75], ""rotation"": [-0.3596047974904982, 0.8681627791959909, -0.3159854101251621, 0.1308854423858669], ""zrange"": [0.01, 10.0], ""noise"": false}, {""image_size"": [480, 640], ""intrinsics"": [450.0, 0, 320.0, 0, 450.0, 240.0, 0, 0, 1], ""position"": [0, -0.5, 0.75], ""rotation"": [-0.8681627791959909, 0.3596047974904982, -0.13088544238586683, 0.3159854101251621], ""zrange"": [0.01, 10.0], ""noise"": false}], ""primitive"": ""pick_place"", ""params"": {""pose0"": [[0.6418827772140503, -0.41812264919281006, 0.013217135332524776], [2.3401966586789058e-08, 1.630615820147341e-08, -1.5495924543529327e-08, 1.0]], ""pose1"": [[0.4589657187461853, 0.0878194272518158, -0.00618944363668561], [7.056710216168938e-10, -1.1023042922886361e-08, 6.430333598927973e-09, 1.0]]}}",0.6663665771484375,0.0,1.6749372482299805,1.6749372482299805,,breakaway_force_2p6_disp_0p045_pull_0p36,hidden_breakaway_pin,hidden_pin,free_vs_hidden_breakaway_pin,free_vs_hidden_pin,tf_free_action_execution_diagnostic,
oracle_action,,hidden_high_friction,310000,5.0,0,0,0,0.0,0.0,0.0,0.0,,None,True,nan,nan,nan,nan,nan,nan,nan,nan,False,"{""camera_config"": [{""image_size"": [480, 640], ""intrinsics"": [450.0, 0, 320.0, 0, 450.0, 240.0, 0, 0, 1], ""position"": [1.0, 0, 0.75], ""rotation"": [0.6532814824381883, 0.6532814824381884, -0.2705980500730986, -0.27059805007309845], ""zrange"": [0.01, 10.0], ""noise"": false}, {""image_size"": [480, 640], ""intrinsics"": [450.0, 0, 320.0, 0, 450.0, 240.0, 0, 0, 1], ""position"": [0, 0.5, 0.75], ""rotation"": [-0.3596047974904982, 0.8681627791959909, -0.3159854101251621, 0.1308854423858669], ""zrange"": [0.01, 10.0], ""noise"": false}, {""image_size"": [480, 640], ""intrinsics"": [450.0, 0, 320.0, 0, 450.0, 240.0, 0, 0, 1], ""position"": [0, -0.5, 0.75], ""rotation"": [-0.8681627791959909, 0.3596047974904982, -0.13088544238586683, 0.3159854101251621], ""zrange"": [0.01, 10.0], ""noise"": false}], ""primitive"": null}",nan,nan,nan,nan,,breakaway_force_2p6_disp_0p045_pull_0p36,hidden_breakaway_pin,hidden_pin,free_vs_hidden_breakaway_pin,free_vs_hidden_pin,tf_free_action_execution_diagnostic,1
oracle_action,,hidden_high_friction,310000,5.0,1,0,0,0.16666666666666666,0.0,0.16666666666666666,0.16666666666666666,,pick_place,True,0.41875,0.234375,0.0279909148812294,0.4021575152873993,-0.3036540746688843,-0.0004135731142014265,1.0,1.0,True,"{""camera_config"": [{""image_size"": [480, 640], ""intrinsics"": [450.0, 0, 320.0, 0, 450.0, 240.0, 0, 0, 1], ""position"": [1.0, 0, 0.75], ""rotation"": [0.6532814824381883, 0.6532814824381884, -0.2705980500730986, -0.27059805007309845], ""zrange"": [0.01, 10.0], ""noise"": false}, {""image_size"": [480, 640], ""intrinsics"": [450.0, 0, 320.0, 0, 450.0, 240.0, 0, 0, 1], ""position"": [0, 0.5, 0.75], ""rotation"": [-0.3596047974904982, 0.8681627791959909, -0.3159854101251621, 0.1308854423858669], ""zrange"": [0.01, 10.0], ""noise"": false}, {""image_size"": [480, 640], ""intrinsics"": [450.0, 0, 320.0, 0, 450.0, 240.0, 0, 0, 1], ""position"": [0, -0.5, 0.75], ""rotation"": [-0.8681627791959909, 0.3596047974904982, -0.13088544238586683, 0.3159854101251621], ""zrange"": [0.01, 10.0], ""noise"": false}], ""primitive"": ""pick_place"", ""params"": {""pose0"": [[0.41875, 0.234375, 0.0279909148812294], [0.0, 0.0, 0.0, 1.0]], ""pose1"": [[0.4021575152873993, -0.3036540746688843, -0.0004135731142014265], [0, 0, 0, 1]]}}",nan,nan,nan,nan,,breakaway_force_2p6_disp_0p045_pull_0p36,hidden_breakaway_pin,hidden_pin,free_vs_hidden_breakaway_pin,free_vs_hidden_pin,tf_free_action_execution_diagnostic,2
oracle_action,,hidden_high_friction,310000,5.0,2,0,0,0.08333333333333334,0.16666666666666666,0.25,0.08333333333333334,,pick_place,True,0.44375,-0.012499999999999956,0.013544903136789799,0.611804723739624,-0.13251909613609314,0.002472414867952466,1.0,1.0,True,"{""camera_config"": [{""image_size"": [480, 640], ""intrinsics"": [450.0, 0, 320.0, 0, 450.0, 240.0, 0, 0, 1], ""position"": [1.0, 0, 0.75], ""rotation"": [0.6532814824381883, 0.6532814824381884, -0.2705980500730986, -0.27059805007309845], ""zrange"": [0.01, 10.0], ""noise"": false}, {""image_size"": [480, 640], ""intrinsics"": [450.0, 0, 320.0, 0, 450.0, 240.0, 0, 0, 1], ""position"": [0, 0.5, 0.75], ""rotation"": [-0.3596047974904982, 0.8681627791959909, -0.3159854101251621, 0.1308854423858669], ""zrange"": [0.01, 10.0], ""noise"": false}, {""image_size"": [480, 640], ""intrinsics"": [450.0, 0, 320.0, 0, 450.0, 240.0, 0, 0, 1], ""position"": [0, -0.5, 0.75], ""rotation"": [-0.8681627791959909, 0.3596047974904982, -0.13088544238586683, 0.3159854101251621], ""zrange"": [0.01, 10.0], ""noise"": false}], ""primitive"": ""pick_place"", ""params"": {""pose0"": [[0.44375, -0.012499999999999956, 0.013544903136789799], [0.0, 0.0, 0.0, 1.0]], ""pose1"": [[0.611804723739624, -0.13251909613609314, 0.002472414867952466], [0, 0, 0, 1]]}}",nan,nan,nan,nan,,breakaway_force_2p6_disp_0p045_pull_0p36,hidden_breakaway_pin,hidden_pin,free_vs_hidden_breakaway_pin,free_vs_hidden_pin,tf_free_action_execution_diagnostic,3
oracle_action,,hidden_high_friction,310000,5.0,3,0,0,0.20833333333333331,0.25,0.4583333333333333,0.20833333333333331,,pick_place,True,0.4375,-0.1875,0.015259308740496635,0.4869445860385895,-0.2496863305568695,0.005468343384563923,1.0,1.0,True,"{""camera_config"": [{""image_size"": [480, 640], ""intrinsics"": [450.0, 0, 320.0, 0, 450.0, 240.0, 0, 0, 1], ""position"": [1.0, 0, 0.75], ""rotation"": [0.6532814824381883, 0.6532814824381884, -0.2705980500730986, -0.27059805007309845], ""zrange"": [0.01, 10.0], ""noise"": false}, {""image_size"": [480, 640], ""intrinsics"": [450.0, 0, 320.0, 0, 450.0, 240.0, 0, 0, 1], ""position"": [0, 0.5, 0.75], ""rotation"": [-0.3596047974904982, 0.8681627791959909, -0.3159854101251621, 0.1308854423858669], ""zrange"": [0.01, 10.0], ""noise"": false}, {""image_size"": [480, 640], ""intrinsics"": [450.0, 0, 320.0, 0, 450.0, 240.0, 0, 0, 1], ""position"": [0, -0.5, 0.75], ""rotation"": [-0.8681627791959909, 0.3596047974904982, -0.13088544238586683, 0.3159854101251621], ""zrange"": [0.01, 10.0], ""noise"": false}], ""primitive"": ""pick_place"", ""params"": {""pose0"": [[0.4375, -0.1875, 0.015259308740496635], [0.0, 0.0, 0.0, 1.0]], ""pose1"": [[0.4869445860385895, -0.2496863305568695, 0.005468343384563923], [0, 0, 0, 1]]}}",nan,nan,nan,nan,,breakaway_force_2p6_disp_0p045_pull_0p36,hidden_breakaway_pin,hidden_pin,free_vs_hidden_breakaway_pin,free_vs_hidden_pin,tf_free_action_execution_diagnostic,4
oracle_action,,hidden_high_friction,310000,5.0,4,0,0,0.20833333333333331,0.4583333333333333,0.6666666666666666,0.20833333333333331,,pick_place,True,0.403125,-0.2875,0.013615022413432598,0.3616856336593628,-0.3400542736053467,0.000585779023822397,1.0,1.0,True,"{""camera_config"": [{""image_size"": [480, 640], ""intrinsics"": [450.0, 0, 320.0, 0, 450.0, 240.0, 0, 0, 1], ""position"": [1.0, 0, 0.75], ""rotation"": [0.6532814824381883, 0.6532814824381884, -0.2705980500730986, -0.27059805007309845], ""zrange"": [0.01, 10.0], ""noise"": false}, {""image_size"": [480, 640], ""intrinsics"": [450.0, 0, 320.0, 0, 450.0, 240.0, 0, 0, 1], ""position"": [0, 0.5, 0.75], ""rotation"": [-0.3596047974904982, 0.8681627791959909, -0.3159854101251621, 0.1308854423858669], ""zrange"": [0.01, 10.0], ""noise"": false}, {""image_size"": [480, 640], ""intrinsics"": [450.0, 0, 320.0, 0, 450.0, 240.0, 0, 0, 1], ""position"": [0, -0.5, 0.75], ""rotation"": [-0.8681627791959909, 0.3596047974904982, -0.13088544238586683, 0.3159854101251621], ""zrange"": [0.01, 10.0], ""noise"": false}], ""primitive"": ""pick_place"", ""params"": {""pose0"": [[0.403125, -0.2875, 0.013615022413432598], [0.0, 0.0, 0.0, 1.0]], ""pose1"": [[0.3616856336593628, -0.3400542736053467, 0.000585779023822397], [0, 0, 0, 1]]}}",nan,nan,nan,nan,,breakaway_force_2p6_disp_0p045_pull_0p36,hidden_breakaway_pin,hidden_pin,free_vs_hidden_breakaway_pin,free_vs_hidden_pin,tf_free_action_execution_diagnostic,5
oracle_action,,hidden_high_friction,310000,5.0,5,1,1,0.33333333333333337,0.6666666666666666,1.0,0.33333333333333337,,pick_place,True,0.528125,-0.16562499999999997,0.013680524192750454,0.5546461939811707,-0.19513185322284698,0.0013030540430918336,1.0,1.0,True,"{""camera_config"": [{""image_size"": [480, 640], ""intrinsics"": [450.0, 0, 320.0, 0, 450.0, 240.0, 0, 0, 1], ""position"": [1.0, 0, 0.75], ""rotation"": [0.6532814824381883, 0.6532814824381884, -0.2705980500730986, -0.27059805007309845], ""zrange"": [0.01, 10.0], ""noise"": false}, {""image_size"": [480, 640], ""intrinsics"": [450.0, 0, 320.0, 0, 450.0, 240.0, 0, 0, 1], ""position"": [0, 0.5, 0.75], ""rotation"": [-0.3596047974904982, 0.8681627791959909, -0.3159854101251621, 0.1308854423858669], ""zrange"": [0.01, 10.0], ""noise"": false}, {""image_size"": [480, 640], ""intrinsics"": [450.0, 0, 320.0, 0, 450.0, 240.0, 0, 0, 1], ""position"": [0, -0.5, 0.75], ""rotation"": [-0.8681627791959909, 0.3596047974904982, -0.13088544238586683, 0.3159854101251621], ""zrange"": [0.01, 10.0], ""noise"": false}], ""primitive"": ""pick_place"", ""params"": {""pose0"": [[0.528125, -0.16562499999999997, 0.013680524192750454], [0.0, 0.0, 0.0, 1.0]], ""pose1"": [[0.5546461939811707, -0.19513185322284698, 0.0013030540430918336], [0, 0, 0, 1]]}}",nan,nan,nan,nan,,breakaway_force_2p6_disp_0p045_pull_0p36,hidden_breakaway_pin,hidden_pin,free_vs_hidden_breakaway_pin,free_vs_hidden_pin,tf_free_action_execution_diagnostic,6
gt_y_action_replay,,hidden_high_friction,310000,5.0,0,0,0,0.0,0.0,0.0,0.0,,pick_place,True,0.671875,0.40625,0.036113280802965164,0.3974373936653137,-0.014007208868861198,-0.007233931217342615,1.0,1.0,True,"{""camera_config"": [{""image_size"": [480, 640], ""intrinsics"": [450.0, 0, 320.0, 0, 450.0, 240.0, 0, 0, 1], ""position"": [1.0, 0, 0.75], ""rotation"": [0.6532814824381883, 0.6532814824381884, -0.2705980500730986, -0.27059805007309845], ""zrange"": [0.01, 10.0], ""noise"": false}, {""image_size"": [480, 640], ""intrinsics"": [450.0, 0, 320.0, 0, 450.0, 240.0, 0, 0, 1], ""position"": [0, 0.5, 0.75], ""rotation"": [-0.3596047974904982, 0.8681627791959909, -0.3159854101251621, 0.1308854423858669], ""zrange"": [0.01, 10.0], ""noise"": false}, {""image_size"": [480, 640], ""intrinsics"": [450.0, 0, 320.0, 0, 450.0, 240.0, 0, 0, 1], ""position"": [0, -0.5, 0.75], ""rotation"": [-0.8681627791959909, 0.3596047974904982, -0.13088544238586683, 0.3159854101251621], ""zrange"": [0.01, 10.0], ""noise"": false}], ""primitive"": ""pick_place"", ""params"": {""pose0"": [[0.671875, 0.40625, 0.036113280802965164], [0.0, 0.0, 0.0, 1.0]], ""pose1"": [[0.3974373936653137, -0.014007208868861198, -0.007233931217342615], [0.0, 0.0, 0.0, 1.0]]}}",nan,nan,1.666122555732727,1.666122555732727,2,breakaway_force_2p6_disp_0p045_pull_0p36,hidden_breakaway_pin,hidden_pin,free_vs_hidden_breakaway_pin,free_vs_hidden_pin,tf_free_action_execution_diagnostic,
learned_action,paper_state,hidden_high_friction,310000,5.0,0,0,0,0.0,0.0,0.0,0.0,,pick_place,True,0.4024422764778137,0.18316514790058136,0.015893960371613503,0.48469167947769165,-0.05171896517276764,-0.0038950578309595585,0.9999999403953556,1.0000000000000002,True,"{""camera_config"": [{""image_size"": [480, 640], ""intrinsics"": [450.0, 0, 320.0, 0, 450.0, 240.0, 0, 0, 1], ""position"": [1.0, 0, 0.75], ""rotation"": [0.6532814824381883, 0.6532814824381884, -0.2705980500730986, -0.27059805007309845], ""zrange"": [0.01, 10.0], ""noise"": false}, {""image_size"": [480, 640], ""intrinsics"": [450.0, 0, 320.0, 0, 450.0, 240.0, 0, 0, 1], ""position"": [0, 0.5, 0.75], ""rotation"": [-0.3596047974904982, 0.8681627791959909, -0.3159854101251621, 0.1308854423858669], ""zrange"": [0.01, 10.0], ""noise"": false}, {""image_size"": [480, 640], ""intrinsics"": [450.0, 0, 320.0, 0, 450.0, 240.0, 0, 0, 1], ""position"": [0, -0.5, 0.75], ""rotation"": [-0.8681627791959909, 0.3596047974904982, -0.13088544238586683, 0.3159854101251621], ""zrange"": [0.01, 10.0], ""noise"": false}], ""primitive"": ""pick_place"", ""params"": {""pose0"": [[0.4024422764778137, 0.18316514790058136, 0.015893960371613503], [-2.4583844293601942e-08, -8.473962864741225e-09, 4.3395758098085935e-09, 0.9999999403953552]], ""pose1"": [[0.48469167947769165, -0.05171896517276764, -0.0038950578309595585], [-4.388024610335606e-09, -6.354234916017276e-09, -2.0453672533449208e-08, 1.0]]}}",0.4757632315158844,0.0,1.5599287748336792,1.5599287748336792,,breakaway_force_2p6_disp_0p045_pull_0p36,hidden_breakaway_pin,hidden_pin,free_vs_hidden_breakaway_pin,free_vs_hidden_pin,tf_free_action_execution_diagnostic,
learned_action,paper_state,hidden_high_friction,310000,5.0,1,0,0,0.0,0.0,0.0,0.0,,pick_place,True,0.4108473062515259,0.19559049606323242,0.014493749476969242,0.511111319065094,-0.11720173060894012,-0.004001643508672714,0.9999999403953562,1.0000000000000009,True,"{""camera_config"": [{""image_size"": [480, 640], ""intrinsics"": [450.0, 0, 320.0, 0, 450.0, 240.0, 0, 0, 1], ""position"": [1.0, 0, 0.75], ""rotation"": [0.6532814824381883, 0.6532814824381884, -0.2705980500730986, -0.27059805007309845], ""zrange"": [0.01, 10.0], ""noise"": false}, {""image_size"": [480, 640], ""intrinsics"": [450.0, 0, 320.0, 0, 450.0, 240.0, 0, 0, 1], ""position"": [0, 0.5, 0.75], ""rotation"": [-0.3596047974904982, 0.8681627791959909, -0.3159854101251621, 0.1308854423858669], ""zrange"": [0.01, 10.0], ""noise"": false}, {""image_size"": [480, 640], ""intrinsics"": [450.0, 0, 320.0, 0, 450.0, 240.0, 0, 0, 1], ""position"": [0, -0.5, 0.75], ""rotation"": [-0.8681627791959909, 0.3596047974904982, -0.13088544238586683, 0.3159854101251621], ""zrange"": [0.01, 10.0], ""noise"": false}], ""primitive"": ""pick_place"", ""params"": {""pose0"": [[0.4108473062515259, 0.19559049606323242, 0.014493749476969242], [-3.9233498227986274e-08, -9.767152364670295e-11, 2.0073168016665477e-08, 0.9999999403953552]], ""pose1"": [[0.511111319065094, -0.11720173060894012, -0.004001643508672714], [9.151332136525525e-09, -1.6926168910913475e-08, -3.68207757617256e-08, 1.0]]}}",0.4841788411140442,0.0,1.5755151510238647,1.5755151510238647,,breakaway_force_2p6_disp_0p045_pull_0p36,hidden_breakaway_pin,hidden_pin,free_vs_hidden_breakaway_pin,free_vs_hidden_pin,tf_free_action_execution_diagnostic,
learned_action,paper_state,hidden_high_friction,310000,5.0,2,0,0,0.0,0.0,0.0,0.0,,pick_place,True,0.45362839102745056,0.16322144865989685,0.012622714042663574,0.5490410923957825,-0.05550634488463402,-0.0028289223555475473,0.999999940395356,1.0000000000000022,True,"{""camera_config"": [{""image_size"": [480, 640], ""intrinsics"": [450.0, 0, 320.0, 0, 450.0, 240.0, 0, 0, 1], ""position"": [1.0, 0, 0.75], ""rotation"": [0.6532814824381883, 0.6532814824381884, -0.2705980500730986, -0.27059805007309845], ""zrange"": [0.01, 10.0], ""noise"": false}, {""image_size"": [480, 640], ""intrinsics"": [450.0, 0, 320.0, 0, 450.0, 240.0, 0, 0, 1], ""position"": [0, 0.5, 0.75], ""rotation"": [-0.3596047974904982, 0.8681627791959909, -0.3159854101251621, 0.1308854423858669], ""zrange"": [0.01, 10.0], ""noise"": false}, {""image_size"": [480, 640], ""intrinsics"": [450.0, 0, 320.0, 0, 450.0, 240.0, 0, 0, 1], ""position"": [0, -0.5, 0.75], ""rotation"": [-0.8681627791959909, 0.3596047974904982, -0.13088544238586683, 0.3159854101251621], ""zrange"": [0.01, 10.0], ""noise"": false}], ""primitive"": ""pick_place"", ""params"": {""pose0"": [[0.45362839102745056, 0.16322144865989685, 0.012622714042663574], [-3.1731477889707094e-08, -1.48741978733824e-08, -1.3483449912143897e-08, 0.9999999403953552]], ""pose1"": [[0.5490410923957825, -0.05550634488463402, -0.0028289223555475473], [3.1840613701206166e-08, 1.5835201594427417e-08, -5.683286019575462e-08, 1.0]]}}",0.3774417042732239,0.0,1.592832088470459,1.592832088470459,,breakaway_force_2p6_disp_0p045_pull_0p36,hidden_breakaway_pin,hidden_pin,free_vs_hidden_breakaway_pin,free_vs_hidden_pin,tf_free_action_execution_diagnostic,
learned_action,paper_state,hidden_high_friction,310000,5.0,3,0,0,0.0,0.0,0.0,0.0,,pick_place,True,0.4959304630756378,0.15451650321483612,0.014554825611412525,0.5762526392936707,-0.08820795267820358,-0.004383642226457596,0.9999999403953566,1.000000000000001,True,"{""camera_config"": [{""image_size"": [480, 640], ""intrinsics"": [450.0, 0, 320.0, 0, 450.0, 240.0, 0, 0, 1], ""position"": [1.0, 0, 0.75], ""rotation"": [0.6532814824381883, 0.6532814824381884, -0.2705980500730986, -0.27059805007309845], ""zrange"": [0.01, 10.0], ""noise"": false}, {""image_size"": [480, 640], ""intrinsics"": [450.0, 0, 320.0, 0, 450.0, 240.0, 0, 0, 1], ""position"": [0, 0.5, 0.75], ""rotation"": [-0.3596047974904982, 0.8681627791959909, -0.3159854101251621, 0.1308854423858669], ""zrange"": [0.01, 10.0], ""noise"": false}, {""image_size"": [480, 640], ""intrinsics"": [450.0, 0, 320.0, 0, 450.0, 240.0, 0, 0, 1], ""position"": [0, -0.5, 0.75], ""rotation"": [-0.8681627791959909, 0.3596047974904982, -0.13088544238586683, 0.3159854101251621], ""zrange"": [0.01, 10.0], ""noise"": false}], ""primitive"": ""pick_place"", ""params"": {""pose0"": [[0.4959304630756378, 0.15451650321483612, 0.014554825611412525], [6.812246322596138e-09, 1.14094449443769e-08, -4.823211341431488e-08, 0.9999999403953552]], ""pose1"": [[0.5762526392936707, -0.08820795267820358, -0.004383642226457596], [2.8779894023500674e-08, 1.1143702627336438e-09, -3.776704815550147e-08, 1.0]]}}",0.4083680808544159,0.0,1.6155188083648682,1.6155188083648682,,breakaway_force_2p6_disp_0p045_pull_0p36,hidden_breakaway_pin,hidden_pin,free_vs_hidden_breakaway_pin,free_vs_hidden_pin,tf_free_action_execution_diagnostic,
learned_action,state_action,hidden_high_friction,310000,5.0,0,0,0,0.0,0.0,0.0,0.0,,pick_place,True,0.41554394364356995,0.2027425467967987,0.015199856832623482,0.49378934502601624,-0.05451573431491852,-0.003719624364748597,0.9999999403953553,1.0000000000000004,True,"{""camera_config"": [{""image_size"": [480, 640], ""intrinsics"": [450.0, 0, 320.0, 0, 450.0, 240.0, 0, 0, 1], ""position"": [1.0, 0, 0.75], ""rotation"": [0.6532814824381883, 0.6532814824381884, -0.2705980500730986, -0.27059805007309845], ""zrange"": [0.01, 10.0], ""noise"": false}, {""image_size"": [480, 640], ""intrinsics"": [450.0, 0, 320.0, 0, 450.0, 240.0, 0, 0, 1], ""position"": [0, 0.5, 0.75], ""rotation"": [-0.3596047974904982, 0.8681627791959909, -0.3159854101251621, 0.1308854423858669], ""zrange"": [0.01, 10.0], ""noise"": false}, {""image_size"": [480, 640], ""intrinsics"": [450.0, 0, 320.0, 0, 450.0, 240.0, 0, 0, 1], ""position"": [0, -0.5, 0.75], ""rotation"": [-0.8681627791959909, 0.3596047974904982, -0.13088544238586683, 0.3159854101251621], ""zrange"": [0.01, 10.0], ""noise"": false}], ""primitive"": ""pick_place"", ""params"": {""pose0"": [[0.41554394364356995, 0.2027425467967987, 0.015199856832623482], [-1.2004377047958315e-08, 2.7827005144587247e-09, -3.626719202731721e-10, 0.9999999403953552]], ""pose1"": [[0.49378934502601624, -0.05451573431491852, -0.003719624364748597], [-1.7393658069408957e-08, -1.8977232230099617e-08, -1.2232773016762621e-08, 1.0]]}}",0.454787015914917,0.0,1.568701982498169,1.568701982498169,,breakaway_force_2p6_disp_0p045_pull_0p36,hidden_breakaway_pin,hidden_pin,free_vs_hidden_breakaway_pin,free_vs_hidden_pin,tf_free_action_execution_diagnostic,
learned_action,state_action,hidden_high_friction,310000,5.0,1,0,0,0.0,0.0,0.0,0.0,,pick_place,True,0.43885308504104614,0.1170807033777237,0.015597484074532986,0.5132078528404236,-0.02568749338388443,-9.698211215436459e-05,0.9999999403953556,1.0,True,"{""camera_config"": [{""image_size"": [480, 640], ""intrinsics"": [450.0, 0, 320.0, 0, 450.0, 240.0, 0, 0, 1], ""position"": [1.0, 0, 0.75], ""rotation"": [0.6532814824381883, 0.6532814824381884, -0.2705980500730986, -0.27059805007309845], ""zrange"": [0.01, 10.0], ""noise"": false}, {""image_size"": [480, 640], ""intrinsics"": [450.0, 0, 320.0, 0, 450.0, 240.0, 0, 0, 1], ""position"": [0, 0.5, 0.75], ""rotation"": [-0.3596047974904982, 0.8681627791959909, -0.3159854101251621, 0.1308854423858669], ""zrange"": [0.01, 10.0], ""noise"": false}, {""image_size"": [480, 640], ""intrinsics"": [450.0, 0, 320.0, 0, 450.0, 240.0, 0, 0, 1], ""position"": [0, -0.5, 0.75], ""rotation"": [-0.8681627791959909, 0.3596047974904982, -0.13088544238586683, 0.3159854101251621], ""zrange"": [0.01, 10.0], ""noise"": false}], ""primitive"": ""pick_place"", ""params"": {""pose0"": [[0.43885308504104614, 0.1170807033777237, 0.015597484074532986], [-2.4602528014838754e-08, 2.014365119151762e-09, 6.512338224240466e-09, 0.9999999403953552]], ""pose1"": [[0.5132078528404236, -0.02568749338388443, -9.698211215436459e-05], [-4.862490410317832e-09, 1.6411995318321715e-08, -5.566552219171683e-10, 1.0]]}}",0.31737223267555237,0.0,1.5718095302581787,1.5718095302581787,,breakaway_force_2p6_disp_0p045_pull_0p36,hidden_breakaway_pin,hidden_pin,free_vs_hidden_breakaway_pin,free_vs_hidden_pin,tf_free_action_execution_diagnostic,
learned_action,state_action,hidden_high_friction,310000,5.0,2,0,0,0.0,0.0,0.0,0.0,,pick_place,True,0.4501078426837921,0.035942669957876205,0.017789587378501892,0.4966607987880707,-0.08883290737867355,-0.0008921008557081223,1.0000000000000002,1.0000000000000004,True,"{""camera_config"": [{""image_size"": [480, 640], ""intrinsics"": [450.0, 0, 320.0, 0, 450.0, 240.0, 0, 0, 1], ""position"": [1.0, 0, 0.75], ""rotation"": [0.6532814824381883, 0.6532814824381884, -0.2705980500730986, -0.27059805007309845], ""zrange"": [0.01, 10.0], ""noise"": false}, {""image_size"": [480, 640], ""intrinsics"": [450.0, 0, 320.0, 0, 450.0, 240.0, 0, 0, 1], ""position"": [0, 0.5, 0.75], ""rotation"": [-0.3596047974904982, 0.8681627791959909, -0.3159854101251621, 0.1308854423858669], ""zrange"": [0.01, 10.0], ""noise"": false}, {""image_size"": [480, 640], ""intrinsics"": [450.0, 0, 320.0, 0, 450.0, 240.0, 0, 0, 1], ""position"": [0, -0.5, 0.75], ""rotation"": [-0.8681627791959909, 0.3596047974904982, -0.13088544238586683, 0.3159854101251621], ""zrange"": [0.01, 10.0], ""noise"": false}], ""primitive"": ""pick_place"", ""params"": {""pose0"": [[0.4501078426837921, 0.035942669957876205, 0.017789587378501892], [5.840806061030435e-09, 1.752349909622808e-08, -1.3615872873629087e-08, 1.0]], ""pose1"": [[0.4966607987880707, -0.08883290737867355, -0.0008921008557081223], [-1.994011356032388e-08, -3.2529812177273243e-09, 2.3938179438687257e-08, 1.0]]}}",0.33173224329948425,0.0,1.5680463314056396,1.5680463314056396,,breakaway_force_2p6_disp_0p045_pull_0p36,hidden_breakaway_pin,hidden_pin,free_vs_hidden_breakaway_pin,free_vs_hidden_pin,tf_free_action_execution_diagnostic,
learned_action,state_action,hidden_high_friction,310000,5.0,3,0,0,0.0,0.0,0.0,0.0,,pick_place,True,0.46742114424705505,0.010369822382926941,0.017246181145310402,0.5052782893180847,-0.12370698899030685,0.0004129153676331043,1.0000000000000002,1.0,True,"{""camera_config"": [{""image_size"": [480, 640], ""intrinsics"": [450.0, 0, 320.0, 0, 450.0, 240.0, 0, 0, 1], ""position"": [1.0, 0, 0.75], ""rotation"": [0.6532814824381883, 0.6532814824381884, -0.2705980500730986, -0.27059805007309845], ""zrange"": [0.01, 10.0], ""noise"": false}, {""image_size"": [480, 640], ""intrinsics"": [450.0, 0, 320.0, 0, 450.0, 240.0, 0, 0, 1], ""position"": [0, 0.5, 0.75], ""rotation"": [-0.3596047974904982, 0.8681627791959909, -0.3159854101251621, 0.1308854423858669], ""zrange"": [0.01, 10.0], ""noise"": false}, {""image_size"": [480, 640], ""intrinsics"": [450.0, 0, 320.0, 0, 450.0, 240.0, 0, 0, 1], ""position"": [0, -0.5, 0.75], ""rotation"": [-0.8681627791959909, 0.3596047974904982, -0.13088544238586683, 0.3159854101251621], ""zrange"": [0.01, 10.0], ""noise"": false}], ""primitive"": ""pick_place"", ""params"": {""pose0"": [[0.46742114424705505, 0.010369822382926941, 0.017246181145310402], [-1.807934246755849e-08, -1.6466055186015183e-08, -1.2918669689554463e-08, 1.0]], ""pose1"": [[0.5052782893180847, -0.12370698899030685, 0.0004129153676331043], [1.516463754569486e-08, 2.3795572179352575e-09, -1.4447550933383013e-09, 1.0]]}}",0.3209505081176758,0.0,1.5778141021728516,1.5778141021728516,,breakaway_force_2p6_disp_0p045_pull_0p36,hidden_breakaway_pin,hidden_pin,free_vs_hidden_breakaway_pin,free_vs_hidden_pin,tf_free_action_execution_diagnostic,
oracle_action,,hidden_high_friction,310000,15.0,0,0,0,0.0,0.0,0.0,0.0,,None,True,nan,nan,nan,nan,nan,nan,nan,nan,False,"{""camera_config"": [{""image_size"": [480, 640], ""intrinsics"": [450.0, 0, 320.0, 0, 450.0, 240.0, 0, 0, 1], ""position"": [1.0, 0, 0.75], ""rotation"": [0.6532814824381883, 0.6532814824381884, -0.2705980500730986, -0.27059805007309845], ""zrange"": [0.01, 10.0], ""noise"": false}, {""image_size"": [480, 640], ""intrinsics"": [450.0, 0, 320.0, 0, 450.0, 240.0, 0, 0, 1], ""position"": [0, 0.5, 0.75], ""rotation"": [-0.3596047974904982, 0.8681627791959909, -0.3159854101251621, 0.1308854423858669], ""zrange"": [0.01, 10.0], ""noise"": false}, {""image_size"": [480, 640], ""intrinsics"": [450.0, 0, 320.0, 0, 450.0, 240.0, 0, 0, 1], ""position"": [0, -0.5, 0.75], ""rotation"": [-0.8681627791959909, 0.3596047974904982, -0.13088544238586683, 0.3159854101251621], ""zrange"": [0.01, 10.0], ""noise"": false}], ""primitive"": null}",nan,nan,nan,nan,,breakaway_force_2p6_disp_0p045_pull_0p36,hidden_breakaway_pin,hidden_pin,free_vs_hidden_breakaway_pin,free_vs_hidden_pin,tf_free_action_execution_diagnostic,1
oracle_action,,hidden_high_friction,310000,15.0,1,0,0,0.125,0.0,0.125,0.125,,pick_place,True,0.41875,0.234375,0.027889451012015343,0.4026176631450653,-0.30360355973243713,-0.0003824038431048393,1.0,1.0,True,"{""camera_config"": [{""image_size"": [480, 640], ""intrinsics"": [450.0, 0, 320.0, 0, 450.0, 240.0, 0, 0, 1], ""position"": [1.0, 0, 0.75], ""rotation"": [0.6532814824381883, 0.6532814824381884, -0.2705980500730986, -0.27059805007309845], ""zrange"": [0.01, 10.0], ""noise"": false}, {""image_size"": [480, 640], ""intrinsics"": [450.0, 0, 320.0, 0, 450.0, 240.0, 0, 0, 1], ""position"": [0, 0.5, 0.75], ""rotation"": [-0.3596047974904982, 0.8681627791959909, -0.3159854101251621, 0.1308854423858669], ""zrange"": [0.01, 10.0], ""noise"": false}, {""image_size"": [480, 640], ""intrinsics"": [450.0, 0, 320.0, 0, 450.0, 240.0, 0, 0, 1], ""position"": [0, -0.5, 0.75], ""rotation"": [-0.8681627791959909, 0.3596047974904982, -0.13088544238586683, 0.3159854101251621], ""zrange"": [0.01, 10.0], ""noise"": false}], ""primitive"": ""pick_place"", ""params"": {""pose0"": [[0.41875, 0.234375, 0.027889451012015343], [0.0, 0.0, 0.0, 1.0]], ""pose1"": [[0.4026176631450653, -0.30360355973243713, -0.0003824038431048393], [0, 0, 0, 1]]}}",nan,nan,nan,nan,,breakaway_force_2p6_disp_0p045_pull_0p36,hidden_breakaway_pin,hidden_pin,free_vs_hidden_breakaway_pin,free_vs_hidden_pin,tf_free_action_execution_diagnostic,2
oracle_action,,hidden_high_friction,310000,15.0,2,0,0,0.08333333333333334,0.125,0.20833333333333334,0.08333333333333334,,pick_place,True,0.44062500000000004,-0.009374999999999967,0.013511049561202526,0.6118395328521729,-0.13496215641498566,0.0011688838712871075,1.0,1.0,True,"{""camera_config"": [{""image_size"": [480, 640], ""intrinsics"": [450.0, 0, 320.0, 0, 450.0, 240.0, 0, 0, 1], ""position"": [1.0, 0, 0.75], ""rotation"": [0.6532814824381883, 0.6532814824381884, -0.2705980500730986, -0.27059805007309845], ""zrange"": [0.01, 10.0], ""noise"": false}, {""image_size"": [480, 640], ""intrinsics"": [450.0, 0, 320.0, 0, 450.0, 240.0, 0, 0, 1], ""position"": [0, 0.5, 0.75], ""rotation"": [-0.3596047974904982, 0.8681627791959909, -0.3159854101251621, 0.1308854423858669], ""zrange"": [0.01, 10.0], ""noise"": false}, {""image_size"": [480, 640], ""intrinsics"": [450.0, 0, 320.0, 0, 450.0, 240.0, 0, 0, 1], ""position"": [0, -0.5, 0.75], ""rotation"": [-0.8681627791959909, 0.3596047974904982, -0.13088544238586683, 0.3159854101251621], ""zrange"": [0.01, 10.0], ""noise"": false}], ""primitive"": ""pick_place"", ""params"": {""pose0"": [[0.44062500000000004, -0.009374999999999967, 0.013511049561202526], [0.0, 0.0, 0.0, 1.0]], ""pose1"": [[0.6118395328521729, -0.13496215641498566, 0.0011688838712871075], [0, 0, 0, 1]]}}",nan,nan,nan,nan,,breakaway_force_2p6_disp_0p045_pull_0p36,hidden_breakaway_pin,hidden_pin,free_vs_hidden_breakaway_pin,free_vs_hidden_pin,tf_free_action_execution_diagnostic,3
oracle_action,,hidden_high_friction,310000,15.0,3,0,0,0.16666666666666666,0.20833333333333334,0.375,0.16666666666666666,,pick_place,True,0.43125,-0.1875,0.01593242771923542,0.47428908944129944,-0.24233916401863098,-0.0012487680651247501,1.0,1.0,True,"{""camera_config"": [{""image_size"": [480, 640], ""intrinsics"": [450.0, 0, 320.0, 0, 450.0, 240.0, 0, 0, 1], ""position"": [1.0, 0, 0.75], ""rotation"": [0.6532814824381883, 0.6532814824381884, -0.2705980500730986, -0.27059805007309845], ""zrange"": [0.01, 10.0], ""noise"": false}, {""image_size"": [480, 640], ""intrinsics"": [450.0, 0, 320.0, 0, 450.0, 240.0, 0, 0, 1], ""position"": [0, 0.5, 0.75], ""rotation"": [-0.3596047974904982, 0.8681627791959909, -0.3159854101251621, 0.1308854423858669], ""zrange"": [0.01, 10.0], ""noise"": false}, {""image_size"": [480, 640], ""intrinsics"": [450.0, 0, 320.0, 0, 450.0, 240.0, 0, 0, 1], ""position"": [0, -0.5, 0.75], ""rotation"": [-0.8681627791959909, 0.3596047974904982, -0.13088544238586683, 0.3159854101251621], ""zrange"": [0.01, 10.0], ""noise"": false}], ""primitive"": ""pick_place"", ""params"": {""pose0"": [[0.43125, -0.1875, 0.01593242771923542], [0.0, 0.0, 0.0, 1.0]], ""pose1"": [[0.47428908944129944, -0.24233916401863098, -0.0012487680651247501], [0, 0, 0, 1]]}}",nan,nan,nan,nan,,breakaway_force_2p6_disp_0p045_pull_0p36,hidden_breakaway_pin,hidden_pin,free_vs_hidden_breakaway_pin,free_vs_hidden_pin,tf_free_action_execution_diagnostic,4
oracle_action,,hidden_high_friction,310000,15.0,4,0,0,0.20833333333333337,0.375,0.5833333333333334,0.20833333333333337,,pick_place,True,0.403125,-0.28125,0.012209318578243256,0.3630775809288025,-0.3431492745876312,0.0017794090090319514,1.0,1.0,True,"{""camera_config"": [{""image_size"": [480, 640], ""intrinsics"": [450.0, 0, 320.0, 0, 450.0, 240.0, 0, 0, 1], ""position"": [1.0, 0, 0.75], ""rotation"": [0.6532814824381883, 0.6532814824381884, -0.2705980500730986, -0.27059805007309845], ""zrange"": [0.01, 10.0], ""noise"": false}, {""image_size"": [480, 640], ""intrinsics"": [450.0, 0, 320.0, 0, 450.0, 240.0, 0, 0, 1], ""position"": [0, 0.5, 0.75], ""rotation"": [-0.3596047974904982, 0.8681627791959909, -0.3159854101251621, 0.1308854423858669], ""zrange"": [0.01, 10.0], ""noise"": false}, {""image_size"": [480, 640], ""intrinsics"": [450.0, 0, 320.0, 0, 450.0, 240.0, 0, 0, 1], ""position"": [0, -0.5, 0.75], ""rotation"": [-0.8681627791959909, 0.3596047974904982, -0.13088544238586683, 0.3159854101251621], ""zrange"": [0.01, 10.0], ""noise"": false}], ""primitive"": ""pick_place"", ""params"": {""pose0"": [[0.403125, -0.28125, 0.012209318578243256], [0.0, 0.0, 0.0, 1.0]], ""pose1"": [[0.3630775809288025, -0.3431492745876312, 0.0017794090090319514], [0, 0, 0, 1]]}}",nan,nan,nan,nan,,breakaway_force_2p6_disp_0p045_pull_0p36,hidden_breakaway_pin,hidden_pin,free_vs_hidden_breakaway_pin,free_vs_hidden_pin,tf_free_action_execution_diagnostic,5
oracle_action,,hidden_high_friction,310000,15.0,5,0,0,0.33333333333333326,0.5833333333333334,0.9166666666666666,0.33333333333333326,,pick_place,True,0.5125,-0.16874999999999996,0.013539302162826061,0.5528043508529663,-0.1976635903120041,-0.0002988903725054115,1.0,1.0,True,"{""camera_config"": [{""image_size"": [480, 640], ""intrinsics"": [450.0, 0, 320.0, 0, 450.0, 240.0, 0, 0, 1], ""position"": [1.0, 0, 0.75], ""rotation"": [0.6532814824381883, 0.6532814824381884, -0.2705980500730986, -0.27059805007309845], ""zrange"": [0.01, 10.0], ""noise"": false}, {""image_size"": [480, 640], ""intrinsics"": [450.0, 0, 320.0, 0, 450.0, 240.0, 0, 0, 1], ""position"": [0, 0.5, 0.75], ""rotation"": [-0.3596047974904982, 0.8681627791959909, -0.3159854101251621, 0.1308854423858669], ""zrange"": [0.01, 10.0], ""noise"": false}, {""image_size"": [480, 640], ""intrinsics"": [450.0, 0, 320.0, 0, 450.0, 240.0, 0, 0, 1], ""position"": [0, -0.5, 0.75], ""rotation"": [-0.8681627791959909, 0.3596047974904982, -0.13088544238586683, 0.3159854101251621], ""zrange"": [0.01, 10.0], ""noise"": false}], ""primitive"": ""pick_place"", ""params"": {""pose0"": [[0.5125, -0.16874999999999996, 0.013539302162826061], [0.0, 0.0, 0.0, 1.0]], ""pose1"": [[0.5528043508529663, -0.1976635903120041, -0.0002988903725054115], [0, 0, 0, 1]]}}",nan,nan,nan,nan,,breakaway_force_2p6_disp_0p045_pull_0p36,hidden_breakaway_pin,hidden_pin,free_vs_hidden_breakaway_pin,free_vs_hidden_pin,tf_free_action_execution_diagnostic,6
oracle_action,,hidden_high_friction,310000,15.0,6,1,1,0.08333333333333337,0.9166666666666666,1.0,0.08333333333333337,,pick_place,True,0.5531250000000001,-0.159375,0.013412341475486755,0.5961917638778687,-0.15793563425540924,0.003482777625322342,1.0,1.0,True,"{""camera_config"": [{""image_size"": [480, 640], ""intrinsics"": [450.0, 0, 320.0, 0, 450.0, 240.0, 0, 0, 1], ""position"": [1.0, 0, 0.75], ""rotation"": [0.6532814824381883, 0.6532814824381884, -0.2705980500730986, -0.27059805007309845], ""zrange"": [0.01, 10.0], ""noise"": false}, {""image_size"": [480, 640], ""intrinsics"": [450.0, 0, 320.0, 0, 450.0, 240.0, 0, 0, 1], ""position"": [0, 0.5, 0.75], ""rotation"": [-0.3596047974904982, 0.8681627791959909, -0.3159854101251621, 0.1308854423858669], ""zrange"": [0.01, 10.0], ""noise"": false}, {""image_size"": [480, 640], ""intrinsics"": [450.0, 0, 320.0, 0, 450.0, 240.0, 0, 0, 1], ""position"": [0, -0.5, 0.75], ""rotation"": [-0.8681627791959909, 0.3596047974904982, -0.13088544238586683, 0.3159854101251621], ""zrange"": [0.01, 10.0], ""noise"": false}], ""primitive"": ""pick_place"", ""params"": {""pose0"": [[0.5531250000000001, -0.159375, 0.013412341475486755], [0.0, 0.0, 0.0, 1.0]], ""pose1"": [[0.5961917638778687, -0.15793563425540924, 0.003482777625322342], [0, 0, 0, 1]]}}",nan,nan,nan,nan,,breakaway_force_2p6_disp_0p045_pull_0p36,hidden_breakaway_pin,hidden_pin,free_vs_hidden_breakaway_pin,free_vs_hidden_pin,tf_free_action_execution_diagnostic,7
gt_y_action_replay,,hidden_high_friction,310000,15.0,0,0,0,0.0,0.0,0.0,0.0,,pick_place,True,0.671875,0.40625,0.036113280802965164,0.3974373936653137,-0.014007208868861198,-0.007233931217342615,1.0,1.0,True,"{""camera_config"": [{""image_size"": [480, 640], ""intrinsics"": [450.0, 0, 320.0, 0, 450.0, 240.0, 0, 0, 1], ""position"": [1.0, 0, 0.75], ""rotation"": [0.6532814824381883, 0.6532814824381884, -0.2705980500730986, -0.27059805007309845], ""zrange"": [0.01, 10.0], ""noise"": false}, {""image_size"": [480, 640], ""intrinsics"": [450.0, 0, 320.0, 0, 450.0, 240.0, 0, 0, 1], ""position"": [0, 0.5, 0.75], ""rotation"": [-0.3596047974904982, 0.8681627791959909, -0.3159854101251621, 0.1308854423858669], ""zrange"": [0.01, 10.0], ""noise"": false}, {""image_size"": [480, 640], ""intrinsics"": [450.0, 0, 320.0, 0, 450.0, 240.0, 0, 0, 1], ""position"": [0, -0.5, 0.75], ""rotation"": [-0.8681627791959909, 0.3596047974904982, -0.13088544238586683, 0.3159854101251621], ""zrange"": [0.01, 10.0], ""noise"": false}], ""primitive"": ""pick_place"", ""params"": {""pose0"": [[0.671875, 0.40625, 0.036113280802965164], [0.0, 0.0, 0.0, 1.0]], ""pose1"": [[0.3974373936653137, -0.014007208868861198, -0.007233931217342615], [0.0, 0.0, 0.0, 1.0]]}}",nan,nan,1.666122555732727,1.666122555732727,2,breakaway_force_2p6_disp_0p045_pull_0p36,hidden_breakaway_pin,hidden_pin,free_vs_hidden_breakaway_pin,free_vs_hidden_pin,tf_free_action_execution_diagnostic,
learned_action,paper_state,hidden_high_friction,310000,15.0,0,0,0,0.0,0.0,0.0,0.0,,pick_place,True,0.4016033113002777,0.20855920016765594,0.0165152195841074,0.4949146807193756,-0.05315747484564781,-0.005272687412798405,0.9999999403953554,1.0000000000000002,True,"{""camera_config"": [{""image_size"": [480, 640], ""intrinsics"": [450.0, 0, 320.0, 0, 450.0, 240.0, 0, 0, 1], ""position"": [1.0, 0, 0.75], ""rotation"": [0.6532814824381883, 0.6532814824381884, -0.2705980500730986, -0.27059805007309845], ""zrange"": [0.01, 10.0], ""noise"": false}, {""image_size"": [480, 640], ""intrinsics"": [450.0, 0, 320.0, 0, 450.0, 240.0, 0, 0, 1], ""position"": [0, 0.5, 0.75], ""rotation"": [-0.3596047974904982, 0.8681627791959909, -0.3159854101251621, 0.1308854423858669], ""zrange"": [0.01, 10.0], ""noise"": false}, {""image_size"": [480, 640], ""intrinsics"": [450.0, 0, 320.0, 0, 450.0, 240.0, 0, 0, 1], ""position"": [0, -0.5, 0.75], ""rotation"": [-0.8681627791959909, 0.3596047974904982, -0.13088544238586683, 0.3159854101251621], ""zrange"": [0.01, 10.0], ""noise"": false}], ""primitive"": ""pick_place"", ""params"": {""pose0"": [[0.4016033113002777, 0.20855920016765594, 0.0165152195841074], [-1.7335885615921143e-08, -1.6661994006739178e-09, 2.3245680935701785e-09, 0.9999999403953552]], ""pose1"": [[0.4949146807193756, -0.05315747484564781, -0.005272687412798405], [-5.229373822857042e-09, -1.4820940030801921e-08, -1.741055832837901e-08, 1.0]]}}",0.5527220964431763,0.0,1.566157341003418,1.566157341003418,,breakaway_force_2p6_disp_0p045_pull_0p36,hidden_breakaway_pin,hidden_pin,free_vs_hidden_breakaway_pin,free_vs_hidden_pin,tf_free_action_execution_diagnostic,
learned_action,paper_state,hidden_high_friction,310000,15.0,1,0,0,0.0,0.0,0.0,0.0,,pick_place,True,0.42478200793266296,0.11861570179462433,0.014619199559092522,0.5124064087867737,-0.06942588835954666,0.0018775388598442078,1.0000000000000013,1.0,True,"{""camera_config"": [{""image_size"": [480, 640], ""intrinsics"": [450.0, 0, 320.0, 0, 450.0, 240.0, 0, 0, 1], ""position"": [1.0, 0, 0.75], ""rotation"": [0.6532814824381883, 0.6532814824381884, -0.2705980500730986, -0.27059805007309845], ""zrange"": [0.01, 10.0], ""noise"": false}, {""image_size"": [480, 640], ""intrinsics"": [450.0, 0, 320.0, 0, 450.0, 240.0, 0, 0, 1], ""position"": [0, 0.5, 0.75], ""rotation"": [-0.3596047974904982, 0.8681627791959909, -0.3159854101251621, 0.1308854423858669], ""zrange"": [0.01, 10.0], ""noise"": false}, {""image_size"": [480, 640], ""intrinsics"": [450.0, 0, 320.0, 0, 450.0, 240.0, 0, 0, 1], ""position"": [0, -0.5, 0.75], ""rotation"": [-0.8681627791959909, 0.3596047974904982, -0.13088544238586683, 0.3159854101251621], ""zrange"": [0.01, 10.0], ""noise"": false}], ""primitive"": ""pick_place"", ""params"": {""pose0"": [[0.42478200793266296, 0.11861570179462433, 0.014619199559092522], [-5.1453778127097394e-08, -5.619054554983904e-09, 1.4548294124949734e-08, 1.0]], ""pose1"": [[0.5124064087867737, -0.06942588835954666, 0.0018775388598442078], [1.0334437305914435e-08, 1.8157363390614023e-09, -1.2465688925544782e-08, 1.0]]}}",0.4031834006309509,0.0,1.5691102743148804,1.5691102743148804,,breakaway_force_2p6_disp_0p045_pull_0p36,hidden_breakaway_pin,hidden_pin,free_vs_hidden_breakaway_pin,free_vs_hidden_pin,tf_free_action_execution_diagnostic,
learned_action,paper_state,hidden_high_friction,310000,15.0,2,0,0,0.0,0.0,0.0,0.0,,pick_place,True,0.43621641397476196,-0.004214998334646225,0.013640039600431919,0.5139995813369751,-0.06001545116305351,0.00020463718101382256,1.0000000000000002,1.0000000000000002,True,"{""camera_config"": [{""image_size"": [480, 640], ""intrinsics"": [450.0, 0, 320.0, 0, 450.0, 240.0, 0, 0, 1], ""position"": [1.0, 0, 0.75], ""rotation"": [0.6532814824381883, 0.6532814824381884, -0.2705980500730986, -0.27059805007309845], ""zrange"": [0.01, 10.0], ""noise"": false}, {""image_size"": [480, 640], ""intrinsics"": [450.0, 0, 320.0, 0, 450.0, 240.0, 0, 0, 1], ""position"": [0, 0.5, 0.75], ""rotation"": [-0.3596047974904982, 0.8681627791959909, -0.3159854101251621, 0.1308854423858669], ""zrange"": [0.01, 10.0], ""noise"": false}, {""image_size"": [480, 640], ""intrinsics"": [450.0, 0, 320.0, 0, 450.0, 240.0, 0, 0, 1], ""position"": [0, -0.5, 0.75], ""rotation"": [-0.8681627791959909, 0.3596047974904982, -0.13088544238586683, 0.3159854101251621], ""zrange"": [0.01, 10.0], ""noise"": false}], ""primitive"": ""pick_place"", ""params"": {""pose0"": [[0.43621641397476196, -0.004214998334646225, 0.013640039600431919], [2.2400188370852447e-09, -8.139796392470089e-09, -2.3916717495353623e-08, 1.0]], ""pose1"": [[0.5139995813369751, -0.06001545116305351, 0.00020463718101382256], [-2.920413022522439e-09, -1.8640626819887984e-09, 1.895157097919764e-08, 1.0]]}}",0.2790207862854004,0.0,1.5678921937942505,1.5678921937942505,,breakaway_force_2p6_disp_0p045_pull_0p36,hidden_breakaway_pin,hidden_pin,free_vs_hidden_breakaway_pin,free_vs_hidden_pin,tf_free_action_execution_diagnostic,
learned_action,paper_state,hidden_high_friction,310000,15.0,3,0,0,0.0,0.0,0.0,0.0,,pick_place,True,0.4863693118095398,-0.048100970685482025,0.012389585375785828,0.542890191078186,0.05999486893415451,-0.004988077562302351,1.0000000000000016,1.000000000000002,True,"{""camera_config"": [{""image_size"": [480, 640], ""intrinsics"": [450.0, 0, 320.0, 0, 450.0, 240.0, 0, 0, 1], ""position"": [1.0, 0, 0.75], ""rotation"": [0.6532814824381883, 0.6532814824381884, -0.2705980500730986, -0.27059805007309845], ""zrange"": [0.01, 10.0], ""noise"": false}, {""image_size"": [480, 640], ""intrinsics"": [450.0, 0, 320.0, 0, 450.0, 240.0, 0, 0, 1], ""position"": [0, 0.5, 0.75], ""rotation"": [-0.3596047974904982, 0.8681627791959909, -0.3159854101251621, 0.1308854423858669], ""zrange"": [0.01, 10.0], ""noise"": false}, {""image_size"": [480, 640], ""intrinsics"": [450.0, 0, 320.0, 0, 450.0, 240.0, 0, 0, 1], ""position"": [0, -0.5, 0.75], ""rotation"": [-0.8681627791959909, 0.3596047974904982, -0.13088544238586683, 0.3159854101251621], ""zrange"": [0.01, 10.0], ""noise"": false}], ""primitive"": ""pick_place"", ""params"": {""pose0"": [[0.4863693118095398, -0.048100970685482025, 0.012389585375785828], [-3.7107401595903866e-08, -3.7741532565860325e-08, 2.2044245540087104e-08, 1.0]], ""pose1"": [[0.542890191078186, 0.05999486893415451, -0.004988077562302351], [2.6152539689405785e-08, 5.800553282142573e-08, -3.4714695562598763e-09, 1.0]]}}",0.3777339458465576,0.0,1.5929144620895386,1.5929144620895386,,breakaway_force_2p6_disp_0p045_pull_0p36,hidden_breakaway_pin,hidden_pin,free_vs_hidden_breakaway_pin,free_vs_hidden_pin,tf_free_action_execution_diagnostic,
learned_action,state_action,hidden_high_friction,310000,15.0,0,0,0,0.0,0.0,0.0,0.0,,pick_place,True,0.41167768836021423,0.20191657543182373,0.015968050807714462,0.4904838502407074,-0.06376238912343979,-0.0035548924934118986,0.9999999403953553,1.0000000000000004,True,"{""camera_config"": [{""image_size"": [480, 640], ""intrinsics"": [450.0, 0, 320.0, 0, 450.0, 240.0, 0, 0, 1], ""position"": [1.0, 0, 0.75], ""rotation"": [0.6532814824381883, 0.6532814824381884, -0.2705980500730986, -0.27059805007309845], ""zrange"": [0.01, 10.0], ""noise"": false}, {""image_size"": [480, 640], ""intrinsics"": [450.0, 0, 320.0, 0, 450.0, 240.0, 0, 0, 1], ""position"": [0, 0.5, 0.75], ""rotation"": [-0.3596047974904982, 0.8681627791959909, -0.3159854101251621, 0.1308854423858669], ""zrange"": [0.01, 10.0], ""noise"": false}, {""image_size"": [480, 640], ""intrinsics"": [450.0, 0, 320.0, 0, 450.0, 240.0, 0, 0, 1], ""position"": [0, -0.5, 0.75], ""rotation"": [-0.8681627791959909, 0.3596047974904982, -0.13088544238586683, 0.3159854101251621], ""zrange"": [0.01, 10.0], ""noise"": false}], ""primitive"": ""pick_place"", ""params"": {""pose0"": [[0.41167768836021423, 0.20191657543182373, 0.015968050807714462], [-7.125737333524285e-09, 1.0850851772659098e-08, -2.5376361012519055e-09, 0.9999999403953552]], ""pose1"": [[0.4904838502407074, -0.06376238912343979, -0.0035548924934118986], [-1.8685915037508494e-08, -2.4249059649150695e-08, -1.0661512561682684e-08, 1.0]]}}",0.46527788043022156,0.0,1.5668938159942627,1.5668938159942627,,breakaway_force_2p6_disp_0p045_pull_0p36,hidden_breakaway_pin,hidden_pin,free_vs_hidden_breakaway_pin,free_vs_hidden_pin,tf_free_action_execution_diagnostic,
learned_action,state_action,hidden_high_friction,310000,15.0,1,0,0,0.0,0.0,0.0,0.0,,pick_place,True,0.41922634840011597,0.2055688351392746,0.016597449779510498,0.5278383493423462,-0.05589940771460533,-0.004730825312435627,0.9999999403953558,1.0000000000000002,True,"{""camera_config"": [{""image_size"": [480, 640], ""intrinsics"": [450.0, 0, 320.0, 0, 450.0, 240.0, 0, 0, 1], ""position"": [1.0, 0, 0.75], ""rotation"": [0.6532814824381883, 0.6532814824381884, -0.2705980500730986, -0.27059805007309845], ""zrange"": [0.01, 10.0], ""noise"": false}, {""image_size"": [480, 640], ""intrinsics"": [450.0, 0, 320.0, 0, 450.0, 240.0, 0, 0, 1], ""position"": [0, 0.5, 0.75], ""rotation"": [-0.3596047974904982, 0.8681627791959909, -0.3159854101251621, 0.1308854423858669], ""zrange"": [0.01, 10.0], ""noise"": false}, {""image_size"": [480, 640], ""intrinsics"": [450.0, 0, 320.0, 0, 450.0, 240.0, 0, 0, 1], ""position"": [0, -0.5, 0.75], ""rotation"": [-0.8681627791959909, 0.3596047974904982, -0.13088544238586683, 0.3159854101251621], ""zrange"": [0.01, 10.0], ""noise"": false}], ""primitive"": ""pick_place"", ""params"": {""pose0"": [[0.41922634840011597, 0.2055688351392746, 0.016597449779510498], [-2.6831754595946222e-08, -9.153969249275917e-11, 1.5993421698112797e-08, 0.9999999403953552]], ""pose1"": [[0.5278383493423462, -0.05589940771460533, -0.004730825312435627], [-1.777305946859542e-08, -1.5273936782023156e-08, -1.3706501711396868e-08, 1.0]]}}",0.5106964111328125,0.0,1.5811530351638794,1.5811530351638794,,breakaway_force_2p6_disp_0p045_pull_0p36,hidden_breakaway_pin,hidden_pin,free_vs_hidden_breakaway_pin,free_vs_hidden_pin,tf_free_action_execution_diagnostic,
learned_action,state_action,hidden_high_friction,310000,15.0,2,0,0,0.0,0.0,0.0,0.0,,pick_place,True,0.4683050215244293,0.0868435651063919,0.01565890572965145,0.501772403717041,-0.06932029128074646,-0.0007323657628148794,0.9999999403953553,1.0000000000000002,True,"{""camera_config"": [{""image_size"": [480, 640], ""intrinsics"": [450.0, 0, 320.0, 0, 450.0, 240.0, 0, 0, 1], ""position"": [1.0, 0, 0.75], ""rotation"": [0.6532814824381883, 0.6532814824381884, -0.2705980500730986, -0.27059805007309845], ""zrange"": [0.01, 10.0], ""noise"": false}, {""image_size"": [480, 640], ""intrinsics"": [450.0, 0, 320.0, 0, 450.0, 240.0, 0, 0, 1], ""position"": [0, 0.5, 0.75], ""rotation"": [-0.3596047974904982, 0.8681627791959909, -0.3159854101251621, 0.1308854423858669], ""zrange"": [0.01, 10.0], ""noise"": false}, {""image_size"": [480, 640], ""intrinsics"": [450.0, 0, 320.0, 0, 450.0, 240.0, 0, 0, 1], ""position"": [0, -0.5, 0.75], ""rotation"": [-0.8681627791959909, 0.3596047974904982, -0.13088544238586683, 0.3159854101251621], ""zrange"": [0.01, 10.0], ""noise"": false}], ""primitive"": ""pick_place"", ""params"": {""pose0"": [[0.4683050215244293, 0.0868435651063919, 0.01565890572965145], [-6.884660397332709e-09, 8.362073700141082e-09, -1.0963272067954222e-08, 0.9999999403953552]], ""pose1"": [[0.501772403717041, -0.06932029128074646, -0.0007323657628148794], [-1.0248343285113037e-09, 2.2516573494613112e-08, -4.7979633599481986e-09, 1.0]]}}",0.2483057677745819,0.0,1.575968861579895,1.575968861579895,,breakaway_force_2p6_disp_0p045_pull_0p36,hidden_breakaway_pin,hidden_pin,free_vs_hidden_breakaway_pin,free_vs_hidden_pin,tf_free_action_execution_diagnostic,
learned_action,state_action,hidden_high_friction,310000,15.0,3,0,0,0.0,0.0,0.0,0.0,,pick_place,True,0.46343594789505005,0.012287270277738571,0.01720893755555153,0.4885271489620209,-0.015476199798285961,-0.0016364363254979253,1.0000000000000018,1.0000000000000002,True,"{""camera_config"": [{""image_size"": [480, 640], ""intrinsics"": [450.0, 0, 320.0, 0, 450.0, 240.0, 0, 0, 1], ""position"": [1.0, 0, 0.75], ""rotation"": [0.6532814824381883, 0.6532814824381884, -0.2705980500730986, -0.27059805007309845], ""zrange"": [0.01, 10.0], ""noise"": false}, {""image_size"": [480, 640], ""intrinsics"": [450.0, 0, 320.0, 0, 450.0, 240.0, 0, 0, 1], ""position"": [0, 0.5, 0.75], ""rotation"": [-0.3596047974904982, 0.8681627791959909, -0.3159854101251621, 0.1308854423858669], ""zrange"": [0.01, 10.0], ""noise"": false}, {""image_size"": [480, 640], ""intrinsics"": [450.0, 0, 320.0, 0, 450.0, 240.0, 0, 0, 1], ""position"": [0, -0.5, 0.75], ""rotation"": [-0.8681627791959909, 0.3596047974904982, -0.13088544238586683, 0.3159854101251621], ""zrange"": [0.01, 10.0], ""noise"": false}], ""primitive"": ""pick_place"", ""params"": {""pose0"": [[0.46343594789505005, 0.012287270277738571, 0.01720893755555153], [3.378871937798067e-08, 1.605448396446718e-08, -4.675522546904176e-08, 1.0]], ""pose1"": [[0.4885271489620209, -0.015476199798285961, -0.0016364363254979253], [-7.707478211216312e-09, 1.3310814672706783e-08, 2.0584678850354976e-08, 1.0]]}}",0.2649172842502594,0.0,1.566563367843628,1.566563367843628,,breakaway_force_2p6_disp_0p045_pull_0p36,hidden_breakaway_pin,hidden_pin,free_vs_hidden_breakaway_pin,free_vs_hidden_pin,tf_free_action_execution_diagnostic,
oracle_action,,hidden_high_friction,310001,5.0,0,0,0,0.0,0.0,0.0,0.0,,None,True,nan,nan,nan,nan,nan,nan,nan,nan,False,"{""camera_config"": [{""image_size"": [480, 640], ""intrinsics"": [450.0, 0, 320.0, 0, 450.0, 240.0, 0, 0, 1], ""position"": [1.0, 0, 0.75], ""rotation"": [0.6532814824381883, 0.6532814824381884, -0.2705980500730986, -0.27059805007309845], ""zrange"": [0.01, 10.0], ""noise"": false}, {""image_size"": [480, 640], ""intrinsics"": [450.0, 0, 320.0, 0, 450.0, 240.0, 0, 0, 1], ""position"": [0, 0.5, 0.75], ""rotation"": [-0.3596047974904982, 0.8681627791959909, -0.3159854101251621, 0.1308854423858669], ""zrange"": [0.01, 10.0], ""noise"": false}, {""image_size"": [480, 640], ""intrinsics"": [450.0, 0, 320.0, 0, 450.0, 240.0, 0, 0, 1], ""position"": [0, -0.5, 0.75], ""rotation"": [-0.8681627791959909, 0.3596047974904982, -0.13088544238586683, 0.3159854101251621], ""zrange"": [0.01, 10.0], ""noise"": false}], ""primitive"": null}",nan,nan,nan,nan,,breakaway_force_2p6_disp_0p045_pull_0p36,hidden_breakaway_pin,hidden_pin,free_vs_hidden_breakaway_pin,free_vs_hidden_pin,tf_free_action_execution_diagnostic,1
oracle_action,,hidden_high_friction,310001,5.0,1,0,0,0.125,0.0,0.125,0.125,,pick_place,True,0.628125,-0.43125,0.013226832263171673,0.3370616137981415,-0.08889839798212051,-0.002747262828052044,1.0,1.0,True,"{""camera_config"": [{""image_size"": [480, 640], ""intrinsics"": [450.0, 0, 320.0, 0, 450.0, 240.0, 0, 0, 1], ""position"": [1.0, 0, 0.75], ""rotation"": [0.6532814824381883, 0.6532814824381884, -0.2705980500730986, -0.27059805007309845], ""zrange"": [0.01, 10.0], ""noise"": false}, {""image_size"": [480, 640], ""intrinsics"": [450.0, 0, 320.0, 0, 450.0, 240.0, 0, 0, 1], ""position"": [0, 0.5, 0.75], ""rotation"": [-0.3596047974904982, 0.8681627791959909, -0.3159854101251621, 0.1308854423858669], ""zrange"": [0.01, 10.0], ""noise"": false}, {""image_size"": [480, 640], ""intrinsics"": [450.0, 0, 320.0, 0, 450.0, 240.0, 0, 0, 1], ""position"": [0, -0.5, 0.75], ""rotation"": [-0.8681627791959909, 0.3596047974904982, -0.13088544238586683, 0.3159854101251621], ""zrange"": [0.01, 10.0], ""noise"": false}], ""primitive"": ""pick_place"", ""params"": {""pose0"": [[0.628125, -0.43125, 0.013226832263171673], [0.0, 0.0, 0.0, 1.0]], ""pose1"": [[0.3370616137981415, -0.08889839798212051, -0.002747262828052044], [0, 0, 0, 1]]}}",nan,nan,nan,nan,,breakaway_force_2p6_disp_0p045_pull_0p36,hidden_breakaway_pin,hidden_pin,free_vs_hidden_breakaway_pin,free_vs_hidden_pin,tf_free_action_execution_diagnostic,2
oracle_action,,hidden_high_friction,310001,5.0,2,0,0,0.04166666666666666,0.125,0.16666666666666666,0.04166666666666666,,pick_place,True,0.540625,-0.35,0.012728204019367695,0.6585666537284851,-0.185521200299263,-0.007742004003375769,1.0,1.0,True,"{""camera_config"": [{""image_size"": [480, 640], ""intrinsics"": [450.0, 0, 320.0, 0, 450.0, 240.0, 0, 0, 1], ""position"": [1.0, 0, 0.75], ""rotation"": [0.6532814824381883, 0.6532814824381884, -0.2705980500730986, -0.27059805007309845], ""zrange"": [0.01, 10.0], ""noise"": false}, {""image_size"": [480, 640], ""intrinsics"": [450.0, 0, 320.0, 0, 450.0, 240.0, 0, 0, 1], ""position"": [0, 0.5, 0.75], ""rotation"": [-0.3596047974904982, 0.8681627791959909, -0.3159854101251621, 0.1308854423858669], ""zrange"": [0.01, 10.0], ""noise"": false}, {""image_size"": [480, 640], ""intrinsics"": [450.0, 0, 320.0, 0, 450.0, 240.0, 0, 0, 1], ""position"": [0, -0.5, 0.75], ""rotation"": [-0.8681627791959909, 0.3596047974904982, -0.13088544238586683, 0.3159854101251621], ""zrange"": [0.01, 10.0], ""noise"": false}], ""primitive"": ""pick_place"", ""params"": {""pose0"": [[0.540625, -0.35, 0.012728204019367695], [0.0, 0.0, 0.0, 1.0]], ""pose1"": [[0.6585666537284851, -0.185521200299263, -0.007742004003375769], [0, 0, 0, 1]]}}",nan,nan,nan,nan,,breakaway_force_2p6_disp_0p045_pull_0p36,hidden_breakaway_pin,hidden_pin,free_vs_hidden_breakaway_pin,free_vs_hidden_pin,tf_free_action_execution_diagnostic,3
oracle_action,,hidden_high_friction,310001,5.0,3,0,0,0.20833333333333334,0.16666666666666666,0.375,0.20833333333333334,,pick_place,True,0.46875,-0.20937499999999998,0.013901550322771072,0.49901247024536133,-0.13538679480552673,-0.005122214090079069,1.0,1.0,True,"{""camera_config"": [{""image_size"": [480, 640], ""intrinsics"": [450.0, 0, 320.0, 0, 450.0, 240.0, 0, 0, 1], ""position"": [1.0, 0, 0.75], ""rotation"": [0.6532814824381883, 0.6532814824381884, -0.2705980500730986, -0.27059805007309845], ""zrange"": [0.01, 10.0], ""noise"": false}, {""image_size"": [480, 640], ""intrinsics"": [450.0, 0, 320.0, 0, 450.0, 240.0, 0, 0, 1], ""position"": [0, 0.5, 0.75], ""rotation"": [-0.3596047974904982, 0.8681627791959909, -0.3159854101251621, 0.1308854423858669], ""zrange"": [0.01, 10.0], ""noise"": false}, {""image_size"": [480, 640], ""intrinsics"": [450.0, 0, 320.0, 0, 450.0, 240.0, 0, 0, 1], ""position"": [0, -0.5, 0.75], ""rotation"": [-0.8681627791959909, 0.3596047974904982, -0.13088544238586683, 0.3159854101251621], ""zrange"": [0.01, 10.0], ""noise"": false}], ""primitive"": ""pick_place"", ""params"": {""pose0"": [[0.46875, -0.20937499999999998, 0.013901550322771072], [0.0, 0.0, 0.0, 1.0]], ""pose1"": [[0.49901247024536133, -0.13538679480552673, -0.005122214090079069], [0, 0, 0, 1]]}}",nan,nan,nan,nan,,breakaway_force_2p6_disp_0p045_pull_0p36,hidden_breakaway_pin,hidden_pin,free_vs_hidden_breakaway_pin,free_vs_hidden_pin,tf_free_action_execution_diagnostic,4
oracle_action,,hidden_high_friction,310001,5.0,4,0,0,0.29166666666666663,0.375,0.6666666666666666,0.29166666666666663,,pick_place,True,0.40625,-0.14375,0.01299936044961214,0.39993494749069214,-0.09854348748922348,-0.003673247992992401,1.0,1.0,True,"{""camera_config"": [{""image_size"": [480, 640], ""intrinsics"": [450.0, 0, 320.0, 0, 450.0, 240.0, 0, 0, 1], ""position"": [1.0, 0, 0.75], ""rotation"": [0.6532814824381883, 0.6532814824381884, -0.2705980500730986, -0.27059805007309845], ""zrange"": [0.01, 10.0], ""noise"": false}, {""image_size"": [480, 640], ""intrinsics"": [450.0, 0, 320.0, 0, 450.0, 240.0, 0, 0, 1], ""position"": [0, 0.5, 0.75], ""rotation"": [-0.3596047974904982, 0.8681627791959909, -0.3159854101251621, 0.1308854423858669], ""zrange"": [0.01, 10.0], ""noise"": false}, {""image_size"": [480, 640], ""intrinsics"": [450.0, 0, 320.0, 0, 450.0, 240.0, 0, 0, 1], ""position"": [0, -0.5, 0.75], ""rotation"": [-0.8681627791959909, 0.3596047974904982, -0.13088544238586683, 0.3159854101251621], ""zrange"": [0.01, 10.0], ""noise"": false}], ""primitive"": ""pick_place"", ""params"": {""pose0"": [[0.40625, -0.14375, 0.01299936044961214], [0.0, 0.0, 0.0, 1.0]], ""pose1"": [[0.39993494749069214, -0.09854348748922348, -0.003673247992992401], [0, 0, 0, 1]]}}",nan,nan,nan,nan,,breakaway_force_2p6_disp_0p045_pull_0p36,hidden_breakaway_pin,hidden_pin,free_vs_hidden_breakaway_pin,free_vs_hidden_pin,tf_free_action_execution_diagnostic,5
oracle_action,,hidden_high_friction,310001,5.0,5,0,0,-0.08333333333333326,0.6666666666666666,0.5833333333333334,-0.08333333333333326,,pick_place,True,0.390625,-0.128125,0.01310743484646082,0.35377147793769836,-0.08633629977703094,-0.0008733270224183798,1.0,1.0,True,"{""camera_config"": [{""image_size"": [480, 640], ""intrinsics"": [450.0, 0, 320.0, 0, 450.0, 240.0, 0, 0, 1], ""position"": [1.0, 0, 0.75], ""rotation"": [0.6532814824381883, 0.6532814824381884, -0.2705980500730986, -0.27059805007309845], ""zrange"": [0.01, 10.0], ""noise"": false}, {""image_size"": [480, 640], ""intrinsics"": [450.0, 0, 320.0, 0, 450.0, 240.0, 0, 0, 1], ""position"": [0, 0.5, 0.75], ""rotation"": [-0.3596047974904982, 0.8681627791959909, -0.3159854101251621, 0.1308854423858669], ""zrange"": [0.01, 10.0], ""noise"": false}, {""image_size"": [480, 640], ""intrinsics"": [450.0, 0, 320.0, 0, 450.0, 240.0, 0, 0, 1], ""position"": [0, -0.5, 0.75], ""rotation"": [-0.8681627791959909, 0.3596047974904982, -0.13088544238586683, 0.3159854101251621], ""zrange"": [0.01, 10.0], ""noise"": false}], ""primitive"": ""pick_place"", ""params"": {""pose0"": [[0.390625, -0.128125, 0.01310743484646082], [0.0, 0.0, 0.0, 1.0]], ""pose1"": [[0.35377147793769836, -0.08633629977703094, -0.0008733270224183798], [0, 0, 0, 1]]}}",nan,nan,nan,nan,,breakaway_force_2p6_disp_0p045_pull_0p36,hidden_breakaway_pin,hidden_pin,free_vs_hidden_breakaway_pin,free_vs_hidden_pin,tf_free_action_execution_diagnostic,6
oracle_action,,hidden_high_friction,310001,5.0,6,0,0,0.08333333333333326,0.5833333333333334,0.6666666666666666,0.08333333333333326,,pick_place,True,0.384375,-0.06562499999999999,0.013863775879144669,0.3536902666091919,-0.08841419965028763,-0.0008538082474842668,1.0,1.0,True,"{""camera_config"": [{""image_size"": [480, 640], ""intrinsics"": [450.0, 0, 320.0, 0, 450.0, 240.0, 0, 0, 1], ""position"": [1.0, 0, 0.75], ""rotation"": [0.6532814824381883, 0.6532814824381884, -0.2705980500730986, -0.27059805007309845], ""zrange"": [0.01, 10.0], ""noise"": false}, {""image_size"": [480, 640], ""intrinsics"": [450.0, 0, 320.0, 0, 450.0, 240.0, 0, 0, 1], ""position"": [0, 0.5, 0.75], ""rotation"": [-0.3596047974904982, 0.8681627791959909, -0.3159854101251621, 0.1308854423858669], ""zrange"": [0.01, 10.0], ""noise"": false}, {""image_size"": [480, 640], ""intrinsics"": [450.0, 0, 320.0, 0, 450.0, 240.0, 0, 0, 1], ""position"": [0, -0.5, 0.75], ""rotation"": [-0.8681627791959909, 0.3596047974904982, -0.13088544238586683, 0.3159854101251621], ""zrange"": [0.01, 10.0], ""noise"": false}], ""primitive"": ""pick_place"", ""params"": {""pose0"": [[0.384375, -0.06562499999999999, 0.013863775879144669], [0.0, 0.0, 0.0, 1.0]], ""pose1"": [[0.3536902666091919, -0.08841419965028763, -0.0008538082474842668], [0, 0, 0, 1]]}}",nan,nan,nan,nan,,breakaway_force_2p6_disp_0p045_pull_0p36,hidden_breakaway_pin,hidden_pin,free_vs_hidden_breakaway_pin,free_vs_hidden_pin,tf_free_action_execution_diagnostic,7
oracle_action,,hidden_high_friction,310001,5.0,7,0,0,0.25,0.6666666666666666,0.9166666666666666,0.25,,pick_place,True,0.571875,-0.1875,0.013868129812180996,0.6055840253829956,-0.17612695693969727,-0.001085922122001648,1.0,1.0,True,"{""camera_config"": [{""image_size"": [480, 640], ""intrinsics"": [450.0, 0, 320.0, 0, 450.0, 240.0, 0, 0, 1], ""position"": [1.0, 0, 0.75], ""rotation"": [0.6532814824381883, 0.6532814824381884, -0.2705980500730986, -0.27059805007309845], ""zrange"": [0.01, 10.0], ""noise"": false}, {""image_size"": [480, 640], ""intrinsics"": [450.0, 0, 320.0, 0, 450.0, 240.0, 0, 0, 1], ""position"": [0, 0.5, 0.75], ""rotation"": [-0.3596047974904982, 0.8681627791959909, -0.3159854101251621, 0.1308854423858669], ""zrange"": [0.01, 10.0], ""noise"": false}, {""image_size"": [480, 640], ""intrinsics"": [450.0, 0, 320.0, 0, 450.0, 240.0, 0, 0, 1], ""position"": [0, -0.5, 0.75], ""rotation"": [-0.8681627791959909, 0.3596047974904982, -0.13088544238586683, 0.3159854101251621], ""zrange"": [0.01, 10.0], ""noise"": false}], ""primitive"": ""pick_place"", ""params"": {""pose0"": [[0.571875, -0.1875, 0.013868129812180996], [0.0, 0.0, 0.0, 1.0]], ""pose1"": [[0.6055840253829956, -0.17612695693969727, -0.001085922122001648], [0, 0, 0, 1]]}}",nan,nan,nan,nan,,breakaway_force_2p6_disp_0p045_pull_0p36,hidden_breakaway_pin,hidden_pin,free_vs_hidden_breakaway_pin,free_vs_hidden_pin,tf_free_action_execution_diagnostic,8
gt_y_action_replay,,hidden_high_friction,310001,5.0,0,0,0,0.0,0.0,0.0,0.0,,pick_place,True,0.6000000238418579,0.24687500298023224,0.013311483897268772,0.6214526891708374,0.1858459711074829,0.0033436266239732504,1.0,1.0,True,"{""camera_config"": [{""image_size"": [480, 640], ""intrinsics"": [450.0, 0, 320.0, 0, 450.0, 240.0, 0, 0, 1], ""position"": [1.0, 0, 0.75], ""rotation"": [0.6532814824381883, 0.6532814824381884, -0.2705980500730986, -0.27059805007309845], ""zrange"": [0.01, 10.0], ""noise"": false}, {""image_size"": [480, 640], ""intrinsics"": [450.0, 0, 320.0, 0, 450.0, 240.0, 0, 0, 1], ""position"": [0, 0.5, 0.75], ""rotation"": [-0.3596047974904982, 0.8681627791959909, -0.3159854101251621, 0.1308854423858669], ""zrange"": [0.01, 10.0], ""noise"": false}, {""image_size"": [480, 640], ""intrinsics"": [450.0, 0, 320.0, 0, 450.0, 240.0, 0, 0, 1], ""position"": [0, -0.5, 0.75], ""rotation"": [-0.8681627791959909, 0.3596047974904982, -0.13088544238586683, 0.3159854101251621], ""zrange"": [0.01, 10.0], ""noise"": false}], ""primitive"": ""pick_place"", ""params"": {""pose0"": [[0.6000000238418579, 0.24687500298023224, 0.013311483897268772], [0.0, 0.0, 0.0, 1.0]], ""pose1"": [[0.6214526891708374, 0.1858459711074829, 0.0033436266239732504], [0.0, 0.0, 0.0, 1.0]]}}",nan,nan,1.6857869625091553,1.6857869625091553,6,breakaway_force_2p6_disp_0p045_pull_0p36,hidden_breakaway_pin,hidden_pin,free_vs_hidden_breakaway_pin,free_vs_hidden_pin,tf_free_action_execution_diagnostic,
learned_action,paper_state,hidden_high_friction,310001,5.0,0,0,0,0.125,0.0,0.125,0.125,,pick_place,True,0.6316043138504028,-0.453885942697525,0.014156220480799675,0.419106125831604,0.04175877943634987,-0.0068239131942391396,1.0000000000000016,1.0,True,"{""camera_config"": [{""image_size"": [480, 640], ""intrinsics"": [450.0, 0, 320.0, 0, 450.0, 240.0, 0, 0, 1], ""position"": [1.0, 0, 0.75], ""rotation"": [0.6532814824381883, 0.6532814824381884, -0.2705980500730986, -0.27059805007309845], ""zrange"": [0.01, 10.0], ""noise"": false}, {""image_size"": [480, 640], ""intrinsics"": [450.0, 0, 320.0, 0, 450.0, 240.0, 0, 0, 1], ""position"": [0, 0.5, 0.75], ""rotation"": [-0.3596047974904982, 0.8681627791959909, -0.3159854101251621, 0.1308854423858669], ""zrange"": [0.01, 10.0], ""noise"": false}, {""image_size"": [480, 640], ""intrinsics"": [450.0, 0, 320.0, 0, 450.0, 240.0, 0, 0, 1], ""position"": [0, -0.5, 0.75], ""rotation"": [-0.8681627791959909, 0.3596047974904982, -0.13088544238586683, 0.3159854101251621], ""zrange"": [0.01, 10.0], ""noise"": false}], ""primitive"": ""pick_place"", ""params"": {""pose0"": [[0.6316043138504028, -0.453885942697525, 0.014156220480799675], [3.9756788083877836e-08, 1.7146435382642267e-08, -3.403301462867603e-08, 1.0]], ""pose1"": [[0.419106125831604, 0.04175877943634987, -0.0068239131942391396], [7.786494782280329e-10, -5.814997372510788e-09, 9.573009052132875e-10, 1.0]]}}",0.7197993397712708,0.0,1.6681058406829834,1.6681058406829834,,breakaway_force_2p6_disp_0p045_pull_0p36,hidden_breakaway_pin,hidden_pin,free_vs_hidden_breakaway_pin,free_vs_hidden_pin,tf_free_action_execution_diagnostic,
learned_action,paper_state,hidden_high_friction,310001,5.0,1,0,0,0.0,0.125,0.125,0.0,,pick_place,True,0.5603294968605042,-0.20134606957435608,0.013528674840927124,0.5332214832305908,-0.1158624142408371,0.00077631208114326,1.0000000000000002,1.0,True,"{""camera_config"": [{""image_size"": [480, 640], ""intrinsics"": [450.0, 0, 320.0, 0, 450.0, 240.0, 0, 0, 1], ""position"": [1.0, 0, 0.75], ""rotation"": [0.6532814824381883, 0.6532814824381884, -0.2705980500730986, -0.27059805007309845], ""zrange"": [0.01, 10.0], ""noise"": false}, {""image_size"": [480, 640], ""intrinsics"": [450.0, 0, 320.0, 0, 450.0, 240.0, 0, 0, 1], ""position"": [0, 0.5, 0.75], ""rotation"": [-0.3596047974904982, 0.8681627791959909, -0.3159854101251621, 0.1308854423858669], ""zrange"": [0.01, 10.0], ""noise"": false}, {""image_size"": [480, 640], ""intrinsics"": [450.0, 0, 320.0, 0, 450.0, 240.0, 0, 0, 1], ""position"": [0, -0.5, 0.75], ""rotation"": [-0.8681627791959909, 0.3596047974904982, -0.13088544238586683, 0.3159854101251621], ""zrange"": [0.01, 10.0], ""noise"": false}], ""primitive"": ""pick_place"", ""params"": {""pose0"": [[0.5603294968605042, -0.20134606957435608, 0.013528674840927124], [-8.901167802832788e-09, 2.148213162911361e-08, -1.2658460057934917e-08, 1.0]], ""pose1"": [[0.5332214832305908, -0.1158624142408371, 0.00077631208114326], [-4.401683462162964e-09, -1.7451247558142313e-08, 2.0794608257546088e-09, 1.0]]}}",0.3011661767959595,0.0,1.6286319494247437,1.6286319494247437,,breakaway_force_2p6_disp_0p045_pull_0p36,hidden_breakaway_pin,hidden_pin,free_vs_hidden_breakaway_pin,free_vs_hidden_pin,tf_free_action_execution_diagnostic,
learned_action,paper_state,hidden_high_friction,310001,5.0,2,0,0,-0.125,0.125,0.0,-0.125,,pick_place,True,0.5218542218208313,-0.12586839497089386,0.013139891438186169,0.5281651020050049,-0.07209804654121399,-0.0028557267505675554,1.0,1.0000000000000002,True,"{""camera_config"": [{""image_size"": [480, 640], ""intrinsics"": [450.0, 0, 320.0, 0, 450.0, 240.0, 0, 0, 1], ""position"": [1.0, 0, 0.75], ""rotation"": [0.6532814824381883, 0.6532814824381884, -0.2705980500730986, -0.27059805007309845], ""zrange"": [0.01, 10.0], ""noise"": false}, {""image_size"": [480, 640], ""intrinsics"": [450.0, 0, 320.0, 0, 450.0, 240.0, 0, 0, 1], ""position"": [0, 0.5, 0.75], ""rotation"": [-0.3596047974904982, 0.8681627791959909, -0.3159854101251621, 0.1308854423858669], ""zrange"": [0.01, 10.0], ""noise"": false}, {""image_size"": [480, 640], ""intrinsics"": [450.0, 0, 320.0, 0, 450.0, 240.0, 0, 0, 1], ""position"": [0, -0.5, 0.75], ""rotation"": [-0.8681627791959909, 0.3596047974904982, -0.13088544238586683, 0.3159854101251621], ""zrange"": [0.01, 10.0], ""noise"": false}], ""primitive"": ""pick_place"", ""params"": {""pose0"": [[0.5218542218208313, -0.12586839497089386, 0.013139891438186169], [-5.7380606932611045e-09, -6.443217515084143e-09, -1.0393395477592549e-08, 1.0]], ""pose1"": [[0.5281651020050049, -0.07209804654121399, -0.0028557267505675554], [-1.7491607051667302e-09, 2.3365343437831143e-08, 6.17950579595572e-09, 1.0]]}}",0.21871832013130188,0.0,1.603905200958252,1.603905200958252,,breakaway_force_2p6_disp_0p045_pull_0p36,hidden_breakaway_pin,hidden_pin,free_vs_hidden_breakaway_pin,free_vs_hidden_pin,tf_free_action_execution_diagnostic,
learned_action,paper_state,hidden_high_friction,310001,5.0,3,0,0,0.0,0.0,0.0,0.0,,pick_place,True,0.4941072165966034,-0.04166567698121071,0.011934924870729446,0.49971267580986023,0.022675760090351105,-0.0027425531297922134,1.0000000000000002,1.0000000000000004,True,"{""camera_config"": [{""image_size"": [480, 640], ""intrinsics"": [450.0, 0, 320.0, 0, 450.0, 240.0, 0, 0, 1], ""position"": [1.0, 0, 0.75], ""rotation"": [0.6532814824381883, 0.6532814824381884, -0.2705980500730986, -0.27059805007309845], ""zrange"": [0.01, 10.0], ""noise"": false}, {""image_size"": [480, 640], ""intrinsics"": [450.0, 0, 320.0, 0, 450.0, 240.0, 0, 0, 1], ""position"": [0, 0.5, 0.75], ""rotation"": [-0.3596047974904982, 0.8681627791959909, -0.3159854101251621, 0.1308854423858669], ""zrange"": [0.01, 10.0], ""noise"": false}, {""image_size"": [480, 640], ""intrinsics"": [450.0, 0, 320.0, 0, 450.0, 240.0, 0, 0, 1], ""position"": [0, -0.5, 0.75], ""rotation"": [-0.8681627791959909, 0.3596047974904982, -0.13088544238586683, 0.3159854101251621], ""zrange"": [0.01, 10.0], ""noise"": false}], ""primitive"": ""pick_place"", ""params"": {""pose0"": [[0.4941072165966034, -0.04166567698121071, 0.011934924870729446], [-1.5012821208415517e-08, -1.994689924345039e-08, 8.979218257820776e-09, 1.0]], ""pose1"": [[0.49971267580986023, 0.022675760090351105, -0.0027425531297922134], [3.8761114318219825e-09, 2.5600460418218063e-08, 1.5501607109058568e-08, 1.0]]}}",0.2364828884601593,0.0,1.5799541473388672,1.5799541473388672,,breakaway_force_2p6_disp_0p045_pull_0p36,hidden_breakaway_pin,hidden_pin,free_vs_hidden_breakaway_pin,free_vs_hidden_pin,tf_free_action_execution_diagnostic,
learned_action,state_action,hidden_high_friction,310001,5.0,0,0,0,0.0,0.0,0.0,0.0,,pick_place,True,0.661106526851654,-0.4006477892398834,0.012041738256812096,0.4364924430847168,0.05408895015716553,-0.009258663281798363,1.0,1.0,True,"{""camera_config"": [{""image_size"": [480, 640], ""intrinsics"": [450.0, 0, 320.0, 0, 450.0, 240.0, 0, 0, 1], ""position"": [1.0, 0, 0.75], ""rotation"": [0.6532814824381883, 0.6532814824381884, -0.2705980500730986, -0.27059805007309845], ""zrange"": [0.01, 10.0], ""noise"": false}, {""image_size"": [480, 640], ""intrinsics"": [450.0, 0, 320.0, 0, 450.0, 240.0, 0, 0, 1], ""position"": [0, 0.5, 0.75], ""rotation"": [-0.3596047974904982, 0.8681627791959909, -0.3159854101251621, 0.1308854423858669], ""zrange"": [0.01, 10.0], ""noise"": false}, {""image_size"": [480, 640], ""intrinsics"": [450.0, 0, 320.0, 0, 450.0, 240.0, 0, 0, 1], ""position"": [0, -0.5, 0.75], ""rotation"": [-0.8681627791959909, 0.3596047974904982, -0.13088544238586683, 0.3159854101251621], ""zrange"": [0.01, 10.0], ""noise"": false}], ""primitive"": ""pick_place"", ""params"": {""pose0"": [[0.661106526851654, -0.4006477892398834, 0.012041738256812096], [5.495873978134114e-09, 1.1008880917984243e-08, 8.544152940714866e-09, 1.0]], ""pose1"": [[0.4364924430847168, 0.05408895015716553, -0.009258663281798363], [1.679666006282332e-08, -5.74965586253029e-09, 3.6016143400985356e-09, 1.0]]}}",0.8350024223327637,0.0,1.670707106590271,1.670707106590271,,breakaway_force_2p6_disp_0p045_pull_0p36,hidden_breakaway_pin,hidden_pin,free_vs_hidden_breakaway_pin,free_vs_hidden_pin,tf_free_action_execution_diagnostic,
learned_action,state_action,hidden_high_friction,310001,5.0,1,0,0,0.0,0.0,0.0,0.0,,pick_place,True,0.6809494495391846,-0.4307873547077179,0.012037170119583607,0.48048317432403564,0.07185063511133194,-0.007175574079155922,1.0000000000000004,1.0000000000000007,True,"{""camera_config"": [{""image_size"": [480, 640], ""intrinsics"": [450.0, 0, 320.0, 0, 450.0, 240.0, 0, 0, 1], ""position"": [1.0, 0, 0.75], ""rotation"": [0.6532814824381883, 0.6532814824381884, -0.2705980500730986, -0.27059805007309845], ""zrange"": [0.01, 10.0], ""noise"": false}, {""image_size"": [480, 640], ""intrinsics"": [450.0, 0, 320.0, 0, 450.0, 240.0, 0, 0, 1], ""position"": [0, 0.5, 0.75], ""rotation"": [-0.3596047974904982, 0.8681627791959909, -0.3159854101251621, 0.1308854423858669], ""zrange"": [0.01, 10.0], ""noise"": false}, {""image_size"": [480, 640], ""intrinsics"": [450.0, 0, 320.0, 0, 450.0, 240.0, 0, 0, 1], ""position"": [0, -0.5, 0.75], ""rotation"": [-0.8681627791959909, 0.3596047974904982, -0.13088544238586683, 0.3159854101251621], ""zrange"": [0.01, 10.0], ""noise"": false}], ""primitive"": ""pick_place"", ""params"": {""pose0"": [[0.6809494495391846, -0.4307873547077179, 0.012037170119583607], [3.0183329613464593e-08, 4.2262487953692585e-10, 6.0191562845091084e-09, 1.0]], ""pose1"": [[0.48048317432403564, 0.07185063511133194, -0.007175574079155922], [5.1192570182934105e-09, 2.242381391681647e-08, 2.7430983706722145e-08, 1.0]]}}",0.7576612830162048,0.0,1.6986738443374634,1.6986738443374634,,breakaway_force_2p6_disp_0p045_pull_0p36,hidden_breakaway_pin,hidden_pin,free_vs_hidden_breakaway_pin,free_vs_hidden_pin,tf_free_action_execution_diagnostic,
learned_action,state_action,hidden_high_friction,310001,5.0,2,0,0,0.0,0.0,0.0,0.0,,pick_place,True,0.6810964941978455,-0.4244232475757599,0.008242767304182053,0.48505765199661255,-0.062172383069992065,-0.0008104488370008767,1.000000000000004,1.0000001192092938,True,"{""camera_config"": [{""image_size"": [480, 640], ""intrinsics"": [450.0, 0, 320.0, 0, 450.0, 240.0, 0, 0, 1], ""position"": [1.0, 0, 0.75], ""rotation"": [0.6532814824381883, 0.6532814824381884, -0.2705980500730986, -0.27059805007309845], ""zrange"": [0.01, 10.0], ""noise"": false}, {""image_size"": [480, 640], ""intrinsics"": [450.0, 0, 320.0, 0, 450.0, 240.0, 0, 0, 1], ""position"": [0, 0.5, 0.75], ""rotation"": [-0.3596047974904982, 0.8681627791959909, -0.3159854101251621, 0.1308854423858669], ""zrange"": [0.01, 10.0], ""noise"": false}, {""image_size"": [480, 640], ""intrinsics"": [450.0, 0, 320.0, 0, 450.0, 240.0, 0, 0, 1], ""position"": [0, -0.5, 0.75], ""rotation"": [-0.8681627791959909, 0.3596047974904982, -0.13088544238586683, 0.3159854101251621], ""zrange"": [0.01, 10.0], ""noise"": false}], ""primitive"": ""pick_place"", ""params"": {""pose0"": [[0.6810964941978455, -0.4244232475757599, 0.008242767304182053], [7.758784903444393e-08, -2.8722158873506487e-08, -3.42861561364316e-08, 1.0]], ""pose1"": [[0.48505765199661255, -0.062172383069992065, -0.0008104488370008767], [-3.9459745693193327e-08, 4.086588489826681e-08, 7.195841078555532e-08, 1.0000001192092896]]}}",0.6928337216377258,0.0,1.6980113983154297,1.6980113983154297,,breakaway_force_2p6_disp_0p045_pull_0p36,hidden_breakaway_pin,hidden_pin,free_vs_hidden_breakaway_pin,free_vs_hidden_pin,tf_free_action_execution_diagnostic,
learned_action,state_action,hidden_high_friction,310001,5.0,3,0,0,0.0,0.0,0.0,0.0,,pick_place,True,0.6697611808776855,-0.44164684414863586,0.004154030233621597,0.47821176052093506,0.05007053166627884,-0.006655554287135601,1.0000000000000058,1.0000001192093,True,"{""camera_config"": [{""image_size"": [480, 640], ""intrinsics"": [450.0, 0, 320.0, 0, 450.0, 240.0, 0, 0, 1], ""position"": [1.0, 0, 0.75], ""rotation"": [0.6532814824381883, 0.6532814824381884, -0.2705980500730986, -0.27059805007309845], ""zrange"": [0.01, 10.0], ""noise"": false}, {""image_size"": [480, 640], ""intrinsics"": [450.0, 0, 320.0, 0, 450.0, 240.0, 0, 0, 1], ""position"": [0, 0.5, 0.75], ""rotation"": [-0.3596047974904982, 0.8681627791959909, -0.3159854101251621, 0.1308854423858669], ""zrange"": [0.01, 10.0], ""noise"": false}, {""image_size"": [480, 640], ""intrinsics"": [450.0, 0, 320.0, 0, 450.0, 240.0, 0, 0, 1], ""position"": [0, -0.5, 0.75], ""rotation"": [-0.8681627791959909, 0.3596047974904982, -0.13088544238586683, 0.3159854101251621], ""zrange"": [0.01, 10.0], ""noise"": false}], ""primitive"": ""pick_place"", ""params"": {""pose0"": [[0.6697611808776855, -0.44164684414863586, 0.004154030233621597], [6.887760406470989e-08, -8.320352407054088e-08, 7.394928669413048e-09, 1.0]], ""pose1"": [[0.47821176052093506, 0.05007053166627884, -0.006655554287135601], [-6.567574928340036e-08, 9.898774067096383e-08, 8.28668760277651e-08, 1.0000001192092896]]}}",0.9696824550628662,0.0,1.6955492496490479,1.6955492496490479,,breakaway_force_2p6_disp_0p045_pull_0p36,hidden_breakaway_pin,hidden_pin,free_vs_hidden_breakaway_pin,free_vs_hidden_pin,tf_free_action_execution_diagnostic,
oracle_action,,hidden_high_friction,310001,15.0,0,0,0,0.0,0.0,0.0,0.0,,None,True,nan,nan,nan,nan,nan,nan,nan,nan,False,"{""camera_config"": [{""image_size"": [480, 640], ""intrinsics"": [450.0, 0, 320.0, 0, 450.0, 240.0, 0, 0, 1], ""position"": [1.0, 0, 0.75], ""rotation"": [0.6532814824381883, 0.6532814824381884, -0.2705980500730986, -0.27059805007309845], ""zrange"": [0.01, 10.0], ""noise"": false}, {""image_size"": [480, 640], ""intrinsics"": [450.0, 0, 320.0, 0, 450.0, 240.0, 0, 0, 1], ""position"": [0, 0.5, 0.75], ""rotation"": [-0.3596047974904982, 0.8681627791959909, -0.3159854101251621, 0.1308854423858669], ""zrange"": [0.01, 10.0], ""noise"": false}, {""image_size"": [480, 640], ""intrinsics"": [450.0, 0, 320.0, 0, 450.0, 240.0, 0, 0, 1], ""position"": [0, -0.5, 0.75], ""rotation"": [-0.8681627791959909, 0.3596047974904982, -0.13088544238586683, 0.3159854101251621], ""zrange"": [0.01, 10.0], ""noise"": false}], ""primitive"": null}",nan,nan,nan,nan,,breakaway_force_2p6_disp_0p045_pull_0p36,hidden_breakaway_pin,hidden_pin,free_vs_hidden_breakaway_pin,free_vs_hidden_pin,tf_free_action_execution_diagnostic,1
oracle_action,,hidden_high_friction,310001,15.0,1,0,0,0.125,0.0,0.125,0.125,,pick_place,True,0.6312500000000001,-0.43125,0.013518992811441422,0.3367641568183899,-0.09055071324110031,-8.94268014235422e-05,1.0,1.0,True,"{""camera_config"": [{""image_size"": [480, 640], ""intrinsics"": [450.0, 0, 320.0, 0, 450.0, 240.0, 0, 0, 1], ""position"": [1.0, 0, 0.75], ""rotation"": [0.6532814824381883, 0.6532814824381884, -0.2705980500730986, -0.27059805007309845], ""zrange"": [0.01, 10.0], ""noise"": false}, {""image_size"": [480, 640], ""intrinsics"": [450.0, 0, 320.0, 0, 450.0, 240.0, 0, 0, 1], ""position"": [0, 0.5, 0.75], ""rotation"": [-0.3596047974904982, 0.8681627791959909, -0.3159854101251621, 0.1308854423858669], ""zrange"": [0.01, 10.0], ""noise"": false}, {""image_size"": [480, 640], ""intrinsics"": [450.0, 0, 320.0, 0, 450.0, 240.0, 0, 0, 1], ""position"": [0, -0.5, 0.75], ""rotation"": [-0.8681627791959909, 0.3596047974904982, -0.13088544238586683, 0.3159854101251621], ""zrange"": [0.01, 10.0], ""noise"": false}], ""primitive"": ""pick_place"", ""params"": {""pose0"": [[0.6312500000000001, -0.43125, 0.013518992811441422], [0.0, 0.0, 0.0, 1.0]], ""pose1"": [[0.3367641568183899, -0.09055071324110031, -8.94268014235422e-05], [0, 0, 0, 1]]}}",nan,nan,nan,nan,,breakaway_force_2p6_disp_0p045_pull_0p36,hidden_breakaway_pin,hidden_pin,free_vs_hidden_breakaway_pin,free_vs_hidden_pin,tf_free_action_execution_diagnostic,2
oracle_action,,hidden_high_friction,310001,15.0,2,0,0,0.125,0.125,0.25,0.125,,pick_place,True,0.46875,-0.275,0.013489491306245327,0.6484763622283936,-0.18315130472183228,-0.002049658913165331,1.0,1.0,True,"{""camera_config"": [{""image_size"": [480, 640], ""intrinsics"": [450.0, 0, 320.0, 0, 450.0, 240.0, 0, 0, 1], ""position"": [1.0, 0, 0.75], ""rotation"": [0.6532814824381883, 0.6532814824381884, -0.2705980500730986, -0.27059805007309845], ""zrange"": [0.01, 10.0], ""noise"": false}, {""image_size"": [480, 640], ""intrinsics"": [450.0, 0, 320.0, 0, 450.0, 240.0, 0, 0, 1], ""position"": [0, 0.5, 0.75], ""rotation"": [-0.3596047974904982, 0.8681627791959909, -0.3159854101251621, 0.1308854423858669], ""zrange"": [0.01, 10.0], ""noise"": false}, {""image_size"": [480, 640], ""intrinsics"": [450.0, 0, 320.0, 0, 450.0, 240.0, 0, 0, 1], ""position"": [0, -0.5, 0.75], ""rotation"": [-0.8681627791959909, 0.3596047974904982, -0.13088544238586683, 0.3159854101251621], ""zrange"": [0.01, 10.0], ""noise"": false}], ""primitive"": ""pick_place"", ""params"": {""pose0"": [[0.46875, -0.275, 0.013489491306245327], [0.0, 0.0, 0.0, 1.0]], ""pose1"": [[0.6484763622283936, -0.18315130472183228, -0.002049658913165331], [0, 0, 0, 1]]}}",nan,nan,nan,nan,,breakaway_force_2p6_disp_0p045_pull_0p36,hidden_breakaway_pin,hidden_pin,free_vs_hidden_breakaway_pin,free_vs_hidden_pin,tf_free_action_execution_diagnostic,3
oracle_action,,hidden_high_friction,310001,15.0,3,0,0,0.041666666666666685,0.25,0.2916666666666667,0.041666666666666685,,pick_place,True,0.45,-0.18124999999999997,0.014356177300214767,0.47745102643966675,-0.13799069821834564,-0.004229920916259289,1.0,1.0,True,"{""camera_config"": [{""image_size"": [480, 640], ""intrinsics"": [450.0, 0, 320.0, 0, 450.0, 240.0, 0, 0, 1], ""position"": [1.0, 0, 0.75], ""rotation"": [0.6532814824381883, 0.6532814824381884, -0.2705980500730986, -0.27059805007309845], ""zrange"": [0.01, 10.0], ""noise"": false}, {""image_size"": [480, 640], ""intrinsics"": [450.0, 0, 320.0, 0, 450.0, 240.0, 0, 0, 1], ""position"": [0, 0.5, 0.75], ""rotation"": [-0.3596047974904982, 0.8681627791959909, -0.3159854101251621, 0.1308854423858669], ""zrange"": [0.01, 10.0], ""noise"": false}, {""image_size"": [480, 640], ""intrinsics"": [450.0, 0, 320.0, 0, 450.0, 240.0, 0, 0, 1], ""position"": [0, -0.5, 0.75], ""rotation"": [-0.8681627791959909, 0.3596047974904982, -0.13088544238586683, 0.3159854101251621], ""zrange"": [0.01, 10.0], ""noise"": false}], ""primitive"": ""pick_place"", ""params"": {""pose0"": [[0.45, -0.18124999999999997, 0.014356177300214767], [0.0, 0.0, 0.0, 1.0]], ""pose1"": [[0.47745102643966675, -0.13799069821834564, -0.004229920916259289], [0, 0, 0, 1]]}}",nan,nan,nan,nan,,breakaway_force_2p6_disp_0p045_pull_0p36,hidden_breakaway_pin,hidden_pin,free_vs_hidden_breakaway_pin,free_vs_hidden_pin,tf_free_action_execution_diagnostic,4
oracle_action,,hidden_high_friction,310001,15.0,4,0,0,0.3333333333333333,0.2916666666666667,0.625,0.3333333333333333,,pick_place,True,0.5218750000000001,-0.18437499999999996,0.01383927557617426,0.5473593473434448,-0.142209991812706,0.0011201701126992702,1.0,1.0,True,"{""camera_config"": [{""image_size"": [480, 640], ""intrinsics"": [450.0, 0, 320.0, 0, 450.0, 240.0, 0, 0, 1], ""position"": [1.0, 0, 0.75], ""rotation"": [0.6532814824381883, 0.6532814824381884, -0.2705980500730986, -0.27059805007309845], ""zrange"": [0.01, 10.0], ""noise"": false}, {""image_size"": [480, 640], ""intrinsics"": [450.0, 0, 320.0, 0, 450.0, 240.0, 0, 0, 1], ""position"": [0, 0.5, 0.75], ""rotation"": [-0.3596047974904982, 0.8681627791959909, -0.3159854101251621, 0.1308854423858669], ""zrange"": [0.01, 10.0], ""noise"": false}, {""image_size"": [480, 640], ""intrinsics"": [450.0, 0, 320.0, 0, 450.0, 240.0, 0, 0, 1], ""position"": [0, -0.5, 0.75], ""rotation"": [-0.8681627791959909, 0.3596047974904982, -0.13088544238586683, 0.3159854101251621], ""zrange"": [0.01, 10.0], ""noise"": false}], ""primitive"": ""pick_place"", ""params"": {""pose0"": [[0.5218750000000001, -0.18437499999999996, 0.01383927557617426], [0.0, 0.0, 0.0, 1.0]], ""pose1"": [[0.5473593473434448, -0.142209991812706, 0.0011201701126992702], [0, 0, 0, 1]]}}",nan,nan,nan,nan,,breakaway_force_2p6_disp_0p045_pull_0p36,hidden_breakaway_pin,hidden_pin,free_vs_hidden_breakaway_pin,free_vs_hidden_pin,tf_free_action_execution_diagnostic,5
oracle_action,,hidden_high_friction,310001,15.0,5,0,0,0.04166666666666663,0.625,0.6666666666666666,0.04166666666666663,,pick_place,True,0.58125,-0.1875,0.013394207693636417,0.6202811598777771,-0.1797022819519043,-0.0018084056209772825,1.0,1.0,True,"{""camera_config"": [{""image_size"": [480, 640], ""intrinsics"": [450.0, 0, 320.0, 0, 450.0, 240.0, 0, 0, 1], ""position"": [1.0, 0, 0.75], ""rotation"": [0.6532814824381883, 0.6532814824381884, -0.2705980500730986, -0.27059805007309845], ""zrange"": [0.01, 10.0], ""noise"": false}, {""image_size"": [480, 640], ""intrinsics"": [450.0, 0, 320.0, 0, 450.0, 240.0, 0, 0, 1], ""position"": [0, 0.5, 0.75], ""rotation"": [-0.3596047974904982, 0.8681627791959909, -0.3159854101251621, 0.1308854423858669], ""zrange"": [0.01, 10.0], ""noise"": false}, {""image_size"": [480, 640], ""intrinsics"": [450.0, 0, 320.0, 0, 450.0, 240.0, 0, 0, 1], ""position"": [0, -0.5, 0.75], ""rotation"": [-0.8681627791959909, 0.3596047974904982, -0.13088544238586683, 0.3159854101251621], ""zrange"": [0.01, 10.0], ""noise"": false}], ""primitive"": ""pick_place"", ""params"": {""pose0"": [[0.58125, -0.1875, 0.013394207693636417], [0.0, 0.0, 0.0, 1.0]], ""pose1"": [[0.6202811598777771, -0.1797022819519043, -0.0018084056209772825], [0, 0, 0, 1]]}}",nan,nan,nan,nan,,breakaway_force_2p6_disp_0p045_pull_0p36,hidden_breakaway_pin,hidden_pin,free_vs_hidden_breakaway_pin,free_vs_hidden_pin,tf_free_action_execution_diagnostic,6
oracle_action,,hidden_high_friction,310001,15.0,6,0,0,0.04166666666666674,0.6666666666666666,0.7083333333333334,0.04166666666666674,,pick_place,True,0.6156250000000001,-0.19374999999999998,0.013326657004654408,0.6486310958862305,-0.1801539957523346,-0.0009866037871688604,1.0,1.0,True,"{""camera_config"": [{""image_size"": [480, 640], ""intrinsics"": [450.0, 0, 320.0, 0, 450.0, 240.0, 0, 0, 1], ""position"": [1.0, 0, 0.75], ""rotation"": [0.6532814824381883, 0.6532814824381884, -0.2705980500730986, -0.27059805007309845], ""zrange"": [0.01, 10.0], ""noise"": false}, {""image_size"": [480, 640], ""intrinsics"": [450.0, 0, 320.0, 0, 450.0, 240.0, 0, 0, 1], ""position"": [0, 0.5, 0.75], ""rotation"": [-0.3596047974904982, 0.8681627791959909, -0.3159854101251621, 0.1308854423858669], ""zrange"": [0.01, 10.0], ""noise"": false}, {""image_size"": [480, 640], ""intrinsics"": [450.0, 0, 320.0, 0, 450.0, 240.0, 0, 0, 1], ""position"": [0, -0.5, 0.75], ""rotation"": [-0.8681627791959909, 0.3596047974904982, -0.13088544238586683, 0.3159854101251621], ""zrange"": [0.01, 10.0], ""noise"": false}], ""primitive"": ""pick_place"", ""params"": {""pose0"": [[0.6156250000000001, -0.19374999999999998, 0.013326657004654408], [0.0, 0.0, 0.0, 1.0]], ""pose1"": [[0.6486310958862305, -0.1801539957523346, -0.0009866037871688604], [0, 0, 0, 1]]}}",nan,nan,nan,nan,,breakaway_force_2p6_disp_0p045_pull_0p36,hidden_breakaway_pin,hidden_pin,free_vs_hidden_breakaway_pin,free_vs_hidden_pin,tf_free_action_execution_diagnostic,7
oracle_action,,hidden_high_friction,310001,15.0,7,0,0,0.25,0.7083333333333334,0.9583333333333334,0.25,,pick_place,True,0.4125,-0.140625,0.013517123647034168,0.42158716917037964,-0.10736405104398727,-0.002569234697148204,1.0,1.0,True,"{""camera_config"": [{""image_size"": [480, 640], ""intrinsics"": [450.0, 0, 320.0, 0, 450.0, 240.0, 0, 0, 1], ""position"": [1.0, 0, 0.75], ""rotation"": [0.6532814824381883, 0.6532814824381884, -0.2705980500730986, -0.27059805007309845], ""zrange"": [0.01, 10.0], ""noise"": false}, {""image_size"": [480, 640], ""intrinsics"": [450.0, 0, 320.0, 0, 450.0, 240.0, 0, 0, 1], ""position"": [0, 0.5, 0.75], ""rotation"": [-0.3596047974904982, 0.8681627791959909, -0.3159854101251621, 0.1308854423858669], ""zrange"": [0.01, 10.0], ""noise"": false}, {""image_size"": [480, 640], ""intrinsics"": [450.0, 0, 320.0, 0, 450.0, 240.0, 0, 0, 1], ""position"": [0, -0.5, 0.75], ""rotation"": [-0.8681627791959909, 0.3596047974904982, -0.13088544238586683, 0.3159854101251621], ""zrange"": [0.01, 10.0], ""noise"": false}], ""primitive"": ""pick_place"", ""params"": {""pose0"": [[0.4125, -0.140625, 0.013517123647034168], [0.0, 0.0, 0.0, 1.0]], ""pose1"": [[0.42158716917037964, -0.10736405104398727, -0.002569234697148204], [0, 0, 0, 1]]}}",nan,nan,nan,nan,,breakaway_force_2p6_disp_0p045_pull_0p36,hidden_breakaway_pin,hidden_pin,free_vs_hidden_breakaway_pin,free_vs_hidden_pin,tf_free_action_execution_diagnostic,8
gt_y_action_replay,,hidden_high_friction,310001,15.0,0,0,0,0.0,0.0,0.0,0.0,,pick_place,True,0.6000000238418579,0.24687500298023224,0.013311483897268772,0.6214526891708374,0.1858459711074829,0.0033436266239732504,1.0,1.0,True,"{""camera_config"": [{""image_size"": [480, 640], ""intrinsics"": [450.0, 0, 320.0, 0, 450.0, 240.0, 0, 0, 1], ""position"": [1.0, 0, 0.75], ""rotation"": [0.6532814824381883, 0.6532814824381884, -0.2705980500730986, -0.27059805007309845], ""zrange"": [0.01, 10.0], ""noise"": false}, {""image_size"": [480, 640], ""intrinsics"": [450.0, 0, 320.0, 0, 450.0, 240.0, 0, 0, 1], ""position"": [0, 0.5, 0.75], ""rotation"": [-0.3596047974904982, 0.8681627791959909, -0.3159854101251621, 0.1308854423858669], ""zrange"": [0.01, 10.0], ""noise"": false}, {""image_size"": [480, 640], ""intrinsics"": [450.0, 0, 320.0, 0, 450.0, 240.0, 0, 0, 1], ""position"": [0, -0.5, 0.75], ""rotation"": [-0.8681627791959909, 0.3596047974904982, -0.13088544238586683, 0.3159854101251621], ""zrange"": [0.01, 10.0], ""noise"": false}], ""primitive"": ""pick_place"", ""params"": {""pose0"": [[0.6000000238418579, 0.24687500298023224, 0.013311483897268772], [0.0, 0.0, 0.0, 1.0]], ""pose1"": [[0.6214526891708374, 0.1858459711074829, 0.0033436266239732504], [0.0, 0.0, 0.0, 1.0]]}}",nan,nan,1.6857869625091553,1.6857869625091553,6,breakaway_force_2p6_disp_0p045_pull_0p36,hidden_breakaway_pin,hidden_pin,free_vs_hidden_breakaway_pin,free_vs_hidden_pin,tf_free_action_execution_diagnostic,
learned_action,paper_state,hidden_high_friction,310001,15.0,0,0,0,0.0,0.0,0.0,0.0,,pick_place,True,0.6508336663246155,-0.40759971737861633,0.01250213012099266,0.43369609117507935,-0.01400017086416483,-0.008410452865064144,1.0,1.0,True,"{""camera_config"": [{""image_size"": [480, 640], ""intrinsics"": [450.0, 0, 320.0, 0, 450.0, 240.0, 0, 0, 1], ""position"": [1.0, 0, 0.75], ""rotation"": [0.6532814824381883, 0.6532814824381884, -0.2705980500730986, -0.27059805007309845], ""zrange"": [0.01, 10.0], ""noise"": false}, {""image_size"": [480, 640], ""intrinsics"": [450.0, 0, 320.0, 0, 450.0, 240.0, 0, 0, 1], ""position"": [0, 0.5, 0.75], ""rotation"": [-0.3596047974904982, 0.8681627791959909, -0.3159854101251621, 0.1308854423858669], ""zrange"": [0.01, 10.0], ""noise"": false}, {""image_size"": [480, 640], ""intrinsics"": [450.0, 0, 320.0, 0, 450.0, 240.0, 0, 0, 1], ""position"": [0, -0.5, 0.75], ""rotation"": [-0.8681627791959909, 0.3596047974904982, -0.13088544238586683, 0.3159854101251621], ""zrange"": [0.01, 10.0], ""noise"": false}], ""primitive"": ""pick_place"", ""params"": {""pose0"": [[0.6508336663246155, -0.40759971737861633, 0.01250213012099266], [1.4015627769481398e-08, 7.882978714235378e-09, -5.872880848301065e-09, 1.0]], ""pose1"": [[0.43369609117507935, -0.01400017086416483, -0.008410452865064144], [1.084560530273393e-08, -5.307091210937642e-09, 4.725698499186137e-09, 1.0]]}}",0.7742440700531006,0.0,1.666804552078247,1.666804552078247,,breakaway_force_2p6_disp_0p045_pull_0p36,hidden_breakaway_pin,hidden_pin,free_vs_hidden_breakaway_pin,free_vs_hidden_pin,tf_free_action_execution_diagnostic,
learned_action,paper_state,hidden_high_friction,310001,15.0,1,0,0,0.0,0.0,0.0,0.0,,pick_place,True,0.6834851503372192,-0.43410471081733704,0.013277411460876465,0.4741339683532715,0.018228400498628616,-0.0055282022804021835,1.0000000000000007,1.0000000000000007,True,"{""camera_config"": [{""image_size"": [480, 640], ""intrinsics"": [450.0, 0, 320.0, 0, 450.0, 240.0, 0, 0, 1], ""position"": [1.0, 0, 0.75], ""rotation"": [0.6532814824381883, 0.6532814824381884, -0.2705980500730986, -0.27059805007309845], ""zrange"": [0.01, 10.0], ""noise"": false}, {""image_size"": [480, 640], ""intrinsics"": [450.0, 0, 320.0, 0, 450.0, 240.0, 0, 0, 1], ""position"": [0, 0.5, 0.75], ""rotation"": [-0.3596047974904982, 0.8681627791959909, -0.3159854101251621, 0.1308854423858669], ""zrange"": [0.01, 10.0], ""noise"": false}, {""image_size"": [480, 640], ""intrinsics"": [450.0, 0, 320.0, 0, 450.0, 240.0, 0, 0, 1], ""position"": [0, -0.5, 0.75], ""rotation"": [-0.8681627791959909, 0.3596047974904982, -0.13088544238586683, 0.3159854101251621], ""zrange"": [0.01, 10.0], ""noise"": false}], ""primitive"": ""pick_place"", ""params"": {""pose0"": [[0.6834851503372192, -0.43410471081733704, 0.013277411460876465], [3.295655659485419e-08, -1.8204935336996186e-09, -1.1732902649441712e-08, 1.0]], ""pose1"": [[0.4741339683532715, 0.018228400498628616, -0.0055282022804021835], [5.502738709139976e-09, 1.619775069627849e-08, 3.089938616085419e-08, 1.0]]}}",0.6729480624198914,0.0,1.6973334550857544,1.6973334550857544,,breakaway_force_2p6_disp_0p045_pull_0p36,hidden_breakaway_pin,hidden_pin,free_vs_hidden_breakaway_pin,free_vs_hidden_pin,tf_free_action_execution_diagnostic,
learned_action,paper_state,hidden_high_friction,310001,15.0,2,0,0,0.0,0.0,0.0,0.0,,pick_place,True,0.6708844900131226,-0.4327164590358734,0.011057425290346146,0.48238465189933777,-0.07369562983512878,-0.001640837173908949,1.0000000000000029,1.000000119209293,True,"{""camera_config"": [{""image_size"": [480, 640], ""intrinsics"": [450.0, 0, 320.0, 0, 450.0, 240.0, 0, 0, 1], ""position"": [1.0, 0, 0.75], ""rotation"": [0.6532814824381883, 0.6532814824381884, -0.2705980500730986, -0.27059805007309845], ""zrange"": [0.01, 10.0], ""noise"": false}, {""image_size"": [480, 640], ""intrinsics"": [450.0, 0, 320.0, 0, 450.0, 240.0, 0, 0, 1], ""position"": [0, 0.5, 0.75], ""rotation"": [-0.3596047974904982, 0.8681627791959909, -0.3159854101251621, 0.1308854423858669], ""zrange"": [0.01, 10.0], ""noise"": false}, {""image_size"": [480, 640], ""intrinsics"": [450.0, 0, 320.0, 0, 450.0, 240.0, 0, 0, 1], ""position"": [0, -0.5, 0.75], ""rotation"": [-0.8681627791959909, 0.3596047974904982, -0.13088544238586683, 0.3159854101251621], ""zrange"": [0.01, 10.0], ""noise"": false}], ""primitive"": ""pick_place"", ""params"": {""pose0"": [[0.6708844900131226, -0.4327164590358734, 0.011057425290346146], [6.621663573014303e-08, -1.3302728696373833e-08, -3.531125258859902e-08, 1.0]], ""pose1"": [[0.48238465189933777, -0.07369562983512878, -0.001640837173908949], [-2.4519142272083627e-08, 3.331511422288713e-08, 7.349439101744792e-08, 1.0000001192092896]]}}",0.6054847240447998,0.0,1.6957536935806274,1.6957536935806274,,breakaway_force_2p6_disp_0p045_pull_0p36,hidden_breakaway_pin,hidden_pin,free_vs_hidden_breakaway_pin,free_vs_hidden_pin,tf_free_action_execution_diagnostic,
learned_action,paper_state,hidden_high_friction,310001,15.0,3,0,0,0.0,0.0,0.0,0.0,,pick_place,True,0.6919795274734497,-0.44832223653793335,0.005032060667872429,0.48109856247901917,-0.01692379266023636,-0.008192038163542747,1.0000000000000042,1.000000119209301,True,"{""camera_config"": [{""image_size"": [480, 640], ""intrinsics"": [450.0, 0, 320.0, 0, 450.0, 240.0, 0, 0, 1], ""position"": [1.0, 0, 0.75], ""rotation"": [0.6532814824381883, 0.6532814824381884, -0.2705980500730986, -0.27059805007309845], ""zrange"": [0.01, 10.0], ""noise"": false}, {""image_size"": [480, 640], ""intrinsics"": [450.0, 0, 320.0, 0, 450.0, 240.0, 0, 0, 1], ""position"": [0, 0.5, 0.75], ""rotation"": [-0.3596047974904982, 0.8681627791959909, -0.3159854101251621, 0.1308854423858669], ""zrange"": [0.01, 10.0], ""noise"": false}, {""image_size"": [480, 640], ""intrinsics"": [450.0, 0, 320.0, 0, 450.0, 240.0, 0, 0, 1], ""position"": [0, -0.5, 0.75], ""rotation"": [-0.8681627791959909, 0.3596047974904982, -0.13088544238586683, 0.3159854101251621], ""zrange"": [0.01, 10.0], ""noise"": false}], ""primitive"": ""pick_place"", ""params"": {""pose0"": [[0.6919795274734497, -0.44832223653793335, 0.005032060667872429], [6.694925502870319e-08, -6.544062358670999e-08, 9.451210924993347e-10, 1.0]], ""pose1"": [[0.48109856247901917, -0.01692379266023636, -0.008192038163542747], [-6.897861482002554e-08, 8.846080845614779e-08, 1.0405207007124773e-07, 1.0000001192092896]]}}",1.004426121711731,0.0,1.706359624862671,1.706359624862671,,breakaway_force_2p6_disp_0p045_pull_0p36,hidden_breakaway_pin,hidden_pin,free_vs_hidden_breakaway_pin,free_vs_hidden_pin,tf_free_action_execution_diagnostic,
learned_action,state_action,hidden_high_friction,310001,15.0,0,0,0,0.0,0.0,0.0,0.0,,pick_place,True,0.6334151029586792,-0.41259804368019104,0.012880481779575348,0.48216232657432556,0.07201579958200455,-0.005767859518527985,1.0000000000000004,1.0,True,"{""camera_config"": [{""image_size"": [480, 640], ""intrinsics"": [450.0, 0, 320.0, 0, 450.0, 240.0, 0, 0, 1], ""position"": [1.0, 0, 0.75], ""rotation"": [0.6532814824381883, 0.6532814824381884, -0.2705980500730986, -0.27059805007309845], ""zrange"": [0.01, 10.0], ""noise"": false}, {""image_size"": [480, 640], ""intrinsics"": [450.0, 0, 320.0, 0, 450.0, 240.0, 0, 0, 1], ""position"": [0, 0.5, 0.75], ""rotation"": [-0.3596047974904982, 0.8681627791959909, -0.3159854101251621, 0.1308854423858669], ""zrange"": [0.01, 10.0], ""noise"": false}, {""image_size"": [480, 640], ""intrinsics"": [450.0, 0, 320.0, 0, 450.0, 240.0, 0, 0, 1], ""position"": [0, -0.5, 0.75], ""rotation"": [-0.8681627791959909, 0.3596047974904982, -0.13088544238586683, 0.3159854101251621], ""zrange"": [0.01, 10.0], ""noise"": false}], ""primitive"": ""pick_place"", ""params"": {""pose0"": [[0.6334151029586792, -0.41259804368019104, 0.012880481779575348], [2.2795727971924862e-08, 1.1886742257161131e-08, -1.732934329368163e-08, 1.0]], ""pose1"": [[0.48216232657432556, 0.07201579958200455, -0.005767859518527985], [8.973266574230365e-09, -1.2138037241982147e-08, -7.3472707917687785e-09, 1.0]]}}",0.6277741193771362,0.0,1.6761019229888916,1.6761019229888916,,breakaway_force_2p6_disp_0p045_pull_0p36,hidden_breakaway_pin,hidden_pin,free_vs_hidden_breakaway_pin,free_vs_hidden_pin,tf_free_action_execution_diagnostic,
learned_action,state_action,hidden_high_friction,310001,15.0,1,0,0,0.0,0.0,0.0,0.0,,pick_place,True,0.6770747900009155,-0.43652382493019104,0.01197629515081644,0.4752301275730133,0.019732356071472168,-0.006562322843819857,1.0000000000000004,1.0000000000000004,True,"{""camera_config"": [{""image_size"": [480, 640], ""intrinsics"": [450.0, 0, 320.0, 0, 450.0, 240.0, 0, 0, 1], ""position"": [1.0, 0, 0.75], ""rotation"": [0.6532814824381883, 0.6532814824381884, -0.2705980500730986, -0.27059805007309845], ""zrange"": [0.01, 10.0], ""noise"": false}, {""image_size"": [480, 640], ""intrinsics"": [450.0, 0, 320.0, 0, 450.0, 240.0, 0, 0, 1], ""position"": [0, 0.5, 0.75], ""rotation"": [-0.3596047974904982, 0.8681627791959909, -0.3159854101251621, 0.1308854423858669], ""zrange"": [0.01, 10.0], ""noise"": false}, {""image_size"": [480, 640], ""intrinsics"": [450.0, 0, 320.0, 0, 450.0, 240.0, 0, 0, 1], ""position"": [0, -0.5, 0.75], ""rotation"": [-0.8681627791959909, 0.3596047974904982, -0.13088544238586683, 0.3159854101251621], ""zrange"": [0.01, 10.0], ""noise"": false}], ""primitive"": ""pick_place"", ""params"": {""pose0"": [[0.6770747900009155, -0.43652382493019104, 0.01197629515081644], [3.084613808823633e-08, -4.5386197022878605e-09, -1.1480879358316542e-08, 1.0]], ""pose1"": [[0.4752301275730133, 0.019732356071472168, -0.006562322843819857], [5.705863781457765e-09, 8.528301620458478e-09, 3.3322542947189504e-08, 1.0]]}}",0.7225621938705444,0.0,1.6957013607025146,1.6957013607025146,,breakaway_force_2p6_disp_0p045_pull_0p36,hidden_breakaway_pin,hidden_pin,free_vs_hidden_breakaway_pin,free_vs_hidden_pin,tf_free_action_execution_diagnostic,
learned_action,state_action,hidden_high_friction,310001,15.0,2,0,0,0.0,0.0,0.0,0.0,,pick_place,True,0.671789824962616,-0.4553523063659668,0.008708074688911438,0.49854815006256104,-0.021385371685028076,-0.0016107301926240325,1.000000000000004,1.0000001192092938,True,"{""camera_config"": [{""image_size"": [480, 640], ""intrinsics"": [450.0, 0, 320.0, 0, 450.0, 240.0, 0, 0, 1], ""position"": [1.0, 0, 0.75], ""rotation"": [0.6532814824381883, 0.6532814824381884, -0.2705980500730986, -0.27059805007309845], ""zrange"": [0.01, 10.0], ""noise"": false}, {""image_size"": [480, 640], ""intrinsics"": [450.0, 0, 320.0, 0, 450.0, 240.0, 0, 0, 1], ""position"": [0, 0.5, 0.75], ""rotation"": [-0.3596047974904982, 0.8681627791959909, -0.3159854101251621, 0.1308854423858669], ""zrange"": [0.01, 10.0], ""noise"": false}, {""image_size"": [480, 640], ""intrinsics"": [450.0, 0, 320.0, 0, 450.0, 240.0, 0, 0, 1], ""position"": [0, -0.5, 0.75], ""rotation"": [-0.8681627791959909, 0.3596047974904982, -0.13088544238586683, 0.3159854101251621], ""zrange"": [0.01, 10.0], ""noise"": false}], ""primitive"": ""pick_place"", ""params"": {""pose0"": [[0.671789824962616, -0.4553523063659668, 0.008708074688911438], [7.844436566983859e-08, -2.649847097302427e-08, -3.3782278308081004e-08, 1.0]], ""pose1"": [[0.49854815006256104, -0.021385371685028076, -0.0016107301926240325], [-4.05647035961465e-08, 3.11886694248642e-08, 7.68302541587218e-08, 1.0000001192092896]]}}",0.6871218681335449,0.0,1.7052077054977417,1.7052077054977417,,breakaway_force_2p6_disp_0p045_pull_0p36,hidden_breakaway_pin,hidden_pin,free_vs_hidden_breakaway_pin,free_vs_hidden_pin,tf_free_action_execution_diagnostic,
learned_action,state_action,hidden_high_friction,310001,15.0,3,0,0,0.0,0.0,0.0,0.0,,pick_place,True,0.6979408264160156,-0.4213577210903168,0.006193097680807114,0.47691646218299866,-0.06550081074237823,-0.004882484208792448,1.0000000000000042,1.0000001192093002,True,"{""camera_config"": [{""image_size"": [480, 640], ""intrinsics"": [450.0, 0, 320.0, 0, 450.0, 240.0, 0, 0, 1], ""position"": [1.0, 0, 0.75], ""rotation"": [0.6532814824381883, 0.6532814824381884, -0.2705980500730986, -0.27059805007309845], ""zrange"": [0.01, 10.0], ""noise"": false}, {""image_size"": [480, 640], ""intrinsics"": [450.0, 0, 320.0, 0, 450.0, 240.0, 0, 0, 1], ""position"": [0, 0.5, 0.75], ""rotation"": [-0.3596047974904982, 0.8681627791959909, -0.3159854101251621, 0.1308854423858669], ""zrange"": [0.01, 10.0], ""noise"": false}, {""image_size"": [480, 640], ""intrinsics"": [450.0, 0, 320.0, 0, 450.0, 240.0, 0, 0, 1], ""position"": [0, -0.5, 0.75], ""rotation"": [-0.8681627791959909, 0.3596047974904982, -0.13088544238586683, 0.3159854101251621], ""zrange"": [0.01, 10.0], ""noise"": false}], ""primitive"": ""pick_place"", ""params"": {""pose0"": [[0.6979408264160156, -0.4213577210903168, 0.006193097680807114], [7.422070069651454e-08, -4.277704590549547e-08, -3.55901335069575e-08, 1.0]], ""pose1"": [[0.47691646218299866, -0.06550081074237823, -0.004882484208792448], [-6.8283362963939e-08, 6.893536408369982e-08, 1.0999988120374837e-07, 1.0000001192092896]]}}",0.842161238193512,0.0,1.701900601387024,1.701900601387024,,breakaway_force_2p6_disp_0p045_pull_0p36,hidden_breakaway_pin,hidden_pin,free_vs_hidden_breakaway_pin,free_vs_hidden_pin,tf_free_action_execution_diagnostic,
oracle_action,,hidden_breakaway_pin,310000,5.0,0,0,0,0.0,0.0,0.0,0.0,,None,True,nan,nan,nan,nan,nan,nan,nan,nan,False,"{""camera_config"": [{""image_size"": [480, 640], ""intrinsics"": [450.0, 0, 320.0, 0, 450.0, 240.0, 0, 0, 1], ""position"": [1.0, 0, 0.75], ""rotation"": [0.6532814824381883, 0.6532814824381884, -0.2705980500730986, -0.27059805007309845], ""zrange"": [0.01, 10.0], ""noise"": false}, {""image_size"": [480, 640], ""intrinsics"": [450.0, 0, 320.0, 0, 450.0, 240.0, 0, 0, 1], ""position"": [0, 0.5, 0.75], ""rotation"": [-0.3596047974904982, 0.8681627791959909, -0.3159854101251621, 0.1308854423858669], ""zrange"": [0.01, 10.0], ""noise"": false}, {""image_size"": [480, 640], ""intrinsics"": [450.0, 0, 320.0, 0, 450.0, 240.0, 0, 0, 1], ""position"": [0, -0.5, 0.75], ""rotation"": [-0.8681627791959909, 0.3596047974904982, -0.13088544238586683, 0.3159854101251621], ""zrange"": [0.01, 10.0], ""noise"": false}], ""primitive"": null}",nan,nan,nan,nan,,breakaway_force_2p6_disp_0p045_pull_0p36,hidden_breakaway_pin,hidden_pin,free_vs_hidden_breakaway_pin,free_vs_hidden_pin,tf_free_action_execution_diagnostic,1
oracle_action,,hidden_breakaway_pin,310000,5.0,1,0,0,0.125,0.0,0.125,0.125,,pick_place,True,0.41875,0.234375,0.02792118303477764,0.40176287293434143,-0.3036579489707947,-0.000576649559661746,1.0,1.0,True,"{""camera_config"": [{""image_size"": [480, 640], ""intrinsics"": [450.0, 0, 320.0, 0, 450.0, 240.0, 0, 0, 1], ""position"": [1.0, 0, 0.75], ""rotation"": [0.6532814824381883, 0.6532814824381884, -0.2705980500730986, -0.27059805007309845], ""zrange"": [0.01, 10.0], ""noise"": false}, {""image_size"": [480, 640], ""intrinsics"": [450.0, 0, 320.0, 0, 450.0, 240.0, 0, 0, 1], ""position"": [0, 0.5, 0.75], ""rotation"": [-0.3596047974904982, 0.8681627791959909, -0.3159854101251621, 0.1308854423858669], ""zrange"": [0.01, 10.0], ""noise"": false}, {""image_size"": [480, 640], ""intrinsics"": [450.0, 0, 320.0, 0, 450.0, 240.0, 0, 0, 1], ""position"": [0, -0.5, 0.75], ""rotation"": [-0.8681627791959909, 0.3596047974904982, -0.13088544238586683, 0.3159854101251621], ""zrange"": [0.01, 10.0], ""noise"": false}], ""primitive"": ""pick_place"", ""params"": {""pose0"": [[0.41875, 0.234375, 0.02792118303477764], [0.0, 0.0, 0.0, 1.0]], ""pose1"": [[0.40176287293434143, -0.3036579489707947, -0.000576649559661746], [0, 0, 0, 1]]}}",nan,nan,nan,nan,,breakaway_force_2p6_disp_0p045_pull_0p36,hidden_breakaway_pin,hidden_pin,free_vs_hidden_breakaway_pin,free_vs_hidden_pin,tf_free_action_execution_diagnostic,2
oracle_action,,hidden_breakaway_pin,310000,5.0,2,0,0,0.16666666666666669,0.125,0.2916666666666667,0.16666666666666669,,pick_place,True,0.4125,-0.01874999999999999,0.013536885380744934,0.6118146181106567,-0.1346902847290039,0.0006694637122564018,1.0,1.0,True,"{""camera_config"": [{""image_size"": [480, 640], ""intrinsics"": [450.0, 0, 320.0, 0, 450.0, 240.0, 0, 0, 1], ""position"": [1.0, 0, 0.75], ""rotation"": [0.6532814824381883, 0.6532814824381884, -0.2705980500730986, -0.27059805007309845], ""zrange"": [0.01, 10.0], ""noise"": false}, {""image_size"": [480, 640], ""intrinsics"": [450.0, 0, 320.0, 0, 450.0, 240.0, 0, 0, 1], ""position"": [0, 0.5, 0.75], ""rotation"": [-0.3596047974904982, 0.8681627791959909, -0.3159854101251621, 0.1308854423858669], ""zrange"": [0.01, 10.0], ""noise"": false}, {""image_size"": [480, 640], ""intrinsics"": [450.0, 0, 320.0, 0, 450.0, 240.0, 0, 0, 1], ""position"": [0, -0.5, 0.75], ""rotation"": [-0.8681627791959909, 0.3596047974904982, -0.13088544238586683, 0.3159854101251621], ""zrange"": [0.01, 10.0], ""noise"": false}], ""primitive"": ""pick_place"", ""params"": {""pose0"": [[0.4125, -0.01874999999999999, 0.013536885380744934], [0.0, 0.0, 0.0, 1.0]], ""pose1"": [[0.6118146181106567, -0.1346902847290039, 0.0006694637122564018], [0, 0, 0, 1]]}}",nan,nan,nan,nan,,breakaway_force_2p6_disp_0p045_pull_0p36,hidden_breakaway_pin,hidden_pin,free_vs_hidden_breakaway_pin,free_vs_hidden_pin,tf_free_action_execution_diagnostic,3
oracle_action,,hidden_breakaway_pin,310000,5.0,3,0,0,0.04166666666666663,0.2916666666666667,0.3333333333333333,0.04166666666666663,,pick_place,True,0.40625,-0.290625,0.013497003354132175,0.3618137240409851,-0.338506817817688,0.0025747257750481367,1.0,1.0,True,"{""camera_config"": [{""image_size"": [480, 640], ""intrinsics"": [450.0, 0, 320.0, 0, 450.0, 240.0, 0, 0, 1], ""position"": [1.0, 0, 0.75], ""rotation"": [0.6532814824381883, 0.6532814824381884, -0.2705980500730986, -0.27059805007309845], ""zrange"": [0.01, 10.0], ""noise"": false}, {""image_size"": [480, 640], ""intrinsics"": [450.0, 0, 320.0, 0, 450.0, 240.0, 0, 0, 1], ""position"": [0, 0.5, 0.75], ""rotation"": [-0.3596047974904982, 0.8681627791959909, -0.3159854101251621, 0.1308854423858669], ""zrange"": [0.01, 10.0], ""noise"": false}, {""image_size"": [480, 640], ""intrinsics"": [450.0, 0, 320.0, 0, 450.0, 240.0, 0, 0, 1], ""position"": [0, -0.5, 0.75], ""rotation"": [-0.8681627791959909, 0.3596047974904982, -0.13088544238586683, 0.3159854101251621], ""zrange"": [0.01, 10.0], ""noise"": false}], ""primitive"": ""pick_place"", ""params"": {""pose0"": [[0.40625, -0.290625, 0.013497003354132175], [0.0, 0.0, 0.0, 1.0]], ""pose1"": [[0.3618137240409851, -0.338506817817688, 0.0025747257750481367], [0, 0, 0, 1]]}}",nan,nan,nan,nan,,breakaway_force_2p6_disp_0p045_pull_0p36,hidden_breakaway_pin,hidden_pin,free_vs_hidden_breakaway_pin,free_vs_hidden_pin,tf_free_action_execution_diagnostic,4
oracle_action,,hidden_breakaway_pin,310000,5.0,4,0,0,0.0,0.3333333333333333,0.3333333333333333,0.0,,pick_place,True,0.47187500000000004,-0.19687499999999997,0.013255257159471512,0.4925050735473633,-0.23152540624141693,-0.0018193739233538508,1.0,1.0,True,"{""camera_config"": [{""image_size"": [480, 640], ""intrinsics"": [450.0, 0, 320.0, 0, 450.0, 240.0, 0, 0, 1], ""position"": [1.0, 0, 0.75], ""rotation"": [0.6532814824381883, 0.6532814824381884, -0.2705980500730986, -0.27059805007309845], ""zrange"": [0.01, 10.0], ""noise"": false}, {""image_size"": [480, 640], ""intrinsics"": [450.0, 0, 320.0, 0, 450.0, 240.0, 0, 0, 1], ""position"": [0, 0.5, 0.75], ""rotation"": [-0.3596047974904982, 0.8681627791959909, -0.3159854101251621, 0.1308854423858669], ""zrange"": [0.01, 10.0], ""noise"": false}, {""image_size"": [480, 640], ""intrinsics"": [450.0, 0, 320.0, 0, 450.0, 240.0, 0, 0, 1], ""position"": [0, -0.5, 0.75], ""rotation"": [-0.8681627791959909, 0.3596047974904982, -0.13088544238586683, 0.3159854101251621], ""zrange"": [0.01, 10.0], ""noise"": false}], ""primitive"": ""pick_place"", ""params"": {""pose0"": [[0.47187500000000004, -0.19687499999999997, 0.013255257159471512], [0.0, 0.0, 0.0, 1.0]], ""pose1"": [[0.4925050735473633, -0.23152540624141693, -0.0018193739233538508], [0, 0, 0, 1]]}}",nan,nan,nan,nan,,breakaway_force_2p6_disp_0p045_pull_0p36,hidden_breakaway_pin,hidden_pin,free_vs_hidden_breakaway_pin,free_vs_hidden_pin,tf_free_action_execution_diagnostic,5
oracle_action,,hidden_breakaway_pin,310000,5.0,5,0,0,0.125,0.3333333333333333,0.4583333333333333,0.125,,pick_place,True,0.415625,-0.259375,0.013147532939910889,0.4323353171348572,-0.2777564227581024,0.0011148038320243359,1.0,1.0,True,"{""camera_config"": [{""image_size"": [480, 640], ""intrinsics"": [450.0, 0, 320.0, 0, 450.0, 240.0, 0, 0, 1], ""position"": [1.0, 0, 0.75], ""rotation"": [0.6532814824381883, 0.6532814824381884, -0.2705980500730986, -0.27059805007309845], ""zrange"": [0.01, 10.0], ""noise"": false}, {""image_size"": [480, 640], ""intrinsics"": [450.0, 0, 320.0, 0, 450.0, 240.0, 0, 0, 1], ""position"": [0, 0.5, 0.75], ""rotation"": [-0.3596047974904982, 0.8681627791959909, -0.3159854101251621, 0.1308854423858669], ""zrange"": [0.01, 10.0], ""noise"": false}, {""image_size"": [480, 640], ""intrinsics"": [450.0, 0, 320.0, 0, 450.0, 240.0, 0, 0, 1], ""position"": [0, -0.5, 0.75], ""rotation"": [-0.8681627791959909, 0.3596047974904982, -0.13088544238586683, 0.3159854101251621], ""zrange"": [0.01, 10.0], ""noise"": false}], ""primitive"": ""pick_place"", ""params"": {""pose0"": [[0.415625, -0.259375, 0.013147532939910889], [0.0, 0.0, 0.0, 1.0]], ""pose1"": [[0.4323353171348572, -0.2777564227581024, 0.0011148038320243359], [0, 0, 0, 1]]}}",nan,nan,nan,nan,,breakaway_force_2p6_disp_0p045_pull_0p36,hidden_breakaway_pin,hidden_pin,free_vs_hidden_breakaway_pin,free_vs_hidden_pin,tf_free_action_execution_diagnostic,6
oracle_action,,hidden_breakaway_pin,310000,5.0,6,0,0,0.4166666666666667,0.4583333333333333,0.875,0.4166666666666667,,pick_place,True,0.525,-0.18124999999999997,0.013571477495133877,0.5563976168632507,-0.19501535594463348,0.0032576473895460367,1.0,1.0,True,"{""camera_config"": [{""image_size"": [480, 640], ""intrinsics"": [450.0, 0, 320.0, 0, 450.0, 240.0, 0, 0, 1], ""position"": [1.0, 0, 0.75], ""rotation"": [0.6532814824381883, 0.6532814824381884, -0.2705980500730986, -0.27059805007309845], ""zrange"": [0.01, 10.0], ""noise"": false}, {""image_size"": [480, 640], ""intrinsics"": [450.0, 0, 320.0, 0, 450.0, 240.0, 0, 0, 1], ""position"": [0, 0.5, 0.75], ""rotation"": [-0.3596047974904982, 0.8681627791959909, -0.3159854101251621, 0.1308854423858669], ""zrange"": [0.01, 10.0], ""noise"": false}, {""image_size"": [480, 640], ""intrinsics"": [450.0, 0, 320.0, 0, 450.0, 240.0, 0, 0, 1], ""position"": [0, -0.5, 0.75], ""rotation"": [-0.8681627791959909, 0.3596047974904982, -0.13088544238586683, 0.3159854101251621], ""zrange"": [0.01, 10.0], ""noise"": false}], ""primitive"": ""pick_place"", ""params"": {""pose0"": [[0.525, -0.18124999999999997, 0.013571477495133877], [0.0, 0.0, 0.0, 1.0]], ""pose1"": [[0.5563976168632507, -0.19501535594463348, 0.0032576473895460367], [0, 0, 0, 1]]}}",nan,nan,nan,nan,,breakaway_force_2p6_disp_0p045_pull_0p36,hidden_breakaway_pin,hidden_pin,free_vs_hidden_breakaway_pin,free_vs_hidden_pin,tf_free_action_execution_diagnostic,7
oracle_action,,hidden_breakaway_pin,310000,5.0,7,0,0,0.0,0.875,0.875,0.0,,pick_place,True,0.559375,-0.171875,0.013600786216557026,0.59637850522995,-0.16098323464393616,0.0030041395220905542,1.0,1.0,True,"{""camera_config"": [{""image_size"": [480, 640], ""intrinsics"": [450.0, 0, 320.0, 0, 450.0, 240.0, 0, 0, 1], ""position"": [1.0, 0, 0.75], ""rotation"": [0.6532814824381883, 0.6532814824381884, -0.2705980500730986, -0.27059805007309845], ""zrange"": [0.01, 10.0], ""noise"": false}, {""image_size"": [480, 640], ""intrinsics"": [450.0, 0, 320.0, 0, 450.0, 240.0, 0, 0, 1], ""position"": [0, 0.5, 0.75], ""rotation"": [-0.3596047974904982, 0.8681627791959909, -0.3159854101251621, 0.1308854423858669], ""zrange"": [0.01, 10.0], ""noise"": false}, {""image_size"": [480, 640], ""intrinsics"": [450.0, 0, 320.0, 0, 450.0, 240.0, 0, 0, 1], ""position"": [0, -0.5, 0.75], ""rotation"": [-0.8681627791959909, 0.3596047974904982, -0.13088544238586683, 0.3159854101251621], ""zrange"": [0.01, 10.0], ""noise"": false}], ""primitive"": ""pick_place"", ""params"": {""pose0"": [[0.559375, -0.171875, 0.013600786216557026], [0.0, 0.0, 0.0, 1.0]], ""pose1"": [[0.59637850522995, -0.16098323464393616, 0.0030041395220905542], [0, 0, 0, 1]]}}",nan,nan,nan,nan,,breakaway_force_2p6_disp_0p045_pull_0p36,hidden_breakaway_pin,hidden_pin,free_vs_hidden_breakaway_pin,free_vs_hidden_pin,tf_free_action_execution_diagnostic,8
gt_y_action_replay,,hidden_breakaway_pin,310000,5.0,0,0,0,0.0,0.0,0.0,0.0,,pick_place,True,0.671875,0.40625,0.03601432591676712,0.3977108895778656,-0.014461454004049301,-0.007450219243764877,1.0,1.0,True,"{""camera_config"": [{""image_size"": [480, 640], ""intrinsics"": [450.0, 0, 320.0, 0, 450.0, 240.0, 0, 0, 1], ""position"": [1.0, 0, 0.75], ""rotation"": [0.6532814824381883, 0.6532814824381884, -0.2705980500730986, -0.27059805007309845], ""zrange"": [0.01, 10.0], ""noise"": false}, {""image_size"": [480, 640], ""intrinsics"": [450.0, 0, 320.0, 0, 450.0, 240.0, 0, 0, 1], ""position"": [0, 0.5, 0.75], ""rotation"": [-0.3596047974904982, 0.8681627791959909, -0.3159854101251621, 0.1308854423858669], ""zrange"": [0.01, 10.0], ""noise"": false}, {""image_size"": [480, 640], ""intrinsics"": [450.0, 0, 320.0, 0, 450.0, 240.0, 0, 0, 1], ""position"": [0, -0.5, 0.75], ""rotation"": [-0.8681627791959909, 0.3596047974904982, -0.13088544238586683, 0.3159854101251621], ""zrange"": [0.01, 10.0], ""noise"": false}], ""primitive"": ""pick_place"", ""params"": {""pose0"": [[0.671875, 0.40625, 0.03601432591676712], [0.0, 0.0, 0.0, 1.0]], ""pose1"": [[0.3977108895778656, -0.014461454004049301, -0.007450219243764877], [0.0, 0.0, 0.0, 1.0]]}}",nan,nan,1.666190505027771,1.666190505027771,3,breakaway_force_2p6_disp_0p045_pull_0p36,hidden_breakaway_pin,hidden_pin,free_vs_hidden_breakaway_pin,free_vs_hidden_pin,tf_free_action_execution_diagnostic,
learned_action,paper_state,hidden_breakaway_pin,310000,5.0,0,0,0,0.0,0.0,0.0,0.0,,pick_place,True,0.4027949571609497,0.19203917682170868,0.016282644122838974,0.49550774693489075,-0.05475997552275658,-0.004251992795616388,0.9999999403953554,1.0000000000000002,True,"{""camera_config"": [{""image_size"": [480, 640], ""intrinsics"": [450.0, 0, 320.0, 0, 450.0, 240.0, 0, 0, 1], ""position"": [1.0, 0, 0.75], ""rotation"": [0.6532814824381883, 0.6532814824381884, -0.2705980500730986, -0.27059805007309845], ""zrange"": [0.01, 10.0], ""noise"": false}, {""image_size"": [480, 640], ""intrinsics"": [450.0, 0, 320.0, 0, 450.0, 240.0, 0, 0, 1], ""position"": [0, 0.5, 0.75], ""rotation"": [-0.3596047974904982, 0.8681627791959909, -0.3159854101251621, 0.1308854423858669], ""zrange"": [0.01, 10.0], ""noise"": false}, {""image_size"": [480, 640], ""intrinsics"": [450.0, 0, 320.0, 0, 450.0, 240.0, 0, 0, 1], ""position"": [0, -0.5, 0.75], ""rotation"": [-0.8681627791959909, 0.3596047974904982, -0.13088544238586683, 0.3159854101251621], ""zrange"": [0.01, 10.0], ""noise"": false}], ""primitive"": ""pick_place"", ""params"": {""pose0"": [[0.4027949571609497, 0.19203917682170868, 0.016282644122838974], [-1.6503308941651085e-08, -2.597384085589738e-09, 1.0911263004231841e-09, 0.9999999403953552]], ""pose1"": [[0.49550774693489075, -0.05475997552275658, -0.004251992795616388], [-7.626955955686299e-09, -1.1111447761891213e-08, -1.5634718408819026e-08, 1.0]]}}",0.4975200593471527,0.0,1.5645869970321655,1.5645869970321655,,breakaway_force_2p6_disp_0p045_pull_0p36,hidden_breakaway_pin,hidden_pin,free_vs_hidden_breakaway_pin,free_vs_hidden_pin,tf_free_action_execution_diagnostic,
learned_action,paper_state,hidden_breakaway_pin,310000,5.0,1,0,0,0.0,0.0,0.0,0.0,,pick_place,True,0.41504502296447754,0.19407609105110168,0.016275273635983467,0.52757328748703,-0.07560719549655914,-0.004538563080132008,0.9999999403953557,1.0000000000000002,True,"{""camera_config"": [{""image_size"": [480, 640], ""intrinsics"": [450.0, 0, 320.0, 0, 450.0, 240.0, 0, 0, 1], ""position"": [1.0, 0, 0.75], ""rotation"": [0.6532814824381883, 0.6532814824381884, -0.2705980500730986, -0.27059805007309845], ""zrange"": [0.01, 10.0], ""noise"": false}, {""image_size"": [480, 640], ""intrinsics"": [450.0, 0, 320.0, 0, 450.0, 240.0, 0, 0, 1], ""position"": [0, 0.5, 0.75], ""rotation"": [-0.3596047974904982, 0.8681627791959909, -0.3159854101251621, 0.1308854423858669], ""zrange"": [0.01, 10.0], ""noise"": false}, {""image_size"": [480, 640], ""intrinsics"": [450.0, 0, 320.0, 0, 450.0, 240.0, 0, 0, 1], ""position"": [0, -0.5, 0.75], ""rotation"": [-0.8681627791959909, 0.3596047974904982, -0.13088544238586683, 0.3159854101251621], ""zrange"": [0.01, 10.0], ""noise"": false}], ""primitive"": ""pick_place"", ""params"": {""pose0"": [[0.41504502296447754, 0.19407609105110168, 0.016275273635983467], [-2.669632159779667e-08, -7.895141429514752e-09, 1.1330995697278468e-08, 0.9999999403953552]], ""pose1"": [[0.52757328748703, -0.07560719549655914, -0.004538563080132008], [-4.464590475095065e-09, -7.1302102000458945e-09, -2.2901780027950736e-08, 1.0]]}}",0.5002159476280212,0.0,1.579323649406433,1.579323649406433,,breakaway_force_2p6_disp_0p045_pull_0p36,hidden_breakaway_pin,hidden_pin,free_vs_hidden_breakaway_pin,free_vs_hidden_pin,tf_free_action_execution_diagnostic,
learned_action,paper_state,hidden_breakaway_pin,310000,5.0,2,0,0,0.0,0.0,0.0,0.0,,pick_place,True,0.4282847046852112,0.16619926691055298,0.01639191433787346,0.5160550475120544,-0.07702913880348206,-0.004169541876763105,0.9999999403953554,1.0000000000000002,True,"{""camera_config"": [{""image_size"": [480, 640], ""intrinsics"": [450.0, 0, 320.0, 0, 450.0, 240.0, 0, 0, 1], ""position"": [1.0, 0, 0.75], ""rotation"": [0.6532814824381883, 0.6532814824381884, -0.2705980500730986, -0.27059805007309845], ""zrange"": [0.01, 10.0], ""noise"": false}, {""image_size"": [480, 640], ""intrinsics"": [450.0, 0, 320.0, 0, 450.0, 240.0, 0, 0, 1], ""position"": [0, 0.5, 0.75], ""rotation"": [-0.3596047974904982, 0.8681627791959909, -0.3159854101251621, 0.1308854423858669], ""zrange"": [0.01, 10.0], ""noise"": false}, {""image_size"": [480, 640], ""intrinsics"": [450.0, 0, 320.0, 0, 450.0, 240.0, 0, 0, 1], ""position"": [0, -0.5, 0.75], ""rotation"": [-0.8681627791959909, 0.3596047974904982, -0.13088544238586683, 0.3159854101251621], ""zrange"": [0.01, 10.0], ""noise"": false}], ""primitive"": ""pick_place"", ""params"": {""pose0"": [[0.4282847046852112, 0.16619926691055298, 0.01639191433787346], [-1.5155819710344076e-08, -1.198445609418286e-08, -1.9263644013278736e-09, 0.9999999403953552]], ""pose1"": [[0.5160550475120544, -0.07702913880348206, -0.004169541876763105], [-3.4715808006069437e-09, 6.3706542263730626e-09, -2.397673171117276e-08, 1.0]]}}",0.44972121715545654,0.0,1.5759385824203491,1.5759385824203491,,breakaway_force_2p6_disp_0p045_pull_0p36,hidden_breakaway_pin,hidden_pin,free_vs_hidden_breakaway_pin,free_vs_hidden_pin,tf_free_action_execution_diagnostic,
learned_action,paper_state,hidden_breakaway_pin,310000,5.0,3,0,0,0.0,0.0,0.0,0.0,,pick_place,True,0.4379332661628723,0.15570737421512604,0.016967039555311203,0.5242212414741516,-0.11545064300298691,-0.00546019384637475,0.9999999403953554,1.0000000000000004,True,"{""camera_config"": [{""image_size"": [480, 640], ""intrinsics"": [450.0, 0, 320.0, 0, 450.0, 240.0, 0, 0, 1], ""position"": [1.0, 0, 0.75], ""rotation"": [0.6532814824381883, 0.6532814824381884, -0.2705980500730986, -0.27059805007309845], ""zrange"": [0.01, 10.0], ""noise"": false}, {""image_size"": [480, 640], ""intrinsics"": [450.0, 0, 320.0, 0, 450.0, 240.0, 0, 0, 1], ""position"": [0, 0.5, 0.75], ""rotation"": [-0.3596047974904982, 0.8681627791959909, -0.3159854101251621, 0.1308854423858669], ""zrange"": [0.01, 10.0], ""noise"": false}, {""image_size"": [480, 640], ""intrinsics"": [450.0, 0, 320.0, 0, 450.0, 240.0, 0, 0, 1], ""position"": [0, -0.5, 0.75], ""rotation"": [-0.8681627791959909, 0.3596047974904982, -0.13088544238586683, 0.3159854101251621], ""zrange"": [0.01, 10.0], ""noise"": false}], ""primitive"": ""pick_place"", ""params"": {""pose0"": [[0.4379332661628723, 0.15570737421512604, 0.016967039555311203], [-5.010032833041578e-09, 4.3772030444699794e-09, -1.5774231698628682e-08, 0.9999999403953552]], ""pose1"": [[0.5242212414741516, -0.11545064300298691, -0.00546019384637475], [3.811346793725079e-09, -2.092661155472797e-08, -2.023993772581889e-08, 1.0]]}}",0.5150254368782043,0.0,1.5825563669204712,1.5825563669204712,,breakaway_force_2p6_disp_0p045_pull_0p36,hidden_breakaway_pin,hidden_pin,free_vs_hidden_breakaway_pin,free_vs_hidden_pin,tf_free_action_execution_diagnostic,
learned_action,state_action,hidden_breakaway_pin,310000,5.0,0,0,0,0.0,0.0,0.0,0.0,,pick_place,True,0.4062651991844177,0.19706536829471588,0.01638907752931118,0.495626300573349,-0.06748269498348236,-0.003779708407819271,0.9999999403953553,1.0000000000000004,True,"{""camera_config"": [{""image_size"": [480, 640], ""intrinsics"": [450.0, 0, 320.0, 0, 450.0, 240.0, 0, 0, 1], ""position"": [1.0, 0, 0.75], ""rotation"": [0.6532814824381883, 0.6532814824381884, -0.2705980500730986, -0.27059805007309845], ""zrange"": [0.01, 10.0], ""noise"": false}, {""image_size"": [480, 640], ""intrinsics"": [450.0, 0, 320.0, 0, 450.0, 240.0, 0, 0, 1], ""position"": [0, 0.5, 0.75], ""rotation"": [-0.3596047974904982, 0.8681627791959909, -0.3159854101251621, 0.1308854423858669], ""zrange"": [0.01, 10.0], ""noise"": false}, {""image_size"": [480, 640], ""intrinsics"": [450.0, 0, 320.0, 0, 450.0, 240.0, 0, 0, 1], ""position"": [0, -0.5, 0.75], ""rotation"": [-0.8681627791959909, 0.3596047974904982, -0.13088544238586683, 0.3159854101251621], ""zrange"": [0.01, 10.0], ""noise"": false}], ""primitive"": ""pick_place"", ""params"": {""pose0"": [[0.4062651991844177, 0.19706536829471588, 0.01638907752931118], [-3.958946059867685e-09, 9.373816389768308e-09, -5.480553788572706e-09, 0.9999999403953552]], ""pose1"": [[0.495626300573349, -0.06748269498348236, -0.003779708407819271], [-2.077208804962538e-08, -2.3950441629949637e-08, -5.93287330374892e-09, 1.0]]}}",0.4838791489601135,0.0,1.5666424036026,1.5666424036026,,breakaway_force_2p6_disp_0p045_pull_0p36,hidden_breakaway_pin,hidden_pin,free_vs_hidden_breakaway_pin,free_vs_hidden_pin,tf_free_action_execution_diagnostic,
learned_action,state_action,hidden_breakaway_pin,310000,5.0,1,0,0,0.0,0.0,0.0,0.0,,pick_place,True,0.4177275002002716,0.20374183356761932,0.016277693212032318,0.5310061573982239,-0.07746222615242004,-0.004621708765625954,0.9999999403953558,1.0000000000000002,True,"{""camera_config"": [{""image_size"": [480, 640], ""intrinsics"": [450.0, 0, 320.0, 0, 450.0, 240.0, 0, 0, 1], ""position"": [1.0, 0, 0.75], ""rotation"": [0.6532814824381883, 0.6532814824381884, -0.2705980500730986, -0.27059805007309845], ""zrange"": [0.01, 10.0], ""noise"": false}, {""image_size"": [480, 640], ""intrinsics"": [450.0, 0, 320.0, 0, 450.0, 240.0, 0, 0, 1], ""position"": [0, 0.5, 0.75], ""rotation"": [-0.3596047974904982, 0.8681627791959909, -0.3159854101251621, 0.1308854423858669], ""zrange"": [0.01, 10.0], ""noise"": false}, {""image_size"": [480, 640], ""intrinsics"": [450.0, 0, 320.0, 0, 450.0, 240.0, 0, 0, 1], ""position"": [0, -0.5, 0.75], ""rotation"": [-0.8681627791959909, 0.3596047974904982, -0.13088544238586683, 0.3159854101251621], ""zrange"": [0.01, 10.0], ""noise"": false}], ""primitive"": ""pick_place"", ""params"": {""pose0"": [[0.4177275002002716, 0.20374183356761932, 0.016277693212032318], [-2.923114017505668e-08, -1.9655115313099714e-09, 1.673855543060654e-08, 0.9999999403953552]], ""pose1"": [[0.5310061573982239, -0.07746222615242004, -0.004621708765625954], [-1.5642635631252233e-08, -1.3230152084986457e-08, -1.4766055933534972e-08, 1.0]]}}",0.5076454877853394,0.0,1.5824857950210571,1.5824857950210571,,breakaway_force_2p6_disp_0p045_pull_0p36,hidden_breakaway_pin,hidden_pin,free_vs_hidden_breakaway_pin,free_vs_hidden_pin,tf_free_action_execution_diagnostic,
learned_action,state_action,hidden_breakaway_pin,310000,5.0,2,0,0,0.0,0.0,0.0,0.0,,pick_place,True,0.45625486969947815,0.12912499904632568,0.015699218958616257,0.5328277945518494,0.022524535655975342,-0.004239445552229881,1.0000000000000004,1.000000000000001,True,"{""camera_config"": [{""image_size"": [480, 640], ""intrinsics"": [450.0, 0, 320.0, 0, 450.0, 240.0, 0, 0, 1], ""position"": [1.0, 0, 0.75], ""rotation"": [0.6532814824381883, 0.6532814824381884, -0.2705980500730986, -0.27059805007309845], ""zrange"": [0.01, 10.0], ""noise"": false}, {""image_size"": [480, 640], ""intrinsics"": [450.0, 0, 320.0, 0, 450.0, 240.0, 0, 0, 1], ""position"": [0, 0.5, 0.75], ""rotation"": [-0.3596047974904982, 0.8681627791959909, -0.3159854101251621, 0.1308854423858669], ""zrange"": [0.01, 10.0], ""noise"": false}, {""image_size"": [480, 640], ""intrinsics"": [450.0, 0, 320.0, 0, 450.0, 240.0, 0, 0, 1], ""position"": [0, -0.5, 0.75], ""rotation"": [-0.8681627791959909, 0.3596047974904982, -0.13088544238586683, 0.3159854101251621], ""zrange"": [0.01, 10.0], ""noise"": false}], ""primitive"": ""pick_place"", ""params"": {""pose0"": [[0.45625486969947815, 0.12912499904632568, 0.015699218958616257], [-1.5042445511426195e-08, -2.444576452376168e-08, 8.490562031227e-09, 1.0]], ""pose1"": [[0.5328277945518494, 0.022524535655975342, -0.004239445552229881], [-3.462187692093721e-08, 1.6877157449357583e-08, 3.0864423905541116e-08, 1.0]]}}",0.3843967616558075,0.0,1.5841461420059204,1.5841461420059204,,breakaway_force_2p6_disp_0p045_pull_0p36,hidden_breakaway_pin,hidden_pin,free_vs_hidden_breakaway_pin,free_vs_hidden_pin,tf_free_action_execution_diagnostic,
learned_action,state_action,hidden_breakaway_pin,310000,5.0,3,0,0,0.0,0.0,0.0,0.0,,pick_place,True,0.4388256072998047,0.06126992776989937,0.01661980152130127,0.5219098329544067,-0.17692974209785461,-0.0012927246280014515,1.0000000000000004,1.0000000000000002,True,"{""camera_config"": [{""image_size"": [480, 640], ""intrinsics"": [450.0, 0, 320.0, 0, 450.0, 240.0, 0, 0, 1], ""position"": [1.0, 0, 0.75], ""rotation"": [0.6532814824381883, 0.6532814824381884, -0.2705980500730986, -0.27059805007309845], ""zrange"": [0.01, 10.0], ""noise"": false}, {""image_size"": [480, 640], ""intrinsics"": [450.0, 0, 320.0, 0, 450.0, 240.0, 0, 0, 1], ""position"": [0, 0.5, 0.75], ""rotation"": [-0.3596047974904982, 0.8681627791959909, -0.3159854101251621, 0.1308854423858669], ""zrange"": [0.01, 10.0], ""noise"": false}, {""image_size"": [480, 640], ""intrinsics"": [450.0, 0, 320.0, 0, 450.0, 240.0, 0, 0, 1], ""position"": [0, -0.5, 0.75], ""rotation"": [-0.8681627791959909, 0.3596047974904982, -0.13088544238586683, 0.3159854101251621], ""zrange"": [0.01, 10.0], ""noise"": false}], ""primitive"": ""pick_place"", ""params"": {""pose0"": [[0.4388256072998047, 0.06126992776989937, 0.01661980152130127], [-7.48259054716982e-09, -1.7199106583376533e-09, -2.994212877638347e-08, 1.0]], ""pose1"": [[0.5219098329544067, -0.17692974209785461, -0.0012927246280014515], [-1.4319160968057076e-08, -2.0360795716101165e-08, 9.925519073306077e-09, 1.0]]}}",0.38567206263542175,0.0,1.581231713294983,1.581231713294983,,breakaway_force_2p6_disp_0p045_pull_0p36,hidden_breakaway_pin,hidden_pin,free_vs_hidden_breakaway_pin,free_vs_hidden_pin,tf_free_action_execution_diagnostic,
oracle_action,,hidden_breakaway_pin,310000,15.0,0,0,0,0.0,0.0,0.0,0.0,,None,True,nan,nan,nan,nan,nan,nan,nan,nan,False,"{""camera_config"": [{""image_size"": [480, 640], ""intrinsics"": [450.0, 0, 320.0, 0, 450.0, 240.0, 0, 0, 1], ""position"": [1.0, 0, 0.75], ""rotation"": [0.6532814824381883, 0.6532814824381884, -0.2705980500730986, -0.27059805007309845], ""zrange"": [0.01, 10.0], ""noise"": false}, {""image_size"": [480, 640], ""intrinsics"": [450.0, 0, 320.0, 0, 450.0, 240.0, 0, 0, 1], ""position"": [0, 0.5, 0.75], ""rotation"": [-0.3596047974904982, 0.8681627791959909, -0.3159854101251621, 0.1308854423858669], ""zrange"": [0.01, 10.0], ""noise"": false}, {""image_size"": [480, 640], ""intrinsics"": [450.0, 0, 320.0, 0, 450.0, 240.0, 0, 0, 1], ""position"": [0, -0.5, 0.75], ""rotation"": [-0.8681627791959909, 0.3596047974904982, -0.13088544238586683, 0.3159854101251621], ""zrange"": [0.01, 10.0], ""noise"": false}], ""primitive"": null}",nan,nan,nan,nan,,breakaway_force_2p6_disp_0p045_pull_0p36,hidden_breakaway_pin,hidden_pin,free_vs_hidden_breakaway_pin,free_vs_hidden_pin,tf_free_action_execution_diagnostic,1
oracle_action,,hidden_breakaway_pin,310000,15.0,1,0,0,0.125,0.0,0.125,0.125,,pick_place,True,0.41875,0.234375,0.027924364432692528,0.40168988704681396,-0.3036724030971527,-0.000624439213424921,1.0,1.0,True,"{""camera_config"": [{""image_size"": [480, 640], ""intrinsics"": [450.0, 0, 320.0, 0, 450.0, 240.0, 0, 0, 1], ""position"": [1.0, 0, 0.75], ""rotation"": [0.6532814824381883, 0.6532814824381884, -0.2705980500730986, -0.27059805007309845], ""zrange"": [0.01, 10.0], ""noise"": false}, {""image_size"": [480, 640], ""intrinsics"": [450.0, 0, 320.0, 0, 450.0, 240.0, 0, 0, 1], ""position"": [0, 0.5, 0.75], ""rotation"": [-0.3596047974904982, 0.8681627791959909, -0.3159854101251621, 0.1308854423858669], ""zrange"": [0.01, 10.0], ""noise"": false}, {""image_size"": [480, 640], ""intrinsics"": [450.0, 0, 320.0, 0, 450.0, 240.0, 0, 0, 1], ""position"": [0, -0.5, 0.75], ""rotation"": [-0.8681627791959909, 0.3596047974904982, -0.13088544238586683, 0.3159854101251621], ""zrange"": [0.01, 10.0], ""noise"": false}], ""primitive"": ""pick_place"", ""params"": {""pose0"": [[0.41875, 0.234375, 0.027924364432692528], [0.0, 0.0, 0.0, 1.0]], ""pose1"": [[0.40168988704681396, -0.3036724030971527, -0.000624439213424921], [0, 0, 0, 1]]}}",nan,nan,nan,nan,,breakaway_force_2p6_disp_0p045_pull_0p36,hidden_breakaway_pin,hidden_pin,free_vs_hidden_breakaway_pin,free_vs_hidden_pin,tf_free_action_execution_diagnostic,2
oracle_action,,hidden_breakaway_pin,310000,15.0,2,0,0,0.125,0.125,0.25,0.125,,pick_place,True,0.415625,-0.01874999999999999,0.013521465472877026,0.6118295788764954,-0.13157469034194946,0.0011514980578795075,1.0,1.0,True,"{""camera_config"": [{""image_size"": [480, 640], ""intrinsics"": [450.0, 0, 320.0, 0, 450.0, 240.0, 0, 0, 1], ""position"": [1.0, 0, 0.75], ""rotation"": [0.6532814824381883, 0.6532814824381884, -0.2705980500730986, -0.27059805007309845], ""zrange"": [0.01, 10.0], ""noise"": false}, {""image_size"": [480, 640], ""intrinsics"": [450.0, 0, 320.0, 0, 450.0, 240.0, 0, 0, 1], ""position"": [0, 0.5, 0.75], ""rotation"": [-0.3596047974904982, 0.8681627791959909, -0.3159854101251621, 0.1308854423858669], ""zrange"": [0.01, 10.0], ""noise"": false}, {""image_size"": [480, 640], ""intrinsics"": [450.0, 0, 320.0, 0, 450.0, 240.0, 0, 0, 1], ""position"": [0, -0.5, 0.75], ""rotation"": [-0.8681627791959909, 0.3596047974904982, -0.13088544238586683, 0.3159854101251621], ""zrange"": [0.01, 10.0], ""noise"": false}], ""primitive"": ""pick_place"", ""params"": {""pose0"": [[0.415625, -0.01874999999999999, 0.013521465472877026], [0.0, 0.0, 0.0, 1.0]], ""pose1"": [[0.6118295788764954, -0.13157469034194946, 0.0011514980578795075], [0, 0, 0, 1]]}}",nan,nan,nan,nan,,breakaway_force_2p6_disp_0p045_pull_0p36,hidden_breakaway_pin,hidden_pin,free_vs_hidden_breakaway_pin,free_vs_hidden_pin,tf_free_action_execution_diagnostic,3
oracle_action,,hidden_breakaway_pin,310000,15.0,3,0,0,0.0,0.25,0.25,0.0,,pick_place,True,0.40625,-0.29374999999999996,0.01359794195741415,0.361706405878067,-0.33619657158851624,0.0017253204714506865,1.0,1.0,True,"{""camera_config"": [{""image_size"": [480, 640], ""intrinsics"": [450.0, 0, 320.0, 0, 450.0, 240.0, 0, 0, 1], ""position"": [1.0, 0, 0.75], ""rotation"": [0.6532814824381883, 0.6532814824381884, -0.2705980500730986, -0.27059805007309845], ""zrange"": [0.01, 10.0], ""noise"": false}, {""image_size"": [480, 640], ""intrinsics"": [450.0, 0, 320.0, 0, 450.0, 240.0, 0, 0, 1], ""position"": [0, 0.5, 0.75], ""rotation"": [-0.3596047974904982, 0.8681627791959909, -0.3159854101251621, 0.1308854423858669], ""zrange"": [0.01, 10.0], ""noise"": false}, {""image_size"": [480, 640], ""intrinsics"": [450.0, 0, 320.0, 0, 450.0, 240.0, 0, 0, 1], ""position"": [0, -0.5, 0.75], ""rotation"": [-0.8681627791959909, 0.3596047974904982, -0.13088544238586683, 0.3159854101251621], ""zrange"": [0.01, 10.0], ""noise"": false}], ""primitive"": ""pick_place"", ""params"": {""pose0"": [[0.40625, -0.29374999999999996, 0.01359794195741415], [0.0, 0.0, 0.0, 1.0]], ""pose1"": [[0.361706405878067, -0.33619657158851624, 0.0017253204714506865], [0, 0, 0, 1]]}}",nan,nan,nan,nan,,breakaway_force_2p6_disp_0p045_pull_0p36,hidden_breakaway_pin,hidden_pin,free_vs_hidden_breakaway_pin,free_vs_hidden_pin,tf_free_action_execution_diagnostic,4
oracle_action,,hidden_breakaway_pin,310000,15.0,4,0,0,0.25,0.25,0.5,0.25,,pick_place,True,0.46875,-0.190625,0.013344334438443184,0.4924166798591614,-0.23294030129909515,-0.0010659273248165846,1.0,1.0,True,"{""camera_config"": [{""image_size"": [480, 640], ""intrinsics"": [450.0, 0, 320.0, 0, 450.0, 240.0, 0, 0, 1], ""position"": [1.0, 0, 0.75], ""rotation"": [0.6532814824381883, 0.6532814824381884, -0.2705980500730986, -0.27059805007309845], ""zrange"": [0.01, 10.0], ""noise"": false}, {""image_size"": [480, 640], ""intrinsics"": [450.0, 0, 320.0, 0, 450.0, 240.0, 0, 0, 1], ""position"": [0, 0.5, 0.75], ""rotation"": [-0.3596047974904982, 0.8681627791959909, -0.3159854101251621, 0.1308854423858669], ""zrange"": [0.01, 10.0], ""noise"": false}, {""image_size"": [480, 640], ""intrinsics"": [450.0, 0, 320.0, 0, 450.0, 240.0, 0, 0, 1], ""position"": [0, -0.5, 0.75], ""rotation"": [-0.8681627791959909, 0.3596047974904982, -0.13088544238586683, 0.3159854101251621], ""zrange"": [0.01, 10.0], ""noise"": false}], ""primitive"": ""pick_place"", ""params"": {""pose0"": [[0.46875, -0.190625, 0.013344334438443184], [0.0, 0.0, 0.0, 1.0]], ""pose1"": [[0.4924166798591614, -0.23294030129909515, -0.0010659273248165846], [0, 0, 0, 1]]}}",nan,nan,nan,nan,,breakaway_force_2p6_disp_0p045_pull_0p36,hidden_breakaway_pin,hidden_pin,free_vs_hidden_breakaway_pin,free_vs_hidden_pin,tf_free_action_execution_diagnostic,5
oracle_action,,hidden_breakaway_pin,310000,15.0,5,0,0,0.29166666666666663,0.5,0.7916666666666666,0.29166666666666663,,pick_place,True,0.40937500000000004,-0.265625,0.01328409556299448,0.43297290802001953,-0.29664236307144165,-0.0005358091439120471,1.0,1.0,True,"{""camera_config"": [{""image_size"": [480, 640], ""intrinsics"": [450.0, 0, 320.0, 0, 450.0, 240.0, 0, 0, 1], ""position"": [1.0, 0, 0.75], ""rotation"": [0.6532814824381883, 0.6532814824381884, -0.2705980500730986, -0.27059805007309845], ""zrange"": [0.01, 10.0], ""noise"": false}, {""image_size"": [480, 640], ""intrinsics"": [450.0, 0, 320.0, 0, 450.0, 240.0, 0, 0, 1], ""position"": [0, 0.5, 0.75], ""rotation"": [-0.3596047974904982, 0.8681627791959909, -0.3159854101251621, 0.1308854423858669], ""zrange"": [0.01, 10.0], ""noise"": false}, {""image_size"": [480, 640], ""intrinsics"": [450.0, 0, 320.0, 0, 450.0, 240.0, 0, 0, 1], ""position"": [0, -0.5, 0.75], ""rotation"": [-0.8681627791959909, 0.3596047974904982, -0.13088544238586683, 0.3159854101251621], ""zrange"": [0.01, 10.0], ""noise"": false}], ""primitive"": ""pick_place"", ""params"": {""pose0"": [[0.40937500000000004, -0.265625, 0.01328409556299448], [0.0, 0.0, 0.0, 1.0]], ""pose1"": [[0.43297290802001953, -0.29664236307144165, -0.0005358091439120471], [0, 0, 0, 1]]}}",nan,nan,nan,nan,,breakaway_force_2p6_disp_0p045_pull_0p36,hidden_breakaway_pin,hidden_pin,free_vs_hidden_breakaway_pin,free_vs_hidden_pin,tf_free_action_execution_diagnostic,6
oracle_action,,hidden_breakaway_pin,310000,15.0,6,0,0,0.04166666666666674,0.7916666666666666,0.8333333333333334,0.04166666666666674,,pick_place,True,0.37812500000000004,-0.3125,0.013684895820915699,0.3616138696670532,-0.33813920617103577,0.0004386281070765108,1.0,1.0,True,"{""camera_config"": [{""image_size"": [480, 640], ""intrinsics"": [450.0, 0, 320.0, 0, 450.0, 240.0, 0, 0, 1], ""position"": [1.0, 0, 0.75], ""rotation"": [0.6532814824381883, 0.6532814824381884, -0.2705980500730986, -0.27059805007309845], ""zrange"": [0.01, 10.0], ""noise"": false}, {""image_size"": [480, 640], ""intrinsics"": [450.0, 0, 320.0, 0, 450.0, 240.0, 0, 0, 1], ""position"": [0, 0.5, 0.75], ""rotation"": [-0.3596047974904982, 0.8681627791959909, -0.3159854101251621, 0.1308854423858669], ""zrange"": [0.01, 10.0], ""noise"": false}, {""image_size"": [480, 640], ""intrinsics"": [450.0, 0, 320.0, 0, 450.0, 240.0, 0, 0, 1], ""position"": [0, -0.5, 0.75], ""rotation"": [-0.8681627791959909, 0.3596047974904982, -0.13088544238586683, 0.3159854101251621], ""zrange"": [0.01, 10.0], ""noise"": false}], ""primitive"": ""pick_place"", ""params"": {""pose0"": [[0.37812500000000004, -0.3125, 0.013684895820915699], [0.0, 0.0, 0.0, 1.0]], ""pose1"": [[0.3616138696670532, -0.33813920617103577, 0.0004386281070765108], [0, 0, 0, 1]]}}",nan,nan,nan,nan,,breakaway_force_2p6_disp_0p045_pull_0p36,hidden_breakaway_pin,hidden_pin,free_vs_hidden_breakaway_pin,free_vs_hidden_pin,tf_free_action_execution_diagnostic,7
oracle_action,,hidden_breakaway_pin,310000,15.0,7,1,1,0.16666666666666663,0.8333333333333334,1.0,0.16666666666666663,,pick_place,True,0.525,-0.18124999999999997,0.013502388261258602,0.5566307902336121,-0.19495055079460144,0.003894104389473796,1.0,1.0,True,"{""camera_config"": [{""image_size"": [480, 640], ""intrinsics"": [450.0, 0, 320.0, 0, 450.0, 240.0, 0, 0, 1], ""position"": [1.0, 0, 0.75], ""rotation"": [0.6532814824381883, 0.6532814824381884, -0.2705980500730986, -0.27059805007309845], ""zrange"": [0.01, 10.0], ""noise"": false}, {""image_size"": [480, 640], ""intrinsics"": [450.0, 0, 320.0, 0, 450.0, 240.0, 0, 0, 1], ""position"": [0, 0.5, 0.75], ""rotation"": [-0.3596047974904982, 0.8681627791959909, -0.3159854101251621, 0.1308854423858669], ""zrange"": [0.01, 10.0], ""noise"": false}, {""image_size"": [480, 640], ""intrinsics"": [450.0, 0, 320.0, 0, 450.0, 240.0, 0, 0, 1], ""position"": [0, -0.5, 0.75], ""rotation"": [-0.8681627791959909, 0.3596047974904982, -0.13088544238586683, 0.3159854101251621], ""zrange"": [0.01, 10.0], ""noise"": false}], ""primitive"": ""pick_place"", ""params"": {""pose0"": [[0.525, -0.18124999999999997, 0.013502388261258602], [0.0, 0.0, 0.0, 1.0]], ""pose1"": [[0.5566307902336121, -0.19495055079460144, 0.003894104389473796], [0, 0, 0, 1]]}}",nan,nan,nan,nan,,breakaway_force_2p6_disp_0p045_pull_0p36,hidden_breakaway_pin,hidden_pin,free_vs_hidden_breakaway_pin,free_vs_hidden_pin,tf_free_action_execution_diagnostic,8
gt_y_action_replay,,hidden_breakaway_pin,310000,15.0,0,0,0,0.0,0.0,0.0,0.0,,pick_place,True,0.671875,0.40625,0.03601432591676712,0.3977108895778656,-0.014461454004049301,-0.007450219243764877,1.0,1.0,True,"{""camera_config"": [{""image_size"": [480, 640], ""intrinsics"": [450.0, 0, 320.0, 0, 450.0, 240.0, 0, 0, 1], ""position"": [1.0, 0, 0.75], ""rotation"": [0.6532814824381883, 0.6532814824381884, -0.2705980500730986, -0.27059805007309845], ""zrange"": [0.01, 10.0], ""noise"": false}, {""image_size"": [480, 640], ""intrinsics"": [450.0, 0, 320.0, 0, 450.0, 240.0, 0, 0, 1], ""position"": [0, 0.5, 0.75], ""rotation"": [-0.3596047974904982, 0.8681627791959909, -0.3159854101251621, 0.1308854423858669], ""zrange"": [0.01, 10.0], ""noise"": false}, {""image_size"": [480, 640], ""intrinsics"": [450.0, 0, 320.0, 0, 450.0, 240.0, 0, 0, 1], ""position"": [0, -0.5, 0.75], ""rotation"": [-0.8681627791959909, 0.3596047974904982, -0.13088544238586683, 0.3159854101251621], ""zrange"": [0.01, 10.0], ""noise"": false}], ""primitive"": ""pick_place"", ""params"": {""pose0"": [[0.671875, 0.40625, 0.03601432591676712], [0.0, 0.0, 0.0, 1.0]], ""pose1"": [[0.3977108895778656, -0.014461454004049301, -0.007450219243764877], [0.0, 0.0, 0.0, 1.0]]}}",nan,nan,1.666190505027771,1.666190505027771,3,breakaway_force_2p6_disp_0p045_pull_0p36,hidden_breakaway_pin,hidden_pin,free_vs_hidden_breakaway_pin,free_vs_hidden_pin,tf_free_action_execution_diagnostic,
learned_action,paper_state,hidden_breakaway_pin,310000,15.0,0,0,0,0.0,0.0,0.0,0.0,,pick_place,True,0.4017254114151001,0.19383977353572845,0.016033407300710678,0.49066901206970215,-0.05998065322637558,-0.004574814811348915,0.9999999403953554,1.0000000000000002,True,"{""camera_config"": [{""image_size"": [480, 640], ""intrinsics"": [450.0, 0, 320.0, 0, 450.0, 240.0, 0, 0, 1], ""position"": [1.0, 0, 0.75], ""rotation"": [0.6532814824381883, 0.6532814824381884, -0.2705980500730986, -0.27059805007309845], ""zrange"": [0.01, 10.0], ""noise"": false}, {""image_size"": [480, 640], ""intrinsics"": [450.0, 0, 320.0, 0, 450.0, 240.0, 0, 0, 1], ""position"": [0, 0.5, 0.75], ""rotation"": [-0.3596047974904982, 0.8681627791959909, -0.3159854101251621, 0.1308854423858669], ""zrange"": [0.01, 10.0], ""noise"": false}, {""image_size"": [480, 640], ""intrinsics"": [450.0, 0, 320.0, 0, 450.0, 240.0, 0, 0, 1], ""position"": [0, -0.5, 0.75], ""rotation"": [-0.8681627791959909, 0.3596047974904982, -0.13088544238586683, 0.3159854101251621], ""zrange"": [0.01, 10.0], ""noise"": false}], ""primitive"": ""pick_place"", ""params"": {""pose0"": [[0.4017254114151001, 0.19383977353572845, 0.016033407300710678], [-1.9561520403499344e-08, -4.510535056567733e-09, 2.8212872038579917e-09, 0.9999999403953552]], ""pose1"": [[0.49066901206970215, -0.05998065322637558, -0.004574814811348915], [-5.15254905408824e-09, -1.167171870264383e-08, -1.847258879195124e-08, 1.0]]}}",0.5099583864212036,0.0,1.563198208808899,1.563198208808899,,breakaway_force_2p6_disp_0p045_pull_0p36,hidden_breakaway_pin,hidden_pin,free_vs_hidden_breakaway_pin,free_vs_hidden_pin,tf_free_action_execution_diagnostic,
learned_action,paper_state,hidden_breakaway_pin,310000,15.0,1,0,0,0.0,0.0,0.0,0.0,,pick_place,True,0.4186702072620392,0.2039519101381302,0.015678662806749344,0.5254260301589966,-0.0923820436000824,-0.004922863095998764,0.9999999403953559,1.0000000000000004,True,"{""camera_config"": [{""image_size"": [480, 640], ""intrinsics"": [450.0, 0, 320.0, 0, 450.0, 240.0, 0, 0, 1], ""position"": [1.0, 0, 0.75], ""rotation"": [0.6532814824381883, 0.6532814824381884, -0.2705980500730986, -0.27059805007309845], ""zrange"": [0.01, 10.0], ""noise"": false}, {""image_size"": [480, 640], ""intrinsics"": [450.0, 0, 320.0, 0, 450.0, 240.0, 0, 0, 1], ""position"": [0, 0.5, 0.75], ""rotation"": [-0.3596047974904982, 0.8681627791959909, -0.3159854101251621, 0.1308854423858669], ""zrange"": [0.01, 10.0], ""noise"": false}, {""image_size"": [480, 640], ""intrinsics"": [450.0, 0, 320.0, 0, 450.0, 240.0, 0, 0, 1], ""position"": [0, -0.5, 0.75], ""rotation"": [-0.8681627791959909, 0.3596047974904982, -0.13088544238586683, 0.3159854101251621], ""zrange"": [0.01, 10.0], ""noise"": false}], ""primitive"": ""pick_place"", ""params"": {""pose0"": [[0.4186702072620392, 0.2039519101381302, 0.015678662806749344], [-3.033877860048051e-08, -1.2063316567889615e-08, 1.381229086661051e-08, 0.9999999403953552]], ""pose1"": [[0.5254260301589966, -0.0923820436000824, -0.004922863095998764], [3.6025837868436383e-10, -9.00903351919169e-09, -2.7209740238731683e-08, 1.0]]}}",0.5135939121246338,0.0,1.5816947221755981,1.5816947221755981,,breakaway_force_2p6_disp_0p045_pull_0p36,hidden_breakaway_pin,hidden_pin,free_vs_hidden_breakaway_pin,free_vs_hidden_pin,tf_free_action_execution_diagnostic,
learned_action,paper_state,hidden_breakaway_pin,310000,15.0,2,0,0,0.0,0.0,0.0,0.0,,pick_place,True,0.4386513829231262,0.13794033229351044,0.015133224427700043,0.5471484065055847,-0.04462743550539017,-0.004127899184823036,1.0000000000000004,1.000000000000001,True,"{""camera_config"": [{""image_size"": [480, 640], ""intrinsics"": [450.0, 0, 320.0, 0, 450.0, 240.0, 0, 0, 1], ""position"": [1.0, 0, 0.75], ""rotation"": [0.6532814824381883, 0.6532814824381884, -0.2705980500730986, -0.27059805007309845], ""zrange"": [0.01, 10.0], ""noise"": false}, {""image_size"": [480, 640], ""intrinsics"": [450.0, 0, 320.0, 0, 450.0, 240.0, 0, 0, 1], ""position"": [0, 0.5, 0.75], ""rotation"": [-0.3596047974904982, 0.8681627791959909, -0.3159854101251621, 0.1308854423858669], ""zrange"": [0.01, 10.0], ""noise"": false}, {""image_size"": [480, 640], ""intrinsics"": [450.0, 0, 320.0, 0, 450.0, 240.0, 0, 0, 1], ""position"": [0, -0.5, 0.75], ""rotation"": [-0.8681627791959909, 0.3596047974904982, -0.13088544238586683, 0.3159854101251621], ""zrange"": [0.01, 10.0], ""noise"": false}], ""primitive"": ""pick_place"", ""params"": {""pose0"": [[0.4386513829231262, 0.13794033229351044, 0.015133224427700043], [-1.717121378419506e-08, -2.70270028579489e-08, 7.181210293083495e-09, 1.0]], ""pose1"": [[0.5471484065055847, -0.04462743550539017, -0.004127899184823036], [-2.280420652311932e-08, 2.6576859823990162e-08, 2.9852724736656455e-08, 1.0]]}}",0.4074273705482483,0.0,1.5852607488632202,1.5852607488632202,,breakaway_force_2p6_disp_0p045_pull_0p36,hidden_breakaway_pin,hidden_pin,free_vs_hidden_breakaway_pin,free_vs_hidden_pin,tf_free_action_execution_diagnostic,
learned_action,paper_state,hidden_breakaway_pin,310000,15.0,3,0,0,0.0,0.0,0.0,0.0,,pick_place,True,0.42306792736053467,0.0548759289085865,0.017356397584080696,0.4989246428012848,-0.10803228616714478,-0.0017268301453441381,1.0000000000000002,1.0,True,"{""camera_config"": [{""image_size"": [480, 640], ""intrinsics"": [450.0, 0, 320.0, 0, 450.0, 240.0, 0, 0, 1], ""position"": [1.0, 0, 0.75], ""rotation"": [0.6532814824381883, 0.6532814824381884, -0.2705980500730986, -0.27059805007309845], ""zrange"": [0.01, 10.0], ""noise"": false}, {""image_size"": [480, 640], ""intrinsics"": [450.0, 0, 320.0, 0, 450.0, 240.0, 0, 0, 1], ""position"": [0, 0.5, 0.75], ""rotation"": [-0.3596047974904982, 0.8681627791959909, -0.3159854101251621, 0.1308854423858669], ""zrange"": [0.01, 10.0], ""noise"": false}, {""image_size"": [480, 640], ""intrinsics"": [450.0, 0, 320.0, 0, 450.0, 240.0, 0, 0, 1], ""position"": [0, -0.5, 0.75], ""rotation"": [-0.8681627791959909, 0.3596047974904982, -0.13088544238586683, 0.3159854101251621], ""zrange"": [0.01, 10.0], ""noise"": false}], ""primitive"": ""pick_place"", ""params"": {""pose0"": [[0.42306792736053467, 0.0548759289085865, 0.017356397584080696], [-1.8094679532509872e-08, -1.7491933457236541e-09, -1.0791495697048958e-08, 1.0]], ""pose1"": [[0.4989246428012848, -0.10803228616714478, -0.0017268301453441381], [-1.1414697631551007e-08, -8.049825694911306e-09, 8.952731000988479e-09, 1.0]]}}",0.3775283992290497,0.0,1.5629775524139404,1.5629775524139404,,breakaway_force_2p6_disp_0p045_pull_0p36,hidden_breakaway_pin,hidden_pin,free_vs_hidden_breakaway_pin,free_vs_hidden_pin,tf_free_action_execution_diagnostic,
learned_action,state_action,hidden_breakaway_pin,310000,15.0,0,0,0,0.0,0.0,0.0,0.0,,pick_place,True,0.40291911363601685,0.19633255898952484,0.016931045800447464,0.49061688780784607,-0.07081948220729828,-0.0035654017701745033,0.9999999403953554,1.0000000000000007,True,"{""camera_config"": [{""image_size"": [480, 640], ""intrinsics"": [450.0, 0, 320.0, 0, 450.0, 240.0, 0, 0, 1], ""position"": [1.0, 0, 0.75], ""rotation"": [0.6532814824381883, 0.6532814824381884, -0.2705980500730986, -0.27059805007309845], ""zrange"": [0.01, 10.0], ""noise"": false}, {""image_size"": [480, 640], ""intrinsics"": [450.0, 0, 320.0, 0, 450.0, 240.0, 0, 0, 1], ""position"": [0, 0.5, 0.75], ""rotation"": [-0.3596047974904982, 0.8681627791959909, -0.3159854101251621, 0.1308854423858669], ""zrange"": [0.01, 10.0], ""noise"": false}, {""image_size"": [480, 640], ""intrinsics"": [450.0, 0, 320.0, 0, 450.0, 240.0, 0, 0, 1], ""position"": [0, -0.5, 0.75], ""rotation"": [-0.8681627791959909, 0.3596047974904982, -0.13088544238586683, 0.3159854101251621], ""zrange"": [0.01, 10.0], ""noise"": false}], ""primitive"": ""pick_place"", ""params"": {""pose0"": [[0.40291911363601685, 0.19633255898952484, 0.016931045800447464], [8.262861506125319e-10, 1.510738378840415e-08, -8.217733160620355e-09, 0.9999999403953552]], ""pose1"": [[0.49061688780784607, -0.07081948220729828, -0.0035654017701745033], [-2.4122627451106382e-08, -2.9889921648873496e-08, -2.5706272666070618e-09, 1.0]]}}",0.4937697947025299,0.0,1.5642601251602173,1.5642601251602173,,breakaway_force_2p6_disp_0p045_pull_0p36,hidden_breakaway_pin,hidden_pin,free_vs_hidden_breakaway_pin,free_vs_hidden_pin,tf_free_action_execution_diagnostic,
learned_action,state_action,hidden_breakaway_pin,310000,15.0,1,0,0,0.0,0.0,0.0,0.0,,pick_place,True,0.4149816632270813,0.20050042867660522,0.016999993473291397,0.5296168327331543,-0.07176409661769867,-0.004303339868783951,0.9999999403953558,1.0000000000000004,True,"{""camera_config"": [{""image_size"": [480, 640], ""intrinsics"": [450.0, 0, 320.0, 0, 450.0, 240.0, 0, 0, 1], ""position"": [1.0, 0, 0.75], ""rotation"": [0.6532814824381883, 0.6532814824381884, -0.2705980500730986, -0.27059805007309845], ""zrange"": [0.01, 10.0], ""noise"": false}, {""image_size"": [480, 640], ""intrinsics"": [450.0, 0, 320.0, 0, 450.0, 240.0, 0, 0, 1], ""position"": [0, 0.5, 0.75], ""rotation"": [-0.3596047974904982, 0.8681627791959909, -0.3159854101251621, 0.1308854423858669], ""zrange"": [0.01, 10.0], ""noise"": false}, {""image_size"": [480, 640], ""intrinsics"": [450.0, 0, 320.0, 0, 450.0, 240.0, 0, 0, 1], ""position"": [0, -0.5, 0.75], ""rotation"": [-0.8681627791959909, 0.3596047974904982, -0.13088544238586683, 0.3159854101251621], ""zrange"": [0.01, 10.0], ""noise"": false}], ""primitive"": ""pick_place"", ""params"": {""pose0"": [[0.4149816632270813, 0.20050042867660522, 0.016999993473291397], [-2.654147301939247e-08, 1.361096235719117e-09, 1.594845322472338e-08, 0.9999999403953552]], ""pose1"": [[0.5296168327331543, -0.07176409661769867, -0.004303339868783951], [-1.9887796298689864e-08, -1.841299201998936e-08, -1.0869432465199225e-08, 1.0]]}}",0.5086156129837036,0.0,1.5806206464767456,1.5806206464767456,,breakaway_force_2p6_disp_0p045_pull_0p36,hidden_breakaway_pin,hidden_pin,free_vs_hidden_breakaway_pin,free_vs_hidden_pin,tf_free_action_execution_diagnostic,
learned_action,state_action,hidden_breakaway_pin,310000,15.0,2,0,0,0.0,0.0,0.0,0.0,,pick_place,True,0.4583341181278229,0.14433574676513672,0.01692386157810688,0.5330117344856262,0.06395554542541504,-0.0062488168478012085,1.0000000000000004,1.0000000000000007,True,"{""camera_config"": [{""image_size"": [480, 640], ""intrinsics"": [450.0, 0, 320.0, 0, 450.0, 240.0, 0, 0, 1], ""position"": [1.0, 0, 0.75], ""rotation"": [0.6532814824381883, 0.6532814824381884, -0.2705980500730986, -0.27059805007309845], ""zrange"": [0.01, 10.0], ""noise"": false}, {""image_size"": [480, 640], ""intrinsics"": [450.0, 0, 320.0, 0, 450.0, 240.0, 0, 0, 1], ""position"": [0, 0.5, 0.75], ""rotation"": [-0.3596047974904982, 0.8681627791959909, -0.3159854101251621, 0.1308854423858669], ""zrange"": [0.01, 10.0], ""noise"": false}, {""image_size"": [480, 640], ""intrinsics"": [450.0, 0, 320.0, 0, 450.0, 240.0, 0, 0, 1], ""position"": [0, -0.5, 0.75], ""rotation"": [-0.8681627791959909, 0.3596047974904982, -0.13088544238586683, 0.3159854101251621], ""zrange"": [0.01, 10.0], ""noise"": false}], ""primitive"": ""pick_place"", ""params"": {""pose0"": [[0.4583341181278229, 0.14433574676513672, 0.01692386157810688], [-1.3914069008080787e-08, -2.4068624426831775e-08, 4.907079187432828e-09, 1.0]], ""pose1"": [[0.5330117344856262, 0.06395554542541504, -0.0062488168478012085], [-2.4549219546088352e-08, 1.4784435009573826e-08, 2.4574086765483116e-08, 1.0]]}}",0.5266231894493103,0.0,1.5872681140899658,1.5872681140899658,,breakaway_force_2p6_disp_0p045_pull_0p36,hidden_breakaway_pin,hidden_pin,free_vs_hidden_breakaway_pin,free_vs_hidden_pin,tf_free_action_execution_diagnostic,
learned_action,state_action,hidden_breakaway_pin,310000,15.0,3,0,0,0.125,0.0,0.125,0.125,,pick_place,True,0.4396405816078186,0.051062364131212234,0.01663820818066597,0.5379166007041931,-0.1864553689956665,-0.0030708168633282185,1.0000000000000007,1.0000000000000002,True,"{""camera_config"": [{""image_size"": [480, 640], ""intrinsics"": [450.0, 0, 320.0, 0, 450.0, 240.0, 0, 0, 1], ""position"": [1.0, 0, 0.75], ""rotation"": [0.6532814824381883, 0.6532814824381884, -0.2705980500730986, -0.27059805007309845], ""zrange"": [0.01, 10.0], ""noise"": false}, {""image_size"": [480, 640], ""intrinsics"": [450.0, 0, 320.0, 0, 450.0, 240.0, 0, 0, 1], ""position"": [0, 0.5, 0.75], ""rotation"": [-0.3596047974904982, 0.8681627791959909, -0.3159854101251621, 0.1308854423858669], ""zrange"": [0.01, 10.0], ""noise"": false}, {""image_size"": [480, 640], ""intrinsics"": [450.0, 0, 320.0, 0, 450.0, 240.0, 0, 0, 1], ""position"": [0, -0.5, 0.75], ""rotation"": [-0.8681627791959909, 0.3596047974904982, -0.13088544238586683, 0.3159854101251621], ""zrange"": [0.01, 10.0], ""noise"": false}], ""primitive"": ""pick_place"", ""params"": {""pose0"": [[0.4396405816078186, 0.051062364131212234, 0.01663820818066597], [6.243931149896298e-09, -1.591605247597272e-08, -3.0762805636186386e-08, 1.0]], ""pose1"": [[0.5379166007041931, -0.1864553689956665, -0.0030708168633282185], [-8.404209772550075e-09, -1.8929373624132495e-08, 6.793363205304104e-09, 1.0]]}}",0.4241875410079956,0.0,1.5875444412231445,1.5875444412231445,,breakaway_force_2p6_disp_0p045_pull_0p36,hidden_breakaway_pin,hidden_pin,free_vs_hidden_breakaway_pin,free_vs_hidden_pin,tf_free_action_execution_diagnostic,
oracle_action,,hidden_breakaway_pin,310001,5.0,0,0,0,0.0,0.0,0.0,0.0,,None,True,nan,nan,nan,nan,nan,nan,nan,nan,False,"{""camera_config"": [{""image_size"": [480, 640], ""intrinsics"": [450.0, 0, 320.0, 0, 450.0, 240.0, 0, 0, 1], ""position"": [1.0, 0, 0.75], ""rotation"": [0.6532814824381883, 0.6532814824381884, -0.2705980500730986, -0.27059805007309845], ""zrange"": [0.01, 10.0], ""noise"": false}, {""image_size"": [480, 640], ""intrinsics"": [450.0, 0, 320.0, 0, 450.0, 240.0, 0, 0, 1], ""position"": [0, 0.5, 0.75], ""rotation"": [-0.3596047974904982, 0.8681627791959909, -0.3159854101251621, 0.1308854423858669], ""zrange"": [0.01, 10.0], ""noise"": false}, {""image_size"": [480, 640], ""intrinsics"": [450.0, 0, 320.0, 0, 450.0, 240.0, 0, 0, 1], ""position"": [0, -0.5, 0.75], ""rotation"": [-0.8681627791959909, 0.3596047974904982, -0.13088544238586683, 0.3159854101251621], ""zrange"": [0.01, 10.0], ""noise"": false}], ""primitive"": null}",nan,nan,nan,nan,,breakaway_force_2p6_disp_0p045_pull_0p36,hidden_breakaway_pin,hidden_pin,free_vs_hidden_breakaway_pin,free_vs_hidden_pin,tf_free_action_execution_diagnostic,1
oracle_action,,hidden_breakaway_pin,310001,5.0,1,0,0,0.16666666666666666,0.0,0.16666666666666666,0.16666666666666666,,pick_place,True,0.6312500000000001,-0.43125,0.01352793350815773,0.33675888180732727,-0.09055272489786148,-0.00015823740977793932,1.0,1.0,True,"{""camera_config"": [{""image_size"": [480, 640], ""intrinsics"": [450.0, 0, 320.0, 0, 450.0, 240.0, 0, 0, 1], ""position"": [1.0, 0, 0.75], ""rotation"": [0.6532814824381883, 0.6532814824381884, -0.2705980500730986, -0.27059805007309845], ""zrange"": [0.01, 10.0], ""noise"": false}, {""image_size"": [480, 640], ""intrinsics"": [450.0, 0, 320.0, 0, 450.0, 240.0, 0, 0, 1], ""position"": [0, 0.5, 0.75], ""rotation"": [-0.3596047974904982, 0.8681627791959909, -0.3159854101251621, 0.1308854423858669], ""zrange"": [0.01, 10.0], ""noise"": false}, {""image_size"": [480, 640], ""intrinsics"": [450.0, 0, 320.0, 0, 450.0, 240.0, 0, 0, 1], ""position"": [0, -0.5, 0.75], ""rotation"": [-0.8681627791959909, 0.3596047974904982, -0.13088544238586683, 0.3159854101251621], ""zrange"": [0.01, 10.0], ""noise"": false}], ""primitive"": ""pick_place"", ""params"": {""pose0"": [[0.6312500000000001, -0.43125, 0.01352793350815773], [0.0, 0.0, 0.0, 1.0]], ""pose1"": [[0.33675888180732727, -0.09055272489786148, -0.00015823740977793932], [0, 0, 0, 1]]}}",nan,nan,nan,nan,,breakaway_force_2p6_disp_0p045_pull_0p36,hidden_breakaway_pin,hidden_pin,free_vs_hidden_breakaway_pin,free_vs_hidden_pin,tf_free_action_execution_diagnostic,2
oracle_action,,hidden_breakaway_pin,310001,5.0,2,0,0,0.16666666666666666,0.16666666666666666,0.3333333333333333,0.16666666666666666,,pick_place,True,0.484375,-0.26875,0.012963583692908287,0.6570433974266052,-0.18199151754379272,-0.007983256131410599,1.0,1.0,True,"{""camera_config"": [{""image_size"": [480, 640], ""intrinsics"": [450.0, 0, 320.0, 0, 450.0, 240.0, 0, 0, 1], ""position"": [1.0, 0, 0.75], ""rotation"": [0.6532814824381883, 0.6532814824381884, -0.2705980500730986, -0.27059805007309845], ""zrange"": [0.01, 10.0], ""noise"": false}, {""image_size"": [480, 640], ""intrinsics"": [450.0, 0, 320.0, 0, 450.0, 240.0, 0, 0, 1], ""position"": [0, 0.5, 0.75], ""rotation"": [-0.3596047974904982, 0.8681627791959909, -0.3159854101251621, 0.1308854423858669], ""zrange"": [0.01, 10.0], ""noise"": false}, {""image_size"": [480, 640], ""intrinsics"": [450.0, 0, 320.0, 0, 450.0, 240.0, 0, 0, 1], ""position"": [0, -0.5, 0.75], ""rotation"": [-0.8681627791959909, 0.3596047974904982, -0.13088544238586683, 0.3159854101251621], ""zrange"": [0.01, 10.0], ""noise"": false}], ""primitive"": ""pick_place"", ""params"": {""pose0"": [[0.484375, -0.26875, 0.012963583692908287], [0.0, 0.0, 0.0, 1.0]], ""pose1"": [[0.6570433974266052, -0.18199151754379272, -0.007983256131410599], [0, 0, 0, 1]]}}",nan,nan,nan,nan,,breakaway_force_2p6_disp_0p045_pull_0p36,hidden_breakaway_pin,hidden_pin,free_vs_hidden_breakaway_pin,free_vs_hidden_pin,tf_free_action_execution_diagnostic,3
oracle_action,,hidden_breakaway_pin,310001,5.0,3,0,0,0.0,0.3333333333333333,0.3333333333333333,0.0,,pick_place,True,0.46875,-0.171875,0.013042271137237549,0.4797133207321167,-0.13888810575008392,-0.003054685890674591,1.0,1.0,True,"{""camera_config"": [{""image_size"": [480, 640], ""intrinsics"": [450.0, 0, 320.0, 0, 450.0, 240.0, 0, 0, 1], ""position"": [1.0, 0, 0.75], ""rotation"": [0.6532814824381883, 0.6532814824381884, -0.2705980500730986, -0.27059805007309845], ""zrange"": [0.01, 10.0], ""noise"": false}, {""image_size"": [480, 640], ""intrinsics"": [450.0, 0, 320.0, 0, 450.0, 240.0, 0, 0, 1], ""position"": [0, 0.5, 0.75], ""rotation"": [-0.3596047974904982, 0.8681627791959909, -0.3159854101251621, 0.1308854423858669], ""zrange"": [0.01, 10.0], ""noise"": false}, {""image_size"": [480, 640], ""intrinsics"": [450.0, 0, 320.0, 0, 450.0, 240.0, 0, 0, 1], ""position"": [0, -0.5, 0.75], ""rotation"": [-0.8681627791959909, 0.3596047974904982, -0.13088544238586683, 0.3159854101251621], ""zrange"": [0.01, 10.0], ""noise"": false}], ""primitive"": ""pick_place"", ""params"": {""pose0"": [[0.46875, -0.171875, 0.013042271137237549], [0.0, 0.0, 0.0, 1.0]], ""pose1"": [[0.4797133207321167, -0.13888810575008392, -0.003054685890674591], [0, 0, 0, 1]]}}",nan,nan,nan,nan,,breakaway_force_2p6_disp_0p045_pull_0p36,hidden_breakaway_pin,hidden_pin,free_vs_hidden_breakaway_pin,free_vs_hidden_pin,tf_free_action_execution_diagnostic,4
oracle_action,,hidden_breakaway_pin,310001,5.0,4,0,0,0.3333333333333333,0.3333333333333333,0.6666666666666666,0.3333333333333333,,pick_place,True,0.415625,-0.140625,0.013479618355631828,0.42155328392982483,-0.11032997816801071,-0.0021212853025645018,1.0,1.0,True,"{""camera_config"": [{""image_size"": [480, 640], ""intrinsics"": [450.0, 0, 320.0, 0, 450.0, 240.0, 0, 0, 1], ""position"": [1.0, 0, 0.75], ""rotation"": [0.6532814824381883, 0.6532814824381884, -0.2705980500730986, -0.27059805007309845], ""zrange"": [0.01, 10.0], ""noise"": false}, {""image_size"": [480, 640], ""intrinsics"": [450.0, 0, 320.0, 0, 450.0, 240.0, 0, 0, 1], ""position"": [0, 0.5, 0.75], ""rotation"": [-0.3596047974904982, 0.8681627791959909, -0.3159854101251621, 0.1308854423858669], ""zrange"": [0.01, 10.0], ""noise"": false}, {""image_size"": [480, 640], ""intrinsics"": [450.0, 0, 320.0, 0, 450.0, 240.0, 0, 0, 1], ""position"": [0, -0.5, 0.75], ""rotation"": [-0.8681627791959909, 0.3596047974904982, -0.13088544238586683, 0.3159854101251621], ""zrange"": [0.01, 10.0], ""noise"": false}], ""primitive"": ""pick_place"", ""params"": {""pose0"": [[0.415625, -0.140625, 0.013479618355631828], [0.0, 0.0, 0.0, 1.0]], ""pose1"": [[0.42155328392982483, -0.11032997816801071, -0.0021212853025645018], [0, 0, 0, 1]]}}",nan,nan,nan,nan,,breakaway_force_2p6_disp_0p045_pull_0p36,hidden_breakaway_pin,hidden_pin,free_vs_hidden_breakaway_pin,free_vs_hidden_pin,tf_free_action_execution_diagnostic,5
oracle_action,,hidden_breakaway_pin,310001,5.0,5,0,0,0.125,0.6666666666666666,0.7916666666666666,0.125,,pick_place,True,0.41875,-0.13124999999999998,0.01321218628436327,0.40192586183547974,-0.09834646433591843,-0.0040116808377206326,1.0,1.0,True,"{""camera_config"": [{""image_size"": [480, 640], ""intrinsics"": [450.0, 0, 320.0, 0, 450.0, 240.0, 0, 0, 1], ""position"": [1.0, 0, 0.75], ""rotation"": [0.6532814824381883, 0.6532814824381884, -0.2705980500730986, -0.27059805007309845], ""zrange"": [0.01, 10.0], ""noise"": false}, {""image_size"": [480, 640], ""intrinsics"": [450.0, 0, 320.0, 0, 450.0, 240.0, 0, 0, 1], ""position"": [0, 0.5, 0.75], ""rotation"": [-0.3596047974904982, 0.8681627791959909, -0.3159854101251621, 0.1308854423858669], ""zrange"": [0.01, 10.0], ""noise"": false}, {""image_size"": [480, 640], ""intrinsics"": [450.0, 0, 320.0, 0, 450.0, 240.0, 0, 0, 1], ""position"": [0, -0.5, 0.75], ""rotation"": [-0.8681627791959909, 0.3596047974904982, -0.13088544238586683, 0.3159854101251621], ""zrange"": [0.01, 10.0], ""noise"": false}], ""primitive"": ""pick_place"", ""params"": {""pose0"": [[0.41875, -0.13124999999999998, 0.01321218628436327], [0.0, 0.0, 0.0, 1.0]], ""pose1"": [[0.40192586183547974, -0.09834646433591843, -0.0040116808377206326], [0, 0, 0, 1]]}}",nan,nan,nan,nan,,breakaway_force_2p6_disp_0p045_pull_0p36,hidden_breakaway_pin,hidden_pin,free_vs_hidden_breakaway_pin,free_vs_hidden_pin,tf_free_action_execution_diagnostic,6
oracle_action,,hidden_breakaway_pin,310001,5.0,6,0,0,0.08333333333333337,0.7916666666666666,0.875,0.08333333333333337,,pick_place,True,0.37812500000000004,-0.11249999999999999,0.013604109175503254,0.3366771638393402,-0.09171998500823975,-0.001530997222289443,1.0,1.0,True,"{""camera_config"": [{""image_size"": [480, 640], ""intrinsics"": [450.0, 0, 320.0, 0, 450.0, 240.0, 0, 0, 1], ""position"": [1.0, 0, 0.75], ""rotation"": [0.6532814824381883, 0.6532814824381884, -0.2705980500730986, -0.27059805007309845], ""zrange"": [0.01, 10.0], ""noise"": false}, {""image_size"": [480, 640], ""intrinsics"": [450.0, 0, 320.0, 0, 450.0, 240.0, 0, 0, 1], ""position"": [0, 0.5, 0.75], ""rotation"": [-0.3596047974904982, 0.8681627791959909, -0.3159854101251621, 0.1308854423858669], ""zrange"": [0.01, 10.0], ""noise"": false}, {""image_size"": [480, 640], ""intrinsics"": [450.0, 0, 320.0, 0, 450.0, 240.0, 0, 0, 1], ""position"": [0, -0.5, 0.75], ""rotation"": [-0.8681627791959909, 0.3596047974904982, -0.13088544238586683, 0.3159854101251621], ""zrange"": [0.01, 10.0], ""noise"": false}], ""primitive"": ""pick_place"", ""params"": {""pose0"": [[0.37812500000000004, -0.11249999999999999, 0.013604109175503254], [0.0, 0.0, 0.0, 1.0]], ""pose1"": [[0.3366771638393402, -0.09171998500823975, -0.001530997222289443], [0, 0, 0, 1]]}}",nan,nan,nan,nan,,breakaway_force_2p6_disp_0p045_pull_0p36,hidden_breakaway_pin,hidden_pin,free_vs_hidden_breakaway_pin,free_vs_hidden_pin,tf_free_action_execution_diagnostic,7
oracle_action,,hidden_breakaway_pin,310001,5.0,7,0,0,0.04166666666666663,0.875,0.9166666666666666,0.04166666666666663,,pick_place,True,0.5687500000000001,-0.18124999999999997,0.013721555471420288,0.5979544520378113,-0.15874236822128296,-0.0006171787390485406,1.0,1.0,True,"{""camera_config"": [{""image_size"": [480, 640], ""intrinsics"": [450.0, 0, 320.0, 0, 450.0, 240.0, 0, 0, 1], ""position"": [1.0, 0, 0.75], ""rotation"": [0.6532814824381883, 0.6532814824381884, -0.2705980500730986, -0.27059805007309845], ""zrange"": [0.01, 10.0], ""noise"": false}, {""image_size"": [480, 640], ""intrinsics"": [450.0, 0, 320.0, 0, 450.0, 240.0, 0, 0, 1], ""position"": [0, 0.5, 0.75], ""rotation"": [-0.3596047974904982, 0.8681627791959909, -0.3159854101251621, 0.1308854423858669], ""zrange"": [0.01, 10.0], ""noise"": false}, {""image_size"": [480, 640], ""intrinsics"": [450.0, 0, 320.0, 0, 450.0, 240.0, 0, 0, 1], ""position"": [0, -0.5, 0.75], ""rotation"": [-0.8681627791959909, 0.3596047974904982, -0.13088544238586683, 0.3159854101251621], ""zrange"": [0.01, 10.0], ""noise"": false}], ""primitive"": ""pick_place"", ""params"": {""pose0"": [[0.5687500000000001, -0.18124999999999997, 0.013721555471420288], [0.0, 0.0, 0.0, 1.0]], ""pose1"": [[0.5979544520378113, -0.15874236822128296, -0.0006171787390485406], [0, 0, 0, 1]]}}",nan,nan,nan,nan,,breakaway_force_2p6_disp_0p045_pull_0p36,hidden_breakaway_pin,hidden_pin,free_vs_hidden_breakaway_pin,free_vs_hidden_pin,tf_free_action_execution_diagnostic,8
gt_y_action_replay,,hidden_breakaway_pin,310001,5.0,0,0,0,0.0,0.0,0.0,0.0,,pick_place,True,0.609375,0.22812500596046448,0.013410571962594986,0.6213554739952087,0.1864524483680725,0.004288728814572096,1.0,1.0,True,"{""camera_config"": [{""image_size"": [480, 640], ""intrinsics"": [450.0, 0, 320.0, 0, 450.0, 240.0, 0, 0, 1], ""position"": [1.0, 0, 0.75], ""rotation"": [0.6532814824381883, 0.6532814824381884, -0.2705980500730986, -0.27059805007309845], ""zrange"": [0.01, 10.0], ""noise"": false}, {""image_size"": [480, 640], ""intrinsics"": [450.0, 0, 320.0, 0, 450.0, 240.0, 0, 0, 1], ""position"": [0, 0.5, 0.75], ""rotation"": [-0.3596047974904982, 0.8681627791959909, -0.3159854101251621, 0.1308854423858669], ""zrange"": [0.01, 10.0], ""noise"": false}, {""image_size"": [480, 640], ""intrinsics"": [450.0, 0, 320.0, 0, 450.0, 240.0, 0, 0, 1], ""position"": [0, -0.5, 0.75], ""rotation"": [-0.8681627791959909, 0.3596047974904982, -0.13088544238586683, 0.3159854101251621], ""zrange"": [0.01, 10.0], ""noise"": false}], ""primitive"": ""pick_place"", ""params"": {""pose0"": [[0.609375, 0.22812500596046448, 0.013410571962594986], [0.0, 0.0, 0.0, 1.0]], ""pose1"": [[0.6213554739952087, 0.1864524483680725, 0.004288728814572096], [0.0, 0.0, 0.0, 1.0]]}}",nan,nan,1.6865421533584595,1.6865421533584595,7,breakaway_force_2p6_disp_0p045_pull_0p36,hidden_breakaway_pin,hidden_pin,free_vs_hidden_breakaway_pin,free_vs_hidden_pin,tf_free_action_execution_diagnostic,
learned_action,paper_state,hidden_breakaway_pin,310001,5.0,0,0,0,0.08333333333333333,0.0,0.08333333333333333,0.08333333333333333,,pick_place,True,0.6425885558128357,-0.44606930017471313,0.014443343505263329,0.44472411274909973,0.04124842584133148,-0.006251784972846508,1.000000000000001,1.0,True,"{""camera_config"": [{""image_size"": [480, 640], ""intrinsics"": [450.0, 0, 320.0, 0, 450.0, 240.0, 0, 0, 1], ""position"": [1.0, 0, 0.75], ""rotation"": [0.6532814824381883, 0.6532814824381884, -0.2705980500730986, -0.27059805007309845], ""zrange"": [0.01, 10.0], ""noise"": false}, {""image_size"": [480, 640], ""intrinsics"": [450.0, 0, 320.0, 0, 450.0, 240.0, 0, 0, 1], ""position"": [0, 0.5, 0.75], ""rotation"": [-0.3596047974904982, 0.8681627791959909, -0.3159854101251621, 0.1308854423858669], ""zrange"": [0.01, 10.0], ""noise"": false}, {""image_size"": [480, 640], ""intrinsics"": [450.0, 0, 320.0, 0, 450.0, 240.0, 0, 0, 1], ""position"": [0, -0.5, 0.75], ""rotation"": [-0.8681627791959909, 0.3596047974904982, -0.13088544238586683, 0.3159854101251621], ""zrange"": [0.01, 10.0], ""noise"": false}], ""primitive"": ""pick_place"", ""params"": {""pose0"": [[0.6425885558128357, -0.44606930017471313, 0.014443343505263329], [3.430963957384847e-08, 1.7674290475611087e-08, -3.189649433466002e-08, 1.0]], ""pose1"": [[0.44472411274909973, 0.04124842584133148, -0.006251784972846508], [5.404237946038393e-09, -4.014043319955363e-09, 4.524845831355151e-09, 1.0]]}}",0.6810314059257507,0.0,1.676790475845337,1.676790475845337,,breakaway_force_2p6_disp_0p045_pull_0p36,hidden_breakaway_pin,hidden_pin,free_vs_hidden_breakaway_pin,free_vs_hidden_pin,tf_free_action_execution_diagnostic,
learned_action,paper_state,hidden_breakaway_pin,310001,5.0,1,0,0,0.0,0.08333333333333333,0.08333333333333333,0.0,,pick_place,True,0.568252444267273,-0.16010376811027527,0.014291147701442242,0.5156086087226868,-0.09827916324138641,-0.0005828703287988901,1.0000000000000004,1.0000000000000002,True,"{""camera_config"": [{""image_size"": [480, 640], ""intrinsics"": [450.0, 0, 320.0, 0, 450.0, 240.0, 0, 0, 1], ""position"": [1.0, 0, 0.75], ""rotation"": [0.6532814824381883, 0.6532814824381884, -0.2705980500730986, -0.27059805007309845], ""zrange"": [0.01, 10.0], ""noise"": false}, {""image_size"": [480, 640], ""intrinsics"": [450.0, 0, 320.0, 0, 450.0, 240.0, 0, 0, 1], ""position"": [0, 0.5, 0.75], ""rotation"": [-0.3596047974904982, 0.8681627791959909, -0.3159854101251621, 0.1308854423858669], ""zrange"": [0.01, 10.0], ""noise"": false}, {""image_size"": [480, 640], ""intrinsics"": [450.0, 0, 320.0, 0, 450.0, 240.0, 0, 0, 1], ""position"": [0, -0.5, 0.75], ""rotation"": [-0.8681627791959909, 0.3596047974904982, -0.13088544238586683, 0.3159854101251621], ""zrange"": [0.01, 10.0], ""noise"": false}], ""primitive"": ""pick_place"", ""params"": {""pose0"": [[0.568252444267273, -0.16010376811027527, 0.014291147701442242], [-3.13782919647565e-08, 1.2174314001356379e-08, -4.283849275310558e-09, 1.0]], ""pose1"": [[0.5156086087226868, -0.09827916324138641, -0.0005828703287988901], [5.679451575701933e-09, -1.6508488798194776e-08, -6.436660981989917e-09, 1.0]]}}",0.20687046647071838,0.0,1.6199567317962646,1.6199567317962646,,breakaway_force_2p6_disp_0p045_pull_0p36,hidden_breakaway_pin,hidden_pin,free_vs_hidden_breakaway_pin,free_vs_hidden_pin,tf_free_action_execution_diagnostic,
learned_action,paper_state,hidden_breakaway_pin,310001,5.0,2,0,0,0.0,0.08333333333333333,0.08333333333333333,0.0,,pick_place,True,0.5364212393760681,-0.11636091768741608,0.014693907462060452,0.5073813796043396,-0.08104893565177917,-0.001213763956911862,1.0000000000000002,0.9999999403953554,True,"{""camera_config"": [{""image_size"": [480, 640], ""intrinsics"": [450.0, 0, 320.0, 0, 450.0, 240.0, 0, 0, 1], ""position"": [1.0, 0, 0.75], ""rotation"": [0.6532814824381883, 0.6532814824381884, -0.2705980500730986, -0.27059805007309845], ""zrange"": [0.01, 10.0], ""noise"": false}, {""image_size"": [480, 640], ""intrinsics"": [450.0, 0, 320.0, 0, 450.0, 240.0, 0, 0, 1], ""position"": [0, 0.5, 0.75], ""rotation"": [-0.3596047974904982, 0.8681627791959909, -0.3159854101251621, 0.1308854423858669], ""zrange"": [0.01, 10.0], ""noise"": false}, {""image_size"": [480, 640], ""intrinsics"": [450.0, 0, 320.0, 0, 450.0, 240.0, 0, 0, 1], ""position"": [0, -0.5, 0.75], ""rotation"": [-0.8681627791959909, 0.3596047974904982, -0.13088544238586683, 0.3159854101251621], ""zrange"": [0.01, 10.0], ""noise"": false}], ""primitive"": ""pick_place"", ""params"": {""pose0"": [[0.5364212393760681, -0.11636091768741608, 0.014693907462060452], [-4.925927221677284e-09, 1.541310190589229e-08, -2.0637601849671228e-08, 1.0]], ""pose1"": [[0.5073813796043396, -0.08104893565177917, -0.001213763956911862], [1.654025894026745e-08, -1.4594861319494612e-08, 1.3443287594228082e-09, 0.9999999403953552]]}}",0.135291188955307,0.0,1.6017208099365234,1.6017208099365234,,breakaway_force_2p6_disp_0p045_pull_0p36,hidden_breakaway_pin,hidden_pin,free_vs_hidden_breakaway_pin,free_vs_hidden_pin,tf_free_action_execution_diagnostic,
learned_action,paper_state,hidden_breakaway_pin,310001,5.0,3,0,0,0.0,0.08333333333333333,0.08333333333333333,0.0,,pick_place,True,0.5119462609291077,-0.05244822055101395,0.012281399220228195,0.5088643431663513,0.01202862523496151,-0.0007943854434415698,1.0000000000000002,1.0,True,"{""camera_config"": [{""image_size"": [480, 640], ""intrinsics"": [450.0, 0, 320.0, 0, 450.0, 240.0, 0, 0, 1], ""position"": [1.0, 0, 0.75], ""rotation"": [0.6532814824381883, 0.6532814824381884, -0.2705980500730986, -0.27059805007309845], ""zrange"": [0.01, 10.0], ""noise"": false}, {""image_size"": [480, 640], ""intrinsics"": [450.0, 0, 320.0, 0, 450.0, 240.0, 0, 0, 1], ""position"": [0, 0.5, 0.75], ""rotation"": [-0.3596047974904982, 0.8681627791959909, -0.3159854101251621, 0.1308854423858669], ""zrange"": [0.01, 10.0], ""noise"": false}, {""image_size"": [480, 640], ""intrinsics"": [450.0, 0, 320.0, 0, 450.0, 240.0, 0, 0, 1], ""position"": [0, -0.5, 0.75], ""rotation"": [-0.8681627791959909, 0.3596047974904982, -0.13088544238586683, 0.3159854101251621], ""zrange"": [0.01, 10.0], ""noise"": false}], ""primitive"": ""pick_place"", ""params"": {""pose0"": [[0.5119462609291077, -0.05244822055101395, 0.012281399220228195], [7.911921784398146e-09, -9.367306041951906e-09, -1.4667586256678078e-08, 1.0]], ""pose1"": [[0.5088643431663513, 0.01202862523496151, -0.0007943854434415698], [5.635600874853708e-09, 1.3340227811298178e-09, 1.4570241901878944e-08, 1.0]]}}",0.16306138038635254,0.0,1.5887349843978882,1.5887349843978882,,breakaway_force_2p6_disp_0p045_pull_0p36,hidden_breakaway_pin,hidden_pin,free_vs_hidden_breakaway_pin,free_vs_hidden_pin,tf_free_action_execution_diagnostic,
learned_action,state_action,hidden_breakaway_pin,310001,5.0,0,0,0,0.0,0.0,0.0,0.0,,pick_place,True,0.6376643180847168,-0.42055144906044006,0.013035554438829422,0.45945876836776733,0.10169262439012527,-0.005965912248939276,1.0000000000000004,1.0,True,"{""camera_config"": [{""image_size"": [480, 640], ""intrinsics"": [450.0, 0, 320.0, 0, 450.0, 240.0, 0, 0, 1], ""position"": [1.0, 0, 0.75], ""rotation"": [0.6532814824381883, 0.6532814824381884, -0.2705980500730986, -0.27059805007309845], ""zrange"": [0.01, 10.0], ""noise"": false}, {""image_size"": [480, 640], ""intrinsics"": [450.0, 0, 320.0, 0, 450.0, 240.0, 0, 0, 1], ""position"": [0, 0.5, 0.75], ""rotation"": [-0.3596047974904982, 0.8681627791959909, -0.3159854101251621, 0.1308854423858669], ""zrange"": [0.01, 10.0], ""noise"": false}, {""image_size"": [480, 640], ""intrinsics"": [450.0, 0, 320.0, 0, 450.0, 240.0, 0, 0, 1], ""position"": [0, -0.5, 0.75], ""rotation"": [-0.8681627791959909, 0.3596047974904982, -0.13088544238586683, 0.3159854101251621], ""zrange"": [0.01, 10.0], ""noise"": false}], ""primitive"": ""pick_place"", ""params"": {""pose0"": [[0.6376643180847168, -0.42055144906044006, 0.013035554438829422], [2.4526936925894915e-08, 1.5634633143690735e-08, -1.809127780916242e-08, 1.0]], ""pose1"": [[0.45945876836776733, 0.10169262439012527, -0.005965912248939276], [1.1487645279473213e-09, -1.1001659139253661e-08, 1.0709613196269174e-09, 1.0]]}}",0.6619426608085632,0.0,1.6748517751693726,1.6748517751693726,,breakaway_force_2p6_disp_0p045_pull_0p36,hidden_breakaway_pin,hidden_pin,free_vs_hidden_breakaway_pin,free_vs_hidden_pin,tf_free_action_execution_diagnostic,
learned_action,state_action,hidden_breakaway_pin,310001,5.0,1,0,0,0.0,0.0,0.0,0.0,,pick_place,True,0.5776025056838989,-0.13581687211990356,0.014746641740202904,0.5117307901382446,-0.08370935171842575,0.0001314273104071617,1.0000000000000004,1.0000000000000004,True,"{""camera_config"": [{""image_size"": [480, 640], ""intrinsics"": [450.0, 0, 320.0, 0, 450.0, 240.0, 0, 0, 1], ""position"": [1.0, 0, 0.75], ""rotation"": [0.6532814824381883, 0.6532814824381884, -0.2705980500730986, -0.27059805007309845], ""zrange"": [0.01, 10.0], ""noise"": false}, {""image_size"": [480, 640], ""intrinsics"": [450.0, 0, 320.0, 0, 450.0, 240.0, 0, 0, 1], ""position"": [0, 0.5, 0.75], ""rotation"": [-0.3596047974904982, 0.8681627791959909, -0.3159854101251621, 0.1308854423858669], ""zrange"": [0.01, 10.0], ""noise"": false}, {""image_size"": [480, 640], ""intrinsics"": [450.0, 0, 320.0, 0, 450.0, 240.0, 0, 0, 1], ""position"": [0, -0.5, 0.75], ""rotation"": [-0.8681627791959909, 0.3596047974904982, -0.13088544238586683, 0.3159854101251621], ""zrange"": [0.01, 10.0], ""noise"": false}], ""primitive"": ""pick_place"", ""params"": {""pose0"": [[0.5776025056838989, -0.13581687211990356, 0.014746641740202904], [-3.237362022900925e-08, -2.2231545493411886e-09, 1.7213076519695392e-09, 1.0]], ""pose1"": [[0.5117307901382446, -0.08370935171842575, 0.0001314273104071617], [1.3901719775333277e-08, -1.969173801796842e-08, -1.5570218891980403e-08, 1.0]]}}",0.20234978199005127,0.0,1.6190009117126465,1.6190009117126465,,breakaway_force_2p6_disp_0p045_pull_0p36,hidden_breakaway_pin,hidden_pin,free_vs_hidden_breakaway_pin,free_vs_hidden_pin,tf_free_action_execution_diagnostic,
learned_action,state_action,hidden_breakaway_pin,310001,5.0,2,0,0,0.0,0.0,0.0,0.0,,pick_place,True,0.5425300002098083,-0.08499833941459656,0.014947752468287945,0.4964505434036255,-0.054555390030145645,-0.0013199088862165809,1.0,1.0,True,"{""camera_config"": [{""image_size"": [480, 640], ""intrinsics"": [450.0, 0, 320.0, 0, 450.0, 240.0, 0, 0, 1], ""position"": [1.0, 0, 0.75], ""rotation"": [0.6532814824381883, 0.6532814824381884, -0.2705980500730986, -0.27059805007309845], ""zrange"": [0.01, 10.0], ""noise"": false}, {""image_size"": [480, 640], ""intrinsics"": [450.0, 0, 320.0, 0, 450.0, 240.0, 0, 0, 1], ""position"": [0, 0.5, 0.75], ""rotation"": [-0.3596047974904982, 0.8681627791959909, -0.3159854101251621, 0.1308854423858669], ""zrange"": [0.01, 10.0], ""noise"": false}, {""image_size"": [480, 640], ""intrinsics"": [450.0, 0, 320.0, 0, 450.0, 240.0, 0, 0, 1], ""position"": [0, -0.5, 0.75], ""rotation"": [-0.8681627791959909, 0.3596047974904982, -0.13088544238586683, 0.3159854101251621], ""zrange"": [0.01, 10.0], ""noise"": false}], ""primitive"": ""pick_place"", ""params"": {""pose0"": [[0.5425300002098083, -0.08499833941459656, 0.014947752468287945], [-8.777631066436697e-09, 3.9865670764527295e-09, -9.11906195000256e-09, 1.0]], ""pose1"": [[0.4964505434036255, -0.054555390030145645, -0.0013199088862165809], [1.3506611828972837e-08, -1.2062417731328878e-08, 2.625137607292771e-10, 1.0]]}}",0.08816349506378174,0.0,1.5972564220428467,1.5972564220428467,,breakaway_force_2p6_disp_0p045_pull_0p36,hidden_breakaway_pin,hidden_pin,free_vs_hidden_breakaway_pin,free_vs_hidden_pin,tf_free_action_execution_diagnostic,
learned_action,state_action,hidden_breakaway_pin,310001,5.0,3,0,0,0.0,0.0,0.0,0.0,,pick_place,True,0.5404443740844727,-0.04723692685365677,0.01285652257502079,0.5046635866165161,0.007859598845243454,-0.000259658379945904,1.0,1.0,True,"{""camera_config"": [{""image_size"": [480, 640], ""intrinsics"": [450.0, 0, 320.0, 0, 450.0, 240.0, 0, 0, 1], ""position"": [1.0, 0, 0.75], ""rotation"": [0.6532814824381883, 0.6532814824381884, -0.2705980500730986, -0.27059805007309845], ""zrange"": [0.01, 10.0], ""noise"": false}, {""image_size"": [480, 640], ""intrinsics"": [450.0, 0, 320.0, 0, 450.0, 240.0, 0, 0, 1], ""position"": [0, 0.5, 0.75], ""rotation"": [-0.3596047974904982, 0.8681627791959909, -0.3159854101251621, 0.1308854423858669], ""zrange"": [0.01, 10.0], ""noise"": false}, {""image_size"": [480, 640], ""intrinsics"": [450.0, 0, 320.0, 0, 450.0, 240.0, 0, 0, 1], ""position"": [0, -0.5, 0.75], ""rotation"": [-0.8681627791959909, 0.3596047974904982, -0.13088544238586683, 0.3159854101251621], ""zrange"": [0.01, 10.0], ""noise"": false}], ""primitive"": ""pick_place"", ""params"": {""pose0"": [[0.5404443740844727, -0.04723692685365677, 0.01285652257502079], [8.670498097274049e-09, -1.203294441864955e-08, -8.617493385543185e-09, 1.0]], ""pose1"": [[0.5046635866165161, 0.007859598845243454, -0.000259658379945904], [2.64494426360784e-09, 1.774782321106727e-09, 7.329460149918532e-09, 1.0]]}}",0.12639732658863068,0.0,1.5966289043426514,1.5966289043426514,,breakaway_force_2p6_disp_0p045_pull_0p36,hidden_breakaway_pin,hidden_pin,free_vs_hidden_breakaway_pin,free_vs_hidden_pin,tf_free_action_execution_diagnostic,
oracle_action,,hidden_breakaway_pin,310001,15.0,0,0,0,0.0,0.0,0.0,0.0,,None,True,nan,nan,nan,nan,nan,nan,nan,nan,False,"{""camera_config"": [{""image_size"": [480, 640], ""intrinsics"": [450.0, 0, 320.0, 0, 450.0, 240.0, 0, 0, 1], ""position"": [1.0, 0, 0.75], ""rotation"": [0.6532814824381883, 0.6532814824381884, -0.2705980500730986, -0.27059805007309845], ""zrange"": [0.01, 10.0], ""noise"": false}, {""image_size"": [480, 640], ""intrinsics"": [450.0, 0, 320.0, 0, 450.0, 240.0, 0, 0, 1], ""position"": [0, 0.5, 0.75], ""rotation"": [-0.3596047974904982, 0.8681627791959909, -0.3159854101251621, 0.1308854423858669], ""zrange"": [0.01, 10.0], ""noise"": false}, {""image_size"": [480, 640], ""intrinsics"": [450.0, 0, 320.0, 0, 450.0, 240.0, 0, 0, 1], ""position"": [0, -0.5, 0.75], ""rotation"": [-0.8681627791959909, 0.3596047974904982, -0.13088544238586683, 0.3159854101251621], ""zrange"": [0.01, 10.0], ""noise"": false}], ""primitive"": null}",nan,nan,nan,nan,,breakaway_force_2p6_disp_0p045_pull_0p36,hidden_breakaway_pin,hidden_pin,free_vs_hidden_breakaway_pin,free_vs_hidden_pin,tf_free_action_execution_diagnostic,1
oracle_action,,hidden_breakaway_pin,310001,15.0,1,0,0,0.16666666666666666,0.0,0.16666666666666666,0.16666666666666666,,pick_place,True,0.628125,-0.43125,0.013235093094408512,0.33705461025238037,-0.08891107141971588,-0.002815082436427474,1.0,1.0,True,"{""camera_config"": [{""image_size"": [480, 640], ""intrinsics"": [450.0, 0, 320.0, 0, 450.0, 240.0, 0, 0, 1], ""position"": [1.0, 0, 0.75], ""rotation"": [0.6532814824381883, 0.6532814824381884, -0.2705980500730986, -0.27059805007309845], ""zrange"": [0.01, 10.0], ""noise"": false}, {""image_size"": [480, 640], ""intrinsics"": [450.0, 0, 320.0, 0, 450.0, 240.0, 0, 0, 1], ""position"": [0, 0.5, 0.75], ""rotation"": [-0.3596047974904982, 0.8681627791959909, -0.3159854101251621, 0.1308854423858669], ""zrange"": [0.01, 10.0], ""noise"": false}, {""image_size"": [480, 640], ""intrinsics"": [450.0, 0, 320.0, 0, 450.0, 240.0, 0, 0, 1], ""position"": [0, -0.5, 0.75], ""rotation"": [-0.8681627791959909, 0.3596047974904982, -0.13088544238586683, 0.3159854101251621], ""zrange"": [0.01, 10.0], ""noise"": false}], ""primitive"": ""pick_place"", ""params"": {""pose0"": [[0.628125, -0.43125, 0.013235093094408512], [0.0, 0.0, 0.0, 1.0]], ""pose1"": [[0.33705461025238037, -0.08891107141971588, -0.002815082436427474], [0, 0, 0, 1]]}}",nan,nan,nan,nan,,breakaway_force_2p6_disp_0p045_pull_0p36,hidden_breakaway_pin,hidden_pin,free_vs_hidden_breakaway_pin,free_vs_hidden_pin,tf_free_action_execution_diagnostic,2
oracle_action,,hidden_breakaway_pin,310001,15.0,2,0,0,0.20833333333333334,0.16666666666666666,0.375,0.20833333333333334,,pick_place,True,0.475,-0.24062499999999998,0.013893524184823036,0.6573700308799744,-0.1817905306816101,-0.008907414972782135,1.0,1.0,True,"{""camera_config"": [{""image_size"": [480, 640], ""intrinsics"": [450.0, 0, 320.0, 0, 450.0, 240.0, 0, 0, 1], ""position"": [1.0, 0, 0.75], ""rotation"": [0.6532814824381883, 0.6532814824381884, -0.2705980500730986, -0.27059805007309845], ""zrange"": [0.01, 10.0], ""noise"": false}, {""image_size"": [480, 640], ""intrinsics"": [450.0, 0, 320.0, 0, 450.0, 240.0, 0, 0, 1], ""position"": [0, 0.5, 0.75], ""rotation"": [-0.3596047974904982, 0.8681627791959909, -0.3159854101251621, 0.1308854423858669], ""zrange"": [0.01, 10.0], ""noise"": false}, {""image_size"": [480, 640], ""intrinsics"": [450.0, 0, 320.0, 0, 450.0, 240.0, 0, 0, 1], ""position"": [0, -0.5, 0.75], ""rotation"": [-0.8681627791959909, 0.3596047974904982, -0.13088544238586683, 0.3159854101251621], ""zrange"": [0.01, 10.0], ""noise"": false}], ""primitive"": ""pick_place"", ""params"": {""pose0"": [[0.475, -0.24062499999999998, 0.013893524184823036], [0.0, 0.0, 0.0, 1.0]], ""pose1"": [[0.6573700308799744, -0.1817905306816101, -0.008907414972782135], [0, 0, 0, 1]]}}",nan,nan,nan,nan,,breakaway_force_2p6_disp_0p045_pull_0p36,hidden_breakaway_pin,hidden_pin,free_vs_hidden_breakaway_pin,free_vs_hidden_pin,tf_free_action_execution_diagnostic,3
oracle_action,,hidden_breakaway_pin,310001,15.0,3,0,0,0.041666666666666685,0.375,0.4166666666666667,0.041666666666666685,,pick_place,True,0.47187500000000004,-0.171875,0.013608125038444996,0.4808541238307953,-0.1394692063331604,0.00019685343431774527,1.0,1.0,True,"{""camera_config"": [{""image_size"": [480, 640], ""intrinsics"": [450.0, 0, 320.0, 0, 450.0, 240.0, 0, 0, 1], ""position"": [1.0, 0, 0.75], ""rotation"": [0.6532814824381883, 0.6532814824381884, -0.2705980500730986, -0.27059805007309845], ""zrange"": [0.01, 10.0], ""noise"": false}, {""image_size"": [480, 640], ""intrinsics"": [450.0, 0, 320.0, 0, 450.0, 240.0, 0, 0, 1], ""position"": [0, 0.5, 0.75], ""rotation"": [-0.3596047974904982, 0.8681627791959909, -0.3159854101251621, 0.1308854423858669], ""zrange"": [0.01, 10.0], ""noise"": false}, {""image_size"": [480, 640], ""intrinsics"": [450.0, 0, 320.0, 0, 450.0, 240.0, 0, 0, 1], ""position"": [0, -0.5, 0.75], ""rotation"": [-0.8681627791959909, 0.3596047974904982, -0.13088544238586683, 0.3159854101251621], ""zrange"": [0.01, 10.0], ""noise"": false}], ""primitive"": ""pick_place"", ""params"": {""pose0"": [[0.47187500000000004, -0.171875, 0.013608125038444996], [0.0, 0.0, 0.0, 1.0]], ""pose1"": [[0.4808541238307953, -0.1394692063331604, 0.00019685343431774527], [0, 0, 0, 1]]}}",nan,nan,nan,nan,,breakaway_force_2p6_disp_0p045_pull_0p36,hidden_breakaway_pin,hidden_pin,free_vs_hidden_breakaway_pin,free_vs_hidden_pin,tf_free_action_execution_diagnostic,4
oracle_action,,hidden_breakaway_pin,310001,15.0,4,0,0,0.2916666666666667,0.4166666666666667,0.7083333333333334,0.2916666666666667,,pick_place,True,0.43125,-0.140625,0.013315211981534958,0.42716559767723083,-0.10638540238142014,0.001139128697104752,1.0,1.0,True,"{""camera_config"": [{""image_size"": [480, 640], ""intrinsics"": [450.0, 0, 320.0, 0, 450.0, 240.0, 0, 0, 1], ""position"": [1.0, 0, 0.75], ""rotation"": [0.6532814824381883, 0.6532814824381884, -0.2705980500730986, -0.27059805007309845], ""zrange"": [0.01, 10.0], ""noise"": false}, {""image_size"": [480, 640], ""intrinsics"": [450.0, 0, 320.0, 0, 450.0, 240.0, 0, 0, 1], ""position"": [0, 0.5, 0.75], ""rotation"": [-0.3596047974904982, 0.8681627791959909, -0.3159854101251621, 0.1308854423858669], ""zrange"": [0.01, 10.0], ""noise"": false}, {""image_size"": [480, 640], ""intrinsics"": [450.0, 0, 320.0, 0, 450.0, 240.0, 0, 0, 1], ""position"": [0, -0.5, 0.75], ""rotation"": [-0.8681627791959909, 0.3596047974904982, -0.13088544238586683, 0.3159854101251621], ""zrange"": [0.01, 10.0], ""noise"": false}], ""primitive"": ""pick_place"", ""params"": {""pose0"": [[0.43125, -0.140625, 0.013315211981534958], [0.0, 0.0, 0.0, 1.0]], ""pose1"": [[0.42716559767723083, -0.10638540238142014, 0.001139128697104752], [0, 0, 0, 1]]}}",nan,nan,nan,nan,,breakaway_force_2p6_disp_0p045_pull_0p36,hidden_breakaway_pin,hidden_pin,free_vs_hidden_breakaway_pin,free_vs_hidden_pin,tf_free_action_execution_diagnostic,5
oracle_action,,hidden_breakaway_pin,310001,15.0,5,0,0,0.0,0.7083333333333334,0.7083333333333334,0.0,,pick_place,True,0.4,-0.12187499999999996,0.01375481579452753,0.3874718248844147,-0.11127595603466034,-0.004425172694027424,1.0,1.0,True,"{""camera_config"": [{""image_size"": [480, 640], ""intrinsics"": [450.0, 0, 320.0, 0, 450.0, 240.0, 0, 0, 1], ""position"": [1.0, 0, 0.75], ""rotation"": [0.6532814824381883, 0.6532814824381884, -0.2705980500730986, -0.27059805007309845], ""zrange"": [0.01, 10.0], ""noise"": false}, {""image_size"": [480, 640], ""intrinsics"": [450.0, 0, 320.0, 0, 450.0, 240.0, 0, 0, 1], ""position"": [0, 0.5, 0.75], ""rotation"": [-0.3596047974904982, 0.8681627791959909, -0.3159854101251621, 0.1308854423858669], ""zrange"": [0.01, 10.0], ""noise"": false}, {""image_size"": [480, 640], ""intrinsics"": [450.0, 0, 320.0, 0, 450.0, 240.0, 0, 0, 1], ""position"": [0, -0.5, 0.75], ""rotation"": [-0.8681627791959909, 0.3596047974904982, -0.13088544238586683, 0.3159854101251621], ""zrange"": [0.01, 10.0], ""noise"": false}], ""primitive"": ""pick_place"", ""params"": {""pose0"": [[0.4, -0.12187499999999996, 0.01375481579452753], [0.0, 0.0, 0.0, 1.0]], ""pose1"": [[0.3874718248844147, -0.11127595603466034, -0.004425172694027424], [0, 0, 0, 1]]}}",nan,nan,nan,nan,,breakaway_force_2p6_disp_0p045_pull_0p36,hidden_breakaway_pin,hidden_pin,free_vs_hidden_breakaway_pin,free_vs_hidden_pin,tf_free_action_execution_diagnostic,6
oracle_action,,hidden_breakaway_pin,310001,15.0,6,0,0,0.04166666666666663,0.7083333333333334,0.75,0.04166666666666663,,pick_place,True,0.37812500000000004,-0.10624999999999996,0.013225345872342587,0.3370833396911621,-0.0919114351272583,-0.004163431003689766,1.0,1.0,True,"{""camera_config"": [{""image_size"": [480, 640], ""intrinsics"": [450.0, 0, 320.0, 0, 450.0, 240.0, 0, 0, 1], ""position"": [1.0, 0, 0.75], ""rotation"": [0.6532814824381883, 0.6532814824381884, -0.2705980500730986, -0.27059805007309845], ""zrange"": [0.01, 10.0], ""noise"": false}, {""image_size"": [480, 640], ""intrinsics"": [450.0, 0, 320.0, 0, 450.0, 240.0, 0, 0, 1], ""position"": [0, 0.5, 0.75], ""rotation"": [-0.3596047974904982, 0.8681627791959909, -0.3159854101251621, 0.1308854423858669], ""zrange"": [0.01, 10.0], ""noise"": false}, {""image_size"": [480, 640], ""intrinsics"": [450.0, 0, 320.0, 0, 450.0, 240.0, 0, 0, 1], ""position"": [0, -0.5, 0.75], ""rotation"": [-0.8681627791959909, 0.3596047974904982, -0.13088544238586683, 0.3159854101251621], ""zrange"": [0.01, 10.0], ""noise"": false}], ""primitive"": ""pick_place"", ""params"": {""pose0"": [[0.37812500000000004, -0.10624999999999996, 0.013225345872342587], [0.0, 0.0, 0.0, 1.0]], ""pose1"": [[0.3370833396911621, -0.0919114351272583, -0.004163431003689766], [0, 0, 0, 1]]}}",nan,nan,nan,nan,,breakaway_force_2p6_disp_0p045_pull_0p36,hidden_breakaway_pin,hidden_pin,free_vs_hidden_breakaway_pin,free_vs_hidden_pin,tf_free_action_execution_diagnostic,7
oracle_action,,hidden_breakaway_pin,310001,15.0,7,1,1,0.25,0.75,1.0,0.25,,pick_place,True,0.546875,-0.17812499999999998,0.013569159433245659,0.5651111006736755,-0.163699209690094,-0.0018491833470761776,1.0,1.0,True,"{""camera_config"": [{""image_size"": [480, 640], ""intrinsics"": [450.0, 0, 320.0, 0, 450.0, 240.0, 0, 0, 1], ""position"": [1.0, 0, 0.75], ""rotation"": [0.6532814824381883, 0.6532814824381884, -0.2705980500730986, -0.27059805007309845], ""zrange"": [0.01, 10.0], ""noise"": false}, {""image_size"": [480, 640], ""intrinsics"": [450.0, 0, 320.0, 0, 450.0, 240.0, 0, 0, 1], ""position"": [0, 0.5, 0.75], ""rotation"": [-0.3596047974904982, 0.8681627791959909, -0.3159854101251621, 0.1308854423858669], ""zrange"": [0.01, 10.0], ""noise"": false}, {""image_size"": [480, 640], ""intrinsics"": [450.0, 0, 320.0, 0, 450.0, 240.0, 0, 0, 1], ""position"": [0, -0.5, 0.75], ""rotation"": [-0.8681627791959909, 0.3596047974904982, -0.13088544238586683, 0.3159854101251621], ""zrange"": [0.01, 10.0], ""noise"": false}], ""primitive"": ""pick_place"", ""params"": {""pose0"": [[0.546875, -0.17812499999999998, 0.013569159433245659], [0.0, 0.0, 0.0, 1.0]], ""pose1"": [[0.5651111006736755, -0.163699209690094, -0.0018491833470761776], [0, 0, 0, 1]]}}",nan,nan,nan,nan,,breakaway_force_2p6_disp_0p045_pull_0p36,hidden_breakaway_pin,hidden_pin,free_vs_hidden_breakaway_pin,free_vs_hidden_pin,tf_free_action_execution_diagnostic,8
gt_y_action_replay,,hidden_breakaway_pin,310001,15.0,0,0,0,0.0,0.0,0.0,0.0,,pick_place,True,0.609375,0.22812500596046448,0.013410571962594986,0.6213554739952087,0.1864524483680725,0.004288728814572096,1.0,1.0,True,"{""camera_config"": [{""image_size"": [480, 640], ""intrinsics"": [450.0, 0, 320.0, 0, 450.0, 240.0, 0, 0, 1], ""position"": [1.0, 0, 0.75], ""rotation"": [0.6532814824381883, 0.6532814824381884, -0.2705980500730986, -0.27059805007309845], ""zrange"": [0.01, 10.0], ""noise"": false}, {""image_size"": [480, 640], ""intrinsics"": [450.0, 0, 320.0, 0, 450.0, 240.0, 0, 0, 1], ""position"": [0, 0.5, 0.75], ""rotation"": [-0.3596047974904982, 0.8681627791959909, -0.3159854101251621, 0.1308854423858669], ""zrange"": [0.01, 10.0], ""noise"": false}, {""image_size"": [480, 640], ""intrinsics"": [450.0, 0, 320.0, 0, 450.0, 240.0, 0, 0, 1], ""position"": [0, -0.5, 0.75], ""rotation"": [-0.8681627791959909, 0.3596047974904982, -0.13088544238586683, 0.3159854101251621], ""zrange"": [0.01, 10.0], ""noise"": false}], ""primitive"": ""pick_place"", ""params"": {""pose0"": [[0.609375, 0.22812500596046448, 0.013410571962594986], [0.0, 0.0, 0.0, 1.0]], ""pose1"": [[0.6213554739952087, 0.1864524483680725, 0.004288728814572096], [0.0, 0.0, 0.0, 1.0]]}}",nan,nan,1.6865421533584595,1.6865421533584595,7,breakaway_force_2p6_disp_0p045_pull_0p36,hidden_breakaway_pin,hidden_pin,free_vs_hidden_breakaway_pin,free_vs_hidden_pin,tf_free_action_execution_diagnostic,
learned_action,paper_state,hidden_breakaway_pin,310001,15.0,0,0,0,0.0,0.0,0.0,0.0,,pick_place,True,0.647901713848114,-0.4504912495613098,0.01327388547360897,0.4490049481391907,0.06334228068590164,-0.00648805545642972,1.0000000000000013,1.0,True,"{""camera_config"": [{""image_size"": [480, 640], ""intrinsics"": [450.0, 0, 320.0, 0, 450.0, 240.0, 0, 0, 1], ""position"": [1.0, 0, 0.75], ""rotation"": [0.6532814824381883, 0.6532814824381884, -0.2705980500730986, -0.27059805007309845], ""zrange"": [0.01, 10.0], ""noise"": false}, {""image_size"": [480, 640], ""intrinsics"": [450.0, 0, 320.0, 0, 450.0, 240.0, 0, 0, 1], ""position"": [0, 0.5, 0.75], ""rotation"": [-0.3596047974904982, 0.8681627791959909, -0.3159854101251621, 0.1308854423858669], ""zrange"": [0.01, 10.0], ""noise"": false}, {""image_size"": [480, 640], ""intrinsics"": [450.0, 0, 320.0, 0, 450.0, 240.0, 0, 0, 1], ""position"": [0, -0.5, 0.75], ""rotation"": [-0.8681627791959909, 0.3596047974904982, -0.13088544238586683, 0.3159854101251621], ""zrange"": [0.01, 10.0], ""noise"": false}], ""primitive"": ""pick_place"", ""params"": {""pose0"": [[0.647901713848114, -0.4504912495613098, 0.01327388547360897], [3.719337371421716e-08, 1.4943315918003464e-08, -3.406221082968841e-08, 1.0]], ""pose1"": [[0.4490049481391907, 0.06334228068590164, -0.00648805545642972], [5.829547067293106e-09, -4.222225347128017e-10, 9.308941395502757e-10, 1.0]]}}",0.7060768008232117,0.0,1.6818307638168335,1.6818307638168335,,breakaway_force_2p6_disp_0p045_pull_0p36,hidden_breakaway_pin,hidden_pin,free_vs_hidden_breakaway_pin,free_vs_hidden_pin,tf_free_action_execution_diagnostic,
learned_action,paper_state,hidden_breakaway_pin,310001,15.0,1,0,0,0.0,0.0,0.0,0.0,,pick_place,True,0.5660017132759094,-0.15208591520786285,0.013701141811907291,0.537972092628479,-0.10287880897521973,-0.0008119315025396645,1.0000000000000004,1.0000000000000002,True,"{""camera_config"": [{""image_size"": [480, 640], ""intrinsics"": [450.0, 0, 320.0, 0, 450.0, 240.0, 0, 0, 1], ""position"": [1.0, 0, 0.75], ""rotation"": [0.6532814824381883, 0.6532814824381884, -0.2705980500730986, -0.27059805007309845], ""zrange"": [0.01, 10.0], ""noise"": false}, {""image_size"": [480, 640], ""intrinsics"": [450.0, 0, 320.0, 0, 450.0, 240.0, 0, 0, 1], ""position"": [0, 0.5, 0.75], ""rotation"": [-0.3596047974904982, 0.8681627791959909, -0.3159854101251621, 0.1308854423858669], ""zrange"": [0.01, 10.0], ""noise"": false}, {""image_size"": [480, 640], ""intrinsics"": [450.0, 0, 320.0, 0, 450.0, 240.0, 0, 0, 1], ""position"": [0, -0.5, 0.75], ""rotation"": [-0.8681627791959909, 0.3596047974904982, -0.13088544238586683, 0.3159854101251621], ""zrange"": [0.01, 10.0], ""noise"": false}], ""primitive"": ""pick_place"", ""params"": {""pose0"": [[0.5660017132759094, -0.15208591520786285, 0.013701141811907291], [-2.6679071396529253e-08, 1.5988206314432318e-08, -8.850462585030527e-09, 1.0]], ""pose1"": [[0.537972092628479, -0.10287880897521973, -0.0008119315025396645], [4.195221059433152e-09, -2.3429068463087788e-08, 5.719978379836732e-10, 1.0]]}}",0.22240114212036133,0.0,1.6259379386901855,1.6259379386901855,,breakaway_force_2p6_disp_0p045_pull_0p36,hidden_breakaway_pin,hidden_pin,free_vs_hidden_breakaway_pin,free_vs_hidden_pin,tf_free_action_execution_diagnostic,
learned_action,paper_state,hidden_breakaway_pin,310001,15.0,2,0,0,0.0,0.0,0.0,0.0,,pick_place,True,0.5150766372680664,-0.08565183728933334,0.013411297462880611,0.5217416286468506,-0.03444672375917435,-0.0014213185058906674,1.0000000000000002,1.0,True,"{""camera_config"": [{""image_size"": [480, 640], ""intrinsics"": [450.0, 0, 320.0, 0, 450.0, 240.0, 0, 0, 1], ""position"": [1.0, 0, 0.75], ""rotation"": [0.6532814824381883, 0.6532814824381884, -0.2705980500730986, -0.27059805007309845], ""zrange"": [0.01, 10.0], ""noise"": false}, {""image_size"": [480, 640], ""intrinsics"": [450.0, 0, 320.0, 0, 450.0, 240.0, 0, 0, 1], ""position"": [0, 0.5, 0.75], ""rotation"": [-0.3596047974904982, 0.8681627791959909, -0.3159854101251621, 0.1308854423858669], ""zrange"": [0.01, 10.0], ""noise"": false}, {""image_size"": [480, 640], ""intrinsics"": [450.0, 0, 320.0, 0, 450.0, 240.0, 0, 0, 1], ""position"": [0, -0.5, 0.75], ""rotation"": [-0.8681627791959909, 0.3596047974904982, -0.13088544238586683, 0.3159854101251621], ""zrange"": [0.01, 10.0], ""noise"": false}], ""primitive"": ""pick_place"", ""params"": {""pose0"": [[0.5150766372680664, -0.08565183728933334, 0.013411297462880611], [1.8418673253250972e-09, -1.4959163907590778e-09, -2.2035532509789846e-08, 1.0]], ""pose1"": [[0.5217416286468506, -0.03444672375917435, -0.0014213185058906674], [5.397602809154023e-09, 3.6156420080146745e-09, -6.42033270992215e-09, 1.0]]}}",0.12158022820949554,0.0,1.595688819885254,1.595688819885254,,breakaway_force_2p6_disp_0p045_pull_0p36,hidden_breakaway_pin,hidden_pin,free_vs_hidden_breakaway_pin,free_vs_hidden_pin,tf_free_action_execution_diagnostic,
learned_action,paper_state,hidden_breakaway_pin,310001,15.0,3,0,0,0.0,0.0,0.0,0.0,,pick_place,True,0.4781736433506012,-0.003677230328321457,0.013038601726293564,0.4765762686729431,0.020509343594312668,-0.0007124484400264919,1.0,1.0000000000000002,True,"{""camera_config"": [{""image_size"": [480, 640], ""intrinsics"": [450.0, 0, 320.0, 0, 450.0, 240.0, 0, 0, 1], ""position"": [1.0, 0, 0.75], ""rotation"": [0.6532814824381883, 0.6532814824381884, -0.2705980500730986, -0.27059805007309845], ""zrange"": [0.01, 10.0], ""noise"": false}, {""image_size"": [480, 640], ""intrinsics"": [450.0, 0, 320.0, 0, 450.0, 240.0, 0, 0, 1], ""position"": [0, 0.5, 0.75], ""rotation"": [-0.3596047974904982, 0.8681627791959909, -0.3159854101251621, 0.1308854423858669], ""zrange"": [0.01, 10.0], ""noise"": false}, {""image_size"": [480, 640], ""intrinsics"": [450.0, 0, 320.0, 0, 450.0, 240.0, 0, 0, 1], ""position"": [0, -0.5, 0.75], ""rotation"": [-0.8681627791959909, 0.3596047974904982, -0.13088544238586683, 0.3159854101251621], ""zrange"": [0.01, 10.0], ""noise"": false}], ""primitive"": ""pick_place"", ""params"": {""pose0"": [[0.4781736433506012, -0.003677230328321457, 0.013038601726293564], [-4.6945065612646886e-09, -1.1490933538027548e-08, -4.754636240278387e-09, 1.0]], ""pose1"": [[0.4765762686729431, 0.020509343594312668, -0.0007124484400264919], [-1.0743024247972244e-09, -3.149220662024277e-09, 2.0239866671545315e-08, 1.0]]}}",0.1954716444015503,0.0,1.567284107208252,1.567284107208252,,breakaway_force_2p6_disp_0p045_pull_0p36,hidden_breakaway_pin,hidden_pin,free_vs_hidden_breakaway_pin,free_vs_hidden_pin,tf_free_action_execution_diagnostic,
learned_action,state_action,hidden_breakaway_pin,310001,15.0,0,0,0,0.125,0.0,0.125,0.125,,pick_place,True,0.6389963030815125,-0.42330560088157654,0.013453861698508263,0.44376564025878906,0.07289942353963852,-0.006106270011514425,1.0000000000000004,1.0,True,"{""camera_config"": [{""image_size"": [480, 640], ""intrinsics"": [450.0, 0, 320.0, 0, 450.0, 240.0, 0, 0, 1], ""position"": [1.0, 0, 0.75], ""rotation"": [0.6532814824381883, 0.6532814824381884, -0.2705980500730986, -0.27059805007309845], ""zrange"": [0.01, 10.0], ""noise"": false}, {""image_size"": [480, 640], ""intrinsics"": [450.0, 0, 320.0, 0, 450.0, 240.0, 0, 0, 1], ""position"": [0, 0.5, 0.75], ""rotation"": [-0.3596047974904982, 0.8681627791959909, -0.3159854101251621, 0.1308854423858669], ""zrange"": [0.01, 10.0], ""noise"": false}, {""image_size"": [480, 640], ""intrinsics"": [450.0, 0, 320.0, 0, 450.0, 240.0, 0, 0, 1], ""position"": [0, -0.5, 0.75], ""rotation"": [-0.8681627791959909, 0.3596047974904982, -0.13088544238586683, 0.3159854101251621], ""zrange"": [0.01, 10.0], ""noise"": false}], ""primitive"": ""pick_place"", ""params"": {""pose0"": [[0.6389963030815125, -0.42330560088157654, 0.013453861698508263], [2.268238219471641e-08, 1.738490951197491e-08, -1.718990283450239e-08, 1.0]], ""pose1"": [[0.44376564025878906, 0.07289942353963852, -0.006106270011514425], [3.003892024011634e-09, -1.533360638461545e-08, 4.608418979756834e-09, 1.0]]}}",0.6649196743965149,0.0,1.6703187227249146,1.6703187227249146,,breakaway_force_2p6_disp_0p045_pull_0p36,hidden_breakaway_pin,hidden_pin,free_vs_hidden_breakaway_pin,free_vs_hidden_pin,tf_free_action_execution_diagnostic,
learned_action,state_action,hidden_breakaway_pin,310001,15.0,1,0,0,0.0,0.125,0.125,0.0,,pick_place,True,0.5770968198776245,-0.1460966020822525,0.014792097732424736,0.5143287777900696,-0.09198998659849167,-0.00018660869682207704,1.0000000000000004,1.0000000000000004,True,"{""camera_config"": [{""image_size"": [480, 640], ""intrinsics"": [450.0, 0, 320.0, 0, 450.0, 240.0, 0, 0, 1], ""position"": [1.0, 0, 0.75], ""rotation"": [0.6532814824381883, 0.6532814824381884, -0.2705980500730986, -0.27059805007309845], ""zrange"": [0.01, 10.0], ""noise"": false}, {""image_size"": [480, 640], ""intrinsics"": [450.0, 0, 320.0, 0, 450.0, 240.0, 0, 0, 1], ""position"": [0, 0.5, 0.75], ""rotation"": [-0.3596047974904982, 0.8681627791959909, -0.3159854101251621, 0.1308854423858669], ""zrange"": [0.01, 10.0], ""noise"": false}, {""image_size"": [480, 640], ""intrinsics"": [450.0, 0, 320.0, 0, 450.0, 240.0, 0, 0, 1], ""position"": [0, -0.5, 0.75], ""rotation"": [-0.8681627791959909, 0.3596047974904982, -0.13088544238586683, 0.3159854101251621], ""zrange"": [0.01, 10.0], ""noise"": false}], ""primitive"": ""pick_place"", ""params"": {""pose0"": [[0.5770968198776245, -0.1460966020822525, 0.014792097732424736], [-3.400576176204595e-08, 3.454091013210814e-09, 1.1431574575837544e-09, 1.0]], ""pose1"": [[0.5143287777900696, -0.09198998659849167, -0.00018660869682207704], [1.6027099647430987e-08, -1.3382373431625183e-08, -1.9021250352579955e-08, 1.0]]}}",0.20716868340969086,0.0,1.6209872961044312,1.6209872961044312,,breakaway_force_2p6_disp_0p045_pull_0p36,hidden_breakaway_pin,hidden_pin,free_vs_hidden_breakaway_pin,free_vs_hidden_pin,tf_free_action_execution_diagnostic,
learned_action,state_action,hidden_breakaway_pin,310001,15.0,2,0,0,-0.04166666666666667,0.125,0.08333333333333333,-0.04166666666666667,,pick_place,True,0.5388168096542358,-0.10757790505886078,0.015116417780518532,0.5083509683609009,-0.05746942758560181,-0.0014939538668841124,1.0000000000000002,1.0000000000000004,True,"{""camera_config"": [{""image_size"": [480, 640], ""intrinsics"": [450.0, 0, 320.0, 0, 450.0, 240.0, 0, 0, 1], ""position"": [1.0, 0, 0.75], ""rotation"": [0.6532814824381883, 0.6532814824381884, -0.2705980500730986, -0.27059805007309845], ""zrange"": [0.01, 10.0], ""noise"": false}, {""image_size"": [480, 640], ""intrinsics"": [450.0, 0, 320.0, 0, 450.0, 240.0, 0, 0, 1], ""position"": [0, 0.5, 0.75], ""rotation"": [-0.3596047974904982, 0.8681627791959909, -0.3159854101251621, 0.1308854423858669], ""zrange"": [0.01, 10.0], ""noise"": false}, {""image_size"": [480, 640], ""intrinsics"": [450.0, 0, 320.0, 0, 450.0, 240.0, 0, 0, 1], ""position"": [0, -0.5, 0.75], ""rotation"": [-0.8681627791959909, 0.3596047974904982, -0.13088544238586683, 0.3159854101251621], ""zrange"": [0.01, 10.0], ""noise"": false}], ""primitive"": ""pick_place"", ""params"": {""pose0"": [[0.5388168096542358, -0.10757790505886078, 0.015116417780518532], [-1.9515113081070012e-08, 7.40833971946131e-09, -5.770925515236058e-09, 1.0]], ""pose1"": [[0.5083509683609009, -0.05746942758560181, -0.0014939538668841124], [2.6417122711563934e-08, -7.376448341034347e-09, -1.2487478606715285e-08, 1.0]]}}",0.11673163622617722,0.0,1.6012028455734253,1.6012028455734253,,breakaway_force_2p6_disp_0p045_pull_0p36,hidden_breakaway_pin,hidden_pin,free_vs_hidden_breakaway_pin,free_vs_hidden_pin,tf_free_action_execution_diagnostic,
learned_action,state_action,hidden_breakaway_pin,310001,15.0,3,0,0,0.0,0.08333333333333333,0.08333333333333333,0.0,,pick_place,True,0.5327699184417725,-0.05644809454679489,0.012965129688382149,0.5205893516540527,-0.003315947949886322,-0.000126518658362329,1.0,1.0,True,"{""camera_config"": [{""image_size"": [480, 640], ""intrinsics"": [450.0, 0, 320.0, 0, 450.0, 240.0, 0, 0, 1], ""position"": [1.0, 0, 0.75], ""rotation"": [0.6532814824381883, 0.6532814824381884, -0.2705980500730986, -0.27059805007309845], ""zrange"": [0.01, 10.0], ""noise"": false}, {""image_size"": [480, 640], ""intrinsics"": [450.0, 0, 320.0, 0, 450.0, 240.0, 0, 0, 1], ""position"": [0, 0.5, 0.75], ""rotation"": [-0.3596047974904982, 0.8681627791959909, -0.3159854101251621, 0.1308854423858669], ""zrange"": [0.01, 10.0], ""noise"": false}, {""image_size"": [480, 640], ""intrinsics"": [450.0, 0, 320.0, 0, 450.0, 240.0, 0, 0, 1], ""position"": [0, -0.5, 0.75], ""rotation"": [-0.8681627791959909, 0.3596047974904982, -0.13088544238586683, 0.3159854101251621], ""zrange"": [0.01, 10.0], ""noise"": false}], ""primitive"": ""pick_place"", ""params"": {""pose0"": [[0.5327699184417725, -0.05644809454679489, 0.012965129688382149], [2.32829533430845e-09, -6.247352857258193e-09, -1.336801780382757e-08, 1.0]], ""pose1"": [[0.5205893516540527, -0.003315947949886322, -0.000126518658362329], [-1.4540720849609556e-09, 1.9003767448566578e-09, 1.6413395087511162e-08, 1.0]]}}",0.1340518444776535,0.0,1.5994443893432617,1.5994443893432617,,breakaway_force_2p6_disp_0p045_pull_0p36,hidden_breakaway_pin,hidden_pin,free_vs_hidden_breakaway_pin,free_vs_hidden_pin,tf_free_action_execution_diagnostic,
