diverged,eligible,final_fraction_abs_diff,future_final_xy_chamfer,normalized_prefix_mae,split,success_diff,visible_seed,window_t
True,True,0.7916666865348816,0.06597625464200974,0.0,train,True,400000,0
True,True,0.7916666865348816,0.06597625464200974,0.004982379560096281,train,True,400000,1
True,True,0.7916666865348816,0.06597625464200974,0.045715301791516276,train,True,400000,2
False,False,0.7916666865348816,0.06597625464200974,0.11261104400123757,train,True,400000,3
False,True,0.0,0.0028029410168528557,0.0,train,False,400001,0
False,True,0.0,0.0028029410168528557,0.0007581031118993424,train,False,400001,1
True,True,0.0,0.006296360865235329,0.0,train,False,400002,0
False,False,0.0,0.006296360865235329,0.050148811636688405,train,False,400002,1
False,False,0.0,0.006296360865235329,0.05193315175100405,train,False,400002,2
False,False,0.0,0.006296360865235329,0.054592673824654304,train,False,400002,3
True,True,0.04166668653488159,0.007022904232144356,0.0,train,True,400003,0
True,True,0.04166668653488159,0.0073726484552025795,0.04878657206023102,train,True,400003,1
False,False,0.04166668653488159,0.0073726484552025795,0.05136253001525861,train,True,400003,2
False,False,0.04166668653488159,0.0073726484552025795,0.05337733035878136,train,True,400003,3
False,False,0.04166668653488159,0.0073726484552025795,0.05517682178129544,train,True,400003,4
True,True,0.6666666269302368,0.07598147541284561,0.0,train,True,400004,0
True,True,0.6666666269302368,0.063506118953228,0.0012017088715139319,train,True,400004,1
True,True,0.6666666269302368,0.06872370839118958,0.023080006962348992,train,True,400004,2
True,True,0.6666666269302368,0.06872370839118958,0.04129288033636031,train,True,400004,3
False,False,0.6666666269302368,0.06872370839118958,0.05905891956845029,train,True,400004,4
False,False,0.6666666269302368,0.06872370839118958,0.05132471755554777,train,True,400004,5
True,True,0.7083333730697632,0.044521015137434006,0.0,train,True,400005,0
True,True,0.7083333730697632,0.044521015137434006,0.0024130477755102387,train,True,400005,1
True,True,0.7083333730697632,0.044521015137434006,0.025519104163174815,train,True,400005,2
True,True,0.125,0.023584401234984398,0.0,train,True,400006,0
True,True,0.125,0.023584401234984398,0.0017724252564988814,train,True,400006,1
True,True,0.2083333134651184,0.005217897705733776,0.0,train,True,400007,0
True,True,0.2083333134651184,0.005217897705733776,0.0003677052347216669,train,True,400007,1
True,True,0.2083333134651184,0.005217897705733776,0.001805670892038169,train,True,400007,2
True,True,0.2083333134651184,0.005217897705733776,0.0032526943419530384,train,True,400007,3
True,True,0.0,0.0038358918391168118,0.0,train,False,400008,0
True,True,0.0,0.0038358918391168118,0.0001326448341536843,train,False,400008,1
True,True,0.0,0.0038358918391168118,0.00047299545259609253,train,False,400008,2
True,True,0.0,0.0038358918391168118,0.001224297264672638,train,False,400008,3
True,True,0.0,0.0041689760982990265,0.0,train,False,400009,0
True,True,0.0,0.0041689760982990265,0.00038989984484087746,train,False,400009,1
True,True,0.0,0.0041689760982990265,0.0014088653181604672,train,False,400009,2
True,True,0.0,0.0041689760982990265,0.002534260332333655,train,False,400009,3
False,True,0.0,0.002901662141084671,0.0,train,False,400010,0
False,True,0.0,0.002901662141084671,0.0003602134615211635,train,False,400010,1
True,True,0.0,0.003199611324816942,0.0,train,False,400011,0
True,True,0.0,0.003199611324816942,0.0006397970763719296,train,False,400011,1
True,True,0.0,0.003199611324816942,0.004500175440096621,train,False,400011,2
True,True,0.0,0.003199611324816942,0.0050533915080917076,train,False,400011,3
True,True,0.125,0.0038912342861294746,0.0,train,True,400012,0
True,True,0.125,0.006236187182366848,0.0006936329133547275,train,True,400012,1
True,True,0.125,0.006236187182366848,0.001681208007818273,train,True,400012,2
True,True,0.125,0.006236187182366848,0.0024563707920437516,train,True,400012,3
True,True,0.125,0.006236187182366848,0.002854118725557531,train,True,400012,4
True,True,0.625,0.04132556915283203,0.0,train,True,400013,0
True,True,0.625,0.03838244825601578,0.0018019284908101533,train,True,400013,1
True,True,0.625,0.03838244825601578,0.018335398255822265,train,True,400013,2
True,True,0.625,0.03838244825601578,0.032272898724133796,train,True,400013,3
True,True,0.625,0.03838244825601578,0.041745810614287775,train,True,400013,4
False,True,0.0,0.002121526747941971,0.0,train,False,400014,0
False,True,0.0,0.002121526747941971,0.00025350444243448254,train,False,400014,1
False,True,0.0,0.002121526747941971,0.0007809692297268854,train,False,400014,2
False,True,0.0,0.002121526747941971,0.0011932969944305392,train,False,400014,3
True,True,0.8333333134651184,0.061904534697532654,0.0,train,True,400015,0
True,True,0.8333333134651184,0.061904534697532654,0.0018829603075014082,train,True,400015,1
True,True,0.8333333134651184,0.061904534697532654,0.021527006582344754,train,True,400015,2
True,True,0.8333333134651184,0.061904534697532654,0.03894389080834874,train,True,400015,3
True,True,1.0,0.007074260152876377,0.0,train,False,400016,0
True,True,1.0,0.007277628406882286,0.0010634753503548369,train,False,400016,1
True,True,1.0,0.007277628406882286,0.002233426438924483,train,False,400016,2
True,True,1.0,0.007277628406882286,0.003777395679759112,train,False,400016,3
True,True,1.0,0.007277628406882286,0.004396269861977712,train,False,400016,4
True,True,0.04166668653488159,0.006996199954301119,0.0,train,True,400017,0
True,True,0.04166668653488159,0.006996199954301119,0.0010722628997555726,train,True,400017,1
True,True,0.04166668653488159,0.006996199954301119,0.001981832126819449,train,True,400017,2
True,True,0.04166668653488159,0.006996199954301119,0.0038713147740106297,train,True,400017,3
True,True,0.8333333134651184,0.04832041263580322,0.0,train,True,400018,0
True,True,0.8333333134651184,0.04832041263580322,0.002007465619842096,train,True,400018,1
True,True,0.8333333134651184,0.04832041263580322,0.0077199778916347385,train,True,400018,2
True,True,0.8333333134651184,0.04832041263580322,0.041070148455705044,train,True,400018,3
True,True,0.04166668653488159,0.025426343083381653,0.0,train,True,400019,0
True,True,0.04166668653488159,0.025426343083381653,0.0021089103899491375,train,True,400019,1
True,True,1.0,0.0014280169270932674,0.0,train,False,400020,0
True,True,1.0,0.0014280169270932674,0.0006417669145297079,train,False,400020,1
True,True,1.0,0.0014280169270932674,0.0010392108809975718,train,False,400020,2
True,True,1.0,0.0014280169270932674,0.0015669556373460753,train,False,400020,3
True,True,0.6666666269302368,0.048207007348537445,0.0,train,True,400021,0
True,True,0.6666666269302368,0.048207007348537445,0.0017229416608125847,train,True,400021,1
True,True,0.6666666269302368,0.048207007348537445,0.018242328471401253,train,True,400021,2
True,True,0.6666666269302368,0.048207007348537445,0.033990931466508535,train,True,400021,3
True,True,0.2916666865348816,0.011751485988497734,0.0,train,True,400022,0
True,True,0.2916666865348816,0.011751485988497734,0.0017960648064966436,train,True,400022,1
True,True,0.2916666865348816,0.011751485988497734,0.006765898469073989,train,True,400022,2
True,True,0.7916666865348816,0.07876601815223694,0.0,train,True,400023,0
True,True,0.7916666865348816,0.07899057865142822,0.0024459065298781937,train,True,400023,1
True,True,0.7916666865348816,0.07017912715673447,0.026593238976530625,train,True,400023,2
True,True,0.7916666865348816,0.07017912715673447,0.046393387377070924,train,True,400023,3
False,False,0.7916666865348816,0.07017912715673447,0.06498983444097829,train,True,400023,4
False,False,0.7916666865348816,0.07017912715673447,0.0593703061513113,train,True,400023,5
True,True,0.75,0.06154593080282211,0.0,train,True,400024,0
True,True,0.75,0.06154593080282211,0.002356309155244547,train,True,400024,1
True,True,0.75,0.06154593080282211,0.024385586872619172,train,True,400024,2
True,True,0.75,0.06154593080282211,0.04302589359865901,train,True,400024,3
True,True,0.2916666865348816,0.03601585328578949,0.0,train,True,400025,0
True,True,0.2916666865348816,0.03601585328578949,0.0018058076990082406,train,True,400025,1
True,True,0.2916666865348816,0.03601585328578949,0.004920764523765107,train,True,400025,2
True,True,0.2916666865348816,0.03601585328578949,0.0423933647677384,train,True,400025,3
True,True,0.5,0.0484703928232193,0.0,train,True,400026,0
True,True,0.5,0.04787829518318176,0.0025912839680884395,train,True,400026,1
True,True,0.5,0.03972981870174408,0.004681975996105556,train,True,400026,2
True,True,0.5,0.0422934852540493,0.04385162712652287,train,True,400026,3
False,False,0.5,0.045352786779403687,0.06813795482017437,train,True,400026,4
False,False,0.5,0.045352786779403687,0.0931558708187398,train,True,400026,5
False,False,0.5,0.045352786779403687,0.0799475421449697,train,True,400026,6
False,False,0.5,0.045352786779403687,0.07632905678395444,train,True,400026,7
True,True,0.0,0.0056096091866493225,0.0,train,False,400027,0
True,True,0.0,0.00560574047267437,0.0004680474084761966,train,False,400027,1
True,True,0.0,0.004805448930710554,0.0012555350871328575,train,False,400027,2
True,True,0.0,0.004805448930710554,0.00233661941767115,train,False,400027,3
True,True,0.0,0.004805448930710554,0.0032508943899663407,train,False,400027,4
True,True,0.0,0.004805448930710554,0.005137854853123861,train,False,400027,5
True,True,0.125,0.003857456613332033,0.0,train,True,400028,0
True,True,0.125,0.003857456613332033,0.0002625827659378989,train,True,400028,1
True,True,0.125,0.003857456613332033,0.0009374832670091465,train,True,400028,2
True,True,0.625,0.06930652260780334,0.0,train,True,400029,0
True,True,0.625,0.07335184514522552,0.0006184208228554301,train,True,400029,1
True,True,0.625,0.07335184514522552,0.04714413034498504,train,True,400029,2
False,False,0.625,0.07335184514522552,0.07798657878539117,train,True,400029,3
False,False,0.625,0.07335184514522552,0.10898917691297441,train,True,400029,4
True,True,0.0,0.004147795494645834,0.0,train,False,400030,0
True,True,0.0,0.005205515772104263,0.001778631037381903,train,False,400030,1
True,True,0.0,0.005205515772104263,0.002836411794147852,train,False,400030,2
True,True,0.0,0.005205515772104263,0.0039158238383184656,train,False,400030,3
True,True,0.0,0.005205515772104263,0.0030189921755117413,train,False,400030,4
True,True,0.7916666865348816,0.08616125583648682,0.0,train,True,400031,0
True,True,0.7916666865348816,0.08616125583648682,0.0022378848793827453,train,True,400031,1
True,True,0.7916666865348816,0.08616125583648682,0.03201897439197728,train,True,400031,2
False,False,0.7916666865348816,0.08616125583648682,0.05406091568311375,train,True,400031,3
True,True,1.0,0.003780228551477194,0.0,train,False,400032,0
True,True,1.0,0.003780228551477194,0.00015049920503752552,train,False,400032,1
True,True,1.0,0.003780228551477194,0.0008434495612053269,train,False,400032,2
True,True,0.4583333134651184,0.021055787801742554,0.0,train,True,400033,0
True,True,0.4583333134651184,0.02065151557326317,0.00612289025046549,train,True,400033,1
True,True,0.4583333134651184,0.020778920501470566,0.015537187106955829,train,True,400033,2
True,True,0.4583333134651184,0.020778920501470566,0.020725937944347895,train,True,400033,3
True,True,0.4583333134651184,0.020778920501470566,0.021746859158244532,train,True,400033,4
True,True,0.4583333134651184,0.020778920501470566,0.017867924347848407,train,True,400033,5
True,True,0.2083333134651184,0.04281235858798027,0.0,train,True,400034,0
True,True,0.2083333134651184,0.04281235858798027,0.0007911825392492476,train,True,400034,1
True,True,0.2083333134651184,0.04281235858798027,0.04266671821951103,train,True,400034,2
False,False,0.2083333134651184,0.04281235858798027,0.05940861880699214,train,True,400034,3
True,True,1.0,0.004220427945256233,0.0,train,False,400035,0
True,True,1.0,0.0038252512458711863,0.0006201494877718622,train,False,400035,1
True,True,1.0,0.0038252512458711863,0.0013652383314283617,train,False,400035,2
True,True,1.0,0.0038252512458711863,0.0027537252436188185,train,False,400035,3
True,True,1.0,0.0038252512458711863,0.0032752366820911092,train,False,400035,4
True,True,1.0,0.009923167526721954,0.0,train,False,400036,0
True,True,1.0,0.009923167526721954,0.001865137269906018,train,False,400036,1
True,True,0.04166668653488159,0.003925833385437727,0.0,train,True,400037,0
True,True,0.04166668653488159,0.004138267133384943,0.0006853535984741109,train,True,400037,1
True,True,0.04166668653488159,0.004008087329566479,0.001423068953955445,train,True,400037,2
True,True,0.04166668653488159,0.004008087329566479,0.002407571164150299,train,True,400037,3
True,True,0.04166668653488159,0.004008087329566479,0.0026614489635204248,train,True,400037,4
True,True,0.04166668653488159,0.004008087329566479,0.004539363728960565,train,True,400037,5
True,True,0.125,0.006710860878229141,0.0,train,True,400038,0
True,True,0.125,0.010804196819663048,0.0003974690856376652,train,True,400038,1
True,True,0.125,0.010804196819663048,0.0010839224918472183,train,True,400038,2
True,True,0.125,0.010804196819663048,0.0025429377042682495,train,True,400038,3
True,True,0.125,0.010804196819663048,0.0038664263236378718,train,True,400038,4
True,True,0.9166666865348816,0.11937539279460907,0.0,train,True,400039,0
True,True,0.9166666865348816,0.11439716815948486,0.0013380601963356297,train,True,400039,1
True,True,0.9166666865348816,0.12723585963249207,0.041913491028616356,train,True,400039,2
False,False,0.9166666865348816,0.12723585963249207,0.07400471269765886,train,True,400039,3
False,False,0.9166666865348816,0.12723585963249207,0.10342671062103981,train,True,400039,4
False,False,0.9166666865348816,0.12723585963249207,0.09159863556504222,train,True,400039,5
True,True,0.7083333730697632,0.05320538207888603,0.0,train,True,400040,0
True,True,0.7083333730697632,0.05501176044344902,0.001216444484250137,train,True,400040,1
True,True,0.7083333730697632,0.05501176044344902,0.022058428361837457,train,True,400040,2
True,True,0.7083333730697632,0.05501176044344902,0.031925908854411926,train,True,400040,3
True,True,0.7083333730697632,0.05501176044344902,0.04537205446778351,train,True,400040,4
True,True,0.0,0.0052098119631409645,0.0,train,False,400041,0
True,True,0.0,0.0052098119631409645,0.000689452949421066,train,False,400041,1
True,True,0.0,0.0052098119631409645,0.002487578712337877,train,False,400041,2
True,True,0.0,0.0052098119631409645,0.003628905538380391,train,False,400041,3
True,True,0.9166666865348816,0.11413691192865372,0.0,train,True,400042,0
True,True,0.9166666865348816,0.11454607546329498,0.0014694397486949287,train,True,400042,1
True,True,0.9166666865348816,0.1188901960849762,0.039969039761506425,train,True,400042,2
False,False,0.9166666865348816,0.1188901960849762,0.07323853152370546,train,True,400042,3
False,False,0.9166666865348816,0.1188901960849762,0.10397679077565519,train,True,400042,4
False,False,0.9166666865348816,0.1188901960849762,0.10093976716867602,train,True,400042,5
True,True,0.5,0.015008173882961273,0.0,train,True,400043,0
True,True,0.5,0.015008173882961273,0.0018364132080048619,train,True,400043,1
True,True,0.04166668653488159,0.004335395991802216,0.0,train,True,400044,0
True,True,0.04166668653488159,0.007103316951543093,0.0006892642165638012,train,True,400044,1
True,True,0.04166668653488159,0.007103316951543093,0.0017184919571882763,train,True,400044,2
True,True,0.04166668653488159,0.007103316951543093,0.0027609135579443017,train,True,400044,3
True,True,0.04166668653488159,0.007103316951543093,0.0030824284709449366,train,True,400044,4
True,True,0.625,0.06094551831483841,0.0,train,True,400045,0
True,True,0.625,0.06094551831483841,0.0008903233113674916,train,True,400045,1
True,True,0.625,0.06094551831483841,0.0411327023860202,train,True,400045,2
False,False,0.625,0.06094551831483841,0.06508289887131834,train,True,400045,3
True,True,0.04166668653488159,0.002696481067687273,0.0,train,True,400046,0
True,True,0.0,0.006344459019601345,0.0,train,False,400047,0
True,True,1.0,0.003268937114626169,0.0,train,False,400048,0
True,True,1.0,0.00284471339546144,0.0003574673741689326,train,False,400048,1
True,True,1.0,0.0037703264970332384,0.0006531257299648102,train,False,400048,2
True,True,1.0,0.0037703264970332384,0.0010543037497102294,train,False,400048,3
True,True,1.0,0.0037703264970332384,0.0015004863614470594,train,False,400048,4
True,True,1.0,0.0037703264970332384,0.048638086281167094,train,False,400048,5
True,True,1.0,0.007361509371548891,0.0,train,False,400049,0
True,True,1.0,0.007811152376234531,0.0012773328283097267,train,False,400049,1
True,True,1.0,0.009894761256873608,0.0027327754030091306,train,False,400049,2
True,True,1.0,0.010884393006563187,0.004315009120660644,train,False,400049,3
True,True,1.0,0.010884393006563187,0.005007945008895863,train,False,400049,4
True,True,1.0,0.010884393006563187,0.005267001251882922,train,False,400049,5
False,False,1.0,0.010884393006563187,0.052087123371510904,train,False,400049,6
True,True,1.0,0.006057233549654484,0.0,train,False,400050,0
True,True,1.0,0.006057233549654484,0.0005661091937215182,train,False,400050,1
True,True,1.0,0.006057233549654484,0.005012497638255986,train,False,400050,2
True,True,1.0,0.006057233549654484,0.0061611771669743045,train,False,400050,3
True,True,0.04166668653488159,0.006303425878286362,0.0,train,True,400051,0
True,True,0.04166668653488159,0.006303425878286362,0.0011609512559779098,train,True,400051,1
True,True,0.04166668653488159,0.006303425878286362,0.002902171158007024,train,True,400051,2
True,True,0.125,0.010480844415724277,0.0,train,True,400052,0
True,True,0.125,0.010480844415724277,0.004515619500997153,train,True,400052,1
True,True,0.125,0.010480844415724277,0.012118756763524332,train,True,400052,2
True,True,0.625,0.0501682385802269,0.0,train,True,400053,0
True,True,0.625,0.05023489147424698,0.0017309767868149927,train,True,400053,1
True,True,0.625,0.05481358617544174,0.024534659303116997,train,True,400053,2
True,True,0.625,0.05481358617544174,0.044632106599928924,train,True,400053,3
False,False,0.625,0.05481358617544174,0.05625055932691778,train,True,400053,4
True,True,0.625,0.05481358617544174,0.04830577205316085,train,True,400053,5
True,True,1.0,0.004058632999658585,0.0,train,False,400054,0
True,True,1.0,0.005214175209403038,0.0006765686288154972,train,False,400054,1
True,True,1.0,0.005788094364106655,0.0015069290756797946,train,False,400054,2
True,True,1.0,0.005788094364106655,0.002817950454571321,train,False,400054,3
True,True,1.0,0.005788094364106655,0.0029840246813377337,train,False,400054,4
True,True,1.0,0.005788094364106655,0.003367346978207338,train,False,400054,5
True,True,0.04166668653488159,0.006620691157877445,0.0,train,True,400055,0
True,True,0.04166668653488159,0.006777388975024223,0.001012651424097475,train,True,400055,1
True,True,0.04166668653488159,0.00903581827878952,0.0022800207778840022,train,True,400055,2
True,True,0.04166668653488159,0.00903581827878952,0.004323683522491452,train,True,400055,3
True,True,0.04166668653488159,0.00903581827878952,0.004801897834516712,train,True,400055,4
True,True,0.04166668653488159,0.00903581827878952,0.005063967547657621,train,True,400055,5
True,True,1.0,0.002719552256166935,0.0,train,False,400056,0
True,True,1.0,0.003751305863261223,0.00043692808136059686,train,False,400056,1
True,True,1.0,0.004816248081624508,0.0010989847268652868,train,False,400056,2
True,True,1.0,0.005122808739542961,0.0019064577790026246,train,False,400056,3
False,False,1.0,0.005122808739542961,0.052316425521253776,train,False,400056,4
False,False,1.0,0.005122808739542961,0.09673391607887952,train,False,400056,5
False,False,1.0,0.005122808739542961,0.13571560239411445,train,False,400056,6
True,True,1.0,0.006015637889504433,0.0,train,False,400057,0
True,True,1.0,0.00650976225733757,0.0008502572841981067,train,False,400057,1
True,True,1.0,0.008901789784431458,0.002254210258498887,train,False,400057,2
False,False,1.0,0.008901789784431458,0.054625560269011074,train,False,400057,3
False,False,1.0,0.008901789784431458,0.09723799155369277,train,False,400057,4
False,False,1.0,0.008901789784431458,0.13878640730574418,train,False,400057,5
True,True,0.08333331346511841,0.00666589941829443,0.0,train,True,400058,0
True,True,0.08333331346511841,0.00666589941829443,0.0004954123807963351,train,True,400058,1
True,True,0.08333331346511841,0.00666589941829443,0.0010425271025382061,train,True,400058,2
True,True,0.08333331346511841,0.00666589941829443,0.002190575492385766,train,True,400058,3
True,True,0.04166668653488159,0.008630623109638691,0.0,train,True,400059,0
True,True,0.04166668653488159,0.010196740739047527,0.0005056275719241169,train,True,400059,1
True,True,0.04166668653488159,0.010196740739047527,0.0016696609187462216,train,True,400059,2
True,True,0.04166668653488159,0.010196740739047527,0.0040884529073732115,train,True,400059,3
True,True,0.04166668653488159,0.010196740739047527,0.00566201877414078,train,True,400059,4
True,True,0.75,0.08008304238319397,0.0,train,True,400060,0
True,True,0.75,0.08152203261852264,0.0012525136679073163,train,True,400060,1
True,True,0.75,0.08152203261852264,0.03363096106258753,train,True,400060,2
False,False,0.75,0.08152203261852264,0.05193674657585557,train,True,400060,3
False,False,0.75,0.08152203261852264,0.07327459611235808,train,True,400060,4
True,True,0.5416666269302368,0.04627634212374687,0.0,train,True,400061,0
True,True,0.5416666269302368,0.05804503709077835,0.004487513047215571,train,True,400061,1
True,True,0.5416666269302368,0.05484389513731003,0.022838076455873237,train,True,400061,2
True,True,0.5416666269302368,0.05484389513731003,0.046935041766774384,train,True,400061,3
False,False,0.5416666269302368,0.05484389513731003,0.061815194318390075,train,True,400061,4
False,False,0.5416666269302368,0.05484389513731003,0.06442088721235185,train,True,400061,5
True,True,1.0,0.0034229466691613197,0.0,train,False,400062,0
True,True,1.0,0.0043443045578897,0.00047047063094985986,train,False,400062,1
True,True,1.0,0.005145511124283075,0.0013887388036817592,train,False,400062,2
True,True,1.0,0.005145511124283075,0.0023763940444209396,train,False,400062,3
True,True,1.0,0.005145511124283075,0.0026652653826243454,train,False,400062,4
True,True,1.0,0.005145511124283075,0.002736091590232428,train,False,400062,5
True,True,0.8333333134651184,0.05771912634372711,0.0,train,True,400063,0
True,True,0.8333333134651184,0.05771912634372711,0.0018473512155729867,train,True,400063,1
True,True,0.8333333134651184,0.05771912634372711,0.0191292425760247,train,True,400063,2
True,True,0.8333333134651184,0.05771912634372711,0.03433654956693001,train,True,400063,3
True,True,0.04166668653488159,0.007426141761243343,0.0,train,True,400064,0
True,True,0.04166668653488159,0.008784376084804535,0.0015112112991514475,train,True,400064,1
True,True,0.04166668653488159,0.008272649720311165,0.0028711849889565106,train,True,400064,2
True,True,0.04166668653488159,0.008272649720311165,0.004613335189945024,train,True,400064,3
True,True,0.04166668653488159,0.008272649720311165,0.005257310726352817,train,True,400064,4
True,True,0.04166668653488159,0.008272649720311165,0.008007419463515037,train,True,400064,5
True,True,0.04166668653488159,0.004225572571158409,0.0,train,True,400065,0
True,True,0.04166668653488159,0.009793246164917946,0.000377930355271436,train,True,400065,1
True,True,0.04166668653488159,0.009120993316173553,0.000994336199280852,train,True,400065,2
True,True,0.04166668653488159,0.009120993316173553,0.0019842098224003187,train,True,400065,3
True,True,0.04166668653488159,0.009120993316173553,0.0026953378614913127,train,True,400065,4
True,True,0.04166668653488159,0.009120993316173553,0.00832791317246883,train,True,400065,5
False,True,0.0,0.0011881865793839097,0.0,train,False,400066,0
True,True,0.7083333730697632,0.03737708181142807,0.0,train,True,400067,0
True,True,0.7083333730697632,0.03737708181142807,0.002001601423395062,train,True,400067,1
True,True,0.7083333730697632,0.03737708181142807,0.024909472513373644,train,True,400067,2
True,True,0.875,0.0861392542719841,0.0,train,True,400068,0
True,True,0.875,0.08199425041675568,0.0051623234894341815,train,True,400068,1
True,True,0.875,0.08199425041675568,0.03527231329803297,train,True,400068,2
False,False,0.875,0.08199425041675568,0.05996815180471315,train,True,400068,3
False,False,0.875,0.08199425041675568,0.07694071251747174,train,True,400068,4
True,True,1.0,0.0061146970838308334,0.0,train,False,400069,0
True,True,1.0,0.00996980257332325,0.0009218586452249826,train,False,400069,1
True,True,1.0,0.010560188442468643,0.0023453831718761127,train,False,400069,2
True,True,1.0,0.010560188442468643,0.003716278167687253,train,False,400069,3
True,True,1.0,0.010560188442468643,0.004333210520896523,train,False,400069,4
True,True,1.0,0.010560188442468643,0.007581702185273443,train,False,400069,5
True,True,0.4166666865348816,0.013851972296833992,0.0,train,True,400070,0
True,True,0.4166666865348816,0.013851972296833992,0.0011554130559123812,train,True,400070,1
True,True,0.4166666865348816,0.013851972296833992,0.003148181133817264,train,True,400070,2
True,True,0.4166666865348816,0.013851972296833992,0.008441773754758443,train,True,400070,3
True,True,0.625,0.06140550971031189,0.0,train,True,400071,0
True,True,0.625,0.06140550971031189,0.0007602850447077855,train,True,400071,1
True,True,0.625,0.06140550971031189,0.03776020439206382,train,True,400071,2
False,False,0.625,0.06140550971031189,0.06114621369709187,train,True,400071,3
True,True,1.0,0.005840194411575794,0.0,train,False,400072,0
True,True,1.0,0.005840194411575794,0.001301433348135514,train,False,400072,1
True,True,1.0,0.005840194411575794,0.0022888293269606383,train,False,400072,2
True,True,1.0,0.005840194411575794,0.003364184758584078,train,False,400072,3
True,True,0.08333331346511841,0.004795716144144535,0.0,train,True,400073,0
True,True,0.08333331346511841,0.0055336058139801025,0.0008444871513612666,train,True,400073,1
True,True,0.08333331346511841,0.0055336058139801025,0.002205344241888836,train,True,400073,2
True,True,0.08333331346511841,0.0055336058139801025,0.003955897643977061,train,True,400073,3
True,True,0.08333331346511841,0.0055336058139801025,0.004020959088330749,train,True,400073,4
True,True,0.125,0.004229225218296051,0.0,train,True,400074,0
True,True,0.125,0.004229225218296051,0.0007162488447592265,train,True,400074,1
True,True,0.125,0.004229225218296051,0.0014956876660312882,train,True,400074,2
True,True,0.125,0.004229225218296051,0.0022136646531924066,train,True,400074,3
True,True,0.4166666865348816,0.009157707914710045,0.0,train,True,400075,0
True,True,0.4166666865348816,0.009157707914710045,0.001412781053895847,train,True,400075,1
True,True,0.4166666865348816,0.009157707914710045,0.004173752742093,train,True,400075,2
False,True,0.0,0.002509909449145198,0.0,train,False,400076,0
False,True,0.0,0.002509909449145198,0.00027456471840918987,train,False,400076,1
False,True,0.0,0.002509909449145198,0.0008809591057071352,train,False,400076,2
False,True,0.0,0.0027157727163285017,0.0,train,False,400077,0
True,True,0.0,0.003265399718657136,0.0006758187123790045,train,False,400077,1
True,True,0.0,0.003265399718657136,0.0013909848732838578,train,False,400077,2
True,True,0.0,0.003265399718657136,0.0020151024283775547,train,False,400077,3
True,True,0.0,0.003265399718657136,0.0019091929902442482,train,False,400077,4
True,True,0.0,0.004609523341059685,0.0,train,False,400078,0
True,True,0.0,0.004609523341059685,0.0006753451701798516,train,False,400078,1
True,True,0.0,0.004609523341059685,0.001181102327831614,train,False,400078,2
True,True,0.0,0.004609523341059685,0.002199104834043676,train,False,400078,3
True,True,0.875,0.11354890465736389,0.0,train,True,400079,0
True,True,0.875,0.11627629399299622,0.002997702118971086,train,True,400079,1
True,True,0.875,0.12030591815710068,0.04259025183920835,train,True,400079,2
False,False,0.875,0.12466850876808167,0.07209223777261203,train,True,400079,3
False,False,0.875,0.12195368111133575,0.09880386894311531,train,True,400079,4
False,False,0.875,0.12372386455535889,0.09102013390350203,train,True,400079,5
False,False,0.875,0.12488237023353577,0.08931002876699742,train,True,400079,6
False,False,0.875,0.12126230448484421,0.08932490307595055,train,True,400079,7
False,False,0.875,0.12126230448484421,0.0882899912919699,train,True,400079,8
False,False,0.875,0.12126230448484421,0.08953502828621113,train,True,400079,9
False,False,0.875,0.12126230448484421,0.09077852996495446,train,True,400079,10
True,True,0.875,0.07049167156219482,0.0,train,True,400080,0
True,True,0.875,0.07049167156219482,0.001538138334508393,train,True,400080,1
True,True,0.875,0.07049167156219482,0.02623982657137303,train,True,400080,2
True,True,0.875,0.07049167156219482,0.047307144930404305,train,True,400080,3
True,True,0.4583333134651184,0.017948787659406662,0.0,train,True,400081,0
True,True,0.4583333134651184,0.017948787659406662,0.0021808870604980895,train,True,400081,1
True,True,0.4583333134651184,0.017948787659406662,0.01745696498196314,train,True,400081,2
True,True,0.2083333134651184,0.003958192188292742,0.0,train,True,400082,0
True,True,0.2083333134651184,0.003958192188292742,0.0004118504314396604,train,True,400082,1
True,True,1.0,0.00287212198600173,0.0,train,False,400083,0
True,True,1.0,0.007169805467128754,0.0005368226763890535,train,False,400083,1
True,True,1.0,0.007693357765674591,0.0015386937025561357,train,False,400083,2
True,True,1.0,0.009425308555364609,0.0021443043466176067,train,False,400083,3
True,True,1.0,0.007463702000677586,0.0022828139496892364,train,False,400083,4
True,True,1.0,0.009578377939760685,0.007923849705720012,train,False,400083,5
True,True,1.0,0.009578377939760685,0.012682871132719657,train,False,400083,6
False,False,1.0,0.009578377939760685,0.0628971796300946,train,False,400083,7
False,False,1.0,0.009578377939760685,0.05857502698651508,train,False,400083,8
True,True,1.0,0.003831416368484497,0.0,train,False,400084,0
True,True,1.0,0.004024563357234001,0.0002881922441483316,train,False,400084,1
True,True,1.0,0.0035215397365391254,0.0007283580959018036,train,False,400084,2
True,True,1.0,0.0035215397365391254,0.0018716479305288412,train,False,400084,3
True,True,1.0,0.0035215397365391254,0.0025367397351880377,train,False,400084,4
False,False,1.0,0.0035215397365391254,0.05535313714610579,train,False,400084,5
True,True,0.2083333134651184,0.0038686166517436504,0.0,train,True,400085,0
True,True,0.2083333134651184,0.0038686166517436504,0.0008085316699132743,train,True,400085,1
True,True,0.2083333134651184,0.0038686166517436504,0.0015249946195766554,train,True,400085,2
True,True,0.2083333134651184,0.0038686166517436504,0.002534664515796576,train,True,400085,3
True,True,0.4166666865348816,0.029549213126301765,0.0,train,True,400086,0
True,True,0.4166666865348816,0.029549213126301765,0.0004377901176266778,train,True,400086,1
True,True,0.4166666865348816,0.029549213126301765,0.0040552821672555405,train,True,400086,2
True,True,0.7083333730697632,0.020164113491773605,0.0,train,True,400087,0
True,True,0.7083333730697632,0.020164113491773605,0.0033433432624667358,train,True,400087,1
False,True,0.0,0.0018311757594347,0.0,train,False,400088,0
False,True,0.0,0.0018311757594347,0.0005438070648506658,train,False,400088,1
False,True,0.0,0.0018311757594347,0.0010008656748332317,train,False,400088,2
False,True,0.0,0.0018311757594347,0.0016006492203069608,train,False,400088,3
True,True,1.0,0.004092221148312092,0.0,train,False,400089,0
True,True,1.0,0.004556572064757347,0.0005572368862414278,train,False,400089,1
True,True,1.0,0.003652994055300951,0.0015921753606846342,train,False,400089,2
True,True,1.0,0.003652994055300951,0.002839054124779889,train,False,400089,3
True,True,1.0,0.003652994055300951,0.0032385887938790898,train,False,400089,4
True,True,1.0,0.003652994055300951,0.0033620234892962047,train,False,400089,5
True,True,0.1666666865348816,0.031099539250135422,0.0,train,True,400090,0
True,True,0.1666666865348816,0.031099539250135422,0.0008803266285971437,train,True,400090,1
True,True,0.1666666865348816,0.031099539250135422,0.03340880067857296,train,True,400090,2
True,True,0.7916666865348816,0.08360084891319275,0.0,train,True,400091,0
True,True,0.7916666865348816,0.08371265977621078,0.0007643736831687189,train,True,400091,1
True,True,0.7916666865348816,0.08371265977621078,0.007449272870984252,train,True,400091,2
True,True,0.7916666865348816,0.08371265977621078,0.0430138815620467,train,True,400091,3
False,False,0.7916666865348816,0.08371265977621078,0.06705540604593341,train,True,400091,4
True,True,0.08333331346511841,0.005650651175528765,0.0,train,True,400092,0
True,True,0.08333331346511841,0.005650651175528765,0.0007771648526879305,train,True,400092,1
True,True,0.08333331346511841,0.005650651175528765,0.0014927252197964485,train,True,400092,2
True,True,0.0,0.005188726354390383,0.0,train,False,400093,0
True,True,0.0,0.003760309424251318,0.00043060524394484146,train,False,400093,1
True,True,0.0,0.003760309424251318,0.0006438591066163355,train,False,400093,2
True,True,0.0,0.003760309424251318,0.00131127279113774,train,False,400093,3
True,True,0.0,0.003760309424251318,0.002109486564828777,train,False,400093,4
True,True,0.0,0.005865027196705341,0.0,train,False,400094,0
True,True,0.0,0.005852741189301014,0.0008498196323620297,train,False,400094,1
True,True,0.0,0.005852741189301014,0.0020140699148359737,train,False,400094,2
True,True,0.0,0.005852741189301014,0.003685278500035239,train,False,400094,3
True,True,0.0,0.005852741189301014,0.004528025057735873,train,False,400094,4
True,True,0.875,0.03369230404496193,0.0,train,True,400095,0
True,True,0.875,0.03369230404496193,0.0030625065585481695,train,True,400095,1
True,True,0.875,0.03369230404496193,0.01613469438134196,train,True,400095,2
True,True,0.75,0.0378679595887661,0.0,train,True,400096,0
True,True,0.75,0.038636524230241776,0.003484818015182264,train,True,400096,1
True,True,0.75,0.04395753890275955,0.018049156115906448,train,True,400096,2
True,True,0.75,0.04395753890275955,0.03162173911762094,train,True,400096,3
True,True,0.75,0.04395753890275955,0.0414005050937131,train,True,400096,4
True,True,0.75,0.04395753890275955,0.03962549325466042,train,True,400096,5
True,True,0.125,0.017739014700055122,0.0,train,True,400097,0
True,True,0.125,0.017739014700055122,0.001419954624690757,train,True,400097,1
True,True,0.8333333134651184,0.10338008403778076,0.0,train,True,400098,0
True,True,0.8333333134651184,0.10278823971748352,0.0016834216880684991,train,True,400098,1
True,True,0.8333333134651184,0.09928173571825027,0.03437218291309197,train,True,400098,2
False,False,0.8333333134651184,0.10441455245018005,0.057491744407427624,train,True,400098,3
False,False,0.8333333134651184,0.10441455245018005,0.07899020016504252,train,True,400098,4
False,False,0.8333333134651184,0.10441455245018005,0.0690254598266546,train,True,400098,5
False,False,0.8333333134651184,0.10441455245018005,0.06711789247425873,train,True,400098,6
True,True,0.0,0.006644000299274921,0.0,train,False,400099,0
True,True,0.0,0.006644000299274921,0.0008334922795280647,train,False,400099,1
True,True,0.0,0.006644000299274921,0.0021071358161191627,train,False,400099,2
True,True,0.0,0.006644000299274921,0.0039706254503022115,train,False,400099,3
True,True,0.04166668653488159,0.0036164172925055027,0.0,train,True,400100,0
True,True,0.04166668653488159,0.00522925890982151,0.0005951491751340855,train,True,400100,1
True,True,0.04166668653488159,0.008359543979167938,0.00128862469216143,train,True,400100,2
True,True,0.04166668653488159,0.007895379327237606,0.002108769563050703,train,True,400100,3
True,True,0.04166668653488159,0.007895379327237606,0.002410274779584585,train,True,400100,4
True,True,0.04166668653488159,0.007895379327237606,0.0032041776787416383,train,True,400100,5
True,True,0.04166668653488159,0.007895379327237606,0.004849650923975794,train,True,400100,6
True,True,0.1666666865348816,0.01097659207880497,0.0,train,True,400101,0
True,True,0.1666666865348816,0.01097659207880497,0.0023823164782573623,train,True,400101,1
True,True,0.1666666865348816,0.01097659207880497,0.040552784687921666,train,True,400101,2
False,False,0.1666666865348816,0.01097659207880497,0.07712338497896222,train,True,400101,3
True,True,0.125,0.0028235316276550293,0.0,train,True,400102,0
True,True,0.125,0.0028235316276550293,0.0004951437198637806,train,True,400102,1
True,True,0.125,0.0028235316276550293,0.0012223551630413997,train,True,400102,2
True,True,0.0,0.005598032847046852,0.0,train,False,400103,0
True,True,0.0,0.005598032847046852,0.001544166157725382,train,False,400103,1
True,True,0.0,0.005598032847046852,0.004226345532415978,train,False,400103,2
True,True,0.0,0.005598032847046852,0.006334527858191456,train,False,400103,3
True,True,1.0,0.004134920425713062,0.0,train,False,400104,0
True,True,1.0,0.00592886283993721,0.0005804382507631796,train,False,400104,1
True,True,1.0,0.00592886283993721,0.0011226259460339306,train,False,400104,2
True,True,1.0,0.00592886283993721,0.0018166872453514035,train,False,400104,3
True,True,1.0,0.00592886283993721,0.04743882574132978,train,False,400104,4
True,True,0.7916666865348816,0.034498430788517,0.0,train,True,400105,0
True,True,0.7916666865348816,0.034498430788517,0.011025202119925307,train,True,400105,1
True,True,0.7916666865348816,0.034498430788517,0.030879167694807513,train,True,400105,2
True,True,0.25,0.004948131274431944,0.0,train,True,400106,0
True,True,0.25,0.004948131274431944,0.000428974282138276,train,True,400106,1
True,True,0.25,0.004948131274431944,0.0013666415219963945,train,True,400106,2
True,True,0.25,0.004948131274431944,0.0024139751338975216,train,True,400106,3
True,True,0.04166668653488159,0.002675609663128853,0.0,train,True,400107,0
True,True,0.04166668653488159,0.002675609663128853,0.00043245869428301084,train,True,400107,1
True,True,0.9166666865348816,0.07881085574626923,0.0,train,True,400108,0
True,True,0.9166666865348816,0.07785184681415558,0.0009550950417215502,train,True,400108,1
True,True,0.9166666865348816,0.0814032256603241,0.026693084068532373,train,True,400108,2
True,True,0.9166666865348816,0.0814032256603241,0.04546612476275043,train,True,400108,3
False,False,0.9166666865348816,0.0814032256603241,0.06377289785639542,train,True,400108,4
False,False,0.9166666865348816,0.0814032256603241,0.059424143997181704,train,True,400108,5
True,True,0.8333333134651184,0.055684059858322144,0.0,train,True,400109,0
True,True,0.8333333134651184,0.05522587150335312,0.0006385491862849027,train,True,400109,1
True,True,0.8333333134651184,0.05169527232646942,0.018894296906932163,train,True,400109,2
True,True,0.8333333134651184,0.05169527232646942,0.033871664828885886,train,True,400109,3
True,True,0.8333333134651184,0.05169527232646942,0.04864147073528253,train,True,400109,4
True,True,0.8333333134651184,0.05169527232646942,0.04596867226019434,train,True,400109,5
True,True,0.08333331346511841,0.004789566621184349,0.0,train,True,400110,0
True,True,0.875,0.10643187165260315,0.0,train,True,400111,0
True,True,0.875,0.10519494116306305,0.0022999551555442383,train,True,400111,1
True,True,0.875,0.11061233282089233,0.0407029154737659,train,True,400111,2
False,False,0.875,0.11061233282089233,0.06628192219338286,train,True,400111,3
False,False,0.875,0.11061233282089233,0.0916332334599473,train,True,400111,4
False,False,0.875,0.11061233282089233,0.08212885569920578,train,True,400111,5
True,True,0.875,0.08038365840911865,0.0,train,True,400112,0
True,True,0.875,0.07466167956590652,0.002081599845260966,train,True,400112,1
True,True,0.875,0.07466167956590652,0.031327159327020536,train,True,400112,2
False,False,0.875,0.07466167956590652,0.057221239025720246,train,True,400112,3
False,False,0.875,0.07466167956590652,0.07790951915715731,train,True,400112,4
False,True,0.0,0.0026853799354285,0.0,train,False,400113,0
False,True,0.0,0.0026853799354285,0.0004467502330826673,train,False,400113,1
False,True,0.0,0.0026853799354285,0.001060050172812091,train,False,400113,2
True,True,0.0,0.005144297145307064,0.0,train,False,400114,0
True,True,0.0,0.0060091810300946236,0.0008587112974928884,train,False,400114,1
True,True,0.0,0.0060091810300946236,0.001925958433565699,train,False,400114,2
True,True,0.0,0.0060091810300946236,0.003372243522927857,train,False,400114,3
True,True,0.0,0.0060091810300946236,0.003714730502578593,train,False,400114,4
True,True,0.5833333730697632,0.07344325631856918,0.0,train,True,400115,0
True,True,0.5833333730697632,0.05802126228809357,0.0012260047131646954,train,True,400115,1
True,True,0.5833333730697632,0.056449152529239655,0.03529013683960247,train,True,400115,2
False,False,0.5833333730697632,0.056449152529239655,0.05879471863878428,train,True,400115,3
False,False,0.5833333730697632,0.056449152529239655,0.0798595947961362,train,True,400115,4
False,False,0.5833333730697632,0.056449152529239655,0.06765342739350232,train,True,400115,5
True,True,1.0,0.005823223385959864,0.0,train,False,400116,0
True,True,1.0,0.008005412295460701,0.0002778978861206375,train,False,400116,1
True,True,1.0,0.00842855405062437,0.0008264564388799187,train,False,400116,2
True,True,1.0,0.00842855405062437,0.002075901979976934,train,False,400116,3
True,True,1.0,0.00842855405062437,0.003099996200210584,train,False,400116,4
True,True,1.0,0.00842855405062437,0.004341396968312181,train,False,400116,5
True,True,0.875,0.10099710524082184,0.0,train,True,400117,0
True,True,0.875,0.09982626140117645,0.0023825554920034815,train,True,400117,1
True,True,0.875,0.10458827018737793,0.03636131024601639,train,True,400117,2
False,False,0.875,0.10458827018737793,0.06372456196960549,train,True,400117,3
False,False,0.875,0.10458827018737793,0.0858918084210524,train,True,400117,4
False,False,0.875,0.10458827018737793,0.07779419489747026,train,True,400117,5
True,True,0.875,0.07703694701194763,0.0,train,True,400118,0
True,True,0.875,0.07643760740756989,0.0021322382515200663,train,True,400118,1
True,True,0.875,0.08226994425058365,0.029737856216099368,train,True,400118,2
False,False,0.875,0.08226994425058365,0.05158887578044668,train,True,400118,3
False,False,0.875,0.08226994425058365,0.07115471087279071,train,True,400118,4
False,False,0.875,0.08226994425058365,0.06619576416504609,train,True,400118,5
True,True,0.7916666865348816,0.09535923600196838,0.0,train,True,400119,0
True,True,0.7916666865348816,0.09604285657405853,0.0014139417609777113,train,True,400119,1
True,True,0.7916666865348816,0.10058541595935822,0.030470321976622368,train,True,400119,2
False,False,0.7916666865348816,0.10058541595935822,0.05417257854173203,train,True,400119,3
False,False,0.7916666865348816,0.10058541595935822,0.07682558655036952,train,True,400119,4
False,False,0.7916666865348816,0.10058541595935822,0.07450496310782724,train,True,400119,5
True,True,1.0,0.005991678684949875,0.0,train,False,400120,0
True,True,1.0,0.005991678684949875,0.001590539818990019,train,False,400120,1
False,False,1.0,0.005991678684949875,0.05061273504426358,train,False,400120,2
True,True,0.1666666865348816,0.035445764660835266,0.0,train,True,400121,0
True,True,0.1666666865348816,0.04584779590368271,0.0008735274814826888,train,True,400121,1
True,True,0.1666666865348816,0.04584779590368271,0.0021662425822300377,train,True,400121,2
True,True,0.1666666865348816,0.04584779590368271,0.03662941474795437,train,True,400121,3
False,False,0.1666666865348816,0.04584779590368271,0.052308854013958184,train,True,400121,4
True,True,0.875,0.13260102272033691,0.0,train,True,400122,0
True,True,0.875,0.13634726405143738,0.007476935598379748,train,True,400122,1
False,False,0.875,0.14759480953216553,0.06290483559133163,train,True,400122,2
False,False,0.875,0.14759480953216553,0.11032612575461148,train,True,400122,3
False,False,0.875,0.14759480953216553,0.1479715242329897,train,True,400122,4
False,False,0.875,0.14759480953216553,0.13726458369604763,train,True,400122,5
True,True,0.08333331346511841,0.0076619703322649,0.0,train,True,400123,0
True,True,0.08333331346511841,0.0074079884216189384,0.0007234754971632959,train,True,400123,1
True,True,0.08333331346511841,0.009328993037343025,0.009933623373300594,train,True,400123,2
True,True,0.08333331346511841,0.009328993037343025,0.012541653140913126,train,True,400123,3
True,True,0.08333331346511841,0.009328993037343025,0.01396963562029206,train,True,400123,4
True,True,0.08333331346511841,0.009328993037343025,0.0064915481141361985,train,True,400123,5
True,True,0.9166666865348816,0.08625292778015137,0.0,train,True,400124,0
True,True,0.9166666865348816,0.08625292778015137,0.0003689963426829142,train,True,400124,1
True,True,0.9166666865348816,0.08625292778015137,0.031255990131523186,train,True,400124,2
False,False,0.9166666865348816,0.08625292778015137,0.05688342453814562,train,True,400124,3
True,True,0.7083333730697632,0.06654450297355652,0.0,train,True,400125,0
True,True,0.7083333730697632,0.05533873662352562,0.001890013478804609,train,True,400125,1
True,True,0.7083333730697632,0.05997106432914734,0.022276201328668494,train,True,400125,2
True,True,0.7083333730697632,0.05997106432914734,0.040596081800399336,train,True,400125,3
False,False,0.7083333730697632,0.05997106432914734,0.0577964198571223,train,True,400125,4
True,True,0.7083333730697632,0.05997106432914734,0.048654979909264755,train,True,400125,5
True,True,0.0,0.0031673163175582886,0.0,train,False,400126,0
True,True,0.0,0.0031673163175582886,0.0008379799815240708,train,False,400126,1
True,True,0.0,0.0031673163175582886,0.00154888085625274,train,False,400126,2
True,True,0.4166666865348816,0.025634195655584335,0.0,train,True,400127,0
True,True,0.4166666865348816,0.02447524294257164,0.0017519573335554259,train,True,400127,1
True,True,0.4166666865348816,0.0283312126994133,0.014471856882351907,train,True,400127,2
True,True,0.4166666865348816,0.0283312126994133,0.021569888506262506,train,True,400127,3
True,True,0.4166666865348816,0.0283312126994133,0.026297272286631253,train,True,400127,4
True,True,0.4166666865348816,0.0283312126994133,0.020290769323953524,train,True,400127,5
True,True,0.2916666865348816,0.03971363976597786,0.0,train,True,400128,0
True,True,0.2916666865348816,0.03971363976597786,0.0013861680833996489,train,True,400128,1
True,True,0.2916666865348816,0.03971363976597786,0.042512258327433834,train,True,400128,2
False,False,0.2916666865348816,0.03971363976597786,0.06447333458962011,train,True,400128,3
True,True,0.04166668653488159,0.005539254285395145,0.0,train,True,400129,0
True,True,0.04166668653488159,0.006899284664541483,0.0004951685048791538,train,True,400129,1
True,True,0.04166668653488159,0.006899284664541483,0.0014538808221006717,train,True,400129,2
True,True,0.04166668653488159,0.006899284664541483,0.0034260666842998466,train,True,400129,3
True,True,0.04166668653488159,0.006899284664541483,0.004089403053011408,train,True,400129,4
True,True,0.1666666865348816,0.03174252808094025,0.0,train,True,400130,0
True,True,0.1666666865348816,0.03174252808094025,0.0005164969426570391,train,True,400130,1
True,True,0.1666666865348816,0.03174252808094025,0.031404207850808705,train,True,400130,2
True,True,0.7916666865348816,0.07701365649700165,0.0,train,True,400131,0
True,True,0.7916666865348816,0.07122422009706497,0.005268222149676559,train,True,400131,1
True,True,0.7916666865348816,0.06915278732776642,0.030105849127629165,train,True,400131,2
False,False,0.7916666865348816,0.06915278732776642,0.05111661703644451,train,True,400131,3
False,False,0.7916666865348816,0.06915278732776642,0.06589740332294204,train,True,400131,4
False,False,0.7916666865348816,0.06915278732776642,0.057939914641193996,train,True,400131,5
True,True,0.6666666269302368,0.049800753593444824,0.0,train,True,400132,0
True,True,0.6666666269302368,0.049800753593444824,0.001862252094073011,train,True,400132,1
True,True,0.6666666269302368,0.049800753593444824,0.0050409131466480975,train,True,400132,2
True,True,0.6666666269302368,0.049800753593444824,0.04142114187364981,train,True,400132,3
True,True,0.08333331346511841,0.002869337797164917,0.0,train,True,400133,0
True,True,0.08333331346511841,0.0035422807559370995,0.0003186346257578282,train,True,400133,1
True,True,0.08333331346511841,0.006223107688128948,0.0008041810162572393,train,True,400133,2
True,True,0.08333331346511841,0.006223107688128948,0.001401116902044276,train,True,400133,3
True,True,0.08333331346511841,0.006223107688128948,0.0016655880707131497,train,True,400133,4
True,True,0.08333331346511841,0.006223107688128948,0.0029975205991574867,train,True,400133,5
True,True,0.0,0.0037253452464938164,0.0,train,False,400134,0
True,True,0.0,0.003615394700318575,0.0005083044232708384,train,False,400134,1
True,True,0.0,0.003615394700318575,0.002359543510593099,train,False,400134,2
True,True,0.0,0.003615394700318575,0.002795708312804264,train,False,400134,3
True,True,0.0,0.003615394700318575,0.003470517776136475,train,False,400134,4
True,True,0.0,0.0034055740106850863,0.0,train,False,400135,0
True,True,0.0,0.0034055740106850863,0.0006886183333346723,train,False,400135,1
True,True,0.0,0.0034055740106850863,0.0012808527043433292,train,False,400135,2
True,True,0.4166666865348816,0.02636958658695221,0.0,train,True,400136,0
True,True,0.4166666865348816,0.024364229291677475,0.0031649554804317175,train,True,400136,1
True,True,0.4166666865348816,0.029677409678697586,0.017526231996583097,train,True,400136,2
True,True,0.4166666865348816,0.029677409678697586,0.025915868247043262,train,True,400136,3
True,True,0.4166666865348816,0.029677409678697586,0.030628320937872735,train,True,400136,4
True,True,0.4166666865348816,0.029677409678697586,0.02486825728674005,train,True,400136,5
True,True,0.875,0.12466281652450562,0.0,train,True,400137,0
True,True,0.875,0.13111166656017303,0.002364991589663634,train,True,400137,1
True,True,0.875,0.1193518191576004,0.046603757251010146,train,True,400137,2
False,False,0.875,0.1328299343585968,0.08312122699279263,train,True,400137,3
False,False,0.875,0.1328299343585968,0.1174449011528751,train,True,400137,4
False,False,0.875,0.1328299343585968,0.11227136977654179,train,True,400137,5
False,False,0.875,0.1328299343585968,0.10974466119697011,train,True,400137,6
True,True,1.0,0.00915423221886158,0.0,train,False,400138,0
True,True,1.0,0.00915423221886158,0.0007562673333305629,train,False,400138,1
True,True,1.0,0.00915423221886158,0.0020267116393044163,train,False,400138,2
True,True,1.0,0.00915423221886158,0.015032083582931476,train,False,400138,3
True,True,0.08333331346511841,0.009472418576478958,0.0,train,True,400139,0
True,True,0.08333331346511841,0.009606009349226952,0.0017774868696055267,train,True,400139,1
True,True,0.08333331346511841,0.009606009349226952,0.003011369972565965,train,True,400139,2
True,True,0.08333331346511841,0.009606009349226952,0.00471279952243766,train,True,400139,3
True,True,0.08333331346511841,0.009606009349226952,0.007015396733101036,train,True,400139,4
True,True,0.375,0.018247220665216446,0.0,train,True,400140,0
True,True,0.375,0.018247220665216446,0.001379962601782767,train,True,400140,1
True,True,0.375,0.018247220665216446,0.010345115697794957,train,True,400140,2
True,True,0.375,0.018247220665216446,0.0166454041546301,train,True,400140,3
False,True,0.0,0.0020920413080602884,0.0,train,False,400141,0
False,True,0.0,0.0023931723553687334,0.0005244810709795364,train,False,400141,1
True,True,0.0,0.0032479767687618732,0.0010980592941536925,train,False,400141,2
True,True,0.0,0.0032479767687618732,0.0019764750124249804,train,False,400141,3
True,True,0.0,0.0032479767687618732,0.0019058096456260388,train,False,400141,4
True,True,0.0,0.0032479767687618732,0.0018333406121680798,train,False,400141,5
True,True,0.5833333730697632,0.05097750946879387,0.0,train,True,400142,0
True,True,0.5833333730697632,0.05097750946879387,0.0012548209329482363,train,True,400142,1
True,True,0.5833333730697632,0.05097750946879387,0.049367806546945114,train,True,400142,2
True,True,0.6666666269302368,0.07319210469722748,0.0,train,True,400143,0
True,True,0.6666666269302368,0.07346490770578384,0.0013508174251954843,train,True,400143,1
True,True,0.6666666269302368,0.07346490770578384,0.002445900825292208,train,True,400143,2
True,True,0.6666666269302368,0.07346490770578384,0.031707308303550244,train,True,400143,3
False,False,0.6666666269302368,0.07346490770578384,0.05311381879975888,train,True,400143,4
True,True,1.0,0.004469988867640495,0.0,train,False,400144,0
True,True,1.0,0.0060160779394209385,0.0010146276741973925,train,False,400144,1
True,True,1.0,0.008589344099164009,0.0014349996627347798,train,False,400144,2
True,True,1.0,0.008589344099164009,0.0024709871280549837,train,False,400144,3
True,True,1.0,0.008589344099164009,0.0027516337387691156,train,False,400144,4
True,True,1.0,0.008589344099164009,0.011114607389692754,train,False,400144,5
True,True,0.2083333134651184,0.004931422416120768,0.0,train,True,400145,0
True,True,0.2083333134651184,0.004829464480280876,0.001053387722558492,train,True,400145,1
True,True,0.2083333134651184,0.0042677950114011765,0.0024748199576823436,train,True,400145,2
True,True,0.2083333134651184,0.005988011136651039,0.0034601781622589055,train,True,400145,3
True,True,0.2083333134651184,0.005988011136651039,0.0033655088841755072,train,True,400145,4
True,True,0.2083333134651184,0.005988011136651039,0.003044761361655714,train,True,400145,5
True,True,0.2083333134651184,0.005988011136651039,0.0029597124745161,train,True,400145,6
True,True,0.0,0.006728360429406166,0.0,train,False,400146,0
True,True,0.04166668653488159,0.0025813451502472162,0.0,train,True,400147,0
True,True,0.04166668653488159,0.006344339810311794,0.00044198869586009154,train,True,400147,1
True,True,0.04166668653488159,0.006344339810311794,0.001108910376689059,train,True,400147,2
True,True,0.04166668653488159,0.006344339810311794,0.002012414698495388,train,True,400147,3
True,True,0.04166668653488159,0.006344339810311794,0.002236262730499979,train,True,400147,4
True,True,0.08333331346511841,0.0060976226814091206,0.0,train,True,400148,0
True,True,0.08333331346511841,0.007166214287281036,0.0008102889412422533,train,True,400148,1
True,True,0.08333331346511841,0.010871099308133125,0.0015217821237417514,train,True,400148,2
True,True,0.08333331346511841,0.009344791993498802,0.0026558161166930997,train,True,400148,3
True,True,0.08333331346511841,0.009344791993498802,0.0031495786375913245,train,True,400148,4
True,True,0.08333331346511841,0.009344791993498802,0.004013775641457601,train,True,400148,5
True,True,0.08333331346511841,0.009344791993498802,0.009803886177168961,train,True,400148,6
True,True,1.0,0.004497946240007877,0.0,train,False,400149,0
True,True,1.0,0.006421942729502916,0.0005485100437286508,train,False,400149,1
True,True,1.0,0.006421942729502916,0.0015772674053283107,train,False,400149,2
True,True,1.0,0.006421942729502916,0.0023038608869146104,train,False,400149,3
True,True,1.0,0.006421942729502916,0.0029001445752430827,train,False,400149,4
True,True,0.75,0.046800095587968826,0.0,train,True,400150,0
True,True,0.75,0.04720647633075714,0.002815405602493025,train,True,400150,1
True,True,0.75,0.052480582147836685,0.019647412456324394,train,True,400150,2
True,True,0.75,0.052480582147836685,0.03426464521452145,train,True,400150,3
True,True,0.75,0.052480582147836685,0.04400926132854777,train,True,400150,4
True,True,0.75,0.052480582147836685,0.041530944042075135,train,True,400150,5
True,True,0.2083333134651184,0.002940055914223194,0.0,train,True,400151,0
True,True,0.2083333134651184,0.005220426246523857,0.0006366991888567803,train,True,400151,1
True,True,0.2083333134651184,0.005220426246523857,0.0010846482182263952,train,True,400151,2
True,True,0.2083333134651184,0.005220426246523857,0.0021729020308577044,train,True,400151,3
True,True,0.2083333134651184,0.005220426246523857,0.0034313457510450887,train,True,400151,4
True,True,0.75,0.10711447894573212,0.0,train,True,400152,0
True,True,0.75,0.10711447894573212,0.0017490536599627498,train,True,400152,1
False,False,0.75,0.10711447894573212,0.050836989332970525,train,True,400152,2
True,True,0.9166666865348816,0.08228708058595657,0.0,train,True,400153,0
True,True,0.9166666865348816,0.08174806833267212,0.0013933470128465269,train,True,400153,1
True,True,0.9166666865348816,0.08759279549121857,0.027624225237572863,train,True,400153,2
False,False,0.9166666865348816,0.09027103334665298,0.05166908019525693,train,True,400153,3
False,False,0.9166666865348816,0.09027103334665298,0.07177183261739031,train,True,400153,4
False,False,0.9166666865348816,0.09027103334665298,0.06726796644716465,train,True,400153,5
False,False,0.9166666865348816,0.09027103334665298,0.06504368438294673,train,True,400153,6
True,True,1.0,0.0040664225816726685,0.0,train,False,400154,0
True,True,1.0,0.0062926774844527245,0.0004971841236355042,train,False,400154,1
True,True,1.0,0.007624037563800812,0.001123204975585551,train,False,400154,2
True,True,1.0,0.006413355935364962,0.0020682834906082244,train,False,400154,3
True,True,1.0,0.006413355935364962,0.0024109810738976688,train,False,400154,4
True,True,1.0,0.006413355935364962,0.003163716860871395,train,False,400154,5
True,True,1.0,0.006413355935364962,0.00395412341538792,train,False,400154,6
True,True,0.8333333134651184,0.08056722581386566,0.0,train,True,400155,0
True,True,0.8333333134651184,0.08056722581386566,0.00340059036719334,train,True,400155,1
True,True,0.8333333134651184,0.08056722581386566,0.03665458043619654,train,True,400155,2
False,False,0.8333333134651184,0.08056722581386566,0.06265910016269682,train,True,400155,3
True,True,0.8333333134651184,0.04665021598339081,0.0,train,True,400156,0
True,True,0.8333333134651184,0.04665021598339081,0.0028811939158287976,train,True,400156,1
True,True,0.8333333134651184,0.04665021598339081,0.028458503387856503,train,True,400156,2
True,True,0.8333333134651184,0.04665021598339081,0.047690083524385814,train,True,400156,3
True,True,0.0,0.006444250233471394,0.0,train,False,400157,0
True,True,0.0,0.005605613347142935,0.001485724171969352,train,False,400157,1
True,True,0.0,0.005605613347142935,0.005780762773107377,train,False,400157,2
True,True,0.0,0.005605613347142935,0.007749247165800661,train,False,400157,3
True,True,0.0,0.005605613347142935,0.007779584452867917,train,False,400157,4
True,True,0.04166668653488159,0.006482189521193504,0.0,train,True,400158,0
True,True,0.04166668653488159,0.007643788121640682,0.0009087882443885508,train,True,400158,1
True,True,0.04166668653488159,0.007643788121640682,0.0017439169729324391,train,True,400158,2
True,True,0.04166668653488159,0.007643788121640682,0.002715410951384756,train,True,400158,3
True,True,0.04166668653488159,0.007643788121640682,0.0030120416921907258,train,True,400158,4
True,True,0.125,0.007398176938295364,0.0,train,True,400159,0
True,True,0.125,0.00858638808131218,0.003356565547187812,train,True,400159,1
True,True,0.125,0.01006193459033966,0.005060692849395616,train,True,400159,2
True,True,0.125,0.01006193459033966,0.007789494073940362,train,True,400159,3
True,True,0.125,0.01006193459033966,0.007036332132820876,train,True,400159,4
True,True,0.125,0.01006193459033966,0.015792419357263502,train,True,400159,5
True,True,0.04166668653488159,0.005909940227866173,0.0,train,True,400160,0
True,True,0.04166668653488159,0.0071386490017175674,0.0013161331289473098,train,True,400160,1
True,True,0.04166668653488159,0.006657189689576626,0.0024783632706574664,train,True,400160,2
True,True,0.04166668653488159,0.006657189689576626,0.0036925755419017193,train,True,400160,3
True,True,0.04166668653488159,0.006657189689576626,0.0037175652960662513,train,True,400160,4
True,True,0.04166668653488159,0.006657189689576626,0.004260294664913383,train,True,400160,5
True,True,0.4583333134651184,0.03284582495689392,0.0,train,True,400161,0
True,True,0.4583333134651184,0.03543805703520775,0.004048139667523595,train,True,400161,1
True,True,0.4583333134651184,0.03543805703520775,0.027461652923640282,train,True,400161,2
False,False,0.4583333134651184,0.03543805703520775,0.05456681758103088,train,True,400161,3
False,False,0.4583333134651184,0.03543805703520775,0.07843970056229084,train,True,400161,4
True,True,0.1666666865348816,0.010713580995798111,0.0,train,True,400162,0
True,True,0.1666666865348816,0.010693933814764023,0.001327849556944621,train,True,400162,1
True,True,0.1666666865348816,0.009751872159540653,0.00255029994353766,train,True,400162,2
True,True,0.1666666865348816,0.009751872159540653,0.004009817093172233,train,True,400162,3
True,True,0.1666666865348816,0.009751872159540653,0.008844780273414631,train,True,400162,4
True,True,0.1666666865348816,0.009751872159540653,0.012539510798184036,train,True,400162,5
True,True,0.0,0.0040617105551064014,0.0,train,False,400163,0
True,True,0.0,0.0040617105551064014,0.0006213684801297399,train,False,400163,1
True,True,1.0,0.007771475240588188,0.0,train,False,400164,0
True,True,1.0,0.0076184263452887535,0.0017669629445582727,train,False,400164,1
True,True,1.0,0.007746018469333649,0.004040667417493555,train,False,400164,2
True,True,1.0,0.007850662805140018,0.006411584614031242,train,False,400164,3
True,True,1.0,0.008987589739263058,0.006884100224774771,train,False,400164,4
False,False,1.0,0.008936935104429722,0.061045485050712264,train,False,400164,5
False,False,1.0,0.008936935104429722,0.10824559397634241,train,False,400164,6
False,False,1.0,0.008936935104429722,0.15074267871870337,train,False,400164,7
False,False,1.0,0.008936935104429722,0.15099248743267718,train,False,400164,8
True,True,0.5833333730697632,0.022824645042419434,0.0,train,True,400165,0
True,True,0.5833333730697632,0.02425634115934372,0.0044443700484523285,train,True,400165,1
True,True,0.5833333730697632,0.02763945609331131,0.015890202483348097,train,True,400165,2
True,True,0.5833333730697632,0.02763945609331131,0.02523676163640505,train,True,400165,3
True,True,0.5833333730697632,0.02763945609331131,0.028145639192354372,train,True,400165,4
True,True,0.5833333730697632,0.02763945609331131,0.02515727780567062,train,True,400165,5
True,True,0.4583333134651184,0.05672524496912956,0.0,train,True,400166,0
True,True,0.4583333134651184,0.06051098182797432,0.0005758745204109802,train,True,400166,1
True,True,0.4583333134651184,0.06051098182797432,0.035455140404081265,train,True,400166,2
True,True,0.4583333134651184,0.06051098182797432,0.049167536616936514,train,True,400166,3
False,False,0.4583333134651184,0.06051098182797432,0.07935891039196728,train,True,400166,4
True,True,0.1666666865348816,0.010488724336028099,0.0,train,True,400167,0
True,True,0.1666666865348816,0.0092018973082304,0.0019366768113262868,train,True,400167,1
True,True,0.1666666865348816,0.011103113181889057,0.006116738596869026,train,True,400167,2
True,True,0.1666666865348816,0.011103113181889057,0.012121573540009343,train,True,400167,3
True,True,0.1666666865348816,0.011103113181889057,0.017022925015764214,train,True,400167,4
True,True,0.1666666865348816,0.011103113181889057,0.01465588846084437,train,True,400167,5
True,True,0.125,0.004734140820801258,0.0,train,True,400168,0
True,True,0.125,0.004734140820801258,0.00044614208398465876,train,True,400168,1
True,True,0.125,0.004734140820801258,0.0010042195746844576,train,True,400168,2
False,True,0.0,0.0028062278870493174,0.0,train,False,400169,0
False,True,0.0,0.0028062278870493174,0.0003689132138140884,train,False,400169,1
False,True,0.0,0.0028062278870493174,0.0008227683243906014,train,False,400169,2
False,True,0.0,0.0028062278870493174,0.0016218796266525243,train,False,400169,3
True,True,0.375,0.006524812430143356,0.0,train,True,400170,0
True,True,0.375,0.006524812430143356,0.0006196828916949933,train,True,400170,1
True,True,0.0,0.003274312475696206,0.0,train,False,400171,0
True,True,0.0,0.0040865628980100155,0.00047156274925808046,train,False,400171,1
True,True,0.0,0.005626009777188301,0.0009794053798757028,train,False,400171,2
True,True,0.0,0.005626009777188301,0.0016175274264938198,train,False,400171,3
True,True,0.0,0.005626009777188301,0.001906142957666692,train,False,400171,4
True,True,0.0,0.005626009777188301,0.002392677026719033,train,False,400171,5
True,True,0.875,0.10229891538619995,0.0,train,True,400172,0
True,True,0.875,0.10317676514387131,0.0012131638179962154,train,True,400172,1
True,True,0.875,0.10317676514387131,0.04195204284510119,train,True,400172,2
False,False,0.875,0.10317676514387131,0.07492773069318355,train,True,400172,3
False,False,0.875,0.10317676514387131,0.10521063469689373,train,True,400172,4
True,True,1.0,0.0026538947131484747,0.0,train,False,400173,0
True,True,1.0,0.003098550718277693,0.0007124890987840178,train,False,400173,1
True,True,1.0,0.004472032655030489,0.001394380347398787,train,False,400173,2
True,True,1.0,0.004472032655030489,0.0022720484469871453,train,False,400173,3
True,True,1.0,0.004472032655030489,0.002189017052902617,train,False,400173,4
True,True,1.0,0.004472032655030489,0.0024632077514704503,train,False,400173,5
True,True,0.0,0.007423015311360359,0.0,train,False,400174,0
True,True,0.0,0.0072690462693572044,0.0011682948517039186,train,False,400174,1
True,True,0.0,0.0072690462693572044,0.0021659961600176115,train,False,400174,2
True,True,0.0,0.0072690462693572044,0.003828359707252969,train,False,400174,3
True,True,0.0,0.0072690462693572044,0.004817026477498622,train,False,400174,4
True,True,0.08333331346511841,0.003439459018409252,0.0,train,True,400175,0
True,True,0.08333331346511841,0.010570133104920387,0.0002665498076109271,train,True,400175,1
True,True,0.08333331346511841,0.010254662483930588,0.0006785991559726649,train,True,400175,2
True,True,0.08333331346511841,0.010254662483930588,0.0015603093891822222,train,True,400175,3
True,True,0.08333331346511841,0.010254662483930588,0.0022095610010205518,train,True,400175,4
True,True,0.08333331346511841,0.010254662483930588,0.010333186849944706,train,True,400175,5
False,True,0.0,0.0026457668282091618,0.0,train,False,400176,0
True,True,0.04166668653488159,0.004559237975627184,0.0,train,True,400177,0
True,True,0.04166668653488159,0.004559237975627184,0.0013359969718469773,train,True,400177,1
True,True,0.04166668653488159,0.004559237975627184,0.0024087513289564196,train,True,400177,2
True,True,1.0,0.004910373128950596,0.0,train,False,400178,0
True,True,1.0,0.004910373128950596,0.0007603106349658947,train,False,400178,1
True,True,1.0,0.004910373128950596,0.0025675272644269252,train,False,400178,2
True,True,1.0,0.002365353051573038,0.0,train,False,400179,0
True,True,1.0,0.0037632398307323456,0.000551564687905146,train,False,400179,1
True,True,1.0,0.0023092797491699457,0.0015054244280438822,train,False,400179,2
True,True,1.0,0.0023092797491699457,0.0021518474858510757,train,False,400179,3
True,True,1.0,0.0023092797491699457,0.002110030186381511,train,False,400179,4
True,True,1.0,0.0023092797491699457,0.0021665264252858393,train,False,400179,5
True,True,0.08333331346511841,0.004956718068569899,0.0,train,True,400180,0
True,True,0.08333331346511841,0.004956718068569899,0.000475220877812335,train,True,400180,1
True,True,0.08333331346511841,0.004956718068569899,0.001359639721889093,train,True,400180,2
True,True,0.08333331346511841,0.004956718068569899,0.0016964105850806532,train,True,400180,3
True,True,0.1666666865348816,0.007973616011440754,0.0,train,True,400181,0
True,True,0.1666666865348816,0.008104059845209122,0.0012040386260761481,train,True,400181,1
True,True,0.1666666865348816,0.010330362245440483,0.0036001291537947457,train,True,400181,2
True,True,0.1666666865348816,0.010330362245440483,0.00582320388821658,train,True,400181,3
True,True,0.1666666865348816,0.010330362245440483,0.006920471169157632,train,True,400181,4
True,True,0.1666666865348816,0.010330362245440483,0.007108161884016956,train,True,400181,5
True,True,0.1666666865348816,0.012621570378541946,0.0,train,True,400182,0
True,True,0.1666666865348816,0.012621570378541946,0.005260489508749812,train,True,400182,1
True,True,0.1666666865348816,0.012621570378541946,0.011416541159666055,train,True,400182,2
False,True,0.0,0.0019097349140793085,0.0,train,False,400183,0
False,True,0.0,0.0019097349140793085,0.0008275763381237415,train,False,400183,1
False,True,0.0,0.0019097349140793085,0.001559660612955336,train,False,400183,2
False,True,0.0,0.0019097349140793085,0.002070164159383192,train,False,400183,3
True,True,0.6666666269302368,0.018818151205778122,0.0,train,True,400184,0
True,True,0.6666666269302368,0.017300372943282127,0.0026681974324731313,train,True,400184,1
True,True,0.6666666269302368,0.017300372943282127,0.01323941582110968,train,True,400184,2
True,True,0.6666666269302368,0.017300372943282127,0.022358385115565885,train,True,400184,3
True,True,0.6666666269302368,0.017300372943282127,0.02831358155968645,train,True,400184,4
True,True,0.0,0.003953077830374241,0.0,train,False,400185,0
True,True,0.0,0.003953077830374241,0.0005253466456042115,train,False,400185,1
True,True,0.0,0.003953077830374241,0.001010049149990575,train,False,400185,2
True,True,0.0,0.003953077830374241,0.001866676985111096,train,False,400185,3
True,True,0.2083333134651184,0.005588826257735491,0.0,train,True,400186,0
True,True,0.2083333134651184,0.005588826257735491,0.0007609859409386722,train,True,400186,1
True,True,0.2083333134651184,0.005588826257735491,0.00141128121690945,train,True,400186,2
True,True,0.2083333134651184,0.005588826257735491,0.002268293755958272,train,True,400186,3
True,True,0.0,0.003266093088313937,0.0,train,False,400187,0
True,True,0.0,0.004666547290980816,0.0005346602601313597,train,False,400187,1
True,True,0.0,0.004666547290980816,0.0008875047026096916,train,False,400187,2
True,True,0.0,0.004666547290980816,0.0018978569203194203,train,False,400187,3
True,True,0.0,0.004666547290980816,0.002184573202946764,train,False,400187,4
True,True,0.0,0.003979598172008991,0.0,train,False,400188,0
True,True,0.0,0.003979598172008991,0.0003755662572351731,train,False,400188,1
True,True,0.0,0.003979598172008991,0.0010859535554073284,train,False,400188,2
True,True,0.0,0.003979598172008991,0.001862064569175946,train,False,400188,3
True,True,0.0,0.0031584876123815775,0.0,train,False,400189,0
True,True,0.0,0.003062625415623188,0.0002393771631868824,train,False,400189,1
True,True,0.0,0.0035056325141340494,0.0007920719505062018,train,False,400189,2
True,True,0.0,0.0035056325141340494,0.0013741617489964665,train,False,400189,3
True,True,0.0,0.0035056325141340494,0.0017528430920466715,train,False,400189,4
True,True,0.0,0.0035056325141340494,0.0018338601323465845,train,False,400189,5
True,True,0.5,0.015157626941800117,0.0,train,True,400190,0
True,True,0.5,0.015157626941800117,0.0005032708195848208,train,True,400190,1
True,True,0.5,0.015157626941800117,0.0018384062095976705,train,True,400190,2
True,True,0.5,0.015157626941800117,0.0036974302713075878,train,True,400190,3
True,True,0.5416666269302368,0.05745954439043999,0.0,train,True,400191,0
True,True,0.5416666269302368,0.06419405341148376,0.0011321117356762592,train,True,400191,1
True,True,0.5416666269302368,0.06772944331169128,0.039599836600279145,train,True,400191,2
False,False,0.5416666269302368,0.06772944331169128,0.06182156163899418,train,True,400191,3
False,False,0.5416666269302368,0.06772944331169128,0.08739439227191143,train,True,400191,4
False,False,0.5416666269302368,0.06772944331169128,0.07597378982616831,train,True,400191,5
True,True,0.375,0.03520587459206581,0.0,train,True,400192,0
True,True,0.375,0.03520587459206581,0.0006891198254921506,train,True,400192,1
True,True,0.375,0.03520587459206581,0.03668140250314528,train,True,400192,2
True,True,0.875,0.12812811136245728,0.0,train,True,400193,0
True,True,0.875,0.1309870481491089,0.0019698052489482676,train,True,400193,1
False,False,0.875,0.13166484236717224,0.05078266757754969,train,True,400193,2
False,False,0.875,0.11702747642993927,0.08325858061206101,train,True,400193,3
False,False,0.875,0.11702747642993927,0.11621876555644625,train,True,400193,4
False,False,0.875,0.11702747642993927,0.10422704828786747,train,True,400193,5
False,False,0.875,0.11702747642993927,0.1077009126171339,train,True,400193,6
True,True,0.375,0.004767426289618015,0.0,train,True,400194,0
True,True,0.375,0.007117017172276974,0.0010165009323968971,train,True,400194,1
True,True,0.375,0.007476620376110077,0.002021929439984381,train,True,400194,2
True,True,0.375,0.00878034345805645,0.003165451424819822,train,True,400194,3
True,True,0.375,0.00878034345805645,0.003212680854808452,train,True,400194,4
True,True,0.375,0.00878034345805645,0.004009570634472621,train,True,400194,5
True,True,0.375,0.00878034345805645,0.006792667654740408,train,True,400194,6
True,True,0.0,0.006764042656868696,0.0,train,False,400195,0
True,True,0.0,0.0061118109151721,0.00033566589758328376,train,False,400195,1
True,True,0.0,0.0061118109151721,0.0010205227083116396,train,False,400195,2
True,True,0.0,0.0061118109151721,0.0017669586518836132,train,False,400195,3
True,True,0.0,0.0061118109151721,0.003810083462968384,train,False,400195,4
True,True,0.9166666865348816,0.09725446254014969,0.0,train,True,400196,0
True,True,0.9166666865348816,0.09545020014047623,0.0011472195408080558,train,True,400196,1
True,True,0.9166666865348816,0.09777151793241501,0.031075133245103585,train,True,400196,2
False,False,0.9166666865348816,0.09984356164932251,0.05494817163933728,train,True,400196,3
False,False,0.9166666865348816,0.09984356164932251,0.07799960884861196,train,True,400196,4
False,False,0.9166666865348816,0.09984356164932251,0.06949877986252258,train,True,400196,5
False,False,0.9166666865348816,0.09984356164932251,0.06823695139030116,train,True,400196,6
True,True,1.0,0.006893331650644541,0.0,train,False,400197,0
True,True,1.0,0.006893331650644541,0.0014350401238229806,train,False,400197,1
True,True,1.0,0.006893331650644541,0.0033009515629008083,train,False,400197,2
True,True,0.08333331346511841,0.00687337014824152,0.0,train,True,400198,0
True,True,0.08333331346511841,0.00687337014824152,0.0002576194669180982,train,True,400198,1
True,True,0.08333331346511841,0.00687337014824152,0.0009400152546820815,train,True,400198,2
True,True,0.8333333134651184,0.1210760772228241,0.0,train,True,400199,0
True,True,0.8333333134651184,0.11779916286468506,0.0036065699438932986,train,True,400199,1
False,False,0.8333333134651184,0.132554829120636,0.05053049950040239,train,True,400199,2
False,False,0.8333333134651184,0.132554829120636,0.09033099224794996,train,True,400199,3
False,False,0.8333333134651184,0.132554829120636,0.12487173232670601,train,True,400199,4
False,False,0.8333333134651184,0.132554829120636,0.11421691200824247,train,True,400199,5
True,True,1.0,0.005091647617518902,0.0,train,False,400200,0
True,True,1.0,0.0049625057727098465,0.0007194263810917539,train,False,400200,1
True,True,1.0,0.0038333989214152098,0.0014044503067550261,train,False,400200,2
True,True,1.0,0.0038333989214152098,0.002475509035429599,train,False,400200,3
True,True,1.0,0.0038333989214152098,0.002909457055593209,train,False,400200,4
True,True,1.0,0.0038333989214152098,0.0033572103446862316,train,False,400200,5
True,True,0.0,0.003815264906734228,0.0,train,False,400201,0
True,True,0.0,0.003815264906734228,0.0005201553649732267,train,False,400201,1
True,True,0.0,0.003815264906734228,0.0010967332570936067,train,False,400201,2
True,True,0.9166666865348816,0.11427704989910126,0.0,train,True,400202,0
True,True,0.9166666865348816,0.11821991205215454,0.0016002513725577368,train,True,400202,1
True,True,0.9166666865348816,0.12557344138622284,0.043852818247676305,train,True,400202,2
False,False,0.9166666865348816,0.12557344138622284,0.07422253008442763,train,True,400202,3
False,False,0.9166666865348816,0.12557344138622284,0.1031993768364171,train,True,400202,4
False,False,0.9166666865348816,0.12557344138622284,0.09115764591752983,train,True,400202,5
True,True,0.0,0.0034597080666571856,0.0,train,False,400203,0
True,True,0.0,0.0034597080666571856,0.0004166303307215762,train,False,400203,1
True,True,0.0,0.0034597080666571856,0.0010231847383037986,train,False,400203,2
True,True,0.1666666865348816,0.011401815339922905,0.0,train,True,400204,0
True,True,0.1666666865348816,0.011401815339922905,0.0018712158343949013,train,True,400204,1
True,True,0.1666666865348816,0.011401815339922905,0.0072873380037956174,train,True,400204,2
True,True,0.8333333134651184,0.08964302390813828,0.0,train,True,400205,0
True,True,0.8333333134651184,0.08569935709238052,0.0016760513160656307,train,True,400205,1
True,True,0.8333333134651184,0.08569935709238052,0.02889329143054853,train,True,400205,2
False,False,0.8333333134651184,0.08569935709238052,0.05041349934208715,train,True,400205,3
False,False,0.8333333134651184,0.08569935709238052,0.06969803650309304,train,True,400205,4
True,True,0.7083333730697632,0.06442780047655106,0.0,train,True,400206,0
True,True,0.7083333730697632,0.06960480660200119,0.000837851954812341,train,True,400206,1
True,True,0.7083333730697632,0.07083571702241898,0.04346423856994427,train,True,400206,2
False,False,0.7083333730697632,0.07083571702241898,0.07089634356951932,train,True,400206,3
False,False,0.7083333730697632,0.07083571702241898,0.10021266750638921,train,True,400206,4
False,False,0.7083333730697632,0.07083571702241898,0.09011737529381779,train,True,400206,5
True,True,0.0,0.0031895998399704695,0.0,train,False,400207,0
True,True,0.0,0.0031895998399704695,0.0003995692880073733,train,False,400207,1
True,True,0.0,0.0031895998399704695,0.0013284569694129698,train,False,400207,2
True,True,0.0,0.0031895998399704695,0.0023862161097706015,train,False,400207,3
True,True,0.0,0.004774690605700016,0.0,train,True,400208,0
True,True,0.0,0.004774690605700016,0.001983233039432518,train,True,400208,1
True,True,0.75,0.053420498967170715,0.0,train,True,400209,0
True,True,0.75,0.05691998824477196,0.0007914953999626043,train,True,400209,1
True,True,0.75,0.05945444107055664,0.03314898591158914,train,True,400209,2
False,False,0.75,0.05945444107055664,0.0527854850481251,train,True,400209,3
False,False,0.75,0.05945444107055664,0.07913865715215411,train,True,400209,4
False,False,0.75,0.05945444107055664,0.07511105610784506,train,True,400209,5
True,True,0.7916666865348816,0.07531218975782394,0.0,train,True,400210,0
True,True,0.7916666865348816,0.07531218975782394,0.002847742072169668,train,True,400210,1
True,True,0.7916666865348816,0.07531218975782394,0.004839553602574436,train,True,400210,2
True,True,0.7916666865348816,0.07531218975782394,0.0420628059802707,train,True,400210,3
True,True,1.0,0.007204983849078417,0.0,train,False,400211,0
True,True,1.0,0.007204983849078417,0.0011875509483219217,train,False,400211,1
True,True,0.04166668653488159,0.006353634409606457,0.0,train,True,400212,0
True,True,0.04166668653488159,0.0065877437591552734,0.0009083630940739826,train,True,400212,1
True,True,0.04166668653488159,0.0065877437591552734,0.004773026333085035,train,True,400212,2
True,True,0.04166668653488159,0.0065877437591552734,0.006423624917726449,train,True,400212,3
True,True,0.04166668653488159,0.0065877437591552734,0.007377908585053026,train,True,400212,4
True,True,0.08333331346511841,0.0068098255433142185,0.0,train,True,400213,0
True,True,0.08333331346511841,0.006823538802564144,0.00047348805432217376,train,True,400213,1
True,True,0.08333331346511841,0.006823538802564144,0.0019412032470864057,train,True,400213,2
True,True,0.08333331346511841,0.006823538802564144,0.0035480136291438035,train,True,400213,3
True,True,0.08333331346511841,0.006823538802564144,0.0045744214996877456,train,True,400213,4
True,True,0.0,0.004756053909659386,0.0,train,False,400214,0
True,True,0.0,0.0040613277815282345,0.00027898467771727967,train,False,400214,1
True,True,0.0,0.0059050871059298515,0.0005386324245205608,train,False,400214,2
True,True,0.0,0.0059050871059298515,0.0013506938482724688,train,False,400214,3
True,True,0.0,0.0059050871059298515,0.0021922762033323457,train,False,400214,4
True,True,0.0,0.0059050871059298515,0.0027291232838994226,train,False,400214,5
True,True,1.0,0.002595379017293453,0.0,train,False,400215,0
True,True,1.0,0.002595379017293453,0.0006501863472046847,train,False,400215,1
True,True,0.2083333134651184,0.018643058836460114,0.0,train,True,400216,0
True,True,0.2083333134651184,0.018643058836460114,0.005040332704911447,train,True,400216,1
True,True,0.0,0.006502270698547363,0.0,train,False,400217,0
True,True,0.0,0.006045198999345303,0.001037714497346143,train,False,400217,1
True,True,0.0,0.004590875469148159,0.004005903382018646,train,False,400217,2
True,True,0.0,0.004590875469148159,0.007233383809317056,train,False,400217,3
True,True,0.0,0.004590875469148159,0.009171546192886515,train,False,400217,4
True,True,0.0,0.004590875469148159,0.009647154190961751,train,False,400217,5
True,True,0.0,0.007781041320413351,0.0,train,False,400218,0
True,True,0.0,0.007288126274943352,0.001055897090264872,train,False,400218,1
True,True,0.0,0.007288126274943352,0.0030165127117833396,train,False,400218,2
True,True,0.0,0.007288126274943352,0.005353835009080949,train,False,400218,3
True,True,0.0,0.007288126274943352,0.006154499723137437,train,False,400218,4
True,True,0.125,0.007936390116810799,0.0,train,True,400219,0
True,True,0.04166668653488159,0.004066829569637775,0.0,train,True,400220,0
True,True,0.04166668653488159,0.005376796238124371,0.0008072781675032175,train,True,400220,1
True,True,0.04166668653488159,0.005376796238124371,0.0018188106558713567,train,True,400220,2
True,True,0.04166668653488159,0.005376796238124371,0.0048660930541095495,train,True,400220,3
True,True,0.04166668653488159,0.005376796238124371,0.007183696717493946,train,True,400220,4
True,True,0.0,0.0056975483894348145,0.0,train,False,400221,0
True,True,0.0,0.0056975483894348145,0.0011415717710348621,train,False,400221,1
False,True,0.0,0.002323837485164404,0.0,train,False,400222,0
False,True,0.0,0.002323837485164404,0.000616102183893023,train,False,400222,1
False,True,0.0,0.002323837485164404,0.001472735322055172,train,False,400222,2
True,True,0.9166666865348816,0.10220620036125183,0.0,train,True,400223,0
True,True,0.9166666865348816,0.10456359386444092,0.00571009525055923,train,True,400223,1
True,True,0.9166666865348816,0.10456359386444092,0.041832946379765146,train,True,400223,2
False,False,0.9166666865348816,0.10456359386444092,0.06329816539945991,train,True,400223,3
False,False,0.9166666865348816,0.10456359386444092,0.08699996393178382,train,True,400223,4
True,True,0.04166668653488159,0.006019392516463995,0.0,train,True,400224,0
True,True,0.04166668653488159,0.006019392516463995,0.002147264367393704,train,True,400224,1
True,True,0.04166668653488159,0.006019392516463995,0.005052163336137843,train,True,400224,2
True,True,0.04166668653488159,0.006019392516463995,0.007363396686311475,train,True,400224,3
True,True,1.0,0.0052039166912436485,0.0,train,False,400225,0
True,True,1.0,0.007519160397350788,0.0004895376752930226,train,False,400225,1
True,True,1.0,0.007519160397350788,0.0015371877423414892,train,False,400225,2
True,True,1.0,0.007519160397350788,0.002639781257938256,train,False,400225,3
True,True,1.0,0.007519160397350788,0.0033854590115349596,train,False,400225,4
True,True,0.8333333134651184,0.052761539816856384,0.0,train,True,400226,0
True,True,0.8333333134651184,0.053915537893772125,0.0018167559649849001,train,True,400226,1
True,True,0.8333333134651184,0.05927194654941559,0.020356223847994393,train,True,400226,2
True,True,0.8333333134651184,0.05927194654941559,0.03644765346623524,train,True,400226,3
False,False,0.8333333134651184,0.05927194654941559,0.05072572073445251,train,True,400226,4
True,True,0.8333333134651184,0.05927194654941559,0.046676553734268676,train,True,400226,5
True,True,0.5,0.06809279322624207,0.0,train,True,400227,0
True,True,0.5,0.06809279322624207,0.022520117080601334,train,True,400227,1
False,False,0.5,0.06809279322624207,0.07950393564195632,train,True,400227,2
False,False,0.5,0.06809279322624207,0.11463874865549978,train,True,400227,3
True,True,0.5416666269302368,0.040030524134635925,0.0,train,False,400228,0
True,True,0.5416666269302368,0.040030524134635925,0.0008240138104151961,train,False,400228,1
True,True,0.5416666269302368,0.040030524134635925,0.03669155351163443,train,False,400228,2
True,True,0.2083333134651184,0.005733725614845753,0.0,train,True,400229,0
True,True,0.2083333134651184,0.010858079418540001,0.001123577704609755,train,True,400229,1
True,True,0.2083333134651184,0.010858079418540001,0.0020565117844612815,train,True,400229,2
True,True,0.2083333134651184,0.010858079418540001,0.003261432222803968,train,True,400229,3
True,True,0.2083333134651184,0.010858079418540001,0.003658576686425151,train,True,400229,4
True,True,1.0,0.11230021715164185,0.0,train,True,400230,0
True,True,1.0,0.1081857681274414,0.0018886585197266815,train,True,400230,1
True,True,1.0,0.11384646594524384,0.043704249639917016,train,True,400230,2
False,False,1.0,0.11384646594524384,0.07923646410365852,train,True,400230,3
False,False,1.0,0.11384646594524384,0.11129346622917935,train,True,400230,4
False,False,1.0,0.11384646594524384,0.10206436611118391,train,True,400230,5
False,True,0.0,0.0019298046827316284,0.0,train,False,400231,0
False,True,0.0,0.0019298046827316284,0.0005722672692468352,train,False,400231,1
True,True,1.0,0.0047943321987986565,0.0,train,False,400232,0
True,True,1.0,0.0047398824244737625,0.0006981469166827595,train,False,400232,1
True,True,1.0,0.004613119177520275,0.0014162138647532822,train,False,400232,2
True,True,1.0,0.004613119177520275,0.002415896317741062,train,False,400232,3
True,True,1.0,0.004613119177520275,0.002774012564323868,train,False,400232,4
True,True,1.0,0.004613119177520275,0.04766964579077852,train,False,400232,5
True,True,0.0,0.0030267410911619663,0.0,train,False,400233,0
True,True,0.0,0.00369182787835598,0.0006664788218778628,train,False,400233,1
True,True,0.0,0.00369182787835598,0.0009490829331230611,train,False,400233,2
True,True,0.0,0.00369182787835598,0.0015962020764942772,train,False,400233,3
True,True,0.0,0.00369182787835598,0.0016859140435600821,train,False,400233,4
True,True,0.0,0.014004133641719818,0.0,train,False,400234,0
True,True,0.0,0.005839918274432421,0.0004969186427215128,train,False,400234,1
True,True,0.0,0.005839918274432421,0.0013373540205685922,train,False,400234,2
True,True,0.0,0.005839918274432421,0.0038483483011109852,train,False,400234,3
True,True,0.0,0.005839918274432421,0.01197566428990592,train,False,400234,4
True,True,0.0,0.004652582574635744,0.0,train,False,400235,0
True,True,0.0,0.004652582574635744,0.0011516155413322916,train,False,400235,1
True,True,1.0,0.0033306689001619816,0.0,train,False,400236,0
True,True,1.0,0.0037170026917010546,0.0007532524718056402,train,False,400236,1
True,True,1.0,0.0032151280902326107,0.0015288894035342113,train,False,400236,2
True,True,1.0,0.0032151280902326107,0.0024764629892843485,train,False,400236,3
True,True,1.0,0.0032151280902326107,0.0024823685918635477,train,False,400236,4
True,True,1.0,0.0032151280902326107,0.002519511602198103,train,False,400236,5
True,True,0.6666666269302368,0.03399306535720825,0.0,train,True,400237,0
True,True,0.6666666269302368,0.035093676298856735,0.0019191431650517961,train,True,400237,1
True,True,0.6666666269302368,0.037696078419685364,0.014005276885725686,train,True,400237,2
True,True,0.6666666269302368,0.037696078419685364,0.025297349108748472,train,True,400237,3
True,True,0.6666666269302368,0.037696078419685364,0.03308775115198426,train,True,400237,4
True,True,0.6666666269302368,0.037696078419685364,0.030698273925588427,train,True,400237,5
True,True,0.25,0.00548393651843071,0.0,train,True,400238,0
True,True,0.25,0.00548393651843071,0.0006573894560558418,train,True,400238,1
True,True,0.25,0.00548393651843071,0.0015284887767423301,train,True,400238,2
True,True,0.25,0.00548393651843071,0.0025208869469589214,train,True,400238,3
True,True,0.9583333134651184,0.06533697992563248,0.0,train,True,400239,0
True,True,0.9583333134651184,0.06522413343191147,0.004620742560719068,train,True,400239,1
True,True,0.9583333134651184,0.06989122927188873,0.027002992905073527,train,True,400239,2
True,True,0.9583333134651184,0.06989122927188873,0.04474525043649033,train,True,400239,3
False,False,0.9583333134651184,0.06989122927188873,0.058058029646636804,train,True,400239,4
False,False,0.9583333134651184,0.06989122927188873,0.05458743857805774,train,True,400239,5
True,True,0.0,0.0066486685536801815,0.0,train,False,400240,0
True,True,0.0,0.0066486685536801815,0.0010953243887963104,train,False,400240,1
True,True,1.0,0.0054350001737475395,0.0,train,False,400241,0
True,True,1.0,0.005329112522304058,0.00035883793112412006,train,False,400241,1
True,True,1.0,0.005329112522304058,0.0013874520480004246,train,False,400241,2
True,True,1.0,0.005329112522304058,0.0024492789843353203,train,False,400241,3
True,True,1.0,0.005329112522304058,0.003204233031789384,train,False,400241,4
True,True,0.08333331346511841,0.0027261758223176003,0.0,train,True,400242,0
True,True,0.08333331346511841,0.004339192062616348,0.0004899760263028018,train,True,400242,1
True,True,0.08333331346511841,0.007653768174350262,0.0010291170655407737,train,True,400242,2
True,True,0.08333331346511841,0.007653768174350262,0.0021853837174008305,train,True,400242,3
True,True,0.08333331346511841,0.007653768174350262,0.0025199488837726464,train,True,400242,4
True,True,0.08333331346511841,0.007653768174350262,0.003556126690955847,train,True,400242,5
True,True,1.0,0.004801138304173946,0.0,train,False,400243,0
True,True,1.0,0.008567745797336102,0.0007168376185312131,train,False,400243,1
True,True,1.0,0.009465053677558899,0.0017318454751775356,train,False,400243,2
True,True,1.0,0.009465053677558899,0.0029255908475615874,train,False,400243,3
True,True,1.0,0.009465053677558899,0.0037353217666287095,train,False,400243,4
True,True,1.0,0.009465053677558899,0.009498050203096233,train,False,400243,5
True,True,0.08333331346511841,0.00594264455139637,0.0,train,True,400244,0
True,True,0.08333331346511841,0.00594264455139637,0.0004051615792293488,train,True,400244,1
True,True,0.08333331346511841,0.00594264455139637,0.0010174977089627076,train,True,400244,2
True,True,0.08333331346511841,0.00594264455139637,0.001891335169643515,train,True,400244,3
True,True,0.04166668653488159,0.0028002322651445866,0.0,train,True,400245,0
True,True,0.04166668653488159,0.0028002322651445866,0.0002214750130253415,train,True,400245,1
True,True,0.375,0.012216009199619293,0.0,train,True,400246,0
True,True,0.375,0.015894897282123566,0.0008421952466998938,train,True,400246,1
True,True,0.375,0.014566414058208466,0.0027937158797079653,train,True,400246,2
True,True,0.375,0.015472985804080963,0.011407506023585973,train,True,400246,3
True,True,0.375,0.015472985804080963,0.014003279431164892,train,True,400246,4
True,True,0.375,0.015472985804080963,0.01701105447252869,train,True,400246,5
True,True,0.375,0.015472985804080963,0.012592383896391364,train,True,400246,6
True,True,0.7916666865348816,0.08208765834569931,0.0,train,True,400247,0
True,True,0.7916666865348816,0.08208765834569931,0.002369529317951337,train,True,400247,1
True,True,0.7916666865348816,0.08208765834569931,0.031829012285267196,train,True,400247,2
False,False,0.7916666865348816,0.08208765834569931,0.054954240757479046,train,True,400247,3
True,True,1.0,0.003937717992812395,0.0,train,False,400248,0
True,True,1.0,0.003937717992812395,0.0008483878570965383,train,False,400248,1
True,True,1.0,0.003937717992812395,0.0017583416353943095,train,False,400248,2
True,True,0.04166668653488159,0.004439610056579113,0.0,train,True,400249,0
True,True,0.04166668653488159,0.00628418754786253,0.0006638697586629331,train,True,400249,1
True,True,0.04166668653488159,0.009706338867545128,0.0014156044931670085,train,True,400249,2
True,True,0.04166668653488159,0.009706338867545128,0.0024613908941544887,train,True,400249,3
True,True,0.04166668653488159,0.009706338867545128,0.0029291616265371637,train,True,400249,4
True,True,0.04166668653488159,0.009706338867545128,0.0037689239994510406,train,True,400249,5
True,True,0.08333331346511841,0.003106280229985714,0.0,train,True,400250,0
True,True,0.08333331346511841,0.004778727889060974,0.0006618050761156562,train,True,400250,1
True,True,0.08333331346511841,0.004778727889060974,0.0013651373167958354,train,True,400250,2
True,True,0.08333331346511841,0.004778727889060974,0.0022095036455984183,train,True,400250,3
True,True,0.08333331346511841,0.004778727889060974,0.002205178048518994,train,True,400250,4
True,True,0.08333331346511841,0.00705299386754632,0.0,train,True,400251,0
True,True,0.08333331346511841,0.007721005938947201,0.0012842157781674387,train,True,400251,1
True,True,0.08333331346511841,0.007721005938947201,0.00525922457984797,train,True,400251,2
True,True,0.08333331346511841,0.007721005938947201,0.009809490032108271,train,True,400251,3
True,True,0.08333331346511841,0.007721005938947201,0.013009514201158255,train,True,400251,4
True,True,0.125,0.007568141911178827,0.0,train,True,400252,0
True,True,0.125,0.008760005235671997,0.0011359222498176344,train,True,400252,1
True,True,0.125,0.008760005235671997,0.002378993824374293,train,True,400252,2
True,True,0.125,0.008760005235671997,0.00398715226431338,train,True,400252,3
True,True,0.125,0.008760005235671997,0.004850747482286404,train,True,400252,4
True,True,0.04166668653488159,0.0049666790291666985,0.0,train,True,400253,0
True,True,0.04166668653488159,0.005616883747279644,0.0005533221240703485,train,True,400253,1
True,True,0.04166668653488159,0.005600304808467627,0.0018570814456891308,train,True,400253,2
True,True,0.04166668653488159,0.005600304808467627,0.0031384028316834723,train,True,400253,3
True,True,0.04166668653488159,0.005600304808467627,0.003951209290679808,train,True,400253,4
True,True,0.04166668653488159,0.005600304808467627,0.005598017448039742,train,True,400253,5
True,True,0.0,0.0033760713413357735,0.0,train,False,400254,0
True,True,0.0,0.003498648526147008,0.001175631308188056,train,False,400254,1
True,True,0.0,0.003498648526147008,0.0022676054466965237,train,False,400254,2
True,True,0.0,0.003498648526147008,0.003367061266991758,train,False,400254,3
True,True,0.0,0.003498648526147008,0.003177524705888885,train,False,400254,4
False,True,0.0,0.002480304567143321,0.0,train,False,400255,0
False,True,0.0,0.002480304567143321,0.0004882971660779199,train,False,400255,1
True,True,0.04166668653488159,0.0041352128610014915,0.0,val,True,410000,0
True,True,0.04166668653488159,0.006300780922174454,0.00033613943051917625,val,True,410000,1
True,True,0.04166668653488159,0.01249357033520937,0.0009641618558833836,val,True,410000,2
True,True,0.04166668653488159,0.011277331970632076,0.001993124976251432,val,True,410000,3
True,True,0.04166668653488159,0.011277331970632076,0.003390502497347236,val,True,410000,4
True,True,0.04166668653488159,0.011277331970632076,0.006923957078254168,val,True,410000,5
True,True,0.04166668653488159,0.011277331970632076,0.01172978293855659,val,True,410000,6
True,True,0.875,0.07886908948421478,0.0,val,True,410001,0
True,True,0.875,0.08374090492725372,0.0020694032210756596,val,True,410001,1
True,True,0.875,0.08374090492725372,0.004338833319957981,val,True,410001,2
True,True,0.875,0.08374090492725372,0.0342312672492742,val,True,410001,3
False,False,0.875,0.08374090492725372,0.052576353621771564,val,True,410001,4
True,True,0.1666666865348816,0.009264521300792694,0.0,val,True,410002,0
True,True,1.0,0.010625984519720078,0.0,val,False,410003,0
True,True,1.0,0.01012884359806776,0.0014302256271916016,val,False,410003,1
False,False,1.0,0.01012884359806776,0.05263178389624951,val,False,410003,2
False,False,1.0,0.01012884359806776,0.05756671044132255,val,False,410003,3
False,False,1.0,0.01012884359806776,0.06161007676776083,val,False,410003,4
True,True,0.125,0.010471723973751068,0.0,val,True,410004,0
True,True,0.125,0.010188918560743332,0.0007517606602896187,val,True,410004,1
True,True,0.125,0.010188918560743332,0.0018705395000990317,val,True,410004,2
True,True,0.125,0.010188918560743332,0.004338504381854382,val,True,410004,3
True,True,0.125,0.010188918560743332,0.006551652942476365,val,True,410004,4
True,True,0.7916666865348816,0.03433626890182495,0.0,val,True,410005,0
True,True,0.7916666865348816,0.03433626890182495,0.004655483931311758,val,True,410005,1
True,True,0.7916666865348816,0.03433626890182495,0.022949180205602313,val,True,410005,2
True,True,0.625,0.0692218542098999,0.0,val,True,410006,0
True,True,0.625,0.0619383230805397,0.001255302181658643,val,True,410006,1
True,True,0.625,0.0573645755648613,0.029074487931118928,val,True,410006,2
False,False,0.625,0.0573645755648613,0.052476136350979134,val,True,410006,3
False,False,0.625,0.0573645755648613,0.07268173632529552,val,True,410006,4
False,False,0.625,0.0573645755648613,0.11420690866427893,val,True,410006,5
True,True,0.04166668653488159,0.007024116348475218,0.0,val,True,410007,0
True,True,0.04166668653488159,0.006502488628029823,0.001320693011931059,val,True,410007,1
True,True,0.04166668653488159,0.006502488628029823,0.003087464030033953,val,True,410007,2
True,True,0.04166668653488159,0.006502488628029823,0.006063442493881691,val,True,410007,3
True,True,0.04166668653488159,0.006502488628029823,0.006976502641436444,val,True,410007,4
True,True,1.0,0.0021021950524300337,0.0,val,False,410008,0
True,True,1.0,0.0021021950524300337,0.0004299869266484805,val,False,410008,1
True,True,1.0,0.0021021950524300337,0.0009660684114438458,val,False,410008,2
True,True,1.0,0.0021021950524300337,0.0017677181179810999,val,False,410008,3
True,True,0.0,0.007495088968425989,0.0,val,False,410009,0
True,True,0.0,0.007495088968425989,0.0012324333773061453,val,False,410009,1
True,True,0.0,0.007495088968425989,0.003379850927120008,val,False,410009,2
True,True,1.0,0.003598476992920041,0.0,val,False,410010,0
True,True,1.0,0.005522057879716158,0.0010612153621941788,val,False,410010,1
True,True,1.0,0.007986231707036495,0.001970260679436886,val,False,410010,2
True,True,1.0,0.007986231707036495,0.0025900676294272084,val,False,410010,3
True,True,1.0,0.007986231707036495,0.00273516767276895,val,False,410010,4
True,True,1.0,0.007986231707036495,0.0033644774111160607,val,False,410010,5
True,True,0.0,0.005400391295552254,0.0,val,False,410011,0
True,True,0.0,0.005706327967345715,0.0015169205246867708,val,False,410011,1
True,True,0.0,0.005706327967345715,0.003086986461271438,val,False,410011,2
True,True,0.0,0.005706327967345715,0.0040681116233469055,val,False,410011,3
True,True,0.0,0.005706327967345715,0.004058698342862889,val,False,410011,4
True,True,1.0,0.004648923873901367,0.0,val,False,410012,0
True,True,1.0,0.005007319152355194,0.0007458658736491076,val,False,410012,1
True,True,1.0,0.005007319152355194,0.0015717493401956135,val,False,410012,2
True,True,1.0,0.005007319152355194,0.002734976486852622,val,False,410012,3
True,True,1.0,0.005007319152355194,0.0030792811244559717,val,False,410012,4
True,True,0.125,0.005845533683896065,0.0,val,True,410013,0
True,True,0.125,0.005845533683896065,0.0008888849392414712,val,True,410013,1
True,True,0.125,0.005845533683896065,0.002201535266372844,val,True,410013,2
True,True,0.125,0.005845533683896065,0.0037789255591092626,val,True,410013,3
True,True,1.0,0.003786269575357437,0.0,val,False,410014,0
True,True,1.0,0.005312425550073385,0.00048529059711752484,val,False,410014,1
True,True,1.0,0.005037813447415829,0.0011677355980110981,val,False,410014,2
True,True,1.0,0.005777922458946705,0.001682678058267641,val,False,410014,3
True,True,1.0,0.005777922458946705,0.002054843329109708,val,False,410014,4
True,True,1.0,0.005777922458946705,0.0027030341462039548,val,False,410014,5
False,False,1.0,0.005777922458946705,0.050575824047602976,val,False,410014,6
True,True,0.1666666865348816,0.01836647093296051,0.0,val,True,410015,0
True,True,0.1666666865348816,0.01836647093296051,0.0038067913210701305,val,True,410015,1
True,True,0.1666666865348816,0.01836647093296051,0.023789776509129387,val,True,410015,2
True,True,0.625,0.014708527363836765,0.0,val,True,410016,0
True,True,0.625,0.014708527363836765,0.0009661909690953186,val,True,410016,1
True,True,0.625,0.014708527363836765,0.003164186821188921,val,True,410016,2
True,True,0.625,0.014708527363836765,0.004523110564657567,val,True,410016,3
True,True,1.0,0.0049527790397405624,0.0,val,False,410017,0
True,True,1.0,0.005070517770946026,0.001131786315129002,val,False,410017,1
True,True,1.0,0.005162944085896015,0.0020715402596316666,val,False,410017,2
True,True,1.0,0.005162944085896015,0.003341089186214894,val,False,410017,3
True,True,1.0,0.005162944085896015,0.0037247318550544402,val,False,410017,4
True,True,1.0,0.005162944085896015,0.003945530023886935,val,False,410017,5
True,True,0.5416666269302368,0.05628176033496857,0.0,val,True,410018,0
True,True,0.5416666269302368,0.05628176033496857,0.0009275888336670359,val,True,410018,1
True,True,0.5416666269302368,0.05628176033496857,0.033889440566456354,val,True,410018,2
False,False,0.5416666269302368,0.05628176033496857,0.0534462494901634,val,True,410018,3
True,True,0.5416666269302368,0.035435501486063004,0.0,val,True,410019,0
True,True,0.5416666269302368,0.03492588549852371,0.0031914651497237006,val,True,410019,1
True,True,0.5416666269302368,0.038573749363422394,0.01708449944481494,val,True,410019,2
True,True,0.5416666269302368,0.038573749363422394,0.02837799327252419,val,True,410019,3
True,True,0.5416666269302368,0.038573749363422394,0.03776055786606042,val,True,410019,4
True,True,0.5416666269302368,0.038573749363422394,0.03877111485102142,val,True,410019,5
True,True,0.04166668653488159,0.004079987294971943,0.0,val,True,410020,0
True,True,0.04166668653488159,0.006186546292155981,0.0009834861900266043,val,True,410020,1
True,True,0.04166668653488159,0.006186546292155981,0.0017476560446651386,val,True,410020,2
True,True,0.04166668653488159,0.006186546292155981,0.0028518665441108837,val,True,410020,3
True,True,0.04166668653488159,0.006186546292155981,0.0029680711708313548,val,True,410020,4
False,True,0.0,0.0010564714903011918,0.0,val,False,410021,0
False,True,0.0,0.0010564714903011918,0.0003889547132760501,val,False,410021,1
True,True,0.7916666865348816,0.06404907256364822,0.0,val,True,410022,0
True,True,0.7916666865348816,0.06404907256364822,0.00401960085494973,val,True,410022,1
True,True,0.7916666865348816,0.06404907256364822,0.0291518191754089,val,True,410022,2
False,False,0.7916666865348816,0.06404907256364822,0.05073446469601093,val,True,410022,3
True,True,1.0,0.005645488388836384,0.0,val,False,410023,0
True,True,1.0,0.006170045584440231,0.001137641931110561,val,False,410023,1
True,True,1.0,0.006170045584440231,0.0022657992987722394,val,False,410023,2
True,True,1.0,0.006170045584440231,0.003420373550635272,val,False,410023,3
True,True,1.0,0.006170045584440231,0.0036861067678035835,val,False,410023,4
True,True,0.9166666865348816,0.0914359986782074,0.0,val,True,410024,0
True,True,0.9166666865348816,0.08964526653289795,0.0017332092004254983,val,True,410024,1
True,True,0.9166666865348816,0.09451726078987122,0.028411767923293647,val,True,410024,2
True,True,0.9166666865348816,0.10336269438266754,0.04757914640592797,val,True,410024,3
False,False,0.9166666865348816,0.10336269438266754,0.06416452853109518,val,True,410024,4
False,False,0.9166666865348816,0.10336269438266754,0.05500498286201546,val,True,410024,5
False,False,0.9166666865348816,0.10336269438266754,0.054146732146117545,val,True,410024,6
True,True,0.8333333134651184,0.13064061105251312,0.0,val,True,410025,0
True,True,0.8333333134651184,0.1293812245130539,0.0029960731329433774,val,True,410025,1
False,False,0.8333333134651184,0.11744131147861481,0.051725216756195645,val,True,410025,2
False,False,0.8333333134651184,0.13516493141651154,0.0922274096736753,val,True,410025,3
False,False,0.8333333134651184,0.13516493141651154,0.1296348597059619,val,True,410025,4
False,False,0.8333333134651184,0.13516493141651154,0.119080903694451,val,True,410025,5
False,False,0.8333333134651184,0.13516493141651154,0.1155373825958942,val,True,410025,6
True,True,0.6666666269302368,0.07673448324203491,0.0,val,True,410026,0
True,True,0.6666666269302368,0.07397765666246414,0.003365279592067024,val,True,410026,1
True,True,0.6666666269302368,0.0714498981833458,0.03610602208381042,val,True,410026,2
False,False,0.6666666269302368,0.07806427031755447,0.06090388391301538,val,True,410026,3
False,False,0.6666666269302368,0.07806427031755447,0.08131379009941012,val,True,410026,4
False,False,0.6666666269302368,0.07806427031755447,0.06981251396030273,val,True,410026,5
False,False,0.6666666269302368,0.07806427031755447,0.06796517338944419,val,True,410026,6
False,True,0.0,0.002993191359564662,0.0,val,False,410027,0
False,True,0.0,0.002993191359564662,0.0009249957998528111,val,False,410027,1
False,True,0.0,0.002993191359564662,0.0016448602457775788,val,False,410027,2
True,True,0.04166668653488159,0.011866282671689987,0.0,val,True,410028,0
True,True,0.04166668653488159,0.008691377937793732,0.0011339689680815656,val,True,410028,1
True,True,0.04166668653488159,0.008691377937793732,0.0021733923379690058,val,True,410028,2
True,True,0.04166668653488159,0.008691377937793732,0.003350859617501267,val,True,410028,3
True,True,0.04166668653488159,0.008691377937793732,0.0065223253319038246,val,True,410028,4
True,True,0.04166668653488159,0.0039098127745091915,0.0,val,True,410029,0
True,True,0.04166668653488159,0.004235186148434877,0.0005326224102501343,val,True,410029,1
True,True,0.04166668653488159,0.0039311358705163,0.0012946520582148746,val,True,410029,2
True,True,0.04166668653488159,0.004227790981531143,0.0018454401011011776,val,True,410029,3
True,True,0.04166668653488159,0.006008530035614967,0.0023443287382089234,val,True,410029,4
True,True,0.04166668653488159,0.00751329492777586,0.0024123385326506363,val,True,410029,5
True,True,0.04166668653488159,0.00751329492777586,0.002764070145124474,val,True,410029,6
True,True,0.04166668653488159,0.00751329492777586,0.002954201732936587,val,True,410029,7
True,True,0.04166668653488159,0.00751329492777586,0.004148400554932061,val,True,410029,8
True,True,0.0,0.0041923243552446365,0.0,val,False,410030,0
True,True,0.0,0.0041923243552446365,0.000446697071288587,val,False,410030,1
True,True,0.04166668653488159,0.002297136001288891,0.0,val,True,410031,0
True,True,0.04166668653488159,0.0030790776945650578,0.0003170393085911518,val,True,410031,1
True,True,0.04166668653488159,0.0030790776945650578,0.0004532813504946926,val,True,410031,2
True,True,0.04166668653488159,0.0030790776945650578,0.001516845495062343,val,True,410031,3
True,True,0.04166668653488159,0.0030790776945650578,0.0017307722895182713,val,True,410031,4
True,True,0.9166666865348816,0.1131996363401413,0.0,val,True,410032,0
True,True,0.9166666865348816,0.11774210631847382,0.003952356846098614,val,True,410032,1
True,True,0.9166666865348816,0.11774210631847382,0.047220184894637585,val,True,410032,2
False,False,0.9166666865348816,0.11774210631847382,0.10064947231371123,val,True,410032,3
False,False,0.9166666865348816,0.11774210631847382,0.1409818880763377,val,True,410032,4
True,True,0.6666666269302368,0.025459986180067062,0.0,val,True,410033,0
True,True,0.6666666269302368,0.025459986180067062,0.003202169248220681,val,True,410033,1
True,True,0.6666666269302368,0.034974269568920135,0.0,val,True,410034,0
True,True,0.6666666269302368,0.034974269568920135,0.00345444606303048,val,True,410034,1
True,True,0.6666666269302368,0.034974269568920135,0.014096273550006554,val,True,410034,2
True,True,0.125,0.004134576302021742,0.0,val,True,410035,0
True,True,0.125,0.005115802865475416,0.0004929031733955674,val,True,410035,1
True,True,0.125,0.010106528177857399,0.0012207176103594475,val,True,410035,2
True,True,0.125,0.007902618497610092,0.0023936632395352778,val,True,410035,3
True,True,0.125,0.007902618497610092,0.00307513606034231,val,True,410035,4
True,True,0.125,0.007902618497610092,0.004020997355183777,val,True,410035,5
True,True,0.125,0.007902618497610092,0.005878407664282657,val,True,410035,6
True,True,0.125,0.00231878156773746,0.0,val,True,410036,0
True,True,0.125,0.00231878156773746,0.0005810278638712952,val,True,410036,1
True,True,0.125,0.00231878156773746,0.0007872517776746047,val,True,410036,2
True,True,1.0,0.006633037701249123,0.0,val,False,410037,0
True,True,1.0,0.0070407697930932045,0.00044030846407272007,val,False,410037,1
True,True,1.0,0.0070407697930932045,0.001914833971209065,val,False,410037,2
True,True,1.0,0.0070407697930932045,0.003916175923513753,val,False,410037,3
True,True,1.0,0.0070407697930932045,0.004968844028455094,val,False,410037,4
True,True,1.0,0.008556783199310303,0.0,val,False,410038,0
True,True,1.0,0.00599459744989872,0.0007776709471656473,val,False,410038,1
True,True,1.0,0.00599459744989872,0.0023089159192767484,val,False,410038,2
True,True,1.0,0.00599459744989872,0.01005738055542796,val,False,410038,3
True,True,1.0,0.00599459744989872,0.012713202288687492,val,False,410038,4
True,True,0.0,0.003304274519905448,0.0,val,False,410039,0
True,True,0.0,0.003304274519905448,0.00044367538038918227,val,False,410039,1
True,True,0.75,0.045489102602005005,0.0,val,True,410040,0
True,True,0.75,0.045489102602005005,0.0015096457842978782,val,True,410040,1
True,True,0.75,0.045489102602005005,0.02412743452337834,val,True,410040,2
True,True,0.04166668653488159,0.002321318257600069,0.0,val,True,410041,0
True,True,0.04166668653488159,0.002830220852047205,0.0010313886769977082,val,True,410041,1
True,True,0.04166668653488159,0.0038112460169941187,0.0016961818794062442,val,True,410041,2
True,True,0.04166668653488159,0.0038112460169941187,0.0022240495465364204,val,True,410041,3
True,True,0.04166668653488159,0.0038112460169941187,0.0016467510789176971,val,True,410041,4
True,True,0.04166668653488159,0.0038112460169941187,0.001737473643037211,val,True,410041,5
True,True,0.0,0.0031118157785385847,0.0,val,False,410042,0
True,True,0.8333333134651184,0.05410849303007126,0.0,val,True,410043,0
True,True,0.8333333134651184,0.05410849303007126,0.000923417847589876,val,True,410043,1
True,True,0.8333333134651184,0.05410849303007126,0.025378493448203282,val,True,410043,2
True,True,0.8333333134651184,0.05410849303007126,0.04307630588004796,val,True,410043,3
True,True,0.0,0.004387440159916878,0.0,val,False,410044,0
True,True,0.875,0.12257857620716095,0.0,val,True,410045,0
True,True,0.875,0.12372709810733795,0.0018578315948720688,val,True,410045,1
True,True,0.875,0.1139737218618393,0.04390322656471531,val,True,410045,2
False,False,0.875,0.12480051815509796,0.0798381891177106,val,True,410045,3
False,False,0.875,0.12480051815509796,0.11283150570718299,val,True,410045,4
False,False,0.875,0.12480051815509796,0.1076367488378559,val,True,410045,5
False,False,0.875,0.12480051815509796,0.10674023835506737,val,True,410045,6
True,True,0.04166668653488159,0.005688501521945,0.0,val,True,410046,0
True,True,0.04166668653488159,0.0074218809604644775,0.0008836652966657004,val,True,410046,1
True,True,0.04166668653488159,0.009628945961594582,0.0019516192622482116,val,True,410046,2
True,True,0.04166668653488159,0.010119099169969559,0.0034348733795944624,val,True,410046,3
True,True,0.04166668653488159,0.011136660352349281,0.0039954680193614285,val,True,410046,4
True,True,0.04166668653488159,0.011136660352349281,0.005038906548978042,val,True,410046,5
True,True,0.04166668653488159,0.011136660352349281,0.00733269345092459,val,True,410046,6
True,True,0.04166668653488159,0.011136660352349281,0.007878467551670595,val,True,410046,7
True,True,0.0,0.004936764948070049,0.0,val,False,410047,0
True,True,0.0,0.004936764948070049,0.0009504192152904884,val,False,410047,1
True,True,0.0,0.004936764948070049,0.004958532744240903,val,False,410047,2
True,True,0.0,0.004936764948070049,0.006098845213560779,val,False,410047,3
True,True,0.125,0.010268446058034897,0.0,val,True,410048,0
True,True,0.125,0.010268446058034897,0.0021937230183912914,val,True,410048,1
True,True,0.125,0.010268446058034897,0.011851965880817706,val,True,410048,2
True,True,0.7083333730697632,0.06637613475322723,0.0,val,True,410049,0
True,True,0.7083333730697632,0.069072425365448,0.0009450719195614128,val,True,410049,1
True,True,0.7083333730697632,0.069072425365448,0.041719679854040445,val,True,410049,2
False,False,0.7083333730697632,0.069072425365448,0.06531800267252645,val,True,410049,3
False,False,0.7083333730697632,0.069072425365448,0.093550723684894,val,True,410049,4
True,True,1.0,0.00341219175606966,0.0,val,False,410050,0
True,True,1.0,0.0034328983165323734,0.0004922510025186315,val,False,410050,1
True,True,1.0,0.007241528946906328,0.0012391660586947395,val,False,410050,2
True,True,1.0,0.008940836414694786,0.00229562572812817,val,False,410050,3
True,True,1.0,0.008940836414694786,0.002682285929881924,val,False,410050,4
True,True,1.0,0.008940836414694786,0.0029372918211078417,val,False,410050,5
True,True,1.0,0.008940836414694786,0.00576877868047242,val,False,410050,6
True,True,0.04166668653488159,0.0036110058426856995,0.0,val,True,410051,0
True,True,0.04166668653488159,0.007583290338516235,0.0002937768290165404,val,True,410051,1
True,True,0.04166668653488159,0.007768018636852503,0.0006038841589211021,val,True,410051,2
True,True,0.04166668653488159,0.007768018636852503,0.0014250345250090269,val,True,410051,3
True,True,0.04166668653488159,0.007768018636852503,0.0020179287175929794,val,True,410051,4
True,True,0.04166668653488159,0.007768018636852503,0.008753615779535033,val,True,410051,5
True,True,0.375,0.04803508520126343,0.0,val,True,410052,0
True,True,0.375,0.04803508520126343,0.0006453807221873095,val,True,410052,1
True,True,0.375,0.04803508520126343,0.0023199858397372815,val,True,410052,2
True,True,0.375,0.04803508520126343,0.04059756252922027,val,True,410052,3
True,True,0.0,0.0037957574240863323,0.0,val,False,410053,0
True,True,0.0,0.0037957574240863323,0.0012871357675329487,val,False,410053,1
True,True,1.0,0.004268556833267212,0.0,val,False,410054,0
True,True,1.0,0.006331408396363258,0.0004825899430862769,val,False,410054,1
True,True,1.0,0.0035083163529634476,0.0014121068396166139,val,False,410054,2
True,True,1.0,0.0035083163529634476,0.00247404553093768,val,False,410054,3
True,True,1.0,0.0035083163529634476,0.003021807476868113,val,False,410054,4
False,False,1.0,0.0035083163529634476,0.05611560043746285,val,False,410054,5
True,True,0.1666666865348816,0.020691469311714172,0.0,val,True,410055,0
True,True,0.1666666865348816,0.020691469311714172,0.0019212564813647904,val,True,410055,1
True,True,0.1666666865348816,0.020691469311714172,0.008518958287709055,val,True,410055,2
True,True,0.1666666865348816,0.020691469311714172,0.02565672416818466,val,True,410055,3
True,True,0.25,0.010751448571681976,0.0,val,True,410056,0
True,True,0.25,0.010751448571681976,0.0014635567534960249,val,True,410056,1
True,True,0.25,0.010751448571681976,0.003948518937700997,val,True,410056,2
True,True,0.25,0.010751448571681976,0.012547680046761637,val,True,410056,3
True,True,1.0,0.004395542200654745,0.0,val,False,410057,0
True,True,1.0,0.004395542200654745,0.0008796116578001152,val,False,410057,1
True,True,1.0,0.004395542200654745,0.0020239788628301143,val,False,410057,2
True,True,1.0,0.004395542200654745,0.0033682423988807965,val,False,410057,3
True,True,0.0,0.004000539891421795,0.0,val,False,410058,0
True,True,0.0,0.0042450567707419395,0.0004979539700997519,val,False,410058,1
True,True,0.0,0.0042450567707419395,0.00103105274844626,val,False,410058,2
True,True,0.0,0.0042450567707419395,0.0017570629801041567,val,False,410058,3
True,True,0.0,0.0042450567707419395,0.0020754899311142398,val,False,410058,4
True,True,0.25,0.006818388123065233,0.0,val,True,410059,0
True,True,0.25,0.01037457212805748,0.000677750486588854,val,True,410059,1
True,True,0.25,0.01037457212805748,0.002039173286345979,val,True,410059,2
True,True,0.25,0.01037457212805748,0.003268467748213206,val,True,410059,3
True,True,0.25,0.01037457212805748,0.00406283355936071,val,True,410059,4
True,True,0.0,0.004893891513347626,0.0,val,False,410060,0
True,True,0.0,0.004893891513347626,0.0012640563671774889,val,False,410060,1
True,True,0.04166668653488159,0.015220376662909985,0.0,val,True,410061,0
True,True,0.04166668653488159,0.015220376662909985,0.00484428280628055,val,True,410061,1
True,True,0.8333333134651184,0.05380940064787865,0.0,val,True,410062,0
True,True,0.8333333134651184,0.05597633123397827,0.003657420781737537,val,True,410062,1
True,True,0.8333333134651184,0.05597633123397827,0.02547586197301478,val,True,410062,2
True,True,0.8333333134651184,0.05597633123397827,0.042279580988669636,val,True,410062,3
False,False,0.8333333134651184,0.05597633123397827,0.054862527981524266,val,True,410062,4
True,True,0.0,0.004748123697936535,0.0,val,False,410063,0
True,True,0.0,0.004748123697936535,0.0007373714380200222,val,False,410063,1
True,True,0.0,0.004748123697936535,0.0017359305282240605,val,False,410063,2
True,True,0.0,0.004748123697936535,0.0034504834348097137,val,False,410063,3
True,True,0.5416666269302368,0.05042269825935364,0.0,test,True,420000,0
True,True,0.5416666269302368,0.05448116362094879,0.001407478163718635,test,True,420000,1
True,True,0.5416666269302368,0.05448116362094879,0.007034445671216833,test,True,420000,2
True,True,0.5416666269302368,0.05448116362094879,0.04359901905577112,test,True,420000,3
False,False,0.5416666269302368,0.05448116362094879,0.06707019085545511,test,True,420000,4
False,True,0.0,0.002655253978446126,0.0,test,False,420001,0
False,True,0.0,0.002655253978446126,0.0006710916621817834,test,False,420001,1
False,True,0.0,0.002655253978446126,0.0011999664897806984,test,False,420001,2
False,True,0.0,0.002655253978446126,0.04972110358472566,test,False,420001,3
True,True,1.0,0.004617446102201939,0.0,test,False,420002,0
True,True,1.0,0.009498498402535915,0.000595508417260239,test,False,420002,1
True,True,1.0,0.00834338366985321,0.001586190043222651,test,False,420002,2
True,True,1.0,0.009431376121938229,0.002423059534401629,test,False,420002,3
True,True,1.0,0.009050598368048668,0.0029635738197581023,test,False,420002,4
True,True,1.0,0.010919909924268723,0.009265042093516591,test,False,420002,5
False,False,1.0,0.010928366333246231,0.06402208506221808,test,False,420002,6
False,False,1.0,0.010928366333246231,0.11084164635954324,test,False,420002,7
False,False,1.0,0.010928366333246231,0.147953048990018,test,False,420002,8
False,False,1.0,0.010928366333246231,0.10903731056772861,test,False,420002,9
True,True,0.75,0.06297608464956284,0.0,test,True,420003,0
True,True,0.75,0.06297608464956284,0.0020184282425511047,test,True,420003,1
True,True,0.75,0.06297608464956284,0.038158555795606744,test,True,420003,2
False,False,0.75,0.06297608464956284,0.08972685405678017,test,True,420003,3
True,True,0.0,0.006698267534375191,0.0,test,False,420004,0
True,True,0.0,0.011358488351106644,0.0004199305871064932,test,False,420004,1
True,True,0.0,0.01372319646179676,0.0021054212844528043,test,False,420004,2
True,True,0.0,0.01372319646179676,0.009412298694016797,test,False,420004,3
True,True,0.0,0.01372319646179676,0.011953470135899001,test,False,420004,4
True,True,0.0,0.01372319646179676,0.015520358404602343,test,False,420004,5
True,True,0.7083333730697632,0.04642849415540695,0.0,test,True,420005,0
True,True,0.7083333730697632,0.04642849415540695,0.0017799050959742273,test,True,420005,1
True,True,0.7083333730697632,0.04642849415540695,0.04211809790264662,test,True,420005,2
False,False,0.7083333730697632,0.04642849415540695,0.09128987917261827,test,True,420005,3
True,True,0.2916666865348816,0.01208607479929924,0.0,test,True,420006,0
True,True,0.2916666865348816,0.014130420982837677,0.0016165772941388564,test,True,420006,1
True,True,0.2916666865348816,0.014130420982837677,0.0028841201419879054,test,True,420006,2
True,True,0.2916666865348816,0.014130420982837677,0.006090560011051571,test,True,420006,3
True,True,0.2916666865348816,0.014130420982837677,0.012007693683721008,test,True,420006,4
True,True,0.2083333134651184,0.0037283599376678467,0.0,test,True,420007,0
True,True,0.2083333134651184,0.0037283599376678467,0.0003379848772171181,test,True,420007,1
True,True,0.2083333134651184,0.0037283599376678467,0.0008983945597501835,test,True,420007,2
True,True,0.2083333134651184,0.0037283599376678467,0.001827603723714283,test,True,420007,3
True,True,0.04166668653488159,0.005365166813135147,0.0,test,True,420008,0
True,True,0.04166668653488159,0.005648881662636995,0.0006912977412278351,test,True,420008,1
True,True,0.04166668653488159,0.005648881662636995,0.001866740333134038,test,True,420008,2
False,False,0.04166668653488159,0.005648881662636995,0.05399149195070212,test,True,420008,3
False,False,0.04166668653488159,0.005648881662636995,0.05541026495906209,test,True,420008,4
True,True,0.0,0.0030807896982878447,0.0,test,False,420009,0
True,True,0.0,0.00464364979416132,0.0010706826441141978,test,False,420009,1
True,True,0.0,0.005390506237745285,0.0019298052610530305,test,False,420009,2
True,True,0.0,0.005390506237745285,0.0025581421310830895,test,False,420009,3
True,True,0.0,0.005390506237745285,0.002176264720044382,test,False,420009,4
True,True,0.0,0.005390506237745285,0.0022592927428587224,test,False,420009,5
True,True,0.9166666865348816,0.07538489252328873,0.0,test,True,420010,0
True,True,0.9166666865348816,0.06461493670940399,0.0040674596319819605,test,True,420010,1
True,True,0.9166666865348816,0.076654814183712,0.030064096543130074,test,True,420010,2
False,False,0.9166666865348816,0.076654814183712,0.052723224713459936,test,True,420010,3
False,False,0.9166666865348816,0.076654814183712,0.07081563874136042,test,True,420010,4
False,False,0.9166666865348816,0.076654814183712,0.06145412826876422,test,True,420010,5
True,True,0.0,0.006404617335647345,0.0,test,False,420011,0
True,True,0.0,0.006404617335647345,0.0016276012514909457,test,False,420011,1
True,True,0.0,0.006404617335647345,0.00322072900395497,test,False,420011,2
True,True,0.0,0.006404617335647345,0.004446351569237692,test,False,420011,3
True,True,0.125,0.003965869080275297,0.0,test,True,420012,0
True,True,0.125,0.005659672897309065,0.0009231587108363961,test,True,420012,1
True,True,0.125,0.006869127042591572,0.0016153270345900554,test,True,420012,2
True,True,0.125,0.006843130104243755,0.002447840451259904,test,True,420012,3
True,True,0.125,0.006843130104243755,0.0023318589631035835,test,True,420012,4
True,True,0.125,0.006843130104243755,0.003153968007807746,test,True,420012,5
True,True,0.125,0.006843130104243755,0.006292158542771324,test,True,420012,6
True,True,0.7083333730697632,0.021926017478108406,0.0,test,True,420013,0
True,True,0.7083333730697632,0.021926017478108406,0.0015392371609759961,test,True,420013,1
True,True,0.7083333730697632,0.021926017478108406,0.003994228699935053,test,True,420013,2
True,True,0.7083333730697632,0.021926017478108406,0.011099079478088292,test,True,420013,3
True,True,0.7916666865348816,0.05203152820467949,0.0,test,True,420014,0
True,True,0.7916666865348816,0.05203152820467949,0.0019477032464324548,test,True,420014,1
True,True,0.7916666865348816,0.05203152820467949,0.0370703415397792,test,True,420014,2
False,False,0.7916666865348816,0.05203152820467949,0.09138183051275123,test,True,420014,3
True,True,0.0,0.0034790094941854477,0.0,test,False,420015,0
True,True,0.0,0.0034790094941854477,0.0007196725666516257,test,False,420015,1
True,True,0.4583333134651184,0.026438847184181213,0.0,test,True,420016,0
True,True,0.4583333134651184,0.027491366490721703,0.0018894072208541157,test,True,420016,1
True,True,0.4583333134651184,0.027491366490721703,0.01371023834681915,test,True,420016,2
True,True,0.4583333134651184,0.027491366490721703,0.021042967829166453,test,True,420016,3
True,True,0.4583333134651184,0.027491366490721703,0.026612034749162735,test,True,420016,4
True,True,0.0,0.004426021594554186,0.0,test,False,420017,0
True,True,0.0,0.004588013980537653,0.0006845183767645157,test,False,420017,1
True,True,0.0,0.004588013980537653,0.0012077589057442153,test,False,420017,2
True,True,0.0,0.004588013980537653,0.0027560657082740443,test,False,420017,3
True,True,0.0,0.004588013980537653,0.003252459709240468,test,False,420017,4
True,True,1.0,0.0047780731692910194,0.0,test,False,420018,0
True,True,1.0,0.0047780731692910194,0.0017280066120713997,test,False,420018,1
True,True,0.8333333134651184,0.0987105742096901,0.0,test,True,420019,0
True,True,0.8333333134651184,0.0987105742096901,0.002892014414528624,test,True,420019,1
True,True,0.8333333134651184,0.0987105742096901,0.039107217794693894,test,True,420019,2
False,False,0.8333333134651184,0.0987105742096901,0.06408792504546194,test,True,420019,3
True,True,0.0,0.0037231645546853542,0.0,test,False,420020,0
True,True,0.0,0.0034673353657126427,0.0008780197486442439,test,False,420020,1
True,True,0.0,0.0034673353657126427,0.0016872362995738726,test,False,420020,2
True,True,0.0,0.0034673353657126427,0.002524367362849781,test,False,420020,3
True,True,0.0,0.0034673353657126427,0.00273672473695635,test,False,420020,4
True,True,0.375,0.0202401764690876,0.0,test,True,420021,0
True,True,0.375,0.01883949339389801,0.00536355383045321,test,True,420021,1
True,True,0.375,0.01883949339389801,0.023236397104085284,test,True,420021,2
True,True,0.375,0.01883949339389801,0.03235639696178304,test,True,420021,3
True,True,0.375,0.01883949339389801,0.03657228207644379,test,True,420021,4
True,True,0.04166668653488159,0.004296539817005396,0.0,test,True,420022,0
True,True,0.04166668653488159,0.005633378401398659,0.001016078659985468,test,True,420022,1
True,True,0.04166668653488159,0.006907466799020767,0.0015983874543653571,test,True,420022,2
True,True,0.04166668653488159,0.006907466799020767,0.0022251272408449797,test,True,420022,3
True,True,0.04166668653488159,0.006907466799020767,0.0023252330691432323,test,True,420022,4
True,True,0.04166668653488159,0.006907466799020767,0.002966524880112796,test,True,420022,5
True,True,0.0,0.003883776953443885,0.0,test,False,420023,0
True,True,0.0,0.003883776953443885,0.0015599963297354268,test,False,420023,1
True,True,0.0,0.003883776953443885,0.002509707017269575,test,False,420023,2
True,True,0.8333333134651184,0.07741904258728027,0.0,test,True,420024,0
True,True,0.8333333134651184,0.07667817920446396,0.002270397788389048,test,True,420024,1
True,True,0.8333333134651184,0.07667817920446396,0.030215248506546156,test,True,420024,2
False,False,0.8333333134651184,0.07667817920446396,0.051902130024781015,test,True,420024,3
False,False,0.8333333134651184,0.07667817920446396,0.07154348106480503,test,True,420024,4
True,True,0.875,0.08625098317861557,0.0,test,True,420025,0
True,True,0.875,0.08902569115161896,0.003658078829843014,test,True,420025,1
True,True,0.875,0.08671006560325623,0.03659626292479647,test,True,420025,2
False,False,0.875,0.08671006560325623,0.05819113371200522,test,True,420025,3
False,False,0.875,0.08671006560325623,0.07683648696118106,test,True,420025,4
False,False,0.875,0.08671006560325623,0.06544147801636092,test,True,420025,5
True,True,0.125,0.016684165224432945,0.0,test,True,420026,0
True,True,0.125,0.016684165224432945,0.004220685009175181,test,True,420026,1
True,True,0.125,0.016684165224432945,0.02030430159008585,test,True,420026,2
True,True,0.125,0.016684165224432945,0.036475156437651195,test,True,420026,3
True,True,0.75,0.10760857164859772,0.0,test,True,420027,0
True,True,0.75,0.10760857164859772,0.001513465569424941,test,True,420027,1
True,True,0.75,0.10760857164859772,0.04924572742954705,test,True,420027,2
True,True,0.08333331346511841,0.006413592025637627,0.0,test,True,420028,0
True,True,0.08333331346511841,0.004727253690361977,0.0005247914692763024,test,True,420028,1
True,True,0.08333331346511841,0.004959852434694767,0.0013349617710821783,test,True,420028,2
True,True,0.08333331346511841,0.005220683291554451,0.00419848373447823,test,True,420028,3
True,True,0.08333331346511841,0.005220683291554451,0.00620824404527779,test,True,420028,4
True,True,0.08333331346511841,0.005220683291554451,0.010329630248751396,test,True,420028,5
True,True,0.08333331346511841,0.005220683291554451,0.012199234880928726,test,True,420028,6
True,True,0.04166668653488159,0.006407102569937706,0.0,test,True,420029,0
True,True,0.04166668653488159,0.006407102569937706,0.0023637547742137565,test,True,420029,1
True,True,0.625,0.08674699068069458,0.0,test,True,420030,0
True,True,0.625,0.073858842253685,0.0017204635067811392,test,True,420030,1
True,True,0.625,0.073858842253685,0.028291330080837288,test,True,420030,2
True,True,0.625,0.073858842253685,0.04790047833884277,test,True,420030,3
False,False,0.625,0.073858842253685,0.06525211660803441,test,True,420030,4
True,True,1.0,0.005721938796341419,0.0,test,False,420031,0
True,True,1.0,0.00754797738045454,0.0014566260134910559,test,False,420031,1
True,True,1.0,0.006709917448461056,0.0032708074580273016,test,False,420031,2
True,True,1.0,0.006709917448461056,0.005391378159858908,test,False,420031,3
True,True,1.0,0.006709917448461056,0.006198242106861193,test,False,420031,4
True,True,1.0,0.006709917448461056,0.006574983518938708,test,False,420031,5
True,True,0.04166668653488159,0.006045887246727943,0.0,test,True,420032,0
True,True,0.04166668653488159,0.006045887246727943,0.0008441722928484916,test,True,420032,1
True,True,0.04166668653488159,0.006045887246727943,0.001694058949518023,test,True,420032,2
True,True,0.04166668653488159,0.006045887246727943,0.0032995609834659064,test,True,420032,3
True,True,0.625,0.026112742722034454,0.0,test,True,420033,0
True,True,0.625,0.026112742722034454,0.001893059721000056,test,True,420033,1
True,True,0.625,0.026112742722034454,0.0409536128559213,test,True,420033,2
False,False,0.625,0.026112742722034454,0.09282712595278038,test,True,420033,3
True,True,0.7083333730697632,0.05415596812963486,0.0,test,True,420034,0
True,True,0.7083333730697632,0.05177983641624451,0.0038092667338194422,test,True,420034,1
True,True,0.7083333730697632,0.05177983641624451,0.02456754309314934,test,True,420034,2
True,True,0.7083333730697632,0.05177983641624451,0.04071186468639839,test,True,420034,3
False,False,0.7083333730697632,0.05177983641624451,0.05294168213450365,test,True,420034,4
True,True,0.0,0.007301209960132837,0.0,test,False,420035,0
True,True,0.0,0.007629626430571079,0.0016602049213388132,test,False,420035,1
True,True,0.0,0.00786742102354765,0.003230381859620583,test,False,420035,2
True,True,0.0,0.00786742102354765,0.005023430522277199,test,False,420035,3
True,True,0.0,0.00786742102354765,0.005218200895245406,test,False,420035,4
True,True,0.0,0.00786742102354765,0.005496240230534985,test,False,420035,5
True,True,0.04166668653488159,0.008848650380969048,0.0,test,True,420036,0
True,True,0.04166668653488159,0.008848650380969048,0.0012883821385063611,test,True,420036,1
True,True,0.04166668653488159,0.008848650380969048,0.0035527492421708186,test,True,420036,2
False,False,0.04166668653488159,0.008848650380969048,0.05148717578329096,test,True,420036,3
True,True,1.0,0.004012471064925194,0.0,test,False,420037,0
True,True,1.0,0.00604160875082016,0.0011293192263080157,test,False,420037,1
True,True,1.0,0.006380161270499229,0.002249819294446471,test,False,420037,2
True,True,1.0,0.006380161270499229,0.0037947674681384136,test,False,420037,3
True,True,1.0,0.006380161270499229,0.003782593671545885,test,False,420037,4
False,False,1.0,0.006380161270499229,0.055880394464874056,test,False,420037,5
True,True,0.625,0.020179331302642822,0.0,test,True,420038,0
True,True,0.625,0.020179331302642822,0.001393530501179806,test,True,420038,1
True,True,0.625,0.020179331302642822,0.00369684908532301,test,True,420038,2
True,True,0.625,0.020179331302642822,0.01159913025206358,test,True,420038,3
True,True,0.6666666269302368,0.058878637850284576,0.0,test,True,420039,0
True,True,0.6666666269302368,0.06195855140686035,0.0015730700491435833,test,True,420039,1
True,True,0.6666666269302368,0.06195855140686035,0.040406402559621996,test,True,420039,2
False,False,0.6666666269302368,0.06195855140686035,0.06450513705966852,test,True,420039,3
False,False,0.6666666269302368,0.06195855140686035,0.09368696867834744,test,True,420039,4
True,True,1.0,0.009795092977583408,0.0,test,False,420040,0
True,True,1.0,0.009795092977583408,0.0007527350784421218,test,False,420040,1
True,True,1.0,0.009795092977583408,0.004109888551087296,test,False,420040,2
True,True,1.0,0.009795092977583408,0.010296427851868638,test,False,420040,3
False,True,0.0,0.0008739246986806393,0.0,test,False,420041,0
False,True,0.0,0.0008739246986806393,0.0002121268600066085,test,False,420041,1
True,True,0.04166668653488159,0.0027582559268921614,0.0,test,True,420042,0
True,True,0.04166668653488159,0.0027582559268921614,0.0002878248776852884,test,True,420042,1
True,True,0.04166668653488159,0.0027582559268921614,0.0010710746224259497,test,True,420042,2
True,True,0.8333333134651184,0.11723204702138901,0.0,test,True,420043,0
True,True,0.8333333134651184,0.11224636435508728,0.0018115744834769462,test,True,420043,1
True,True,0.8333333134651184,0.11224636435508728,0.03625325762441847,test,True,420043,2
False,False,0.8333333134651184,0.11224636435508728,0.060930544501388254,test,True,420043,3
False,False,0.8333333134651184,0.11224636435508728,0.08208444414894608,test,True,420043,4
True,True,0.8333333134651184,0.058427996933460236,0.0,test,True,420044,0
True,True,0.8333333134651184,0.058427996933460236,0.004616608322381468,test,True,420044,1
True,True,0.8333333134651184,0.058427996933460236,0.02489058444677015,test,True,420044,2
True,True,0.8333333134651184,0.058427996933460236,0.04049770452024367,test,True,420044,3
True,True,0.7916666865348816,0.06765755265951157,0.0,test,True,420045,0
True,True,0.7916666865348816,0.06765755265951157,0.0020931484611206625,test,True,420045,1
True,True,0.7916666865348816,0.06765755265951157,0.04154713603036289,test,True,420045,2
False,False,0.7916666865348816,0.06765755265951157,0.08302791290210391,test,True,420045,3
True,True,0.1666666865348816,0.005460348911583424,0.0,test,True,420046,0
True,True,0.1666666865348816,0.005460348911583424,0.0008301837614928567,test,True,420046,1
True,True,0.1666666865348816,0.005460348911583424,0.002082799293632362,test,True,420046,2
True,True,0.0,0.007529679220169783,0.0,test,False,420047,0
True,True,0.0,0.007529679220169783,0.0019244534389336663,test,False,420047,1
True,True,0.75,0.10230712592601776,0.0,test,True,420048,0
True,True,0.75,0.10230712592601776,0.001416407158796993,test,True,420048,1
True,True,0.75,0.10230712592601776,0.04332065292554131,test,True,420048,2
False,False,0.75,0.10230712592601776,0.07031926067118215,test,True,420048,3
True,True,0.4583333134651184,0.03786211460828781,0.0,test,True,420049,0
True,True,0.4583333134651184,0.03786211460828781,0.006201572832496291,test,True,420049,1
True,True,0.4583333134651184,0.03786211460828781,0.02599278174146464,test,True,420049,2
True,True,0.4583333134651184,0.03786211460828781,0.04040069969462355,test,True,420049,3
True,True,0.5416666269302368,0.0474320612847805,0.0,test,True,420050,0
True,True,0.5416666269302368,0.0474320612847805,0.0015143311670646452,test,True,420050,1
True,True,0.5416666269302368,0.0474320612847805,0.005252797156693768,test,True,420050,2
True,True,0.5416666269302368,0.0474320612847805,0.03533033631852057,test,True,420050,3
True,True,0.0,0.009206881746649742,0.0,test,False,420051,0
True,True,0.0,0.009206881746649742,0.00447179981012784,test,False,420051,1
True,True,0.0,0.009206881746649742,0.013604671302390974,test,False,420051,2
True,True,0.875,0.1102282851934433,0.0,test,True,420052,0
True,True,0.875,0.10887908935546875,0.0055734319244242665,test,True,420052,1
True,True,0.875,0.11370330303907394,0.043605649289076495,test,True,420052,2
False,False,0.875,0.11370330303907394,0.07750683484282564,test,True,420052,3
False,False,0.875,0.11370330303907394,0.10201272862248238,test,True,420052,4
False,False,0.875,0.11370330303907394,0.09432939731158332,test,True,420052,5
True,True,0.0,0.00991828553378582,0.0,test,False,420053,0
True,True,0.0,0.010679587721824646,0.0016148174258046233,test,False,420053,1
True,True,0.0,0.009854186326265335,0.0031299120775807863,test,False,420053,2
True,True,0.0,0.009854186326265335,0.005386456494954118,test,False,420053,3
True,True,0.0,0.009854186326265335,0.006187744100391631,test,False,420053,4
True,True,0.0,0.009854186326265335,0.007614022518275386,test,False,420053,5
True,True,1.0,0.007389185018837452,0.0,test,False,420054,0
True,True,1.0,0.005724877119064331,0.000813066477236659,test,False,420054,1
True,True,1.0,0.007489273324608803,0.001973885705369554,test,False,420054,2
True,True,1.0,0.0049062808975577354,0.003332764364665916,test,False,420054,3
True,True,1.0,0.0049062808975577354,0.004556880954920979,test,False,420054,4
True,True,1.0,0.0049062808975577354,0.0050969651008258,test,False,420054,5
False,False,1.0,0.0049062808975577354,0.06098542717210693,test,False,420054,6
True,True,0.75,0.026077553629875183,0.0,test,True,420055,0
True,True,0.75,0.026077553629875183,0.002780414894429922,test,True,420055,1
True,True,0.0,0.0038356129080057144,0.0,test,False,420056,0
True,True,0.0,0.0038356129080057144,0.00021487399818364503,test,False,420056,1
True,True,0.0,0.0038356129080057144,0.0006130632489511884,test,False,420056,2
True,True,0.0,0.0038356129080057144,0.0011182731640592425,test,False,420056,3
True,True,0.6666666269302368,0.043721187859773636,0.0,test,True,420057,0
True,True,0.6666666269302368,0.043721187859773636,0.001919880557732335,test,True,420057,1
True,True,0.6666666269302368,0.043721187859773636,0.01972965230987383,test,True,420057,2
True,True,0.6666666269302368,0.043721187859773636,0.03465181389567695,test,True,420057,3
True,True,0.4583333134651184,0.025924474000930786,0.0,test,True,420058,0
True,True,0.4583333134651184,0.02559375762939453,0.0057939555012157026,test,True,420058,1
True,True,0.4583333134651184,0.0314997136592865,0.02362531621641681,test,True,420058,2
True,True,0.4583333134651184,0.0314997136592865,0.03665418162561253,test,True,420058,3
True,True,0.4583333134651184,0.0314997136592865,0.04221717576482378,test,True,420058,4
True,True,0.4583333134651184,0.0314997136592865,0.03749414279662135,test,True,420058,5
True,True,0.375,0.008193422108888626,0.0,test,True,420059,0
True,True,0.375,0.008193422108888626,0.0010352168310199172,test,True,420059,1
True,True,1.0,0.0051401108503341675,0.0,test,False,420060,0
True,True,1.0,0.0040617892518639565,0.001296405148349131,test,False,420060,1
True,True,1.0,0.003219468519091606,0.0019799414547431596,test,False,420060,2
True,True,1.0,0.003219468519091606,0.0029535818220843423,test,False,420060,3
True,True,1.0,0.003219468519091606,0.0028582669729464998,test,False,420060,4
True,True,1.0,0.003219468519091606,0.003551004872171069,test,False,420060,5
True,True,0.375,0.02179216593503952,0.0,test,True,420061,0
True,True,0.375,0.02306447923183441,0.0015197609697947076,test,True,420061,1
True,True,0.375,0.02306447923183441,0.010938002955118188,test,True,420061,2
True,True,0.375,0.02306447923183441,0.016208299977928307,test,True,420061,3
True,True,0.375,0.02306447923183441,0.020089496773791106,test,True,420061,4
True,True,0.0,0.006055137142539024,0.0,test,False,420062,0
True,True,0.0,0.005380931310355663,0.0012786873176106857,test,False,420062,1
True,True,0.0,0.005380931310355663,0.005067843808695065,test,False,420062,2
True,True,0.0,0.005380931310355663,0.008215543022460987,test,False,420062,3
True,True,0.0,0.005380931310355663,0.011844964105116259,test,False,420062,4
True,True,0.625,0.04994224011898041,0.0,test,True,420063,0
True,True,0.625,0.04994224011898041,0.008885745557294931,test,True,420063,1
False,False,0.625,0.04994224011898041,0.055882828784614584,test,True,420063,2
False,False,0.625,0.04994224011898041,0.08725919357313533,test,True,420063,3
True,True,0.04166668653488159,0.007617576513439417,0.0,test,True,420064,0
True,True,0.04166668653488159,0.007617576513439417,0.00113725021086846,test,True,420064,1
True,True,0.04166668653488159,0.007617576513439417,0.0021645520815982,test,True,420064,2
True,True,0.04166668653488159,0.007617576513439417,0.0033259277976857007,test,True,420064,3
True,True,0.375,0.04612058401107788,0.0,test,True,420065,0
True,True,0.375,0.048905178904533386,0.001080897495720456,test,True,420065,1
True,True,0.375,0.05549083650112152,0.03214267337799401,test,True,420065,2
False,False,0.375,0.05549083650112152,0.05135107584729493,test,True,420065,3
False,False,0.375,0.05549083650112152,0.07513735889280908,test,True,420065,4
False,False,0.375,0.05549083650112152,0.06901690200535011,test,True,420065,5
True,True,0.0,0.007364783436059952,0.0,test,False,420066,0
True,True,0.0,0.006459606345742941,0.0006027018831876285,test,False,420066,1
True,True,0.0,0.006459606345742941,0.0017054020199672505,test,False,420066,2
True,True,0.0,0.006459606345742941,0.003112207283617751,test,False,420066,3
True,True,0.0,0.006459606345742941,0.004302097509439368,test,False,420066,4
True,True,1.0,0.006140922196209431,0.0,test,False,420067,0
True,True,1.0,0.005981965456157923,0.0010052587982497345,test,False,420067,1
True,True,1.0,0.00718212965875864,0.002071357160895553,test,False,420067,2
True,True,1.0,0.008367234840989113,0.0037639332211945203,test,False,420067,3
True,True,1.0,0.008367234840989113,0.00414619851477666,test,False,420067,4
True,True,1.0,0.008367234840989113,0.00735928476857145,test,False,420067,5
True,True,1.0,0.008367234840989113,0.009643191370400667,test,False,420067,6
True,True,0.0,0.006360204890370369,0.0,test,False,420068,0
True,True,0.0,0.0077972374856472015,0.00022720651106509623,test,False,420068,1
True,True,0.0,0.0077972374856472015,0.0019467072198245446,test,False,420068,2
True,True,0.0,0.0077972374856472015,0.00921437123902926,test,False,420068,3
True,True,0.0,0.0077972374856472015,0.012369911549228632,test,False,420068,4
True,True,0.4583333134651184,0.0417591854929924,0.0,test,True,420069,0
True,True,0.4583333134651184,0.0417591854929924,0.0008651605793545614,test,True,420069,1
True,True,0.4583333134651184,0.0417591854929924,0.0016126886144558453,test,True,420069,2
True,True,0.75,0.052933044731616974,0.0,test,True,420070,0
True,True,0.75,0.051168881356716156,0.008404441621556753,test,True,420070,1
False,False,0.75,0.05861911550164223,0.05266572252279795,test,True,420070,2
False,False,0.75,0.05861911550164223,0.08885099240572733,test,True,420070,3
False,False,0.75,0.05861911550164223,0.11185810632689613,test,True,420070,4
False,False,0.75,0.05861911550164223,0.10073024987740514,test,True,420070,5
True,True,0.875,0.11480679363012314,0.0,test,True,420071,0
True,True,0.875,0.10730013251304626,0.0067162590143647945,test,True,420071,1
True,True,0.875,0.11511523276567459,0.04357165111776275,test,True,420071,2
False,False,0.875,0.11511523276567459,0.0745722860605109,test,True,420071,3
False,False,0.875,0.11511523276567459,0.09523522179568542,test,True,420071,4
False,False,0.875,0.11511523276567459,0.08646745057286497,test,True,420071,5
True,True,0.08333331346511841,0.0042083486914634705,0.0,test,True,420072,0
True,True,0.08333331346511841,0.00580242183059454,0.0009111082169458463,test,True,420072,1
True,True,0.08333331346511841,0.006983931176364422,0.001486809258131598,test,True,420072,2
True,True,0.08333331346511841,0.006983931176364422,0.002351193502634474,test,True,420072,3
True,True,0.08333331346511841,0.006983931176364422,0.0022809072153718453,test,True,420072,4
True,True,0.08333331346511841,0.006983931176364422,0.0032201090899441707,test,True,420072,5
True,True,1.0,0.004147355444729328,0.0,test,False,420073,0
True,True,1.0,0.005897987633943558,0.0007302029852206004,test,False,420073,1
True,True,1.0,0.005453253164887428,0.0012989107246624443,test,False,420073,2
True,True,1.0,0.005453253164887428,0.002001285613526067,test,False,420073,3
True,True,1.0,0.005453253164887428,0.002300046267300876,test,False,420073,4
False,False,1.0,0.005453253164887428,0.05036840048186984,test,False,420073,5
True,True,0.125,0.008080072700977325,0.0,test,True,420074,0
True,True,0.125,0.008080072700977325,0.0005985743215151524,test,True,420074,1
True,True,0.125,0.008080072700977325,0.001417470345391438,test,True,420074,2
True,True,0.125,0.008080072700977325,0.0022112977947286385,test,True,420074,3
False,True,0.0,0.0020977084059268236,0.0,test,False,420075,0
True,True,0.3333333134651184,0.015080222859978676,0.0,test,True,420076,0
True,True,0.3333333134651184,0.025356270372867584,0.0013135827879417604,test,True,420076,1
True,True,0.3333333134651184,0.025356270372867584,0.03984505541465642,test,True,420076,2
False,False,0.3333333134651184,0.025356270372867584,0.06676586332314262,test,True,420076,3
False,False,0.3333333134651184,0.025356270372867584,0.08627047151935222,test,True,420076,4
True,True,0.08333331346511841,0.009870177134871483,0.0,test,True,420077,0
True,True,0.08333331346511841,0.009870177134871483,0.001624615732014817,test,True,420077,1
True,True,0.08333331346511841,0.009870177134871483,0.015348726901305619,test,True,420077,2
True,True,0.08333331346511841,0.009870177134871483,0.017218997874330875,test,True,420077,3
True,True,0.7916666865348816,0.03929571062326431,0.0,test,True,420078,0
True,True,0.7916666865348816,0.04549600929021835,0.00447996701514368,test,True,420078,1
True,True,0.7916666865348816,0.04549600929021835,0.0196765058960951,test,True,420078,2
True,True,0.7916666865348816,0.04549600929021835,0.034065348885822196,test,True,420078,3
True,True,0.7916666865348816,0.04549600929021835,0.043485407146683246,test,True,420078,4
True,True,0.8333333134651184,0.06969742476940155,0.0,test,True,420079,0
True,True,0.8333333134651184,0.07532842457294464,0.004350775568911178,test,True,420079,1
True,True,0.8333333134651184,0.0778152123093605,0.03132054550661082,test,True,420079,2
False,False,0.8333333134651184,0.0778152123093605,0.05009416073993091,test,True,420079,3
False,False,0.8333333134651184,0.0778152123093605,0.06478165673332129,test,True,420079,4
False,False,0.8333333134651184,0.0778152123093605,0.05869115861998511,test,True,420079,5
True,True,0.04166668653488159,0.002673915820196271,0.0,test,True,420080,0
True,True,0.04166668653488159,0.002673915820196271,0.0005132466757858376,test,True,420080,1
True,True,0.04166668653488159,0.002673915820196271,0.0009826328503097328,test,True,420080,2
True,True,0.1666666865348816,0.00566483661532402,0.0,test,True,420081,0
True,True,0.1666666865348816,0.00566483661532402,0.0014996913051773817,test,True,420081,1
True,True,0.1666666865348816,0.00566483661532402,0.0030856318648275526,test,True,420081,2
True,True,0.1666666865348816,0.00566483661532402,0.00464409726108254,test,True,420081,3
True,True,1.0,0.005613064393401146,0.0,test,False,420082,0
True,True,1.0,0.005892294459044933,0.0003798103165589035,test,False,420082,1
True,True,1.0,0.0069678593426942825,0.0015110245738709476,test,False,420082,2
True,True,1.0,0.0069678593426942825,0.003018938738473947,test,False,420082,3
True,True,1.0,0.0069678593426942825,0.003914194246014595,test,False,420082,4
False,False,1.0,0.0069678593426942825,0.05574214408023227,test,False,420082,5
True,True,1.0,0.006493431981652975,0.0,test,False,420083,0
True,True,1.0,0.007864022627472878,0.0012883057006183576,test,False,420083,1
True,True,1.0,0.007864022627472878,0.003792345936821873,test,False,420083,2
True,True,1.0,0.007864022627472878,0.005271230217083981,test,False,420083,3
True,True,1.0,0.007864022627472878,0.005372018293733566,test,False,420083,4
True,True,0.1666666865348816,0.005435317289084196,0.0,test,True,420084,0
True,True,0.1666666865348816,0.006199527997523546,0.0003380039794166788,test,True,420084,1
True,True,0.1666666865348816,0.006199527997523546,0.0009298429421901927,test,True,420084,2
True,True,0.1666666865348816,0.006199527997523546,0.002107793961180722,test,True,420084,3
True,True,0.1666666865348816,0.006199527997523546,0.002970633262338013,test,True,420084,4
True,True,0.04166668653488159,0.0031192232854664326,0.0,test,True,420085,0
True,True,0.04166668653488159,0.0031192232854664326,0.0003934612489733682,test,True,420085,1
True,True,0.7083333730697632,0.07074940949678421,0.0,test,True,420086,0
True,True,0.7083333730697632,0.07074940949678421,0.002949930493952675,test,True,420086,1
True,True,0.7083333730697632,0.07074940949678421,0.04204943815512488,test,True,420086,2
False,False,0.7083333730697632,0.07074940949678421,0.06558199541284404,test,True,420086,3
True,True,0.0,0.004359412007033825,0.0,test,False,420087,0
True,True,0.0,0.004359412007033825,0.0005626843331206918,test,False,420087,1
True,True,0.0,0.004359412007033825,0.0018492620762288752,test,False,420087,2
True,True,0.0,0.004359412007033825,0.002882577975761298,test,False,420087,3
True,True,1.0,0.006726936902850866,0.0,test,False,420088,0
True,True,1.0,0.006726936902850866,0.0007630434248566011,test,False,420088,1
True,True,1.0,0.006726936902850866,0.0015773762890922004,test,False,420088,2
False,False,1.0,0.006726936902850866,0.05383975964653872,test,False,420088,3
True,True,0.875,0.11192683130502701,0.0,test,True,420089,0
True,True,0.875,0.10980403423309326,0.0011978501824748292,test,True,420089,1
True,True,0.875,0.1136539950966835,0.04218799479004299,test,True,420089,2
False,False,0.875,0.1136539950966835,0.0745446353048907,test,True,420089,3
False,False,0.875,0.1136539950966835,0.10335646470027275,test,True,420089,4
False,False,0.875,0.1136539950966835,0.09198591573739538,test,True,420089,5
True,True,1.0,0.005494633689522743,0.0,test,False,420090,0
True,True,1.0,0.004968682769685984,0.0006542501186711703,test,False,420090,1
True,True,1.0,0.003788349684327841,0.001430700696142886,test,False,420090,2
True,True,1.0,0.003788349684327841,0.003120238900883068,test,False,420090,3
True,True,1.0,0.003788349684327841,0.0037811414386855363,test,False,420090,4
True,True,1.0,0.003788349684327841,0.004207122976602813,test,False,420090,5
True,True,0.0,0.0068296343088150024,0.0,test,False,420091,0
True,True,0.0,0.0068296343088150024,0.0010690899405145049,test,False,420091,1
True,True,0.0,0.0068296343088150024,0.002686583187884917,test,False,420091,2
True,True,0.0,0.0068296343088150024,0.011101345661114849,test,False,420091,3
True,True,0.1666666865348816,0.00398700637742877,0.0,test,True,420092,0
True,True,0.1666666865348816,0.00398700637742877,0.0006556432304102997,test,True,420092,1
True,True,0.1666666865348816,0.00398700637742877,0.001858119301032138,test,True,420092,2
True,True,0.1666666865348816,0.00398700637742877,0.0028363642242082918,test,True,420092,3
True,True,0.04166668653488159,0.004272574558854103,0.0,test,True,420093,0
True,True,0.04166668653488159,0.004272574558854103,0.0004790078590759205,test,True,420093,1
True,True,0.04166668653488159,0.004272574558854103,0.0010599433216240393,test,True,420093,2
True,True,0.04166668653488159,0.004272574558854103,0.0017121221395198767,test,True,420093,3
False,True,0.0,0.0022496068850159645,0.0,test,False,420094,0
False,True,0.0,0.0022496068850159645,0.0006072271238138437,test,False,420094,1
True,True,0.0,0.003206978552043438,0.0,test,False,420095,0
True,True,0.0,0.003952758852392435,0.00033824586152992806,test,False,420095,1
True,True,0.0,0.003952758852392435,0.0010027798565662464,test,False,420095,2
True,True,0.0,0.003952758852392435,0.0019949782188152213,test,False,420095,3
True,True,0.0,0.003952758852392435,0.002477810472074282,test,False,420095,4
True,True,0.0,0.004637403413653374,0.0,test,False,420096,0
True,True,0.0,0.004637403413653374,0.00040051741906589096,test,False,420096,1
True,True,0.0,0.004637403413653374,0.0017013489139608342,test,False,420096,2
True,True,0.0,0.004637403413653374,0.0027110834329689957,test,False,420096,3
True,True,0.04166668653488159,0.002082936465740204,0.0,test,True,420097,0
True,True,0.04166668653488159,0.00821387954056263,0.00037988457541028283,test,True,420097,1
True,True,0.04166668653488159,0.00911902729421854,0.001119646253534917,test,True,420097,2
True,True,0.04166668653488159,0.007005571387708187,0.001578113061002186,test,True,420097,3
True,True,0.04166668653488159,0.007005571387708187,0.0017396112850461272,test,True,420097,4
True,True,0.04166668653488159,0.007005571387708187,0.0084622896985582,test,True,420097,5
True,True,0.04166668653488159,0.007005571387708187,0.016711341821878428,test,True,420097,6
True,True,0.0,0.004152736160904169,0.0,test,False,420098,0
True,True,0.0,0.004745761398226023,0.0005129326719009598,test,False,420098,1
True,True,0.0,0.004745761398226023,0.0009806722420667077,test,False,420098,2
True,True,0.0,0.004745761398226023,0.00234221137040651,test,False,420098,3
True,True,0.0,0.004745761398226023,0.0027176084452161828,test,False,420098,4
True,True,1.0,0.0036294893361628056,0.0,test,False,420099,0
True,True,1.0,0.0037432266399264336,0.00065365937645768,test,False,420099,1
True,True,1.0,0.0037432266399264336,0.0015105307433643082,test,False,420099,2
True,True,1.0,0.0037432266399264336,0.0021474264990368206,test,False,420099,3
True,True,1.0,0.0037432266399264336,0.002509516969902505,test,False,420099,4
True,True,0.0,0.004661104641854763,0.0,test,False,420100,0
True,True,0.0,0.005920375231653452,0.0009784539773003793,test,False,420100,1
True,True,0.0,0.005920375231653452,0.0020012977898098408,test,False,420100,2
True,True,0.0,0.005920375231653452,0.003015548826235974,test,False,420100,3
True,True,0.0,0.005920375231653452,0.0032729688952263707,test,False,420100,4
True,True,0.0,0.0035851001739501953,0.0,test,False,420101,0
True,True,0.0,0.004165545105934143,0.0006798053873202941,test,False,420101,1
True,True,0.0,0.004165545105934143,0.0016447402134188594,test,False,420101,2
True,True,0.0,0.004165545105934143,0.002797206716938218,test,False,420101,3
True,True,0.0,0.004165545105934143,0.0029481138214999844,test,False,420101,4
True,True,0.4583333134651184,0.04070025309920311,0.0,test,True,420102,0
True,True,0.4583333134651184,0.04059919714927673,0.0025884743365919057,test,True,420102,1
True,True,0.4583333134651184,0.04059919714927673,0.0052844213929467265,test,True,420102,2
True,True,0.4583333134651184,0.04059919714927673,0.03330056422818717,test,True,420102,3
True,True,0.4583333134651184,0.04059919714927673,0.047412000060894736,test,True,420102,4
True,True,1.0,0.0034074028953909874,0.0,test,False,420103,0
True,True,1.0,0.0074727763421833515,0.00030702229271145653,test,False,420103,1
True,True,1.0,0.00836235098540783,0.0007316591956415824,test,False,420103,2
True,True,1.0,0.00836235098540783,0.0013003715652279149,test,False,420103,3
True,True,1.0,0.00836235098540783,0.001937562749546056,test,False,420103,4
True,True,1.0,0.00836235098540783,0.004068355681155911,test,False,420103,5
False,True,0.0,0.0020530817564576864,0.0,test,False,420104,0
True,True,0.04166668653488159,0.004219572059810162,0.0,test,True,420105,0
True,True,0.04166668653488159,0.004219572059810162,0.00025761885357774477,test,True,420105,1
True,True,0.04166668653488159,0.004219572059810162,0.0010615183532997434,test,True,420105,2
True,True,0.04166668653488159,0.004219572059810162,0.002029729660438936,test,True,420105,3
True,True,0.8333333134651184,0.10208013653755188,0.0,test,True,420106,0
True,True,0.8333333134651184,0.10286344587802887,0.0012973361606218082,test,True,420106,1
True,True,0.8333333134651184,0.10745108872652054,0.03253189595953288,test,True,420106,2
False,False,0.8333333134651184,0.10745108872652054,0.05517959857830521,test,True,420106,3
False,False,0.8333333134651184,0.10745108872652054,0.07551551223322743,test,True,420106,4
False,False,0.8333333134651184,0.10745108872652054,0.06566342439513499,test,True,420106,5
True,True,1.0,0.010681172832846642,0.0,test,False,420107,0
True,True,1.0,0.007741292007267475,0.0029543091553520685,test,False,420107,1
True,True,1.0,0.007264331914484501,0.008327969929253136,test,False,420107,2
True,True,1.0,0.006997623480856419,0.023202633607489764,test,False,420107,3
False,False,1.0,0.006997623480856419,0.0726656158231128,test,False,420107,4
False,False,1.0,0.006997623480856419,0.1164572997566545,test,False,420107,5
False,False,1.0,0.006997623480856419,0.10738469147149235,test,False,420107,6
True,True,0.8333333134651184,0.09181918948888779,0.0,test,True,420108,0
True,True,0.8333333134651184,0.09164580702781677,0.0016380147069474582,test,True,420108,1
True,True,0.8333333134651184,0.09164580702781677,0.008833189874665227,test,True,420108,2
True,True,0.8333333134651184,0.09164580702781677,0.042705954173689414,test,True,420108,3
False,False,0.8333333134651184,0.09164580702781677,0.06700646565847432,test,True,420108,4
True,True,0.75,0.027969911694526672,0.0,test,True,420109,0
True,True,0.75,0.029963437467813492,0.0003768415299214183,test,True,420109,1
True,True,0.75,0.03224872052669525,0.0024698201822017027,test,True,420109,2
True,True,0.75,0.03224872052669525,0.01029232934217251,test,True,420109,3
True,True,0.75,0.03224872052669525,0.01920784281536033,test,True,420109,4
True,True,0.75,0.03224872052669525,0.025633957655158197,test,True,420109,5
True,True,0.04166668653488159,0.007226486224681139,0.0,test,True,420110,0
True,True,0.04166668653488159,0.007200835272669792,0.0014588126765138546,test,True,420110,1
True,True,0.04166668653488159,0.007200835272669792,0.002763157570201329,test,True,420110,2
True,True,0.04166668653488159,0.007200835272669792,0.004763895097671368,test,True,420110,3
True,True,0.04166668653488159,0.007200835272669792,0.004988019493231533,test,True,420110,4
True,True,0.375,0.008992839604616165,0.0,test,True,420111,0
True,True,0.375,0.016554106026887894,0.00066408251194987,test,True,420111,1
True,True,0.375,0.018971366807818413,0.0019401996734308524,test,True,420111,2
True,True,0.375,0.021570470184087753,0.003213721118981117,test,True,420111,3
True,True,0.375,0.018698539584875107,0.007726274336364303,test,True,420111,4
True,True,0.375,0.018040357157588005,0.017319460516844437,test,True,420111,5
True,True,0.375,0.018040357157588005,0.02396249444686121,test,True,420111,6
True,True,0.375,0.018040357157588005,0.027079952588167207,test,True,420111,7
True,True,0.375,0.018040357157588005,0.023126026926788286,test,True,420111,8
True,True,0.0,0.007140276022255421,0.0,test,False,420112,0
True,True,0.0,0.007523472420871258,0.0009128828110055349,test,False,420112,1
True,True,0.0,0.007523472420871258,0.002052526031137626,test,False,420112,2
True,True,0.0,0.007523472420871258,0.00348782800919412,test,False,420112,3
True,True,0.0,0.007523472420871258,0.004388818656506442,test,False,420112,4
True,True,0.0,0.003049182705581188,0.0,test,False,420113,0
True,True,0.0,0.003391711274161935,0.0004559462503819831,test,False,420113,1
True,True,0.0,0.0053297244012355804,0.0007638704140864095,test,False,420113,2
True,True,0.0,0.0053297244012355804,0.0012624866018080688,test,False,420113,3
True,True,0.0,0.0053297244012355804,0.0015633765445557167,test,False,420113,4
True,True,0.0,0.0053297244012355804,0.0020469940037524136,test,False,420113,5
True,True,0.04166668653488159,0.009400101378560066,0.0,test,True,420114,0
True,True,0.04166668653488159,0.004924412816762924,0.0009126316633620338,test,True,420114,1
True,True,0.04166668653488159,0.004924412816762924,0.00442101171550968,test,True,420114,2
True,True,0.04166668653488159,0.004924412816762924,0.012776786064747636,test,True,420114,3
True,True,0.04166668653488159,0.004924412816762924,0.014310060737388839,test,True,420114,4
True,True,0.7083333730697632,0.015956779941916466,0.0,test,True,420115,0
True,True,0.7083333730697632,0.015956779941916466,0.0013246357220427385,test,True,420115,1
True,True,0.7083333730697632,0.015956779941916466,0.007208494065398122,test,True,420115,2
True,True,0.4583333134651184,0.030085071921348572,0.0,test,True,420116,0
True,True,0.4583333134651184,0.025953978300094604,0.0020312184664908845,test,True,420116,1
True,True,0.4583333134651184,0.025953978300094604,0.016181072533886405,test,True,420116,2
True,True,0.4583333134651184,0.025953978300094604,0.0245521888968822,test,True,420116,3
True,True,0.4583333134651184,0.025953978300094604,0.030914880066945448,test,True,420116,4
True,True,0.0,0.004143696743994951,0.0,test,False,420117,0
True,True,0.0,0.004143696743994951,0.0009586510717980967,test,False,420117,1
False,True,0.0,0.002686716616153717,0.0,test,False,420118,0
False,True,0.0,0.002686716616153717,0.0005982340007414215,test,False,420118,1
False,True,0.0,0.002686716616153717,0.0010413319510682937,test,False,420118,2
False,True,0.0,0.002686716616153717,0.0014006690466028982,test,False,420118,3
True,True,0.0,0.005247816909104586,0.0,test,False,420119,0
False,True,0.0,0.0027398858219385147,0.0004715722285808746,test,False,420119,1
False,True,0.0,0.0026694724801927805,0.001252958582481776,test,False,420119,2
True,True,0.0,0.004970517009496689,0.0018949334441228508,test,False,420119,3
True,True,0.0,0.004970517009496689,0.003195408655780293,test,False,420119,4
True,True,0.0,0.004970517009496689,0.004970657894250719,test,False,420119,5
True,True,0.0,0.004970517009496689,0.004948190810246172,test,False,420119,6
True,True,0.0,0.00315248710103333,0.0,test,False,420120,0
True,True,0.0,0.00315248710103333,0.0005011038047690983,test,False,420120,1
True,True,0.0,0.00315248710103333,0.0007342937140714263,test,False,420120,2
True,True,1.0,0.0026440664660185575,0.0,test,False,420121,0
True,True,1.0,0.002950485562905669,0.0002998633513679898,test,False,420121,1
True,True,1.0,0.00641896715387702,0.0007771630357462054,test,False,420121,2
True,True,1.0,0.00641896715387702,0.0012919489532590164,test,False,420121,3
True,True,1.0,0.00641896715387702,0.0015083933585905963,test,False,420121,4
True,True,1.0,0.00641896715387702,0.001656103956691112,test,False,420121,5
True,True,0.75,0.05217721313238144,0.0,test,True,420122,0
True,True,0.75,0.05217721313238144,0.0018390249090996082,test,True,420122,1
True,True,0.75,0.05217721313238144,0.04004982194500719,test,True,420122,2
False,False,0.75,0.05217721313238144,0.08459383309106647,test,True,420122,3
True,True,0.1666666865348816,0.010144483298063278,0.0,test,True,420123,0
True,True,0.1666666865348816,0.010144483298063278,0.0031741291913804834,test,True,420123,1
True,True,0.1666666865348816,0.010144483298063278,0.011957911208115608,test,True,420123,2
True,True,0.1666666865348816,0.010144483298063278,0.020982160547258304,test,True,420123,3
True,True,0.04166668653488159,0.0029660705476999283,0.0,test,True,420124,0
True,True,0.04166668653488159,0.0029660705476999283,0.0002528007907699881,test,True,420124,1
True,True,0.04166668653488159,0.0029660705476999283,0.0007453496524636209,test,True,420124,2
True,True,0.04166668653488159,0.0029660705476999283,0.0012487459036613347,test,True,420124,3
True,True,0.25,0.01422980334609747,0.0,test,True,420125,0
True,True,0.25,0.0149320587515831,0.0003876585168059142,test,True,420125,1
True,True,0.25,0.01752593368291855,0.0012684042670453883,test,True,420125,2
True,True,0.25,0.01272004283964634,0.0030688788442728857,test,True,420125,3
True,True,0.25,0.014057597145438194,0.00932830792912321,test,True,420125,4
True,True,0.25,0.014057597145438194,0.014233574718822797,test,True,420125,5
True,True,0.25,0.014057597145438194,0.01738715829277427,test,True,420125,6
True,True,0.25,0.014057597145438194,0.0163870148326547,test,True,420125,7
True,True,0.2916666865348816,0.0074592032469809055,0.0,test,True,420126,0
True,True,0.2916666865348816,0.010039892978966236,0.0013079889600863621,test,True,420126,1
True,True,0.2916666865348816,0.012362333945930004,0.002227130236141492,test,True,420126,2
True,True,0.2916666865348816,0.015709085389971733,0.0037815050940838532,test,True,420126,3
True,True,0.2916666865348816,0.013818301260471344,0.0040457759420351085,test,True,420126,4
True,True,0.2916666865348816,0.013818301260471344,0.009596664143081341,test,True,420126,5
True,True,0.2916666865348816,0.013818301260471344,0.01355200375106491,test,True,420126,6
True,True,0.2916666865348816,0.013818301260471344,0.022617808031518968,test,True,420126,7
True,True,0.2916666865348816,0.01631855219602585,0.0,test,True,420127,0
True,True,0.2916666865348816,0.016800716519355774,0.004018365847902988,test,True,420127,1
True,True,0.2916666865348816,0.01522013172507286,0.013963529346006028,test,True,420127,2
True,True,0.2916666865348816,0.015350640751421452,0.023262366900708153,test,True,420127,3
True,True,0.2916666865348816,0.015350640751421452,0.03246225986216239,test,True,420127,4
True,True,0.2916666865348816,0.015350640751421452,0.03469126062796484,test,True,420127,5
True,True,0.2916666865348816,0.015350640751421452,0.03420291548364475,test,True,420127,6
