comparison,step,feature,repeat,fold,train_groups,test_groups,accuracy,balanced_accuracy,roc_auc,tp,tn,fp,fn,paired_accuracy,paired_positive,paired_negative,paired_ties,paired_margin_mean,paired_margin_median,paired_sign_p
primary_step_0,0,xy_single,0,0,102,26,0.5,0.5,0.5,26,0,26,0,0.5,0,0,26,0.0,0.0,1.0
primary_step_0,0,xy_single,0,1,102,26,0.5,0.5,0.5,26,0,26,0,0.5,0,0,26,0.0,0.0,1.0
primary_step_0,0,xy_single,0,2,102,26,0.5,0.5,0.5,26,0,26,0,0.5,0,0,26,0.0,0.0,1.0
primary_step_0,0,xy_single,0,3,103,25,0.5,0.5,0.5,25,0,25,0,0.5,0,0,25,0.0,0.0,1.0
primary_step_0,0,xy_single,0,4,103,25,0.5,0.5,0.5,25,0,25,0,0.5,0,0,25,0.0,0.0,1.0
primary_step_0,0,xy_single,1,0,102,26,0.5,0.5,0.5,26,0,26,0,0.5,0,0,26,0.0,0.0,1.0
primary_step_0,0,xy_single,1,1,102,26,0.5,0.5,0.5,26,0,26,0,0.5,0,0,26,0.0,0.0,1.0
primary_step_0,0,xy_single,1,2,102,26,0.5,0.5,0.5,26,0,26,0,0.5,0,0,26,0.0,0.0,1.0
primary_step_0,0,xy_single,1,3,103,25,0.5,0.5,0.5,25,0,25,0,0.5,0,0,25,0.0,0.0,1.0
primary_step_0,0,xy_single,1,4,103,25,0.5,0.5,0.5,25,0,25,0,0.5,0,0,25,0.0,0.0,1.0
primary_step_0,0,xy_single,2,0,102,26,0.5,0.5,0.5,26,0,26,0,0.5,0,0,26,0.0,0.0,1.0
primary_step_0,0,xy_single,2,1,102,26,0.5,0.5,0.5,26,0,26,0,0.5,0,0,26,0.0,0.0,1.0
primary_step_0,0,xy_single,2,2,102,26,0.5,0.5,0.5,26,0,26,0,0.5,0,0,26,0.0,0.0,1.0
primary_step_0,0,xy_single,2,3,103,25,0.5,0.5,0.5,25,0,25,0,0.5,0,0,25,0.0,0.0,1.0
primary_step_0,0,xy_single,2,4,103,25,0.5,0.5,0.5,25,0,25,0,0.5,0,0,25,0.0,0.0,1.0
primary_step_0,0,xy_single,3,0,102,26,0.5,0.5,0.5,26,0,26,0,0.5,0,0,26,0.0,0.0,1.0
primary_step_0,0,xy_single,3,1,102,26,0.5,0.5,0.5,26,0,26,0,0.5,0,0,26,0.0,0.0,1.0
primary_step_0,0,xy_single,3,2,102,26,0.5,0.5,0.5,26,0,26,0,0.5,0,0,26,0.0,0.0,1.0
primary_step_0,0,xy_single,3,3,103,25,0.5,0.5,0.5,25,0,25,0,0.5,0,0,25,0.0,0.0,1.0
primary_step_0,0,xy_single,3,4,103,25,0.5,0.5,0.5,25,0,25,0,0.5,0,0,25,0.0,0.0,1.0
primary_step_0,0,xy_single,4,0,102,26,0.5,0.5,0.5,26,0,26,0,0.5,0,0,26,0.0,0.0,1.0
primary_step_0,0,xy_single,4,1,102,26,0.5,0.5,0.5,26,0,26,0,0.5,0,0,26,0.0,0.0,1.0
primary_step_0,0,xy_single,4,2,102,26,0.5,0.5,0.5,26,0,26,0,0.5,0,0,26,0.0,0.0,1.0
primary_step_0,0,xy_single,4,3,103,25,0.5,0.5,0.5,25,0,25,0,0.5,0,0,25,0.0,0.0,1.0
primary_step_0,0,xy_single,4,4,103,25,0.5,0.5,0.5,25,0,25,0,0.5,0,0,25,0.0,0.0,1.0
primary_step_0,0,sim_velocity_only,0,0,102,26,0.5,0.5,0.5,26,0,26,0,0.5,0,0,26,0.0,0.0,1.0
primary_step_0,0,sim_velocity_only,0,1,102,26,0.5,0.5,0.5,26,0,26,0,0.5,0,0,26,0.0,0.0,1.0
primary_step_0,0,sim_velocity_only,0,2,102,26,0.5,0.5,0.5,26,0,26,0,0.5,0,0,26,0.0,0.0,1.0
primary_step_0,0,sim_velocity_only,0,3,103,25,0.5,0.5,0.5,25,0,25,0,0.5,0,0,25,0.0,0.0,1.0
primary_step_0,0,sim_velocity_only,0,4,103,25,0.5,0.5,0.5,25,0,25,0,0.5,0,0,25,0.0,0.0,1.0
primary_step_0,0,sim_velocity_only,1,0,102,26,0.5,0.5,0.5,26,0,26,0,0.5,0,0,26,0.0,0.0,1.0
primary_step_0,0,sim_velocity_only,1,1,102,26,0.5,0.5,0.5,26,0,26,0,0.5,0,0,26,0.0,0.0,1.0
primary_step_0,0,sim_velocity_only,1,2,102,26,0.5,0.5,0.5,26,0,26,0,0.5,0,0,26,0.0,0.0,1.0
primary_step_0,0,sim_velocity_only,1,3,103,25,0.5,0.5,0.5,25,0,25,0,0.5,0,0,25,0.0,0.0,1.0
primary_step_0,0,sim_velocity_only,1,4,103,25,0.5,0.5,0.5,25,0,25,0,0.5,0,0,25,0.0,0.0,1.0
primary_step_0,0,sim_velocity_only,2,0,102,26,0.5,0.5,0.5,26,0,26,0,0.5,0,0,26,0.0,0.0,1.0
primary_step_0,0,sim_velocity_only,2,1,102,26,0.5,0.5,0.5,26,0,26,0,0.5,0,0,26,0.0,0.0,1.0
primary_step_0,0,sim_velocity_only,2,2,102,26,0.5,0.5,0.5,26,0,26,0,0.5,0,0,26,0.0,0.0,1.0
primary_step_0,0,sim_velocity_only,2,3,103,25,0.5,0.5,0.5,25,0,25,0,0.5,0,0,25,0.0,0.0,1.0
primary_step_0,0,sim_velocity_only,2,4,103,25,0.5,0.5,0.5,25,0,25,0,0.5,0,0,25,0.0,0.0,1.0
primary_step_0,0,sim_velocity_only,3,0,102,26,0.5,0.5,0.5,26,0,26,0,0.5,0,0,26,0.0,0.0,1.0
primary_step_0,0,sim_velocity_only,3,1,102,26,0.5,0.5,0.5,26,0,26,0,0.5,0,0,26,0.0,0.0,1.0
primary_step_0,0,sim_velocity_only,3,2,102,26,0.5,0.5,0.5,26,0,26,0,0.5,0,0,26,0.0,0.0,1.0
primary_step_0,0,sim_velocity_only,3,3,103,25,0.5,0.5,0.5,25,0,25,0,0.5,0,0,25,0.0,0.0,1.0
primary_step_0,0,sim_velocity_only,3,4,103,25,0.5,0.5,0.5,25,0,25,0,0.5,0,0,25,0.0,0.0,1.0
primary_step_0,0,sim_velocity_only,4,0,102,26,0.5,0.5,0.5,26,0,26,0,0.5,0,0,26,0.0,0.0,1.0
primary_step_0,0,sim_velocity_only,4,1,102,26,0.5,0.5,0.5,26,0,26,0,0.5,0,0,26,0.0,0.0,1.0
primary_step_0,0,sim_velocity_only,4,2,102,26,0.5,0.5,0.5,26,0,26,0,0.5,0,0,26,0.0,0.0,1.0
primary_step_0,0,sim_velocity_only,4,3,103,25,0.5,0.5,0.5,25,0,25,0,0.5,0,0,25,0.0,0.0,1.0
primary_step_0,0,sim_velocity_only,4,4,103,25,0.5,0.5,0.5,25,0,25,0,0.5,0,0,25,0.0,0.0,1.0
primary_step_0,0,xy_sim_velocity,0,0,102,26,0.5,0.5,0.5,26,0,26,0,0.5,0,0,26,0.0,0.0,1.0
primary_step_0,0,xy_sim_velocity,0,1,102,26,0.5,0.5,0.5,26,0,26,0,0.5,0,0,26,0.0,0.0,1.0
primary_step_0,0,xy_sim_velocity,0,2,102,26,0.5,0.5,0.5,26,0,26,0,0.5,0,0,26,0.0,0.0,1.0
primary_step_0,0,xy_sim_velocity,0,3,103,25,0.5,0.5,0.5,25,0,25,0,0.5,0,0,25,0.0,0.0,1.0
primary_step_0,0,xy_sim_velocity,0,4,103,25,0.5,0.5,0.5,25,0,25,0,0.5,0,0,25,0.0,0.0,1.0
primary_step_0,0,xy_sim_velocity,1,0,102,26,0.5,0.5,0.5,26,0,26,0,0.5,0,0,26,0.0,0.0,1.0
primary_step_0,0,xy_sim_velocity,1,1,102,26,0.5,0.5,0.5,26,0,26,0,0.5,0,0,26,0.0,0.0,1.0
primary_step_0,0,xy_sim_velocity,1,2,102,26,0.5,0.5,0.5,26,0,26,0,0.5,0,0,26,0.0,0.0,1.0
primary_step_0,0,xy_sim_velocity,1,3,103,25,0.5,0.5,0.5,25,0,25,0,0.5,0,0,25,0.0,0.0,1.0
primary_step_0,0,xy_sim_velocity,1,4,103,25,0.5,0.5,0.5,25,0,25,0,0.5,0,0,25,0.0,0.0,1.0
primary_step_0,0,xy_sim_velocity,2,0,102,26,0.5,0.5,0.5,26,0,26,0,0.5,0,0,26,0.0,0.0,1.0
primary_step_0,0,xy_sim_velocity,2,1,102,26,0.5,0.5,0.5,26,0,26,0,0.5,0,0,26,0.0,0.0,1.0
primary_step_0,0,xy_sim_velocity,2,2,102,26,0.5,0.5,0.5,26,0,26,0,0.5,0,0,26,0.0,0.0,1.0
primary_step_0,0,xy_sim_velocity,2,3,103,25,0.5,0.5,0.5,25,0,25,0,0.5,0,0,25,0.0,0.0,1.0
primary_step_0,0,xy_sim_velocity,2,4,103,25,0.5,0.5,0.5,25,0,25,0,0.5,0,0,25,0.0,0.0,1.0
primary_step_0,0,xy_sim_velocity,3,0,102,26,0.5,0.5,0.5,26,0,26,0,0.5,0,0,26,0.0,0.0,1.0
primary_step_0,0,xy_sim_velocity,3,1,102,26,0.5,0.5,0.5,26,0,26,0,0.5,0,0,26,0.0,0.0,1.0
primary_step_0,0,xy_sim_velocity,3,2,102,26,0.5,0.5,0.5,26,0,26,0,0.5,0,0,26,0.0,0.0,1.0
primary_step_0,0,xy_sim_velocity,3,3,103,25,0.5,0.5,0.5,25,0,25,0,0.5,0,0,25,0.0,0.0,1.0
primary_step_0,0,xy_sim_velocity,3,4,103,25,0.5,0.5,0.5,25,0,25,0,0.5,0,0,25,0.0,0.0,1.0
primary_step_0,0,xy_sim_velocity,4,0,102,26,0.5,0.5,0.5,26,0,26,0,0.5,0,0,26,0.0,0.0,1.0
primary_step_0,0,xy_sim_velocity,4,1,102,26,0.5,0.5,0.5,26,0,26,0,0.5,0,0,26,0.0,0.0,1.0
primary_step_0,0,xy_sim_velocity,4,2,102,26,0.5,0.5,0.5,26,0,26,0,0.5,0,0,26,0.0,0.0,1.0
primary_step_0,0,xy_sim_velocity,4,3,103,25,0.5,0.5,0.5,25,0,25,0,0.5,0,0,25,0.0,0.0,1.0
primary_step_0,0,xy_sim_velocity,4,4,103,25,0.5,0.5,0.5,25,0,25,0,0.5,0,0,25,0.0,0.0,1.0
primary_step_0,0,robot_only,0,0,102,26,0.5,0.5,0.5,26,0,26,0,0.5,0,0,26,0.0,0.0,1.0
primary_step_0,0,robot_only,0,1,102,26,0.5,0.5,0.5,26,0,26,0,0.5,0,0,26,0.0,0.0,1.0
primary_step_0,0,robot_only,0,2,102,26,0.5,0.5,0.5,26,0,26,0,0.5,0,0,26,0.0,0.0,1.0
primary_step_0,0,robot_only,0,3,103,25,0.5,0.5,0.5,25,0,25,0,0.5,0,0,25,0.0,0.0,1.0
primary_step_0,0,robot_only,0,4,103,25,0.5,0.5,0.5,25,0,25,0,0.5,0,0,25,0.0,0.0,1.0
primary_step_0,0,robot_only,1,0,102,26,0.5,0.5,0.5,26,0,26,0,0.5,0,0,26,0.0,0.0,1.0
primary_step_0,0,robot_only,1,1,102,26,0.5,0.5,0.5,26,0,26,0,0.5,0,0,26,0.0,0.0,1.0
primary_step_0,0,robot_only,1,2,102,26,0.5,0.5,0.5,26,0,26,0,0.5,0,0,26,0.0,0.0,1.0
primary_step_0,0,robot_only,1,3,103,25,0.5,0.5,0.5,25,0,25,0,0.5,0,0,25,0.0,0.0,1.0
primary_step_0,0,robot_only,1,4,103,25,0.5,0.5,0.5,25,0,25,0,0.5,0,0,25,0.0,0.0,1.0
primary_step_0,0,robot_only,2,0,102,26,0.5,0.5,0.5,26,0,26,0,0.5,0,0,26,0.0,0.0,1.0
primary_step_0,0,robot_only,2,1,102,26,0.5,0.5,0.5,26,0,26,0,0.5,0,0,26,0.0,0.0,1.0
primary_step_0,0,robot_only,2,2,102,26,0.5,0.5,0.5,26,0,26,0,0.5,0,0,26,0.0,0.0,1.0
primary_step_0,0,robot_only,2,3,103,25,0.5,0.5,0.5,25,0,25,0,0.5,0,0,25,0.0,0.0,1.0
primary_step_0,0,robot_only,2,4,103,25,0.5,0.5,0.5,25,0,25,0,0.5,0,0,25,0.0,0.0,1.0
primary_step_0,0,robot_only,3,0,102,26,0.5,0.5,0.5,26,0,26,0,0.5,0,0,26,0.0,0.0,1.0
primary_step_0,0,robot_only,3,1,102,26,0.5,0.5,0.5,26,0,26,0,0.5,0,0,26,0.0,0.0,1.0
primary_step_0,0,robot_only,3,2,102,26,0.5,0.5,0.5,26,0,26,0,0.5,0,0,26,0.0,0.0,1.0
primary_step_0,0,robot_only,3,3,103,25,0.5,0.5,0.5,25,0,25,0,0.5,0,0,25,0.0,0.0,1.0
primary_step_0,0,robot_only,3,4,103,25,0.5,0.5,0.5,25,0,25,0,0.5,0,0,25,0.0,0.0,1.0
primary_step_0,0,robot_only,4,0,102,26,0.5,0.5,0.5,26,0,26,0,0.5,0,0,26,0.0,0.0,1.0
primary_step_0,0,robot_only,4,1,102,26,0.5,0.5,0.5,26,0,26,0,0.5,0,0,26,0.0,0.0,1.0
primary_step_0,0,robot_only,4,2,102,26,0.5,0.5,0.5,26,0,26,0,0.5,0,0,26,0.0,0.0,1.0
primary_step_0,0,robot_only,4,3,103,25,0.5,0.5,0.5,25,0,25,0,0.5,0,0,25,0.0,0.0,1.0
primary_step_0,0,robot_only,4,4,103,25,0.5,0.5,0.5,25,0,25,0,0.5,0,0,25,0.0,0.0,1.0
primary_step_0,0,position_proprio_single,0,0,102,26,0.5,0.5,0.5,26,0,26,0,0.5,0,0,26,0.0,0.0,1.0
primary_step_0,0,position_proprio_single,0,1,102,26,0.5,0.5,0.5,26,0,26,0,0.5,0,0,26,0.0,0.0,1.0
primary_step_0,0,position_proprio_single,0,2,102,26,0.5,0.5,0.5,26,0,26,0,0.5,0,0,26,0.0,0.0,1.0
primary_step_0,0,position_proprio_single,0,3,103,25,0.5,0.5,0.5,25,0,25,0,0.5,0,0,25,0.0,0.0,1.0
primary_step_0,0,position_proprio_single,0,4,103,25,0.5,0.5,0.5,25,0,25,0,0.5,0,0,25,0.0,0.0,1.0
primary_step_0,0,position_proprio_single,1,0,102,26,0.5,0.5,0.5,26,0,26,0,0.5,0,0,26,0.0,0.0,1.0
primary_step_0,0,position_proprio_single,1,1,102,26,0.5,0.5,0.5,26,0,26,0,0.5,0,0,26,0.0,0.0,1.0
primary_step_0,0,position_proprio_single,1,2,102,26,0.5,0.5,0.5,26,0,26,0,0.5,0,0,26,0.0,0.0,1.0
primary_step_0,0,position_proprio_single,1,3,103,25,0.5,0.5,0.5,25,0,25,0,0.5,0,0,25,0.0,0.0,1.0
primary_step_0,0,position_proprio_single,1,4,103,25,0.5,0.5,0.5,25,0,25,0,0.5,0,0,25,0.0,0.0,1.0
primary_step_0,0,position_proprio_single,2,0,102,26,0.5,0.5,0.5,26,0,26,0,0.5,0,0,26,0.0,0.0,1.0
primary_step_0,0,position_proprio_single,2,1,102,26,0.5,0.5,0.5,26,0,26,0,0.5,0,0,26,0.0,0.0,1.0
primary_step_0,0,position_proprio_single,2,2,102,26,0.5,0.5,0.5,26,0,26,0,0.5,0,0,26,0.0,0.0,1.0
primary_step_0,0,position_proprio_single,2,3,103,25,0.5,0.5,0.5,25,0,25,0,0.5,0,0,25,0.0,0.0,1.0
primary_step_0,0,position_proprio_single,2,4,103,25,0.5,0.5,0.5,25,0,25,0,0.5,0,0,25,0.0,0.0,1.0
primary_step_0,0,position_proprio_single,3,0,102,26,0.5,0.5,0.5,26,0,26,0,0.5,0,0,26,0.0,0.0,1.0
primary_step_0,0,position_proprio_single,3,1,102,26,0.5,0.5,0.5,26,0,26,0,0.5,0,0,26,0.0,0.0,1.0
primary_step_0,0,position_proprio_single,3,2,102,26,0.5,0.5,0.5,26,0,26,0,0.5,0,0,26,0.0,0.0,1.0
primary_step_0,0,position_proprio_single,3,3,103,25,0.5,0.5,0.5,25,0,25,0,0.5,0,0,25,0.0,0.0,1.0
primary_step_0,0,position_proprio_single,3,4,103,25,0.5,0.5,0.5,25,0,25,0,0.5,0,0,25,0.0,0.0,1.0
primary_step_0,0,position_proprio_single,4,0,102,26,0.5,0.5,0.5,26,0,26,0,0.5,0,0,26,0.0,0.0,1.0
primary_step_0,0,position_proprio_single,4,1,102,26,0.5,0.5,0.5,26,0,26,0,0.5,0,0,26,0.0,0.0,1.0
primary_step_0,0,position_proprio_single,4,2,102,26,0.5,0.5,0.5,26,0,26,0,0.5,0,0,26,0.0,0.0,1.0
primary_step_0,0,position_proprio_single,4,3,103,25,0.5,0.5,0.5,25,0,25,0,0.5,0,0,25,0.0,0.0,1.0
primary_step_0,0,position_proprio_single,4,4,103,25,0.5,0.5,0.5,25,0,25,0,0.5,0,0,25,0.0,0.0,1.0
primary_step_0,0,xy_history_s1,0,0,102,26,0.5,0.5,0.5,26,0,26,0,0.5,0,0,26,0.0,0.0,1.0
primary_step_0,0,xy_history_s1,0,1,102,26,0.5,0.5,0.5,26,0,26,0,0.5,0,0,26,0.0,0.0,1.0
primary_step_0,0,xy_history_s1,0,2,102,26,0.5,0.5,0.5,26,0,26,0,0.5,0,0,26,0.0,0.0,1.0
primary_step_0,0,xy_history_s1,0,3,103,25,0.5,0.5,0.5,25,0,25,0,0.5,0,0,25,0.0,0.0,1.0
primary_step_0,0,xy_history_s1,0,4,103,25,0.5,0.5,0.5,25,0,25,0,0.5,0,0,25,0.0,0.0,1.0
primary_step_0,0,xy_history_s1,1,0,102,26,0.5,0.5,0.5,26,0,26,0,0.5,0,0,26,0.0,0.0,1.0
primary_step_0,0,xy_history_s1,1,1,102,26,0.5,0.5,0.5,26,0,26,0,0.5,0,0,26,0.0,0.0,1.0
primary_step_0,0,xy_history_s1,1,2,102,26,0.5,0.5,0.5,26,0,26,0,0.5,0,0,26,0.0,0.0,1.0
primary_step_0,0,xy_history_s1,1,3,103,25,0.5,0.5,0.5,25,0,25,0,0.5,0,0,25,0.0,0.0,1.0
primary_step_0,0,xy_history_s1,1,4,103,25,0.5,0.5,0.5,25,0,25,0,0.5,0,0,25,0.0,0.0,1.0
primary_step_0,0,xy_history_s1,2,0,102,26,0.5,0.5,0.5,26,0,26,0,0.5,0,0,26,0.0,0.0,1.0
primary_step_0,0,xy_history_s1,2,1,102,26,0.5,0.5,0.5,26,0,26,0,0.5,0,0,26,0.0,0.0,1.0
primary_step_0,0,xy_history_s1,2,2,102,26,0.5,0.5,0.5,26,0,26,0,0.5,0,0,26,0.0,0.0,1.0
primary_step_0,0,xy_history_s1,2,3,103,25,0.5,0.5,0.5,25,0,25,0,0.5,0,0,25,0.0,0.0,1.0
primary_step_0,0,xy_history_s1,2,4,103,25,0.5,0.5,0.5,25,0,25,0,0.5,0,0,25,0.0,0.0,1.0
primary_step_0,0,xy_history_s1,3,0,102,26,0.5,0.5,0.5,26,0,26,0,0.5,0,0,26,0.0,0.0,1.0
primary_step_0,0,xy_history_s1,3,1,102,26,0.5,0.5,0.5,26,0,26,0,0.5,0,0,26,0.0,0.0,1.0
primary_step_0,0,xy_history_s1,3,2,102,26,0.5,0.5,0.5,26,0,26,0,0.5,0,0,26,0.0,0.0,1.0
primary_step_0,0,xy_history_s1,3,3,103,25,0.5,0.5,0.5,25,0,25,0,0.5,0,0,25,0.0,0.0,1.0
primary_step_0,0,xy_history_s1,3,4,103,25,0.5,0.5,0.5,25,0,25,0,0.5,0,0,25,0.0,0.0,1.0
primary_step_0,0,xy_history_s1,4,0,102,26,0.5,0.5,0.5,26,0,26,0,0.5,0,0,26,0.0,0.0,1.0
primary_step_0,0,xy_history_s1,4,1,102,26,0.5,0.5,0.5,26,0,26,0,0.5,0,0,26,0.0,0.0,1.0
primary_step_0,0,xy_history_s1,4,2,102,26,0.5,0.5,0.5,26,0,26,0,0.5,0,0,26,0.0,0.0,1.0
primary_step_0,0,xy_history_s1,4,3,103,25,0.5,0.5,0.5,25,0,25,0,0.5,0,0,25,0.0,0.0,1.0
primary_step_0,0,xy_history_s1,4,4,103,25,0.5,0.5,0.5,25,0,25,0,0.5,0,0,25,0.0,0.0,1.0
primary_step_0,0,position_proprio_history_s1,0,0,102,26,0.5,0.5,0.5,26,0,26,0,0.5,0,0,26,0.0,0.0,1.0
primary_step_0,0,position_proprio_history_s1,0,1,102,26,0.5,0.5,0.5,26,0,26,0,0.5,0,0,26,0.0,0.0,1.0
primary_step_0,0,position_proprio_history_s1,0,2,102,26,0.5,0.5,0.5,26,0,26,0,0.5,0,0,26,0.0,0.0,1.0
primary_step_0,0,position_proprio_history_s1,0,3,103,25,0.5,0.5,0.5,25,0,25,0,0.5,0,0,25,0.0,0.0,1.0
primary_step_0,0,position_proprio_history_s1,0,4,103,25,0.5,0.5,0.5,25,0,25,0,0.5,0,0,25,0.0,0.0,1.0
primary_step_0,0,position_proprio_history_s1,1,0,102,26,0.5,0.5,0.5,26,0,26,0,0.5,0,0,26,0.0,0.0,1.0
primary_step_0,0,position_proprio_history_s1,1,1,102,26,0.5,0.5,0.5,26,0,26,0,0.5,0,0,26,0.0,0.0,1.0
primary_step_0,0,position_proprio_history_s1,1,2,102,26,0.5,0.5,0.5,26,0,26,0,0.5,0,0,26,0.0,0.0,1.0
primary_step_0,0,position_proprio_history_s1,1,3,103,25,0.5,0.5,0.5,25,0,25,0,0.5,0,0,25,0.0,0.0,1.0
primary_step_0,0,position_proprio_history_s1,1,4,103,25,0.5,0.5,0.5,25,0,25,0,0.5,0,0,25,0.0,0.0,1.0
primary_step_0,0,position_proprio_history_s1,2,0,102,26,0.5,0.5,0.5,26,0,26,0,0.5,0,0,26,0.0,0.0,1.0
primary_step_0,0,position_proprio_history_s1,2,1,102,26,0.5,0.5,0.5,26,0,26,0,0.5,0,0,26,0.0,0.0,1.0
primary_step_0,0,position_proprio_history_s1,2,2,102,26,0.5,0.5,0.5,26,0,26,0,0.5,0,0,26,0.0,0.0,1.0
primary_step_0,0,position_proprio_history_s1,2,3,103,25,0.5,0.5,0.5,25,0,25,0,0.5,0,0,25,0.0,0.0,1.0
primary_step_0,0,position_proprio_history_s1,2,4,103,25,0.5,0.5,0.5,25,0,25,0,0.5,0,0,25,0.0,0.0,1.0
primary_step_0,0,position_proprio_history_s1,3,0,102,26,0.5,0.5,0.5,26,0,26,0,0.5,0,0,26,0.0,0.0,1.0
primary_step_0,0,position_proprio_history_s1,3,1,102,26,0.5,0.5,0.5,26,0,26,0,0.5,0,0,26,0.0,0.0,1.0
primary_step_0,0,position_proprio_history_s1,3,2,102,26,0.5,0.5,0.5,26,0,26,0,0.5,0,0,26,0.0,0.0,1.0
primary_step_0,0,position_proprio_history_s1,3,3,103,25,0.5,0.5,0.5,25,0,25,0,0.5,0,0,25,0.0,0.0,1.0
primary_step_0,0,position_proprio_history_s1,3,4,103,25,0.5,0.5,0.5,25,0,25,0,0.5,0,0,25,0.0,0.0,1.0
primary_step_0,0,position_proprio_history_s1,4,0,102,26,0.5,0.5,0.5,26,0,26,0,0.5,0,0,26,0.0,0.0,1.0
primary_step_0,0,position_proprio_history_s1,4,1,102,26,0.5,0.5,0.5,26,0,26,0,0.5,0,0,26,0.0,0.0,1.0
primary_step_0,0,position_proprio_history_s1,4,2,102,26,0.5,0.5,0.5,26,0,26,0,0.5,0,0,26,0.0,0.0,1.0
primary_step_0,0,position_proprio_history_s1,4,3,103,25,0.5,0.5,0.5,25,0,25,0,0.5,0,0,25,0.0,0.0,1.0
primary_step_0,0,position_proprio_history_s1,4,4,103,25,0.5,0.5,0.5,25,0,25,0,0.5,0,0,25,0.0,0.0,1.0
primary_step_0,0,causal_fd_history_s1,0,0,102,26,0.5,0.5,0.5,26,0,26,0,0.5,0,0,26,0.0,0.0,1.0
primary_step_0,0,causal_fd_history_s1,0,1,102,26,0.5,0.5,0.5,26,0,26,0,0.5,0,0,26,0.0,0.0,1.0
primary_step_0,0,causal_fd_history_s1,0,2,102,26,0.5,0.5,0.5,26,0,26,0,0.5,0,0,26,0.0,0.0,1.0
primary_step_0,0,causal_fd_history_s1,0,3,103,25,0.5,0.5,0.5,25,0,25,0,0.5,0,0,25,0.0,0.0,1.0
primary_step_0,0,causal_fd_history_s1,0,4,103,25,0.5,0.5,0.5,25,0,25,0,0.5,0,0,25,0.0,0.0,1.0
primary_step_0,0,causal_fd_history_s1,1,0,102,26,0.5,0.5,0.5,26,0,26,0,0.5,0,0,26,0.0,0.0,1.0
primary_step_0,0,causal_fd_history_s1,1,1,102,26,0.5,0.5,0.5,26,0,26,0,0.5,0,0,26,0.0,0.0,1.0
primary_step_0,0,causal_fd_history_s1,1,2,102,26,0.5,0.5,0.5,26,0,26,0,0.5,0,0,26,0.0,0.0,1.0
primary_step_0,0,causal_fd_history_s1,1,3,103,25,0.5,0.5,0.5,25,0,25,0,0.5,0,0,25,0.0,0.0,1.0
primary_step_0,0,causal_fd_history_s1,1,4,103,25,0.5,0.5,0.5,25,0,25,0,0.5,0,0,25,0.0,0.0,1.0
primary_step_0,0,causal_fd_history_s1,2,0,102,26,0.5,0.5,0.5,26,0,26,0,0.5,0,0,26,0.0,0.0,1.0
primary_step_0,0,causal_fd_history_s1,2,1,102,26,0.5,0.5,0.5,26,0,26,0,0.5,0,0,26,0.0,0.0,1.0
primary_step_0,0,causal_fd_history_s1,2,2,102,26,0.5,0.5,0.5,26,0,26,0,0.5,0,0,26,0.0,0.0,1.0
primary_step_0,0,causal_fd_history_s1,2,3,103,25,0.5,0.5,0.5,25,0,25,0,0.5,0,0,25,0.0,0.0,1.0
primary_step_0,0,causal_fd_history_s1,2,4,103,25,0.5,0.5,0.5,25,0,25,0,0.5,0,0,25,0.0,0.0,1.0
primary_step_0,0,causal_fd_history_s1,3,0,102,26,0.5,0.5,0.5,26,0,26,0,0.5,0,0,26,0.0,0.0,1.0
primary_step_0,0,causal_fd_history_s1,3,1,102,26,0.5,0.5,0.5,26,0,26,0,0.5,0,0,26,0.0,0.0,1.0
primary_step_0,0,causal_fd_history_s1,3,2,102,26,0.5,0.5,0.5,26,0,26,0,0.5,0,0,26,0.0,0.0,1.0
primary_step_0,0,causal_fd_history_s1,3,3,103,25,0.5,0.5,0.5,25,0,25,0,0.5,0,0,25,0.0,0.0,1.0
primary_step_0,0,causal_fd_history_s1,3,4,103,25,0.5,0.5,0.5,25,0,25,0,0.5,0,0,25,0.0,0.0,1.0
primary_step_0,0,causal_fd_history_s1,4,0,102,26,0.5,0.5,0.5,26,0,26,0,0.5,0,0,26,0.0,0.0,1.0
primary_step_0,0,causal_fd_history_s1,4,1,102,26,0.5,0.5,0.5,26,0,26,0,0.5,0,0,26,0.0,0.0,1.0
primary_step_0,0,causal_fd_history_s1,4,2,102,26,0.5,0.5,0.5,26,0,26,0,0.5,0,0,26,0.0,0.0,1.0
primary_step_0,0,causal_fd_history_s1,4,3,103,25,0.5,0.5,0.5,25,0,25,0,0.5,0,0,25,0.0,0.0,1.0
primary_step_0,0,causal_fd_history_s1,4,4,103,25,0.5,0.5,0.5,25,0,25,0,0.5,0,0,25,0.0,0.0,1.0
primary_step_0,0,model_x_v2_s1,0,0,102,26,0.5,0.5,0.5,26,0,26,0,0.5,0,0,26,0.0,0.0,1.0
primary_step_0,0,model_x_v2_s1,0,1,102,26,0.5,0.5,0.5,26,0,26,0,0.5,0,0,26,0.0,0.0,1.0
primary_step_0,0,model_x_v2_s1,0,2,102,26,0.5,0.5,0.5,26,0,26,0,0.5,0,0,26,0.0,0.0,1.0
primary_step_0,0,model_x_v2_s1,0,3,103,25,0.5,0.5,0.5,25,0,25,0,0.5,0,0,25,0.0,0.0,1.0
primary_step_0,0,model_x_v2_s1,0,4,103,25,0.5,0.5,0.5,25,0,25,0,0.5,0,0,25,0.0,0.0,1.0
primary_step_0,0,model_x_v2_s1,1,0,102,26,0.5,0.5,0.5,26,0,26,0,0.5,0,0,26,0.0,0.0,1.0
primary_step_0,0,model_x_v2_s1,1,1,102,26,0.5,0.5,0.5,26,0,26,0,0.5,0,0,26,0.0,0.0,1.0
primary_step_0,0,model_x_v2_s1,1,2,102,26,0.5,0.5,0.5,26,0,26,0,0.5,0,0,26,0.0,0.0,1.0
primary_step_0,0,model_x_v2_s1,1,3,103,25,0.5,0.5,0.5,25,0,25,0,0.5,0,0,25,0.0,0.0,1.0
primary_step_0,0,model_x_v2_s1,1,4,103,25,0.5,0.5,0.5,25,0,25,0,0.5,0,0,25,0.0,0.0,1.0
primary_step_0,0,model_x_v2_s1,2,0,102,26,0.5,0.5,0.5,26,0,26,0,0.5,0,0,26,0.0,0.0,1.0
primary_step_0,0,model_x_v2_s1,2,1,102,26,0.5,0.5,0.5,26,0,26,0,0.5,0,0,26,0.0,0.0,1.0
primary_step_0,0,model_x_v2_s1,2,2,102,26,0.5,0.5,0.5,26,0,26,0,0.5,0,0,26,0.0,0.0,1.0
primary_step_0,0,model_x_v2_s1,2,3,103,25,0.5,0.5,0.5,25,0,25,0,0.5,0,0,25,0.0,0.0,1.0
primary_step_0,0,model_x_v2_s1,2,4,103,25,0.5,0.5,0.5,25,0,25,0,0.5,0,0,25,0.0,0.0,1.0
primary_step_0,0,model_x_v2_s1,3,0,102,26,0.5,0.5,0.5,26,0,26,0,0.5,0,0,26,0.0,0.0,1.0
primary_step_0,0,model_x_v2_s1,3,1,102,26,0.5,0.5,0.5,26,0,26,0,0.5,0,0,26,0.0,0.0,1.0
primary_step_0,0,model_x_v2_s1,3,2,102,26,0.5,0.5,0.5,26,0,26,0,0.5,0,0,26,0.0,0.0,1.0
primary_step_0,0,model_x_v2_s1,3,3,103,25,0.5,0.5,0.5,25,0,25,0,0.5,0,0,25,0.0,0.0,1.0
primary_step_0,0,model_x_v2_s1,3,4,103,25,0.5,0.5,0.5,25,0,25,0,0.5,0,0,25,0.0,0.0,1.0
primary_step_0,0,model_x_v2_s1,4,0,102,26,0.5,0.5,0.5,26,0,26,0,0.5,0,0,26,0.0,0.0,1.0
primary_step_0,0,model_x_v2_s1,4,1,102,26,0.5,0.5,0.5,26,0,26,0,0.5,0,0,26,0.0,0.0,1.0
primary_step_0,0,model_x_v2_s1,4,2,102,26,0.5,0.5,0.5,26,0,26,0,0.5,0,0,26,0.0,0.0,1.0
primary_step_0,0,model_x_v2_s1,4,3,103,25,0.5,0.5,0.5,25,0,25,0,0.5,0,0,25,0.0,0.0,1.0
primary_step_0,0,model_x_v2_s1,4,4,103,25,0.5,0.5,0.5,25,0,25,0,0.5,0,0,25,0.0,0.0,1.0
primary_step_0,0,privileged_model_x_v1_s1,0,0,102,26,0.5,0.5,0.5,26,0,26,0,0.5,0,0,26,0.0,0.0,1.0
primary_step_0,0,privileged_model_x_v1_s1,0,1,102,26,0.5,0.5,0.5,26,0,26,0,0.5,0,0,26,0.0,0.0,1.0
primary_step_0,0,privileged_model_x_v1_s1,0,2,102,26,0.5,0.5,0.5,26,0,26,0,0.5,0,0,26,0.0,0.0,1.0
primary_step_0,0,privileged_model_x_v1_s1,0,3,103,25,0.5,0.5,0.5,25,0,25,0,0.5,0,0,25,0.0,0.0,1.0
primary_step_0,0,privileged_model_x_v1_s1,0,4,103,25,0.5,0.5,0.5,25,0,25,0,0.5,0,0,25,0.0,0.0,1.0
primary_step_0,0,privileged_model_x_v1_s1,1,0,102,26,0.5,0.5,0.5,26,0,26,0,0.5,0,0,26,0.0,0.0,1.0
primary_step_0,0,privileged_model_x_v1_s1,1,1,102,26,0.5,0.5,0.5,26,0,26,0,0.5,0,0,26,0.0,0.0,1.0
primary_step_0,0,privileged_model_x_v1_s1,1,2,102,26,0.5,0.5,0.5,26,0,26,0,0.5,0,0,26,0.0,0.0,1.0
primary_step_0,0,privileged_model_x_v1_s1,1,3,103,25,0.5,0.5,0.5,25,0,25,0,0.5,0,0,25,0.0,0.0,1.0
primary_step_0,0,privileged_model_x_v1_s1,1,4,103,25,0.5,0.5,0.5,25,0,25,0,0.5,0,0,25,0.0,0.0,1.0
primary_step_0,0,privileged_model_x_v1_s1,2,0,102,26,0.5,0.5,0.5,26,0,26,0,0.5,0,0,26,0.0,0.0,1.0
primary_step_0,0,privileged_model_x_v1_s1,2,1,102,26,0.5,0.5,0.5,26,0,26,0,0.5,0,0,26,0.0,0.0,1.0
primary_step_0,0,privileged_model_x_v1_s1,2,2,102,26,0.5,0.5,0.5,26,0,26,0,0.5,0,0,26,0.0,0.0,1.0
primary_step_0,0,privileged_model_x_v1_s1,2,3,103,25,0.5,0.5,0.5,25,0,25,0,0.5,0,0,25,0.0,0.0,1.0
primary_step_0,0,privileged_model_x_v1_s1,2,4,103,25,0.5,0.5,0.5,25,0,25,0,0.5,0,0,25,0.0,0.0,1.0
primary_step_0,0,privileged_model_x_v1_s1,3,0,102,26,0.5,0.5,0.5,26,0,26,0,0.5,0,0,26,0.0,0.0,1.0
primary_step_0,0,privileged_model_x_v1_s1,3,1,102,26,0.5,0.5,0.5,26,0,26,0,0.5,0,0,26,0.0,0.0,1.0
primary_step_0,0,privileged_model_x_v1_s1,3,2,102,26,0.5,0.5,0.5,26,0,26,0,0.5,0,0,26,0.0,0.0,1.0
primary_step_0,0,privileged_model_x_v1_s1,3,3,103,25,0.5,0.5,0.5,25,0,25,0,0.5,0,0,25,0.0,0.0,1.0
primary_step_0,0,privileged_model_x_v1_s1,3,4,103,25,0.5,0.5,0.5,25,0,25,0,0.5,0,0,25,0.0,0.0,1.0
primary_step_0,0,privileged_model_x_v1_s1,4,0,102,26,0.5,0.5,0.5,26,0,26,0,0.5,0,0,26,0.0,0.0,1.0
primary_step_0,0,privileged_model_x_v1_s1,4,1,102,26,0.5,0.5,0.5,26,0,26,0,0.5,0,0,26,0.0,0.0,1.0
primary_step_0,0,privileged_model_x_v1_s1,4,2,102,26,0.5,0.5,0.5,26,0,26,0,0.5,0,0,26,0.0,0.0,1.0
primary_step_0,0,privileged_model_x_v1_s1,4,3,103,25,0.5,0.5,0.5,25,0,25,0,0.5,0,0,25,0.0,0.0,1.0
primary_step_0,0,privileged_model_x_v1_s1,4,4,103,25,0.5,0.5,0.5,25,0,25,0,0.5,0,0,25,0.0,0.0,1.0
primary_step_0,0,xy_history_s5,0,0,102,26,0.5,0.5,0.5,26,0,26,0,0.5,0,0,26,0.0,0.0,1.0
primary_step_0,0,xy_history_s5,0,1,102,26,0.5,0.5,0.5,26,0,26,0,0.5,0,0,26,0.0,0.0,1.0
primary_step_0,0,xy_history_s5,0,2,102,26,0.5,0.5,0.5,26,0,26,0,0.5,0,0,26,0.0,0.0,1.0
primary_step_0,0,xy_history_s5,0,3,103,25,0.5,0.5,0.5,25,0,25,0,0.5,0,0,25,0.0,0.0,1.0
primary_step_0,0,xy_history_s5,0,4,103,25,0.5,0.5,0.5,25,0,25,0,0.5,0,0,25,0.0,0.0,1.0
primary_step_0,0,xy_history_s5,1,0,102,26,0.5,0.5,0.5,26,0,26,0,0.5,0,0,26,0.0,0.0,1.0
primary_step_0,0,xy_history_s5,1,1,102,26,0.5,0.5,0.5,26,0,26,0,0.5,0,0,26,0.0,0.0,1.0
primary_step_0,0,xy_history_s5,1,2,102,26,0.5,0.5,0.5,26,0,26,0,0.5,0,0,26,0.0,0.0,1.0
primary_step_0,0,xy_history_s5,1,3,103,25,0.5,0.5,0.5,25,0,25,0,0.5,0,0,25,0.0,0.0,1.0
primary_step_0,0,xy_history_s5,1,4,103,25,0.5,0.5,0.5,25,0,25,0,0.5,0,0,25,0.0,0.0,1.0
primary_step_0,0,xy_history_s5,2,0,102,26,0.5,0.5,0.5,26,0,26,0,0.5,0,0,26,0.0,0.0,1.0
primary_step_0,0,xy_history_s5,2,1,102,26,0.5,0.5,0.5,26,0,26,0,0.5,0,0,26,0.0,0.0,1.0
primary_step_0,0,xy_history_s5,2,2,102,26,0.5,0.5,0.5,26,0,26,0,0.5,0,0,26,0.0,0.0,1.0
primary_step_0,0,xy_history_s5,2,3,103,25,0.5,0.5,0.5,25,0,25,0,0.5,0,0,25,0.0,0.0,1.0
primary_step_0,0,xy_history_s5,2,4,103,25,0.5,0.5,0.5,25,0,25,0,0.5,0,0,25,0.0,0.0,1.0
primary_step_0,0,xy_history_s5,3,0,102,26,0.5,0.5,0.5,26,0,26,0,0.5,0,0,26,0.0,0.0,1.0
primary_step_0,0,xy_history_s5,3,1,102,26,0.5,0.5,0.5,26,0,26,0,0.5,0,0,26,0.0,0.0,1.0
primary_step_0,0,xy_history_s5,3,2,102,26,0.5,0.5,0.5,26,0,26,0,0.5,0,0,26,0.0,0.0,1.0
primary_step_0,0,xy_history_s5,3,3,103,25,0.5,0.5,0.5,25,0,25,0,0.5,0,0,25,0.0,0.0,1.0
primary_step_0,0,xy_history_s5,3,4,103,25,0.5,0.5,0.5,25,0,25,0,0.5,0,0,25,0.0,0.0,1.0
primary_step_0,0,xy_history_s5,4,0,102,26,0.5,0.5,0.5,26,0,26,0,0.5,0,0,26,0.0,0.0,1.0
primary_step_0,0,xy_history_s5,4,1,102,26,0.5,0.5,0.5,26,0,26,0,0.5,0,0,26,0.0,0.0,1.0
primary_step_0,0,xy_history_s5,4,2,102,26,0.5,0.5,0.5,26,0,26,0,0.5,0,0,26,0.0,0.0,1.0
primary_step_0,0,xy_history_s5,4,3,103,25,0.5,0.5,0.5,25,0,25,0,0.5,0,0,25,0.0,0.0,1.0
primary_step_0,0,xy_history_s5,4,4,103,25,0.5,0.5,0.5,25,0,25,0,0.5,0,0,25,0.0,0.0,1.0
primary_step_0,0,position_proprio_history_s5,0,0,102,26,0.5,0.5,0.5,26,0,26,0,0.5,0,0,26,0.0,0.0,1.0
primary_step_0,0,position_proprio_history_s5,0,1,102,26,0.5,0.5,0.5,26,0,26,0,0.5,0,0,26,0.0,0.0,1.0
primary_step_0,0,position_proprio_history_s5,0,2,102,26,0.5,0.5,0.5,26,0,26,0,0.5,0,0,26,0.0,0.0,1.0
primary_step_0,0,position_proprio_history_s5,0,3,103,25,0.5,0.5,0.5,25,0,25,0,0.5,0,0,25,0.0,0.0,1.0
primary_step_0,0,position_proprio_history_s5,0,4,103,25,0.5,0.5,0.5,25,0,25,0,0.5,0,0,25,0.0,0.0,1.0
primary_step_0,0,position_proprio_history_s5,1,0,102,26,0.5,0.5,0.5,26,0,26,0,0.5,0,0,26,0.0,0.0,1.0
primary_step_0,0,position_proprio_history_s5,1,1,102,26,0.5,0.5,0.5,26,0,26,0,0.5,0,0,26,0.0,0.0,1.0
primary_step_0,0,position_proprio_history_s5,1,2,102,26,0.5,0.5,0.5,26,0,26,0,0.5,0,0,26,0.0,0.0,1.0
primary_step_0,0,position_proprio_history_s5,1,3,103,25,0.5,0.5,0.5,25,0,25,0,0.5,0,0,25,0.0,0.0,1.0
primary_step_0,0,position_proprio_history_s5,1,4,103,25,0.5,0.5,0.5,25,0,25,0,0.5,0,0,25,0.0,0.0,1.0
primary_step_0,0,position_proprio_history_s5,2,0,102,26,0.5,0.5,0.5,26,0,26,0,0.5,0,0,26,0.0,0.0,1.0
primary_step_0,0,position_proprio_history_s5,2,1,102,26,0.5,0.5,0.5,26,0,26,0,0.5,0,0,26,0.0,0.0,1.0
primary_step_0,0,position_proprio_history_s5,2,2,102,26,0.5,0.5,0.5,26,0,26,0,0.5,0,0,26,0.0,0.0,1.0
primary_step_0,0,position_proprio_history_s5,2,3,103,25,0.5,0.5,0.5,25,0,25,0,0.5,0,0,25,0.0,0.0,1.0
primary_step_0,0,position_proprio_history_s5,2,4,103,25,0.5,0.5,0.5,25,0,25,0,0.5,0,0,25,0.0,0.0,1.0
primary_step_0,0,position_proprio_history_s5,3,0,102,26,0.5,0.5,0.5,26,0,26,0,0.5,0,0,26,0.0,0.0,1.0
primary_step_0,0,position_proprio_history_s5,3,1,102,26,0.5,0.5,0.5,26,0,26,0,0.5,0,0,26,0.0,0.0,1.0
primary_step_0,0,position_proprio_history_s5,3,2,102,26,0.5,0.5,0.5,26,0,26,0,0.5,0,0,26,0.0,0.0,1.0
primary_step_0,0,position_proprio_history_s5,3,3,103,25,0.5,0.5,0.5,25,0,25,0,0.5,0,0,25,0.0,0.0,1.0
primary_step_0,0,position_proprio_history_s5,3,4,103,25,0.5,0.5,0.5,25,0,25,0,0.5,0,0,25,0.0,0.0,1.0
primary_step_0,0,position_proprio_history_s5,4,0,102,26,0.5,0.5,0.5,26,0,26,0,0.5,0,0,26,0.0,0.0,1.0
primary_step_0,0,position_proprio_history_s5,4,1,102,26,0.5,0.5,0.5,26,0,26,0,0.5,0,0,26,0.0,0.0,1.0
primary_step_0,0,position_proprio_history_s5,4,2,102,26,0.5,0.5,0.5,26,0,26,0,0.5,0,0,26,0.0,0.0,1.0
primary_step_0,0,position_proprio_history_s5,4,3,103,25,0.5,0.5,0.5,25,0,25,0,0.5,0,0,25,0.0,0.0,1.0
primary_step_0,0,position_proprio_history_s5,4,4,103,25,0.5,0.5,0.5,25,0,25,0,0.5,0,0,25,0.0,0.0,1.0
primary_step_0,0,causal_fd_history_s5,0,0,102,26,0.5,0.5,0.5,26,0,26,0,0.5,0,0,26,0.0,0.0,1.0
primary_step_0,0,causal_fd_history_s5,0,1,102,26,0.5,0.5,0.5,26,0,26,0,0.5,0,0,26,0.0,0.0,1.0
primary_step_0,0,causal_fd_history_s5,0,2,102,26,0.5,0.5,0.5,26,0,26,0,0.5,0,0,26,0.0,0.0,1.0
primary_step_0,0,causal_fd_history_s5,0,3,103,25,0.5,0.5,0.5,25,0,25,0,0.5,0,0,25,0.0,0.0,1.0
primary_step_0,0,causal_fd_history_s5,0,4,103,25,0.5,0.5,0.5,25,0,25,0,0.5,0,0,25,0.0,0.0,1.0
primary_step_0,0,causal_fd_history_s5,1,0,102,26,0.5,0.5,0.5,26,0,26,0,0.5,0,0,26,0.0,0.0,1.0
primary_step_0,0,causal_fd_history_s5,1,1,102,26,0.5,0.5,0.5,26,0,26,0,0.5,0,0,26,0.0,0.0,1.0
primary_step_0,0,causal_fd_history_s5,1,2,102,26,0.5,0.5,0.5,26,0,26,0,0.5,0,0,26,0.0,0.0,1.0
primary_step_0,0,causal_fd_history_s5,1,3,103,25,0.5,0.5,0.5,25,0,25,0,0.5,0,0,25,0.0,0.0,1.0
primary_step_0,0,causal_fd_history_s5,1,4,103,25,0.5,0.5,0.5,25,0,25,0,0.5,0,0,25,0.0,0.0,1.0
primary_step_0,0,causal_fd_history_s5,2,0,102,26,0.5,0.5,0.5,26,0,26,0,0.5,0,0,26,0.0,0.0,1.0
primary_step_0,0,causal_fd_history_s5,2,1,102,26,0.5,0.5,0.5,26,0,26,0,0.5,0,0,26,0.0,0.0,1.0
primary_step_0,0,causal_fd_history_s5,2,2,102,26,0.5,0.5,0.5,26,0,26,0,0.5,0,0,26,0.0,0.0,1.0
primary_step_0,0,causal_fd_history_s5,2,3,103,25,0.5,0.5,0.5,25,0,25,0,0.5,0,0,25,0.0,0.0,1.0
primary_step_0,0,causal_fd_history_s5,2,4,103,25,0.5,0.5,0.5,25,0,25,0,0.5,0,0,25,0.0,0.0,1.0
primary_step_0,0,causal_fd_history_s5,3,0,102,26,0.5,0.5,0.5,26,0,26,0,0.5,0,0,26,0.0,0.0,1.0
primary_step_0,0,causal_fd_history_s5,3,1,102,26,0.5,0.5,0.5,26,0,26,0,0.5,0,0,26,0.0,0.0,1.0
primary_step_0,0,causal_fd_history_s5,3,2,102,26,0.5,0.5,0.5,26,0,26,0,0.5,0,0,26,0.0,0.0,1.0
primary_step_0,0,causal_fd_history_s5,3,3,103,25,0.5,0.5,0.5,25,0,25,0,0.5,0,0,25,0.0,0.0,1.0
primary_step_0,0,causal_fd_history_s5,3,4,103,25,0.5,0.5,0.5,25,0,25,0,0.5,0,0,25,0.0,0.0,1.0
primary_step_0,0,causal_fd_history_s5,4,0,102,26,0.5,0.5,0.5,26,0,26,0,0.5,0,0,26,0.0,0.0,1.0
primary_step_0,0,causal_fd_history_s5,4,1,102,26,0.5,0.5,0.5,26,0,26,0,0.5,0,0,26,0.0,0.0,1.0
primary_step_0,0,causal_fd_history_s5,4,2,102,26,0.5,0.5,0.5,26,0,26,0,0.5,0,0,26,0.0,0.0,1.0
primary_step_0,0,causal_fd_history_s5,4,3,103,25,0.5,0.5,0.5,25,0,25,0,0.5,0,0,25,0.0,0.0,1.0
primary_step_0,0,causal_fd_history_s5,4,4,103,25,0.5,0.5,0.5,25,0,25,0,0.5,0,0,25,0.0,0.0,1.0
primary_step_0,0,model_x_v2_s5,0,0,102,26,0.5,0.5,0.5,26,0,26,0,0.5,0,0,26,0.0,0.0,1.0
primary_step_0,0,model_x_v2_s5,0,1,102,26,0.5,0.5,0.5,26,0,26,0,0.5,0,0,26,0.0,0.0,1.0
primary_step_0,0,model_x_v2_s5,0,2,102,26,0.5,0.5,0.5,26,0,26,0,0.5,0,0,26,0.0,0.0,1.0
primary_step_0,0,model_x_v2_s5,0,3,103,25,0.5,0.5,0.5,25,0,25,0,0.5,0,0,25,0.0,0.0,1.0
primary_step_0,0,model_x_v2_s5,0,4,103,25,0.5,0.5,0.5,25,0,25,0,0.5,0,0,25,0.0,0.0,1.0
primary_step_0,0,model_x_v2_s5,1,0,102,26,0.5,0.5,0.5,26,0,26,0,0.5,0,0,26,0.0,0.0,1.0
primary_step_0,0,model_x_v2_s5,1,1,102,26,0.5,0.5,0.5,26,0,26,0,0.5,0,0,26,0.0,0.0,1.0
primary_step_0,0,model_x_v2_s5,1,2,102,26,0.5,0.5,0.5,26,0,26,0,0.5,0,0,26,0.0,0.0,1.0
primary_step_0,0,model_x_v2_s5,1,3,103,25,0.5,0.5,0.5,25,0,25,0,0.5,0,0,25,0.0,0.0,1.0
primary_step_0,0,model_x_v2_s5,1,4,103,25,0.5,0.5,0.5,25,0,25,0,0.5,0,0,25,0.0,0.0,1.0
primary_step_0,0,model_x_v2_s5,2,0,102,26,0.5,0.5,0.5,26,0,26,0,0.5,0,0,26,0.0,0.0,1.0
primary_step_0,0,model_x_v2_s5,2,1,102,26,0.5,0.5,0.5,26,0,26,0,0.5,0,0,26,0.0,0.0,1.0
primary_step_0,0,model_x_v2_s5,2,2,102,26,0.5,0.5,0.5,26,0,26,0,0.5,0,0,26,0.0,0.0,1.0
primary_step_0,0,model_x_v2_s5,2,3,103,25,0.5,0.5,0.5,25,0,25,0,0.5,0,0,25,0.0,0.0,1.0
primary_step_0,0,model_x_v2_s5,2,4,103,25,0.5,0.5,0.5,25,0,25,0,0.5,0,0,25,0.0,0.0,1.0
primary_step_0,0,model_x_v2_s5,3,0,102,26,0.5,0.5,0.5,26,0,26,0,0.5,0,0,26,0.0,0.0,1.0
primary_step_0,0,model_x_v2_s5,3,1,102,26,0.5,0.5,0.5,26,0,26,0,0.5,0,0,26,0.0,0.0,1.0
primary_step_0,0,model_x_v2_s5,3,2,102,26,0.5,0.5,0.5,26,0,26,0,0.5,0,0,26,0.0,0.0,1.0
primary_step_0,0,model_x_v2_s5,3,3,103,25,0.5,0.5,0.5,25,0,25,0,0.5,0,0,25,0.0,0.0,1.0
primary_step_0,0,model_x_v2_s5,3,4,103,25,0.5,0.5,0.5,25,0,25,0,0.5,0,0,25,0.0,0.0,1.0
primary_step_0,0,model_x_v2_s5,4,0,102,26,0.5,0.5,0.5,26,0,26,0,0.5,0,0,26,0.0,0.0,1.0
primary_step_0,0,model_x_v2_s5,4,1,102,26,0.5,0.5,0.5,26,0,26,0,0.5,0,0,26,0.0,0.0,1.0
primary_step_0,0,model_x_v2_s5,4,2,102,26,0.5,0.5,0.5,26,0,26,0,0.5,0,0,26,0.0,0.0,1.0
primary_step_0,0,model_x_v2_s5,4,3,103,25,0.5,0.5,0.5,25,0,25,0,0.5,0,0,25,0.0,0.0,1.0
primary_step_0,0,model_x_v2_s5,4,4,103,25,0.5,0.5,0.5,25,0,25,0,0.5,0,0,25,0.0,0.0,1.0
primary_step_0,0,privileged_model_x_v1_s5,0,0,102,26,0.5,0.5,0.5,26,0,26,0,0.5,0,0,26,0.0,0.0,1.0
primary_step_0,0,privileged_model_x_v1_s5,0,1,102,26,0.5,0.5,0.5,26,0,26,0,0.5,0,0,26,0.0,0.0,1.0
primary_step_0,0,privileged_model_x_v1_s5,0,2,102,26,0.5,0.5,0.5,26,0,26,0,0.5,0,0,26,0.0,0.0,1.0
primary_step_0,0,privileged_model_x_v1_s5,0,3,103,25,0.5,0.5,0.5,25,0,25,0,0.5,0,0,25,0.0,0.0,1.0
primary_step_0,0,privileged_model_x_v1_s5,0,4,103,25,0.5,0.5,0.5,25,0,25,0,0.5,0,0,25,0.0,0.0,1.0
primary_step_0,0,privileged_model_x_v1_s5,1,0,102,26,0.5,0.5,0.5,26,0,26,0,0.5,0,0,26,0.0,0.0,1.0
primary_step_0,0,privileged_model_x_v1_s5,1,1,102,26,0.5,0.5,0.5,26,0,26,0,0.5,0,0,26,0.0,0.0,1.0
primary_step_0,0,privileged_model_x_v1_s5,1,2,102,26,0.5,0.5,0.5,26,0,26,0,0.5,0,0,26,0.0,0.0,1.0
primary_step_0,0,privileged_model_x_v1_s5,1,3,103,25,0.5,0.5,0.5,25,0,25,0,0.5,0,0,25,0.0,0.0,1.0
primary_step_0,0,privileged_model_x_v1_s5,1,4,103,25,0.5,0.5,0.5,25,0,25,0,0.5,0,0,25,0.0,0.0,1.0
primary_step_0,0,privileged_model_x_v1_s5,2,0,102,26,0.5,0.5,0.5,26,0,26,0,0.5,0,0,26,0.0,0.0,1.0
primary_step_0,0,privileged_model_x_v1_s5,2,1,102,26,0.5,0.5,0.5,26,0,26,0,0.5,0,0,26,0.0,0.0,1.0
primary_step_0,0,privileged_model_x_v1_s5,2,2,102,26,0.5,0.5,0.5,26,0,26,0,0.5,0,0,26,0.0,0.0,1.0
primary_step_0,0,privileged_model_x_v1_s5,2,3,103,25,0.5,0.5,0.5,25,0,25,0,0.5,0,0,25,0.0,0.0,1.0
primary_step_0,0,privileged_model_x_v1_s5,2,4,103,25,0.5,0.5,0.5,25,0,25,0,0.5,0,0,25,0.0,0.0,1.0
primary_step_0,0,privileged_model_x_v1_s5,3,0,102,26,0.5,0.5,0.5,26,0,26,0,0.5,0,0,26,0.0,0.0,1.0
primary_step_0,0,privileged_model_x_v1_s5,3,1,102,26,0.5,0.5,0.5,26,0,26,0,0.5,0,0,26,0.0,0.0,1.0
primary_step_0,0,privileged_model_x_v1_s5,3,2,102,26,0.5,0.5,0.5,26,0,26,0,0.5,0,0,26,0.0,0.0,1.0
primary_step_0,0,privileged_model_x_v1_s5,3,3,103,25,0.5,0.5,0.5,25,0,25,0,0.5,0,0,25,0.0,0.0,1.0
primary_step_0,0,privileged_model_x_v1_s5,3,4,103,25,0.5,0.5,0.5,25,0,25,0,0.5,0,0,25,0.0,0.0,1.0
primary_step_0,0,privileged_model_x_v1_s5,4,0,102,26,0.5,0.5,0.5,26,0,26,0,0.5,0,0,26,0.0,0.0,1.0
primary_step_0,0,privileged_model_x_v1_s5,4,1,102,26,0.5,0.5,0.5,26,0,26,0,0.5,0,0,26,0.0,0.0,1.0
primary_step_0,0,privileged_model_x_v1_s5,4,2,102,26,0.5,0.5,0.5,26,0,26,0,0.5,0,0,26,0.0,0.0,1.0
primary_step_0,0,privileged_model_x_v1_s5,4,3,103,25,0.5,0.5,0.5,25,0,25,0,0.5,0,0,25,0.0,0.0,1.0
primary_step_0,0,privileged_model_x_v1_s5,4,4,103,25,0.5,0.5,0.5,25,0,25,0,0.5,0,0,25,0.0,0.0,1.0
primary_step_0,0,xy_history_s10,0,0,102,26,0.5,0.5,0.5,26,0,26,0,0.5,0,0,26,0.0,0.0,1.0
primary_step_0,0,xy_history_s10,0,1,102,26,0.5,0.5,0.5,26,0,26,0,0.5,0,0,26,0.0,0.0,1.0
primary_step_0,0,xy_history_s10,0,2,102,26,0.5,0.5,0.5,26,0,26,0,0.5,0,0,26,0.0,0.0,1.0
primary_step_0,0,xy_history_s10,0,3,103,25,0.5,0.5,0.5,25,0,25,0,0.5,0,0,25,0.0,0.0,1.0
primary_step_0,0,xy_history_s10,0,4,103,25,0.5,0.5,0.5,25,0,25,0,0.5,0,0,25,0.0,0.0,1.0
primary_step_0,0,xy_history_s10,1,0,102,26,0.5,0.5,0.5,26,0,26,0,0.5,0,0,26,0.0,0.0,1.0
primary_step_0,0,xy_history_s10,1,1,102,26,0.5,0.5,0.5,26,0,26,0,0.5,0,0,26,0.0,0.0,1.0
primary_step_0,0,xy_history_s10,1,2,102,26,0.5,0.5,0.5,26,0,26,0,0.5,0,0,26,0.0,0.0,1.0
primary_step_0,0,xy_history_s10,1,3,103,25,0.5,0.5,0.5,25,0,25,0,0.5,0,0,25,0.0,0.0,1.0
primary_step_0,0,xy_history_s10,1,4,103,25,0.5,0.5,0.5,25,0,25,0,0.5,0,0,25,0.0,0.0,1.0
primary_step_0,0,xy_history_s10,2,0,102,26,0.5,0.5,0.5,26,0,26,0,0.5,0,0,26,0.0,0.0,1.0
primary_step_0,0,xy_history_s10,2,1,102,26,0.5,0.5,0.5,26,0,26,0,0.5,0,0,26,0.0,0.0,1.0
primary_step_0,0,xy_history_s10,2,2,102,26,0.5,0.5,0.5,26,0,26,0,0.5,0,0,26,0.0,0.0,1.0
primary_step_0,0,xy_history_s10,2,3,103,25,0.5,0.5,0.5,25,0,25,0,0.5,0,0,25,0.0,0.0,1.0
primary_step_0,0,xy_history_s10,2,4,103,25,0.5,0.5,0.5,25,0,25,0,0.5,0,0,25,0.0,0.0,1.0
primary_step_0,0,xy_history_s10,3,0,102,26,0.5,0.5,0.5,26,0,26,0,0.5,0,0,26,0.0,0.0,1.0
primary_step_0,0,xy_history_s10,3,1,102,26,0.5,0.5,0.5,26,0,26,0,0.5,0,0,26,0.0,0.0,1.0
primary_step_0,0,xy_history_s10,3,2,102,26,0.5,0.5,0.5,26,0,26,0,0.5,0,0,26,0.0,0.0,1.0
primary_step_0,0,xy_history_s10,3,3,103,25,0.5,0.5,0.5,25,0,25,0,0.5,0,0,25,0.0,0.0,1.0
primary_step_0,0,xy_history_s10,3,4,103,25,0.5,0.5,0.5,25,0,25,0,0.5,0,0,25,0.0,0.0,1.0
primary_step_0,0,xy_history_s10,4,0,102,26,0.5,0.5,0.5,26,0,26,0,0.5,0,0,26,0.0,0.0,1.0
primary_step_0,0,xy_history_s10,4,1,102,26,0.5,0.5,0.5,26,0,26,0,0.5,0,0,26,0.0,0.0,1.0
primary_step_0,0,xy_history_s10,4,2,102,26,0.5,0.5,0.5,26,0,26,0,0.5,0,0,26,0.0,0.0,1.0
primary_step_0,0,xy_history_s10,4,3,103,25,0.5,0.5,0.5,25,0,25,0,0.5,0,0,25,0.0,0.0,1.0
primary_step_0,0,xy_history_s10,4,4,103,25,0.5,0.5,0.5,25,0,25,0,0.5,0,0,25,0.0,0.0,1.0
primary_step_0,0,position_proprio_history_s10,0,0,102,26,0.5,0.5,0.5,26,0,26,0,0.5,0,0,26,0.0,0.0,1.0
primary_step_0,0,position_proprio_history_s10,0,1,102,26,0.5,0.5,0.5,26,0,26,0,0.5,0,0,26,0.0,0.0,1.0
primary_step_0,0,position_proprio_history_s10,0,2,102,26,0.5,0.5,0.5,26,0,26,0,0.5,0,0,26,0.0,0.0,1.0
primary_step_0,0,position_proprio_history_s10,0,3,103,25,0.5,0.5,0.5,25,0,25,0,0.5,0,0,25,0.0,0.0,1.0
primary_step_0,0,position_proprio_history_s10,0,4,103,25,0.5,0.5,0.5,25,0,25,0,0.5,0,0,25,0.0,0.0,1.0
primary_step_0,0,position_proprio_history_s10,1,0,102,26,0.5,0.5,0.5,26,0,26,0,0.5,0,0,26,0.0,0.0,1.0
primary_step_0,0,position_proprio_history_s10,1,1,102,26,0.5,0.5,0.5,26,0,26,0,0.5,0,0,26,0.0,0.0,1.0
primary_step_0,0,position_proprio_history_s10,1,2,102,26,0.5,0.5,0.5,26,0,26,0,0.5,0,0,26,0.0,0.0,1.0
primary_step_0,0,position_proprio_history_s10,1,3,103,25,0.5,0.5,0.5,25,0,25,0,0.5,0,0,25,0.0,0.0,1.0
primary_step_0,0,position_proprio_history_s10,1,4,103,25,0.5,0.5,0.5,25,0,25,0,0.5,0,0,25,0.0,0.0,1.0
primary_step_0,0,position_proprio_history_s10,2,0,102,26,0.5,0.5,0.5,26,0,26,0,0.5,0,0,26,0.0,0.0,1.0
primary_step_0,0,position_proprio_history_s10,2,1,102,26,0.5,0.5,0.5,26,0,26,0,0.5,0,0,26,0.0,0.0,1.0
primary_step_0,0,position_proprio_history_s10,2,2,102,26,0.5,0.5,0.5,26,0,26,0,0.5,0,0,26,0.0,0.0,1.0
primary_step_0,0,position_proprio_history_s10,2,3,103,25,0.5,0.5,0.5,25,0,25,0,0.5,0,0,25,0.0,0.0,1.0
primary_step_0,0,position_proprio_history_s10,2,4,103,25,0.5,0.5,0.5,25,0,25,0,0.5,0,0,25,0.0,0.0,1.0
primary_step_0,0,position_proprio_history_s10,3,0,102,26,0.5,0.5,0.5,26,0,26,0,0.5,0,0,26,0.0,0.0,1.0
primary_step_0,0,position_proprio_history_s10,3,1,102,26,0.5,0.5,0.5,26,0,26,0,0.5,0,0,26,0.0,0.0,1.0
primary_step_0,0,position_proprio_history_s10,3,2,102,26,0.5,0.5,0.5,26,0,26,0,0.5,0,0,26,0.0,0.0,1.0
primary_step_0,0,position_proprio_history_s10,3,3,103,25,0.5,0.5,0.5,25,0,25,0,0.5,0,0,25,0.0,0.0,1.0
primary_step_0,0,position_proprio_history_s10,3,4,103,25,0.5,0.5,0.5,25,0,25,0,0.5,0,0,25,0.0,0.0,1.0
primary_step_0,0,position_proprio_history_s10,4,0,102,26,0.5,0.5,0.5,26,0,26,0,0.5,0,0,26,0.0,0.0,1.0
primary_step_0,0,position_proprio_history_s10,4,1,102,26,0.5,0.5,0.5,26,0,26,0,0.5,0,0,26,0.0,0.0,1.0
primary_step_0,0,position_proprio_history_s10,4,2,102,26,0.5,0.5,0.5,26,0,26,0,0.5,0,0,26,0.0,0.0,1.0
primary_step_0,0,position_proprio_history_s10,4,3,103,25,0.5,0.5,0.5,25,0,25,0,0.5,0,0,25,0.0,0.0,1.0
primary_step_0,0,position_proprio_history_s10,4,4,103,25,0.5,0.5,0.5,25,0,25,0,0.5,0,0,25,0.0,0.0,1.0
primary_step_0,0,causal_fd_history_s10,0,0,102,26,0.5,0.5,0.5,26,0,26,0,0.5,0,0,26,0.0,0.0,1.0
primary_step_0,0,causal_fd_history_s10,0,1,102,26,0.5,0.5,0.5,26,0,26,0,0.5,0,0,26,0.0,0.0,1.0
primary_step_0,0,causal_fd_history_s10,0,2,102,26,0.5,0.5,0.5,26,0,26,0,0.5,0,0,26,0.0,0.0,1.0
primary_step_0,0,causal_fd_history_s10,0,3,103,25,0.5,0.5,0.5,25,0,25,0,0.5,0,0,25,0.0,0.0,1.0
primary_step_0,0,causal_fd_history_s10,0,4,103,25,0.5,0.5,0.5,25,0,25,0,0.5,0,0,25,0.0,0.0,1.0
primary_step_0,0,causal_fd_history_s10,1,0,102,26,0.5,0.5,0.5,26,0,26,0,0.5,0,0,26,0.0,0.0,1.0
primary_step_0,0,causal_fd_history_s10,1,1,102,26,0.5,0.5,0.5,26,0,26,0,0.5,0,0,26,0.0,0.0,1.0
primary_step_0,0,causal_fd_history_s10,1,2,102,26,0.5,0.5,0.5,26,0,26,0,0.5,0,0,26,0.0,0.0,1.0
primary_step_0,0,causal_fd_history_s10,1,3,103,25,0.5,0.5,0.5,25,0,25,0,0.5,0,0,25,0.0,0.0,1.0
primary_step_0,0,causal_fd_history_s10,1,4,103,25,0.5,0.5,0.5,25,0,25,0,0.5,0,0,25,0.0,0.0,1.0
primary_step_0,0,causal_fd_history_s10,2,0,102,26,0.5,0.5,0.5,26,0,26,0,0.5,0,0,26,0.0,0.0,1.0
primary_step_0,0,causal_fd_history_s10,2,1,102,26,0.5,0.5,0.5,26,0,26,0,0.5,0,0,26,0.0,0.0,1.0
primary_step_0,0,causal_fd_history_s10,2,2,102,26,0.5,0.5,0.5,26,0,26,0,0.5,0,0,26,0.0,0.0,1.0
primary_step_0,0,causal_fd_history_s10,2,3,103,25,0.5,0.5,0.5,25,0,25,0,0.5,0,0,25,0.0,0.0,1.0
primary_step_0,0,causal_fd_history_s10,2,4,103,25,0.5,0.5,0.5,25,0,25,0,0.5,0,0,25,0.0,0.0,1.0
primary_step_0,0,causal_fd_history_s10,3,0,102,26,0.5,0.5,0.5,26,0,26,0,0.5,0,0,26,0.0,0.0,1.0
primary_step_0,0,causal_fd_history_s10,3,1,102,26,0.5,0.5,0.5,26,0,26,0,0.5,0,0,26,0.0,0.0,1.0
primary_step_0,0,causal_fd_history_s10,3,2,102,26,0.5,0.5,0.5,26,0,26,0,0.5,0,0,26,0.0,0.0,1.0
primary_step_0,0,causal_fd_history_s10,3,3,103,25,0.5,0.5,0.5,25,0,25,0,0.5,0,0,25,0.0,0.0,1.0
primary_step_0,0,causal_fd_history_s10,3,4,103,25,0.5,0.5,0.5,25,0,25,0,0.5,0,0,25,0.0,0.0,1.0
primary_step_0,0,causal_fd_history_s10,4,0,102,26,0.5,0.5,0.5,26,0,26,0,0.5,0,0,26,0.0,0.0,1.0
primary_step_0,0,causal_fd_history_s10,4,1,102,26,0.5,0.5,0.5,26,0,26,0,0.5,0,0,26,0.0,0.0,1.0
primary_step_0,0,causal_fd_history_s10,4,2,102,26,0.5,0.5,0.5,26,0,26,0,0.5,0,0,26,0.0,0.0,1.0
primary_step_0,0,causal_fd_history_s10,4,3,103,25,0.5,0.5,0.5,25,0,25,0,0.5,0,0,25,0.0,0.0,1.0
primary_step_0,0,causal_fd_history_s10,4,4,103,25,0.5,0.5,0.5,25,0,25,0,0.5,0,0,25,0.0,0.0,1.0
primary_step_0,0,model_x_v2_s10,0,0,102,26,0.5,0.5,0.5,26,0,26,0,0.5,0,0,26,0.0,0.0,1.0
primary_step_0,0,model_x_v2_s10,0,1,102,26,0.5,0.5,0.5,26,0,26,0,0.5,0,0,26,0.0,0.0,1.0
primary_step_0,0,model_x_v2_s10,0,2,102,26,0.5,0.5,0.5,26,0,26,0,0.5,0,0,26,0.0,0.0,1.0
primary_step_0,0,model_x_v2_s10,0,3,103,25,0.5,0.5,0.5,25,0,25,0,0.5,0,0,25,0.0,0.0,1.0
primary_step_0,0,model_x_v2_s10,0,4,103,25,0.5,0.5,0.5,25,0,25,0,0.5,0,0,25,0.0,0.0,1.0
primary_step_0,0,model_x_v2_s10,1,0,102,26,0.5,0.5,0.5,26,0,26,0,0.5,0,0,26,0.0,0.0,1.0
primary_step_0,0,model_x_v2_s10,1,1,102,26,0.5,0.5,0.5,26,0,26,0,0.5,0,0,26,0.0,0.0,1.0
primary_step_0,0,model_x_v2_s10,1,2,102,26,0.5,0.5,0.5,26,0,26,0,0.5,0,0,26,0.0,0.0,1.0
primary_step_0,0,model_x_v2_s10,1,3,103,25,0.5,0.5,0.5,25,0,25,0,0.5,0,0,25,0.0,0.0,1.0
primary_step_0,0,model_x_v2_s10,1,4,103,25,0.5,0.5,0.5,25,0,25,0,0.5,0,0,25,0.0,0.0,1.0
primary_step_0,0,model_x_v2_s10,2,0,102,26,0.5,0.5,0.5,26,0,26,0,0.5,0,0,26,0.0,0.0,1.0
primary_step_0,0,model_x_v2_s10,2,1,102,26,0.5,0.5,0.5,26,0,26,0,0.5,0,0,26,0.0,0.0,1.0
primary_step_0,0,model_x_v2_s10,2,2,102,26,0.5,0.5,0.5,26,0,26,0,0.5,0,0,26,0.0,0.0,1.0
primary_step_0,0,model_x_v2_s10,2,3,103,25,0.5,0.5,0.5,25,0,25,0,0.5,0,0,25,0.0,0.0,1.0
primary_step_0,0,model_x_v2_s10,2,4,103,25,0.5,0.5,0.5,25,0,25,0,0.5,0,0,25,0.0,0.0,1.0
primary_step_0,0,model_x_v2_s10,3,0,102,26,0.5,0.5,0.5,26,0,26,0,0.5,0,0,26,0.0,0.0,1.0
primary_step_0,0,model_x_v2_s10,3,1,102,26,0.5,0.5,0.5,26,0,26,0,0.5,0,0,26,0.0,0.0,1.0
primary_step_0,0,model_x_v2_s10,3,2,102,26,0.5,0.5,0.5,26,0,26,0,0.5,0,0,26,0.0,0.0,1.0
primary_step_0,0,model_x_v2_s10,3,3,103,25,0.5,0.5,0.5,25,0,25,0,0.5,0,0,25,0.0,0.0,1.0
primary_step_0,0,model_x_v2_s10,3,4,103,25,0.5,0.5,0.5,25,0,25,0,0.5,0,0,25,0.0,0.0,1.0
primary_step_0,0,model_x_v2_s10,4,0,102,26,0.5,0.5,0.5,26,0,26,0,0.5,0,0,26,0.0,0.0,1.0
primary_step_0,0,model_x_v2_s10,4,1,102,26,0.5,0.5,0.5,26,0,26,0,0.5,0,0,26,0.0,0.0,1.0
primary_step_0,0,model_x_v2_s10,4,2,102,26,0.5,0.5,0.5,26,0,26,0,0.5,0,0,26,0.0,0.0,1.0
primary_step_0,0,model_x_v2_s10,4,3,103,25,0.5,0.5,0.5,25,0,25,0,0.5,0,0,25,0.0,0.0,1.0
primary_step_0,0,model_x_v2_s10,4,4,103,25,0.5,0.5,0.5,25,0,25,0,0.5,0,0,25,0.0,0.0,1.0
primary_step_0,0,privileged_model_x_v1_s10,0,0,102,26,0.5,0.5,0.5,26,0,26,0,0.5,0,0,26,0.0,0.0,1.0
primary_step_0,0,privileged_model_x_v1_s10,0,1,102,26,0.5,0.5,0.5,26,0,26,0,0.5,0,0,26,0.0,0.0,1.0
primary_step_0,0,privileged_model_x_v1_s10,0,2,102,26,0.5,0.5,0.5,26,0,26,0,0.5,0,0,26,0.0,0.0,1.0
primary_step_0,0,privileged_model_x_v1_s10,0,3,103,25,0.5,0.5,0.5,25,0,25,0,0.5,0,0,25,0.0,0.0,1.0
primary_step_0,0,privileged_model_x_v1_s10,0,4,103,25,0.5,0.5,0.5,25,0,25,0,0.5,0,0,25,0.0,0.0,1.0
primary_step_0,0,privileged_model_x_v1_s10,1,0,102,26,0.5,0.5,0.5,26,0,26,0,0.5,0,0,26,0.0,0.0,1.0
primary_step_0,0,privileged_model_x_v1_s10,1,1,102,26,0.5,0.5,0.5,26,0,26,0,0.5,0,0,26,0.0,0.0,1.0
primary_step_0,0,privileged_model_x_v1_s10,1,2,102,26,0.5,0.5,0.5,26,0,26,0,0.5,0,0,26,0.0,0.0,1.0
primary_step_0,0,privileged_model_x_v1_s10,1,3,103,25,0.5,0.5,0.5,25,0,25,0,0.5,0,0,25,0.0,0.0,1.0
primary_step_0,0,privileged_model_x_v1_s10,1,4,103,25,0.5,0.5,0.5,25,0,25,0,0.5,0,0,25,0.0,0.0,1.0
primary_step_0,0,privileged_model_x_v1_s10,2,0,102,26,0.5,0.5,0.5,26,0,26,0,0.5,0,0,26,0.0,0.0,1.0
primary_step_0,0,privileged_model_x_v1_s10,2,1,102,26,0.5,0.5,0.5,26,0,26,0,0.5,0,0,26,0.0,0.0,1.0
primary_step_0,0,privileged_model_x_v1_s10,2,2,102,26,0.5,0.5,0.5,26,0,26,0,0.5,0,0,26,0.0,0.0,1.0
primary_step_0,0,privileged_model_x_v1_s10,2,3,103,25,0.5,0.5,0.5,25,0,25,0,0.5,0,0,25,0.0,0.0,1.0
primary_step_0,0,privileged_model_x_v1_s10,2,4,103,25,0.5,0.5,0.5,25,0,25,0,0.5,0,0,25,0.0,0.0,1.0
primary_step_0,0,privileged_model_x_v1_s10,3,0,102,26,0.5,0.5,0.5,26,0,26,0,0.5,0,0,26,0.0,0.0,1.0
primary_step_0,0,privileged_model_x_v1_s10,3,1,102,26,0.5,0.5,0.5,26,0,26,0,0.5,0,0,26,0.0,0.0,1.0
primary_step_0,0,privileged_model_x_v1_s10,3,2,102,26,0.5,0.5,0.5,26,0,26,0,0.5,0,0,26,0.0,0.0,1.0
primary_step_0,0,privileged_model_x_v1_s10,3,3,103,25,0.5,0.5,0.5,25,0,25,0,0.5,0,0,25,0.0,0.0,1.0
primary_step_0,0,privileged_model_x_v1_s10,3,4,103,25,0.5,0.5,0.5,25,0,25,0,0.5,0,0,25,0.0,0.0,1.0
primary_step_0,0,privileged_model_x_v1_s10,4,0,102,26,0.5,0.5,0.5,26,0,26,0,0.5,0,0,26,0.0,0.0,1.0
primary_step_0,0,privileged_model_x_v1_s10,4,1,102,26,0.5,0.5,0.5,26,0,26,0,0.5,0,0,26,0.0,0.0,1.0
primary_step_0,0,privileged_model_x_v1_s10,4,2,102,26,0.5,0.5,0.5,26,0,26,0,0.5,0,0,26,0.0,0.0,1.0
primary_step_0,0,privileged_model_x_v1_s10,4,3,103,25,0.5,0.5,0.5,25,0,25,0,0.5,0,0,25,0.0,0.0,1.0
primary_step_0,0,privileged_model_x_v1_s10,4,4,103,25,0.5,0.5,0.5,25,0,25,0,0.5,0,0,25,0.0,0.0,1.0
primary_step_0,0,model_x_v2_s5_noise_00025m,0,0,102,26,0.4230769230769231,0.4230769230769231,0.4378698224852071,11,11,15,15,0.38461538461538464,10,16,0,-0.06334841628959277,-0.058823529411764705,0.32693958282470703
primary_step_0,0,model_x_v2_s5_noise_00025m,0,1,102,26,0.4230769230769231,0.4230769230769231,0.46005917159763315,11,11,15,15,0.5,13,13,0,-0.0407239819004525,0.009803921568627437,1.0
primary_step_0,0,model_x_v2_s5_noise_00025m,0,2,102,26,0.5384615384615384,0.5384615384615384,0.5103550295857988,14,14,12,12,0.46153846153846156,12,14,0,0.010558069381598794,-0.019607843137254895,0.8450189828872681
primary_step_0,0,model_x_v2_s5_noise_00025m,0,3,103,25,0.48,0.48,0.4368,12,12,13,13,0.44,11,14,0,-0.06448979591836733,-0.08163265306122447,0.6900379657745361
primary_step_0,0,model_x_v2_s5_noise_00025m,0,4,103,25,0.52,0.52,0.536,13,13,12,12,0.6,15,10,0,0.036734693877551024,0.08163265306122458,0.42435622215270996
primary_step_0,0,model_x_v2_s5_noise_00025m,1,0,102,26,0.4230769230769231,0.4230769230769231,0.39644970414201186,11,11,15,15,0.2692307692307692,7,19,0,-0.10558069381598793,-0.09803921568627451,0.028959274291992188
primary_step_0,0,model_x_v2_s5_noise_00025m,1,1,102,26,0.46153846153846156,0.46153846153846156,0.47633136094674555,12,12,14,14,0.34615384615384615,9,17,0,-0.024132730015082957,-0.04901960784313723,0.16863754391670227
primary_step_0,0,model_x_v2_s5_noise_00025m,1,2,102,26,0.46153846153846156,0.46153846153846156,0.4260355029585799,12,12,14,14,0.38461538461538464,10,16,0,-0.07541478129713425,-0.08823529411764708,0.32693958282470703
primary_step_0,0,model_x_v2_s5_noise_00025m,1,3,103,25,0.48,0.48,0.4432,12,12,13,13,0.32,8,17,0,-0.05795918367346939,-0.10204081632653061,0.10775214433670044
primary_step_0,0,model_x_v2_s5_noise_00025m,1,4,103,25,0.52,0.52,0.464,13,13,12,12,0.48,12,13,0,-0.036734693877551024,-0.020408163265306145,1.0
primary_step_0,0,model_x_v2_s5_noise_00025m,2,0,102,26,0.4230769230769231,0.4230769230769231,0.4881656804733728,11,11,15,15,0.6153846153846154,16,10,0,-0.012066365007541482,0.019607843137254943,0.32693958282470703
primary_step_0,0,model_x_v2_s5_noise_00025m,2,1,102,26,0.5,0.5,0.48668639053254437,13,13,13,13,0.4230769230769231,11,15,0,-0.013574660633484186,-0.06862745098039219,0.557197093963623
primary_step_0,0,model_x_v2_s5_noise_00025m,2,2,102,26,0.5,0.5,0.4718934911242604,13,13,13,13,0.5769230769230769,15,11,0,-0.028657616892911016,0.039215686274509776,0.557197093963623
primary_step_0,0,model_x_v2_s5_noise_00025m,2,3,103,25,0.44,0.44,0.376,11,11,14,14,0.32,8,17,0,-0.12653061224489792,-0.12244897959183673,0.10775214433670044
primary_step_0,0,model_x_v2_s5_noise_00025m,2,4,103,25,0.48,0.48,0.4544,12,12,13,13,0.36,9,16,0,-0.046530612244897955,-0.020408163265306145,0.2295229434967041
primary_step_0,0,model_x_v2_s5_noise_00025m,3,0,102,26,0.5384615384615384,0.5384615384615384,0.48668639053254437,14,14,12,12,0.5,13,13,0,-0.013574660633484153,0.009803921568627492,1.0
primary_step_0,0,model_x_v2_s5_noise_00025m,3,1,102,26,0.5769230769230769,0.5769230769230769,0.5473372781065089,15,15,11,11,0.6153846153846154,16,10,0,0.0482654600301659,0.058823529411764705,0.32693958282470703
primary_step_0,0,model_x_v2_s5_noise_00025m,3,2,102,26,0.4230769230769231,0.4230769230769231,0.46005917159763315,11,11,15,15,0.5384615384615384,14,12,0,-0.0407239819004525,0.019607843137254916,0.8450189828872681
primary_step_0,0,model_x_v2_s5_noise_00025m,3,3,103,25,0.4,0.4,0.4448,10,10,15,15,0.32,8,17,0,-0.056326530612244886,-0.061224489795918366,0.10775214433670044
primary_step_0,0,model_x_v2_s5_noise_00025m,3,4,103,25,0.4,0.4,0.4336,10,10,15,15,0.44,11,14,0,-0.06775510204081632,-0.020408163265306145,0.6900379657745361
primary_step_0,0,model_x_v2_s5_noise_00025m,4,0,102,26,0.46153846153846156,0.46153846153846156,0.46745562130177515,12,12,14,14,0.5,13,13,0,-0.03318250377073905,-0.019607843137254916,1.0
primary_step_0,0,model_x_v2_s5_noise_00025m,4,1,102,26,0.4230769230769231,0.4230769230769231,0.4156804733727811,11,11,15,15,0.34615384615384615,9,17,0,-0.08597285067873303,-0.11764705882352938,0.16863754391670227
primary_step_0,0,model_x_v2_s5_noise_00025m,4,2,102,26,0.46153846153846156,0.46153846153846156,0.4807692307692308,12,12,14,14,0.46153846153846156,12,14,0,-0.0196078431372549,-0.03921568627450981,0.8450189828872681
primary_step_0,0,model_x_v2_s5_noise_00025m,4,3,103,25,0.52,0.52,0.5056,13,13,12,12,0.52,13,12,0,0.005714285714285719,0.06122448979591837,1.0
primary_step_0,0,model_x_v2_s5_noise_00025m,4,4,103,25,0.48,0.48,0.5136,12,12,13,13,0.52,13,12,0,0.01387755102040815,0.020408163265306145,1.0
primary_step_0,0,model_x_v2_s5_noise_0005m,0,0,102,26,0.4230769230769231,0.4230769230769231,0.41420118343195267,11,11,15,15,0.38461538461538464,10,16,0,-0.08748114630467571,-0.17647058823529407,0.32693958282470703
primary_step_0,0,model_x_v2_s5_noise_0005m,0,1,102,26,0.4230769230769231,0.4230769230769231,0.4437869822485207,11,11,15,15,0.38461538461538464,10,16,0,-0.05731523378582204,-0.1568627450980392,0.32693958282470703
primary_step_0,0,model_x_v2_s5_noise_0005m,0,2,102,26,0.5,0.5,0.5266272189349113,13,13,13,13,0.5384615384615384,14,12,0,0.027149321266968326,0.06862745098039214,0.8450189828872681
primary_step_0,0,model_x_v2_s5_noise_0005m,0,3,103,25,0.44,0.44,0.4768,11,11,14,14,0.44,11,14,0,-0.023673469387755105,-0.08163265306122447,0.6900379657745361
primary_step_0,0,model_x_v2_s5_noise_0005m,0,4,103,25,0.44,0.44,0.4208,11,11,14,14,0.56,14,11,0,-0.08081632653061226,0.020408163265306145,0.6900379657745361
primary_step_0,0,model_x_v2_s5_noise_0005m,1,0,102,26,0.46153846153846156,0.46153846153846156,0.39644970414201186,12,12,14,14,0.34615384615384615,9,17,0,-0.10558069381598792,-0.21568627450980388,0.16863754391670227
primary_step_0,0,model_x_v2_s5_noise_0005m,1,1,102,26,0.46153846153846156,0.46153846153846156,0.46449704142011833,12,12,14,14,0.4230769230769231,11,15,0,-0.036199095022624465,-0.05882352941176469,0.557197093963623
primary_step_0,0,model_x_v2_s5_noise_0005m,1,2,102,26,0.46153846153846156,0.46153846153846156,0.4511834319526627,12,12,14,14,0.46153846153846156,12,14,0,-0.049773755656108594,-0.029411764705882304,0.8450189828872681
primary_step_0,0,model_x_v2_s5_noise_0005m,1,3,103,25,0.44,0.44,0.4512,11,11,14,14,0.48,12,13,0,-0.04979591836734693,-0.02040816326530612,1.0
primary_step_0,0,model_x_v2_s5_noise_0005m,1,4,103,25,0.48,0.48,0.432,12,12,13,13,0.36,9,16,0,-0.06938775510204083,-0.04081632653061229,0.2295229434967041
primary_step_0,0,model_x_v2_s5_noise_0005m,2,0,102,26,0.5,0.5,0.4437869822485207,13,13,13,13,0.4230769230769231,11,15,0,-0.057315233785822026,-0.058823529411764774,0.557197093963623
primary_step_0,0,model_x_v2_s5_noise_0005m,2,1,102,26,0.46153846153846156,0.46153846153846156,0.4245562130177515,12,12,14,14,0.3076923076923077,8,18,0,-0.07692307692307694,-0.10784313725490202,0.07551869750022888
primary_step_0,0,model_x_v2_s5_noise_0005m,2,2,102,26,0.5,0.5,0.507396449704142,13,13,13,13,0.5384615384615384,14,12,0,0.007541478129713437,0.029411764705882373,0.8450189828872681
primary_step_0,0,model_x_v2_s5_noise_0005m,2,3,103,25,0.52,0.52,0.4752,13,13,12,12,0.4,10,15,0,-0.025306122448979607,-0.1224489795918367,0.42435622215270996
primary_step_0,0,model_x_v2_s5_noise_0005m,2,4,103,25,0.48,0.48,0.448,12,12,13,13,0.44,11,14,0,-0.053061224489795895,-0.061224489795918324,0.6900379657745361
primary_step_0,0,model_x_v2_s5_noise_0005m,3,0,102,26,0.46153846153846156,0.46153846153846156,0.4230769230769231,12,12,14,14,0.34615384615384615,9,17,0,-0.0784313725490196,-0.13725490196078427,0.16863754391670227
primary_step_0,0,model_x_v2_s5_noise_0005m,3,1,102,26,0.46153846153846156,0.46153846153846156,0.4245562130177515,12,12,14,14,0.38461538461538464,10,16,0,-0.07692307692307693,-0.19607843137254902,0.32693958282470703
primary_step_0,0,model_x_v2_s5_noise_0005m,3,2,102,26,0.4230769230769231,0.4230769230769231,0.4378698224852071,11,11,15,15,0.5,13,13,0,-0.06334841628959277,-1.3877787807814457e-17,1.0
primary_step_0,0,model_x_v2_s5_noise_0005m,3,3,103,25,0.44,0.44,0.4048,11,11,14,14,0.44,11,14,0,-0.09714285714285714,-0.18367346938775514,0.6900379657745361
primary_step_0,0,model_x_v2_s5_noise_0005m,3,4,103,25,0.56,0.56,0.5472,14,14,11,11,0.56,14,11,0,0.048163265306122444,0.040816326530612235,0.6900379657745361
primary_step_0,0,model_x_v2_s5_noise_0005m,4,0,102,26,0.5384615384615384,0.5384615384615384,0.5103550295857988,14,14,12,12,0.5384615384615384,14,12,0,0.010558069381598794,0.06862745098039215,0.8450189828872681
primary_step_0,0,model_x_v2_s5_noise_0005m,4,1,102,26,0.5,0.5,0.5236686390532544,13,13,13,13,0.38461538461538464,10,16,0,0.02413273001508295,-0.03921568627450979,0.32693958282470703
primary_step_0,0,model_x_v2_s5_noise_0005m,4,2,102,26,0.46153846153846156,0.46153846153846156,0.4467455621301775,12,12,14,14,0.46153846153846156,12,14,0,-0.054298642533936646,-0.05882352941176469,0.8450189828872681
primary_step_0,0,model_x_v2_s5_noise_0005m,4,3,103,25,0.48,0.48,0.5376,12,12,13,13,0.4,10,15,0,0.03836734693877552,-0.08163265306122448,0.42435622215270996
primary_step_0,0,model_x_v2_s5_noise_0005m,4,4,103,25,0.36,0.36,0.3728,9,9,16,16,0.36,9,16,0,-0.12979591836734694,-0.163265306122449,0.2295229434967041
primary_step_0,0,model_x_v2_s5_noise_001m,0,0,102,26,0.5769230769230769,0.5769230769230769,0.5399408284023669,15,15,11,11,0.6153846153846154,16,10,0,0.0407239819004525,0.11764705882352944,0.32693958282470703
primary_step_0,0,model_x_v2_s5_noise_001m,0,1,102,26,0.5,0.5,0.46449704142011833,13,13,13,13,0.5384615384615384,14,12,0,-0.036199095022624424,0.06862745098039216,0.8450189828872681
primary_step_0,0,model_x_v2_s5_noise_001m,0,2,102,26,0.5,0.5,0.4541420118343195,13,13,13,13,0.34615384615384615,9,17,0,-0.046757164404223235,-0.05882352941176472,0.16863754391670227
primary_step_0,0,model_x_v2_s5_noise_001m,0,3,103,25,0.56,0.56,0.592,14,14,11,11,0.56,14,11,0,0.09387755102040816,0.08163265306122447,0.6900379657745361
primary_step_0,0,model_x_v2_s5_noise_001m,0,4,103,25,0.6,0.6,0.6288,15,15,10,10,0.56,14,11,0,0.13142857142857142,0.2448979591836735,0.6900379657745361
primary_step_0,0,model_x_v2_s5_noise_001m,1,0,102,26,0.5769230769230769,0.5769230769230769,0.6079881656804734,15,15,11,11,0.6538461538461539,17,9,0,0.11010558069381599,0.08823529411764704,0.16863754391670227
primary_step_0,0,model_x_v2_s5_noise_001m,1,1,102,26,0.5,0.5,0.5355029585798816,13,13,13,13,0.5,13,13,0,0.03619909502262443,0.02941176470588236,1.0
primary_step_0,0,model_x_v2_s5_noise_001m,1,2,102,26,0.5769230769230769,0.5769230769230769,0.5828402366863905,15,15,11,11,0.6153846153846154,16,10,0,0.08446455505279034,0.08823529411764705,0.32693958282470703
primary_step_0,0,model_x_v2_s5_noise_001m,1,3,103,25,0.56,0.56,0.5776,14,14,11,11,0.64,16,9,0,0.07918367346938775,0.08163265306122447,0.2295229434967041
primary_step_0,0,model_x_v2_s5_noise_001m,1,4,103,25,0.4,0.4,0.4464,10,10,15,15,0.48,12,13,0,-0.054693877551020405,-0.02040816326530612,1.0
primary_step_0,0,model_x_v2_s5_noise_001m,2,0,102,26,0.5,0.5,0.5488165680473372,13,13,13,13,0.6153846153846154,16,10,0,0.049773755656108594,0.1568627450980392,0.32693958282470703
primary_step_0,0,model_x_v2_s5_noise_001m,2,1,102,26,0.5769230769230769,0.5769230769230769,0.5517751479289941,15,15,11,11,0.5769230769230769,15,11,0,0.05279034690799397,0.06862745098039219,0.557197093963623
primary_step_0,0,model_x_v2_s5_noise_001m,2,2,102,26,0.46153846153846156,0.46153846153846156,0.4289940828402367,12,12,14,14,0.38461538461538464,10,16,0,-0.07239819004524886,-0.09803921568627452,0.32693958282470703
primary_step_0,0,model_x_v2_s5_noise_001m,2,3,103,25,0.48,0.48,0.4816,12,12,13,13,0.64,16,9,0,-0.01877551020408164,0.12244897959183673,0.2295229434967041
primary_step_0,0,model_x_v2_s5_noise_001m,2,4,103,25,0.52,0.52,0.6064,13,13,12,12,0.64,16,9,0,0.10857142857142855,0.08163265306122448,0.2295229434967041
primary_step_0,0,model_x_v2_s5_noise_001m,3,0,102,26,0.46153846153846156,0.46153846153846156,0.47633136094674555,12,12,14,14,0.5,13,13,0,-0.024132730015082957,0.019607843137254888,1.0
primary_step_0,0,model_x_v2_s5_noise_001m,3,1,102,26,0.46153846153846156,0.46153846153846156,0.5473372781065089,12,12,14,14,0.5769230769230769,15,11,0,0.048265460030165915,0.1470588235294118,0.557197093963623
primary_step_0,0,model_x_v2_s5_noise_001m,3,2,102,26,0.5384615384615384,0.5384615384615384,0.5236686390532544,14,14,12,12,0.5384615384615384,14,12,0,0.024132730015082957,0.029411764705882387,0.8450189828872681
primary_step_0,0,model_x_v2_s5_noise_001m,3,3,103,25,0.32,0.32,0.3584,8,8,17,17,0.4,10,15,0,-0.1444897959183674,-0.30612244897959184,0.42435622215270996
primary_step_0,0,model_x_v2_s5_noise_001m,3,4,103,25,0.52,0.52,0.5152,13,13,12,12,0.64,16,9,0,0.015510204081632643,0.04081632653061226,0.2295229434967041
primary_step_0,0,model_x_v2_s5_noise_001m,4,0,102,26,0.46153846153846156,0.46153846153846156,0.4881656804733728,12,12,14,14,0.5769230769230769,15,11,0,-0.012066365007541482,0.07843137254901955,0.557197093963623
primary_step_0,0,model_x_v2_s5_noise_001m,4,1,102,26,0.5,0.5,0.47337278106508873,13,13,13,13,0.38461538461538464,10,16,0,-0.027149321266968323,-0.1176470588235294,0.32693958282470703
primary_step_0,0,model_x_v2_s5_noise_001m,4,2,102,26,0.5,0.5,0.5576923076923077,13,13,13,13,0.6153846153846154,16,10,0,0.058823529411764705,0.1862745098039216,0.32693958282470703
primary_step_0,0,model_x_v2_s5_noise_001m,4,3,103,25,0.44,0.44,0.472,11,11,14,14,0.44,11,14,0,-0.02857142857142859,-0.020408163265306145,0.6900379657745361
primary_step_0,0,model_x_v2_s5_noise_001m,4,4,103,25,0.48,0.48,0.6,12,12,13,13,0.72,18,7,0,0.10204081632653061,0.16326530612244905,0.043285250663757324
primary_step_1,1,xy_single,0,0,102,26,0.5,0.5,0.5,26,0,26,0,0.5,0,0,26,0.0,0.0,1.0
primary_step_1,1,xy_single,0,1,102,26,0.5,0.5,0.5,26,0,26,0,0.5,0,0,26,0.0,0.0,1.0
primary_step_1,1,xy_single,0,2,102,26,0.5,0.5,0.5,26,0,26,0,0.5,0,0,26,0.0,0.0,1.0
primary_step_1,1,xy_single,0,3,103,25,0.5,0.5,0.5,25,0,25,0,0.5,0,0,25,0.0,0.0,1.0
primary_step_1,1,xy_single,0,4,103,25,0.5,0.5,0.5,25,0,25,0,0.5,0,0,25,0.0,0.0,1.0
primary_step_1,1,xy_single,1,0,102,26,0.5,0.5,0.5,26,0,26,0,0.5,0,0,26,0.0,0.0,1.0
primary_step_1,1,xy_single,1,1,102,26,0.5,0.5,0.5,26,0,26,0,0.5,0,0,26,0.0,0.0,1.0
primary_step_1,1,xy_single,1,2,102,26,0.5,0.5,0.5,26,0,26,0,0.5,0,0,26,0.0,0.0,1.0
primary_step_1,1,xy_single,1,3,103,25,0.5,0.5,0.5,25,0,25,0,0.5,0,0,25,0.0,0.0,1.0
primary_step_1,1,xy_single,1,4,103,25,0.5,0.5,0.5,25,0,25,0,0.5,0,0,25,0.0,0.0,1.0
primary_step_1,1,xy_single,2,0,102,26,0.5,0.5,0.5,26,0,26,0,0.5,0,0,26,0.0,0.0,1.0
primary_step_1,1,xy_single,2,1,102,26,0.5,0.5,0.5,26,0,26,0,0.5,0,0,26,0.0,0.0,1.0
primary_step_1,1,xy_single,2,2,102,26,0.5,0.5,0.5,26,0,26,0,0.5,0,0,26,0.0,0.0,1.0
primary_step_1,1,xy_single,2,3,103,25,0.5,0.5,0.5,25,0,25,0,0.5,0,0,25,0.0,0.0,1.0
primary_step_1,1,xy_single,2,4,103,25,0.5,0.5,0.5,25,0,25,0,0.5,0,0,25,0.0,0.0,1.0
primary_step_1,1,xy_single,3,0,102,26,0.5,0.5,0.5,26,0,26,0,0.5,0,0,26,0.0,0.0,1.0
primary_step_1,1,xy_single,3,1,102,26,0.5,0.5,0.5,26,0,26,0,0.5,0,0,26,0.0,0.0,1.0
primary_step_1,1,xy_single,3,2,102,26,0.5,0.5,0.5,26,0,26,0,0.5,0,0,26,0.0,0.0,1.0
primary_step_1,1,xy_single,3,3,103,25,0.5,0.5,0.5,25,0,25,0,0.5,0,0,25,0.0,0.0,1.0
primary_step_1,1,xy_single,3,4,103,25,0.5,0.5,0.5,25,0,25,0,0.5,0,0,25,0.0,0.0,1.0
primary_step_1,1,xy_single,4,0,102,26,0.5,0.5,0.5,26,0,26,0,0.5,0,0,26,0.0,0.0,1.0
primary_step_1,1,xy_single,4,1,102,26,0.5,0.5,0.5,26,0,26,0,0.5,0,0,26,0.0,0.0,1.0
primary_step_1,1,xy_single,4,2,102,26,0.5,0.5,0.5,26,0,26,0,0.5,0,0,26,0.0,0.0,1.0
primary_step_1,1,xy_single,4,3,103,25,0.5,0.5,0.5,25,0,25,0,0.5,0,0,25,0.0,0.0,1.0
primary_step_1,1,xy_single,4,4,103,25,0.5,0.5,0.5,25,0,25,0,0.5,0,0,25,0.0,0.0,1.0
primary_step_1,1,sim_velocity_only,0,0,102,26,1.0,1.0,1.0,26,26,0,0,1.0,26,0,0,0.5098039215686274,0.5,2.9802322387695312e-08
primary_step_1,1,sim_velocity_only,0,1,102,26,0.9230769230769231,0.9230769230769231,0.9822485207100592,24,24,2,2,1.0,26,0,0,0.4917043740573152,0.48039215686274506,2.9802322387695312e-08
primary_step_1,1,sim_velocity_only,0,2,102,26,1.0,1.0,1.0,26,26,0,0,1.0,26,0,0,0.5098039215686274,0.49019607843137253,2.9802322387695312e-08
primary_step_1,1,sim_velocity_only,0,3,103,25,0.96,0.96,0.9984,24,24,1,1,1.0,25,0,0,0.5085714285714286,0.489795918367347,5.960464477539063e-08
primary_step_1,1,sim_velocity_only,0,4,103,25,0.92,0.92,0.9472,23,23,2,2,0.96,24,1,0,0.4563265306122449,0.4285714285714286,1.5497207641601562e-06
primary_step_1,1,sim_velocity_only,1,0,102,26,1.0,1.0,1.0,26,26,0,0,1.0,26,0,0,0.5098039215686275,0.5,2.9802322387695312e-08
primary_step_1,1,sim_velocity_only,1,1,102,26,0.9230769230769231,0.9230769230769231,0.9482248520710059,24,24,2,2,0.9615384615384616,25,1,0,0.4570135746606335,0.47058823529411764,8.046627044677734e-07
primary_step_1,1,sim_velocity_only,1,2,102,26,1.0,1.0,1.0,26,26,0,0,1.0,26,0,0,0.5098039215686274,0.5,2.9802322387695312e-08
primary_step_1,1,sim_velocity_only,1,3,103,25,1.0,1.0,1.0,25,25,0,0,1.0,25,0,0,0.510204081632653,0.489795918367347,5.960464477539063e-08
primary_step_1,1,sim_velocity_only,1,4,103,25,0.96,0.96,0.9888,24,24,1,1,1.0,25,0,0,0.4987755102040817,0.4897959183673469,5.960464477539063e-08
primary_step_1,1,sim_velocity_only,2,0,102,26,0.9615384615384616,0.9615384615384616,0.9985207100591716,25,25,1,1,1.0,26,0,0,0.5082956259426847,0.5490196078431373,2.9802322387695312e-08
primary_step_1,1,sim_velocity_only,2,1,102,26,0.9230769230769231,0.9230769230769231,0.9408284023668639,24,24,2,2,0.9615384615384616,25,1,0,0.44947209653092,0.4411764705882353,8.046627044677734e-07
primary_step_1,1,sim_velocity_only,2,2,102,26,0.9615384615384616,0.9615384615384616,0.9955621301775148,25,25,1,1,1.0,26,0,0,0.5052790346907994,0.5196078431372548,2.9802322387695312e-08
primary_step_1,1,sim_velocity_only,2,3,103,25,1.0,1.0,1.0,25,25,0,0,1.0,25,0,0,0.510204081632653,0.510204081632653,5.960464477539063e-08
primary_step_1,1,sim_velocity_only,2,4,103,25,0.96,0.96,0.9984,24,24,1,1,1.0,25,0,0,0.5085714285714286,0.42857142857142855,5.960464477539063e-08
primary_step_1,1,sim_velocity_only,3,0,102,26,0.9230769230769231,0.9230769230769231,0.9571005917159763,24,24,2,2,0.9615384615384616,25,1,0,0.46606334841628966,0.4411764705882353,8.046627044677734e-07
primary_step_1,1,sim_velocity_only,3,1,102,26,0.9615384615384616,0.9615384615384616,0.9970414201183432,25,25,1,1,1.0,26,0,0,0.5067873303167421,0.4901960784313726,2.9802322387695312e-08
primary_step_1,1,sim_velocity_only,3,2,102,26,0.9615384615384616,0.9615384615384616,0.9985207100591716,25,25,1,1,1.0,26,0,0,0.5082956259426847,0.4803921568627451,2.9802322387695312e-08
primary_step_1,1,sim_velocity_only,3,3,103,25,0.96,0.96,0.9984,24,24,1,1,1.0,25,0,0,0.5085714285714286,0.5306122448979591,5.960464477539063e-08
primary_step_1,1,sim_velocity_only,3,4,103,25,0.96,0.96,0.9904,24,24,1,1,1.0,25,0,0,0.5004081632653061,0.5102040816326531,5.960464477539063e-08
primary_step_1,1,sim_velocity_only,4,0,102,26,0.9615384615384616,0.9615384615384616,0.9792899408284024,25,25,1,1,1.0,26,0,0,0.48868778280542985,0.5196078431372548,2.9802322387695312e-08
primary_step_1,1,sim_velocity_only,4,1,102,26,1.0,1.0,1.0,26,26,0,0,1.0,26,0,0,0.5098039215686274,0.5,2.9802322387695312e-08
primary_step_1,1,sim_velocity_only,4,2,102,26,0.9230769230769231,0.9230769230769231,0.9881656804733728,24,24,2,2,1.0,26,0,0,0.497737556561086,0.49019607843137253,2.9802322387695312e-08
primary_step_1,1,sim_velocity_only,4,3,103,25,0.96,0.96,0.96,24,24,1,1,0.96,24,1,0,0.46938775510204084,0.5102040816326531,1.5497207641601562e-06
primary_step_1,1,sim_velocity_only,4,4,103,25,1.0,1.0,1.0,25,25,0,0,1.0,25,0,0,0.5102040816326531,0.4693877551020408,5.960464477539063e-08
primary_step_1,1,xy_sim_velocity,0,0,102,26,1.0,1.0,1.0,26,26,0,0,1.0,26,0,0,0.5098039215686275,0.47058823529411764,2.9802322387695312e-08
primary_step_1,1,xy_sim_velocity,0,1,102,26,0.9615384615384616,0.9615384615384616,0.9896449704142012,25,25,1,1,1.0,26,0,0,0.49924585218702866,0.48039215686274506,2.9802322387695312e-08
primary_step_1,1,xy_sim_velocity,0,2,102,26,0.9615384615384616,0.9615384615384616,0.9985207100591716,25,25,1,1,1.0,26,0,0,0.5082956259426847,0.4901960784313726,2.9802322387695312e-08
primary_step_1,1,xy_sim_velocity,0,3,103,25,1.0,1.0,1.0,25,25,0,0,1.0,25,0,0,0.5102040816326532,0.4897959183673469,5.960464477539063e-08
primary_step_1,1,xy_sim_velocity,0,4,103,25,0.92,0.92,0.9504,23,23,2,2,0.96,24,1,0,0.4595918367346939,0.4489795918367347,1.5497207641601562e-06
primary_step_1,1,xy_sim_velocity,1,0,102,26,1.0,1.0,1.0,26,26,0,0,1.0,26,0,0,0.5098039215686274,0.5294117647058822,2.9802322387695312e-08
primary_step_1,1,xy_sim_velocity,1,1,102,26,0.9615384615384616,0.9615384615384616,0.9497041420118343,25,25,1,1,0.9615384615384616,25,1,0,0.4585218702865761,0.48039215686274506,8.046627044677734e-07
primary_step_1,1,xy_sim_velocity,1,2,102,26,1.0,1.0,1.0,26,26,0,0,1.0,26,0,0,0.5098039215686274,0.5,2.9802322387695312e-08
primary_step_1,1,xy_sim_velocity,1,3,103,25,1.0,1.0,1.0,25,25,0,0,1.0,25,0,0,0.510204081632653,0.510204081632653,5.960464477539063e-08
primary_step_1,1,xy_sim_velocity,1,4,103,25,0.96,0.96,0.9936,24,24,1,1,1.0,25,0,0,0.503673469387755,0.4897959183673469,5.960464477539063e-08
primary_step_1,1,xy_sim_velocity,2,0,102,26,1.0,1.0,1.0,26,26,0,0,1.0,26,0,0,0.5098039215686275,0.5098039215686274,2.9802322387695312e-08
primary_step_1,1,xy_sim_velocity,2,1,102,26,0.9230769230769231,0.9230769230769231,0.9556213017751479,24,24,2,2,0.9615384615384616,25,1,0,0.4645550527903469,0.47058823529411764,8.046627044677734e-07
primary_step_1,1,xy_sim_velocity,2,2,102,26,0.9615384615384616,0.9615384615384616,0.9985207100591716,25,25,1,1,1.0,26,0,0,0.5082956259426847,0.5196078431372548,2.9802322387695312e-08
primary_step_1,1,xy_sim_velocity,2,3,103,25,1.0,1.0,1.0,25,25,0,0,1.0,25,0,0,0.510204081632653,0.5306122448979591,5.960464477539063e-08
primary_step_1,1,xy_sim_velocity,2,4,103,25,0.96,0.96,0.9984,24,24,1,1,1.0,25,0,0,0.5085714285714286,0.4285714285714286,5.960464477539063e-08
primary_step_1,1,xy_sim_velocity,3,0,102,26,0.9615384615384616,0.9615384615384616,0.9600591715976331,25,25,1,1,0.9615384615384616,25,1,0,0.469079939668175,0.4607843137254901,8.046627044677734e-07
primary_step_1,1,xy_sim_velocity,3,1,102,26,0.9615384615384616,0.9615384615384616,0.9970414201183432,25,25,1,1,1.0,26,0,0,0.5067873303167421,0.5,2.9802322387695312e-08
primary_step_1,1,xy_sim_velocity,3,2,102,26,0.9230769230769231,0.9230769230769231,0.985207100591716,24,24,2,2,1.0,26,0,0,0.49472096530920057,0.4607843137254902,2.9802322387695312e-08
primary_step_1,1,xy_sim_velocity,3,3,103,25,1.0,1.0,1.0,25,25,0,0,1.0,25,0,0,0.510204081632653,0.5306122448979591,5.960464477539063e-08
primary_step_1,1,xy_sim_velocity,3,4,103,25,0.96,0.96,0.9936,24,24,1,1,1.0,25,0,0,0.5036734693877551,0.5306122448979591,5.960464477539063e-08
primary_step_1,1,xy_sim_velocity,4,0,102,26,0.9615384615384616,0.9615384615384616,0.9866863905325444,25,25,1,1,1.0,26,0,0,0.49622926093514325,0.5196078431372548,2.9802322387695312e-08
primary_step_1,1,xy_sim_velocity,4,1,102,26,1.0,1.0,1.0,26,26,0,0,1.0,26,0,0,0.5098039215686274,0.48039215686274506,2.9802322387695312e-08
primary_step_1,1,xy_sim_velocity,4,2,102,26,0.9615384615384616,0.9615384615384616,0.9940828402366864,25,25,1,1,1.0,26,0,0,0.5037707390648567,0.4509803921568628,2.9802322387695312e-08
primary_step_1,1,xy_sim_velocity,4,3,103,25,0.96,0.96,0.96,24,24,1,1,0.96,24,1,0,0.46938775510204084,0.510204081632653,1.5497207641601562e-06
primary_step_1,1,xy_sim_velocity,4,4,103,25,1.0,1.0,1.0,25,25,0,0,1.0,25,0,0,0.510204081632653,0.44897959183673475,5.960464477539063e-08
primary_step_1,1,robot_only,0,0,102,26,0.5,0.5,0.5,26,0,26,0,0.5,0,0,26,0.0,0.0,1.0
primary_step_1,1,robot_only,0,1,102,26,0.5,0.5,0.5,26,0,26,0,0.5,0,0,26,0.0,0.0,1.0
primary_step_1,1,robot_only,0,2,102,26,0.5,0.5,0.5,26,0,26,0,0.5,0,0,26,0.0,0.0,1.0
primary_step_1,1,robot_only,0,3,103,25,0.5,0.5,0.5,25,0,25,0,0.5,0,0,25,0.0,0.0,1.0
primary_step_1,1,robot_only,0,4,103,25,0.5,0.5,0.5,25,0,25,0,0.5,0,0,25,0.0,0.0,1.0
primary_step_1,1,robot_only,1,0,102,26,0.5,0.5,0.5,26,0,26,0,0.5,0,0,26,0.0,0.0,1.0
primary_step_1,1,robot_only,1,1,102,26,0.5,0.5,0.5,26,0,26,0,0.5,0,0,26,0.0,0.0,1.0
primary_step_1,1,robot_only,1,2,102,26,0.5,0.5,0.5,26,0,26,0,0.5,0,0,26,0.0,0.0,1.0
primary_step_1,1,robot_only,1,3,103,25,0.5,0.5,0.5,25,0,25,0,0.5,0,0,25,0.0,0.0,1.0
primary_step_1,1,robot_only,1,4,103,25,0.5,0.5,0.5,25,0,25,0,0.5,0,0,25,0.0,0.0,1.0
primary_step_1,1,robot_only,2,0,102,26,0.5,0.5,0.5,26,0,26,0,0.5,0,0,26,0.0,0.0,1.0
primary_step_1,1,robot_only,2,1,102,26,0.5,0.5,0.5,26,0,26,0,0.5,0,0,26,0.0,0.0,1.0
primary_step_1,1,robot_only,2,2,102,26,0.5,0.5,0.5,26,0,26,0,0.5,0,0,26,0.0,0.0,1.0
primary_step_1,1,robot_only,2,3,103,25,0.5,0.5,0.5,25,0,25,0,0.5,0,0,25,0.0,0.0,1.0
primary_step_1,1,robot_only,2,4,103,25,0.5,0.5,0.5,25,0,25,0,0.5,0,0,25,0.0,0.0,1.0
primary_step_1,1,robot_only,3,0,102,26,0.5,0.5,0.5,26,0,26,0,0.5,0,0,26,0.0,0.0,1.0
primary_step_1,1,robot_only,3,1,102,26,0.5,0.5,0.5,26,0,26,0,0.5,0,0,26,0.0,0.0,1.0
primary_step_1,1,robot_only,3,2,102,26,0.5,0.5,0.5,26,0,26,0,0.5,0,0,26,0.0,0.0,1.0
primary_step_1,1,robot_only,3,3,103,25,0.5,0.5,0.5,25,0,25,0,0.5,0,0,25,0.0,0.0,1.0
primary_step_1,1,robot_only,3,4,103,25,0.5,0.5,0.5,25,0,25,0,0.5,0,0,25,0.0,0.0,1.0
primary_step_1,1,robot_only,4,0,102,26,0.5,0.5,0.5,26,0,26,0,0.5,0,0,26,0.0,0.0,1.0
primary_step_1,1,robot_only,4,1,102,26,0.5,0.5,0.5,26,0,26,0,0.5,0,0,26,0.0,0.0,1.0
primary_step_1,1,robot_only,4,2,102,26,0.5,0.5,0.5,26,0,26,0,0.5,0,0,26,0.0,0.0,1.0
primary_step_1,1,robot_only,4,3,103,25,0.5,0.5,0.5,25,0,25,0,0.5,0,0,25,0.0,0.0,1.0
primary_step_1,1,robot_only,4,4,103,25,0.5,0.5,0.5,25,0,25,0,0.5,0,0,25,0.0,0.0,1.0
primary_step_1,1,position_proprio_single,0,0,102,26,0.5,0.5,0.5,26,0,26,0,0.5,0,0,26,0.0,0.0,1.0
primary_step_1,1,position_proprio_single,0,1,102,26,0.5,0.5,0.5,26,0,26,0,0.5,0,0,26,0.0,0.0,1.0
primary_step_1,1,position_proprio_single,0,2,102,26,0.5,0.5,0.5,26,0,26,0,0.5,0,0,26,0.0,0.0,1.0
primary_step_1,1,position_proprio_single,0,3,103,25,0.5,0.5,0.5,25,0,25,0,0.5,0,0,25,0.0,0.0,1.0
primary_step_1,1,position_proprio_single,0,4,103,25,0.5,0.5,0.5,25,0,25,0,0.5,0,0,25,0.0,0.0,1.0
primary_step_1,1,position_proprio_single,1,0,102,26,0.5,0.5,0.5,26,0,26,0,0.5,0,0,26,0.0,0.0,1.0
primary_step_1,1,position_proprio_single,1,1,102,26,0.5,0.5,0.5,26,0,26,0,0.5,0,0,26,0.0,0.0,1.0
primary_step_1,1,position_proprio_single,1,2,102,26,0.5,0.5,0.5,26,0,26,0,0.5,0,0,26,0.0,0.0,1.0
primary_step_1,1,position_proprio_single,1,3,103,25,0.5,0.5,0.5,25,0,25,0,0.5,0,0,25,0.0,0.0,1.0
primary_step_1,1,position_proprio_single,1,4,103,25,0.5,0.5,0.5,25,0,25,0,0.5,0,0,25,0.0,0.0,1.0
primary_step_1,1,position_proprio_single,2,0,102,26,0.5,0.5,0.5,26,0,26,0,0.5,0,0,26,0.0,0.0,1.0
primary_step_1,1,position_proprio_single,2,1,102,26,0.5,0.5,0.5,26,0,26,0,0.5,0,0,26,0.0,0.0,1.0
primary_step_1,1,position_proprio_single,2,2,102,26,0.5,0.5,0.5,26,0,26,0,0.5,0,0,26,0.0,0.0,1.0
primary_step_1,1,position_proprio_single,2,3,103,25,0.5,0.5,0.5,25,0,25,0,0.5,0,0,25,0.0,0.0,1.0
primary_step_1,1,position_proprio_single,2,4,103,25,0.5,0.5,0.5,25,0,25,0,0.5,0,0,25,0.0,0.0,1.0
primary_step_1,1,position_proprio_single,3,0,102,26,0.5,0.5,0.5,26,0,26,0,0.5,0,0,26,0.0,0.0,1.0
primary_step_1,1,position_proprio_single,3,1,102,26,0.5,0.5,0.5,26,0,26,0,0.5,0,0,26,0.0,0.0,1.0
primary_step_1,1,position_proprio_single,3,2,102,26,0.5,0.5,0.5,26,0,26,0,0.5,0,0,26,0.0,0.0,1.0
primary_step_1,1,position_proprio_single,3,3,103,25,0.5,0.5,0.5,25,0,25,0,0.5,0,0,25,0.0,0.0,1.0
primary_step_1,1,position_proprio_single,3,4,103,25,0.5,0.5,0.5,25,0,25,0,0.5,0,0,25,0.0,0.0,1.0
primary_step_1,1,position_proprio_single,4,0,102,26,0.5,0.5,0.5,26,0,26,0,0.5,0,0,26,0.0,0.0,1.0
primary_step_1,1,position_proprio_single,4,1,102,26,0.5,0.5,0.5,26,0,26,0,0.5,0,0,26,0.0,0.0,1.0
primary_step_1,1,position_proprio_single,4,2,102,26,0.5,0.5,0.5,26,0,26,0,0.5,0,0,26,0.0,0.0,1.0
primary_step_1,1,position_proprio_single,4,3,103,25,0.5,0.5,0.5,25,0,25,0,0.5,0,0,25,0.0,0.0,1.0
primary_step_1,1,position_proprio_single,4,4,103,25,0.5,0.5,0.5,25,0,25,0,0.5,0,0,25,0.0,0.0,1.0
primary_step_1,1,xy_history_s1,0,0,102,26,0.5,0.5,0.5,26,0,26,0,0.5,0,0,26,0.0,0.0,1.0
primary_step_1,1,xy_history_s1,0,1,102,26,0.5,0.5,0.5,26,0,26,0,0.5,0,0,26,0.0,0.0,1.0
primary_step_1,1,xy_history_s1,0,2,102,26,0.5,0.5,0.5,26,0,26,0,0.5,0,0,26,0.0,0.0,1.0
primary_step_1,1,xy_history_s1,0,3,103,25,0.5,0.5,0.5,25,0,25,0,0.5,0,0,25,0.0,0.0,1.0
primary_step_1,1,xy_history_s1,0,4,103,25,0.5,0.5,0.5,25,0,25,0,0.5,0,0,25,0.0,0.0,1.0
primary_step_1,1,xy_history_s1,1,0,102,26,0.5,0.5,0.5,26,0,26,0,0.5,0,0,26,0.0,0.0,1.0
primary_step_1,1,xy_history_s1,1,1,102,26,0.5,0.5,0.5,26,0,26,0,0.5,0,0,26,0.0,0.0,1.0
primary_step_1,1,xy_history_s1,1,2,102,26,0.5,0.5,0.5,26,0,26,0,0.5,0,0,26,0.0,0.0,1.0
primary_step_1,1,xy_history_s1,1,3,103,25,0.5,0.5,0.5,25,0,25,0,0.5,0,0,25,0.0,0.0,1.0
primary_step_1,1,xy_history_s1,1,4,103,25,0.5,0.5,0.5,25,0,25,0,0.5,0,0,25,0.0,0.0,1.0
primary_step_1,1,xy_history_s1,2,0,102,26,0.5,0.5,0.5,26,0,26,0,0.5,0,0,26,0.0,0.0,1.0
primary_step_1,1,xy_history_s1,2,1,102,26,0.5,0.5,0.5,26,0,26,0,0.5,0,0,26,0.0,0.0,1.0
primary_step_1,1,xy_history_s1,2,2,102,26,0.5,0.5,0.5,26,0,26,0,0.5,0,0,26,0.0,0.0,1.0
primary_step_1,1,xy_history_s1,2,3,103,25,0.5,0.5,0.5,25,0,25,0,0.5,0,0,25,0.0,0.0,1.0
primary_step_1,1,xy_history_s1,2,4,103,25,0.5,0.5,0.5,25,0,25,0,0.5,0,0,25,0.0,0.0,1.0
primary_step_1,1,xy_history_s1,3,0,102,26,0.5,0.5,0.5,26,0,26,0,0.5,0,0,26,0.0,0.0,1.0
primary_step_1,1,xy_history_s1,3,1,102,26,0.5,0.5,0.5,26,0,26,0,0.5,0,0,26,0.0,0.0,1.0
primary_step_1,1,xy_history_s1,3,2,102,26,0.5,0.5,0.5,26,0,26,0,0.5,0,0,26,0.0,0.0,1.0
primary_step_1,1,xy_history_s1,3,3,103,25,0.5,0.5,0.5,25,0,25,0,0.5,0,0,25,0.0,0.0,1.0
primary_step_1,1,xy_history_s1,3,4,103,25,0.5,0.5,0.5,25,0,25,0,0.5,0,0,25,0.0,0.0,1.0
primary_step_1,1,xy_history_s1,4,0,102,26,0.5,0.5,0.5,26,0,26,0,0.5,0,0,26,0.0,0.0,1.0
primary_step_1,1,xy_history_s1,4,1,102,26,0.5,0.5,0.5,26,0,26,0,0.5,0,0,26,0.0,0.0,1.0
primary_step_1,1,xy_history_s1,4,2,102,26,0.5,0.5,0.5,26,0,26,0,0.5,0,0,26,0.0,0.0,1.0
primary_step_1,1,xy_history_s1,4,3,103,25,0.5,0.5,0.5,25,0,25,0,0.5,0,0,25,0.0,0.0,1.0
primary_step_1,1,xy_history_s1,4,4,103,25,0.5,0.5,0.5,25,0,25,0,0.5,0,0,25,0.0,0.0,1.0
primary_step_1,1,position_proprio_history_s1,0,0,102,26,0.5,0.5,0.5,26,0,26,0,0.5,0,0,26,0.0,0.0,1.0
primary_step_1,1,position_proprio_history_s1,0,1,102,26,0.5,0.5,0.5,26,0,26,0,0.5,0,0,26,0.0,0.0,1.0
primary_step_1,1,position_proprio_history_s1,0,2,102,26,0.5,0.5,0.5,26,0,26,0,0.5,0,0,26,0.0,0.0,1.0
primary_step_1,1,position_proprio_history_s1,0,3,103,25,0.5,0.5,0.5,25,0,25,0,0.5,0,0,25,0.0,0.0,1.0
primary_step_1,1,position_proprio_history_s1,0,4,103,25,0.5,0.5,0.5,25,0,25,0,0.5,0,0,25,0.0,0.0,1.0
primary_step_1,1,position_proprio_history_s1,1,0,102,26,0.5,0.5,0.5,26,0,26,0,0.5,0,0,26,0.0,0.0,1.0
primary_step_1,1,position_proprio_history_s1,1,1,102,26,0.5,0.5,0.5,26,0,26,0,0.5,0,0,26,0.0,0.0,1.0
primary_step_1,1,position_proprio_history_s1,1,2,102,26,0.5,0.5,0.5,26,0,26,0,0.5,0,0,26,0.0,0.0,1.0
primary_step_1,1,position_proprio_history_s1,1,3,103,25,0.5,0.5,0.5,25,0,25,0,0.5,0,0,25,0.0,0.0,1.0
primary_step_1,1,position_proprio_history_s1,1,4,103,25,0.5,0.5,0.5,25,0,25,0,0.5,0,0,25,0.0,0.0,1.0
primary_step_1,1,position_proprio_history_s1,2,0,102,26,0.5,0.5,0.5,26,0,26,0,0.5,0,0,26,0.0,0.0,1.0
primary_step_1,1,position_proprio_history_s1,2,1,102,26,0.5,0.5,0.5,26,0,26,0,0.5,0,0,26,0.0,0.0,1.0
primary_step_1,1,position_proprio_history_s1,2,2,102,26,0.5,0.5,0.5,26,0,26,0,0.5,0,0,26,0.0,0.0,1.0
primary_step_1,1,position_proprio_history_s1,2,3,103,25,0.5,0.5,0.5,25,0,25,0,0.5,0,0,25,0.0,0.0,1.0
primary_step_1,1,position_proprio_history_s1,2,4,103,25,0.5,0.5,0.5,25,0,25,0,0.5,0,0,25,0.0,0.0,1.0
primary_step_1,1,position_proprio_history_s1,3,0,102,26,0.5,0.5,0.5,26,0,26,0,0.5,0,0,26,0.0,0.0,1.0
primary_step_1,1,position_proprio_history_s1,3,1,102,26,0.5,0.5,0.5,26,0,26,0,0.5,0,0,26,0.0,0.0,1.0
primary_step_1,1,position_proprio_history_s1,3,2,102,26,0.5,0.5,0.5,26,0,26,0,0.5,0,0,26,0.0,0.0,1.0
primary_step_1,1,position_proprio_history_s1,3,3,103,25,0.5,0.5,0.5,25,0,25,0,0.5,0,0,25,0.0,0.0,1.0
primary_step_1,1,position_proprio_history_s1,3,4,103,25,0.5,0.5,0.5,25,0,25,0,0.5,0,0,25,0.0,0.0,1.0
primary_step_1,1,position_proprio_history_s1,4,0,102,26,0.5,0.5,0.5,26,0,26,0,0.5,0,0,26,0.0,0.0,1.0
primary_step_1,1,position_proprio_history_s1,4,1,102,26,0.5,0.5,0.5,26,0,26,0,0.5,0,0,26,0.0,0.0,1.0
primary_step_1,1,position_proprio_history_s1,4,2,102,26,0.5,0.5,0.5,26,0,26,0,0.5,0,0,26,0.0,0.0,1.0
primary_step_1,1,position_proprio_history_s1,4,3,103,25,0.5,0.5,0.5,25,0,25,0,0.5,0,0,25,0.0,0.0,1.0
primary_step_1,1,position_proprio_history_s1,4,4,103,25,0.5,0.5,0.5,25,0,25,0,0.5,0,0,25,0.0,0.0,1.0
primary_step_1,1,causal_fd_history_s1,0,0,102,26,1.0,1.0,1.0,26,26,0,0,1.0,26,0,0,0.5098039215686275,0.4607843137254902,2.9802322387695312e-08
primary_step_1,1,causal_fd_history_s1,0,1,102,26,0.9230769230769231,0.9230769230769231,0.9822485207100592,24,24,2,2,1.0,26,0,0,0.49170437405731526,0.47058823529411764,2.9802322387695312e-08
primary_step_1,1,causal_fd_history_s1,0,2,102,26,1.0,1.0,1.0,26,26,0,0,1.0,26,0,0,0.5098039215686274,0.4901960784313726,2.9802322387695312e-08
primary_step_1,1,causal_fd_history_s1,0,3,103,25,1.0,1.0,1.0,25,25,0,0,1.0,25,0,0,0.5102040816326531,0.510204081632653,5.960464477539063e-08
primary_step_1,1,causal_fd_history_s1,0,4,103,25,0.92,0.92,0.9504,23,23,2,2,0.96,24,1,0,0.45959183673469384,0.4489795918367347,1.5497207641601562e-06
primary_step_1,1,causal_fd_history_s1,1,0,102,26,1.0,1.0,1.0,26,26,0,0,1.0,26,0,0,0.5098039215686275,0.5196078431372548,2.9802322387695312e-08
primary_step_1,1,causal_fd_history_s1,1,1,102,26,0.9230769230769231,0.9230769230769231,0.9437869822485208,24,24,2,2,0.9615384615384616,25,1,0,0.4524886877828054,0.4411764705882353,8.046627044677734e-07
primary_step_1,1,causal_fd_history_s1,1,2,102,26,1.0,1.0,1.0,26,26,0,0,1.0,26,0,0,0.5098039215686274,0.5098039215686274,2.9802322387695312e-08
primary_step_1,1,causal_fd_history_s1,1,3,103,25,1.0,1.0,1.0,25,25,0,0,1.0,25,0,0,0.510204081632653,0.510204081632653,5.960464477539063e-08
primary_step_1,1,causal_fd_history_s1,1,4,103,25,0.96,0.96,0.9968,24,24,1,1,1.0,25,0,0,0.5069387755102039,0.48979591836734687,5.960464477539063e-08
primary_step_1,1,causal_fd_history_s1,2,0,102,26,1.0,1.0,1.0,26,26,0,0,1.0,26,0,0,0.5098039215686274,0.5098039215686274,2.9802322387695312e-08
primary_step_1,1,causal_fd_history_s1,2,1,102,26,0.9615384615384616,0.9615384615384616,0.9571005917159763,25,25,1,1,0.9615384615384616,25,1,0,0.4660633484162896,0.4901960784313726,8.046627044677734e-07
primary_step_1,1,causal_fd_history_s1,2,2,102,26,1.0,1.0,1.0,26,26,0,0,1.0,26,0,0,0.5098039215686274,0.5294117647058822,2.9802322387695312e-08
primary_step_1,1,causal_fd_history_s1,2,3,103,25,1.0,1.0,1.0,25,25,0,0,1.0,25,0,0,0.510204081632653,0.510204081632653,5.960464477539063e-08
primary_step_1,1,causal_fd_history_s1,2,4,103,25,0.96,0.96,0.9952,24,24,1,1,1.0,25,0,0,0.5053061224489795,0.44897959183673475,5.960464477539063e-08
primary_step_1,1,causal_fd_history_s1,3,0,102,26,0.9615384615384616,0.9615384615384616,0.9600591715976331,25,25,1,1,0.9615384615384616,25,1,0,0.469079939668175,0.48039215686274506,8.046627044677734e-07
primary_step_1,1,causal_fd_history_s1,3,1,102,26,0.9615384615384616,0.9615384615384616,0.9970414201183432,25,25,1,1,1.0,26,0,0,0.5067873303167421,0.4901960784313726,2.9802322387695312e-08
primary_step_1,1,causal_fd_history_s1,3,2,102,26,0.9230769230769231,0.9230769230769231,0.9911242603550295,24,24,2,2,1.0,26,0,0,0.5007541478129713,0.47058823529411764,2.9802322387695312e-08
primary_step_1,1,causal_fd_history_s1,3,3,103,25,1.0,1.0,1.0,25,25,0,0,1.0,25,0,0,0.510204081632653,0.5102040816326531,5.960464477539063e-08
primary_step_1,1,causal_fd_history_s1,3,4,103,25,0.96,0.96,0.9936,24,24,1,1,1.0,25,0,0,0.503673469387755,0.5102040816326531,5.960464477539063e-08
primary_step_1,1,causal_fd_history_s1,4,0,102,26,0.9615384615384616,0.9615384615384616,0.9881656804733728,25,25,1,1,1.0,26,0,0,0.49773755656108604,0.5392156862745097,2.9802322387695312e-08
primary_step_1,1,causal_fd_history_s1,4,1,102,26,1.0,1.0,1.0,26,26,0,0,1.0,26,0,0,0.5098039215686274,0.49019607843137253,2.9802322387695312e-08
primary_step_1,1,causal_fd_history_s1,4,2,102,26,0.9615384615384616,0.9615384615384616,0.9955621301775148,25,25,1,1,1.0,26,0,0,0.5052790346907994,0.47058823529411764,2.9802322387695312e-08
primary_step_1,1,causal_fd_history_s1,4,3,103,25,0.92,0.92,0.9536,23,23,2,2,0.96,24,1,0,0.46285714285714286,0.4897959183673469,1.5497207641601562e-06
primary_step_1,1,causal_fd_history_s1,4,4,103,25,1.0,1.0,1.0,25,25,0,0,1.0,25,0,0,0.5102040816326531,0.4489795918367347,5.960464477539063e-08
primary_step_1,1,model_x_v2_s1,0,0,102,26,0.5,0.5,0.5,26,0,26,0,0.5,0,0,26,0.0,0.0,1.0
primary_step_1,1,model_x_v2_s1,0,1,102,26,0.5,0.5,0.5,26,0,26,0,0.5,0,0,26,0.0,0.0,1.0
primary_step_1,1,model_x_v2_s1,0,2,102,26,0.5,0.5,0.5,26,0,26,0,0.5,0,0,26,0.0,0.0,1.0
primary_step_1,1,model_x_v2_s1,0,3,103,25,0.5,0.5,0.5,25,0,25,0,0.5,0,0,25,0.0,0.0,1.0
primary_step_1,1,model_x_v2_s1,0,4,103,25,0.5,0.5,0.5,25,0,25,0,0.5,0,0,25,0.0,0.0,1.0
primary_step_1,1,model_x_v2_s1,1,0,102,26,0.5,0.5,0.5,26,0,26,0,0.5,0,0,26,0.0,0.0,1.0
primary_step_1,1,model_x_v2_s1,1,1,102,26,0.5,0.5,0.5,26,0,26,0,0.5,0,0,26,0.0,0.0,1.0
primary_step_1,1,model_x_v2_s1,1,2,102,26,0.5,0.5,0.5,26,0,26,0,0.5,0,0,26,0.0,0.0,1.0
primary_step_1,1,model_x_v2_s1,1,3,103,25,0.5,0.5,0.5,25,0,25,0,0.5,0,0,25,0.0,0.0,1.0
primary_step_1,1,model_x_v2_s1,1,4,103,25,0.5,0.5,0.5,25,0,25,0,0.5,0,0,25,0.0,0.0,1.0
primary_step_1,1,model_x_v2_s1,2,0,102,26,0.5,0.5,0.5,26,0,26,0,0.5,0,0,26,0.0,0.0,1.0
primary_step_1,1,model_x_v2_s1,2,1,102,26,0.5,0.5,0.5,26,0,26,0,0.5,0,0,26,0.0,0.0,1.0
primary_step_1,1,model_x_v2_s1,2,2,102,26,0.5,0.5,0.5,26,0,26,0,0.5,0,0,26,0.0,0.0,1.0
primary_step_1,1,model_x_v2_s1,2,3,103,25,0.5,0.5,0.5,25,0,25,0,0.5,0,0,25,0.0,0.0,1.0
primary_step_1,1,model_x_v2_s1,2,4,103,25,0.5,0.5,0.5,25,0,25,0,0.5,0,0,25,0.0,0.0,1.0
primary_step_1,1,model_x_v2_s1,3,0,102,26,0.5,0.5,0.5,26,0,26,0,0.5,0,0,26,0.0,0.0,1.0
primary_step_1,1,model_x_v2_s1,3,1,102,26,0.5,0.5,0.5,26,0,26,0,0.5,0,0,26,0.0,0.0,1.0
primary_step_1,1,model_x_v2_s1,3,2,102,26,0.5,0.5,0.5,26,0,26,0,0.5,0,0,26,0.0,0.0,1.0
primary_step_1,1,model_x_v2_s1,3,3,103,25,0.5,0.5,0.5,25,0,25,0,0.5,0,0,25,0.0,0.0,1.0
primary_step_1,1,model_x_v2_s1,3,4,103,25,0.5,0.5,0.5,25,0,25,0,0.5,0,0,25,0.0,0.0,1.0
primary_step_1,1,model_x_v2_s1,4,0,102,26,0.5,0.5,0.5,26,0,26,0,0.5,0,0,26,0.0,0.0,1.0
primary_step_1,1,model_x_v2_s1,4,1,102,26,0.5,0.5,0.5,26,0,26,0,0.5,0,0,26,0.0,0.0,1.0
primary_step_1,1,model_x_v2_s1,4,2,102,26,0.5,0.5,0.5,26,0,26,0,0.5,0,0,26,0.0,0.0,1.0
primary_step_1,1,model_x_v2_s1,4,3,103,25,0.5,0.5,0.5,25,0,25,0,0.5,0,0,25,0.0,0.0,1.0
primary_step_1,1,model_x_v2_s1,4,4,103,25,0.5,0.5,0.5,25,0,25,0,0.5,0,0,25,0.0,0.0,1.0
primary_step_1,1,privileged_model_x_v1_s1,0,0,102,26,1.0,1.0,1.0,26,26,0,0,1.0,26,0,0,0.5098039215686274,0.4901960784313726,2.9802322387695312e-08
primary_step_1,1,privileged_model_x_v1_s1,0,1,102,26,0.9230769230769231,0.9230769230769231,0.9837278106508875,24,24,2,2,1.0,26,0,0,0.49321266968325794,0.47058823529411764,2.9802322387695312e-08
primary_step_1,1,privileged_model_x_v1_s1,0,2,102,26,1.0,1.0,1.0,26,26,0,0,1.0,26,0,0,0.5098039215686274,0.4901960784313726,2.9802322387695312e-08
primary_step_1,1,privileged_model_x_v1_s1,0,3,103,25,1.0,1.0,1.0,25,25,0,0,1.0,25,0,0,0.5102040816326531,0.510204081632653,5.960464477539063e-08
primary_step_1,1,privileged_model_x_v1_s1,0,4,103,25,0.92,0.92,0.9488,23,23,2,2,0.96,24,1,0,0.45795918367346933,0.4489795918367347,1.5497207641601562e-06
primary_step_1,1,privileged_model_x_v1_s1,1,0,102,26,1.0,1.0,1.0,26,26,0,0,1.0,26,0,0,0.5098039215686275,0.5098039215686274,2.9802322387695312e-08
primary_step_1,1,privileged_model_x_v1_s1,1,1,102,26,0.9230769230769231,0.9230769230769231,0.9452662721893491,24,24,2,2,0.9615384615384616,25,1,0,0.45399698340874806,0.45098039215686275,8.046627044677734e-07
primary_step_1,1,privileged_model_x_v1_s1,1,2,102,26,1.0,1.0,1.0,26,26,0,0,1.0,26,0,0,0.5098039215686275,0.5,2.9802322387695312e-08
primary_step_1,1,privileged_model_x_v1_s1,1,3,103,25,1.0,1.0,1.0,25,25,0,0,1.0,25,0,0,0.510204081632653,0.489795918367347,5.960464477539063e-08
primary_step_1,1,privileged_model_x_v1_s1,1,4,103,25,0.96,0.96,0.9968,24,24,1,1,1.0,25,0,0,0.506938775510204,0.48979591836734687,5.960464477539063e-08
primary_step_1,1,privileged_model_x_v1_s1,2,0,102,26,1.0,1.0,1.0,26,26,0,0,1.0,26,0,0,0.5098039215686274,0.5196078431372548,2.9802322387695312e-08
primary_step_1,1,privileged_model_x_v1_s1,2,1,102,26,0.9230769230769231,0.9230769230769231,0.9526627218934911,24,24,2,2,0.9615384615384616,25,1,0,0.46153846153846156,0.47058823529411764,8.046627044677734e-07
primary_step_1,1,privileged_model_x_v1_s1,2,2,102,26,1.0,1.0,1.0,26,26,0,0,1.0,26,0,0,0.5098039215686274,0.5392156862745098,2.9802322387695312e-08
primary_step_1,1,privileged_model_x_v1_s1,2,3,103,25,1.0,1.0,1.0,25,25,0,0,1.0,25,0,0,0.510204081632653,0.510204081632653,5.960464477539063e-08
primary_step_1,1,privileged_model_x_v1_s1,2,4,103,25,0.96,0.96,0.9952,24,24,1,1,1.0,25,0,0,0.5053061224489795,0.4693877551020408,5.960464477539063e-08
primary_step_1,1,privileged_model_x_v1_s1,3,0,102,26,0.9615384615384616,0.9615384615384616,0.9600591715976331,25,25,1,1,0.9615384615384616,25,1,0,0.469079939668175,0.4607843137254901,8.046627044677734e-07
primary_step_1,1,privileged_model_x_v1_s1,3,1,102,26,0.9615384615384616,0.9615384615384616,0.9970414201183432,25,25,1,1,1.0,26,0,0,0.5067873303167421,0.4901960784313726,2.9802322387695312e-08
primary_step_1,1,privileged_model_x_v1_s1,3,2,102,26,0.9230769230769231,0.9230769230769231,0.9911242603550295,24,24,2,2,1.0,26,0,0,0.5007541478129713,0.47058823529411764,2.9802322387695312e-08
primary_step_1,1,privileged_model_x_v1_s1,3,3,103,25,1.0,1.0,1.0,25,25,0,0,1.0,25,0,0,0.510204081632653,0.5306122448979591,5.960464477539063e-08
primary_step_1,1,privileged_model_x_v1_s1,3,4,103,25,0.96,0.96,0.9936,24,24,1,1,1.0,25,0,0,0.503673469387755,0.5306122448979591,5.960464477539063e-08
primary_step_1,1,privileged_model_x_v1_s1,4,0,102,26,0.9615384615384616,0.9615384615384616,0.9896449704142012,25,25,1,1,1.0,26,0,0,0.4992458521870287,0.5294117647058822,2.9802322387695312e-08
primary_step_1,1,privileged_model_x_v1_s1,4,1,102,26,1.0,1.0,1.0,26,26,0,0,1.0,26,0,0,0.5098039215686274,0.5098039215686274,2.9802322387695312e-08
primary_step_1,1,privileged_model_x_v1_s1,4,2,102,26,0.9230769230769231,0.9230769230769231,0.9940828402366864,24,24,2,2,1.0,26,0,0,0.5037707390648567,0.47058823529411764,2.9802322387695312e-08
primary_step_1,1,privileged_model_x_v1_s1,4,3,103,25,0.92,0.92,0.9552,23,23,2,2,0.96,24,1,0,0.46448979591836737,0.510204081632653,1.5497207641601562e-06
primary_step_1,1,privileged_model_x_v1_s1,4,4,103,25,1.0,1.0,1.0,25,25,0,0,1.0,25,0,0,0.5102040816326531,0.4489795918367347,5.960464477539063e-08
primary_step_1,1,xy_history_s5,0,0,102,26,0.5,0.5,0.5,26,0,26,0,0.5,0,0,26,0.0,0.0,1.0
primary_step_1,1,xy_history_s5,0,1,102,26,0.5,0.5,0.5,26,0,26,0,0.5,0,0,26,0.0,0.0,1.0
primary_step_1,1,xy_history_s5,0,2,102,26,0.5,0.5,0.5,26,0,26,0,0.5,0,0,26,0.0,0.0,1.0
primary_step_1,1,xy_history_s5,0,3,103,25,0.5,0.5,0.5,25,0,25,0,0.5,0,0,25,0.0,0.0,1.0
primary_step_1,1,xy_history_s5,0,4,103,25,0.5,0.5,0.5,25,0,25,0,0.5,0,0,25,0.0,0.0,1.0
primary_step_1,1,xy_history_s5,1,0,102,26,0.5,0.5,0.5,26,0,26,0,0.5,0,0,26,0.0,0.0,1.0
primary_step_1,1,xy_history_s5,1,1,102,26,0.5,0.5,0.5,26,0,26,0,0.5,0,0,26,0.0,0.0,1.0
primary_step_1,1,xy_history_s5,1,2,102,26,0.5,0.5,0.5,26,0,26,0,0.5,0,0,26,0.0,0.0,1.0
primary_step_1,1,xy_history_s5,1,3,103,25,0.5,0.5,0.5,25,0,25,0,0.5,0,0,25,0.0,0.0,1.0
primary_step_1,1,xy_history_s5,1,4,103,25,0.5,0.5,0.5,25,0,25,0,0.5,0,0,25,0.0,0.0,1.0
primary_step_1,1,xy_history_s5,2,0,102,26,0.5,0.5,0.5,26,0,26,0,0.5,0,0,26,0.0,0.0,1.0
primary_step_1,1,xy_history_s5,2,1,102,26,0.5,0.5,0.5,26,0,26,0,0.5,0,0,26,0.0,0.0,1.0
primary_step_1,1,xy_history_s5,2,2,102,26,0.5,0.5,0.5,26,0,26,0,0.5,0,0,26,0.0,0.0,1.0
primary_step_1,1,xy_history_s5,2,3,103,25,0.5,0.5,0.5,25,0,25,0,0.5,0,0,25,0.0,0.0,1.0
primary_step_1,1,xy_history_s5,2,4,103,25,0.5,0.5,0.5,25,0,25,0,0.5,0,0,25,0.0,0.0,1.0
primary_step_1,1,xy_history_s5,3,0,102,26,0.5,0.5,0.5,26,0,26,0,0.5,0,0,26,0.0,0.0,1.0
primary_step_1,1,xy_history_s5,3,1,102,26,0.5,0.5,0.5,26,0,26,0,0.5,0,0,26,0.0,0.0,1.0
primary_step_1,1,xy_history_s5,3,2,102,26,0.5,0.5,0.5,26,0,26,0,0.5,0,0,26,0.0,0.0,1.0
primary_step_1,1,xy_history_s5,3,3,103,25,0.5,0.5,0.5,25,0,25,0,0.5,0,0,25,0.0,0.0,1.0
primary_step_1,1,xy_history_s5,3,4,103,25,0.5,0.5,0.5,25,0,25,0,0.5,0,0,25,0.0,0.0,1.0
primary_step_1,1,xy_history_s5,4,0,102,26,0.5,0.5,0.5,26,0,26,0,0.5,0,0,26,0.0,0.0,1.0
primary_step_1,1,xy_history_s5,4,1,102,26,0.5,0.5,0.5,26,0,26,0,0.5,0,0,26,0.0,0.0,1.0
primary_step_1,1,xy_history_s5,4,2,102,26,0.5,0.5,0.5,26,0,26,0,0.5,0,0,26,0.0,0.0,1.0
primary_step_1,1,xy_history_s5,4,3,103,25,0.5,0.5,0.5,25,0,25,0,0.5,0,0,25,0.0,0.0,1.0
primary_step_1,1,xy_history_s5,4,4,103,25,0.5,0.5,0.5,25,0,25,0,0.5,0,0,25,0.0,0.0,1.0
primary_step_1,1,position_proprio_history_s5,0,0,102,26,0.5,0.5,0.5,26,0,26,0,0.5,0,0,26,0.0,0.0,1.0
primary_step_1,1,position_proprio_history_s5,0,1,102,26,0.5,0.5,0.5,26,0,26,0,0.5,0,0,26,0.0,0.0,1.0
primary_step_1,1,position_proprio_history_s5,0,2,102,26,0.5,0.5,0.5,26,0,26,0,0.5,0,0,26,0.0,0.0,1.0
primary_step_1,1,position_proprio_history_s5,0,3,103,25,0.5,0.5,0.5,25,0,25,0,0.5,0,0,25,0.0,0.0,1.0
primary_step_1,1,position_proprio_history_s5,0,4,103,25,0.5,0.5,0.5,25,0,25,0,0.5,0,0,25,0.0,0.0,1.0
primary_step_1,1,position_proprio_history_s5,1,0,102,26,0.5,0.5,0.5,26,0,26,0,0.5,0,0,26,0.0,0.0,1.0
primary_step_1,1,position_proprio_history_s5,1,1,102,26,0.5,0.5,0.5,26,0,26,0,0.5,0,0,26,0.0,0.0,1.0
primary_step_1,1,position_proprio_history_s5,1,2,102,26,0.5,0.5,0.5,26,0,26,0,0.5,0,0,26,0.0,0.0,1.0
primary_step_1,1,position_proprio_history_s5,1,3,103,25,0.5,0.5,0.5,25,0,25,0,0.5,0,0,25,0.0,0.0,1.0
primary_step_1,1,position_proprio_history_s5,1,4,103,25,0.5,0.5,0.5,25,0,25,0,0.5,0,0,25,0.0,0.0,1.0
primary_step_1,1,position_proprio_history_s5,2,0,102,26,0.5,0.5,0.5,26,0,26,0,0.5,0,0,26,0.0,0.0,1.0
primary_step_1,1,position_proprio_history_s5,2,1,102,26,0.5,0.5,0.5,26,0,26,0,0.5,0,0,26,0.0,0.0,1.0
primary_step_1,1,position_proprio_history_s5,2,2,102,26,0.5,0.5,0.5,26,0,26,0,0.5,0,0,26,0.0,0.0,1.0
primary_step_1,1,position_proprio_history_s5,2,3,103,25,0.5,0.5,0.5,25,0,25,0,0.5,0,0,25,0.0,0.0,1.0
primary_step_1,1,position_proprio_history_s5,2,4,103,25,0.5,0.5,0.5,25,0,25,0,0.5,0,0,25,0.0,0.0,1.0
primary_step_1,1,position_proprio_history_s5,3,0,102,26,0.5,0.5,0.5,26,0,26,0,0.5,0,0,26,0.0,0.0,1.0
primary_step_1,1,position_proprio_history_s5,3,1,102,26,0.5,0.5,0.5,26,0,26,0,0.5,0,0,26,0.0,0.0,1.0
primary_step_1,1,position_proprio_history_s5,3,2,102,26,0.5,0.5,0.5,26,0,26,0,0.5,0,0,26,0.0,0.0,1.0
primary_step_1,1,position_proprio_history_s5,3,3,103,25,0.5,0.5,0.5,25,0,25,0,0.5,0,0,25,0.0,0.0,1.0
primary_step_1,1,position_proprio_history_s5,3,4,103,25,0.5,0.5,0.5,25,0,25,0,0.5,0,0,25,0.0,0.0,1.0
primary_step_1,1,position_proprio_history_s5,4,0,102,26,0.5,0.5,0.5,26,0,26,0,0.5,0,0,26,0.0,0.0,1.0
primary_step_1,1,position_proprio_history_s5,4,1,102,26,0.5,0.5,0.5,26,0,26,0,0.5,0,0,26,0.0,0.0,1.0
primary_step_1,1,position_proprio_history_s5,4,2,102,26,0.5,0.5,0.5,26,0,26,0,0.5,0,0,26,0.0,0.0,1.0
primary_step_1,1,position_proprio_history_s5,4,3,103,25,0.5,0.5,0.5,25,0,25,0,0.5,0,0,25,0.0,0.0,1.0
primary_step_1,1,position_proprio_history_s5,4,4,103,25,0.5,0.5,0.5,25,0,25,0,0.5,0,0,25,0.0,0.0,1.0
primary_step_1,1,causal_fd_history_s5,0,0,102,26,1.0,1.0,1.0,26,26,0,0,1.0,26,0,0,0.5098039215686275,0.4607843137254902,2.9802322387695312e-08
primary_step_1,1,causal_fd_history_s5,0,1,102,26,0.9230769230769231,0.9230769230769231,0.9822485207100592,24,24,2,2,1.0,26,0,0,0.49170437405731526,0.47058823529411764,2.9802322387695312e-08
primary_step_1,1,causal_fd_history_s5,0,2,102,26,1.0,1.0,1.0,26,26,0,0,1.0,26,0,0,0.5098039215686274,0.4901960784313726,2.9802322387695312e-08
primary_step_1,1,causal_fd_history_s5,0,3,103,25,1.0,1.0,1.0,25,25,0,0,1.0,25,0,0,0.5102040816326531,0.510204081632653,5.960464477539063e-08
primary_step_1,1,causal_fd_history_s5,0,4,103,25,0.92,0.92,0.9504,23,23,2,2,0.96,24,1,0,0.45959183673469384,0.4489795918367347,1.5497207641601562e-06
primary_step_1,1,causal_fd_history_s5,1,0,102,26,1.0,1.0,1.0,26,26,0,0,1.0,26,0,0,0.5098039215686275,0.5196078431372548,2.9802322387695312e-08
primary_step_1,1,causal_fd_history_s5,1,1,102,26,0.9230769230769231,0.9230769230769231,0.9437869822485208,24,24,2,2,0.9615384615384616,25,1,0,0.4524886877828054,0.4411764705882353,8.046627044677734e-07
primary_step_1,1,causal_fd_history_s5,1,2,102,26,1.0,1.0,1.0,26,26,0,0,1.0,26,0,0,0.5098039215686274,0.5098039215686274,2.9802322387695312e-08
primary_step_1,1,causal_fd_history_s5,1,3,103,25,1.0,1.0,1.0,25,25,0,0,1.0,25,0,0,0.510204081632653,0.510204081632653,5.960464477539063e-08
primary_step_1,1,causal_fd_history_s5,1,4,103,25,0.96,0.96,0.9968,24,24,1,1,1.0,25,0,0,0.5069387755102039,0.48979591836734687,5.960464477539063e-08
primary_step_1,1,causal_fd_history_s5,2,0,102,26,1.0,1.0,1.0,26,26,0,0,1.0,26,0,0,0.5098039215686274,0.5098039215686274,2.9802322387695312e-08
primary_step_1,1,causal_fd_history_s5,2,1,102,26,0.9615384615384616,0.9615384615384616,0.9571005917159763,25,25,1,1,0.9615384615384616,25,1,0,0.4660633484162896,0.4901960784313726,8.046627044677734e-07
primary_step_1,1,causal_fd_history_s5,2,2,102,26,1.0,1.0,1.0,26,26,0,0,1.0,26,0,0,0.5098039215686274,0.5294117647058822,2.9802322387695312e-08
primary_step_1,1,causal_fd_history_s5,2,3,103,25,1.0,1.0,1.0,25,25,0,0,1.0,25,0,0,0.510204081632653,0.510204081632653,5.960464477539063e-08
primary_step_1,1,causal_fd_history_s5,2,4,103,25,0.96,0.96,0.9952,24,24,1,1,1.0,25,0,0,0.5053061224489795,0.44897959183673475,5.960464477539063e-08
primary_step_1,1,causal_fd_history_s5,3,0,102,26,0.9615384615384616,0.9615384615384616,0.9600591715976331,25,25,1,1,0.9615384615384616,25,1,0,0.469079939668175,0.48039215686274506,8.046627044677734e-07
primary_step_1,1,causal_fd_history_s5,3,1,102,26,0.9615384615384616,0.9615384615384616,0.9970414201183432,25,25,1,1,1.0,26,0,0,0.5067873303167421,0.4901960784313726,2.9802322387695312e-08
primary_step_1,1,causal_fd_history_s5,3,2,102,26,0.9230769230769231,0.9230769230769231,0.9911242603550295,24,24,2,2,1.0,26,0,0,0.5007541478129713,0.47058823529411764,2.9802322387695312e-08
primary_step_1,1,causal_fd_history_s5,3,3,103,25,1.0,1.0,1.0,25,25,0,0,1.0,25,0,0,0.510204081632653,0.5102040816326531,5.960464477539063e-08
primary_step_1,1,causal_fd_history_s5,3,4,103,25,0.96,0.96,0.9936,24,24,1,1,1.0,25,0,0,0.503673469387755,0.5102040816326531,5.960464477539063e-08
primary_step_1,1,causal_fd_history_s5,4,0,102,26,0.9615384615384616,0.9615384615384616,0.9881656804733728,25,25,1,1,1.0,26,0,0,0.49773755656108604,0.5392156862745097,2.9802322387695312e-08
primary_step_1,1,causal_fd_history_s5,4,1,102,26,1.0,1.0,1.0,26,26,0,0,1.0,26,0,0,0.5098039215686274,0.49019607843137253,2.9802322387695312e-08
primary_step_1,1,causal_fd_history_s5,4,2,102,26,0.9615384615384616,0.9615384615384616,0.9955621301775148,25,25,1,1,1.0,26,0,0,0.5052790346907994,0.47058823529411764,2.9802322387695312e-08
primary_step_1,1,causal_fd_history_s5,4,3,103,25,0.92,0.92,0.9536,23,23,2,2,0.96,24,1,0,0.46285714285714286,0.4897959183673469,1.5497207641601562e-06
primary_step_1,1,causal_fd_history_s5,4,4,103,25,1.0,1.0,1.0,25,25,0,0,1.0,25,0,0,0.5102040816326531,0.4489795918367347,5.960464477539063e-08
primary_step_1,1,model_x_v2_s5,0,0,102,26,0.5,0.5,0.5,26,0,26,0,0.5,0,0,26,0.0,0.0,1.0
primary_step_1,1,model_x_v2_s5,0,1,102,26,0.5,0.5,0.5,26,0,26,0,0.5,0,0,26,0.0,0.0,1.0
primary_step_1,1,model_x_v2_s5,0,2,102,26,0.5,0.5,0.5,26,0,26,0,0.5,0,0,26,0.0,0.0,1.0
primary_step_1,1,model_x_v2_s5,0,3,103,25,0.5,0.5,0.5,25,0,25,0,0.5,0,0,25,0.0,0.0,1.0
primary_step_1,1,model_x_v2_s5,0,4,103,25,0.5,0.5,0.5,25,0,25,0,0.5,0,0,25,0.0,0.0,1.0
primary_step_1,1,model_x_v2_s5,1,0,102,26,0.5,0.5,0.5,26,0,26,0,0.5,0,0,26,0.0,0.0,1.0
primary_step_1,1,model_x_v2_s5,1,1,102,26,0.5,0.5,0.5,26,0,26,0,0.5,0,0,26,0.0,0.0,1.0
primary_step_1,1,model_x_v2_s5,1,2,102,26,0.5,0.5,0.5,26,0,26,0,0.5,0,0,26,0.0,0.0,1.0
primary_step_1,1,model_x_v2_s5,1,3,103,25,0.5,0.5,0.5,25,0,25,0,0.5,0,0,25,0.0,0.0,1.0
primary_step_1,1,model_x_v2_s5,1,4,103,25,0.5,0.5,0.5,25,0,25,0,0.5,0,0,25,0.0,0.0,1.0
primary_step_1,1,model_x_v2_s5,2,0,102,26,0.5,0.5,0.5,26,0,26,0,0.5,0,0,26,0.0,0.0,1.0
primary_step_1,1,model_x_v2_s5,2,1,102,26,0.5,0.5,0.5,26,0,26,0,0.5,0,0,26,0.0,0.0,1.0
primary_step_1,1,model_x_v2_s5,2,2,102,26,0.5,0.5,0.5,26,0,26,0,0.5,0,0,26,0.0,0.0,1.0
primary_step_1,1,model_x_v2_s5,2,3,103,25,0.5,0.5,0.5,25,0,25,0,0.5,0,0,25,0.0,0.0,1.0
primary_step_1,1,model_x_v2_s5,2,4,103,25,0.5,0.5,0.5,25,0,25,0,0.5,0,0,25,0.0,0.0,1.0
primary_step_1,1,model_x_v2_s5,3,0,102,26,0.5,0.5,0.5,26,0,26,0,0.5,0,0,26,0.0,0.0,1.0
primary_step_1,1,model_x_v2_s5,3,1,102,26,0.5,0.5,0.5,26,0,26,0,0.5,0,0,26,0.0,0.0,1.0
primary_step_1,1,model_x_v2_s5,3,2,102,26,0.5,0.5,0.5,26,0,26,0,0.5,0,0,26,0.0,0.0,1.0
primary_step_1,1,model_x_v2_s5,3,3,103,25,0.5,0.5,0.5,25,0,25,0,0.5,0,0,25,0.0,0.0,1.0
primary_step_1,1,model_x_v2_s5,3,4,103,25,0.5,0.5,0.5,25,0,25,0,0.5,0,0,25,0.0,0.0,1.0
primary_step_1,1,model_x_v2_s5,4,0,102,26,0.5,0.5,0.5,26,0,26,0,0.5,0,0,26,0.0,0.0,1.0
primary_step_1,1,model_x_v2_s5,4,1,102,26,0.5,0.5,0.5,26,0,26,0,0.5,0,0,26,0.0,0.0,1.0
primary_step_1,1,model_x_v2_s5,4,2,102,26,0.5,0.5,0.5,26,0,26,0,0.5,0,0,26,0.0,0.0,1.0
primary_step_1,1,model_x_v2_s5,4,3,103,25,0.5,0.5,0.5,25,0,25,0,0.5,0,0,25,0.0,0.0,1.0
primary_step_1,1,model_x_v2_s5,4,4,103,25,0.5,0.5,0.5,25,0,25,0,0.5,0,0,25,0.0,0.0,1.0
primary_step_1,1,privileged_model_x_v1_s5,0,0,102,26,1.0,1.0,1.0,26,26,0,0,1.0,26,0,0,0.5098039215686274,0.4901960784313726,2.9802322387695312e-08
primary_step_1,1,privileged_model_x_v1_s5,0,1,102,26,0.9230769230769231,0.9230769230769231,0.9837278106508875,24,24,2,2,1.0,26,0,0,0.49321266968325794,0.47058823529411764,2.9802322387695312e-08
primary_step_1,1,privileged_model_x_v1_s5,0,2,102,26,1.0,1.0,1.0,26,26,0,0,1.0,26,0,0,0.5098039215686274,0.4901960784313726,2.9802322387695312e-08
primary_step_1,1,privileged_model_x_v1_s5,0,3,103,25,1.0,1.0,1.0,25,25,0,0,1.0,25,0,0,0.5102040816326531,0.510204081632653,5.960464477539063e-08
primary_step_1,1,privileged_model_x_v1_s5,0,4,103,25,0.92,0.92,0.9488,23,23,2,2,0.96,24,1,0,0.45795918367346933,0.4489795918367347,1.5497207641601562e-06
primary_step_1,1,privileged_model_x_v1_s5,1,0,102,26,1.0,1.0,1.0,26,26,0,0,1.0,26,0,0,0.5098039215686275,0.5098039215686274,2.9802322387695312e-08
primary_step_1,1,privileged_model_x_v1_s5,1,1,102,26,0.9230769230769231,0.9230769230769231,0.9452662721893491,24,24,2,2,0.9615384615384616,25,1,0,0.45399698340874806,0.45098039215686275,8.046627044677734e-07
primary_step_1,1,privileged_model_x_v1_s5,1,2,102,26,1.0,1.0,1.0,26,26,0,0,1.0,26,0,0,0.5098039215686275,0.5,2.9802322387695312e-08
primary_step_1,1,privileged_model_x_v1_s5,1,3,103,25,1.0,1.0,1.0,25,25,0,0,1.0,25,0,0,0.510204081632653,0.489795918367347,5.960464477539063e-08
primary_step_1,1,privileged_model_x_v1_s5,1,4,103,25,0.96,0.96,0.9968,24,24,1,1,1.0,25,0,0,0.506938775510204,0.48979591836734687,5.960464477539063e-08
primary_step_1,1,privileged_model_x_v1_s5,2,0,102,26,1.0,1.0,1.0,26,26,0,0,1.0,26,0,0,0.5098039215686274,0.5196078431372548,2.9802322387695312e-08
primary_step_1,1,privileged_model_x_v1_s5,2,1,102,26,0.9230769230769231,0.9230769230769231,0.9526627218934911,24,24,2,2,0.9615384615384616,25,1,0,0.46153846153846156,0.47058823529411764,8.046627044677734e-07
primary_step_1,1,privileged_model_x_v1_s5,2,2,102,26,1.0,1.0,1.0,26,26,0,0,1.0,26,0,0,0.5098039215686274,0.5392156862745098,2.9802322387695312e-08
primary_step_1,1,privileged_model_x_v1_s5,2,3,103,25,1.0,1.0,1.0,25,25,0,0,1.0,25,0,0,0.510204081632653,0.510204081632653,5.960464477539063e-08
primary_step_1,1,privileged_model_x_v1_s5,2,4,103,25,0.96,0.96,0.9952,24,24,1,1,1.0,25,0,0,0.5053061224489795,0.4693877551020408,5.960464477539063e-08
primary_step_1,1,privileged_model_x_v1_s5,3,0,102,26,0.9615384615384616,0.9615384615384616,0.9600591715976331,25,25,1,1,0.9615384615384616,25,1,0,0.469079939668175,0.4607843137254901,8.046627044677734e-07
primary_step_1,1,privileged_model_x_v1_s5,3,1,102,26,0.9615384615384616,0.9615384615384616,0.9970414201183432,25,25,1,1,1.0,26,0,0,0.5067873303167421,0.4901960784313726,2.9802322387695312e-08
primary_step_1,1,privileged_model_x_v1_s5,3,2,102,26,0.9230769230769231,0.9230769230769231,0.9911242603550295,24,24,2,2,1.0,26,0,0,0.5007541478129713,0.47058823529411764,2.9802322387695312e-08
primary_step_1,1,privileged_model_x_v1_s5,3,3,103,25,1.0,1.0,1.0,25,25,0,0,1.0,25,0,0,0.510204081632653,0.5306122448979591,5.960464477539063e-08
primary_step_1,1,privileged_model_x_v1_s5,3,4,103,25,0.96,0.96,0.9936,24,24,1,1,1.0,25,0,0,0.503673469387755,0.5306122448979591,5.960464477539063e-08
primary_step_1,1,privileged_model_x_v1_s5,4,0,102,26,0.9615384615384616,0.9615384615384616,0.9896449704142012,25,25,1,1,1.0,26,0,0,0.4992458521870287,0.5294117647058822,2.9802322387695312e-08
primary_step_1,1,privileged_model_x_v1_s5,4,1,102,26,1.0,1.0,1.0,26,26,0,0,1.0,26,0,0,0.5098039215686274,0.5098039215686274,2.9802322387695312e-08
primary_step_1,1,privileged_model_x_v1_s5,4,2,102,26,0.9230769230769231,0.9230769230769231,0.9940828402366864,24,24,2,2,1.0,26,0,0,0.5037707390648567,0.47058823529411764,2.9802322387695312e-08
primary_step_1,1,privileged_model_x_v1_s5,4,3,103,25,0.92,0.92,0.9552,23,23,2,2,0.96,24,1,0,0.46448979591836737,0.510204081632653,1.5497207641601562e-06
primary_step_1,1,privileged_model_x_v1_s5,4,4,103,25,1.0,1.0,1.0,25,25,0,0,1.0,25,0,0,0.5102040816326531,0.4489795918367347,5.960464477539063e-08
primary_step_1,1,xy_history_s10,0,0,102,26,0.5,0.5,0.5,26,0,26,0,0.5,0,0,26,0.0,0.0,1.0
primary_step_1,1,xy_history_s10,0,1,102,26,0.5,0.5,0.5,26,0,26,0,0.5,0,0,26,0.0,0.0,1.0
primary_step_1,1,xy_history_s10,0,2,102,26,0.5,0.5,0.5,26,0,26,0,0.5,0,0,26,0.0,0.0,1.0
primary_step_1,1,xy_history_s10,0,3,103,25,0.5,0.5,0.5,25,0,25,0,0.5,0,0,25,0.0,0.0,1.0
primary_step_1,1,xy_history_s10,0,4,103,25,0.5,0.5,0.5,25,0,25,0,0.5,0,0,25,0.0,0.0,1.0
primary_step_1,1,xy_history_s10,1,0,102,26,0.5,0.5,0.5,26,0,26,0,0.5,0,0,26,0.0,0.0,1.0
primary_step_1,1,xy_history_s10,1,1,102,26,0.5,0.5,0.5,26,0,26,0,0.5,0,0,26,0.0,0.0,1.0
primary_step_1,1,xy_history_s10,1,2,102,26,0.5,0.5,0.5,26,0,26,0,0.5,0,0,26,0.0,0.0,1.0
primary_step_1,1,xy_history_s10,1,3,103,25,0.5,0.5,0.5,25,0,25,0,0.5,0,0,25,0.0,0.0,1.0
primary_step_1,1,xy_history_s10,1,4,103,25,0.5,0.5,0.5,25,0,25,0,0.5,0,0,25,0.0,0.0,1.0
primary_step_1,1,xy_history_s10,2,0,102,26,0.5,0.5,0.5,26,0,26,0,0.5,0,0,26,0.0,0.0,1.0
primary_step_1,1,xy_history_s10,2,1,102,26,0.5,0.5,0.5,26,0,26,0,0.5,0,0,26,0.0,0.0,1.0
primary_step_1,1,xy_history_s10,2,2,102,26,0.5,0.5,0.5,26,0,26,0,0.5,0,0,26,0.0,0.0,1.0
primary_step_1,1,xy_history_s10,2,3,103,25,0.5,0.5,0.5,25,0,25,0,0.5,0,0,25,0.0,0.0,1.0
primary_step_1,1,xy_history_s10,2,4,103,25,0.5,0.5,0.5,25,0,25,0,0.5,0,0,25,0.0,0.0,1.0
primary_step_1,1,xy_history_s10,3,0,102,26,0.5,0.5,0.5,26,0,26,0,0.5,0,0,26,0.0,0.0,1.0
primary_step_1,1,xy_history_s10,3,1,102,26,0.5,0.5,0.5,26,0,26,0,0.5,0,0,26,0.0,0.0,1.0
primary_step_1,1,xy_history_s10,3,2,102,26,0.5,0.5,0.5,26,0,26,0,0.5,0,0,26,0.0,0.0,1.0
primary_step_1,1,xy_history_s10,3,3,103,25,0.5,0.5,0.5,25,0,25,0,0.5,0,0,25,0.0,0.0,1.0
primary_step_1,1,xy_history_s10,3,4,103,25,0.5,0.5,0.5,25,0,25,0,0.5,0,0,25,0.0,0.0,1.0
primary_step_1,1,xy_history_s10,4,0,102,26,0.5,0.5,0.5,26,0,26,0,0.5,0,0,26,0.0,0.0,1.0
primary_step_1,1,xy_history_s10,4,1,102,26,0.5,0.5,0.5,26,0,26,0,0.5,0,0,26,0.0,0.0,1.0
primary_step_1,1,xy_history_s10,4,2,102,26,0.5,0.5,0.5,26,0,26,0,0.5,0,0,26,0.0,0.0,1.0
primary_step_1,1,xy_history_s10,4,3,103,25,0.5,0.5,0.5,25,0,25,0,0.5,0,0,25,0.0,0.0,1.0
primary_step_1,1,xy_history_s10,4,4,103,25,0.5,0.5,0.5,25,0,25,0,0.5,0,0,25,0.0,0.0,1.0
primary_step_1,1,position_proprio_history_s10,0,0,102,26,0.5,0.5,0.5,26,0,26,0,0.5,0,0,26,0.0,0.0,1.0
primary_step_1,1,position_proprio_history_s10,0,1,102,26,0.5,0.5,0.5,26,0,26,0,0.5,0,0,26,0.0,0.0,1.0
primary_step_1,1,position_proprio_history_s10,0,2,102,26,0.5,0.5,0.5,26,0,26,0,0.5,0,0,26,0.0,0.0,1.0
primary_step_1,1,position_proprio_history_s10,0,3,103,25,0.5,0.5,0.5,25,0,25,0,0.5,0,0,25,0.0,0.0,1.0
primary_step_1,1,position_proprio_history_s10,0,4,103,25,0.5,0.5,0.5,25,0,25,0,0.5,0,0,25,0.0,0.0,1.0
primary_step_1,1,position_proprio_history_s10,1,0,102,26,0.5,0.5,0.5,26,0,26,0,0.5,0,0,26,0.0,0.0,1.0
primary_step_1,1,position_proprio_history_s10,1,1,102,26,0.5,0.5,0.5,26,0,26,0,0.5,0,0,26,0.0,0.0,1.0
primary_step_1,1,position_proprio_history_s10,1,2,102,26,0.5,0.5,0.5,26,0,26,0,0.5,0,0,26,0.0,0.0,1.0
primary_step_1,1,position_proprio_history_s10,1,3,103,25,0.5,0.5,0.5,25,0,25,0,0.5,0,0,25,0.0,0.0,1.0
primary_step_1,1,position_proprio_history_s10,1,4,103,25,0.5,0.5,0.5,25,0,25,0,0.5,0,0,25,0.0,0.0,1.0
primary_step_1,1,position_proprio_history_s10,2,0,102,26,0.5,0.5,0.5,26,0,26,0,0.5,0,0,26,0.0,0.0,1.0
primary_step_1,1,position_proprio_history_s10,2,1,102,26,0.5,0.5,0.5,26,0,26,0,0.5,0,0,26,0.0,0.0,1.0
primary_step_1,1,position_proprio_history_s10,2,2,102,26,0.5,0.5,0.5,26,0,26,0,0.5,0,0,26,0.0,0.0,1.0
primary_step_1,1,position_proprio_history_s10,2,3,103,25,0.5,0.5,0.5,25,0,25,0,0.5,0,0,25,0.0,0.0,1.0
primary_step_1,1,position_proprio_history_s10,2,4,103,25,0.5,0.5,0.5,25,0,25,0,0.5,0,0,25,0.0,0.0,1.0
primary_step_1,1,position_proprio_history_s10,3,0,102,26,0.5,0.5,0.5,26,0,26,0,0.5,0,0,26,0.0,0.0,1.0
primary_step_1,1,position_proprio_history_s10,3,1,102,26,0.5,0.5,0.5,26,0,26,0,0.5,0,0,26,0.0,0.0,1.0
primary_step_1,1,position_proprio_history_s10,3,2,102,26,0.5,0.5,0.5,26,0,26,0,0.5,0,0,26,0.0,0.0,1.0
primary_step_1,1,position_proprio_history_s10,3,3,103,25,0.5,0.5,0.5,25,0,25,0,0.5,0,0,25,0.0,0.0,1.0
primary_step_1,1,position_proprio_history_s10,3,4,103,25,0.5,0.5,0.5,25,0,25,0,0.5,0,0,25,0.0,0.0,1.0
primary_step_1,1,position_proprio_history_s10,4,0,102,26,0.5,0.5,0.5,26,0,26,0,0.5,0,0,26,0.0,0.0,1.0
primary_step_1,1,position_proprio_history_s10,4,1,102,26,0.5,0.5,0.5,26,0,26,0,0.5,0,0,26,0.0,0.0,1.0
primary_step_1,1,position_proprio_history_s10,4,2,102,26,0.5,0.5,0.5,26,0,26,0,0.5,0,0,26,0.0,0.0,1.0
primary_step_1,1,position_proprio_history_s10,4,3,103,25,0.5,0.5,0.5,25,0,25,0,0.5,0,0,25,0.0,0.0,1.0
primary_step_1,1,position_proprio_history_s10,4,4,103,25,0.5,0.5,0.5,25,0,25,0,0.5,0,0,25,0.0,0.0,1.0
primary_step_1,1,causal_fd_history_s10,0,0,102,26,1.0,1.0,1.0,26,26,0,0,1.0,26,0,0,0.5098039215686275,0.4607843137254902,2.9802322387695312e-08
primary_step_1,1,causal_fd_history_s10,0,1,102,26,0.9230769230769231,0.9230769230769231,0.9822485207100592,24,24,2,2,1.0,26,0,0,0.49170437405731526,0.47058823529411764,2.9802322387695312e-08
primary_step_1,1,causal_fd_history_s10,0,2,102,26,1.0,1.0,1.0,26,26,0,0,1.0,26,0,0,0.5098039215686274,0.4901960784313726,2.9802322387695312e-08
primary_step_1,1,causal_fd_history_s10,0,3,103,25,1.0,1.0,1.0,25,25,0,0,1.0,25,0,0,0.5102040816326531,0.510204081632653,5.960464477539063e-08
primary_step_1,1,causal_fd_history_s10,0,4,103,25,0.92,0.92,0.9504,23,23,2,2,0.96,24,1,0,0.45959183673469384,0.4489795918367347,1.5497207641601562e-06
primary_step_1,1,causal_fd_history_s10,1,0,102,26,1.0,1.0,1.0,26,26,0,0,1.0,26,0,0,0.5098039215686275,0.5196078431372548,2.9802322387695312e-08
primary_step_1,1,causal_fd_history_s10,1,1,102,26,0.9230769230769231,0.9230769230769231,0.9437869822485208,24,24,2,2,0.9615384615384616,25,1,0,0.4524886877828054,0.4411764705882353,8.046627044677734e-07
primary_step_1,1,causal_fd_history_s10,1,2,102,26,1.0,1.0,1.0,26,26,0,0,1.0,26,0,0,0.5098039215686274,0.5098039215686274,2.9802322387695312e-08
primary_step_1,1,causal_fd_history_s10,1,3,103,25,1.0,1.0,1.0,25,25,0,0,1.0,25,0,0,0.510204081632653,0.510204081632653,5.960464477539063e-08
primary_step_1,1,causal_fd_history_s10,1,4,103,25,0.96,0.96,0.9968,24,24,1,1,1.0,25,0,0,0.5069387755102039,0.48979591836734687,5.960464477539063e-08
primary_step_1,1,causal_fd_history_s10,2,0,102,26,1.0,1.0,1.0,26,26,0,0,1.0,26,0,0,0.5098039215686274,0.5098039215686274,2.9802322387695312e-08
primary_step_1,1,causal_fd_history_s10,2,1,102,26,0.9615384615384616,0.9615384615384616,0.9571005917159763,25,25,1,1,0.9615384615384616,25,1,0,0.4660633484162896,0.4901960784313726,8.046627044677734e-07
primary_step_1,1,causal_fd_history_s10,2,2,102,26,1.0,1.0,1.0,26,26,0,0,1.0,26,0,0,0.5098039215686274,0.5294117647058822,2.9802322387695312e-08
primary_step_1,1,causal_fd_history_s10,2,3,103,25,1.0,1.0,1.0,25,25,0,0,1.0,25,0,0,0.510204081632653,0.510204081632653,5.960464477539063e-08
primary_step_1,1,causal_fd_history_s10,2,4,103,25,0.96,0.96,0.9952,24,24,1,1,1.0,25,0,0,0.5053061224489795,0.44897959183673475,5.960464477539063e-08
primary_step_1,1,causal_fd_history_s10,3,0,102,26,0.9615384615384616,0.9615384615384616,0.9600591715976331,25,25,1,1,0.9615384615384616,25,1,0,0.469079939668175,0.48039215686274506,8.046627044677734e-07
primary_step_1,1,causal_fd_history_s10,3,1,102,26,0.9615384615384616,0.9615384615384616,0.9970414201183432,25,25,1,1,1.0,26,0,0,0.5067873303167421,0.4901960784313726,2.9802322387695312e-08
primary_step_1,1,causal_fd_history_s10,3,2,102,26,0.9230769230769231,0.9230769230769231,0.9911242603550295,24,24,2,2,1.0,26,0,0,0.5007541478129713,0.47058823529411764,2.9802322387695312e-08
primary_step_1,1,causal_fd_history_s10,3,3,103,25,1.0,1.0,1.0,25,25,0,0,1.0,25,0,0,0.510204081632653,0.5102040816326531,5.960464477539063e-08
primary_step_1,1,causal_fd_history_s10,3,4,103,25,0.96,0.96,0.9936,24,24,1,1,1.0,25,0,0,0.503673469387755,0.5102040816326531,5.960464477539063e-08
primary_step_1,1,causal_fd_history_s10,4,0,102,26,0.9615384615384616,0.9615384615384616,0.9881656804733728,25,25,1,1,1.0,26,0,0,0.49773755656108604,0.5392156862745097,2.9802322387695312e-08
primary_step_1,1,causal_fd_history_s10,4,1,102,26,1.0,1.0,1.0,26,26,0,0,1.0,26,0,0,0.5098039215686274,0.49019607843137253,2.9802322387695312e-08
primary_step_1,1,causal_fd_history_s10,4,2,102,26,0.9615384615384616,0.9615384615384616,0.9955621301775148,25,25,1,1,1.0,26,0,0,0.5052790346907994,0.47058823529411764,2.9802322387695312e-08
primary_step_1,1,causal_fd_history_s10,4,3,103,25,0.92,0.92,0.9536,23,23,2,2,0.96,24,1,0,0.46285714285714286,0.4897959183673469,1.5497207641601562e-06
primary_step_1,1,causal_fd_history_s10,4,4,103,25,1.0,1.0,1.0,25,25,0,0,1.0,25,0,0,0.5102040816326531,0.4489795918367347,5.960464477539063e-08
primary_step_1,1,model_x_v2_s10,0,0,102,26,0.5,0.5,0.5,26,0,26,0,0.5,0,0,26,0.0,0.0,1.0
primary_step_1,1,model_x_v2_s10,0,1,102,26,0.5,0.5,0.5,26,0,26,0,0.5,0,0,26,0.0,0.0,1.0
primary_step_1,1,model_x_v2_s10,0,2,102,26,0.5,0.5,0.5,26,0,26,0,0.5,0,0,26,0.0,0.0,1.0
primary_step_1,1,model_x_v2_s10,0,3,103,25,0.5,0.5,0.5,25,0,25,0,0.5,0,0,25,0.0,0.0,1.0
primary_step_1,1,model_x_v2_s10,0,4,103,25,0.5,0.5,0.5,25,0,25,0,0.5,0,0,25,0.0,0.0,1.0
primary_step_1,1,model_x_v2_s10,1,0,102,26,0.5,0.5,0.5,26,0,26,0,0.5,0,0,26,0.0,0.0,1.0
primary_step_1,1,model_x_v2_s10,1,1,102,26,0.5,0.5,0.5,26,0,26,0,0.5,0,0,26,0.0,0.0,1.0
primary_step_1,1,model_x_v2_s10,1,2,102,26,0.5,0.5,0.5,26,0,26,0,0.5,0,0,26,0.0,0.0,1.0
primary_step_1,1,model_x_v2_s10,1,3,103,25,0.5,0.5,0.5,25,0,25,0,0.5,0,0,25,0.0,0.0,1.0
primary_step_1,1,model_x_v2_s10,1,4,103,25,0.5,0.5,0.5,25,0,25,0,0.5,0,0,25,0.0,0.0,1.0
primary_step_1,1,model_x_v2_s10,2,0,102,26,0.5,0.5,0.5,26,0,26,0,0.5,0,0,26,0.0,0.0,1.0
primary_step_1,1,model_x_v2_s10,2,1,102,26,0.5,0.5,0.5,26,0,26,0,0.5,0,0,26,0.0,0.0,1.0
primary_step_1,1,model_x_v2_s10,2,2,102,26,0.5,0.5,0.5,26,0,26,0,0.5,0,0,26,0.0,0.0,1.0
primary_step_1,1,model_x_v2_s10,2,3,103,25,0.5,0.5,0.5,25,0,25,0,0.5,0,0,25,0.0,0.0,1.0
primary_step_1,1,model_x_v2_s10,2,4,103,25,0.5,0.5,0.5,25,0,25,0,0.5,0,0,25,0.0,0.0,1.0
primary_step_1,1,model_x_v2_s10,3,0,102,26,0.5,0.5,0.5,26,0,26,0,0.5,0,0,26,0.0,0.0,1.0
primary_step_1,1,model_x_v2_s10,3,1,102,26,0.5,0.5,0.5,26,0,26,0,0.5,0,0,26,0.0,0.0,1.0
primary_step_1,1,model_x_v2_s10,3,2,102,26,0.5,0.5,0.5,26,0,26,0,0.5,0,0,26,0.0,0.0,1.0
primary_step_1,1,model_x_v2_s10,3,3,103,25,0.5,0.5,0.5,25,0,25,0,0.5,0,0,25,0.0,0.0,1.0
primary_step_1,1,model_x_v2_s10,3,4,103,25,0.5,0.5,0.5,25,0,25,0,0.5,0,0,25,0.0,0.0,1.0
primary_step_1,1,model_x_v2_s10,4,0,102,26,0.5,0.5,0.5,26,0,26,0,0.5,0,0,26,0.0,0.0,1.0
primary_step_1,1,model_x_v2_s10,4,1,102,26,0.5,0.5,0.5,26,0,26,0,0.5,0,0,26,0.0,0.0,1.0
primary_step_1,1,model_x_v2_s10,4,2,102,26,0.5,0.5,0.5,26,0,26,0,0.5,0,0,26,0.0,0.0,1.0
primary_step_1,1,model_x_v2_s10,4,3,103,25,0.5,0.5,0.5,25,0,25,0,0.5,0,0,25,0.0,0.0,1.0
primary_step_1,1,model_x_v2_s10,4,4,103,25,0.5,0.5,0.5,25,0,25,0,0.5,0,0,25,0.0,0.0,1.0
primary_step_1,1,privileged_model_x_v1_s10,0,0,102,26,1.0,1.0,1.0,26,26,0,0,1.0,26,0,0,0.5098039215686274,0.4901960784313726,2.9802322387695312e-08
primary_step_1,1,privileged_model_x_v1_s10,0,1,102,26,0.9230769230769231,0.9230769230769231,0.9837278106508875,24,24,2,2,1.0,26,0,0,0.49321266968325794,0.47058823529411764,2.9802322387695312e-08
primary_step_1,1,privileged_model_x_v1_s10,0,2,102,26,1.0,1.0,1.0,26,26,0,0,1.0,26,0,0,0.5098039215686274,0.4901960784313726,2.9802322387695312e-08
primary_step_1,1,privileged_model_x_v1_s10,0,3,103,25,1.0,1.0,1.0,25,25,0,0,1.0,25,0,0,0.5102040816326531,0.510204081632653,5.960464477539063e-08
primary_step_1,1,privileged_model_x_v1_s10,0,4,103,25,0.92,0.92,0.9488,23,23,2,2,0.96,24,1,0,0.45795918367346933,0.4489795918367347,1.5497207641601562e-06
primary_step_1,1,privileged_model_x_v1_s10,1,0,102,26,1.0,1.0,1.0,26,26,0,0,1.0,26,0,0,0.5098039215686275,0.5098039215686274,2.9802322387695312e-08
primary_step_1,1,privileged_model_x_v1_s10,1,1,102,26,0.9230769230769231,0.9230769230769231,0.9452662721893491,24,24,2,2,0.9615384615384616,25,1,0,0.45399698340874806,0.45098039215686275,8.046627044677734e-07
primary_step_1,1,privileged_model_x_v1_s10,1,2,102,26,1.0,1.0,1.0,26,26,0,0,1.0,26,0,0,0.5098039215686275,0.5,2.9802322387695312e-08
primary_step_1,1,privileged_model_x_v1_s10,1,3,103,25,1.0,1.0,1.0,25,25,0,0,1.0,25,0,0,0.510204081632653,0.489795918367347,5.960464477539063e-08
primary_step_1,1,privileged_model_x_v1_s10,1,4,103,25,0.96,0.96,0.9968,24,24,1,1,1.0,25,0,0,0.506938775510204,0.48979591836734687,5.960464477539063e-08
primary_step_1,1,privileged_model_x_v1_s10,2,0,102,26,1.0,1.0,1.0,26,26,0,0,1.0,26,0,0,0.5098039215686274,0.5196078431372548,2.9802322387695312e-08
primary_step_1,1,privileged_model_x_v1_s10,2,1,102,26,0.9230769230769231,0.9230769230769231,0.9526627218934911,24,24,2,2,0.9615384615384616,25,1,0,0.46153846153846156,0.47058823529411764,8.046627044677734e-07
primary_step_1,1,privileged_model_x_v1_s10,2,2,102,26,1.0,1.0,1.0,26,26,0,0,1.0,26,0,0,0.5098039215686274,0.5392156862745098,2.9802322387695312e-08
primary_step_1,1,privileged_model_x_v1_s10,2,3,103,25,1.0,1.0,1.0,25,25,0,0,1.0,25,0,0,0.510204081632653,0.510204081632653,5.960464477539063e-08
primary_step_1,1,privileged_model_x_v1_s10,2,4,103,25,0.96,0.96,0.9952,24,24,1,1,1.0,25,0,0,0.5053061224489795,0.4693877551020408,5.960464477539063e-08
primary_step_1,1,privileged_model_x_v1_s10,3,0,102,26,0.9615384615384616,0.9615384615384616,0.9600591715976331,25,25,1,1,0.9615384615384616,25,1,0,0.469079939668175,0.4607843137254901,8.046627044677734e-07
primary_step_1,1,privileged_model_x_v1_s10,3,1,102,26,0.9615384615384616,0.9615384615384616,0.9970414201183432,25,25,1,1,1.0,26,0,0,0.5067873303167421,0.4901960784313726,2.9802322387695312e-08
primary_step_1,1,privileged_model_x_v1_s10,3,2,102,26,0.9230769230769231,0.9230769230769231,0.9911242603550295,24,24,2,2,1.0,26,0,0,0.5007541478129713,0.47058823529411764,2.9802322387695312e-08
primary_step_1,1,privileged_model_x_v1_s10,3,3,103,25,1.0,1.0,1.0,25,25,0,0,1.0,25,0,0,0.510204081632653,0.5306122448979591,5.960464477539063e-08
primary_step_1,1,privileged_model_x_v1_s10,3,4,103,25,0.96,0.96,0.9936,24,24,1,1,1.0,25,0,0,0.503673469387755,0.5306122448979591,5.960464477539063e-08
primary_step_1,1,privileged_model_x_v1_s10,4,0,102,26,0.9615384615384616,0.9615384615384616,0.9896449704142012,25,25,1,1,1.0,26,0,0,0.4992458521870287,0.5294117647058822,2.9802322387695312e-08
primary_step_1,1,privileged_model_x_v1_s10,4,1,102,26,1.0,1.0,1.0,26,26,0,0,1.0,26,0,0,0.5098039215686274,0.5098039215686274,2.9802322387695312e-08
primary_step_1,1,privileged_model_x_v1_s10,4,2,102,26,0.9230769230769231,0.9230769230769231,0.9940828402366864,24,24,2,2,1.0,26,0,0,0.5037707390648567,0.47058823529411764,2.9802322387695312e-08
primary_step_1,1,privileged_model_x_v1_s10,4,3,103,25,0.92,0.92,0.9552,23,23,2,2,0.96,24,1,0,0.46448979591836737,0.510204081632653,1.5497207641601562e-06
primary_step_1,1,privileged_model_x_v1_s10,4,4,103,25,1.0,1.0,1.0,25,25,0,0,1.0,25,0,0,0.5102040816326531,0.4489795918367347,5.960464477539063e-08
primary_step_1,1,model_x_v2_s5_noise_00025m,0,0,102,26,0.46153846153846156,0.46153846153846156,0.4393491124260355,12,12,14,14,0.46153846153846156,12,14,0,-0.061840120663650064,-0.029411764705882346,0.8450189828872681
primary_step_1,1,model_x_v2_s5_noise_00025m,0,1,102,26,0.46153846153846156,0.46153846153846156,0.46597633136094674,12,12,14,14,0.5,13,13,0,-0.034690799396681744,-0.009803921568627444,1.0
primary_step_1,1,model_x_v2_s5_noise_00025m,0,2,102,26,0.5,0.5,0.5162721893491125,13,13,13,13,0.46153846153846156,12,14,0,0.016591251885369536,-0.02941176470588234,0.8450189828872681
primary_step_1,1,model_x_v2_s5_noise_00025m,0,3,103,25,0.48,0.48,0.4864,12,12,13,13,0.4,10,15,0,-0.013877551020408154,-0.02040816326530609,0.42435622215270996
primary_step_1,1,model_x_v2_s5_noise_00025m,0,4,103,25,0.52,0.52,0.5664,13,13,12,12,0.68,17,8,0,0.06775510204081632,0.061224489795918324,0.10775214433670044
primary_step_1,1,model_x_v2_s5_noise_00025m,1,0,102,26,0.5,0.5,0.4171597633136095,13,13,13,13,0.38461538461538464,10,16,0,-0.08446455505279034,-0.0784313725490196,0.32693958282470703
primary_step_1,1,model_x_v2_s5_noise_00025m,1,1,102,26,0.5384615384615384,0.5384615384615384,0.5,14,14,12,12,0.38461538461538464,10,16,0,1.0675221390626506e-18,-0.04901960784313723,0.32693958282470703
primary_step_1,1,model_x_v2_s5_noise_00025m,1,2,102,26,0.38461538461538464,0.38461538461538464,0.39201183431952663,10,10,16,16,0.38461538461538464,10,16,0,-0.11010558069381597,-0.05882352941176472,0.32693958282470703
primary_step_1,1,model_x_v2_s5_noise_00025m,1,3,103,25,0.44,0.44,0.4544,11,11,14,14,0.4,10,15,0,-0.046530612244897955,-0.020408163265306145,0.42435622215270996
primary_step_1,1,model_x_v2_s5_noise_00025m,1,4,103,25,0.52,0.52,0.504,13,13,12,12,0.48,12,13,0,0.004081632653061233,-0.020408163265306034,1.0
primary_step_1,1,model_x_v2_s5_noise_00025m,2,0,102,26,0.5384615384615384,0.5384615384615384,0.5473372781065089,14,14,12,12,0.6538461538461539,17,9,0,0.048265460030165894,0.08823529411764702,0.16863754391670227
primary_step_1,1,model_x_v2_s5_noise_00025m,2,1,102,26,0.46153846153846156,0.46153846153846156,0.5059171597633136,12,12,14,14,0.46153846153846156,12,14,0,0.006033182503770747,-0.04901960784313722,0.8450189828872681
primary_step_1,1,model_x_v2_s5_noise_00025m,2,2,102,26,0.46153846153846156,0.46153846153846156,0.47781065088757396,12,12,14,14,0.5384615384615384,14,12,0,-0.02262443438914027,0.03921568627450972,0.8450189828872681
primary_step_1,1,model_x_v2_s5_noise_00025m,2,3,103,25,0.52,0.52,0.4784,13,13,12,12,0.44,11,14,0,-0.02204081632653061,-0.04081632653061218,0.6900379657745361
primary_step_1,1,model_x_v2_s5_noise_00025m,2,4,103,25,0.48,0.48,0.4816,12,12,13,13,0.4,10,15,0,-0.01877551020408164,-0.04081632653061218,0.42435622215270996
primary_step_1,1,model_x_v2_s5_noise_00025m,3,0,102,26,0.46153846153846156,0.46153846153846156,0.48520710059171596,12,12,14,14,0.5769230769230769,15,11,0,-0.015082956259426848,0.039215686274509776,0.557197093963623
primary_step_1,1,model_x_v2_s5_noise_00025m,3,1,102,26,0.5769230769230769,0.5769230769230769,0.6094674556213018,15,15,11,11,0.6538461538461539,17,9,0,0.11161387631975866,0.06862745098039216,0.16863754391670227
primary_step_1,1,model_x_v2_s5_noise_00025m,3,2,102,26,0.5384615384615384,0.5384615384615384,0.4970414201183432,14,14,12,12,0.5384615384615384,14,12,0,-0.0030165912518853736,0.01960784313725491,0.8450189828872681
primary_step_1,1,model_x_v2_s5_noise_00025m,3,3,103,25,0.48,0.48,0.3872,12,12,13,13,0.36,9,16,0,-0.11510204081632654,-0.10204081632653064,0.2295229434967041
primary_step_1,1,model_x_v2_s5_noise_00025m,3,4,103,25,0.44,0.44,0.4464,11,11,14,14,0.4,10,15,0,-0.054693877551020405,-0.061224489795918324,0.42435622215270996
primary_step_1,1,model_x_v2_s5_noise_00025m,4,0,102,26,0.5384615384615384,0.5384615384615384,0.5029585798816568,14,14,12,12,0.34615384615384615,9,17,0,0.003016591251885378,-0.029411764705882373,0.16863754391670227
primary_step_1,1,model_x_v2_s5_noise_00025m,4,1,102,26,0.46153846153846156,0.46153846153846156,0.4393491124260355,12,12,14,14,0.2692307692307692,7,19,0,-0.06184012066365008,-0.03921568627450983,0.028959274291992188
primary_step_1,1,model_x_v2_s5_noise_00025m,4,2,102,26,0.5,0.5,0.4630177514792899,13,13,13,13,0.46153846153846156,12,14,0,-0.037707390648567124,-0.039215686274509776,0.8450189828872681
primary_step_1,1,model_x_v2_s5_noise_00025m,4,3,103,25,0.56,0.56,0.5168,14,14,11,11,0.48,12,13,0,0.017142857142857154,-0.020408163265306145,1.0
primary_step_1,1,model_x_v2_s5_noise_00025m,4,4,103,25,0.52,0.52,0.5616,13,13,12,12,0.56,14,11,0,0.06285714285714285,0.061224489795918324,0.6900379657745361
primary_step_1,1,model_x_v2_s5_noise_0005m,0,0,102,26,0.46153846153846156,0.46153846153846156,0.3831360946745562,12,12,14,14,0.3076923076923077,8,18,0,-0.1191553544494721,-0.196078431372549,0.07551869750022888
primary_step_1,1,model_x_v2_s5_noise_0005m,0,1,102,26,0.5,0.5,0.4526627218934911,13,13,13,13,0.38461538461538464,10,16,0,-0.048265460030165894,-0.12745098039215683,0.32693958282470703
primary_step_1,1,model_x_v2_s5_noise_0005m,0,2,102,26,0.5769230769230769,0.5769230769230769,0.5295857988165681,15,15,11,11,0.5,13,13,0,0.030165912518853706,0.02941176470588236,1.0
primary_step_1,1,model_x_v2_s5_noise_0005m,0,3,103,25,0.48,0.48,0.448,12,12,13,13,0.4,10,15,0,-0.053061224489795916,-0.061224489795918324,0.42435622215270996
primary_step_1,1,model_x_v2_s5_noise_0005m,0,4,103,25,0.48,0.48,0.4112,12,12,13,13,0.4,10,15,0,-0.09061224489795919,-0.1428571428571429,0.42435622215270996
primary_step_1,1,model_x_v2_s5_noise_0005m,1,0,102,26,0.4230769230769231,0.4230769230769231,0.46005917159763315,11,11,15,15,0.34615384615384615,9,17,0,-0.04072398190045248,-0.05882352941176472,0.16863754391670227
primary_step_1,1,model_x_v2_s5_noise_0005m,1,1,102,26,0.46153846153846156,0.46153846153846156,0.4467455621301775,12,12,14,14,0.46153846153846156,12,14,0,-0.05429864253393667,-0.10784313725490197,0.8450189828872681
primary_step_1,1,model_x_v2_s5_noise_0005m,1,2,102,26,0.4230769230769231,0.4230769230769231,0.45710059171597633,11,11,15,15,0.46153846153846156,12,14,0,-0.04374057315233786,-0.019607843137254895,0.8450189828872681
primary_step_1,1,model_x_v2_s5_noise_0005m,1,3,103,25,0.48,0.48,0.472,12,12,13,13,0.4,10,15,0,-0.028571428571428584,-0.04081632653061229,0.42435622215270996
primary_step_1,1,model_x_v2_s5_noise_0005m,1,4,103,25,0.48,0.48,0.3952,12,12,13,13,0.28,7,18,0,-0.10693877551020407,-0.12244897959183676,0.043285250663757324
primary_step_1,1,model_x_v2_s5_noise_0005m,2,0,102,26,0.4230769230769231,0.4230769230769231,0.42159763313609466,11,11,15,15,0.38461538461538464,10,16,0,-0.07993966817496229,-0.03921568627450979,0.32693958282470703
primary_step_1,1,model_x_v2_s5_noise_0005m,2,1,102,26,0.4230769230769231,0.4230769230769231,0.47928994082840237,11,11,15,15,0.38461538461538464,10,16,0,-0.021116138763197588,-0.08823529411764705,0.32693958282470703
primary_step_1,1,model_x_v2_s5_noise_0005m,2,2,102,26,0.5384615384615384,0.5384615384615384,0.5369822485207101,14,14,12,12,0.5769230769230769,15,11,0,0.03770739064856711,0.04901960784313725,0.557197093963623
primary_step_1,1,model_x_v2_s5_noise_0005m,2,3,103,25,0.52,0.52,0.4896,13,13,12,12,0.32,8,17,0,-0.010612244897959205,-0.14285714285714288,0.10775214433670044
primary_step_1,1,model_x_v2_s5_noise_0005m,2,4,103,25,0.56,0.56,0.472,14,14,11,11,0.44,11,14,0,-0.028571428571428577,-0.020408163265306145,0.6900379657745361
primary_step_1,1,model_x_v2_s5_noise_0005m,3,0,102,26,0.4230769230769231,0.4230769230769231,0.4511834319526627,11,11,15,15,0.38461538461538464,10,16,0,-0.0497737556561086,-0.03921568627450983,0.32693958282470703
primary_step_1,1,model_x_v2_s5_noise_0005m,3,1,102,26,0.4230769230769231,0.4230769230769231,0.46597633136094674,11,11,15,15,0.34615384615384615,9,17,0,-0.03469079939668174,-0.11764705882352938,0.16863754391670227
primary_step_1,1,model_x_v2_s5_noise_0005m,3,2,102,26,0.4230769230769231,0.4230769230769231,0.36538461538461536,11,11,15,15,0.38461538461538464,10,16,0,-0.1372549019607843,-0.16666666666666669,0.32693958282470703
primary_step_1,1,model_x_v2_s5_noise_0005m,3,3,103,25,0.4,0.4,0.4128,10,10,15,15,0.36,9,16,0,-0.08897959183673469,-0.10204081632653061,0.2295229434967041
primary_step_1,1,model_x_v2_s5_noise_0005m,3,4,103,25,0.52,0.52,0.496,13,13,12,12,0.48,12,13,0,-0.004081632653061209,-0.04081632653061218,1.0
primary_step_1,1,model_x_v2_s5_noise_0005m,4,0,102,26,0.5384615384615384,0.5384615384615384,0.4718934911242604,14,14,12,12,0.5,13,13,0,-0.028657616892910995,5.551115123125783e-17,1.0
primary_step_1,1,model_x_v2_s5_noise_0005m,4,1,102,26,0.5384615384615384,0.5384615384615384,0.5059171597633136,14,14,12,12,0.46153846153846156,12,14,0,0.00603318250377075,-0.019607843137254895,0.8450189828872681
primary_step_1,1,model_x_v2_s5_noise_0005m,4,2,102,26,0.5,0.5,0.44970414201183434,13,13,13,13,0.38461538461538464,10,16,0,-0.05128205128205129,-0.06862745098039219,0.32693958282470703
primary_step_1,1,model_x_v2_s5_noise_0005m,4,3,103,25,0.56,0.56,0.544,14,14,11,11,0.48,12,13,0,0.044897959183673466,-0.020408163265306145,1.0
primary_step_1,1,model_x_v2_s5_noise_0005m,4,4,103,25,0.4,0.4,0.3584,10,10,15,15,0.32,8,17,0,-0.14448979591836733,-0.12244897959183676,0.10775214433670044
primary_step_1,1,model_x_v2_s5_noise_001m,0,0,102,26,0.5769230769230769,0.5769230769230769,0.5458579881656804,15,15,11,11,0.5,13,13,0,0.046757164404223235,0.009803921568627472,1.0
primary_step_1,1,model_x_v2_s5_noise_001m,0,1,102,26,0.5,0.5,0.45710059171597633,13,13,13,13,0.5769230769230769,15,11,0,-0.04374057315233785,0.029411764705882387,0.557197093963623
primary_step_1,1,model_x_v2_s5_noise_001m,0,2,102,26,0.4230769230769231,0.4230769230769231,0.4526627218934911,11,11,15,15,0.4230769230769231,11,15,0,-0.048265460030165915,-0.06862745098039214,0.557197093963623
primary_step_1,1,model_x_v2_s5_noise_001m,0,3,103,25,0.6,0.6,0.6336,15,15,10,10,0.68,17,8,0,0.13632653061224492,0.10204081632653061,0.10775214433670044
primary_step_1,1,model_x_v2_s5_noise_001m,0,4,103,25,0.52,0.52,0.5792,13,13,12,12,0.56,14,11,0,0.08081632653061226,0.020408163265306145,0.6900379657745361
primary_step_1,1,model_x_v2_s5_noise_001m,1,0,102,26,0.5384615384615384,0.5384615384615384,0.5621301775147929,14,14,12,12,0.5384615384615384,14,12,0,0.06334841628959276,0.04901960784313722,0.8450189828872681
primary_step_1,1,model_x_v2_s5_noise_001m,1,1,102,26,0.46153846153846156,0.46153846153846156,0.5443786982248521,12,12,14,14,0.5769230769230769,15,11,0,0.045248868778280535,0.03921568627450983,0.557197093963623
primary_step_1,1,model_x_v2_s5_noise_001m,1,2,102,26,0.5769230769230769,0.5769230769230769,0.5857988165680473,15,15,11,11,0.5769230769230769,15,11,0,0.08748114630467571,0.1568627450980392,0.557197093963623
primary_step_1,1,model_x_v2_s5_noise_001m,1,3,103,25,0.52,0.52,0.5536,13,13,12,12,0.6,15,10,0,0.054693877551020405,0.061224489795918324,0.42435622215270996
primary_step_1,1,model_x_v2_s5_noise_001m,1,4,103,25,0.44,0.44,0.4448,11,11,14,14,0.4,10,15,0,-0.0563265306122449,-0.10204081632653061,0.42435622215270996
primary_step_1,1,model_x_v2_s5_noise_001m,2,0,102,26,0.5,0.5,0.5384615384615384,13,13,13,13,0.5769230769230769,15,11,0,0.03921568627450981,0.08823529411764708,0.557197093963623
primary_step_1,1,model_x_v2_s5_noise_001m,2,1,102,26,0.5384615384615384,0.5384615384615384,0.5710059171597633,14,14,12,12,0.5384615384615384,14,12,0,0.07239819004524886,0.0392156862745098,0.8450189828872681
primary_step_1,1,model_x_v2_s5_noise_001m,2,2,102,26,0.46153846153846156,0.46153846153846156,0.4378698224852071,12,12,14,14,0.4230769230769231,11,15,0,-0.06334841628959277,-0.14705882352941174,0.557197093963623
primary_step_1,1,model_x_v2_s5_noise_001m,2,3,103,25,0.52,0.52,0.4528,13,13,12,12,0.52,13,12,0,-0.04816326530612248,0.04081632653061218,1.0
primary_step_1,1,model_x_v2_s5_noise_001m,2,4,103,25,0.56,0.56,0.5984,14,14,11,11,0.56,14,11,0,0.10040816326530613,0.020408163265306145,0.6900379657745361
primary_step_1,1,model_x_v2_s5_noise_001m,3,0,102,26,0.46153846153846156,0.46153846153846156,0.4718934911242604,12,12,14,14,0.5,13,13,0,-0.028657616892911002,-0.019607843137254916,1.0
primary_step_1,1,model_x_v2_s5_noise_001m,3,1,102,26,0.5384615384615384,0.5384615384615384,0.5784023668639053,14,14,12,12,0.6153846153846154,16,10,0,0.0799396681749623,0.12745098039215688,0.32693958282470703
primary_step_1,1,model_x_v2_s5_noise_001m,3,2,102,26,0.46153846153846156,0.46153846153846156,0.4896449704142012,12,12,14,14,0.5384615384615384,14,12,0,-0.010558069381598785,0.0490196078431373,0.8450189828872681
primary_step_1,1,model_x_v2_s5_noise_001m,3,3,103,25,0.32,0.32,0.3376,8,8,17,17,0.24,6,19,0,-0.16571428571428573,-0.22448979591836737,0.01463329792022705
primary_step_1,1,model_x_v2_s5_noise_001m,3,4,103,25,0.48,0.48,0.4736,12,12,13,13,0.56,14,11,0,-0.026938775510204085,0.020408163265306145,0.6900379657745361
primary_step_1,1,model_x_v2_s5_noise_001m,4,0,102,26,0.5,0.5,0.5088757396449705,13,13,13,13,0.5384615384615384,14,12,0,0.009049773755656113,0.049019607843137275,0.8450189828872681
primary_step_1,1,model_x_v2_s5_noise_001m,4,1,102,26,0.46153846153846156,0.46153846153846156,0.47337278106508873,12,12,14,14,0.4230769230769231,11,15,0,-0.02714932126696834,-0.07843137254901965,0.557197093963623
primary_step_1,1,model_x_v2_s5_noise_001m,4,2,102,26,0.4230769230769231,0.4230769230769231,0.507396449704142,11,11,15,15,0.5769230769230769,15,11,0,0.0075414781297134205,0.08823529411764702,0.557197093963623
primary_step_1,1,model_x_v2_s5_noise_001m,4,3,103,25,0.48,0.48,0.448,12,12,13,13,0.52,13,12,0,-0.053061224489795916,0.02040816326530612,1.0
primary_step_1,1,model_x_v2_s5_noise_001m,4,4,103,25,0.48,0.48,0.5664,12,12,13,13,0.68,17,8,0,0.06775510204081633,0.12244897959183675,0.10775214433670044
primary_step_5,5,xy_single,0,0,102,26,0.5,0.5,0.5,26,0,26,0,0.5,0,0,26,0.0,0.0,1.0
primary_step_5,5,xy_single,0,1,102,26,0.5,0.5,0.5133136094674556,13,13,13,13,0.8461538461538461,22,4,0,0.013574660633484167,0.019607843137254888,0.0005335211753845215
primary_step_5,5,xy_single,0,2,102,26,0.5,0.5,0.5,26,0,26,0,0.5,0,0,26,0.0,0.0,1.0
primary_step_5,5,xy_single,0,3,103,25,0.5,0.5,0.5,25,0,25,0,0.5,0,0,25,0.0,0.0,1.0
primary_step_5,5,xy_single,0,4,103,25,0.5,0.5,0.5,25,0,25,0,0.5,0,0,25,0.0,0.0,1.0
primary_step_5,5,xy_single,1,0,102,26,0.5,0.5,0.5103550295857988,13,13,13,13,0.7692307692307693,20,6,0,0.010558069381598784,0.019607843137254888,0.009355306625366211
primary_step_5,5,xy_single,1,1,102,26,0.5,0.5,0.5118343195266272,13,13,13,13,0.8076923076923077,21,5,0,0.012066365007541475,0.019607843137254888,0.002493917942047119
primary_step_5,5,xy_single,1,2,102,26,0.5,0.5,0.5,26,0,26,0,0.5,0,0,26,0.0,0.0,1.0
primary_step_5,5,xy_single,1,3,103,25,0.5,0.5,0.5,25,0,25,0,0.5,0,0,25,0.0,0.0,1.0
primary_step_5,5,xy_single,1,4,103,25,0.5,0.5,0.5,25,0,25,0,0.5,0,0,25,0.0,0.0,1.0
primary_step_5,5,xy_single,2,0,102,26,0.5,0.5,0.5,26,0,26,0,0.5,0,0,26,0.0,0.0,1.0
primary_step_5,5,xy_single,2,1,102,26,0.5,0.5,0.5088757396449705,13,13,13,13,0.7307692307692307,19,7,0,0.00904977375565612,0.019607843137254888,0.028959274291992188
primary_step_5,5,xy_single,2,2,102,26,0.5,0.5,0.5,26,0,26,0,0.5,0,0,26,0.0,0.0,1.0
primary_step_5,5,xy_single,2,3,103,25,0.5,0.5,0.5,25,0,25,0,0.5,0,0,25,0.0,0.0,1.0
primary_step_5,5,xy_single,2,4,103,25,0.5,0.5,0.5,25,0,25,0,0.5,0,0,25,0.0,0.0,1.0
primary_step_5,5,xy_single,3,0,102,26,0.5,0.5,0.5,26,0,26,0,0.5,0,0,26,0.0,0.0,1.0
primary_step_5,5,xy_single,3,1,102,26,0.5,0.5,0.5,26,0,26,0,0.5,0,0,26,0.0,0.0,1.0
primary_step_5,5,xy_single,3,2,102,26,0.5,0.5,0.5,26,0,26,0,0.5,0,0,26,0.0,0.0,1.0
primary_step_5,5,xy_single,3,3,103,25,0.5,0.5,0.5,25,0,25,0,0.5,0,0,25,0.0,0.0,1.0
primary_step_5,5,xy_single,3,4,103,25,0.5,0.5,0.5,25,0,25,0,0.5,0,0,25,0.0,0.0,1.0
primary_step_5,5,xy_single,4,0,102,26,0.5,0.5,0.5,26,0,26,0,0.5,0,0,26,0.0,0.0,1.0
primary_step_5,5,xy_single,4,1,102,26,0.5,0.5,0.5,26,0,26,0,0.5,0,0,26,0.0,0.0,1.0
primary_step_5,5,xy_single,4,2,102,26,0.5,0.5,0.5,26,0,26,0,0.5,0,0,26,0.0,0.0,1.0
primary_step_5,5,xy_single,4,3,103,25,0.5,0.5,0.5,25,0,25,0,0.5,0,0,25,0.0,0.0,1.0
primary_step_5,5,xy_single,4,4,103,25,0.52,0.52,0.5072,13,13,12,12,0.68,17,8,0,0.007346938775510217,0.02040816326530612,0.10775214433670044
primary_step_5,5,sim_velocity_only,0,0,102,26,0.9615384615384616,0.9615384615384616,0.9718934911242604,25,25,1,1,0.9615384615384616,25,1,0,0.48114630467571645,0.4607843137254902,8.046627044677734e-07
primary_step_5,5,sim_velocity_only,0,1,102,26,0.7692307692307693,0.7692307692307693,0.8594674556213018,20,20,6,6,0.8076923076923077,21,5,0,0.3665158371040723,0.4117647058823529,0.002493917942047119
primary_step_5,5,sim_velocity_only,0,2,102,26,0.9615384615384616,0.9615384615384616,0.9748520710059172,25,25,1,1,0.9615384615384616,25,1,0,0.4841628959276018,0.5,8.046627044677734e-07
primary_step_5,5,sim_velocity_only,0,3,103,25,0.8,0.8,0.8992,20,20,5,5,1.0,25,0,0,0.40734693877551015,0.4081632653061224,5.960464477539063e-08
primary_step_5,5,sim_velocity_only,0,4,103,25,0.8,0.8,0.864,20,20,5,5,0.92,23,2,0,0.3714285714285714,0.3061224489795918,1.9431114196777344e-05
primary_step_5,5,sim_velocity_only,1,0,102,26,0.8846153846153846,0.8846153846153846,0.8831360946745562,23,23,3,3,0.9230769230769231,24,2,0,0.3906485671191554,0.33333333333333337,1.049041748046875e-05
primary_step_5,5,sim_velocity_only,1,1,102,26,0.8846153846153846,0.8846153846153846,0.9260355029585798,23,23,3,3,0.9230769230769231,24,2,0,0.4343891402714932,0.42156862745098045,1.049041748046875e-05
primary_step_5,5,sim_velocity_only,1,2,102,26,0.8846153846153846,0.8846153846153846,0.9526627218934911,23,23,3,3,1.0,26,0,0,0.46153846153846156,0.4999999999999999,2.9802322387695312e-08
primary_step_5,5,sim_velocity_only,1,3,103,25,0.84,0.84,0.9392,21,21,4,4,0.92,23,2,0,0.44816326530612244,0.40816326530612246,1.9431114196777344e-05
primary_step_5,5,sim_velocity_only,1,4,103,25,0.88,0.88,0.9296,22,22,3,3,0.96,24,1,0,0.4383673469387756,0.46938775510204084,1.5497207641601562e-06
primary_step_5,5,sim_velocity_only,2,0,102,26,0.8461538461538461,0.8461538461538461,0.8653846153846154,22,22,4,4,0.9230769230769231,24,2,0,0.3725490196078431,0.4117647058823529,1.049041748046875e-05
primary_step_5,5,sim_velocity_only,2,1,102,26,0.8461538461538461,0.8461538461538461,0.9215976331360947,22,22,4,4,1.0,26,0,0,0.42986425339366513,0.3529411764705882,2.9802322387695312e-08
primary_step_5,5,sim_velocity_only,2,2,102,26,0.8846153846153846,0.8846153846153846,0.977810650887574,23,23,3,3,1.0,26,0,0,0.48717948717948717,0.4901960784313725,2.9802322387695312e-08
primary_step_5,5,sim_velocity_only,2,3,103,25,0.92,0.92,0.9408,23,23,2,2,0.96,24,1,0,0.4497959183673469,0.42857142857142855,1.5497207641601562e-06
primary_step_5,5,sim_velocity_only,2,4,103,25,0.88,0.88,0.9712,22,22,3,3,0.96,24,1,0,0.4808163265306123,0.5102040816326531,1.5497207641601562e-06
primary_step_5,5,sim_velocity_only,3,0,102,26,0.8846153846153846,0.8846153846153846,0.9260355029585798,23,23,3,3,0.9615384615384616,25,1,0,0.4343891402714932,0.4117647058823529,8.046627044677734e-07
primary_step_5,5,sim_velocity_only,3,1,102,26,0.8461538461538461,0.8461538461538461,0.9363905325443787,22,22,4,4,1.0,26,0,0,0.4449472096530919,0.43137254901960786,2.9802322387695312e-08
primary_step_5,5,sim_velocity_only,3,2,102,26,0.8846153846153846,0.8846153846153846,0.9215976331360947,23,23,3,3,0.9230769230769231,24,2,0,0.4298642533936652,0.47058823529411764,1.049041748046875e-05
primary_step_5,5,sim_velocity_only,3,3,103,25,0.92,0.92,0.9696,23,23,2,2,0.96,24,1,0,0.4791836734693877,0.5714285714285714,1.5497207641601562e-06
primary_step_5,5,sim_velocity_only,3,4,103,25,0.8,0.8,0.864,20,20,5,5,0.96,24,1,0,0.3714285714285714,0.326530612244898,1.5497207641601562e-06
primary_step_5,5,sim_velocity_only,4,0,102,26,0.8461538461538461,0.8461538461538461,0.9068047337278107,22,22,4,4,1.0,26,0,0,0.4147812971342383,0.4215686274509804,2.9802322387695312e-08
primary_step_5,5,sim_velocity_only,4,1,102,26,0.8846153846153846,0.8846153846153846,0.9408284023668639,23,23,3,3,0.9230769230769231,24,2,0,0.44947209653092,0.47058823529411764,1.049041748046875e-05
primary_step_5,5,sim_velocity_only,4,2,102,26,0.8076923076923077,0.8076923076923077,0.9186390532544378,21,21,5,5,0.9230769230769231,24,2,0,0.42684766214177977,0.38235294117647056,1.049041748046875e-05
primary_step_5,5,sim_velocity_only,4,3,103,25,0.92,0.92,0.9792,23,23,2,2,1.0,25,0,0,0.48897959183673473,0.4285714285714286,5.960464477539063e-08
primary_step_5,5,sim_velocity_only,4,4,103,25,0.84,0.84,0.9168,21,21,4,4,0.92,23,2,0,0.42530612244897953,0.346938775510204,1.9431114196777344e-05
primary_step_5,5,xy_sim_velocity,0,0,102,26,0.9615384615384616,0.9615384615384616,0.9659763313609467,25,25,1,1,0.9615384615384616,25,1,0,0.4751131221719457,0.47058823529411764,8.046627044677734e-07
primary_step_5,5,xy_sim_velocity,0,1,102,26,0.7307692307692307,0.7307692307692307,0.8609467455621301,19,19,7,7,0.8076923076923077,21,5,0,0.36802413273001505,0.39215686274509803,0.002493917942047119
primary_step_5,5,xy_sim_velocity,0,2,102,26,0.9615384615384616,0.9615384615384616,0.9748520710059172,25,25,1,1,0.9615384615384616,25,1,0,0.4841628959276018,0.5,8.046627044677734e-07
primary_step_5,5,xy_sim_velocity,0,3,103,25,0.8,0.8,0.8912,20,20,5,5,1.0,25,0,0,0.3991836734693877,0.38775510204081637,5.960464477539063e-08
primary_step_5,5,xy_sim_velocity,0,4,103,25,0.8,0.8,0.8672,20,20,5,5,0.88,22,3,0,0.3746938775510204,0.32653061224489793,0.00015652179718017578
primary_step_5,5,xy_sim_velocity,1,0,102,26,0.8846153846153846,0.8846153846153846,0.8846153846153846,23,23,3,3,0.9230769230769231,24,2,0,0.39215686274509803,0.3529411764705883,1.049041748046875e-05
primary_step_5,5,xy_sim_velocity,1,1,102,26,0.8846153846153846,0.8846153846153846,0.9230769230769231,23,23,3,3,0.9230769230769231,24,2,0,0.43137254901960786,0.43137254901960775,1.049041748046875e-05
primary_step_5,5,xy_sim_velocity,1,2,102,26,0.8846153846153846,0.8846153846153846,0.9511834319526628,23,23,3,3,1.0,26,0,0,0.4600301659125188,0.47058823529411764,2.9802322387695312e-08
primary_step_5,5,xy_sim_velocity,1,3,103,25,0.84,0.84,0.9408,21,21,4,4,0.92,23,2,0,0.4497959183673469,0.40816326530612246,1.9431114196777344e-05
primary_step_5,5,xy_sim_velocity,1,4,103,25,0.88,0.88,0.9264,22,22,3,3,0.96,24,1,0,0.43510204081632653,0.46938775510204084,1.5497207641601562e-06
primary_step_5,5,xy_sim_velocity,2,0,102,26,0.8461538461538461,0.8461538461538461,0.863905325443787,22,22,4,4,0.9615384615384616,25,1,0,0.3710407239819004,0.3921568627450981,8.046627044677734e-07
primary_step_5,5,xy_sim_velocity,2,1,102,26,0.8461538461538461,0.8461538461538461,0.9171597633136095,22,22,4,4,1.0,26,0,0,0.4253393665158371,0.3529411764705882,2.9802322387695312e-08
primary_step_5,5,xy_sim_velocity,2,2,102,26,0.8846153846153846,0.8846153846153846,0.9718934911242604,23,23,3,3,1.0,26,0,0,0.48114630467571645,0.4901960784313726,2.9802322387695312e-08
primary_step_5,5,xy_sim_velocity,2,3,103,25,0.88,0.88,0.9328,22,22,3,3,0.96,24,1,0,0.4416326530612244,0.42857142857142855,1.5497207641601562e-06
primary_step_5,5,xy_sim_velocity,2,4,103,25,0.88,0.88,0.9648,22,22,3,3,0.96,24,1,0,0.47428571428571425,0.5102040816326531,1.5497207641601562e-06
primary_step_5,5,xy_sim_velocity,3,0,102,26,0.8846153846153846,0.8846153846153846,0.9171597633136095,23,23,3,3,0.9230769230769231,24,2,0,0.4253393665158371,0.4607843137254902,1.049041748046875e-05
primary_step_5,5,xy_sim_velocity,3,1,102,26,0.8461538461538461,0.8461538461538461,0.9319526627218935,22,22,4,4,1.0,26,0,0,0.4404223227752639,0.4411764705882353,2.9802322387695312e-08
primary_step_5,5,xy_sim_velocity,3,2,102,26,0.8846153846153846,0.8846153846153846,0.9201183431952663,23,23,3,3,0.9230769230769231,24,2,0,0.42835595776772245,0.46078431372549017,1.049041748046875e-05
primary_step_5,5,xy_sim_velocity,3,3,103,25,0.92,0.92,0.9664,23,23,2,2,0.96,24,1,0,0.4759183673469387,0.5714285714285715,1.5497207641601562e-06
primary_step_5,5,xy_sim_velocity,3,4,103,25,0.8,0.8,0.8608,20,20,5,5,0.96,24,1,0,0.36816326530612253,0.2857142857142857,1.5497207641601562e-06
primary_step_5,5,xy_sim_velocity,4,0,102,26,0.8461538461538461,0.8461538461538461,0.900887573964497,22,22,4,4,1.0,26,0,0,0.40874811463046756,0.39215686274509803,2.9802322387695312e-08
primary_step_5,5,xy_sim_velocity,4,1,102,26,0.8846153846153846,0.8846153846153846,0.9423076923076923,23,23,3,3,0.9230769230769231,24,2,0,0.4509803921568628,0.4901960784313726,1.049041748046875e-05
primary_step_5,5,xy_sim_velocity,4,2,102,26,0.8076923076923077,0.8076923076923077,0.9171597633136095,21,21,5,5,0.9230769230769231,24,2,0,0.4253393665158371,0.39215686274509803,1.049041748046875e-05
primary_step_5,5,xy_sim_velocity,4,3,103,25,0.92,0.92,0.9776,23,23,2,2,1.0,25,0,0,0.48734693877551016,0.40816326530612246,5.960464477539063e-08
primary_step_5,5,xy_sim_velocity,4,4,103,25,0.84,0.84,0.9184,21,21,4,4,0.92,23,2,0,0.42693877551020415,0.32653061224489793,1.9431114196777344e-05
primary_step_5,5,robot_only,0,0,102,26,0.5,0.5,0.5,26,0,26,0,0.5,0,0,26,0.0,0.0,1.0
primary_step_5,5,robot_only,0,1,102,26,0.5,0.5,0.5,26,0,26,0,0.5,0,0,26,0.0,0.0,1.0
primary_step_5,5,robot_only,0,2,102,26,0.5,0.5,0.5,26,0,26,0,0.5,0,0,26,0.0,0.0,1.0
primary_step_5,5,robot_only,0,3,103,25,0.5,0.5,0.5,25,0,25,0,0.5,0,0,25,0.0,0.0,1.0
primary_step_5,5,robot_only,0,4,103,25,0.5,0.5,0.5,25,0,25,0,0.5,0,0,25,0.0,0.0,1.0
primary_step_5,5,robot_only,1,0,102,26,0.5,0.5,0.5,26,0,26,0,0.5,0,0,26,0.0,0.0,1.0
primary_step_5,5,robot_only,1,1,102,26,0.5,0.5,0.5,26,0,26,0,0.5,0,0,26,0.0,0.0,1.0
primary_step_5,5,robot_only,1,2,102,26,0.5,0.5,0.5,26,0,26,0,0.5,0,0,26,0.0,0.0,1.0
primary_step_5,5,robot_only,1,3,103,25,0.5,0.5,0.5,25,0,25,0,0.5,0,0,25,0.0,0.0,1.0
primary_step_5,5,robot_only,1,4,103,25,0.5,0.5,0.5,25,0,25,0,0.5,0,0,25,0.0,0.0,1.0
primary_step_5,5,robot_only,2,0,102,26,0.5,0.5,0.5,26,0,26,0,0.5,0,0,26,0.0,0.0,1.0
primary_step_5,5,robot_only,2,1,102,26,0.5,0.5,0.5,26,0,26,0,0.5,0,0,26,0.0,0.0,1.0
primary_step_5,5,robot_only,2,2,102,26,0.5,0.5,0.5,26,0,26,0,0.5,0,0,26,0.0,0.0,1.0
primary_step_5,5,robot_only,2,3,103,25,0.5,0.5,0.5,25,0,25,0,0.5,0,0,25,0.0,0.0,1.0
primary_step_5,5,robot_only,2,4,103,25,0.5,0.5,0.5,25,0,25,0,0.5,0,0,25,0.0,0.0,1.0
primary_step_5,5,robot_only,3,0,102,26,0.5,0.5,0.5,26,0,26,0,0.5,0,0,26,0.0,0.0,1.0
primary_step_5,5,robot_only,3,1,102,26,0.5,0.5,0.5,26,0,26,0,0.5,0,0,26,0.0,0.0,1.0
primary_step_5,5,robot_only,3,2,102,26,0.5,0.5,0.5,26,0,26,0,0.5,0,0,26,0.0,0.0,1.0
primary_step_5,5,robot_only,3,3,103,25,0.5,0.5,0.5,25,0,25,0,0.5,0,0,25,0.0,0.0,1.0
primary_step_5,5,robot_only,3,4,103,25,0.5,0.5,0.5,25,0,25,0,0.5,0,0,25,0.0,0.0,1.0
primary_step_5,5,robot_only,4,0,102,26,0.5,0.5,0.5,26,0,26,0,0.5,0,0,26,0.0,0.0,1.0
primary_step_5,5,robot_only,4,1,102,26,0.5,0.5,0.5,26,0,26,0,0.5,0,0,26,0.0,0.0,1.0
primary_step_5,5,robot_only,4,2,102,26,0.5,0.5,0.5,26,0,26,0,0.5,0,0,26,0.0,0.0,1.0
primary_step_5,5,robot_only,4,3,103,25,0.5,0.5,0.5,25,0,25,0,0.5,0,0,25,0.0,0.0,1.0
primary_step_5,5,robot_only,4,4,103,25,0.5,0.5,0.5,25,0,25,0,0.5,0,0,25,0.0,0.0,1.0
primary_step_5,5,position_proprio_single,0,0,102,26,0.5,0.5,0.5,26,0,26,0,0.5,0,0,26,0.0,0.0,1.0
primary_step_5,5,position_proprio_single,0,1,102,26,0.5,0.5,0.5133136094674556,13,13,13,13,0.8461538461538461,22,4,0,0.013574660633484167,0.019607843137254888,0.0005335211753845215
primary_step_5,5,position_proprio_single,0,2,102,26,0.5,0.5,0.5,26,0,26,0,0.5,0,0,26,0.0,0.0,1.0
primary_step_5,5,position_proprio_single,0,3,103,25,0.5,0.5,0.5,25,0,25,0,0.5,0,0,25,0.0,0.0,1.0
primary_step_5,5,position_proprio_single,0,4,103,25,0.5,0.5,0.5,25,0,25,0,0.5,0,0,25,0.0,0.0,1.0
primary_step_5,5,position_proprio_single,1,0,102,26,0.5,0.5,0.5103550295857988,13,13,13,13,0.7692307692307693,20,6,0,0.010558069381598784,0.019607843137254888,0.009355306625366211
primary_step_5,5,position_proprio_single,1,1,102,26,0.5,0.5,0.5118343195266272,13,13,13,13,0.8076923076923077,21,5,0,0.012066365007541475,0.019607843137254888,0.002493917942047119
primary_step_5,5,position_proprio_single,1,2,102,26,0.5,0.5,0.5,26,0,26,0,0.5,0,0,26,0.0,0.0,1.0
primary_step_5,5,position_proprio_single,1,3,103,25,0.5,0.5,0.5,25,0,25,0,0.5,0,0,25,0.0,0.0,1.0
primary_step_5,5,position_proprio_single,1,4,103,25,0.5,0.5,0.5,25,0,25,0,0.5,0,0,25,0.0,0.0,1.0
primary_step_5,5,position_proprio_single,2,0,102,26,0.5,0.5,0.5,26,0,26,0,0.5,0,0,26,0.0,0.0,1.0
primary_step_5,5,position_proprio_single,2,1,102,26,0.5,0.5,0.5088757396449705,13,13,13,13,0.7307692307692307,19,7,0,0.00904977375565612,0.019607843137254888,0.028959274291992188
primary_step_5,5,position_proprio_single,2,2,102,26,0.5,0.5,0.5,26,0,26,0,0.5,0,0,26,0.0,0.0,1.0
primary_step_5,5,position_proprio_single,2,3,103,25,0.5,0.5,0.5,25,0,25,0,0.5,0,0,25,0.0,0.0,1.0
primary_step_5,5,position_proprio_single,2,4,103,25,0.5,0.5,0.5,25,0,25,0,0.5,0,0,25,0.0,0.0,1.0
primary_step_5,5,position_proprio_single,3,0,102,26,0.5,0.5,0.5,26,0,26,0,0.5,0,0,26,0.0,0.0,1.0
primary_step_5,5,position_proprio_single,3,1,102,26,0.5,0.5,0.5,26,0,26,0,0.5,0,0,26,0.0,0.0,1.0
primary_step_5,5,position_proprio_single,3,2,102,26,0.5,0.5,0.5,26,0,26,0,0.5,0,0,26,0.0,0.0,1.0
primary_step_5,5,position_proprio_single,3,3,103,25,0.5,0.5,0.5,25,0,25,0,0.5,0,0,25,0.0,0.0,1.0
primary_step_5,5,position_proprio_single,3,4,103,25,0.5,0.5,0.5,25,0,25,0,0.5,0,0,25,0.0,0.0,1.0
primary_step_5,5,position_proprio_single,4,0,102,26,0.5,0.5,0.5,26,0,26,0,0.5,0,0,26,0.0,0.0,1.0
primary_step_5,5,position_proprio_single,4,1,102,26,0.5,0.5,0.5,26,0,26,0,0.5,0,0,26,0.0,0.0,1.0
primary_step_5,5,position_proprio_single,4,2,102,26,0.5,0.5,0.5,26,0,26,0,0.5,0,0,26,0.0,0.0,1.0
primary_step_5,5,position_proprio_single,4,3,103,25,0.5,0.5,0.5,25,0,25,0,0.5,0,0,25,0.0,0.0,1.0
primary_step_5,5,position_proprio_single,4,4,103,25,0.52,0.52,0.508,13,13,12,12,0.7,17,7,1,0.008163265306122458,0.02040816326530612,0.06391465663909912
primary_step_5,5,xy_history_s1,0,0,102,26,0.5,0.5,0.5177514792899408,13,13,13,13,0.9615384615384616,25,1,0,0.018099547511312215,0.019607843137254895,8.046627044677734e-07
primary_step_5,5,xy_history_s1,0,1,102,26,0.5,0.5,0.5133136094674556,13,13,13,13,0.8461538461538461,22,4,0,0.013574660633484167,0.019607843137254888,0.0005335211753845215
primary_step_5,5,xy_history_s1,0,2,102,26,0.5,0.5,0.5133136094674556,13,13,13,13,0.8461538461538461,22,4,0,0.013574660633484155,0.019607843137254888,0.0005335211753845215
primary_step_5,5,xy_history_s1,0,3,103,25,0.52,0.52,0.512,13,13,12,12,0.8,20,5,0,0.01224489795918367,0.020408163265306124,0.004077315330505371
primary_step_5,5,xy_history_s1,0,4,103,25,0.48,0.48,0.512,12,12,13,13,0.8,20,5,0,0.012244897959183664,0.02040816326530612,0.004077315330505371
primary_step_5,5,xy_history_s1,1,0,102,26,0.5,0.5,0.5103550295857988,13,13,13,13,0.7692307692307693,20,6,0,0.010558069381598792,0.019607843137254888,0.009355306625366211
primary_step_5,5,xy_history_s1,1,1,102,26,0.5,0.5,0.5103550295857988,13,13,13,13,0.7692307692307693,20,6,0,0.010558069381598792,0.019607843137254888,0.009355306625366211
primary_step_5,5,xy_history_s1,1,2,102,26,0.5,0.5,0.5162721893491125,13,13,13,13,0.9230769230769231,24,2,0,0.016591251885369526,0.019607843137254888,1.049041748046875e-05
primary_step_5,5,xy_history_s1,1,3,103,25,0.52,0.52,0.5136,13,13,12,12,0.84,21,4,0,0.013877551020408161,0.02040816326530613,0.0009105205535888672
primary_step_5,5,xy_history_s1,1,4,103,25,0.52,0.52,0.5168,13,13,12,12,0.92,23,2,0,0.017142857142857147,0.020408163265306145,1.9431114196777344e-05
primary_step_5,5,xy_history_s1,2,0,102,26,0.5,0.5,0.5103550295857988,13,13,13,13,0.7692307692307693,20,6,0,0.010558069381598792,0.019607843137254888,0.009355306625366211
primary_step_5,5,xy_history_s1,2,1,102,26,0.5,0.5,0.507396449704142,13,13,13,13,0.6923076923076923,18,8,0,0.007541478129713425,0.019607843137254888,0.07551869750022888
primary_step_5,5,xy_history_s1,2,2,102,26,0.5,0.5,0.5177514792899408,13,13,13,13,0.9615384615384616,25,1,0,0.018099547511312205,0.019607843137254888,8.046627044677734e-07
primary_step_5,5,xy_history_s1,2,3,103,25,0.52,0.52,0.5152,13,13,12,12,0.88,22,3,0,0.015510204081632652,0.020408163265306145,0.00015652179718017578
primary_step_5,5,xy_history_s1,2,4,103,25,0.52,0.52,0.5168,13,13,12,12,0.92,23,2,0,0.017142857142857147,0.020408163265306145,1.9431114196777344e-05
primary_step_5,5,xy_history_s1,3,0,102,26,0.5,0.5,0.5103550295857988,13,13,13,13,0.7692307692307693,20,6,0,0.010558069381598803,0.019607843137254888,0.009355306625366211
primary_step_5,5,xy_history_s1,3,1,102,26,0.5,0.5,0.5162721893491125,13,13,13,13,0.9230769230769231,24,2,0,0.016591251885369532,0.019607843137254895,1.049041748046875e-05
primary_step_5,5,xy_history_s1,3,2,102,26,0.5,0.5,0.5133136094674556,13,13,13,13,0.8461538461538461,22,4,0,0.013574660633484151,0.019607843137254888,0.0005335211753845215
primary_step_5,5,xy_history_s1,3,3,103,25,0.52,0.52,0.5136,13,13,12,12,0.84,21,4,0,0.013877551020408165,0.02040816326530613,0.0009105205535888672
primary_step_5,5,xy_history_s1,3,4,103,25,0.48,0.48,0.5136,12,12,13,13,0.84,21,4,0,0.013877551020408163,0.02040816326530613,0.0009105205535888672
primary_step_5,5,xy_history_s1,4,0,102,26,0.5,0.5,0.514792899408284,13,13,13,13,0.8846153846153846,23,3,0,0.015082956259426848,0.019607843137254895,8.797645568847656e-05
primary_step_5,5,xy_history_s1,4,1,102,26,0.5,0.5,0.5162721893491125,13,13,13,13,0.9230769230769231,24,2,0,0.01659125188536953,0.019607843137254895,1.049041748046875e-05
primary_step_5,5,xy_history_s1,4,2,102,26,0.5,0.5,0.5118343195266272,13,13,13,13,0.8076923076923077,21,5,0,0.01206636500754147,0.019607843137254888,0.002493917942047119
primary_step_5,5,xy_history_s1,4,3,103,25,0.52,0.52,0.5184,13,13,12,12,0.96,24,1,0,0.018775510204081632,0.020408163265306145,1.5497207641601562e-06
primary_step_5,5,xy_history_s1,4,4,103,25,0.52,0.52,0.5072,13,13,12,12,0.68,17,8,0,0.007346938775510217,0.02040816326530612,0.10775214433670044
primary_step_5,5,position_proprio_history_s1,0,0,102,26,0.5,0.5,0.5177514792899408,13,13,13,13,0.9615384615384616,25,1,0,0.018099547511312215,0.019607843137254895,8.046627044677734e-07
primary_step_5,5,position_proprio_history_s1,0,1,102,26,0.5,0.5,0.5133136094674556,13,13,13,13,0.8461538461538461,22,4,0,0.013574660633484151,0.019607843137254888,0.0005335211753845215
primary_step_5,5,position_proprio_history_s1,0,2,102,26,0.5,0.5,0.5133136094674556,13,13,13,13,0.8461538461538461,22,4,0,0.013574660633484155,0.019607843137254888,0.0005335211753845215
primary_step_5,5,position_proprio_history_s1,0,3,103,25,0.52,0.52,0.512,13,13,12,12,0.8,20,5,0,0.01224489795918367,0.020408163265306124,0.004077315330505371
primary_step_5,5,position_proprio_history_s1,0,4,103,25,0.48,0.48,0.512,12,12,13,13,0.8,20,5,0,0.012244897959183664,0.02040816326530612,0.004077315330505371
primary_step_5,5,position_proprio_history_s1,1,0,102,26,0.5,0.5,0.5103550295857988,13,13,13,13,0.7692307692307693,20,6,0,0.010558069381598792,0.019607843137254888,0.009355306625366211
primary_step_5,5,position_proprio_history_s1,1,1,102,26,0.5,0.5,0.5103550295857988,13,13,13,13,0.7692307692307693,20,6,0,0.010558069381598792,0.019607843137254888,0.009355306625366211
primary_step_5,5,position_proprio_history_s1,1,2,102,26,0.5,0.5,0.5162721893491125,13,13,13,13,0.9230769230769231,24,2,0,0.016591251885369526,0.019607843137254888,1.049041748046875e-05
primary_step_5,5,position_proprio_history_s1,1,3,103,25,0.52,0.52,0.5136,13,13,12,12,0.84,21,4,0,0.013877551020408161,0.02040816326530613,0.0009105205535888672
primary_step_5,5,position_proprio_history_s1,1,4,103,25,0.52,0.52,0.5168,13,13,12,12,0.92,23,2,0,0.017142857142857147,0.020408163265306145,1.9431114196777344e-05
primary_step_5,5,position_proprio_history_s1,2,0,102,26,0.5,0.5,0.5103550295857988,13,13,13,13,0.7692307692307693,20,6,0,0.010558069381598792,0.019607843137254888,0.009355306625366211
primary_step_5,5,position_proprio_history_s1,2,1,102,26,0.5,0.5,0.507396449704142,13,13,13,13,0.6923076923076923,18,8,0,0.007541478129713425,0.019607843137254888,0.07551869750022888
primary_step_5,5,position_proprio_history_s1,2,2,102,26,0.5,0.5,0.5177514792899408,13,13,13,13,0.9615384615384616,25,1,0,0.018099547511312205,0.019607843137254888,8.046627044677734e-07
primary_step_5,5,position_proprio_history_s1,2,3,103,25,0.52,0.52,0.5152,13,13,12,12,0.88,22,3,0,0.015510204081632652,0.020408163265306145,0.00015652179718017578
primary_step_5,5,position_proprio_history_s1,2,4,103,25,0.52,0.52,0.5168,13,13,12,12,0.92,23,2,0,0.017142857142857147,0.020408163265306145,1.9431114196777344e-05
primary_step_5,5,position_proprio_history_s1,3,0,102,26,0.5,0.5,0.5088757396449705,13,13,13,13,0.7307692307692307,19,7,0,0.009049773755656096,0.019607843137254888,0.028959274291992188
primary_step_5,5,position_proprio_history_s1,3,1,102,26,0.5,0.5,0.5162721893491125,13,13,13,13,0.9230769230769231,24,2,0,0.016591251885369532,0.019607843137254895,1.049041748046875e-05
primary_step_5,5,position_proprio_history_s1,3,2,102,26,0.5,0.5,0.5133136094674556,13,13,13,13,0.8461538461538461,22,4,0,0.013574660633484151,0.019607843137254888,0.0005335211753845215
primary_step_5,5,position_proprio_history_s1,3,3,103,25,0.52,0.52,0.5136,13,13,12,12,0.84,21,4,0,0.013877551020408165,0.02040816326530613,0.0009105205535888672
primary_step_5,5,position_proprio_history_s1,3,4,103,25,0.48,0.48,0.5136,12,12,13,13,0.84,21,4,0,0.013877551020408163,0.02040816326530613,0.0009105205535888672
primary_step_5,5,position_proprio_history_s1,4,0,102,26,0.5,0.5,0.514792899408284,13,13,13,13,0.8846153846153846,23,3,0,0.015082956259426843,0.019607843137254888,8.797645568847656e-05
primary_step_5,5,position_proprio_history_s1,4,1,102,26,0.5,0.5,0.5162721893491125,13,13,13,13,0.9230769230769231,24,2,0,0.01659125188536953,0.019607843137254895,1.049041748046875e-05
primary_step_5,5,position_proprio_history_s1,4,2,102,26,0.5,0.5,0.5118343195266272,13,13,13,13,0.8076923076923077,21,5,0,0.01206636500754147,0.019607843137254888,0.002493917942047119
primary_step_5,5,position_proprio_history_s1,4,3,103,25,0.52,0.52,0.5184,13,13,12,12,0.96,24,1,0,0.018775510204081632,0.020408163265306145,1.5497207641601562e-06
primary_step_5,5,position_proprio_history_s1,4,4,103,25,0.52,0.52,0.5072,13,13,12,12,0.68,17,8,0,0.007346938775510217,0.02040816326530612,0.10775214433670044
primary_step_5,5,causal_fd_history_s1,0,0,102,26,0.9230769230769231,0.9230769230769231,0.9644970414201184,24,24,2,2,1.0,26,0,0,0.47360482654600305,0.5392156862745099,2.9802322387695312e-08
primary_step_5,5,causal_fd_history_s1,0,1,102,26,0.8461538461538461,0.8461538461538461,0.9437869822485208,22,22,4,4,0.9615384615384616,25,1,0,0.4524886877828054,0.47058823529411764,8.046627044677734e-07
primary_step_5,5,causal_fd_history_s1,0,2,102,26,1.0,1.0,1.0,26,26,0,0,1.0,26,0,0,0.5098039215686274,0.4509803921568627,2.9802322387695312e-08
primary_step_5,5,causal_fd_history_s1,0,3,103,25,0.96,0.96,0.9888,24,24,1,1,0.96,24,1,0,0.4987755102040817,0.4897959183673469,1.5497207641601562e-06
primary_step_5,5,causal_fd_history_s1,0,4,103,25,0.84,0.84,0.9248,21,21,4,4,1.0,25,0,0,0.433469387755102,0.4285714285714286,5.960464477539063e-08
primary_step_5,5,causal_fd_history_s1,1,0,102,26,0.9230769230769231,0.9230769230769231,0.9556213017751479,24,24,2,2,1.0,26,0,0,0.4645550527903468,0.3921568627450981,2.9802322387695312e-08
primary_step_5,5,causal_fd_history_s1,1,1,102,26,0.8846153846153846,0.8846153846153846,0.9304733727810651,23,23,3,3,0.9615384615384616,25,1,0,0.4389140271493212,0.5098039215686274,8.046627044677734e-07
primary_step_5,5,causal_fd_history_s1,1,2,102,26,0.9230769230769231,0.9230769230769231,0.9896449704142012,24,24,2,2,1.0,26,0,0,0.4992458521870286,0.5294117647058824,2.9802322387695312e-08
primary_step_5,5,causal_fd_history_s1,1,3,103,25,0.88,0.88,0.9632,22,22,3,3,1.0,25,0,0,0.47265306122448986,0.46938775510204084,5.960464477539063e-08
primary_step_5,5,causal_fd_history_s1,1,4,103,25,0.92,0.92,0.9616,23,23,2,2,1.0,25,0,0,0.4710204081632653,0.510204081632653,5.960464477539063e-08
primary_step_5,5,causal_fd_history_s1,2,0,102,26,0.9230769230769231,0.9230769230769231,0.9689349112426036,24,24,2,2,1.0,26,0,0,0.4781297134238309,0.47058823529411764,2.9802322387695312e-08
primary_step_5,5,causal_fd_history_s1,2,1,102,26,0.8846153846153846,0.8846153846153846,0.9304733727810651,23,23,3,3,1.0,26,0,0,0.4389140271493212,0.392156862745098,2.9802322387695312e-08
primary_step_5,5,causal_fd_history_s1,2,2,102,26,0.9615384615384616,0.9615384615384616,0.9881656804733728,25,25,1,1,0.9615384615384616,25,1,0,0.497737556561086,0.5098039215686274,8.046627044677734e-07
primary_step_5,5,causal_fd_history_s1,2,3,103,25,0.92,0.92,0.992,23,23,2,2,1.0,25,0,0,0.5020408163265306,0.4693877551020408,5.960464477539063e-08
primary_step_5,5,causal_fd_history_s1,2,4,103,25,0.92,0.92,0.9808,23,23,2,2,1.0,25,0,0,0.4906122448979592,0.4489795918367347,5.960464477539063e-08
primary_step_5,5,causal_fd_history_s1,3,0,102,26,0.9615384615384616,0.9615384615384616,0.9630177514792899,25,25,1,1,1.0,26,0,0,0.4720965309200604,0.46078431372549017,2.9802322387695312e-08
primary_step_5,5,causal_fd_history_s1,3,1,102,26,0.9230769230769231,0.9230769230769231,0.9792899408284024,24,24,2,2,1.0,26,0,0,0.4886877828054298,0.46078431372549017,2.9802322387695312e-08
primary_step_5,5,causal_fd_history_s1,3,2,102,26,0.9615384615384616,0.9615384615384616,0.992603550295858,25,25,1,1,1.0,26,0,0,0.502262443438914,0.5,2.9802322387695312e-08
primary_step_5,5,causal_fd_history_s1,3,3,103,25,0.92,0.92,0.9792,23,23,2,2,1.0,25,0,0,0.4889795918367346,0.4897959183673469,5.960464477539063e-08
primary_step_5,5,causal_fd_history_s1,3,4,103,25,0.88,0.88,0.9456,22,22,3,3,0.96,24,1,0,0.4546938775510204,0.42857142857142855,1.5497207641601562e-06
primary_step_5,5,causal_fd_history_s1,4,0,102,26,0.9230769230769231,0.9230769230769231,0.9659763313609467,24,24,2,2,0.9615384615384616,25,1,0,0.47511312217194573,0.47058823529411764,8.046627044677734e-07
primary_step_5,5,causal_fd_history_s1,4,1,102,26,0.8846153846153846,0.8846153846153846,0.9585798816568047,23,23,3,3,1.0,26,0,0,0.46757164404223234,0.47058823529411764,2.9802322387695312e-08
primary_step_5,5,causal_fd_history_s1,4,2,102,26,0.9230769230769231,0.9230769230769231,0.9659763313609467,24,24,2,2,1.0,26,0,0,0.4751131221719457,0.47058823529411764,2.9802322387695312e-08
primary_step_5,5,causal_fd_history_s1,4,3,103,25,0.92,0.92,0.9568,23,23,2,2,1.0,25,0,0,0.4661224489795918,0.48979591836734687,5.960464477539063e-08
primary_step_5,5,causal_fd_history_s1,4,4,103,25,0.92,0.92,0.9744,23,23,2,2,1.0,25,0,0,0.48408163265306114,0.4897959183673469,5.960464477539063e-08
primary_step_5,5,model_x_v2_s1,0,0,102,26,0.5,0.5,0.5177514792899408,13,13,13,13,0.9615384615384616,25,1,0,0.018099547511312215,0.019607843137254895,8.046627044677734e-07
primary_step_5,5,model_x_v2_s1,0,1,102,26,0.5,0.5,0.5133136094674556,13,13,13,13,0.8461538461538461,22,4,0,0.013574660633484151,0.019607843137254888,0.0005335211753845215
primary_step_5,5,model_x_v2_s1,0,2,102,26,0.5,0.5,0.5133136094674556,13,13,13,13,0.8461538461538461,22,4,0,0.013574660633484155,0.019607843137254888,0.0005335211753845215
primary_step_5,5,model_x_v2_s1,0,3,103,25,0.52,0.52,0.512,13,13,12,12,0.8,20,5,0,0.01224489795918367,0.020408163265306124,0.004077315330505371
primary_step_5,5,model_x_v2_s1,0,4,103,25,0.48,0.48,0.512,12,12,13,13,0.8,20,5,0,0.012244897959183664,0.02040816326530612,0.004077315330505371
primary_step_5,5,model_x_v2_s1,1,0,102,26,0.5,0.5,0.5103550295857988,13,13,13,13,0.7692307692307693,20,6,0,0.010558069381598792,0.019607843137254888,0.009355306625366211
primary_step_5,5,model_x_v2_s1,1,1,102,26,0.5,0.5,0.5103550295857988,13,13,13,13,0.7692307692307693,20,6,0,0.010558069381598792,0.019607843137254888,0.009355306625366211
primary_step_5,5,model_x_v2_s1,1,2,102,26,0.5,0.5,0.5162721893491125,13,13,13,13,0.9230769230769231,24,2,0,0.016591251885369526,0.019607843137254888,1.049041748046875e-05
primary_step_5,5,model_x_v2_s1,1,3,103,25,0.52,0.52,0.5136,13,13,12,12,0.84,21,4,0,0.013877551020408161,0.02040816326530613,0.0009105205535888672
primary_step_5,5,model_x_v2_s1,1,4,103,25,0.52,0.52,0.5168,13,13,12,12,0.92,23,2,0,0.017142857142857147,0.020408163265306145,1.9431114196777344e-05
primary_step_5,5,model_x_v2_s1,2,0,102,26,0.5,0.5,0.5103550295857988,13,13,13,13,0.7692307692307693,20,6,0,0.010558069381598792,0.019607843137254888,0.009355306625366211
primary_step_5,5,model_x_v2_s1,2,1,102,26,0.5,0.5,0.507396449704142,13,13,13,13,0.6923076923076923,18,8,0,0.007541478129713425,0.019607843137254888,0.07551869750022888
primary_step_5,5,model_x_v2_s1,2,2,102,26,0.5,0.5,0.5177514792899408,13,13,13,13,0.9615384615384616,25,1,0,0.018099547511312205,0.019607843137254888,8.046627044677734e-07
primary_step_5,5,model_x_v2_s1,2,3,103,25,0.52,0.52,0.5152,13,13,12,12,0.88,22,3,0,0.015510204081632652,0.020408163265306145,0.00015652179718017578
primary_step_5,5,model_x_v2_s1,2,4,103,25,0.52,0.52,0.5168,13,13,12,12,0.92,23,2,0,0.017142857142857147,0.020408163265306145,1.9431114196777344e-05
primary_step_5,5,model_x_v2_s1,3,0,102,26,0.5,0.5,0.5088757396449705,13,13,13,13,0.7307692307692307,19,7,0,0.009049773755656096,0.019607843137254888,0.028959274291992188
primary_step_5,5,model_x_v2_s1,3,1,102,26,0.5,0.5,0.5162721893491125,13,13,13,13,0.9230769230769231,24,2,0,0.016591251885369532,0.019607843137254895,1.049041748046875e-05
primary_step_5,5,model_x_v2_s1,3,2,102,26,0.5,0.5,0.5133136094674556,13,13,13,13,0.8461538461538461,22,4,0,0.013574660633484151,0.019607843137254888,0.0005335211753845215
primary_step_5,5,model_x_v2_s1,3,3,103,25,0.52,0.52,0.5136,13,13,12,12,0.84,21,4,0,0.013877551020408165,0.02040816326530613,0.0009105205535888672
primary_step_5,5,model_x_v2_s1,3,4,103,25,0.48,0.48,0.5136,12,12,13,13,0.84,21,4,0,0.013877551020408163,0.02040816326530613,0.0009105205535888672
primary_step_5,5,model_x_v2_s1,4,0,102,26,0.5,0.5,0.514792899408284,13,13,13,13,0.8846153846153846,23,3,0,0.015082956259426843,0.019607843137254888,8.797645568847656e-05
primary_step_5,5,model_x_v2_s1,4,1,102,26,0.5,0.5,0.5162721893491125,13,13,13,13,0.9230769230769231,24,2,0,0.01659125188536953,0.019607843137254895,1.049041748046875e-05
primary_step_5,5,model_x_v2_s1,4,2,102,26,0.5,0.5,0.5118343195266272,13,13,13,13,0.8076923076923077,21,5,0,0.01206636500754147,0.019607843137254888,0.002493917942047119
primary_step_5,5,model_x_v2_s1,4,3,103,25,0.52,0.52,0.5184,13,13,12,12,0.96,24,1,0,0.018775510204081632,0.020408163265306145,1.5497207641601562e-06
primary_step_5,5,model_x_v2_s1,4,4,103,25,0.52,0.52,0.5072,13,13,12,12,0.68,17,8,0,0.007346938775510217,0.02040816326530612,0.10775214433670044
primary_step_5,5,privileged_model_x_v1_s1,0,0,102,26,0.9230769230769231,0.9230769230769231,0.9689349112426036,24,24,2,2,1.0,26,0,0,0.4781297134238311,0.5392156862745099,2.9802322387695312e-08
primary_step_5,5,privileged_model_x_v1_s1,0,1,102,26,0.8461538461538461,0.8461538461538461,0.9437869822485208,22,22,4,4,0.9615384615384616,25,1,0,0.4524886877828054,0.46078431372549017,8.046627044677734e-07
primary_step_5,5,privileged_model_x_v1_s1,0,2,102,26,1.0,1.0,1.0,26,26,0,0,1.0,26,0,0,0.5098039215686274,0.47058823529411764,2.9802322387695312e-08
primary_step_5,5,privileged_model_x_v1_s1,0,3,103,25,0.96,0.96,0.9872,24,24,1,1,0.96,24,1,0,0.49714285714285716,0.5102040816326531,1.5497207641601562e-06
primary_step_5,5,privileged_model_x_v1_s1,0,4,103,25,0.84,0.84,0.9232,21,21,4,4,1.0,25,0,0,0.43183673469387757,0.4285714285714286,5.960464477539063e-08
primary_step_5,5,privileged_model_x_v1_s1,1,0,102,26,0.9230769230769231,0.9230769230769231,0.9556213017751479,24,24,2,2,1.0,26,0,0,0.464555052790347,0.37254901960784315,2.9802322387695312e-08
primary_step_5,5,privileged_model_x_v1_s1,1,1,102,26,0.8846153846153846,0.8846153846153846,0.9304733727810651,23,23,3,3,0.9615384615384616,25,1,0,0.4389140271493212,0.4901960784313726,8.046627044677734e-07
primary_step_5,5,privileged_model_x_v1_s1,1,2,102,26,0.9230769230769231,0.9230769230769231,0.9911242603550295,24,24,2,2,1.0,26,0,0,0.5007541478129712,0.5294117647058824,2.9802322387695312e-08
primary_step_5,5,privileged_model_x_v1_s1,1,3,103,25,0.88,0.88,0.9648,22,22,3,3,1.0,25,0,0,0.4742857142857143,0.4489795918367347,5.960464477539063e-08
primary_step_5,5,privileged_model_x_v1_s1,1,4,103,25,0.92,0.92,0.9616,23,23,2,2,1.0,25,0,0,0.4710204081632653,0.510204081632653,5.960464477539063e-08
primary_step_5,5,privileged_model_x_v1_s1,2,0,102,26,0.9230769230769231,0.9230769230769231,0.9718934911242604,24,24,2,2,1.0,26,0,0,0.4811463046757163,0.48039215686274517,2.9802322387695312e-08
primary_step_5,5,privileged_model_x_v1_s1,2,1,102,26,0.8846153846153846,0.8846153846153846,0.9349112426035503,23,23,3,3,1.0,26,0,0,0.44343891402714924,0.4117647058823529,2.9802322387695312e-08
primary_step_5,5,privileged_model_x_v1_s1,2,2,102,26,0.9230769230769231,0.9230769230769231,0.9866863905325444,24,24,2,2,0.9615384615384616,25,1,0,0.4962292609351433,0.5098039215686274,8.046627044677734e-07
primary_step_5,5,privileged_model_x_v1_s1,2,3,103,25,0.96,0.96,0.9936,24,24,1,1,1.0,25,0,0,0.503673469387755,0.4693877551020408,5.960464477539063e-08
primary_step_5,5,privileged_model_x_v1_s1,2,4,103,25,0.92,0.92,0.976,23,23,2,2,1.0,25,0,0,0.4857142857142857,0.46938775510204084,5.960464477539063e-08
primary_step_5,5,privileged_model_x_v1_s1,3,0,102,26,0.9615384615384616,0.9615384615384616,0.9630177514792899,25,25,1,1,1.0,26,0,0,0.4720965309200604,0.48039215686274506,2.9802322387695312e-08
primary_step_5,5,privileged_model_x_v1_s1,3,1,102,26,0.9230769230769231,0.9230769230769231,0.9807692307692307,24,24,2,2,1.0,26,0,0,0.4901960784313726,0.46078431372549017,2.9802322387695312e-08
primary_step_5,5,privileged_model_x_v1_s1,3,2,102,26,0.9615384615384616,0.9615384615384616,0.992603550295858,25,25,1,1,1.0,26,0,0,0.502262443438914,0.5,2.9802322387695312e-08
primary_step_5,5,privileged_model_x_v1_s1,3,3,103,25,0.92,0.92,0.9808,23,23,2,2,1.0,25,0,0,0.49061224489795924,0.4897959183673469,5.960464477539063e-08
primary_step_5,5,privileged_model_x_v1_s1,3,4,103,25,0.88,0.88,0.9472,22,22,3,3,0.96,24,1,0,0.4563265306122449,0.42857142857142855,1.5497207641601562e-06
primary_step_5,5,privileged_model_x_v1_s1,4,0,102,26,0.8846153846153846,0.8846153846153846,0.9644970414201184,23,23,3,3,0.9615384615384616,25,1,0,0.47360482654600305,0.4607843137254902,8.046627044677734e-07
primary_step_5,5,privileged_model_x_v1_s1,4,1,102,26,0.8846153846153846,0.8846153846153846,0.9615384615384616,23,23,3,3,1.0,26,0,0,0.4705882352941177,0.4901960784313725,2.9802322387695312e-08
primary_step_5,5,privileged_model_x_v1_s1,4,2,102,26,0.9230769230769231,0.9230769230769231,0.9718934911242604,24,24,2,2,1.0,26,0,0,0.4811463046757164,0.47058823529411764,2.9802322387695312e-08
primary_step_5,5,privileged_model_x_v1_s1,4,3,103,25,0.92,0.92,0.9568,23,23,2,2,1.0,25,0,0,0.4661224489795919,0.48979591836734687,5.960464477539063e-08
primary_step_5,5,privileged_model_x_v1_s1,4,4,103,25,0.92,0.92,0.9744,23,23,2,2,1.0,25,0,0,0.4840816326530612,0.4693877551020409,5.960464477539063e-08
primary_step_5,5,xy_history_s5,0,0,102,26,0.5,0.5,0.5,26,0,26,0,0.5,0,0,26,0.0,0.0,1.0
primary_step_5,5,xy_history_s5,0,1,102,26,0.5,0.5,0.5133136094674556,13,13,13,13,0.8461538461538461,22,4,0,0.013574660633484167,0.019607843137254888,0.0005335211753845215
primary_step_5,5,xy_history_s5,0,2,102,26,0.5,0.5,0.5,26,0,26,0,0.5,0,0,26,0.0,0.0,1.0
primary_step_5,5,xy_history_s5,0,3,103,25,0.5,0.5,0.5,25,0,25,0,0.5,0,0,25,0.0,0.0,1.0
primary_step_5,5,xy_history_s5,0,4,103,25,0.5,0.5,0.5,25,0,25,0,0.5,0,0,25,0.0,0.0,1.0
primary_step_5,5,xy_history_s5,1,0,102,26,0.5,0.5,0.5103550295857988,13,13,13,13,0.7692307692307693,20,6,0,0.010558069381598784,0.019607843137254888,0.009355306625366211
primary_step_5,5,xy_history_s5,1,1,102,26,0.5,0.5,0.5118343195266272,13,13,13,13,0.8076923076923077,21,5,0,0.012066365007541466,0.019607843137254888,0.002493917942047119
primary_step_5,5,xy_history_s5,1,2,102,26,0.5,0.5,0.5,26,0,26,0,0.5,0,0,26,0.0,0.0,1.0
primary_step_5,5,xy_history_s5,1,3,103,25,0.5,0.5,0.5,25,0,25,0,0.5,0,0,25,0.0,0.0,1.0
primary_step_5,5,xy_history_s5,1,4,103,25,0.5,0.5,0.5,25,0,25,0,0.5,0,0,25,0.0,0.0,1.0
primary_step_5,5,xy_history_s5,2,0,102,26,0.5,0.5,0.5,26,0,26,0,0.5,0,0,26,0.0,0.0,1.0
primary_step_5,5,xy_history_s5,2,1,102,26,0.5,0.5,0.5088757396449705,13,13,13,13,0.7307692307692307,19,7,0,0.00904977375565612,0.019607843137254888,0.028959274291992188
primary_step_5,5,xy_history_s5,2,2,102,26,0.5,0.5,0.5,26,0,26,0,0.5,0,0,26,0.0,0.0,1.0
primary_step_5,5,xy_history_s5,2,3,103,25,0.5,0.5,0.5,25,0,25,0,0.5,0,0,25,0.0,0.0,1.0
primary_step_5,5,xy_history_s5,2,4,103,25,0.5,0.5,0.5,25,0,25,0,0.5,0,0,25,0.0,0.0,1.0
primary_step_5,5,xy_history_s5,3,0,102,26,0.5,0.5,0.5,26,0,26,0,0.5,0,0,26,0.0,0.0,1.0
primary_step_5,5,xy_history_s5,3,1,102,26,0.5,0.5,0.5,26,0,26,0,0.5,0,0,26,0.0,0.0,1.0
primary_step_5,5,xy_history_s5,3,2,102,26,0.5,0.5,0.5,26,0,26,0,0.5,0,0,26,0.0,0.0,1.0
primary_step_5,5,xy_history_s5,3,3,103,25,0.5,0.5,0.5,25,0,25,0,0.5,0,0,25,0.0,0.0,1.0
primary_step_5,5,xy_history_s5,3,4,103,25,0.5,0.5,0.5,25,0,25,0,0.5,0,0,25,0.0,0.0,1.0
primary_step_5,5,xy_history_s5,4,0,102,26,0.5,0.5,0.5,26,0,26,0,0.5,0,0,26,0.0,0.0,1.0
primary_step_5,5,xy_history_s5,4,1,102,26,0.5,0.5,0.5,26,0,26,0,0.5,0,0,26,0.0,0.0,1.0
primary_step_5,5,xy_history_s5,4,2,102,26,0.5,0.5,0.5,26,0,26,0,0.5,0,0,26,0.0,0.0,1.0
primary_step_5,5,xy_history_s5,4,3,103,25,0.5,0.5,0.5,25,0,25,0,0.5,0,0,25,0.0,0.0,1.0
primary_step_5,5,xy_history_s5,4,4,103,25,0.52,0.52,0.5072,13,13,12,12,0.68,17,8,0,0.007346938775510217,0.02040816326530612,0.10775214433670044
primary_step_5,5,position_proprio_history_s5,0,0,102,26,0.5,0.5,0.5,26,0,26,0,0.5,0,0,26,0.0,0.0,1.0
primary_step_5,5,position_proprio_history_s5,0,1,102,26,0.5,0.5,0.5133136094674556,13,13,13,13,0.8461538461538461,22,4,0,0.013574660633484167,0.019607843137254888,0.0005335211753845215
primary_step_5,5,position_proprio_history_s5,0,2,102,26,0.5,0.5,0.5,26,0,26,0,0.5,0,0,26,0.0,0.0,1.0
primary_step_5,5,position_proprio_history_s5,0,3,103,25,0.5,0.5,0.5,25,0,25,0,0.5,0,0,25,0.0,0.0,1.0
primary_step_5,5,position_proprio_history_s5,0,4,103,25,0.5,0.5,0.5,25,0,25,0,0.5,0,0,25,0.0,0.0,1.0
primary_step_5,5,position_proprio_history_s5,1,0,102,26,0.5,0.5,0.5103550295857988,13,13,13,13,0.7692307692307693,20,6,0,0.010558069381598784,0.019607843137254888,0.009355306625366211
primary_step_5,5,position_proprio_history_s5,1,1,102,26,0.5,0.5,0.5118343195266272,13,13,13,13,0.8076923076923077,21,5,0,0.012066365007541466,0.019607843137254888,0.002493917942047119
primary_step_5,5,position_proprio_history_s5,1,2,102,26,0.5,0.5,0.5,26,0,26,0,0.5,0,0,26,0.0,0.0,1.0
primary_step_5,5,position_proprio_history_s5,1,3,103,25,0.5,0.5,0.5,25,0,25,0,0.5,0,0,25,0.0,0.0,1.0
primary_step_5,5,position_proprio_history_s5,1,4,103,25,0.5,0.5,0.5,25,0,25,0,0.5,0,0,25,0.0,0.0,1.0
primary_step_5,5,position_proprio_history_s5,2,0,102,26,0.5,0.5,0.5,26,0,26,0,0.5,0,0,26,0.0,0.0,1.0
primary_step_5,5,position_proprio_history_s5,2,1,102,26,0.5,0.5,0.5088757396449705,13,13,13,13,0.7307692307692307,19,7,0,0.00904977375565612,0.019607843137254888,0.028959274291992188
primary_step_5,5,position_proprio_history_s5,2,2,102,26,0.5,0.5,0.5,26,0,26,0,0.5,0,0,26,0.0,0.0,1.0
primary_step_5,5,position_proprio_history_s5,2,3,103,25,0.5,0.5,0.5,25,0,25,0,0.5,0,0,25,0.0,0.0,1.0
primary_step_5,5,position_proprio_history_s5,2,4,103,25,0.5,0.5,0.5,25,0,25,0,0.5,0,0,25,0.0,0.0,1.0
primary_step_5,5,position_proprio_history_s5,3,0,102,26,0.5,0.5,0.5,26,0,26,0,0.5,0,0,26,0.0,0.0,1.0
primary_step_5,5,position_proprio_history_s5,3,1,102,26,0.5,0.5,0.5,26,0,26,0,0.5,0,0,26,0.0,0.0,1.0
primary_step_5,5,position_proprio_history_s5,3,2,102,26,0.5,0.5,0.5,26,0,26,0,0.5,0,0,26,0.0,0.0,1.0
primary_step_5,5,position_proprio_history_s5,3,3,103,25,0.5,0.5,0.5,25,0,25,0,0.5,0,0,25,0.0,0.0,1.0
primary_step_5,5,position_proprio_history_s5,3,4,103,25,0.5,0.5,0.5,25,0,25,0,0.5,0,0,25,0.0,0.0,1.0
primary_step_5,5,position_proprio_history_s5,4,0,102,26,0.5,0.5,0.5,26,0,26,0,0.5,0,0,26,0.0,0.0,1.0
primary_step_5,5,position_proprio_history_s5,4,1,102,26,0.5,0.5,0.5,26,0,26,0,0.5,0,0,26,0.0,0.0,1.0
primary_step_5,5,position_proprio_history_s5,4,2,102,26,0.5,0.5,0.5,26,0,26,0,0.5,0,0,26,0.0,0.0,1.0
primary_step_5,5,position_proprio_history_s5,4,3,103,25,0.5,0.5,0.5,25,0,25,0,0.5,0,0,25,0.0,0.0,1.0
primary_step_5,5,position_proprio_history_s5,4,4,103,25,0.52,0.52,0.5072,13,13,12,12,0.68,17,8,0,0.007346938775510217,0.02040816326530612,0.10775214433670044
primary_step_5,5,causal_fd_history_s5,0,0,102,26,1.0,1.0,1.0,26,26,0,0,1.0,26,0,0,0.5098039215686275,0.49019607843137253,2.9802322387695312e-08
primary_step_5,5,causal_fd_history_s5,0,1,102,26,0.9615384615384616,0.9615384615384616,0.9822485207100592,25,25,1,1,1.0,26,0,0,0.49170437405731526,0.4411764705882353,2.9802322387695312e-08
primary_step_5,5,causal_fd_history_s5,0,2,102,26,0.9615384615384616,0.9615384615384616,0.9985207100591716,25,25,1,1,1.0,26,0,0,0.5082956259426847,0.5,2.9802322387695312e-08
primary_step_5,5,causal_fd_history_s5,0,3,103,25,1.0,1.0,1.0,25,25,0,0,1.0,25,0,0,0.5102040816326532,0.5102040816326531,5.960464477539063e-08
primary_step_5,5,causal_fd_history_s5,0,4,103,25,0.92,0.92,0.9536,23,23,2,2,0.96,24,1,0,0.4628571428571428,0.46938775510204084,1.5497207641601562e-06
primary_step_5,5,causal_fd_history_s5,1,0,102,26,0.9615384615384616,0.9615384615384616,0.9940828402366864,25,25,1,1,1.0,26,0,0,0.5037707390648567,0.5,2.9802322387695312e-08
primary_step_5,5,causal_fd_history_s5,1,1,102,26,0.9230769230769231,0.9230769230769231,0.9452662721893491,24,24,2,2,1.0,26,0,0,0.45399698340874806,0.4411764705882353,2.9802322387695312e-08
primary_step_5,5,causal_fd_history_s5,1,2,102,26,1.0,1.0,1.0,26,26,0,0,1.0,26,0,0,0.5098039215686274,0.5294117647058824,2.9802322387695312e-08
primary_step_5,5,causal_fd_history_s5,1,3,103,25,0.96,0.96,0.992,24,24,1,1,1.0,25,0,0,0.5020408163265306,0.4693877551020408,5.960464477539063e-08
primary_step_5,5,causal_fd_history_s5,1,4,103,25,0.96,0.96,0.9984,24,24,1,1,1.0,25,0,0,0.5085714285714286,0.4897959183673469,5.960464477539063e-08
primary_step_5,5,causal_fd_history_s5,2,0,102,26,1.0,1.0,1.0,26,26,0,0,1.0,26,0,0,0.5098039215686274,0.5490196078431372,2.9802322387695312e-08
primary_step_5,5,causal_fd_history_s5,2,1,102,26,0.9230769230769231,0.9230769230769231,0.9541420118343196,24,24,2,2,1.0,26,0,0,0.46304675716440424,0.42156862745098045,2.9802322387695312e-08
primary_step_5,5,causal_fd_history_s5,2,2,102,26,1.0,1.0,1.0,26,26,0,0,1.0,26,0,0,0.5098039215686273,0.5490196078431372,2.9802322387695312e-08
primary_step_5,5,causal_fd_history_s5,2,3,103,25,1.0,1.0,1.0,25,25,0,0,1.0,25,0,0,0.5102040816326531,0.4897959183673469,5.960464477539063e-08
primary_step_5,5,causal_fd_history_s5,2,4,103,25,1.0,1.0,1.0,25,25,0,0,1.0,25,0,0,0.5102040816326531,0.510204081632653,5.960464477539063e-08
primary_step_5,5,causal_fd_history_s5,3,0,102,26,0.9615384615384616,0.9615384615384616,0.9615384615384616,25,25,1,1,0.9615384615384616,25,1,0,0.4705882352941177,0.5588235294117647,8.046627044677734e-07
primary_step_5,5,causal_fd_history_s5,3,1,102,26,0.9615384615384616,0.9615384615384616,0.9985207100591716,25,25,1,1,1.0,26,0,0,0.5082956259426847,0.4901960784313726,2.9802322387695312e-08
primary_step_5,5,causal_fd_history_s5,3,2,102,26,1.0,1.0,1.0,26,26,0,0,1.0,26,0,0,0.5098039215686274,0.5,2.9802322387695312e-08
primary_step_5,5,causal_fd_history_s5,3,3,103,25,0.96,0.96,0.9968,24,24,1,1,1.0,25,0,0,0.506938775510204,0.489795918367347,5.960464477539063e-08
primary_step_5,5,causal_fd_history_s5,3,4,103,25,0.96,0.96,0.984,24,24,1,1,1.0,25,0,0,0.49387755102040815,0.4897959183673469,5.960464477539063e-08
primary_step_5,5,causal_fd_history_s5,4,0,102,26,0.9615384615384616,0.9615384615384616,0.977810650887574,25,25,1,1,1.0,26,0,0,0.48717948717948717,0.49999999999999994,2.9802322387695312e-08
primary_step_5,5,causal_fd_history_s5,4,1,102,26,0.9615384615384616,0.9615384615384616,0.9985207100591716,25,25,1,1,1.0,26,0,0,0.5082956259426847,0.5,2.9802322387695312e-08
primary_step_5,5,causal_fd_history_s5,4,2,102,26,0.9615384615384616,0.9615384615384616,0.9940828402366864,25,25,1,1,1.0,26,0,0,0.5037707390648567,0.5196078431372548,2.9802322387695312e-08
primary_step_5,5,causal_fd_history_s5,4,3,103,25,0.96,0.96,0.9792,24,24,1,1,0.96,24,1,0,0.48897959183673473,0.4693877551020408,1.5497207641601562e-06
primary_step_5,5,causal_fd_history_s5,4,4,103,25,1.0,1.0,1.0,25,25,0,0,1.0,25,0,0,0.5102040816326531,0.4897959183673469,5.960464477539063e-08
primary_step_5,5,model_x_v2_s5,0,0,102,26,0.5,0.5,0.5,26,0,26,0,0.5,0,0,26,0.0,0.0,1.0
primary_step_5,5,model_x_v2_s5,0,1,102,26,0.5,0.5,0.5133136094674556,13,13,13,13,0.8461538461538461,22,4,0,0.013574660633484167,0.019607843137254888,0.0005335211753845215
primary_step_5,5,model_x_v2_s5,0,2,102,26,0.5,0.5,0.5,26,0,26,0,0.5,0,0,26,0.0,0.0,1.0
primary_step_5,5,model_x_v2_s5,0,3,103,25,0.5,0.5,0.5,25,0,25,0,0.5,0,0,25,0.0,0.0,1.0
primary_step_5,5,model_x_v2_s5,0,4,103,25,0.5,0.5,0.5,25,0,25,0,0.5,0,0,25,0.0,0.0,1.0
primary_step_5,5,model_x_v2_s5,1,0,102,26,0.5,0.5,0.5103550295857988,13,13,13,13,0.7692307692307693,20,6,0,0.010558069381598784,0.019607843137254888,0.009355306625366211
primary_step_5,5,model_x_v2_s5,1,1,102,26,0.5,0.5,0.5118343195266272,13,13,13,13,0.8076923076923077,21,5,0,0.012066365007541466,0.019607843137254888,0.002493917942047119
primary_step_5,5,model_x_v2_s5,1,2,102,26,0.5,0.5,0.5,26,0,26,0,0.5,0,0,26,0.0,0.0,1.0
primary_step_5,5,model_x_v2_s5,1,3,103,25,0.5,0.5,0.5,25,0,25,0,0.5,0,0,25,0.0,0.0,1.0
primary_step_5,5,model_x_v2_s5,1,4,103,25,0.5,0.5,0.5,25,0,25,0,0.5,0,0,25,0.0,0.0,1.0
primary_step_5,5,model_x_v2_s5,2,0,102,26,0.5,0.5,0.5,26,0,26,0,0.5,0,0,26,0.0,0.0,1.0
primary_step_5,5,model_x_v2_s5,2,1,102,26,0.5,0.5,0.5088757396449705,13,13,13,13,0.7307692307692307,19,7,0,0.00904977375565612,0.019607843137254888,0.028959274291992188
primary_step_5,5,model_x_v2_s5,2,2,102,26,0.5,0.5,0.5,26,0,26,0,0.5,0,0,26,0.0,0.0,1.0
primary_step_5,5,model_x_v2_s5,2,3,103,25,0.5,0.5,0.5,25,0,25,0,0.5,0,0,25,0.0,0.0,1.0
primary_step_5,5,model_x_v2_s5,2,4,103,25,0.5,0.5,0.5,25,0,25,0,0.5,0,0,25,0.0,0.0,1.0
primary_step_5,5,model_x_v2_s5,3,0,102,26,0.5,0.5,0.5,26,0,26,0,0.5,0,0,26,0.0,0.0,1.0
primary_step_5,5,model_x_v2_s5,3,1,102,26,0.5,0.5,0.5,26,0,26,0,0.5,0,0,26,0.0,0.0,1.0
primary_step_5,5,model_x_v2_s5,3,2,102,26,0.5,0.5,0.5,26,0,26,0,0.5,0,0,26,0.0,0.0,1.0
primary_step_5,5,model_x_v2_s5,3,3,103,25,0.5,0.5,0.5,25,0,25,0,0.5,0,0,25,0.0,0.0,1.0
primary_step_5,5,model_x_v2_s5,3,4,103,25,0.5,0.5,0.5,25,0,25,0,0.5,0,0,25,0.0,0.0,1.0
primary_step_5,5,model_x_v2_s5,4,0,102,26,0.5,0.5,0.5,26,0,26,0,0.5,0,0,26,0.0,0.0,1.0
primary_step_5,5,model_x_v2_s5,4,1,102,26,0.5,0.5,0.5,26,0,26,0,0.5,0,0,26,0.0,0.0,1.0
primary_step_5,5,model_x_v2_s5,4,2,102,26,0.5,0.5,0.5,26,0,26,0,0.5,0,0,26,0.0,0.0,1.0
primary_step_5,5,model_x_v2_s5,4,3,103,25,0.5,0.5,0.5,25,0,25,0,0.5,0,0,25,0.0,0.0,1.0
primary_step_5,5,model_x_v2_s5,4,4,103,25,0.52,0.52,0.5072,13,13,12,12,0.68,17,8,0,0.007346938775510217,0.02040816326530612,0.10775214433670044
primary_step_5,5,privileged_model_x_v1_s5,0,0,102,26,0.9615384615384616,0.9615384615384616,0.9659763313609467,25,25,1,1,0.9615384615384616,25,1,0,0.4751131221719457,0.47058823529411764,8.046627044677734e-07
primary_step_5,5,privileged_model_x_v1_s5,0,1,102,26,0.7307692307692307,0.7307692307692307,0.8579881656804734,19,19,7,7,0.8076923076923077,21,5,0,0.36500754147812964,0.392156862745098,0.002493917942047119
primary_step_5,5,privileged_model_x_v1_s5,0,2,102,26,0.9615384615384616,0.9615384615384616,0.9763313609467456,25,25,1,1,0.9615384615384616,25,1,0,0.4856711915535445,0.49019607843137253,8.046627044677734e-07
primary_step_5,5,privileged_model_x_v1_s5,0,3,103,25,0.8,0.8,0.8896,20,20,5,5,1.0,25,0,0,0.39755102040816326,0.38775510204081637,5.960464477539063e-08
primary_step_5,5,privileged_model_x_v1_s5,0,4,103,25,0.8,0.8,0.8608,20,20,5,5,0.88,22,3,0,0.3681632653061224,0.32653061224489793,0.00015652179718017578
primary_step_5,5,privileged_model_x_v1_s5,1,0,102,26,0.8461538461538461,0.8461538461538461,0.8831360946745562,22,22,4,4,0.9230769230769231,24,2,0,0.39064856711915535,0.37254901960784315,1.049041748046875e-05
primary_step_5,5,privileged_model_x_v1_s5,1,1,102,26,0.8461538461538461,0.8461538461538461,0.8890532544378699,22,22,4,4,0.9230769230769231,24,2,0,0.39668174962292607,0.37254901960784315,1.049041748046875e-05
primary_step_5,5,privileged_model_x_v1_s5,1,2,102,26,0.8846153846153846,0.8846153846153846,0.9497041420118343,23,23,3,3,1.0,26,0,0,0.4585218702865762,0.5,2.9802322387695312e-08
primary_step_5,5,privileged_model_x_v1_s5,1,3,103,25,0.84,0.84,0.9408,21,21,4,4,0.92,23,2,0,0.449795918367347,0.40816326530612246,1.9431114196777344e-05
primary_step_5,5,privileged_model_x_v1_s5,1,4,103,25,0.84,0.84,0.9024,21,21,4,4,0.96,24,1,0,0.41061224489795917,0.3877551020408163,1.5497207641601562e-06
primary_step_5,5,privileged_model_x_v1_s5,2,0,102,26,0.8461538461538461,0.8461538461538461,0.8594674556213018,22,22,4,4,0.9615384615384616,25,1,0,0.3665158371040724,0.38235294117647056,8.046627044677734e-07
primary_step_5,5,privileged_model_x_v1_s5,2,1,102,26,0.8461538461538461,0.8461538461538461,0.8890532544378699,22,22,4,4,1.0,26,0,0,0.39668174962292607,0.3333333333333333,2.9802322387695312e-08
primary_step_5,5,privileged_model_x_v1_s5,2,2,102,26,0.8846153846153846,0.8846153846153846,0.9689349112426036,23,23,3,3,1.0,26,0,0,0.4781297134238311,0.4901960784313726,2.9802322387695312e-08
primary_step_5,5,privileged_model_x_v1_s5,2,3,103,25,0.88,0.88,0.9296,22,22,3,3,0.96,24,1,0,0.43836734693877555,0.42857142857142855,1.5497207641601562e-06
primary_step_5,5,privileged_model_x_v1_s5,2,4,103,25,0.88,0.88,0.9632,22,22,3,3,0.96,24,1,0,0.47265306122448986,0.5306122448979591,1.5497207641601562e-06
primary_step_5,5,privileged_model_x_v1_s5,3,0,102,26,0.8461538461538461,0.8461538461538461,0.8875739644970414,22,22,4,4,0.9230769230769231,24,2,0,0.3951734539969834,0.37254901960784315,1.049041748046875e-05
primary_step_5,5,privileged_model_x_v1_s5,3,1,102,26,0.8461538461538461,0.8461538461538461,0.9319526627218935,22,22,4,4,1.0,26,0,0,0.4404223227752639,0.4509803921568628,2.9802322387695312e-08
primary_step_5,5,privileged_model_x_v1_s5,3,2,102,26,0.8846153846153846,0.8846153846153846,0.9201183431952663,23,23,3,3,0.9230769230769231,24,2,0,0.42835595776772245,0.4607843137254902,1.049041748046875e-05
primary_step_5,5,privileged_model_x_v1_s5,3,3,103,25,0.92,0.92,0.9648,23,23,2,2,0.96,24,1,0,0.4742857142857143,0.5714285714285715,1.5497207641601562e-06
primary_step_5,5,privileged_model_x_v1_s5,3,4,103,25,0.8,0.8,0.8544,20,20,5,5,0.96,24,1,0,0.36163265306122455,0.2653061224489796,1.5497207641601562e-06
primary_step_5,5,privileged_model_x_v1_s5,4,0,102,26,0.8461538461538461,0.8461538461538461,0.8979289940828402,22,22,4,4,1.0,26,0,0,0.4057315233785822,0.39215686274509803,2.9802322387695312e-08
primary_step_5,5,privileged_model_x_v1_s5,4,1,102,26,0.8846153846153846,0.8846153846153846,0.9112426035502958,23,23,3,3,0.8846153846153846,23,3,0,0.4193061840120664,0.4509803921568627,8.797645568847656e-05
primary_step_5,5,privileged_model_x_v1_s5,4,2,102,26,0.8076923076923077,0.8076923076923077,0.9201183431952663,21,21,5,5,0.9615384615384616,25,1,0,0.4283559577677224,0.38235294117647056,8.046627044677734e-07
primary_step_5,5,privileged_model_x_v1_s5,4,3,103,25,0.88,0.88,0.936,22,22,3,3,1.0,25,0,0,0.4448979591836735,0.3877551020408163,5.960464477539063e-08
primary_step_5,5,privileged_model_x_v1_s5,4,4,103,25,0.84,0.84,0.9184,21,21,4,4,0.92,23,2,0,0.42693877551020415,0.32653061224489793,1.9431114196777344e-05
primary_step_5,5,xy_history_s10,0,0,102,26,0.5,0.5,0.5,26,0,26,0,0.5,0,0,26,0.0,0.0,1.0
primary_step_5,5,xy_history_s10,0,1,102,26,0.5,0.5,0.5133136094674556,13,13,13,13,0.8461538461538461,22,4,0,0.013574660633484167,0.019607843137254888,0.0005335211753845215
primary_step_5,5,xy_history_s10,0,2,102,26,0.5,0.5,0.5,26,0,26,0,0.5,0,0,26,0.0,0.0,1.0
primary_step_5,5,xy_history_s10,0,3,103,25,0.5,0.5,0.5,25,0,25,0,0.5,0,0,25,0.0,0.0,1.0
primary_step_5,5,xy_history_s10,0,4,103,25,0.5,0.5,0.5,25,0,25,0,0.5,0,0,25,0.0,0.0,1.0
primary_step_5,5,xy_history_s10,1,0,102,26,0.5,0.5,0.5103550295857988,13,13,13,13,0.7692307692307693,20,6,0,0.010558069381598784,0.019607843137254888,0.009355306625366211
primary_step_5,5,xy_history_s10,1,1,102,26,0.5,0.5,0.5118343195266272,13,13,13,13,0.8076923076923077,21,5,0,0.012066365007541466,0.019607843137254888,0.002493917942047119
primary_step_5,5,xy_history_s10,1,2,102,26,0.5,0.5,0.5,26,0,26,0,0.5,0,0,26,0.0,0.0,1.0
primary_step_5,5,xy_history_s10,1,3,103,25,0.5,0.5,0.5,25,0,25,0,0.5,0,0,25,0.0,0.0,1.0
primary_step_5,5,xy_history_s10,1,4,103,25,0.5,0.5,0.5,25,0,25,0,0.5,0,0,25,0.0,0.0,1.0
primary_step_5,5,xy_history_s10,2,0,102,26,0.5,0.5,0.5,26,0,26,0,0.5,0,0,26,0.0,0.0,1.0
primary_step_5,5,xy_history_s10,2,1,102,26,0.5,0.5,0.5088757396449705,13,13,13,13,0.7307692307692307,19,7,0,0.00904977375565612,0.019607843137254888,0.028959274291992188
primary_step_5,5,xy_history_s10,2,2,102,26,0.5,0.5,0.5,26,0,26,0,0.5,0,0,26,0.0,0.0,1.0
primary_step_5,5,xy_history_s10,2,3,103,25,0.5,0.5,0.5,25,0,25,0,0.5,0,0,25,0.0,0.0,1.0
primary_step_5,5,xy_history_s10,2,4,103,25,0.5,0.5,0.5,25,0,25,0,0.5,0,0,25,0.0,0.0,1.0
primary_step_5,5,xy_history_s10,3,0,102,26,0.5,0.5,0.5,26,0,26,0,0.5,0,0,26,0.0,0.0,1.0
primary_step_5,5,xy_history_s10,3,1,102,26,0.5,0.5,0.5,26,0,26,0,0.5,0,0,26,0.0,0.0,1.0
primary_step_5,5,xy_history_s10,3,2,102,26,0.5,0.5,0.5,26,0,26,0,0.5,0,0,26,0.0,0.0,1.0
primary_step_5,5,xy_history_s10,3,3,103,25,0.5,0.5,0.5,25,0,25,0,0.5,0,0,25,0.0,0.0,1.0
primary_step_5,5,xy_history_s10,3,4,103,25,0.5,0.5,0.5,25,0,25,0,0.5,0,0,25,0.0,0.0,1.0
primary_step_5,5,xy_history_s10,4,0,102,26,0.5,0.5,0.5,26,0,26,0,0.5,0,0,26,0.0,0.0,1.0
primary_step_5,5,xy_history_s10,4,1,102,26,0.5,0.5,0.5,26,0,26,0,0.5,0,0,26,0.0,0.0,1.0
primary_step_5,5,xy_history_s10,4,2,102,26,0.5,0.5,0.5,26,0,26,0,0.5,0,0,26,0.0,0.0,1.0
primary_step_5,5,xy_history_s10,4,3,103,25,0.5,0.5,0.5,25,0,25,0,0.5,0,0,25,0.0,0.0,1.0
primary_step_5,5,xy_history_s10,4,4,103,25,0.52,0.52,0.5072,13,13,12,12,0.68,17,8,0,0.007346938775510217,0.02040816326530612,0.10775214433670044
primary_step_5,5,position_proprio_history_s10,0,0,102,26,0.5,0.5,0.5,26,0,26,0,0.5,0,0,26,0.0,0.0,1.0
primary_step_5,5,position_proprio_history_s10,0,1,102,26,0.5,0.5,0.5133136094674556,13,13,13,13,0.8461538461538461,22,4,0,0.013574660633484167,0.019607843137254888,0.0005335211753845215
primary_step_5,5,position_proprio_history_s10,0,2,102,26,0.5,0.5,0.5,26,0,26,0,0.5,0,0,26,0.0,0.0,1.0
primary_step_5,5,position_proprio_history_s10,0,3,103,25,0.5,0.5,0.5,25,0,25,0,0.5,0,0,25,0.0,0.0,1.0
primary_step_5,5,position_proprio_history_s10,0,4,103,25,0.5,0.5,0.5,25,0,25,0,0.5,0,0,25,0.0,0.0,1.0
primary_step_5,5,position_proprio_history_s10,1,0,102,26,0.5,0.5,0.5103550295857988,13,13,13,13,0.7692307692307693,20,6,0,0.010558069381598784,0.019607843137254888,0.009355306625366211
primary_step_5,5,position_proprio_history_s10,1,1,102,26,0.5,0.5,0.5118343195266272,13,13,13,13,0.8076923076923077,21,5,0,0.012066365007541466,0.019607843137254888,0.002493917942047119
primary_step_5,5,position_proprio_history_s10,1,2,102,26,0.5,0.5,0.5,26,0,26,0,0.5,0,0,26,0.0,0.0,1.0
primary_step_5,5,position_proprio_history_s10,1,3,103,25,0.5,0.5,0.5,25,0,25,0,0.5,0,0,25,0.0,0.0,1.0
primary_step_5,5,position_proprio_history_s10,1,4,103,25,0.5,0.5,0.5,25,0,25,0,0.5,0,0,25,0.0,0.0,1.0
primary_step_5,5,position_proprio_history_s10,2,0,102,26,0.5,0.5,0.5,26,0,26,0,0.5,0,0,26,0.0,0.0,1.0
primary_step_5,5,position_proprio_history_s10,2,1,102,26,0.5,0.5,0.5088757396449705,13,13,13,13,0.7307692307692307,19,7,0,0.00904977375565612,0.019607843137254888,0.028959274291992188
primary_step_5,5,position_proprio_history_s10,2,2,102,26,0.5,0.5,0.5,26,0,26,0,0.5,0,0,26,0.0,0.0,1.0
primary_step_5,5,position_proprio_history_s10,2,3,103,25,0.5,0.5,0.5,25,0,25,0,0.5,0,0,25,0.0,0.0,1.0
primary_step_5,5,position_proprio_history_s10,2,4,103,25,0.5,0.5,0.5,25,0,25,0,0.5,0,0,25,0.0,0.0,1.0
primary_step_5,5,position_proprio_history_s10,3,0,102,26,0.5,0.5,0.5,26,0,26,0,0.5,0,0,26,0.0,0.0,1.0
primary_step_5,5,position_proprio_history_s10,3,1,102,26,0.5,0.5,0.5,26,0,26,0,0.5,0,0,26,0.0,0.0,1.0
primary_step_5,5,position_proprio_history_s10,3,2,102,26,0.5,0.5,0.5,26,0,26,0,0.5,0,0,26,0.0,0.0,1.0
primary_step_5,5,position_proprio_history_s10,3,3,103,25,0.5,0.5,0.5,25,0,25,0,0.5,0,0,25,0.0,0.0,1.0
primary_step_5,5,position_proprio_history_s10,3,4,103,25,0.5,0.5,0.5,25,0,25,0,0.5,0,0,25,0.0,0.0,1.0
primary_step_5,5,position_proprio_history_s10,4,0,102,26,0.5,0.5,0.5,26,0,26,0,0.5,0,0,26,0.0,0.0,1.0
primary_step_5,5,position_proprio_history_s10,4,1,102,26,0.5,0.5,0.5,26,0,26,0,0.5,0,0,26,0.0,0.0,1.0
primary_step_5,5,position_proprio_history_s10,4,2,102,26,0.5,0.5,0.5,26,0,26,0,0.5,0,0,26,0.0,0.0,1.0
primary_step_5,5,position_proprio_history_s10,4,3,103,25,0.5,0.5,0.5,25,0,25,0,0.5,0,0,25,0.0,0.0,1.0
primary_step_5,5,position_proprio_history_s10,4,4,103,25,0.52,0.52,0.5072,13,13,12,12,0.68,17,8,0,0.007346938775510217,0.02040816326530612,0.10775214433670044
primary_step_5,5,causal_fd_history_s10,0,0,102,26,1.0,1.0,1.0,26,26,0,0,1.0,26,0,0,0.5098039215686275,0.49019607843137253,2.9802322387695312e-08
primary_step_5,5,causal_fd_history_s10,0,1,102,26,0.9615384615384616,0.9615384615384616,0.9822485207100592,25,25,1,1,1.0,26,0,0,0.49170437405731526,0.4411764705882353,2.9802322387695312e-08
primary_step_5,5,causal_fd_history_s10,0,2,102,26,0.9615384615384616,0.9615384615384616,0.9985207100591716,25,25,1,1,1.0,26,0,0,0.5082956259426847,0.5,2.9802322387695312e-08
primary_step_5,5,causal_fd_history_s10,0,3,103,25,1.0,1.0,1.0,25,25,0,0,1.0,25,0,0,0.5102040816326532,0.5102040816326531,5.960464477539063e-08
primary_step_5,5,causal_fd_history_s10,0,4,103,25,0.92,0.92,0.9536,23,23,2,2,0.96,24,1,0,0.4628571428571428,0.46938775510204084,1.5497207641601562e-06
primary_step_5,5,causal_fd_history_s10,1,0,102,26,0.9615384615384616,0.9615384615384616,0.9940828402366864,25,25,1,1,1.0,26,0,0,0.5037707390648567,0.5,2.9802322387695312e-08
primary_step_5,5,causal_fd_history_s10,1,1,102,26,0.9230769230769231,0.9230769230769231,0.9452662721893491,24,24,2,2,1.0,26,0,0,0.45399698340874806,0.4411764705882353,2.9802322387695312e-08
primary_step_5,5,causal_fd_history_s10,1,2,102,26,1.0,1.0,1.0,26,26,0,0,1.0,26,0,0,0.5098039215686274,0.5294117647058824,2.9802322387695312e-08
primary_step_5,5,causal_fd_history_s10,1,3,103,25,0.96,0.96,0.992,24,24,1,1,1.0,25,0,0,0.5020408163265306,0.4693877551020408,5.960464477539063e-08
primary_step_5,5,causal_fd_history_s10,1,4,103,25,0.96,0.96,0.9984,24,24,1,1,1.0,25,0,0,0.5085714285714286,0.4897959183673469,5.960464477539063e-08
primary_step_5,5,causal_fd_history_s10,2,0,102,26,1.0,1.0,1.0,26,26,0,0,1.0,26,0,0,0.5098039215686274,0.5490196078431372,2.9802322387695312e-08
primary_step_5,5,causal_fd_history_s10,2,1,102,26,0.9230769230769231,0.9230769230769231,0.9541420118343196,24,24,2,2,1.0,26,0,0,0.46304675716440424,0.42156862745098045,2.9802322387695312e-08
primary_step_5,5,causal_fd_history_s10,2,2,102,26,1.0,1.0,1.0,26,26,0,0,1.0,26,0,0,0.5098039215686273,0.5490196078431372,2.9802322387695312e-08
primary_step_5,5,causal_fd_history_s10,2,3,103,25,1.0,1.0,1.0,25,25,0,0,1.0,25,0,0,0.5102040816326531,0.4897959183673469,5.960464477539063e-08
primary_step_5,5,causal_fd_history_s10,2,4,103,25,1.0,1.0,1.0,25,25,0,0,1.0,25,0,0,0.5102040816326531,0.510204081632653,5.960464477539063e-08
primary_step_5,5,causal_fd_history_s10,3,0,102,26,0.9615384615384616,0.9615384615384616,0.9615384615384616,25,25,1,1,0.9615384615384616,25,1,0,0.4705882352941177,0.5588235294117647,8.046627044677734e-07
primary_step_5,5,causal_fd_history_s10,3,1,102,26,0.9615384615384616,0.9615384615384616,0.9985207100591716,25,25,1,1,1.0,26,0,0,0.5082956259426847,0.4901960784313726,2.9802322387695312e-08
primary_step_5,5,causal_fd_history_s10,3,2,102,26,1.0,1.0,1.0,26,26,0,0,1.0,26,0,0,0.5098039215686274,0.5,2.9802322387695312e-08
primary_step_5,5,causal_fd_history_s10,3,3,103,25,0.96,0.96,0.9968,24,24,1,1,1.0,25,0,0,0.506938775510204,0.489795918367347,5.960464477539063e-08
primary_step_5,5,causal_fd_history_s10,3,4,103,25,0.96,0.96,0.984,24,24,1,1,1.0,25,0,0,0.49387755102040815,0.4897959183673469,5.960464477539063e-08
primary_step_5,5,causal_fd_history_s10,4,0,102,26,0.9615384615384616,0.9615384615384616,0.977810650887574,25,25,1,1,1.0,26,0,0,0.48717948717948717,0.49999999999999994,2.9802322387695312e-08
primary_step_5,5,causal_fd_history_s10,4,1,102,26,0.9615384615384616,0.9615384615384616,0.9985207100591716,25,25,1,1,1.0,26,0,0,0.5082956259426847,0.5,2.9802322387695312e-08
primary_step_5,5,causal_fd_history_s10,4,2,102,26,0.9615384615384616,0.9615384615384616,0.9940828402366864,25,25,1,1,1.0,26,0,0,0.5037707390648567,0.5196078431372548,2.9802322387695312e-08
primary_step_5,5,causal_fd_history_s10,4,3,103,25,0.96,0.96,0.9792,24,24,1,1,0.96,24,1,0,0.48897959183673473,0.4693877551020408,1.5497207641601562e-06
primary_step_5,5,causal_fd_history_s10,4,4,103,25,1.0,1.0,1.0,25,25,0,0,1.0,25,0,0,0.5102040816326531,0.4897959183673469,5.960464477539063e-08
primary_step_5,5,model_x_v2_s10,0,0,102,26,0.5,0.5,0.5,26,0,26,0,0.5,0,0,26,0.0,0.0,1.0
primary_step_5,5,model_x_v2_s10,0,1,102,26,0.5,0.5,0.5133136094674556,13,13,13,13,0.8461538461538461,22,4,0,0.013574660633484167,0.019607843137254888,0.0005335211753845215
primary_step_5,5,model_x_v2_s10,0,2,102,26,0.5,0.5,0.5,26,0,26,0,0.5,0,0,26,0.0,0.0,1.0
primary_step_5,5,model_x_v2_s10,0,3,103,25,0.5,0.5,0.5,25,0,25,0,0.5,0,0,25,0.0,0.0,1.0
primary_step_5,5,model_x_v2_s10,0,4,103,25,0.5,0.5,0.5,25,0,25,0,0.5,0,0,25,0.0,0.0,1.0
primary_step_5,5,model_x_v2_s10,1,0,102,26,0.5,0.5,0.5103550295857988,13,13,13,13,0.7692307692307693,20,6,0,0.010558069381598784,0.019607843137254888,0.009355306625366211
primary_step_5,5,model_x_v2_s10,1,1,102,26,0.5,0.5,0.5118343195266272,13,13,13,13,0.8076923076923077,21,5,0,0.012066365007541466,0.019607843137254888,0.002493917942047119
primary_step_5,5,model_x_v2_s10,1,2,102,26,0.5,0.5,0.5,26,0,26,0,0.5,0,0,26,0.0,0.0,1.0
primary_step_5,5,model_x_v2_s10,1,3,103,25,0.5,0.5,0.5,25,0,25,0,0.5,0,0,25,0.0,0.0,1.0
primary_step_5,5,model_x_v2_s10,1,4,103,25,0.5,0.5,0.5,25,0,25,0,0.5,0,0,25,0.0,0.0,1.0
primary_step_5,5,model_x_v2_s10,2,0,102,26,0.5,0.5,0.5,26,0,26,0,0.5,0,0,26,0.0,0.0,1.0
primary_step_5,5,model_x_v2_s10,2,1,102,26,0.5,0.5,0.5088757396449705,13,13,13,13,0.7307692307692307,19,7,0,0.00904977375565612,0.019607843137254888,0.028959274291992188
primary_step_5,5,model_x_v2_s10,2,2,102,26,0.5,0.5,0.5,26,0,26,0,0.5,0,0,26,0.0,0.0,1.0
primary_step_5,5,model_x_v2_s10,2,3,103,25,0.5,0.5,0.5,25,0,25,0,0.5,0,0,25,0.0,0.0,1.0
primary_step_5,5,model_x_v2_s10,2,4,103,25,0.5,0.5,0.5,25,0,25,0,0.5,0,0,25,0.0,0.0,1.0
primary_step_5,5,model_x_v2_s10,3,0,102,26,0.5,0.5,0.5,26,0,26,0,0.5,0,0,26,0.0,0.0,1.0
primary_step_5,5,model_x_v2_s10,3,1,102,26,0.5,0.5,0.5,26,0,26,0,0.5,0,0,26,0.0,0.0,1.0
primary_step_5,5,model_x_v2_s10,3,2,102,26,0.5,0.5,0.5,26,0,26,0,0.5,0,0,26,0.0,0.0,1.0
primary_step_5,5,model_x_v2_s10,3,3,103,25,0.5,0.5,0.5,25,0,25,0,0.5,0,0,25,0.0,0.0,1.0
primary_step_5,5,model_x_v2_s10,3,4,103,25,0.5,0.5,0.5,25,0,25,0,0.5,0,0,25,0.0,0.0,1.0
primary_step_5,5,model_x_v2_s10,4,0,102,26,0.5,0.5,0.5,26,0,26,0,0.5,0,0,26,0.0,0.0,1.0
primary_step_5,5,model_x_v2_s10,4,1,102,26,0.5,0.5,0.5,26,0,26,0,0.5,0,0,26,0.0,0.0,1.0
primary_step_5,5,model_x_v2_s10,4,2,102,26,0.5,0.5,0.5,26,0,26,0,0.5,0,0,26,0.0,0.0,1.0
primary_step_5,5,model_x_v2_s10,4,3,103,25,0.5,0.5,0.5,25,0,25,0,0.5,0,0,25,0.0,0.0,1.0
primary_step_5,5,model_x_v2_s10,4,4,103,25,0.52,0.52,0.5072,13,13,12,12,0.68,17,8,0,0.007346938775510217,0.02040816326530612,0.10775214433670044
primary_step_5,5,privileged_model_x_v1_s10,0,0,102,26,0.9615384615384616,0.9615384615384616,0.9659763313609467,25,25,1,1,0.9615384615384616,25,1,0,0.4751131221719457,0.47058823529411764,8.046627044677734e-07
primary_step_5,5,privileged_model_x_v1_s10,0,1,102,26,0.7307692307692307,0.7307692307692307,0.8579881656804734,19,19,7,7,0.8076923076923077,21,5,0,0.36500754147812964,0.392156862745098,0.002493917942047119
primary_step_5,5,privileged_model_x_v1_s10,0,2,102,26,0.9615384615384616,0.9615384615384616,0.9763313609467456,25,25,1,1,0.9615384615384616,25,1,0,0.4856711915535445,0.49019607843137253,8.046627044677734e-07
primary_step_5,5,privileged_model_x_v1_s10,0,3,103,25,0.8,0.8,0.8896,20,20,5,5,1.0,25,0,0,0.39755102040816326,0.38775510204081637,5.960464477539063e-08
primary_step_5,5,privileged_model_x_v1_s10,0,4,103,25,0.8,0.8,0.8608,20,20,5,5,0.88,22,3,0,0.3681632653061224,0.32653061224489793,0.00015652179718017578
primary_step_5,5,privileged_model_x_v1_s10,1,0,102,26,0.8461538461538461,0.8461538461538461,0.8831360946745562,22,22,4,4,0.9230769230769231,24,2,0,0.39064856711915535,0.37254901960784315,1.049041748046875e-05
primary_step_5,5,privileged_model_x_v1_s10,1,1,102,26,0.8461538461538461,0.8461538461538461,0.8890532544378699,22,22,4,4,0.9230769230769231,24,2,0,0.39668174962292607,0.37254901960784315,1.049041748046875e-05
primary_step_5,5,privileged_model_x_v1_s10,1,2,102,26,0.8846153846153846,0.8846153846153846,0.9497041420118343,23,23,3,3,1.0,26,0,0,0.4585218702865762,0.5,2.9802322387695312e-08
primary_step_5,5,privileged_model_x_v1_s10,1,3,103,25,0.84,0.84,0.9408,21,21,4,4,0.92,23,2,0,0.449795918367347,0.40816326530612246,1.9431114196777344e-05
primary_step_5,5,privileged_model_x_v1_s10,1,4,103,25,0.84,0.84,0.9024,21,21,4,4,0.96,24,1,0,0.41061224489795917,0.3877551020408163,1.5497207641601562e-06
primary_step_5,5,privileged_model_x_v1_s10,2,0,102,26,0.8461538461538461,0.8461538461538461,0.8594674556213018,22,22,4,4,0.9615384615384616,25,1,0,0.3665158371040724,0.38235294117647056,8.046627044677734e-07
primary_step_5,5,privileged_model_x_v1_s10,2,1,102,26,0.8461538461538461,0.8461538461538461,0.8890532544378699,22,22,4,4,1.0,26,0,0,0.39668174962292607,0.3333333333333333,2.9802322387695312e-08
primary_step_5,5,privileged_model_x_v1_s10,2,2,102,26,0.8846153846153846,0.8846153846153846,0.9689349112426036,23,23,3,3,1.0,26,0,0,0.4781297134238311,0.4901960784313726,2.9802322387695312e-08
primary_step_5,5,privileged_model_x_v1_s10,2,3,103,25,0.88,0.88,0.9296,22,22,3,3,0.96,24,1,0,0.43836734693877555,0.42857142857142855,1.5497207641601562e-06
primary_step_5,5,privileged_model_x_v1_s10,2,4,103,25,0.88,0.88,0.9632,22,22,3,3,0.96,24,1,0,0.47265306122448986,0.5306122448979591,1.5497207641601562e-06
primary_step_5,5,privileged_model_x_v1_s10,3,0,102,26,0.8461538461538461,0.8461538461538461,0.8875739644970414,22,22,4,4,0.9230769230769231,24,2,0,0.3951734539969834,0.37254901960784315,1.049041748046875e-05
primary_step_5,5,privileged_model_x_v1_s10,3,1,102,26,0.8461538461538461,0.8461538461538461,0.9319526627218935,22,22,4,4,1.0,26,0,0,0.4404223227752639,0.4509803921568628,2.9802322387695312e-08
primary_step_5,5,privileged_model_x_v1_s10,3,2,102,26,0.8846153846153846,0.8846153846153846,0.9201183431952663,23,23,3,3,0.9230769230769231,24,2,0,0.42835595776772245,0.4607843137254902,1.049041748046875e-05
primary_step_5,5,privileged_model_x_v1_s10,3,3,103,25,0.92,0.92,0.9648,23,23,2,2,0.96,24,1,0,0.4742857142857143,0.5714285714285715,1.5497207641601562e-06
primary_step_5,5,privileged_model_x_v1_s10,3,4,103,25,0.8,0.8,0.8544,20,20,5,5,0.96,24,1,0,0.36163265306122455,0.2653061224489796,1.5497207641601562e-06
primary_step_5,5,privileged_model_x_v1_s10,4,0,102,26,0.8461538461538461,0.8461538461538461,0.8979289940828402,22,22,4,4,1.0,26,0,0,0.4057315233785822,0.39215686274509803,2.9802322387695312e-08
primary_step_5,5,privileged_model_x_v1_s10,4,1,102,26,0.8846153846153846,0.8846153846153846,0.9112426035502958,23,23,3,3,0.8846153846153846,23,3,0,0.4193061840120664,0.4509803921568627,8.797645568847656e-05
primary_step_5,5,privileged_model_x_v1_s10,4,2,102,26,0.8076923076923077,0.8076923076923077,0.9201183431952663,21,21,5,5,0.9615384615384616,25,1,0,0.4283559577677224,0.38235294117647056,8.046627044677734e-07
primary_step_5,5,privileged_model_x_v1_s10,4,3,103,25,0.88,0.88,0.936,22,22,3,3,1.0,25,0,0,0.4448979591836735,0.3877551020408163,5.960464477539063e-08
primary_step_5,5,privileged_model_x_v1_s10,4,4,103,25,0.84,0.84,0.9184,21,21,4,4,0.92,23,2,0,0.42693877551020415,0.32653061224489793,1.9431114196777344e-05
primary_step_5,5,model_x_v2_s5_noise_00025m,0,0,102,26,0.5384615384615384,0.5384615384615384,0.5192307692307693,14,14,12,12,0.5769230769230769,15,11,0,0.0196078431372549,0.02941176470588234,0.557197093963623
primary_step_5,5,model_x_v2_s5_noise_00025m,0,1,102,26,0.5384615384615384,0.5384615384615384,0.5014792899408284,14,14,12,12,0.46153846153846156,12,14,0,0.001508295625942673,-0.01960784313725486,0.8450189828872681
primary_step_5,5,model_x_v2_s5_noise_00025m,0,2,102,26,0.4230769230769231,0.4230769230769231,0.48372781065088755,11,11,15,15,0.46153846153846156,12,14,0,-0.016591251885369526,-0.019607843137254916,0.8450189828872681
primary_step_5,5,model_x_v2_s5_noise_00025m,0,3,103,25,0.44,0.44,0.4736,11,11,14,14,0.4,10,15,0,-0.026938775510204075,-0.020408163265306145,0.42435622215270996
primary_step_5,5,model_x_v2_s5_noise_00025m,0,4,103,25,0.52,0.52,0.5312,13,13,12,12,0.56,14,11,0,0.03183673469387756,0.061224489795918324,0.6900379657745361
primary_step_5,5,model_x_v2_s5_noise_00025m,1,0,102,26,0.5,0.5,0.45857988165680474,13,13,13,13,0.3076923076923077,8,18,0,-0.042232277526395176,-0.029411764705882373,0.07551869750022888
primary_step_5,5,model_x_v2_s5_noise_00025m,1,1,102,26,0.46153846153846156,0.46153846153846156,0.4896449704142012,12,12,14,14,0.3076923076923077,8,18,0,-0.010558069381598787,-0.02941176470588238,0.07551869750022888
primary_step_5,5,model_x_v2_s5_noise_00025m,1,2,102,26,0.5,0.5,0.47633136094674555,13,13,13,13,0.5384615384615384,14,12,0,-0.024132730015082957,0.019607843137254888,0.8450189828872681
primary_step_5,5,model_x_v2_s5_noise_00025m,1,3,103,25,0.48,0.48,0.4912,12,12,13,13,0.44,11,14,0,-0.008979591836734689,-0.04081632653061226,0.6900379657745361
primary_step_5,5,model_x_v2_s5_noise_00025m,1,4,103,25,0.48,0.48,0.4832,12,12,13,13,0.44,11,14,0,-0.01714285714285714,-0.04081632653061229,0.6900379657745361
primary_step_5,5,model_x_v2_s5_noise_00025m,2,0,102,26,0.5,0.5,0.5488165680473372,13,13,13,13,0.7307692307692307,19,7,0,0.04977375565610858,0.058823529411764684,0.028959274291992188
primary_step_5,5,model_x_v2_s5_noise_00025m,2,1,102,26,0.46153846153846156,0.46153846153846156,0.492603550295858,12,12,14,14,0.4230769230769231,11,15,0,-0.007541478129713428,-0.02941176470588234,0.557197093963623
primary_step_5,5,model_x_v2_s5_noise_00025m,2,2,102,26,0.5,0.5,0.4822485207100592,13,13,13,13,0.5384615384615384,14,12,0,-0.018099547511312212,0.029411764705882353,0.8450189828872681
primary_step_5,5,model_x_v2_s5_noise_00025m,2,3,103,25,0.52,0.52,0.4816,13,13,12,12,0.4,10,15,0,-0.018775510204081625,-0.04081632653061218,0.42435622215270996
primary_step_5,5,model_x_v2_s5_noise_00025m,2,4,103,25,0.44,0.44,0.488,11,11,14,14,0.4,10,15,0,-0.012244897959183664,-0.061224489795918324,0.42435622215270996
primary_step_5,5,model_x_v2_s5_noise_00025m,3,0,102,26,0.5,0.5,0.5133136094674556,13,13,13,13,0.5,13,13,0,0.01357466063348416,0.00980392156862745,1.0
primary_step_5,5,model_x_v2_s5_noise_00025m,3,1,102,26,0.46153846153846156,0.46153846153846156,0.5162721893491125,12,12,14,14,0.5769230769230769,15,11,0,0.016591251885369526,0.019607843137254943,0.557197093963623
primary_step_5,5,model_x_v2_s5_noise_00025m,3,2,102,26,0.46153846153846156,0.46153846153846156,0.48668639053254437,12,12,14,14,0.5384615384615384,14,12,0,-0.013574660633484167,0.019607843137254888,0.8450189828872681
primary_step_5,5,model_x_v2_s5_noise_00025m,3,3,103,25,0.52,0.52,0.4688,13,13,12,12,0.36,9,16,0,-0.03183673469387755,-0.08163265306122447,0.2295229434967041
primary_step_5,5,model_x_v2_s5_noise_00025m,3,4,103,25,0.52,0.52,0.464,13,13,12,12,0.44,11,14,0,-0.03673469387755101,-0.040816326530612235,0.6900379657745361
primary_step_5,5,model_x_v2_s5_noise_00025m,4,0,102,26,0.5,0.5,0.5,13,13,13,13,0.5384615384615384,14,12,0,-1.0675221390626506e-18,0.019607843137254916,0.8450189828872681
primary_step_5,5,model_x_v2_s5_noise_00025m,4,1,102,26,0.5,0.5,0.47337278106508873,13,13,13,13,0.4230769230769231,11,15,0,-0.027149321266968333,-0.039215686274509776,0.557197093963623
primary_step_5,5,model_x_v2_s5_noise_00025m,4,2,102,26,0.5,0.5,0.47485207100591714,13,13,13,13,0.5384615384615384,14,12,0,-0.02564102564102563,0.019607843137254916,0.8450189828872681
primary_step_5,5,model_x_v2_s5_noise_00025m,4,3,103,25,0.48,0.48,0.5136,12,12,13,13,0.56,14,11,0,0.013877551020408165,0.061224489795918435,0.6900379657745361
primary_step_5,5,model_x_v2_s5_noise_00025m,4,4,103,25,0.48,0.48,0.512,12,12,13,13,0.48,12,13,0,0.012244897959183675,-0.020408163265306145,1.0
primary_step_5,5,model_x_v2_s5_noise_0005m,0,0,102,26,0.46153846153846156,0.46153846153846156,0.42159763313609466,12,12,14,14,0.38461538461538464,10,16,0,-0.0799396681749623,-0.20588235294117646,0.32693958282470703
primary_step_5,5,model_x_v2_s5_noise_0005m,0,1,102,26,0.5384615384615384,0.5384615384615384,0.4807692307692308,14,14,12,12,0.38461538461538464,10,16,0,-0.019607843137254905,-0.02941176470588236,0.32693958282470703
primary_step_5,5,model_x_v2_s5_noise_0005m,0,2,102,26,0.5,0.5,0.5340236686390533,13,13,13,13,0.5384615384615384,14,12,0,0.03469079939668175,0.05882352941176472,0.8450189828872681
primary_step_5,5,model_x_v2_s5_noise_0005m,0,3,103,25,0.48,0.48,0.4912,12,12,13,13,0.56,14,11,0,-0.00897959183673468,0.020408163265306124,0.6900379657745361
primary_step_5,5,model_x_v2_s5_noise_0005m,0,4,103,25,0.44,0.44,0.4896,11,11,14,14,0.56,14,11,0,-0.010612244897959186,0.061224489795918324,0.6900379657745361
primary_step_5,5,model_x_v2_s5_noise_0005m,1,0,102,26,0.4230769230769231,0.4230769230769231,0.4156804733727811,11,11,15,15,0.3076923076923077,8,18,0,-0.08597285067873303,-0.22549019607843138,0.07551869750022888
primary_step_5,5,model_x_v2_s5_noise_0005m,1,1,102,26,0.5769230769230769,0.5769230769230769,0.47041420118343197,15,15,11,11,0.5,13,13,0,-0.030165912518853685,-0.01960784313725491,1.0
primary_step_5,5,model_x_v2_s5_noise_0005m,1,2,102,26,0.4230769230769231,0.4230769230769231,0.46449704142011833,11,11,15,15,0.5384615384615384,14,12,0,-0.03619909502262445,0.03921568627450981,0.8450189828872681
primary_step_5,5,model_x_v2_s5_noise_0005m,1,3,103,25,0.44,0.44,0.4608,11,11,14,14,0.44,11,14,0,-0.039999999999999994,-0.08163265306122452,0.6900379657745361
primary_step_5,5,model_x_v2_s5_noise_0005m,1,4,103,25,0.44,0.44,0.4256,11,11,14,14,0.44,11,14,0,-0.07591836734693877,-0.04081632653061229,0.6900379657745361
primary_step_5,5,model_x_v2_s5_noise_0005m,2,0,102,26,0.5,0.5,0.46893491124260356,13,13,13,13,0.5,13,13,0,-0.03167420814479638,0.009803921568627444,1.0
primary_step_5,5,model_x_v2_s5_noise_0005m,2,1,102,26,0.38461538461538464,0.38461538461538464,0.40236686390532544,10,10,16,16,0.4230769230769231,11,15,0,-0.09954751131221719,-0.1274509803921569,0.557197093963623
primary_step_5,5,model_x_v2_s5_noise_0005m,2,2,102,26,0.5384615384615384,0.5384615384615384,0.5532544378698225,14,14,12,12,0.5,13,13,0,0.054298642533936646,2.7755575615628914e-17,1.0
primary_step_5,5,model_x_v2_s5_noise_0005m,2,3,103,25,0.52,0.52,0.4784,13,13,12,12,0.36,9,16,0,-0.02204081632653061,-0.10204081632653061,0.2295229434967041
primary_step_5,5,model_x_v2_s5_noise_0005m,2,4,103,25,0.48,0.48,0.5312,12,12,13,13,0.48,12,13,0,0.03183673469387753,-0.02040816326530612,1.0
primary_step_5,5,model_x_v2_s5_noise_0005m,3,0,102,26,0.4230769230769231,0.4230769230769231,0.40384615384615385,11,11,15,15,0.3076923076923077,8,18,0,-0.09803921568627452,-0.10784313725490197,0.07551869750022888
primary_step_5,5,model_x_v2_s5_noise_0005m,3,1,102,26,0.4230769230769231,0.4230769230769231,0.41124260355029585,11,11,15,15,0.3076923076923077,8,18,0,-0.09049773755656107,-0.10784313725490191,0.07551869750022888
primary_step_5,5,model_x_v2_s5_noise_0005m,3,2,102,26,0.5,0.5,0.4881656804733728,13,13,13,13,0.46153846153846156,12,14,0,-0.012066365007541487,-0.07843137254901958,0.8450189828872681
primary_step_5,5,model_x_v2_s5_noise_0005m,3,3,103,25,0.44,0.44,0.4288,11,11,14,14,0.52,13,12,0,-0.07265306122448978,0.04081632653061224,1.0
primary_step_5,5,model_x_v2_s5_noise_0005m,3,4,103,25,0.48,0.48,0.5296,12,12,13,13,0.48,12,13,0,0.030204081632653056,-0.04081632653061218,1.0
primary_step_5,5,model_x_v2_s5_noise_0005m,4,0,102,26,0.5769230769230769,0.5769230769230769,0.5295857988165681,15,15,11,11,0.5384615384615384,14,12,0,0.030165912518853692,0.05882352941176469,0.8450189828872681
primary_step_5,5,model_x_v2_s5_noise_0005m,4,1,102,26,0.46153846153846156,0.46153846153846156,0.46449704142011833,12,12,14,14,0.4230769230769231,11,15,0,-0.03619909502262443,-0.02941176470588233,0.557197093963623
primary_step_5,5,model_x_v2_s5_noise_0005m,4,2,102,26,0.46153846153846156,0.46153846153846156,0.4437869822485207,12,12,14,14,0.46153846153846156,12,14,0,-0.057315233785822026,-0.08823529411764702,0.8450189828872681
primary_step_5,5,model_x_v2_s5_noise_0005m,4,3,103,25,0.52,0.52,0.5312,13,13,12,12,0.48,12,13,0,0.03183673469387757,-0.020408163265306145,1.0
primary_step_5,5,model_x_v2_s5_noise_0005m,4,4,103,25,0.52,0.52,0.4352,13,13,12,12,0.4,10,15,0,-0.06612244897959184,-0.020408163265306145,0.42435622215270996
primary_step_5,5,model_x_v2_s5_noise_001m,0,0,102,26,0.5384615384615384,0.5384615384615384,0.5118343195266272,14,14,12,12,0.46153846153846156,12,14,0,0.012066365007541487,-0.049019607843137275,0.8450189828872681
primary_step_5,5,model_x_v2_s5_noise_001m,0,1,102,26,0.5,0.5,0.5118343195266272,13,13,13,13,0.5384615384615384,14,12,0,0.012066365007541473,0.10784313725490192,0.8450189828872681
primary_step_5,5,model_x_v2_s5_noise_001m,0,2,102,26,0.46153846153846156,0.46153846153846156,0.46005917159763315,12,12,14,14,0.4230769230769231,11,15,0,-0.0407239819004525,-0.09803921568627455,0.557197093963623
primary_step_5,5,model_x_v2_s5_noise_001m,0,3,103,25,0.56,0.56,0.5824,14,14,11,11,0.6,15,10,0,0.08408163265306122,0.06122448979591838,0.42435622215270996
primary_step_5,5,model_x_v2_s5_noise_001m,0,4,103,25,0.56,0.56,0.5952,14,14,11,11,0.56,14,11,0,0.09714285714285714,0.10204081632653056,0.6900379657745361
primary_step_5,5,model_x_v2_s5_noise_001m,1,0,102,26,0.5384615384615384,0.5384615384615384,0.5872781065088757,14,14,12,12,0.5769230769230769,15,11,0,0.08898944193061839,0.09803921568627455,0.557197093963623
primary_step_5,5,model_x_v2_s5_noise_001m,1,1,102,26,0.5,0.5,0.5207100591715976,13,13,13,13,0.46153846153846156,12,14,0,0.021116138763197588,-0.029411764705882415,0.8450189828872681
primary_step_5,5,model_x_v2_s5_noise_001m,1,2,102,26,0.5,0.5,0.5384615384615384,13,13,13,13,0.6153846153846154,16,10,0,0.0392156862745098,0.0980392156862745,0.32693958282470703
primary_step_5,5,model_x_v2_s5_noise_001m,1,3,103,25,0.6,0.6,0.6096,15,15,10,10,0.6,15,10,0,0.11183673469387756,0.14285714285714285,0.42435622215270996
primary_step_5,5,model_x_v2_s5_noise_001m,1,4,103,25,0.4,0.4,0.4272,10,10,15,15,0.36,9,16,0,-0.07428571428571427,-0.12244897959183673,0.2295229434967041
primary_step_5,5,model_x_v2_s5_noise_001m,2,0,102,26,0.5,0.5,0.5340236686390533,13,13,13,13,0.6153846153846154,16,10,0,0.034690799396681765,0.1372549019607843,0.32693958282470703
primary_step_5,5,model_x_v2_s5_noise_001m,2,1,102,26,0.46153846153846156,0.46153846153846156,0.4940828402366864,12,12,14,14,0.5,13,13,0,-0.006033182503770754,0.009803921568627416,1.0
primary_step_5,5,model_x_v2_s5_noise_001m,2,2,102,26,0.5384615384615384,0.5384615384615384,0.46597633136094674,14,14,12,12,0.3076923076923077,8,18,0,-0.03469079939668175,-0.08823529411764705,0.07551869750022888
primary_step_5,5,model_x_v2_s5_noise_001m,2,3,103,25,0.44,0.44,0.4864,11,11,14,14,0.6,15,10,0,-0.013877551020408163,0.08163265306122447,0.42435622215270996
primary_step_5,5,model_x_v2_s5_noise_001m,2,4,103,25,0.52,0.52,0.5792,13,13,12,12,0.52,13,12,0,0.08081632653061221,0.04081632653061224,1.0
primary_step_5,5,model_x_v2_s5_noise_001m,3,0,102,26,0.5,0.5,0.48372781065088755,13,13,13,13,0.5,13,13,0,-0.01659125188536953,0.0,1.0
primary_step_5,5,model_x_v2_s5_noise_001m,3,1,102,26,0.5384615384615384,0.5384615384615384,0.5636094674556213,14,14,12,12,0.6153846153846154,16,10,0,0.06485671191553544,0.10784313725490191,0.32693958282470703
primary_step_5,5,model_x_v2_s5_noise_001m,3,2,102,26,0.4230769230769231,0.4230769230769231,0.4363905325443787,11,11,15,15,0.4230769230769231,11,15,0,-0.06485671191553546,-0.12745098039215685,0.557197093963623
primary_step_5,5,model_x_v2_s5_noise_001m,3,3,103,25,0.36,0.36,0.4,9,9,16,16,0.44,11,14,0,-0.10204081632653064,-0.14285714285714285,0.6900379657745361
primary_step_5,5,model_x_v2_s5_noise_001m,3,4,103,25,0.6,0.6,0.5696,15,15,10,10,0.6,15,10,0,0.07102040816326531,0.10204081632653061,0.42435622215270996
primary_step_5,5,model_x_v2_s5_noise_001m,4,0,102,26,0.5,0.5,0.5,13,13,13,13,0.5769230769230769,15,11,0,-2.135044278125301e-18,0.08823529411764708,0.557197093963623
primary_step_5,5,model_x_v2_s5_noise_001m,4,1,102,26,0.46153846153846156,0.46153846153846156,0.46597633136094674,12,12,14,14,0.38461538461538464,10,16,0,-0.03469079939668176,-0.06862745098039216,0.32693958282470703
primary_step_5,5,model_x_v2_s5_noise_001m,4,2,102,26,0.46153846153846156,0.46153846153846156,0.4985207100591716,12,12,14,14,0.5,13,13,0,-0.0015082956259426879,0.049019607843137296,1.0
primary_step_5,5,model_x_v2_s5_noise_001m,4,3,103,25,0.48,0.48,0.52,12,12,13,13,0.48,12,13,0,0.020408163265306117,-0.020408163265306145,1.0
primary_step_5,5,model_x_v2_s5_noise_001m,4,4,103,25,0.56,0.56,0.5728,14,14,11,11,0.6,15,10,0,0.07428571428571427,0.061224489795918366,0.42435622215270996
primary_step_20,20,xy_single,0,0,102,26,0.5,0.5,0.5177514792899408,13,13,13,13,0.9615384615384616,25,1,0,0.018099547511312215,0.019607843137254895,8.046627044677734e-07
primary_step_20,20,xy_single,0,1,102,26,0.5,0.5,0.5118343195266272,13,13,13,13,0.8076923076923077,21,5,0,0.012066365007541472,0.019607843137254888,0.002493917942047119
primary_step_20,20,xy_single,0,2,102,26,0.5,0.5,0.5118343195266272,13,13,13,13,0.8076923076923077,21,5,0,0.012066365007541466,0.019607843137254888,0.002493917942047119
primary_step_20,20,xy_single,0,3,103,25,0.52,0.52,0.5104,13,13,12,12,0.76,19,6,0,0.010612244897959186,0.020408163265306124,0.01463329792022705
primary_step_20,20,xy_single,0,4,103,25,0.48,0.48,0.512,12,12,13,13,0.8,20,5,0,0.012244897959183671,0.02040816326530613,0.004077315330505371
primary_step_20,20,xy_single,1,0,102,26,0.5,0.5,0.5088757396449705,13,13,13,13,0.7307692307692307,19,7,0,0.009049773755656115,0.019607843137254888,0.028959274291992188
primary_step_20,20,xy_single,1,1,102,26,0.5,0.5,0.5103550295857988,13,13,13,13,0.7692307692307693,20,6,0,0.010558069381598792,0.019607843137254888,0.009355306625366211
primary_step_20,20,xy_single,1,2,102,26,0.5384615384615384,0.5384615384615384,0.5207100591715976,14,14,12,12,0.8846153846153846,23,3,0,0.021116138763197588,0.019607843137254916,8.797645568847656e-05
primary_step_20,20,xy_single,1,3,103,25,0.52,0.52,0.5136,13,13,12,12,0.84,21,4,0,0.01387755102040817,0.020408163265306145,0.0009105205535888672
primary_step_20,20,xy_single,1,4,103,25,0.52,0.52,0.5168,13,13,12,12,0.92,23,2,0,0.01714285714285714,0.020408163265306145,1.9431114196777344e-05
primary_step_20,20,xy_single,2,0,102,26,0.5,0.5,0.5103550295857988,13,13,13,13,0.7692307692307693,20,6,0,0.010558069381598782,0.019607843137254888,0.009355306625366211
primary_step_20,20,xy_single,2,1,102,26,0.5,0.5,0.5088757396449705,13,13,13,13,0.7307692307692307,19,7,0,0.009049773755656104,0.019607843137254888,0.028959274291992188
primary_step_20,20,xy_single,2,2,102,26,0.5,0.5,0.5162721893491125,13,13,13,13,0.9230769230769231,24,2,0,0.01659125188536953,0.019607843137254888,1.049041748046875e-05
primary_step_20,20,xy_single,2,3,103,25,0.52,0.52,0.5136,13,13,12,12,0.84,21,4,0,0.013877551020408156,0.020408163265306124,0.0009105205535888672
primary_step_20,20,xy_single,2,4,103,25,0.52,0.52,0.5168,13,13,12,12,0.92,23,2,0,0.017142857142857147,0.020408163265306145,1.9431114196777344e-05
primary_step_20,20,xy_single,3,0,102,26,0.5,0.5,0.5103550295857988,13,13,13,13,0.7692307692307693,20,6,0,0.010558069381598785,0.019607843137254888,0.009355306625366211
primary_step_20,20,xy_single,3,1,102,26,0.5,0.5,0.5162721893491125,13,13,13,13,0.9230769230769231,24,2,0,0.01659125188536953,0.019607843137254888,1.049041748046875e-05
primary_step_20,20,xy_single,3,2,102,26,0.5,0.5,0.5133136094674556,13,13,13,13,0.8461538461538461,22,4,0,0.013574660633484162,0.019607843137254888,0.0005335211753845215
primary_step_20,20,xy_single,3,3,103,25,0.52,0.52,0.5136,13,13,12,12,0.84,21,4,0,0.01387755102040817,0.020408163265306145,0.0009105205535888672
primary_step_20,20,xy_single,3,4,103,25,0.52,0.52,0.5104,13,13,12,12,0.76,19,6,0,0.010612244897959177,0.02040816326530612,0.01463329792022705
primary_step_20,20,xy_single,4,0,102,26,0.5,0.5,0.514792899408284,13,13,13,13,0.8846153846153846,23,3,0,0.01508295625942685,0.019607843137254888,8.797645568847656e-05
primary_step_20,20,xy_single,4,1,102,26,0.5,0.5,0.514792899408284,13,13,13,13,0.8846153846153846,23,3,0,0.015082956259426846,0.019607843137254888,8.797645568847656e-05
primary_step_20,20,xy_single,4,2,102,26,0.5,0.5,0.5103550295857988,13,13,13,13,0.7692307692307693,20,6,0,0.01055806938159879,0.019607843137254888,0.009355306625366211
primary_step_20,20,xy_single,4,3,103,25,0.52,0.52,0.5184,13,13,12,12,0.96,24,1,0,0.018775510204081632,0.020408163265306145,1.5497207641601562e-06
primary_step_20,20,xy_single,4,4,103,25,0.48,0.48,0.5072,12,12,13,13,0.68,17,8,0,0.00734693877551021,0.02040816326530612,0.10775214433670044
primary_step_20,20,sim_velocity_only,0,0,102,26,0.8461538461538461,0.8461538461538461,0.9038461538461539,22,22,4,4,0.8461538461538461,22,4,0,0.4117647058823529,0.47058823529411764,0.0005335211753845215
primary_step_20,20,sim_velocity_only,0,1,102,26,0.7307692307692307,0.7307692307692307,0.8727810650887574,19,19,7,7,0.8461538461538461,22,4,0,0.3800904977375566,0.43137254901960786,0.0005335211753845215
primary_step_20,20,sim_velocity_only,0,2,102,26,0.7692307692307693,0.7692307692307693,0.8964497041420119,20,20,6,6,0.8846153846153846,23,3,0,0.4042232277526395,0.5098039215686274,8.797645568847656e-05
primary_step_20,20,sim_velocity_only,0,3,103,25,0.8,0.8,0.8784,20,20,5,5,0.8,20,5,0,0.38612244897959186,0.3673469387755102,0.004077315330505371
primary_step_20,20,sim_velocity_only,0,4,103,25,0.72,0.72,0.8208,18,18,7,7,0.8,20,5,0,0.3273469387755102,0.2857142857142857,0.004077315330505371
primary_step_20,20,sim_velocity_only,1,0,102,26,0.7692307692307693,0.7692307692307693,0.863905325443787,20,20,6,6,0.8076923076923077,21,5,0,0.3710407239819005,0.4117647058823529,0.002493917942047119
primary_step_20,20,sim_velocity_only,1,1,102,26,0.7307692307692307,0.7307692307692307,0.8387573964497042,19,19,7,7,0.8076923076923077,21,5,0,0.3453996983408748,0.47058823529411764,0.002493917942047119
primary_step_20,20,sim_velocity_only,1,2,102,26,0.8461538461538461,0.8461538461538461,0.9201183431952663,22,22,4,4,0.9230769230769231,24,2,0,0.4283559577677225,0.49019607843137253,1.049041748046875e-05
primary_step_20,20,sim_velocity_only,1,3,103,25,0.72,0.72,0.8368,18,18,7,7,0.76,19,6,0,0.34367346938775506,0.30612244897959184,0.01463329792022705
primary_step_20,20,sim_velocity_only,1,4,103,25,0.84,0.84,0.8832,21,21,4,4,0.84,21,4,0,0.3910204081632653,0.44897959183673475,0.0009105205535888672
primary_step_20,20,sim_velocity_only,2,0,102,26,0.7692307692307693,0.7692307692307693,0.8461538461538461,20,20,6,6,0.7692307692307693,20,6,0,0.3529411764705882,0.36274509803921573,0.009355306625366211
primary_step_20,20,sim_velocity_only,2,1,102,26,0.7692307692307693,0.7692307692307693,0.841715976331361,20,20,6,6,0.8076923076923077,21,5,0,0.34841628959276016,0.3431372549019608,0.002493917942047119
primary_step_20,20,sim_velocity_only,2,2,102,26,0.8461538461538461,0.8461538461538461,0.9349112426035503,22,22,4,4,0.8461538461538461,22,4,0,0.4434389140271493,0.588235294117647,0.0005335211753845215
primary_step_20,20,sim_velocity_only,2,3,103,25,0.84,0.84,0.9312,21,21,4,4,0.96,24,1,0,0.44,0.4489795918367347,1.5497207641601562e-06
primary_step_20,20,sim_velocity_only,2,4,103,25,0.8,0.8,0.9072,20,20,5,5,0.92,23,2,0,0.4155102040816326,0.4489795918367347,1.9431114196777344e-05
primary_step_20,20,sim_velocity_only,3,0,102,26,0.7692307692307693,0.7692307692307693,0.8831360946745562,20,20,6,6,0.8461538461538461,22,4,0,0.3906485671191554,0.43137254901960786,0.0005335211753845215
primary_step_20,20,sim_velocity_only,3,1,102,26,0.8076923076923077,0.8076923076923077,0.886094674556213,21,21,5,5,0.9615384615384616,25,1,0,0.39366515837104077,0.38235294117647056,8.046627044677734e-07
primary_step_20,20,sim_velocity_only,3,2,102,26,0.7692307692307693,0.7692307692307693,0.8550295857988166,20,20,6,6,0.7692307692307693,20,6,0,0.36199095022624445,0.3431372549019608,0.009355306625366211
primary_step_20,20,sim_velocity_only,3,3,103,25,0.84,0.84,0.9136,21,21,4,4,0.92,23,2,0,0.42204081632653057,0.5102040816326531,1.9431114196777344e-05
primary_step_20,20,sim_velocity_only,3,4,103,25,0.84,0.84,0.8912,21,21,4,4,0.84,21,4,0,0.3991836734693877,0.4081632653061224,0.0009105205535888672
primary_step_20,20,sim_velocity_only,4,0,102,26,0.8461538461538461,0.8461538461538461,0.8535502958579881,22,22,4,4,0.8846153846153846,23,3,0,0.36048265460030166,0.3333333333333333,8.797645568847656e-05
primary_step_20,20,sim_velocity_only,4,1,102,26,0.8076923076923077,0.8076923076923077,0.8653846153846154,21,21,5,5,0.8461538461538461,22,4,0,0.3725490196078431,0.4411764705882353,0.0005335211753845215
primary_step_20,20,sim_velocity_only,4,2,102,26,0.8076923076923077,0.8076923076923077,0.9068047337278107,21,21,5,5,0.8461538461538461,22,4,0,0.4147812971342383,0.588235294117647,0.0005335211753845215
primary_step_20,20,sim_velocity_only,4,3,103,25,0.72,0.72,0.8656,18,18,7,7,0.92,23,2,0,0.37306122448979595,0.24489795918367352,1.9431114196777344e-05
primary_step_20,20,sim_velocity_only,4,4,103,25,0.8,0.8,0.8624,20,20,5,5,0.76,19,6,0,0.36979591836734693,0.4081632653061224,0.01463329792022705
primary_step_20,20,xy_sim_velocity,0,0,102,26,0.8461538461538461,0.8461538461538461,0.9038461538461539,22,22,4,4,0.8461538461538461,22,4,0,0.4117647058823529,0.5098039215686274,0.0005335211753845215
primary_step_20,20,xy_sim_velocity,0,1,102,26,0.6923076923076923,0.6923076923076923,0.8653846153846154,18,18,8,8,0.8846153846153846,23,3,0,0.3725490196078431,0.4411764705882353,8.797645568847656e-05
primary_step_20,20,xy_sim_velocity,0,2,102,26,0.7692307692307693,0.7692307692307693,0.8949704142011834,20,20,6,6,0.8846153846153846,23,3,0,0.4027149321266968,0.5098039215686274,8.797645568847656e-05
primary_step_20,20,xy_sim_velocity,0,3,103,25,0.8,0.8,0.88,20,20,5,5,0.8,20,5,0,0.3877551020408163,0.3673469387755102,0.004077315330505371
primary_step_20,20,xy_sim_velocity,0,4,103,25,0.72,0.72,0.8208,18,18,7,7,0.8,20,5,0,0.32734693877551024,0.3061224489795918,0.004077315330505371
primary_step_20,20,xy_sim_velocity,1,0,102,26,0.8076923076923077,0.8076923076923077,0.849112426035503,21,21,5,5,0.7692307692307693,20,6,0,0.35595776772247356,0.38235294117647056,0.009355306625366211
primary_step_20,20,xy_sim_velocity,1,1,102,26,0.7307692307692307,0.7307692307692307,0.841715976331361,19,19,7,7,0.8076923076923077,21,5,0,0.34841628959276016,0.4901960784313726,0.002493917942047119
primary_step_20,20,xy_sim_velocity,1,2,102,26,0.8461538461538461,0.8461538461538461,0.9171597633136095,22,22,4,4,0.9230769230769231,24,2,0,0.42533936651583715,0.49019607843137253,1.049041748046875e-05
primary_step_20,20,xy_sim_velocity,1,3,103,25,0.72,0.72,0.8256,18,18,7,7,0.76,19,6,0,0.33224489795918366,0.3673469387755102,0.01463329792022705
primary_step_20,20,xy_sim_velocity,1,4,103,25,0.84,0.84,0.8848,21,21,4,4,0.84,21,4,0,0.39265306122448984,0.4693877551020408,0.0009105205535888672
primary_step_20,20,xy_sim_velocity,2,0,102,26,0.7692307692307693,0.7692307692307693,0.8446745562130178,20,20,6,6,0.7692307692307693,20,6,0,0.3514328808446455,0.36274509803921573,0.009355306625366211
primary_step_20,20,xy_sim_velocity,2,1,102,26,0.7692307692307693,0.7692307692307693,0.841715976331361,20,20,6,6,0.8076923076923077,21,5,0,0.34841628959276016,0.3333333333333333,0.002493917942047119
primary_step_20,20,xy_sim_velocity,2,2,102,26,0.8461538461538461,0.8461538461538461,0.9275147928994083,22,22,4,4,0.8076923076923077,21,5,0,0.43589743589743585,0.5490196078431373,0.002493917942047119
primary_step_20,20,xy_sim_velocity,2,3,103,25,0.8,0.8,0.92,20,20,5,5,0.88,22,3,0,0.4285714285714286,0.48979591836734687,0.00015652179718017578
primary_step_20,20,xy_sim_velocity,2,4,103,25,0.8,0.8,0.9104,20,20,5,5,0.92,23,2,0,0.4187755102040816,0.4489795918367347,1.9431114196777344e-05
primary_step_20,20,xy_sim_velocity,3,0,102,26,0.7692307692307693,0.7692307692307693,0.8831360946745562,20,20,6,6,0.8076923076923077,21,5,0,0.3906485671191554,0.4411764705882353,0.002493917942047119
primary_step_20,20,xy_sim_velocity,3,1,102,26,0.8076923076923077,0.8076923076923077,0.8742603550295858,21,21,5,5,0.9230769230769231,24,2,0,0.3815987933634993,0.39215686274509803,1.049041748046875e-05
primary_step_20,20,xy_sim_velocity,3,2,102,26,0.7307692307692307,0.7307692307692307,0.856508875739645,19,19,7,7,0.7692307692307693,20,6,0,0.3634992458521871,0.33333333333333326,0.009355306625366211
primary_step_20,20,xy_sim_velocity,3,3,103,25,0.84,0.84,0.9104,21,21,4,4,0.92,23,2,0,0.4187755102040816,0.4897959183673469,1.9431114196777344e-05
primary_step_20,20,xy_sim_velocity,3,4,103,25,0.84,0.84,0.8928,21,21,4,4,0.84,21,4,0,0.4008163265306123,0.3877551020408163,0.0009105205535888672
primary_step_20,20,xy_sim_velocity,4,0,102,26,0.8461538461538461,0.8461538461538461,0.849112426035503,22,22,4,4,0.8846153846153846,23,3,0,0.3559577677224736,0.37254901960784315,8.797645568847656e-05
primary_step_20,20,xy_sim_velocity,4,1,102,26,0.8076923076923077,0.8076923076923077,0.871301775147929,21,21,5,5,0.8461538461538461,22,4,0,0.3785822021116138,0.46078431372549017,0.0005335211753845215
primary_step_20,20,xy_sim_velocity,4,2,102,26,0.8076923076923077,0.8076923076923077,0.8994082840236687,21,21,5,5,0.8461538461538461,22,4,0,0.4072398190045249,0.588235294117647,0.0005335211753845215
primary_step_20,20,xy_sim_velocity,4,3,103,25,0.72,0.72,0.8784,18,18,7,7,0.92,23,2,0,0.38612244897959186,0.2857142857142857,1.9431114196777344e-05
primary_step_20,20,xy_sim_velocity,4,4,103,25,0.76,0.76,0.8576,19,19,6,6,0.76,19,6,0,0.3648979591836735,0.3877551020408163,0.01463329792022705
primary_step_20,20,robot_only,0,0,102,26,0.5,0.5,0.5,26,0,26,0,0.5,0,0,26,0.0,0.0,1.0
primary_step_20,20,robot_only,0,1,102,26,0.5,0.5,0.5,26,0,26,0,0.5,0,0,26,0.0,0.0,1.0
primary_step_20,20,robot_only,0,2,102,26,0.5,0.5,0.5,26,0,26,0,0.5,0,0,26,0.0,0.0,1.0
primary_step_20,20,robot_only,0,3,103,25,0.5,0.5,0.5,25,0,25,0,0.5,0,0,25,0.0,0.0,1.0
primary_step_20,20,robot_only,0,4,103,25,0.5,0.5,0.5,25,0,25,0,0.5,0,0,25,0.0,0.0,1.0
primary_step_20,20,robot_only,1,0,102,26,0.5,0.5,0.5,26,0,26,0,0.5,0,0,26,0.0,0.0,1.0
primary_step_20,20,robot_only,1,1,102,26,0.5,0.5,0.5,26,0,26,0,0.5,0,0,26,0.0,0.0,1.0
primary_step_20,20,robot_only,1,2,102,26,0.5,0.5,0.5,26,0,26,0,0.5,0,0,26,0.0,0.0,1.0
primary_step_20,20,robot_only,1,3,103,25,0.5,0.5,0.5,25,0,25,0,0.5,0,0,25,0.0,0.0,1.0
primary_step_20,20,robot_only,1,4,103,25,0.5,0.5,0.5,25,0,25,0,0.5,0,0,25,0.0,0.0,1.0
primary_step_20,20,robot_only,2,0,102,26,0.5,0.5,0.5,26,0,26,0,0.5,0,0,26,0.0,0.0,1.0
primary_step_20,20,robot_only,2,1,102,26,0.5,0.5,0.5,26,0,26,0,0.5,0,0,26,0.0,0.0,1.0
primary_step_20,20,robot_only,2,2,102,26,0.5,0.5,0.5,26,0,26,0,0.5,0,0,26,0.0,0.0,1.0
primary_step_20,20,robot_only,2,3,103,25,0.5,0.5,0.5,25,0,25,0,0.5,0,0,25,0.0,0.0,1.0
primary_step_20,20,robot_only,2,4,103,25,0.5,0.5,0.5,25,0,25,0,0.5,0,0,25,0.0,0.0,1.0
primary_step_20,20,robot_only,3,0,102,26,0.5,0.5,0.5,26,0,26,0,0.5,0,0,26,0.0,0.0,1.0
primary_step_20,20,robot_only,3,1,102,26,0.5,0.5,0.5,26,0,26,0,0.5,0,0,26,0.0,0.0,1.0
primary_step_20,20,robot_only,3,2,102,26,0.5,0.5,0.5,26,0,26,0,0.5,0,0,26,0.0,0.0,1.0
primary_step_20,20,robot_only,3,3,103,25,0.5,0.5,0.5,25,0,25,0,0.5,0,0,25,0.0,0.0,1.0
primary_step_20,20,robot_only,3,4,103,25,0.5,0.5,0.5,25,0,25,0,0.5,0,0,25,0.0,0.0,1.0
primary_step_20,20,robot_only,4,0,102,26,0.5,0.5,0.5,26,0,26,0,0.5,0,0,26,0.0,0.0,1.0
primary_step_20,20,robot_only,4,1,102,26,0.5,0.5,0.5,26,0,26,0,0.5,0,0,26,0.0,0.0,1.0
primary_step_20,20,robot_only,4,2,102,26,0.5,0.5,0.5,26,0,26,0,0.5,0,0,26,0.0,0.0,1.0
primary_step_20,20,robot_only,4,3,103,25,0.5,0.5,0.5,25,0,25,0,0.5,0,0,25,0.0,0.0,1.0
primary_step_20,20,robot_only,4,4,103,25,0.5,0.5,0.5,25,0,25,0,0.5,0,0,25,0.0,0.0,1.0
primary_step_20,20,position_proprio_single,0,0,102,26,0.5,0.5,0.5177514792899408,13,13,13,13,0.9615384615384616,25,1,0,0.018099547511312215,0.019607843137254895,8.046627044677734e-07
primary_step_20,20,position_proprio_single,0,1,102,26,0.5,0.5,0.5118343195266272,13,13,13,13,0.8076923076923077,21,5,0,0.012066365007541472,0.019607843137254888,0.002493917942047119
primary_step_20,20,position_proprio_single,0,2,102,26,0.5,0.5,0.5133136094674556,13,13,13,13,0.8461538461538461,22,4,0,0.013574660633484155,0.019607843137254888,0.0005335211753845215
primary_step_20,20,position_proprio_single,0,3,103,25,0.52,0.52,0.5104,13,13,12,12,0.76,19,6,0,0.010612244897959186,0.020408163265306124,0.01463329792022705
primary_step_20,20,position_proprio_single,0,4,103,25,0.48,0.48,0.512,12,12,13,13,0.8,20,5,0,0.012244897959183671,0.02040816326530613,0.004077315330505371
primary_step_20,20,position_proprio_single,1,0,102,26,0.5,0.5,0.5088757396449705,13,13,13,13,0.7307692307692307,19,7,0,0.009049773755656115,0.019607843137254888,0.028959274291992188
primary_step_20,20,position_proprio_single,1,1,102,26,0.5,0.5,0.5103550295857988,13,13,13,13,0.7692307692307693,20,6,0,0.010558069381598792,0.019607843137254888,0.009355306625366211
primary_step_20,20,position_proprio_single,1,2,102,26,0.5,0.5,0.514792899408284,13,13,13,13,0.8846153846153846,23,3,0,0.015082956259426846,0.019607843137254888,8.797645568847656e-05
primary_step_20,20,position_proprio_single,1,3,103,25,0.52,0.52,0.5136,13,13,12,12,0.84,21,4,0,0.01387755102040817,0.020408163265306145,0.0009105205535888672
primary_step_20,20,position_proprio_single,1,4,103,25,0.52,0.52,0.5184,13,13,12,12,0.92,23,2,0,0.018775510204081632,0.020408163265306145,1.9431114196777344e-05
primary_step_20,20,position_proprio_single,2,0,102,26,0.5,0.5,0.5103550295857988,13,13,13,13,0.7692307692307693,20,6,0,0.010558069381598782,0.019607843137254888,0.009355306625366211
primary_step_20,20,position_proprio_single,2,1,102,26,0.5,0.5,0.5088757396449705,13,13,13,13,0.7307692307692307,19,7,0,0.009049773755656094,0.01960784313725486,0.028959274291992188
primary_step_20,20,position_proprio_single,2,2,102,26,0.5,0.5,0.5162721893491125,13,13,13,13,0.9230769230769231,24,2,0,0.01659125188536953,0.019607843137254888,1.049041748046875e-05
primary_step_20,20,position_proprio_single,2,3,103,25,0.52,0.52,0.5136,13,13,12,12,0.84,21,4,0,0.013877551020408156,0.020408163265306124,0.0009105205535888672
primary_step_20,20,position_proprio_single,2,4,103,25,0.52,0.52,0.5168,13,13,12,12,0.92,23,2,0,0.017142857142857147,0.020408163265306145,1.9431114196777344e-05
primary_step_20,20,position_proprio_single,3,0,102,26,0.5,0.5,0.5103550295857988,13,13,13,13,0.7692307692307693,20,6,0,0.010558069381598785,0.019607843137254888,0.009355306625366211
primary_step_20,20,position_proprio_single,3,1,102,26,0.5,0.5,0.5162721893491125,13,13,13,13,0.9230769230769231,24,2,0,0.01659125188536953,0.019607843137254888,1.049041748046875e-05
primary_step_20,20,position_proprio_single,3,2,102,26,0.5,0.5,0.5133136094674556,13,13,13,13,0.8461538461538461,22,4,0,0.013574660633484162,0.019607843137254888,0.0005335211753845215
primary_step_20,20,position_proprio_single,3,3,103,25,0.52,0.52,0.5136,13,13,12,12,0.84,21,4,0,0.01387755102040817,0.020408163265306145,0.0009105205535888672
primary_step_20,20,position_proprio_single,3,4,103,25,0.52,0.52,0.5104,13,13,12,12,0.76,19,6,0,0.010612244897959177,0.02040816326530612,0.01463329792022705
primary_step_20,20,position_proprio_single,4,0,102,26,0.5,0.5,0.514792899408284,13,13,13,13,0.8846153846153846,23,3,0,0.015082956259426841,0.019607843137254888,8.797645568847656e-05
primary_step_20,20,position_proprio_single,4,1,102,26,0.5,0.5,0.514792899408284,13,13,13,13,0.8846153846153846,23,3,0,0.015082956259426846,0.019607843137254888,8.797645568847656e-05
primary_step_20,20,position_proprio_single,4,2,102,26,0.5,0.5,0.5103550295857988,13,13,13,13,0.7692307692307693,20,6,0,0.010558069381598785,0.019607843137254888,0.009355306625366211
primary_step_20,20,position_proprio_single,4,3,103,25,0.48,0.48,0.5184,12,12,13,13,0.96,24,1,0,0.018775510204081632,0.020408163265306145,1.5497207641601562e-06
primary_step_20,20,position_proprio_single,4,4,103,25,0.48,0.48,0.5072,12,12,13,13,0.68,17,8,0,0.00734693877551021,0.02040816326530612,0.10775214433670044
primary_step_20,20,xy_history_s1,0,0,102,26,0.5,0.5,0.5177514792899408,13,13,13,13,0.9615384615384616,25,1,0,0.018099547511312215,0.019607843137254895,8.046627044677734e-07
primary_step_20,20,xy_history_s1,0,1,102,26,0.5,0.5,0.5118343195266272,13,13,13,13,0.8076923076923077,21,5,0,0.012066365007541472,0.019607843137254888,0.002493917942047119
primary_step_20,20,xy_history_s1,0,2,102,26,0.5,0.5,0.5118343195266272,13,13,13,13,0.8076923076923077,21,5,0,0.012066365007541466,0.019607843137254888,0.002493917942047119
primary_step_20,20,xy_history_s1,0,3,103,25,0.52,0.52,0.5104,13,13,12,12,0.76,19,6,0,0.010612244897959186,0.020408163265306124,0.01463329792022705
primary_step_20,20,xy_history_s1,0,4,103,25,0.52,0.52,0.512,13,13,12,12,0.8,20,5,0,0.01224489795918368,0.020408163265306145,0.004077315330505371
primary_step_20,20,xy_history_s1,1,0,102,26,0.5,0.5,0.5088757396449705,13,13,13,13,0.7307692307692307,19,7,0,0.009049773755656106,0.019607843137254888,0.028959274291992188
primary_step_20,20,xy_history_s1,1,1,102,26,0.5,0.5,0.5103550295857988,13,13,13,13,0.7692307692307693,20,6,0,0.010558069381598792,0.019607843137254888,0.009355306625366211
primary_step_20,20,xy_history_s1,1,2,102,26,0.5,0.5,0.514792899408284,13,13,13,13,0.8846153846153846,23,3,0,0.015082956259426846,0.019607843137254888,8.797645568847656e-05
primary_step_20,20,xy_history_s1,1,3,103,25,0.52,0.52,0.5136,13,13,12,12,0.84,21,4,0,0.01387755102040817,0.020408163265306145,0.0009105205535888672
primary_step_20,20,xy_history_s1,1,4,103,25,0.52,0.52,0.5184,13,13,12,12,0.92,23,2,0,0.018775510204081632,0.020408163265306145,1.9431114196777344e-05
primary_step_20,20,xy_history_s1,2,0,102,26,0.5,0.5,0.5103550295857988,13,13,13,13,0.7692307692307693,20,6,0,0.010558069381598782,0.019607843137254888,0.009355306625366211
primary_step_20,20,xy_history_s1,2,1,102,26,0.5,0.5,0.5103550295857988,13,13,13,13,0.7307692307692307,19,7,0,0.010558069381598794,0.019607843137254888,0.028959274291992188
primary_step_20,20,xy_history_s1,2,2,102,26,0.5,0.5,0.5162721893491125,13,13,13,13,0.9230769230769231,24,2,0,0.01659125188536953,0.019607843137254888,1.049041748046875e-05
primary_step_20,20,xy_history_s1,2,3,103,25,0.52,0.52,0.5136,13,13,12,12,0.84,21,4,0,0.013877551020408156,0.020408163265306124,0.0009105205535888672
primary_step_20,20,xy_history_s1,2,4,103,25,0.52,0.52,0.5168,13,13,12,12,0.92,23,2,0,0.017142857142857147,0.020408163265306145,1.9431114196777344e-05
primary_step_20,20,xy_history_s1,3,0,102,26,0.5,0.5,0.5103550295857988,13,13,13,13,0.7692307692307693,20,6,0,0.010558069381598785,0.019607843137254888,0.009355306625366211
primary_step_20,20,xy_history_s1,3,1,102,26,0.5,0.5,0.5162721893491125,13,13,13,13,0.9230769230769231,24,2,0,0.01659125188536953,0.019607843137254888,1.049041748046875e-05
primary_step_20,20,xy_history_s1,3,2,102,26,0.5,0.5,0.5133136094674556,13,13,13,13,0.8461538461538461,22,4,0,0.013574660633484162,0.019607843137254888,0.0005335211753845215
primary_step_20,20,xy_history_s1,3,3,103,25,0.52,0.52,0.5136,13,13,12,12,0.84,21,4,0,0.013877551020408165,0.020408163265306145,0.0009105205535888672
primary_step_20,20,xy_history_s1,3,4,103,25,0.52,0.52,0.5104,13,13,12,12,0.76,19,6,0,0.010612244897959177,0.02040816326530612,0.01463329792022705
primary_step_20,20,xy_history_s1,4,0,102,26,0.5,0.5,0.514792899408284,13,13,13,13,0.8846153846153846,23,3,0,0.015082956259426832,0.019607843137254888,8.797645568847656e-05
primary_step_20,20,xy_history_s1,4,1,102,26,0.5,0.5,0.514792899408284,13,13,13,13,0.8846153846153846,23,3,0,0.015082956259426846,0.019607843137254888,8.797645568847656e-05
primary_step_20,20,xy_history_s1,4,2,102,26,0.5,0.5,0.511094674556213,13,13,13,13,0.7884615384615384,20,5,1,0.011312217194570139,0.019607843137254888,0.004077315330505371
primary_step_20,20,xy_history_s1,4,3,103,25,0.52,0.52,0.5184,13,13,12,12,0.96,24,1,0,0.018775510204081632,0.020408163265306145,1.5497207641601562e-06
primary_step_20,20,xy_history_s1,4,4,103,25,0.48,0.48,0.5088,12,12,13,13,0.68,17,8,0,0.008979591836734697,0.02040816326530612,0.10775214433670044
primary_step_20,20,position_proprio_history_s1,0,0,102,26,0.5,0.5,0.5177514792899408,13,13,13,13,0.9615384615384616,25,1,0,0.018099547511312215,0.019607843137254895,8.046627044677734e-07
primary_step_20,20,position_proprio_history_s1,0,1,102,26,0.5,0.5,0.5118343195266272,13,13,13,13,0.8076923076923077,21,5,0,0.012066365007541472,0.019607843137254888,0.002493917942047119
primary_step_20,20,position_proprio_history_s1,0,2,102,26,0.5,0.5,0.5118343195266272,13,13,13,13,0.8076923076923077,21,5,0,0.012066365007541466,0.019607843137254888,0.002493917942047119
primary_step_20,20,position_proprio_history_s1,0,3,103,25,0.52,0.52,0.5104,13,13,12,12,0.76,19,6,0,0.010612244897959186,0.020408163265306124,0.01463329792022705
primary_step_20,20,position_proprio_history_s1,0,4,103,25,0.52,0.52,0.512,13,13,12,12,0.8,20,5,0,0.012244897959183676,0.02040816326530613,0.004077315330505371
primary_step_20,20,position_proprio_history_s1,1,0,102,26,0.5,0.5,0.5103550295857988,13,13,13,13,0.7692307692307693,20,6,0,0.010558069381598794,0.019607843137254888,0.009355306625366211
primary_step_20,20,position_proprio_history_s1,1,1,102,26,0.5,0.5,0.5103550295857988,13,13,13,13,0.7692307692307693,20,6,0,0.010558069381598792,0.019607843137254888,0.009355306625366211
primary_step_20,20,position_proprio_history_s1,1,2,102,26,0.5,0.5,0.514792899408284,13,13,13,13,0.8846153846153846,23,3,0,0.015082956259426846,0.019607843137254888,8.797645568847656e-05
primary_step_20,20,position_proprio_history_s1,1,3,103,25,0.52,0.52,0.5136,13,13,12,12,0.84,21,4,0,0.013877551020408156,0.020408163265306124,0.0009105205535888672
primary_step_20,20,position_proprio_history_s1,1,4,103,25,0.52,0.52,0.5184,13,13,12,12,0.92,23,2,0,0.018775510204081632,0.020408163265306145,1.9431114196777344e-05
primary_step_20,20,position_proprio_history_s1,2,0,102,26,0.5,0.5,0.5103550295857988,13,13,13,13,0.7692307692307693,20,6,0,0.010558069381598782,0.019607843137254888,0.009355306625366211
primary_step_20,20,position_proprio_history_s1,2,1,102,26,0.5,0.5,0.5192307692307693,13,13,13,13,0.6923076923076923,18,8,0,0.0196078431372549,0.019607843137254923,0.07551869750022888
primary_step_20,20,position_proprio_history_s1,2,2,102,26,0.5,0.5,0.5162721893491125,13,13,13,13,0.9230769230769231,24,2,0,0.01659125188536953,0.019607843137254888,1.049041748046875e-05
primary_step_20,20,position_proprio_history_s1,2,3,103,25,0.52,0.52,0.5136,13,13,12,12,0.84,21,4,0,0.013877551020408156,0.020408163265306124,0.0009105205535888672
primary_step_20,20,position_proprio_history_s1,2,4,103,25,0.52,0.52,0.5168,13,13,12,12,0.92,23,2,0,0.017142857142857147,0.020408163265306145,1.9431114196777344e-05
primary_step_20,20,position_proprio_history_s1,3,0,102,26,0.5,0.5,0.5103550295857988,13,13,13,13,0.7692307692307693,20,6,0,0.010558069381598785,0.019607843137254888,0.009355306625366211
primary_step_20,20,position_proprio_history_s1,3,1,102,26,0.5,0.5,0.5162721893491125,13,13,13,13,0.9230769230769231,24,2,0,0.01659125188536953,0.019607843137254888,1.049041748046875e-05
primary_step_20,20,position_proprio_history_s1,3,2,102,26,0.5,0.5,0.5133136094674556,13,13,13,13,0.8461538461538461,22,4,0,0.013574660633484162,0.019607843137254888,0.0005335211753845215
primary_step_20,20,position_proprio_history_s1,3,3,103,25,0.52,0.52,0.5136,13,13,12,12,0.84,21,4,0,0.013877551020408165,0.020408163265306145,0.0009105205535888672
primary_step_20,20,position_proprio_history_s1,3,4,103,25,0.52,0.52,0.5104,13,13,12,12,0.76,19,6,0,0.010612244897959177,0.02040816326530612,0.01463329792022705
primary_step_20,20,position_proprio_history_s1,4,0,102,26,0.5,0.5,0.514792899408284,13,13,13,13,0.8846153846153846,23,3,0,0.015082956259426832,0.019607843137254888,8.797645568847656e-05
primary_step_20,20,position_proprio_history_s1,4,1,102,26,0.5,0.5,0.514792899408284,13,13,13,13,0.8846153846153846,23,3,0,0.015082956259426846,0.019607843137254888,8.797645568847656e-05
primary_step_20,20,position_proprio_history_s1,4,2,102,26,0.5,0.5,0.5125739644970414,13,13,13,13,0.7884615384615384,20,5,1,0.012820512820512818,0.019607843137254888,0.004077315330505371
primary_step_20,20,position_proprio_history_s1,4,3,103,25,0.48,0.48,0.5184,12,12,13,13,0.96,24,1,0,0.018775510204081632,0.020408163265306145,1.5497207641601562e-06
primary_step_20,20,position_proprio_history_s1,4,4,103,25,0.48,0.48,0.5088,12,12,13,13,0.68,17,8,0,0.008979591836734697,0.02040816326530612,0.10775214433670044
primary_step_20,20,causal_fd_history_s1,0,0,102,26,0.8461538461538461,0.8461538461538461,0.915680473372781,22,22,4,4,0.8076923076923077,21,5,0,0.42383107088989447,0.5098039215686274,0.002493917942047119
primary_step_20,20,causal_fd_history_s1,0,1,102,26,0.8461538461538461,0.8461538461538461,0.9127218934911243,22,22,4,4,0.8846153846153846,23,3,0,0.42081447963800905,0.4411764705882353,8.797645568847656e-05
primary_step_20,20,causal_fd_history_s1,0,2,102,26,0.7307692307692307,0.7307692307692307,0.8239644970414202,19,19,7,7,0.7307692307692307,19,7,0,0.3303167420814479,0.38235294117647056,0.028959274291992188
primary_step_20,20,causal_fd_history_s1,0,3,103,25,0.76,0.76,0.8304,19,19,6,6,0.84,21,4,0,0.33714285714285713,0.3877551020408163,0.0009105205535888672
primary_step_20,20,causal_fd_history_s1,0,4,103,25,0.72,0.72,0.7936,18,18,7,7,0.76,19,6,0,0.29959183673469386,0.36734693877551017,0.01463329792022705
primary_step_20,20,causal_fd_history_s1,1,0,102,26,0.8076923076923077,0.8076923076923077,0.8653846153846154,21,21,5,5,0.8076923076923077,21,5,0,0.3725490196078432,0.39215686274509803,0.002493917942047119
primary_step_20,20,causal_fd_history_s1,1,1,102,26,0.7692307692307693,0.7692307692307693,0.841715976331361,20,20,6,6,0.7692307692307693,20,6,0,0.3484162895927602,0.45098039215686275,0.009355306625366211
primary_step_20,20,causal_fd_history_s1,1,2,102,26,0.8076923076923077,0.8076923076923077,0.9038461538461539,21,21,5,5,0.8461538461538461,22,4,0,0.411764705882353,0.4411764705882353,0.0005335211753845215
primary_step_20,20,causal_fd_history_s1,1,3,103,25,0.72,0.72,0.8608,18,18,7,7,0.84,21,4,0,0.3681632653061224,0.3877551020408163,0.0009105205535888672
primary_step_20,20,causal_fd_history_s1,1,4,103,25,0.8,0.8,0.864,20,20,5,5,0.88,22,3,0,0.37142857142857144,0.38775510204081637,0.00015652179718017578
primary_step_20,20,causal_fd_history_s1,2,0,102,26,0.8461538461538461,0.8461538461538461,0.9053254437869822,22,22,4,4,0.8846153846153846,23,3,0,0.4132730015082956,0.4411764705882353,8.797645568847656e-05
primary_step_20,20,causal_fd_history_s1,2,1,102,26,0.7692307692307693,0.7692307692307693,0.7973372781065089,20,20,6,6,0.7692307692307693,20,6,0,0.3031674208144796,0.2843137254901961,0.009355306625366211
primary_step_20,20,causal_fd_history_s1,2,2,102,26,0.8076923076923077,0.8076923076923077,0.8920118343195266,21,21,5,5,0.7307692307692307,19,7,0,0.39969834087481154,0.47058823529411764,0.028959274291992188
primary_step_20,20,causal_fd_history_s1,2,3,103,25,0.8,0.8,0.8576,20,20,5,5,0.92,23,2,0,0.3648979591836735,0.326530612244898,1.9431114196777344e-05
primary_step_20,20,causal_fd_history_s1,2,4,103,25,0.76,0.76,0.8864,19,19,6,6,0.92,23,2,0,0.3942857142857143,0.4081632653061224,1.9431114196777344e-05
primary_step_20,20,causal_fd_history_s1,3,0,102,26,0.8461538461538461,0.8461538461538461,0.8979289940828402,22,22,4,4,0.9230769230769231,24,2,0,0.40573152337858226,0.4901960784313726,1.049041748046875e-05
primary_step_20,20,causal_fd_history_s1,3,1,102,26,0.8076923076923077,0.8076923076923077,0.8372781065088757,21,21,5,5,0.8461538461538461,22,4,0,0.34389140271493207,0.4411764705882353,0.0005335211753845215
primary_step_20,20,causal_fd_history_s1,3,2,102,26,0.8461538461538461,0.8461538461538461,0.8964497041420119,22,22,4,4,0.8076923076923077,21,5,0,0.4042232277526396,0.49019607843137253,0.002493917942047119
primary_step_20,20,causal_fd_history_s1,3,3,103,25,0.76,0.76,0.8688,19,19,6,6,0.84,21,4,0,0.37632653061224486,0.42857142857142855,0.0009105205535888672
primary_step_20,20,causal_fd_history_s1,3,4,103,25,0.84,0.84,0.8896,21,21,4,4,0.84,21,4,0,0.39755102040816326,0.42857142857142855,0.0009105205535888672
primary_step_20,20,causal_fd_history_s1,4,0,102,26,0.8076923076923077,0.8076923076923077,0.841715976331361,21,21,5,5,0.7307692307692307,19,7,0,0.34841628959276016,0.4215686274509804,0.028959274291992188
primary_step_20,20,causal_fd_history_s1,4,1,102,26,0.7307692307692307,0.7307692307692307,0.8387573964497042,19,19,7,7,0.8076923076923077,21,5,0,0.3453996983408748,0.3529411764705882,0.002493917942047119
primary_step_20,20,causal_fd_history_s1,4,2,102,26,0.8076923076923077,0.8076923076923077,0.908284023668639,21,21,5,5,0.7307692307692307,19,7,0,0.416289592760181,0.5686274509803921,0.028959274291992188
primary_step_20,20,causal_fd_history_s1,4,3,103,25,0.8,0.8,0.8896,20,20,5,5,0.96,24,1,0,0.39755102040816326,0.36734693877551017,1.5497207641601562e-06
primary_step_20,20,causal_fd_history_s1,4,4,103,25,0.76,0.76,0.8544,19,19,6,6,0.84,21,4,0,0.3616326530612245,0.3469387755102041,0.0009105205535888672
primary_step_20,20,model_x_v2_s1,0,0,102,26,0.5,0.5,0.5177514792899408,13,13,13,13,0.9615384615384616,25,1,0,0.018099547511312215,0.019607843137254895,8.046627044677734e-07
primary_step_20,20,model_x_v2_s1,0,1,102,26,0.5,0.5,0.5118343195266272,13,13,13,13,0.8076923076923077,21,5,0,0.012066365007541472,0.019607843137254888,0.002493917942047119
primary_step_20,20,model_x_v2_s1,0,2,102,26,0.5,0.5,0.5118343195266272,13,13,13,13,0.8076923076923077,21,5,0,0.012066365007541466,0.019607843137254888,0.002493917942047119
primary_step_20,20,model_x_v2_s1,0,3,103,25,0.52,0.52,0.5104,13,13,12,12,0.76,19,6,0,0.010612244897959186,0.020408163265306124,0.01463329792022705
primary_step_20,20,model_x_v2_s1,0,4,103,25,0.52,0.52,0.512,13,13,12,12,0.8,20,5,0,0.012244897959183676,0.02040816326530613,0.004077315330505371
primary_step_20,20,model_x_v2_s1,1,0,102,26,0.5,0.5,0.5103550295857988,13,13,13,13,0.7692307692307693,20,6,0,0.010558069381598794,0.019607843137254888,0.009355306625366211
primary_step_20,20,model_x_v2_s1,1,1,102,26,0.5,0.5,0.5103550295857988,13,13,13,13,0.7692307692307693,20,6,0,0.010558069381598792,0.019607843137254888,0.009355306625366211
primary_step_20,20,model_x_v2_s1,1,2,102,26,0.5,0.5,0.514792899408284,13,13,13,13,0.8846153846153846,23,3,0,0.015082956259426846,0.019607843137254888,8.797645568847656e-05
primary_step_20,20,model_x_v2_s1,1,3,103,25,0.52,0.52,0.5136,13,13,12,12,0.84,21,4,0,0.013877551020408156,0.020408163265306124,0.0009105205535888672
primary_step_20,20,model_x_v2_s1,1,4,103,25,0.52,0.52,0.5184,13,13,12,12,0.92,23,2,0,0.018775510204081632,0.020408163265306145,1.9431114196777344e-05
primary_step_20,20,model_x_v2_s1,2,0,102,26,0.5,0.5,0.5103550295857988,13,13,13,13,0.7692307692307693,20,6,0,0.010558069381598782,0.019607843137254888,0.009355306625366211
primary_step_20,20,model_x_v2_s1,2,1,102,26,0.5,0.5,0.5103550295857988,13,13,13,13,0.7307692307692307,19,7,0,0.0105580693815988,0.019607843137254888,0.028959274291992188
primary_step_20,20,model_x_v2_s1,2,2,102,26,0.5,0.5,0.5162721893491125,13,13,13,13,0.9230769230769231,24,2,0,0.01659125188536953,0.019607843137254888,1.049041748046875e-05
primary_step_20,20,model_x_v2_s1,2,3,103,25,0.52,0.52,0.5136,13,13,12,12,0.84,21,4,0,0.013877551020408156,0.020408163265306124,0.0009105205535888672
primary_step_20,20,model_x_v2_s1,2,4,103,25,0.52,0.52,0.5168,13,13,12,12,0.92,23,2,0,0.017142857142857147,0.020408163265306145,1.9431114196777344e-05
primary_step_20,20,model_x_v2_s1,3,0,102,26,0.5,0.5,0.5103550295857988,13,13,13,13,0.7692307692307693,20,6,0,0.010558069381598785,0.019607843137254888,0.009355306625366211
primary_step_20,20,model_x_v2_s1,3,1,102,26,0.5,0.5,0.5162721893491125,13,13,13,13,0.9230769230769231,24,2,0,0.01659125188536953,0.019607843137254888,1.049041748046875e-05
primary_step_20,20,model_x_v2_s1,3,2,102,26,0.5,0.5,0.5133136094674556,13,13,13,13,0.8461538461538461,22,4,0,0.013574660633484162,0.019607843137254888,0.0005335211753845215
primary_step_20,20,model_x_v2_s1,3,3,103,25,0.52,0.52,0.5136,13,13,12,12,0.84,21,4,0,0.013877551020408165,0.020408163265306145,0.0009105205535888672
primary_step_20,20,model_x_v2_s1,3,4,103,25,0.52,0.52,0.5104,13,13,12,12,0.76,19,6,0,0.010612244897959177,0.02040816326530612,0.01463329792022705
primary_step_20,20,model_x_v2_s1,4,0,102,26,0.5,0.5,0.514792899408284,13,13,13,13,0.8846153846153846,23,3,0,0.015082956259426832,0.019607843137254888,8.797645568847656e-05
primary_step_20,20,model_x_v2_s1,4,1,102,26,0.5,0.5,0.514792899408284,13,13,13,13,0.8846153846153846,23,3,0,0.015082956259426846,0.019607843137254888,8.797645568847656e-05
primary_step_20,20,model_x_v2_s1,4,2,102,26,0.5,0.5,0.5125739644970414,13,13,13,13,0.7884615384615384,20,5,1,0.012820512820512818,0.019607843137254888,0.004077315330505371
primary_step_20,20,model_x_v2_s1,4,3,103,25,0.48,0.48,0.5184,12,12,13,13,0.96,24,1,0,0.018775510204081632,0.020408163265306145,1.5497207641601562e-06
primary_step_20,20,model_x_v2_s1,4,4,103,25,0.48,0.48,0.5088,12,12,13,13,0.68,17,8,0,0.008979591836734697,0.02040816326530612,0.10775214433670044
primary_step_20,20,privileged_model_x_v1_s1,0,0,102,26,0.8846153846153846,0.8846153846153846,0.9127218934911243,23,23,3,3,0.8076923076923077,21,5,0,0.42081447963800905,0.5098039215686274,0.002493917942047119
primary_step_20,20,privileged_model_x_v1_s1,0,1,102,26,0.8461538461538461,0.8461538461538461,0.9142011834319527,22,22,4,4,0.8846153846153846,23,3,0,0.42232277526395173,0.43137254901960786,8.797645568847656e-05
primary_step_20,20,privileged_model_x_v1_s1,0,2,102,26,0.7307692307692307,0.7307692307692307,0.8210059171597633,19,19,7,7,0.7307692307692307,19,7,0,0.3273001508295626,0.37254901960784315,0.028959274291992188
primary_step_20,20,privileged_model_x_v1_s1,0,3,103,25,0.76,0.76,0.8256,19,19,6,6,0.84,21,4,0,0.33224489795918366,0.3673469387755102,0.0009105205535888672
primary_step_20,20,privileged_model_x_v1_s1,0,4,103,25,0.72,0.72,0.7904,18,18,7,7,0.76,19,6,0,0.2963265306122449,0.34693877551020413,0.01463329792022705
primary_step_20,20,privileged_model_x_v1_s1,1,0,102,26,0.8461538461538461,0.8461538461538461,0.871301775147929,22,22,4,4,0.8076923076923077,21,5,0,0.3785822021116138,0.4117647058823529,0.002493917942047119
primary_step_20,20,privileged_model_x_v1_s1,1,1,102,26,0.7307692307692307,0.7307692307692307,0.8461538461538461,19,19,7,7,0.7692307692307693,20,6,0,0.3529411764705882,0.4509803921568628,0.009355306625366211
primary_step_20,20,privileged_model_x_v1_s1,1,2,102,26,0.8076923076923077,0.8076923076923077,0.9038461538461539,21,21,5,5,0.8461538461538461,22,4,0,0.411764705882353,0.45098039215686275,0.0005335211753845215
primary_step_20,20,privileged_model_x_v1_s1,1,3,103,25,0.72,0.72,0.8624,18,18,7,7,0.84,21,4,0,0.36979591836734693,0.40816326530612246,0.0009105205535888672
primary_step_20,20,privileged_model_x_v1_s1,1,4,103,25,0.8,0.8,0.8672,20,20,5,5,0.88,22,3,0,0.3746938775510204,0.3673469387755102,0.00015652179718017578
primary_step_20,20,privileged_model_x_v1_s1,2,0,102,26,0.8461538461538461,0.8461538461538461,0.9023668639053254,22,22,4,4,0.8846153846153846,23,3,0,0.41025641025641024,0.4117647058823529,8.797645568847656e-05
primary_step_20,20,privileged_model_x_v1_s1,2,1,102,26,0.7692307692307693,0.7692307692307693,0.7973372781065089,20,20,6,6,0.7692307692307693,20,6,0,0.3031674208144796,0.2745098039215686,0.009355306625366211
primary_step_20,20,privileged_model_x_v1_s1,2,2,102,26,0.8076923076923077,0.8076923076923077,0.8905325443786982,21,21,5,5,0.7307692307692307,19,7,0,0.39819004524886886,0.47058823529411764,0.028959274291992188
primary_step_20,20,privileged_model_x_v1_s1,2,3,103,25,0.8,0.8,0.864,20,20,5,5,0.92,23,2,0,0.37142857142857144,0.32653061224489793,1.9431114196777344e-05
primary_step_20,20,privileged_model_x_v1_s1,2,4,103,25,0.8,0.8,0.8864,20,20,5,5,0.88,22,3,0,0.39428571428571424,0.4081632653061224,0.00015652179718017578
primary_step_20,20,privileged_model_x_v1_s1,3,0,102,26,0.8461538461538461,0.8461538461538461,0.8949704142011834,22,22,4,4,0.8846153846153846,23,3,0,0.4027149321266968,0.45098039215686275,8.797645568847656e-05
primary_step_20,20,privileged_model_x_v1_s1,3,1,102,26,0.8461538461538461,0.8461538461538461,0.8402366863905325,22,22,4,4,0.8461538461538461,22,4,0,0.34690799396681743,0.4215686274509804,0.0005335211753845215
primary_step_20,20,privileged_model_x_v1_s1,3,2,102,26,0.8461538461538461,0.8461538461538461,0.8964497041420119,22,22,4,4,0.8076923076923077,21,5,0,0.4042232277526396,0.49019607843137253,0.002493917942047119
primary_step_20,20,privileged_model_x_v1_s1,3,3,103,25,0.76,0.76,0.8672,19,19,6,6,0.8,20,5,0,0.3746938775510204,0.42857142857142855,0.004077315330505371
primary_step_20,20,privileged_model_x_v1_s1,3,4,103,25,0.8,0.8,0.888,20,20,5,5,0.84,21,4,0,0.3959183673469388,0.4489795918367347,0.0009105205535888672
primary_step_20,20,privileged_model_x_v1_s1,4,0,102,26,0.7692307692307693,0.7692307692307693,0.8402366863905325,20,20,6,6,0.7307692307692307,19,7,0,0.3469079939668175,0.4117647058823529,0.028959274291992188
primary_step_20,20,privileged_model_x_v1_s1,4,1,102,26,0.7692307692307693,0.7692307692307693,0.8254437869822485,20,20,6,6,0.8076923076923077,21,5,0,0.33182503770739064,0.3137254901960784,0.002493917942047119
primary_step_20,20,privileged_model_x_v1_s1,4,2,102,26,0.8076923076923077,0.8076923076923077,0.908284023668639,21,21,5,5,0.7307692307692307,19,7,0,0.416289592760181,0.5784313725490196,0.028959274291992188
primary_step_20,20,privileged_model_x_v1_s1,4,3,103,25,0.8,0.8,0.888,20,20,5,5,0.96,24,1,0,0.3959183673469388,0.36734693877551017,1.5497207641601562e-06
primary_step_20,20,privileged_model_x_v1_s1,4,4,103,25,0.76,0.76,0.856,19,19,6,6,0.84,21,4,0,0.363265306122449,0.3673469387755102,0.0009105205535888672
primary_step_20,20,xy_history_s5,0,0,102,26,0.5,0.5,0.5177514792899408,13,13,13,13,0.9615384615384616,25,1,0,0.018099547511312215,0.019607843137254895,8.046627044677734e-07
primary_step_20,20,xy_history_s5,0,1,102,26,0.5,0.5,0.5133136094674556,13,13,13,13,0.8461538461538461,22,4,0,0.013574660633484151,0.019607843137254888,0.0005335211753845215
primary_step_20,20,xy_history_s5,0,2,102,26,0.5,0.5,0.5133136094674556,13,13,13,13,0.8461538461538461,22,4,0,0.013574660633484151,0.019607843137254888,0.0005335211753845215
primary_step_20,20,xy_history_s5,0,3,103,25,0.48,0.48,0.5104,12,12,13,13,0.76,19,6,0,0.010612244897959186,0.020408163265306124,0.01463329792022705
primary_step_20,20,xy_history_s5,0,4,103,25,0.52,0.52,0.512,13,13,12,12,0.8,20,5,0,0.012244897959183671,0.02040816326530613,0.004077315330505371
primary_step_20,20,xy_history_s5,1,0,102,26,0.5,0.5,0.5103550295857988,13,13,13,13,0.7692307692307693,20,6,0,0.010558069381598794,0.019607843137254888,0.009355306625366211
primary_step_20,20,xy_history_s5,1,1,102,26,0.5,0.5,0.5103550295857988,13,13,13,13,0.7692307692307693,20,6,0,0.010558069381598801,0.019607843137254888,0.009355306625366211
primary_step_20,20,xy_history_s5,1,2,102,26,0.5,0.5,0.5162721893491125,13,13,13,13,0.9230769230769231,24,2,0,0.016591251885369526,0.019607843137254888,1.049041748046875e-05
primary_step_20,20,xy_history_s5,1,3,103,25,0.52,0.52,0.5136,13,13,12,12,0.84,21,4,0,0.01387755102040817,0.020408163265306145,0.0009105205535888672
primary_step_20,20,xy_history_s5,1,4,103,25,0.52,0.52,0.5168,13,13,12,12,0.92,23,2,0,0.01714285714285714,0.020408163265306145,1.9431114196777344e-05
primary_step_20,20,xy_history_s5,2,0,102,26,0.5,0.5,0.5103550295857988,13,13,13,13,0.7692307692307693,20,6,0,0.010558069381598773,0.019607843137254888,0.009355306625366211
primary_step_20,20,xy_history_s5,2,1,102,26,0.5,0.5,0.5088757396449705,13,13,13,13,0.7307692307692307,19,7,0,0.009049773755656104,0.019607843137254888,0.028959274291992188
primary_step_20,20,xy_history_s5,2,2,102,26,0.5,0.5,0.5162721893491125,13,13,13,13,0.9230769230769231,24,2,0,0.01659125188536953,0.019607843137254888,1.049041748046875e-05
primary_step_20,20,xy_history_s5,2,3,103,25,0.52,0.52,0.5152,13,13,12,12,0.88,22,3,0,0.015510204081632659,0.020408163265306145,0.00015652179718017578
primary_step_20,20,xy_history_s5,2,4,103,25,0.52,0.52,0.5168,13,13,12,12,0.92,23,2,0,0.017142857142857147,0.020408163265306145,1.9431114196777344e-05
primary_step_20,20,xy_history_s5,3,0,102,26,0.5,0.5,0.5103550295857988,13,13,13,13,0.7692307692307693,20,6,0,0.010558069381598785,0.019607843137254888,0.009355306625366211
primary_step_20,20,xy_history_s5,3,1,102,26,0.5,0.5,0.5162721893491125,13,13,13,13,0.9230769230769231,24,2,0,0.01659125188536953,0.019607843137254888,1.049041748046875e-05
primary_step_20,20,xy_history_s5,3,2,102,26,0.5,0.5,0.5133136094674556,13,13,13,13,0.8461538461538461,22,4,0,0.013574660633484162,0.019607843137254888,0.0005335211753845215
primary_step_20,20,xy_history_s5,3,3,103,25,0.52,0.52,0.5136,13,13,12,12,0.84,21,4,0,0.013877551020408165,0.020408163265306145,0.0009105205535888672
primary_step_20,20,xy_history_s5,3,4,103,25,0.52,0.52,0.5136,13,13,12,12,0.84,21,4,0,0.013877551020408161,0.02040816326530613,0.0009105205535888672
primary_step_20,20,xy_history_s5,4,0,102,26,0.5,0.5,0.514792899408284,13,13,13,13,0.8846153846153846,23,3,0,0.015082956259426841,0.019607843137254888,8.797645568847656e-05
primary_step_20,20,xy_history_s5,4,1,102,26,0.5,0.5,0.514792899408284,13,13,13,13,0.8846153846153846,23,3,0,0.015082956259426846,0.019607843137254888,8.797645568847656e-05
primary_step_20,20,xy_history_s5,4,2,102,26,0.5,0.5,0.5118343195266272,13,13,13,13,0.8076923076923077,21,5,0,0.012066365007541479,0.019607843137254888,0.002493917942047119
primary_step_20,20,xy_history_s5,4,3,103,25,0.52,0.52,0.5184,13,13,12,12,0.96,24,1,0,0.018775510204081636,0.020408163265306145,1.5497207641601562e-06
primary_step_20,20,xy_history_s5,4,4,103,25,0.48,0.48,0.5072,12,12,13,13,0.68,17,8,0,0.00734693877551021,0.02040816326530612,0.10775214433670044
primary_step_20,20,position_proprio_history_s5,0,0,102,26,0.5,0.5,0.5177514792899408,13,13,13,13,0.9615384615384616,25,1,0,0.018099547511312215,0.019607843137254895,8.046627044677734e-07
primary_step_20,20,position_proprio_history_s5,0,1,102,26,0.5,0.5,0.5133136094674556,13,13,13,13,0.8461538461538461,22,4,0,0.013574660633484151,0.019607843137254888,0.0005335211753845215
primary_step_20,20,position_proprio_history_s5,0,2,102,26,0.5,0.5,0.5133136094674556,13,13,13,13,0.8461538461538461,22,4,0,0.013574660633484155,0.019607843137254888,0.0005335211753845215
primary_step_20,20,position_proprio_history_s5,0,3,103,25,0.52,0.52,0.5104,13,13,12,12,0.76,19,6,0,0.010612244897959191,0.020408163265306145,0.01463329792022705
primary_step_20,20,position_proprio_history_s5,0,4,103,25,0.52,0.52,0.512,13,13,12,12,0.8,20,5,0,0.01224489795918367,0.020408163265306124,0.004077315330505371
primary_step_20,20,position_proprio_history_s5,1,0,102,26,0.5,0.5,0.5103550295857988,13,13,13,13,0.7692307692307693,20,6,0,0.010558069381598794,0.019607843137254888,0.009355306625366211
primary_step_20,20,position_proprio_history_s5,1,1,102,26,0.5,0.5,0.5103550295857988,13,13,13,13,0.7692307692307693,20,6,0,0.010558069381598801,0.019607843137254888,0.009355306625366211
primary_step_20,20,position_proprio_history_s5,1,2,102,26,0.5,0.5,0.5162721893491125,13,13,13,13,0.9230769230769231,24,2,0,0.016591251885369526,0.019607843137254888,1.049041748046875e-05
primary_step_20,20,position_proprio_history_s5,1,3,103,25,0.52,0.52,0.5136,13,13,12,12,0.84,21,4,0,0.01387755102040817,0.020408163265306145,0.0009105205535888672
primary_step_20,20,position_proprio_history_s5,1,4,103,25,0.52,0.52,0.5168,13,13,12,12,0.92,23,2,0,0.01714285714285714,0.020408163265306145,1.9431114196777344e-05
primary_step_20,20,position_proprio_history_s5,2,0,102,26,0.5,0.5,0.5103550295857988,13,13,13,13,0.7692307692307693,20,6,0,0.010558069381598782,0.019607843137254888,0.009355306625366211
primary_step_20,20,position_proprio_history_s5,2,1,102,26,0.5,0.5,0.5088757396449705,13,13,13,13,0.7307692307692307,19,7,0,0.009049773755656104,0.019607843137254888,0.028959274291992188
primary_step_20,20,position_proprio_history_s5,2,2,102,26,0.5,0.5,0.5162721893491125,13,13,13,13,0.9230769230769231,24,2,0,0.01659125188536953,0.019607843137254888,1.049041748046875e-05
primary_step_20,20,position_proprio_history_s5,2,3,103,25,0.52,0.52,0.5152,13,13,12,12,0.88,22,3,0,0.015510204081632659,0.020408163265306145,0.00015652179718017578
primary_step_20,20,position_proprio_history_s5,2,4,103,25,0.52,0.52,0.5168,13,13,12,12,0.92,23,2,0,0.017142857142857147,0.020408163265306145,1.9431114196777344e-05
primary_step_20,20,position_proprio_history_s5,3,0,102,26,0.5,0.5,0.5103550295857988,13,13,13,13,0.7692307692307693,20,6,0,0.010558069381598785,0.019607843137254888,0.009355306625366211
primary_step_20,20,position_proprio_history_s5,3,1,102,26,0.5,0.5,0.5162721893491125,13,13,13,13,0.9230769230769231,24,2,0,0.01659125188536953,0.019607843137254888,1.049041748046875e-05
primary_step_20,20,position_proprio_history_s5,3,2,102,26,0.5,0.5,0.5133136094674556,13,13,13,13,0.8461538461538461,22,4,0,0.013574660633484162,0.019607843137254888,0.0005335211753845215
primary_step_20,20,position_proprio_history_s5,3,3,103,25,0.52,0.52,0.5136,13,13,12,12,0.84,21,4,0,0.013877551020408165,0.020408163265306145,0.0009105205535888672
primary_step_20,20,position_proprio_history_s5,3,4,103,25,0.52,0.52,0.5136,13,13,12,12,0.84,21,4,0,0.013877551020408161,0.02040816326530613,0.0009105205535888672
primary_step_20,20,position_proprio_history_s5,4,0,102,26,0.5,0.5,0.514792899408284,13,13,13,13,0.8846153846153846,23,3,0,0.015082956259426841,0.019607843137254888,8.797645568847656e-05
primary_step_20,20,position_proprio_history_s5,4,1,102,26,0.5,0.5,0.514792899408284,13,13,13,13,0.8846153846153846,23,3,0,0.015082956259426846,0.019607843137254888,8.797645568847656e-05
primary_step_20,20,position_proprio_history_s5,4,2,102,26,0.5,0.5,0.5118343195266272,13,13,13,13,0.8076923076923077,21,5,0,0.012066365007541479,0.019607843137254888,0.002493917942047119
primary_step_20,20,position_proprio_history_s5,4,3,103,25,0.52,0.52,0.5184,13,13,12,12,0.96,24,1,0,0.018775510204081632,0.020408163265306145,1.5497207641601562e-06
primary_step_20,20,position_proprio_history_s5,4,4,103,25,0.48,0.48,0.5072,12,12,13,13,0.68,17,8,0,0.00734693877551021,0.02040816326530612,0.10775214433670044
primary_step_20,20,causal_fd_history_s5,0,0,102,26,0.9230769230769231,0.9230769230769231,0.9911242603550295,24,24,2,2,1.0,26,0,0,0.5007541478129713,0.4215686274509804,2.9802322387695312e-08
primary_step_20,20,causal_fd_history_s5,0,1,102,26,0.8461538461538461,0.8461538461538461,0.9171597633136095,22,22,4,4,0.9615384615384616,25,1,0,0.42533936651583715,0.4509803921568627,8.046627044677734e-07
primary_step_20,20,causal_fd_history_s5,0,2,102,26,0.9615384615384616,0.9615384615384616,0.9955621301775148,25,25,1,1,0.9615384615384616,25,1,0,0.5052790346907994,0.5,8.046627044677734e-07
primary_step_20,20,causal_fd_history_s5,0,3,103,25,0.92,0.92,0.9808,23,23,2,2,0.96,24,1,0,0.4906122448979592,0.5918367346938775,1.5497207641601562e-06
primary_step_20,20,causal_fd_history_s5,0,4,103,25,0.92,0.92,0.9392,23,23,2,2,0.96,24,1,0,0.44816326530612244,0.3877551020408163,1.5497207641601562e-06
primary_step_20,20,causal_fd_history_s5,1,0,102,26,0.9230769230769231,0.9230769230769231,0.9822485207100592,24,24,2,2,0.9615384615384616,25,1,0,0.4917043740573152,0.5392156862745099,8.046627044677734e-07
primary_step_20,20,causal_fd_history_s5,1,1,102,26,0.9230769230769231,0.9230769230769231,0.9275147928994083,24,24,2,2,1.0,26,0,0,0.43589743589743585,0.37254901960784315,2.9802322387695312e-08
primary_step_20,20,causal_fd_history_s5,1,2,102,26,0.9615384615384616,0.9615384615384616,0.9881656804733728,25,25,1,1,1.0,26,0,0,0.497737556561086,0.5,2.9802322387695312e-08
primary_step_20,20,causal_fd_history_s5,1,3,103,25,0.92,0.92,0.9824,23,23,2,2,1.0,25,0,0,0.4922448979591836,0.40816326530612246,5.960464477539063e-08
primary_step_20,20,causal_fd_history_s5,1,4,103,25,0.96,0.96,0.9872,24,24,1,1,1.0,25,0,0,0.49714285714285716,0.5306122448979591,5.960464477539063e-08
primary_step_20,20,causal_fd_history_s5,2,0,102,26,0.9230769230769231,0.9230769230769231,0.985207100591716,24,24,2,2,1.0,26,0,0,0.4947209653092007,0.4509803921568628,2.9802322387695312e-08
primary_step_20,20,causal_fd_history_s5,2,1,102,26,0.8846153846153846,0.8846153846153846,0.9142011834319527,23,23,3,3,1.0,26,0,0,0.4223227752639517,0.392156862745098,2.9802322387695312e-08
primary_step_20,20,causal_fd_history_s5,2,2,102,26,0.9615384615384616,0.9615384615384616,0.9497041420118343,25,25,1,1,0.9615384615384616,25,1,0,0.4585218702865761,0.5196078431372548,8.046627044677734e-07
primary_step_20,20,causal_fd_history_s5,2,3,103,25,0.92,0.92,0.976,23,23,2,2,1.0,25,0,0,0.48571428571428577,0.4285714285714286,5.960464477539063e-08
primary_step_20,20,causal_fd_history_s5,2,4,103,25,0.96,0.96,0.9808,24,24,1,1,1.0,25,0,0,0.4906122448979592,0.5102040816326531,5.960464477539063e-08
primary_step_20,20,causal_fd_history_s5,3,0,102,26,0.9230769230769231,0.9230769230769231,0.9571005917159763,24,24,2,2,1.0,26,0,0,0.4660633484162896,0.5784313725490196,2.9802322387695312e-08
primary_step_20,20,causal_fd_history_s5,3,1,102,26,0.9230769230769231,0.9230769230769231,0.9792899408284024,24,24,2,2,1.0,26,0,0,0.4886877828054299,0.5294117647058824,2.9802322387695312e-08
primary_step_20,20,causal_fd_history_s5,3,2,102,26,0.8846153846153846,0.8846153846153846,0.9423076923076923,23,23,3,3,1.0,26,0,0,0.4509803921568628,0.4117647058823529,2.9802322387695312e-08
primary_step_20,20,causal_fd_history_s5,3,3,103,25,0.88,0.88,0.9696,22,22,3,3,1.0,25,0,0,0.4791836734693877,0.4489795918367347,5.960464477539063e-08
primary_step_20,20,causal_fd_history_s5,3,4,103,25,0.92,0.92,0.976,23,23,2,2,1.0,25,0,0,0.4857142857142857,0.510204081632653,5.960464477539063e-08
primary_step_20,20,causal_fd_history_s5,4,0,102,26,0.8461538461538461,0.8461538461538461,0.9393491124260355,22,22,4,4,1.0,26,0,0,0.44796380090497734,0.42156862745098034,2.9802322387695312e-08
primary_step_20,20,causal_fd_history_s5,4,1,102,26,0.9230769230769231,0.9230769230769231,0.9792899408284024,24,24,2,2,0.9615384615384616,25,1,0,0.48868778280542985,0.5686274509803921,8.046627044677734e-07
primary_step_20,20,causal_fd_history_s5,4,2,102,26,0.9230769230769231,0.9230769230769231,0.9585798816568047,24,24,2,2,1.0,26,0,0,0.46757164404223234,0.5,2.9802322387695312e-08
primary_step_20,20,causal_fd_history_s5,4,3,103,25,0.96,0.96,0.9584,24,24,1,1,1.0,25,0,0,0.46775510204081633,0.489795918367347,5.960464477539063e-08
primary_step_20,20,causal_fd_history_s5,4,4,103,25,0.92,0.92,0.9632,23,23,2,2,1.0,25,0,0,0.47265306122448975,0.4285714285714286,5.960464477539063e-08
primary_step_20,20,model_x_v2_s5,0,0,102,26,0.5,0.5,0.5177514792899408,13,13,13,13,0.9615384615384616,25,1,0,0.018099547511312215,0.019607843137254895,8.046627044677734e-07
primary_step_20,20,model_x_v2_s5,0,1,102,26,0.5,0.5,0.5133136094674556,13,13,13,13,0.8461538461538461,22,4,0,0.013574660633484151,0.019607843137254888,0.0005335211753845215
primary_step_20,20,model_x_v2_s5,0,2,102,26,0.5,0.5,0.5133136094674556,13,13,13,13,0.8461538461538461,22,4,0,0.013574660633484155,0.019607843137254888,0.0005335211753845215
primary_step_20,20,model_x_v2_s5,0,3,103,25,0.52,0.52,0.5104,13,13,12,12,0.76,19,6,0,0.010612244897959191,0.020408163265306145,0.01463329792022705
primary_step_20,20,model_x_v2_s5,0,4,103,25,0.52,0.52,0.512,13,13,12,12,0.8,20,5,0,0.01224489795918367,0.020408163265306124,0.004077315330505371
primary_step_20,20,model_x_v2_s5,1,0,102,26,0.5,0.5,0.5103550295857988,13,13,13,13,0.7692307692307693,20,6,0,0.010558069381598794,0.019607843137254888,0.009355306625366211
primary_step_20,20,model_x_v2_s5,1,1,102,26,0.5,0.5,0.5103550295857988,13,13,13,13,0.7692307692307693,20,6,0,0.010558069381598801,0.019607843137254888,0.009355306625366211
primary_step_20,20,model_x_v2_s5,1,2,102,26,0.5,0.5,0.5162721893491125,13,13,13,13,0.9230769230769231,24,2,0,0.016591251885369526,0.019607843137254888,1.049041748046875e-05
primary_step_20,20,model_x_v2_s5,1,3,103,25,0.52,0.52,0.5136,13,13,12,12,0.84,21,4,0,0.01387755102040817,0.020408163265306145,0.0009105205535888672
primary_step_20,20,model_x_v2_s5,1,4,103,25,0.52,0.52,0.5168,13,13,12,12,0.92,23,2,0,0.01714285714285714,0.020408163265306145,1.9431114196777344e-05
primary_step_20,20,model_x_v2_s5,2,0,102,26,0.5,0.5,0.5103550295857988,13,13,13,13,0.7692307692307693,20,6,0,0.010558069381598782,0.019607843137254888,0.009355306625366211
primary_step_20,20,model_x_v2_s5,2,1,102,26,0.5,0.5,0.5088757396449705,13,13,13,13,0.7307692307692307,19,7,0,0.009049773755656104,0.019607843137254888,0.028959274291992188
primary_step_20,20,model_x_v2_s5,2,2,102,26,0.5,0.5,0.5162721893491125,13,13,13,13,0.9230769230769231,24,2,0,0.01659125188536953,0.019607843137254888,1.049041748046875e-05
primary_step_20,20,model_x_v2_s5,2,3,103,25,0.52,0.52,0.5152,13,13,12,12,0.88,22,3,0,0.015510204081632659,0.020408163265306145,0.00015652179718017578
primary_step_20,20,model_x_v2_s5,2,4,103,25,0.52,0.52,0.5168,13,13,12,12,0.92,23,2,0,0.017142857142857147,0.020408163265306145,1.9431114196777344e-05
primary_step_20,20,model_x_v2_s5,3,0,102,26,0.5,0.5,0.5103550295857988,13,13,13,13,0.7692307692307693,20,6,0,0.010558069381598785,0.019607843137254888,0.009355306625366211
primary_step_20,20,model_x_v2_s5,3,1,102,26,0.5,0.5,0.5162721893491125,13,13,13,13,0.9230769230769231,24,2,0,0.01659125188536953,0.019607843137254888,1.049041748046875e-05
primary_step_20,20,model_x_v2_s5,3,2,102,26,0.5,0.5,0.5133136094674556,13,13,13,13,0.8461538461538461,22,4,0,0.013574660633484162,0.019607843137254888,0.0005335211753845215
primary_step_20,20,model_x_v2_s5,3,3,103,25,0.52,0.52,0.5136,13,13,12,12,0.84,21,4,0,0.013877551020408165,0.020408163265306145,0.0009105205535888672
primary_step_20,20,model_x_v2_s5,3,4,103,25,0.52,0.52,0.5136,13,13,12,12,0.84,21,4,0,0.013877551020408161,0.02040816326530613,0.0009105205535888672
primary_step_20,20,model_x_v2_s5,4,0,102,26,0.5,0.5,0.514792899408284,13,13,13,13,0.8846153846153846,23,3,0,0.015082956259426841,0.019607843137254888,8.797645568847656e-05
primary_step_20,20,model_x_v2_s5,4,1,102,26,0.5,0.5,0.514792899408284,13,13,13,13,0.8846153846153846,23,3,0,0.015082956259426846,0.019607843137254888,8.797645568847656e-05
primary_step_20,20,model_x_v2_s5,4,2,102,26,0.5,0.5,0.5118343195266272,13,13,13,13,0.8076923076923077,21,5,0,0.012066365007541479,0.019607843137254888,0.002493917942047119
primary_step_20,20,model_x_v2_s5,4,3,103,25,0.52,0.52,0.5184,13,13,12,12,0.96,24,1,0,0.018775510204081632,0.020408163265306145,1.5497207641601562e-06
primary_step_20,20,model_x_v2_s5,4,4,103,25,0.48,0.48,0.5072,12,12,13,13,0.68,17,8,0,0.00734693877551021,0.02040816326530612,0.10775214433670044
primary_step_20,20,privileged_model_x_v1_s5,0,0,102,26,0.9230769230769231,0.9230769230769231,0.9186390532544378,24,24,2,2,0.8846153846153846,23,3,0,0.4268476621417797,0.5294117647058824,8.797645568847656e-05
primary_step_20,20,privileged_model_x_v1_s5,0,1,102,26,0.8461538461538461,0.8461538461538461,0.9038461538461539,22,22,4,4,0.8846153846153846,23,3,0,0.411764705882353,0.5,8.797645568847656e-05
primary_step_20,20,privileged_model_x_v1_s5,0,2,102,26,0.8076923076923077,0.8076923076923077,0.908284023668639,21,21,5,5,0.9230769230769231,24,2,0,0.41628959276018096,0.38235294117647056,1.049041748046875e-05
primary_step_20,20,privileged_model_x_v1_s5,0,3,103,25,0.88,0.88,0.936,22,22,3,3,0.92,23,2,0,0.4448979591836734,0.38775510204081637,1.9431114196777344e-05
primary_step_20,20,privileged_model_x_v1_s5,0,4,103,25,0.88,0.88,0.9072,22,22,3,3,0.92,23,2,0,0.41551020408163275,0.4285714285714286,1.9431114196777344e-05
primary_step_20,20,privileged_model_x_v1_s5,1,0,102,26,0.8461538461538461,0.8461538461538461,0.8727810650887574,22,22,4,4,0.8461538461538461,22,4,0,0.3800904977375566,0.4901960784313726,0.0005335211753845215
primary_step_20,20,privileged_model_x_v1_s5,1,1,102,26,0.8461538461538461,0.8461538461538461,0.8683431952662722,22,22,4,4,0.8846153846153846,23,3,0,0.37556561085972845,0.4019607843137255,8.797645568847656e-05
primary_step_20,20,privileged_model_x_v1_s5,1,2,102,26,0.9230769230769231,0.9230769230769231,0.9511834319526628,24,24,2,2,0.9615384615384616,25,1,0,0.4600301659125188,0.48039215686274506,8.046627044677734e-07
primary_step_20,20,privileged_model_x_v1_s5,1,3,103,25,0.84,0.84,0.8976,21,21,4,4,0.84,21,4,0,0.4057142857142857,0.40816326530612246,0.0009105205535888672
primary_step_20,20,privileged_model_x_v1_s5,1,4,103,25,0.88,0.88,0.9504,22,22,3,3,0.96,24,1,0,0.4595918367346939,0.4693877551020408,1.5497207641601562e-06
primary_step_20,20,privileged_model_x_v1_s5,2,0,102,26,0.8076923076923077,0.8076923076923077,0.9230769230769231,21,21,5,5,0.8846153846153846,23,3,0,0.43137254901960786,0.3627450980392157,8.797645568847656e-05
primary_step_20,20,privileged_model_x_v1_s5,2,1,102,26,0.8461538461538461,0.8461538461538461,0.893491124260355,22,22,4,4,0.9230769230769231,24,2,0,0.40120663650075417,0.303921568627451,1.049041748046875e-05
primary_step_20,20,privileged_model_x_v1_s5,2,2,102,26,0.9230769230769231,0.9230769230769231,0.9319526627218935,24,24,2,2,0.8846153846153846,23,3,0,0.44042232277526394,0.5,8.797645568847656e-05
primary_step_20,20,privileged_model_x_v1_s5,2,3,103,25,0.84,0.84,0.8992,21,21,4,4,0.96,24,1,0,0.40734693877551015,0.38775510204081637,1.5497207641601562e-06
primary_step_20,20,privileged_model_x_v1_s5,2,4,103,25,0.88,0.88,0.9552,22,22,3,3,0.92,23,2,0,0.4644897959183673,0.46938775510204084,1.9431114196777344e-05
primary_step_20,20,privileged_model_x_v1_s5,3,0,102,26,0.8461538461538461,0.8461538461538461,0.9038461538461539,22,22,4,4,0.8846153846153846,23,3,0,0.411764705882353,0.39215686274509803,8.797645568847656e-05
primary_step_20,20,privileged_model_x_v1_s5,3,1,102,26,0.9230769230769231,0.9230769230769231,0.9571005917159763,24,24,2,2,0.9615384615384616,25,1,0,0.46606334841628966,0.47058823529411764,8.046627044677734e-07
primary_step_20,20,privileged_model_x_v1_s5,3,2,102,26,0.8076923076923077,0.8076923076923077,0.886094674556213,21,21,5,5,0.9230769230769231,24,2,0,0.3936651583710407,0.39215686274509803,1.049041748046875e-05
primary_step_20,20,privileged_model_x_v1_s5,3,3,103,25,0.8,0.8,0.9056,20,20,5,5,0.88,22,3,0,0.4138775510204082,0.40816326530612246,0.00015652179718017578
primary_step_20,20,privileged_model_x_v1_s5,3,4,103,25,0.88,0.88,0.9472,22,22,3,3,0.96,24,1,0,0.4563265306122449,0.46938775510204084,1.5497207641601562e-06
primary_step_20,20,privileged_model_x_v1_s5,4,0,102,26,0.8461538461538461,0.8461538461538461,0.9482248520710059,22,22,4,4,0.9230769230769231,24,2,0,0.4570135746606334,0.5980392156862744,1.049041748046875e-05
primary_step_20,20,privileged_model_x_v1_s5,4,1,102,26,0.8461538461538461,0.8461538461538461,0.9142011834319527,22,22,4,4,0.9230769230769231,24,2,0,0.42232277526395173,0.4019607843137255,1.049041748046875e-05
primary_step_20,20,privileged_model_x_v1_s5,4,2,102,26,0.8461538461538461,0.8461538461538461,0.9097633136094675,22,22,4,4,0.8846153846153846,23,3,0,0.4177978883861237,0.47058823529411764,8.797645568847656e-05
primary_step_20,20,privileged_model_x_v1_s5,4,3,103,25,0.84,0.84,0.9152,21,21,4,4,0.96,24,1,0,0.42367346938775513,0.3877551020408164,1.5497207641601562e-06
primary_step_20,20,privileged_model_x_v1_s5,4,4,103,25,0.88,0.88,0.9008,22,22,3,3,0.88,22,3,0,0.4089795918367347,0.38775510204081626,0.00015652179718017578
primary_step_20,20,xy_history_s10,0,0,102,26,0.5,0.5,0.5177514792899408,13,13,13,13,0.9615384615384616,25,1,0,0.018099547511312215,0.019607843137254895,8.046627044677734e-07
primary_step_20,20,xy_history_s10,0,1,102,26,0.5,0.5,0.5133136094674556,13,13,13,13,0.8461538461538461,22,4,0,0.013574660633484151,0.019607843137254888,0.0005335211753845215
primary_step_20,20,xy_history_s10,0,2,102,26,0.5,0.5,0.5133136094674556,13,13,13,13,0.8461538461538461,22,4,0,0.013574660633484155,0.019607843137254888,0.0005335211753845215
primary_step_20,20,xy_history_s10,0,3,103,25,0.52,0.52,0.5104,13,13,12,12,0.76,19,6,0,0.010612244897959186,0.020408163265306124,0.01463329792022705
primary_step_20,20,xy_history_s10,0,4,103,25,0.52,0.52,0.512,13,13,12,12,0.8,20,5,0,0.012244897959183688,0.020408163265306145,0.004077315330505371
primary_step_20,20,xy_history_s10,1,0,102,26,0.5,0.5,0.5103550295857988,13,13,13,13,0.7692307692307693,20,6,0,0.010558069381598785,0.019607843137254888,0.009355306625366211
primary_step_20,20,xy_history_s10,1,1,102,26,0.5,0.5,0.5103550295857988,13,13,13,13,0.7692307692307693,20,6,0,0.010558069381598801,0.019607843137254888,0.009355306625366211
primary_step_20,20,xy_history_s10,1,2,102,26,0.5,0.5,0.5162721893491125,13,13,13,13,0.9230769230769231,24,2,0,0.016591251885369526,0.019607843137254888,1.049041748046875e-05
primary_step_20,20,xy_history_s10,1,3,103,25,0.52,0.52,0.5136,13,13,12,12,0.84,21,4,0,0.01387755102040817,0.020408163265306145,0.0009105205535888672
primary_step_20,20,xy_history_s10,1,4,103,25,0.52,0.52,0.5168,13,13,12,12,0.92,23,2,0,0.01714285714285714,0.020408163265306145,1.9431114196777344e-05
primary_step_20,20,xy_history_s10,2,0,102,26,0.5,0.5,0.5103550295857988,13,13,13,13,0.7692307692307693,20,6,0,0.010558069381598773,0.019607843137254888,0.009355306625366211
primary_step_20,20,xy_history_s10,2,1,102,26,0.5,0.5,0.5088757396449705,13,13,13,13,0.7307692307692307,19,7,0,0.009049773755656104,0.019607843137254888,0.028959274291992188
primary_step_20,20,xy_history_s10,2,2,102,26,0.5,0.5,0.5162721893491125,13,13,13,13,0.9230769230769231,24,2,0,0.01659125188536953,0.019607843137254888,1.049041748046875e-05
primary_step_20,20,xy_history_s10,2,3,103,25,0.52,0.52,0.5152,13,13,12,12,0.88,22,3,0,0.015510204081632659,0.020408163265306145,0.00015652179718017578
primary_step_20,20,xy_history_s10,2,4,103,25,0.52,0.52,0.5168,13,13,12,12,0.92,23,2,0,0.017142857142857147,0.020408163265306145,1.9431114196777344e-05
primary_step_20,20,xy_history_s10,3,0,102,26,0.5,0.5,0.5103550295857988,13,13,13,13,0.7692307692307693,20,6,0,0.010558069381598785,0.019607843137254888,0.009355306625366211
primary_step_20,20,xy_history_s10,3,1,102,26,0.5,0.5,0.5162721893491125,13,13,13,13,0.9230769230769231,24,2,0,0.01659125188536953,0.019607843137254888,1.049041748046875e-05
primary_step_20,20,xy_history_s10,3,2,102,26,0.5,0.5,0.5133136094674556,13,13,13,13,0.8461538461538461,22,4,0,0.013574660633484162,0.019607843137254888,0.0005335211753845215
primary_step_20,20,xy_history_s10,3,3,103,25,0.52,0.52,0.5136,13,13,12,12,0.84,21,4,0,0.013877551020408165,0.020408163265306145,0.0009105205535888672
primary_step_20,20,xy_history_s10,3,4,103,25,0.52,0.52,0.5136,13,13,12,12,0.84,21,4,0,0.013877551020408161,0.02040816326530613,0.0009105205535888672
primary_step_20,20,xy_history_s10,4,0,102,26,0.5,0.5,0.514792899408284,13,13,13,13,0.8846153846153846,23,3,0,0.015082956259426837,0.019607843137254888,8.797645568847656e-05
primary_step_20,20,xy_history_s10,4,1,102,26,0.5,0.5,0.514792899408284,13,13,13,13,0.8846153846153846,23,3,0,0.015082956259426846,0.019607843137254888,8.797645568847656e-05
primary_step_20,20,xy_history_s10,4,2,102,26,0.5,0.5,0.5118343195266272,13,13,13,13,0.8076923076923077,21,5,0,0.012066365007541479,0.019607843137254888,0.002493917942047119
primary_step_20,20,xy_history_s10,4,3,103,25,0.52,0.52,0.5184,13,13,12,12,0.96,24,1,0,0.018775510204081636,0.020408163265306145,1.5497207641601562e-06
primary_step_20,20,xy_history_s10,4,4,103,25,0.48,0.48,0.5072,12,12,13,13,0.68,17,8,0,0.00734693877551021,0.02040816326530612,0.10775214433670044
primary_step_20,20,position_proprio_history_s10,0,0,102,26,0.5,0.5,0.5177514792899408,13,13,13,13,0.9615384615384616,25,1,0,0.018099547511312215,0.019607843137254895,8.046627044677734e-07
primary_step_20,20,position_proprio_history_s10,0,1,102,26,0.5,0.5,0.5133136094674556,13,13,13,13,0.8461538461538461,22,4,0,0.013574660633484151,0.019607843137254888,0.0005335211753845215
primary_step_20,20,position_proprio_history_s10,0,2,102,26,0.5,0.5,0.5133136094674556,13,13,13,13,0.8461538461538461,22,4,0,0.013574660633484155,0.019607843137254888,0.0005335211753845215
primary_step_20,20,position_proprio_history_s10,0,3,103,25,0.52,0.52,0.5104,13,13,12,12,0.76,19,6,0,0.010612244897959186,0.020408163265306124,0.01463329792022705
primary_step_20,20,position_proprio_history_s10,0,4,103,25,0.52,0.52,0.512,13,13,12,12,0.8,20,5,0,0.012244897959183688,0.020408163265306145,0.004077315330505371
primary_step_20,20,position_proprio_history_s10,1,0,102,26,0.5,0.5,0.5103550295857988,13,13,13,13,0.7692307692307693,20,6,0,0.010558069381598785,0.019607843137254888,0.009355306625366211
primary_step_20,20,position_proprio_history_s10,1,1,102,26,0.5,0.5,0.5103550295857988,13,13,13,13,0.7692307692307693,20,6,0,0.010558069381598801,0.019607843137254888,0.009355306625366211
primary_step_20,20,position_proprio_history_s10,1,2,102,26,0.5,0.5,0.5162721893491125,13,13,13,13,0.9230769230769231,24,2,0,0.016591251885369526,0.019607843137254888,1.049041748046875e-05
primary_step_20,20,position_proprio_history_s10,1,3,103,25,0.52,0.52,0.5136,13,13,12,12,0.84,21,4,0,0.01387755102040817,0.020408163265306145,0.0009105205535888672
primary_step_20,20,position_proprio_history_s10,1,4,103,25,0.52,0.52,0.5168,13,13,12,12,0.92,23,2,0,0.01714285714285714,0.020408163265306145,1.9431114196777344e-05
primary_step_20,20,position_proprio_history_s10,2,0,102,26,0.5,0.5,0.5103550295857988,13,13,13,13,0.7692307692307693,20,6,0,0.010558069381598773,0.019607843137254888,0.009355306625366211
primary_step_20,20,position_proprio_history_s10,2,1,102,26,0.5,0.5,0.5088757396449705,13,13,13,13,0.7307692307692307,19,7,0,0.009049773755656104,0.019607843137254888,0.028959274291992188
primary_step_20,20,position_proprio_history_s10,2,2,102,26,0.5,0.5,0.5162721893491125,13,13,13,13,0.9230769230769231,24,2,0,0.01659125188536953,0.019607843137254888,1.049041748046875e-05
primary_step_20,20,position_proprio_history_s10,2,3,103,25,0.52,0.52,0.5152,13,13,12,12,0.88,22,3,0,0.01551020408163265,0.020408163265306145,0.00015652179718017578
primary_step_20,20,position_proprio_history_s10,2,4,103,25,0.52,0.52,0.5168,13,13,12,12,0.92,23,2,0,0.017142857142857147,0.020408163265306145,1.9431114196777344e-05
primary_step_20,20,position_proprio_history_s10,3,0,102,26,0.5,0.5,0.5103550295857988,13,13,13,13,0.7692307692307693,20,6,0,0.010558069381598785,0.019607843137254888,0.009355306625366211
primary_step_20,20,position_proprio_history_s10,3,1,102,26,0.5,0.5,0.5162721893491125,13,13,13,13,0.9230769230769231,24,2,0,0.01659125188536953,0.019607843137254888,1.049041748046875e-05
primary_step_20,20,position_proprio_history_s10,3,2,102,26,0.5,0.5,0.5133136094674556,13,13,13,13,0.8461538461538461,22,4,0,0.013574660633484162,0.019607843137254888,0.0005335211753845215
primary_step_20,20,position_proprio_history_s10,3,3,103,25,0.52,0.52,0.5136,13,13,12,12,0.84,21,4,0,0.013877551020408165,0.020408163265306145,0.0009105205535888672
primary_step_20,20,position_proprio_history_s10,3,4,103,25,0.52,0.52,0.5136,13,13,12,12,0.84,21,4,0,0.013877551020408161,0.02040816326530613,0.0009105205535888672
primary_step_20,20,position_proprio_history_s10,4,0,102,26,0.5,0.5,0.514792899408284,13,13,13,13,0.8846153846153846,23,3,0,0.015082956259426837,0.019607843137254888,8.797645568847656e-05
primary_step_20,20,position_proprio_history_s10,4,1,102,26,0.5,0.5,0.514792899408284,13,13,13,13,0.8846153846153846,23,3,0,0.015082956259426846,0.019607843137254888,8.797645568847656e-05
primary_step_20,20,position_proprio_history_s10,4,2,102,26,0.5,0.5,0.5118343195266272,13,13,13,13,0.8076923076923077,21,5,0,0.012066365007541479,0.019607843137254888,0.002493917942047119
primary_step_20,20,position_proprio_history_s10,4,3,103,25,0.52,0.52,0.5184,13,13,12,12,0.96,24,1,0,0.018775510204081636,0.020408163265306145,1.5497207641601562e-06
primary_step_20,20,position_proprio_history_s10,4,4,103,25,0.48,0.48,0.5072,12,12,13,13,0.68,17,8,0,0.00734693877551021,0.02040816326530612,0.10775214433670044
primary_step_20,20,causal_fd_history_s10,0,0,102,26,1.0,1.0,1.0,26,26,0,0,1.0,26,0,0,0.5098039215686274,0.5392156862745098,2.9802322387695312e-08
primary_step_20,20,causal_fd_history_s10,0,1,102,26,0.9230769230769231,0.9230769230769231,0.9866863905325444,24,24,2,2,1.0,26,0,0,0.4962292609351433,0.4607843137254902,2.9802322387695312e-08
primary_step_20,20,causal_fd_history_s10,0,2,102,26,1.0,1.0,1.0,26,26,0,0,1.0,26,0,0,0.5098039215686275,0.5098039215686274,2.9802322387695312e-08
primary_step_20,20,causal_fd_history_s10,0,3,103,25,0.96,0.96,0.9984,24,24,1,1,1.0,25,0,0,0.5085714285714286,0.5510204081632653,5.960464477539063e-08
primary_step_20,20,causal_fd_history_s10,0,4,103,25,0.96,0.96,0.9616,24,24,1,1,1.0,25,0,0,0.47102040816326535,0.44897959183673475,5.960464477539063e-08
primary_step_20,20,causal_fd_history_s10,1,0,102,26,0.9615384615384616,0.9615384615384616,0.9985207100591716,25,25,1,1,1.0,26,0,0,0.5082956259426848,0.4901960784313726,2.9802322387695312e-08
primary_step_20,20,causal_fd_history_s10,1,1,102,26,0.9615384615384616,0.9615384615384616,0.9630177514792899,25,25,1,1,1.0,26,0,0,0.4720965309200603,0.4901960784313725,2.9802322387695312e-08
primary_step_20,20,causal_fd_history_s10,1,2,102,26,1.0,1.0,1.0,26,26,0,0,1.0,26,0,0,0.5098039215686274,0.5686274509803921,2.9802322387695312e-08
primary_step_20,20,causal_fd_history_s10,1,3,103,25,1.0,1.0,1.0,25,25,0,0,1.0,25,0,0,0.510204081632653,0.5102040816326531,5.960464477539063e-08
primary_step_20,20,causal_fd_history_s10,1,4,103,25,0.96,0.96,0.9984,24,24,1,1,1.0,25,0,0,0.5085714285714286,0.5306122448979592,5.960464477539063e-08
primary_step_20,20,causal_fd_history_s10,2,0,102,26,1.0,1.0,1.0,26,26,0,0,1.0,26,0,0,0.5098039215686274,0.5588235294117647,2.9802322387695312e-08
primary_step_20,20,causal_fd_history_s10,2,1,102,26,0.9230769230769231,0.9230769230769231,0.9541420118343196,24,24,2,2,1.0,26,0,0,0.46304675716440424,0.47058823529411764,2.9802322387695312e-08
primary_step_20,20,causal_fd_history_s10,2,2,102,26,0.9615384615384616,0.9615384615384616,0.9881656804733728,25,25,1,1,1.0,26,0,0,0.4977375565610859,0.5686274509803921,2.9802322387695312e-08
primary_step_20,20,causal_fd_history_s10,2,3,103,25,0.96,0.96,0.9984,24,24,1,1,1.0,25,0,0,0.5085714285714286,0.4897959183673469,5.960464477539063e-08
primary_step_20,20,causal_fd_history_s10,2,4,103,25,1.0,1.0,1.0,25,25,0,0,1.0,25,0,0,0.510204081632653,0.5510204081632653,5.960464477539063e-08
primary_step_20,20,causal_fd_history_s10,3,0,102,26,0.9615384615384616,0.9615384615384616,0.9630177514792899,25,25,1,1,1.0,26,0,0,0.4720965309200604,0.5294117647058822,2.9802322387695312e-08
primary_step_20,20,causal_fd_history_s10,3,1,102,26,1.0,1.0,1.0,26,26,0,0,1.0,26,0,0,0.5098039215686274,0.5490196078431373,2.9802322387695312e-08
primary_step_20,20,causal_fd_history_s10,3,2,102,26,0.9615384615384616,0.9615384615384616,0.9792899408284024,25,25,1,1,1.0,26,0,0,0.4886877828054299,0.5098039215686274,2.9802322387695312e-08
primary_step_20,20,causal_fd_history_s10,3,3,103,25,1.0,1.0,1.0,25,25,0,0,1.0,25,0,0,0.5102040816326531,0.4693877551020408,5.960464477539063e-08
primary_step_20,20,causal_fd_history_s10,3,4,103,25,1.0,1.0,1.0,25,25,0,0,1.0,25,0,0,0.510204081632653,0.5714285714285714,5.960464477539063e-08
primary_step_20,20,causal_fd_history_s10,4,0,102,26,0.9230769230769231,0.9230769230769231,0.9792899408284024,24,24,2,2,1.0,26,0,0,0.48868778280542985,0.5098039215686274,2.9802322387695312e-08
primary_step_20,20,causal_fd_history_s10,4,1,102,26,1.0,1.0,1.0,26,26,0,0,1.0,26,0,0,0.5098039215686275,0.48039215686274506,2.9802322387695312e-08
primary_step_20,20,causal_fd_history_s10,4,2,102,26,0.9615384615384616,0.9615384615384616,0.9896449704142012,25,25,1,1,1.0,26,0,0,0.4992458521870286,0.5294117647058824,2.9802322387695312e-08
primary_step_20,20,causal_fd_history_s10,4,3,103,25,0.96,0.96,0.9984,24,24,1,1,1.0,25,0,0,0.5085714285714286,0.5102040816326531,5.960464477539063e-08
primary_step_20,20,causal_fd_history_s10,4,4,103,25,1.0,1.0,1.0,25,25,0,0,1.0,25,0,0,0.5102040816326532,0.4693877551020408,5.960464477539063e-08
primary_step_20,20,model_x_v2_s10,0,0,102,26,0.5,0.5,0.5177514792899408,13,13,13,13,0.9615384615384616,25,1,0,0.018099547511312215,0.019607843137254895,8.046627044677734e-07
primary_step_20,20,model_x_v2_s10,0,1,102,26,0.5,0.5,0.5133136094674556,13,13,13,13,0.8461538461538461,22,4,0,0.013574660633484151,0.019607843137254888,0.0005335211753845215
primary_step_20,20,model_x_v2_s10,0,2,102,26,0.5,0.5,0.5133136094674556,13,13,13,13,0.8461538461538461,22,4,0,0.013574660633484155,0.019607843137254888,0.0005335211753845215
primary_step_20,20,model_x_v2_s10,0,3,103,25,0.52,0.52,0.5104,13,13,12,12,0.76,19,6,0,0.010612244897959186,0.020408163265306124,0.01463329792022705
primary_step_20,20,model_x_v2_s10,0,4,103,25,0.52,0.52,0.512,13,13,12,12,0.8,20,5,0,0.012244897959183688,0.020408163265306145,0.004077315330505371
primary_step_20,20,model_x_v2_s10,1,0,102,26,0.5,0.5,0.5103550295857988,13,13,13,13,0.7692307692307693,20,6,0,0.010558069381598785,0.019607843137254888,0.009355306625366211
primary_step_20,20,model_x_v2_s10,1,1,102,26,0.5,0.5,0.5103550295857988,13,13,13,13,0.7692307692307693,20,6,0,0.010558069381598801,0.019607843137254888,0.009355306625366211
primary_step_20,20,model_x_v2_s10,1,2,102,26,0.5,0.5,0.5162721893491125,13,13,13,13,0.9230769230769231,24,2,0,0.016591251885369526,0.019607843137254888,1.049041748046875e-05
primary_step_20,20,model_x_v2_s10,1,3,103,25,0.52,0.52,0.5136,13,13,12,12,0.84,21,4,0,0.01387755102040817,0.020408163265306145,0.0009105205535888672
primary_step_20,20,model_x_v2_s10,1,4,103,25,0.52,0.52,0.5168,13,13,12,12,0.92,23,2,0,0.01714285714285714,0.020408163265306145,1.9431114196777344e-05
primary_step_20,20,model_x_v2_s10,2,0,102,26,0.5,0.5,0.5103550295857988,13,13,13,13,0.7692307692307693,20,6,0,0.010558069381598773,0.019607843137254888,0.009355306625366211
primary_step_20,20,model_x_v2_s10,2,1,102,26,0.5,0.5,0.5088757396449705,13,13,13,13,0.7307692307692307,19,7,0,0.009049773755656104,0.019607843137254888,0.028959274291992188
primary_step_20,20,model_x_v2_s10,2,2,102,26,0.5,0.5,0.5162721893491125,13,13,13,13,0.9230769230769231,24,2,0,0.01659125188536953,0.019607843137254888,1.049041748046875e-05
primary_step_20,20,model_x_v2_s10,2,3,103,25,0.52,0.52,0.5152,13,13,12,12,0.88,22,3,0,0.01551020408163265,0.020408163265306145,0.00015652179718017578
primary_step_20,20,model_x_v2_s10,2,4,103,25,0.52,0.52,0.5168,13,13,12,12,0.92,23,2,0,0.017142857142857147,0.020408163265306145,1.9431114196777344e-05
primary_step_20,20,model_x_v2_s10,3,0,102,26,0.5,0.5,0.5103550295857988,13,13,13,13,0.7692307692307693,20,6,0,0.010558069381598785,0.019607843137254888,0.009355306625366211
primary_step_20,20,model_x_v2_s10,3,1,102,26,0.5,0.5,0.5162721893491125,13,13,13,13,0.9230769230769231,24,2,0,0.01659125188536953,0.019607843137254888,1.049041748046875e-05
primary_step_20,20,model_x_v2_s10,3,2,102,26,0.5,0.5,0.5133136094674556,13,13,13,13,0.8461538461538461,22,4,0,0.013574660633484162,0.019607843137254888,0.0005335211753845215
primary_step_20,20,model_x_v2_s10,3,3,103,25,0.52,0.52,0.5136,13,13,12,12,0.84,21,4,0,0.013877551020408165,0.020408163265306145,0.0009105205535888672
primary_step_20,20,model_x_v2_s10,3,4,103,25,0.52,0.52,0.5136,13,13,12,12,0.84,21,4,0,0.013877551020408161,0.02040816326530613,0.0009105205535888672
primary_step_20,20,model_x_v2_s10,4,0,102,26,0.5,0.5,0.514792899408284,13,13,13,13,0.8846153846153846,23,3,0,0.015082956259426837,0.019607843137254888,8.797645568847656e-05
primary_step_20,20,model_x_v2_s10,4,1,102,26,0.5,0.5,0.514792899408284,13,13,13,13,0.8846153846153846,23,3,0,0.015082956259426846,0.019607843137254888,8.797645568847656e-05
primary_step_20,20,model_x_v2_s10,4,2,102,26,0.5,0.5,0.5118343195266272,13,13,13,13,0.8076923076923077,21,5,0,0.012066365007541479,0.019607843137254888,0.002493917942047119
primary_step_20,20,model_x_v2_s10,4,3,103,25,0.52,0.52,0.5184,13,13,12,12,0.96,24,1,0,0.018775510204081636,0.020408163265306145,1.5497207641601562e-06
primary_step_20,20,model_x_v2_s10,4,4,103,25,0.48,0.48,0.5072,12,12,13,13,0.68,17,8,0,0.00734693877551021,0.02040816326530612,0.10775214433670044
primary_step_20,20,privileged_model_x_v1_s10,0,0,102,26,0.8846153846153846,0.8846153846153846,0.9112426035502958,23,23,3,3,0.9230769230769231,24,2,0,0.4193061840120664,0.42156862745098034,1.049041748046875e-05
primary_step_20,20,privileged_model_x_v1_s10,0,1,102,26,0.8076923076923077,0.8076923076923077,0.9053254437869822,21,21,5,5,0.8461538461538461,22,4,0,0.41327300150829566,0.4019607843137255,0.0005335211753845215
primary_step_20,20,privileged_model_x_v1_s10,0,2,102,26,0.8846153846153846,0.8846153846153846,0.9408284023668639,23,23,3,3,0.9230769230769231,24,2,0,0.44947209653092,0.5098039215686274,1.049041748046875e-05
primary_step_20,20,privileged_model_x_v1_s10,0,3,103,25,0.88,0.88,0.9312,22,22,3,3,0.96,24,1,0,0.44,0.42857142857142855,1.5497207641601562e-06
primary_step_20,20,privileged_model_x_v1_s10,0,4,103,25,0.92,0.92,0.9072,23,23,2,2,0.96,24,1,0,0.4155102040816326,0.36734693877551017,1.5497207641601562e-06
primary_step_20,20,privileged_model_x_v1_s10,1,0,102,26,0.8076923076923077,0.8076923076923077,0.8594674556213018,21,21,5,5,0.8076923076923077,21,5,0,0.3665158371040723,0.39215686274509803,0.002493917942047119
primary_step_20,20,privileged_model_x_v1_s10,1,1,102,26,0.7307692307692307,0.7307692307692307,0.8609467455621301,19,19,7,7,0.8846153846153846,23,3,0,0.36802413273001505,0.4215686274509804,8.797645568847656e-05
primary_step_20,20,privileged_model_x_v1_s10,1,2,102,26,0.9230769230769231,0.9230769230769231,0.9541420118343196,24,24,2,2,0.9615384615384616,25,1,0,0.46304675716440413,0.5098039215686274,8.046627044677734e-07
primary_step_20,20,privileged_model_x_v1_s10,1,3,103,25,0.84,0.84,0.8896,21,21,4,4,0.88,22,3,0,0.39755102040816326,0.4693877551020408,0.00015652179718017578
primary_step_20,20,privileged_model_x_v1_s10,1,4,103,25,0.88,0.88,0.92,22,22,3,3,0.96,24,1,0,0.42857142857142855,0.3877551020408163,1.5497207641601562e-06
primary_step_20,20,privileged_model_x_v1_s10,2,0,102,26,0.8076923076923077,0.8076923076923077,0.8846153846153846,21,21,5,5,0.8461538461538461,22,4,0,0.39215686274509803,0.35294117647058826,0.0005335211753845215
primary_step_20,20,privileged_model_x_v1_s10,2,1,102,26,0.8076923076923077,0.8076923076923077,0.8979289940828402,21,21,5,5,0.9230769230769231,24,2,0,0.4057315233785822,0.39215686274509803,1.049041748046875e-05
primary_step_20,20,privileged_model_x_v1_s10,2,2,102,26,0.8846153846153846,0.8846153846153846,0.9452662721893491,23,23,3,3,0.9230769230769231,24,2,0,0.45399698340874817,0.5196078431372548,1.049041748046875e-05
primary_step_20,20,privileged_model_x_v1_s10,2,3,103,25,0.8,0.8,0.8736,20,20,5,5,0.92,23,2,0,0.3812244897959184,0.30612244897959184,1.9431114196777344e-05
primary_step_20,20,privileged_model_x_v1_s10,2,4,103,25,0.88,0.88,0.9552,22,22,3,3,0.96,24,1,0,0.4644897959183673,0.48979591836734687,1.5497207641601562e-06
primary_step_20,20,privileged_model_x_v1_s10,3,0,102,26,0.8461538461538461,0.8461538461538461,0.8905325443786982,22,22,4,4,0.9615384615384616,25,1,0,0.39819004524886875,0.39215686274509803,8.046627044677734e-07
primary_step_20,20,privileged_model_x_v1_s10,3,1,102,26,0.8846153846153846,0.8846153846153846,0.9142011834319527,23,23,3,3,0.9615384615384616,25,1,0,0.4223227752639517,0.44117647058823534,8.046627044677734e-07
primary_step_20,20,privileged_model_x_v1_s10,3,2,102,26,0.8076923076923077,0.8076923076923077,0.8905325443786982,21,21,5,5,0.8461538461538461,22,4,0,0.39819004524886886,0.4411764705882353,0.0005335211753845215
primary_step_20,20,privileged_model_x_v1_s10,3,3,103,25,0.88,0.88,0.904,22,22,3,3,0.88,22,3,0,0.4122448979591837,0.38775510204081637,0.00015652179718017578
primary_step_20,20,privileged_model_x_v1_s10,3,4,103,25,0.84,0.84,0.92,21,21,4,4,0.88,22,3,0,0.42857142857142855,0.40816326530612246,0.00015652179718017578
primary_step_20,20,privileged_model_x_v1_s10,4,0,102,26,0.8461538461538461,0.8461538461538461,0.893491124260355,22,22,4,4,0.9230769230769231,24,2,0,0.4012066365007541,0.5098039215686274,1.049041748046875e-05
primary_step_20,20,privileged_model_x_v1_s10,4,1,102,26,0.8076923076923077,0.8076923076923077,0.9097633136094675,21,21,5,5,0.9615384615384616,25,1,0,0.4177978883861237,0.36274509803921573,8.046627044677734e-07
primary_step_20,20,privileged_model_x_v1_s10,4,2,102,26,0.8461538461538461,0.8461538461538461,0.9260355029585798,22,22,4,4,0.9615384615384616,25,1,0,0.43438914027149317,0.48039215686274506,8.046627044677734e-07
primary_step_20,20,privileged_model_x_v1_s10,4,3,103,25,0.76,0.76,0.8832,19,19,6,6,0.96,24,1,0,0.3910204081632653,0.3469387755102041,1.5497207641601562e-06
primary_step_20,20,privileged_model_x_v1_s10,4,4,103,25,0.88,0.88,0.8864,22,22,3,3,0.92,23,2,0,0.39428571428571424,0.32653061224489793,1.9431114196777344e-05
primary_step_20,20,model_x_v2_s5_noise_00025m,0,0,102,26,0.5,0.5,0.5192307692307693,13,13,13,13,0.5,13,13,0,0.0196078431372549,-1.3877787807814457e-17,1.0
primary_step_20,20,model_x_v2_s5_noise_00025m,0,1,102,26,0.5384615384615384,0.5384615384615384,0.5,14,14,12,12,0.4230769230769231,11,15,0,-1.921539850312771e-17,-0.06862745098039216,0.557197093963623
primary_step_20,20,model_x_v2_s5_noise_00025m,0,2,102,26,0.5,0.5,0.4630177514792899,13,13,13,13,0.5,13,13,0,-0.03770739064856714,-6.938893903907228e-18,1.0
primary_step_20,20,model_x_v2_s5_noise_00025m,0,3,103,25,0.56,0.56,0.5328,14,14,11,11,0.52,13,12,0,0.03346938775510204,0.02040816326530609,1.0
primary_step_20,20,model_x_v2_s5_noise_00025m,0,4,103,25,0.52,0.52,0.568,13,13,12,12,0.72,18,7,0,0.06938775510204083,0.0816326530612245,0.043285250663757324
primary_step_20,20,model_x_v2_s5_noise_00025m,1,0,102,26,0.5,0.5,0.5133136094674556,13,13,13,13,0.6153846153846154,16,10,0,0.013574660633484174,0.039215686274509845,0.32693958282470703
primary_step_20,20,model_x_v2_s5_noise_00025m,1,1,102,26,0.5384615384615384,0.5384615384615384,0.5902366863905325,14,14,12,12,0.6538461538461539,17,9,0,0.09200603318250376,0.10784313725490197,0.16863754391670227
primary_step_20,20,model_x_v2_s5_noise_00025m,1,2,102,26,0.5769230769230769,0.5769230769230769,0.606508875739645,15,15,11,11,0.5769230769230769,15,11,0,0.10859728506787329,0.06862745098039214,0.557197093963623
primary_step_20,20,model_x_v2_s5_noise_00025m,1,3,103,25,0.56,0.56,0.5328,14,14,11,11,0.52,13,12,0,0.03346938775510203,0.020408163265306145,1.0
primary_step_20,20,model_x_v2_s5_noise_00025m,1,4,103,25,0.48,0.48,0.5376,12,12,13,13,0.56,14,11,0,0.0383673469387755,0.061224489795918366,0.6900379657745361
primary_step_20,20,model_x_v2_s5_noise_00025m,2,0,102,26,0.46153846153846156,0.46153846153846156,0.4807692307692308,12,12,14,14,0.46153846153846156,12,14,0,-0.01960784313725491,-0.049019607843137275,0.8450189828872681
primary_step_20,20,model_x_v2_s5_noise_00025m,2,1,102,26,0.5384615384615384,0.5384615384615384,0.5103550295857988,14,14,12,12,0.6538461538461539,17,9,0,0.010558069381598777,0.019607843137254888,0.16863754391670227
primary_step_20,20,model_x_v2_s5_noise_00025m,2,2,102,26,0.5,0.5,0.4511834319526627,13,13,13,13,0.4230769230769231,11,15,0,-0.049773755656108594,-0.09803921568627452,0.557197093963623
primary_step_20,20,model_x_v2_s5_noise_00025m,2,3,103,25,0.6,0.6,0.5456,15,15,10,10,0.52,13,12,0,0.04653061224489794,0.02040816326530612,1.0
primary_step_20,20,model_x_v2_s5_noise_00025m,2,4,103,25,0.56,0.56,0.5344,14,14,11,11,0.48,12,13,0,0.03510204081632653,-0.02040816326530612,1.0
primary_step_20,20,model_x_v2_s5_noise_00025m,3,0,102,26,0.6153846153846154,0.6153846153846154,0.6168639053254438,16,16,10,10,0.6923076923076923,18,8,0,0.1191553544494721,0.10784313725490197,0.07551869750022888
primary_step_20,20,model_x_v2_s5_noise_00025m,3,1,102,26,0.5769230769230769,0.5769230769230769,0.5887573964497042,15,15,11,11,0.5769230769230769,15,11,0,0.09049773755656108,0.058823529411764705,0.557197093963623
primary_step_20,20,model_x_v2_s5_noise_00025m,3,2,102,26,0.4230769230769231,0.4230769230769231,0.45857988165680474,11,11,15,15,0.46153846153846156,12,14,0,-0.04223227752639516,-0.049019607843137254,0.8450189828872681
primary_step_20,20,model_x_v2_s5_noise_00025m,3,3,103,25,0.52,0.52,0.5712,13,13,12,12,0.52,13,12,0,0.07265306122448978,0.06122448979591837,1.0
primary_step_20,20,model_x_v2_s5_noise_00025m,3,4,103,25,0.56,0.56,0.52,14,14,11,11,0.56,14,11,0,0.020408163265306124,0.020408163265306124,0.6900379657745361
primary_step_20,20,model_x_v2_s5_noise_00025m,4,0,102,26,0.5384615384615384,0.5384615384615384,0.5680473372781065,14,14,12,12,0.6153846153846154,16,10,0,0.0693815987933635,0.11764705882352937,0.32693958282470703
primary_step_20,20,model_x_v2_s5_noise_00025m,4,1,102,26,0.5,0.5,0.522189349112426,13,13,13,13,0.4230769230769231,11,15,0,0.022624434389140278,-0.06862745098039219,0.557197093963623
primary_step_20,20,model_x_v2_s5_noise_00025m,4,2,102,26,0.5384615384615384,0.5384615384615384,0.4985207100591716,14,14,12,12,0.4230769230769231,11,15,0,-0.0015082956259426816,-0.03921568627450981,0.557197093963623
primary_step_20,20,model_x_v2_s5_noise_00025m,4,3,103,25,0.52,0.52,0.5504,13,13,12,12,0.48,12,13,0,0.05142857142857144,-0.020408163265306145,1.0
primary_step_20,20,model_x_v2_s5_noise_00025m,4,4,103,25,0.56,0.56,0.608,14,14,11,11,0.68,17,8,0,0.11020408163265305,0.061224489795918366,0.10775214433670044
primary_step_20,20,model_x_v2_s5_noise_0005m,0,0,102,26,0.5384615384615384,0.5384615384615384,0.5636094674556213,14,14,12,12,0.5769230769230769,15,11,0,0.06485671191553545,0.058823529411764726,0.557197093963623
primary_step_20,20,model_x_v2_s5_noise_0005m,0,1,102,26,0.5,0.5,0.47633136094674555,13,13,13,13,0.5384615384615384,14,12,0,-0.024132730015082943,0.01960784313725491,0.8450189828872681
primary_step_20,20,model_x_v2_s5_noise_0005m,0,2,102,26,0.46153846153846156,0.46153846153846156,0.5118343195266272,12,12,14,14,0.5384615384615384,14,12,0,0.01206636500754148,0.0882352941176471,0.8450189828872681
primary_step_20,20,model_x_v2_s5_noise_0005m,0,3,103,25,0.48,0.48,0.5504,12,12,13,13,0.48,12,13,0,0.05142857142857142,-0.061224489795918324,1.0
primary_step_20,20,model_x_v2_s5_noise_0005m,0,4,103,25,0.56,0.56,0.5504,14,14,11,11,0.6,15,10,0,0.05142857142857142,0.061224489795918324,0.42435622215270996
primary_step_20,20,model_x_v2_s5_noise_0005m,1,0,102,26,0.5,0.5,0.5665680473372781,13,13,13,13,0.6153846153846154,16,10,0,0.0678733031674208,0.10784313725490195,0.32693958282470703
primary_step_20,20,model_x_v2_s5_noise_0005m,1,1,102,26,0.5384615384615384,0.5384615384615384,0.5428994082840237,14,14,12,12,0.4230769230769231,11,15,0,0.04374057315233785,-0.05882352941176472,0.557197093963623
primary_step_20,20,model_x_v2_s5_noise_0005m,1,2,102,26,0.5,0.5,0.5946745562130178,13,13,13,13,0.5769230769230769,15,11,0,0.09653092006033186,0.13725490196078433,0.557197093963623
primary_step_20,20,model_x_v2_s5_noise_0005m,1,3,103,25,0.56,0.56,0.616,14,14,11,11,0.64,16,9,0,0.11836734693877551,0.10204081632653061,0.2295229434967041
primary_step_20,20,model_x_v2_s5_noise_0005m,1,4,103,25,0.52,0.52,0.5552,13,13,12,12,0.64,16,9,0,0.0563265306122449,0.10204081632653061,0.2295229434967041
primary_step_20,20,model_x_v2_s5_noise_0005m,2,0,102,26,0.5,0.5,0.4970414201183432,13,13,13,13,0.4230769230769231,11,15,0,-0.0030165912518853653,-0.08823529411764705,0.557197093963623
primary_step_20,20,model_x_v2_s5_noise_0005m,2,1,102,26,0.6153846153846154,0.6153846153846154,0.6627218934911243,16,16,10,10,0.6923076923076923,18,8,0,0.16591251885369535,0.14705882352941177,0.07551869750022888
primary_step_20,20,model_x_v2_s5_noise_0005m,2,2,102,26,0.5,0.5,0.5044378698224852,13,13,13,13,0.5,13,13,0,0.004524886877828057,0.0,1.0
primary_step_20,20,model_x_v2_s5_noise_0005m,2,3,103,25,0.52,0.52,0.512,13,13,12,12,0.56,14,11,0,0.01224489795918367,0.020408163265306145,0.6900379657745361
primary_step_20,20,model_x_v2_s5_noise_0005m,2,4,103,25,0.44,0.44,0.496,11,11,14,14,0.48,12,13,0,-0.004081632653061214,-0.061224489795918324,1.0
primary_step_20,20,model_x_v2_s5_noise_0005m,3,0,102,26,0.5769230769230769,0.5769230769230769,0.6272189349112426,15,15,11,11,0.6153846153846154,16,10,0,0.1297134238310709,0.11764705882352942,0.32693958282470703
primary_step_20,20,model_x_v2_s5_noise_0005m,3,1,102,26,0.5769230769230769,0.5769230769230769,0.6464497041420119,15,15,11,11,0.6923076923076923,18,8,0,0.14932126696832582,0.21568627450980393,0.07551869750022888
primary_step_20,20,model_x_v2_s5_noise_0005m,3,2,102,26,0.5,0.5,0.47633136094674555,13,13,13,13,0.46153846153846156,12,14,0,-0.024132730015082947,-0.06862745098039211,0.8450189828872681
primary_step_20,20,model_x_v2_s5_noise_0005m,3,3,103,25,0.52,0.52,0.4992,13,13,12,12,0.48,12,13,0,-0.0008163265306122303,-0.04081632653061226,1.0
primary_step_20,20,model_x_v2_s5_noise_0005m,3,4,103,25,0.48,0.48,0.512,12,12,13,13,0.52,13,12,0,0.01224489795918368,0.061224489795918324,1.0
primary_step_20,20,model_x_v2_s5_noise_0005m,4,0,102,26,0.5384615384615384,0.5384615384615384,0.5532544378698225,14,14,12,12,0.5,13,13,0,0.05429864253393665,2.7755575615628914e-17,1.0
primary_step_20,20,model_x_v2_s5_noise_0005m,4,1,102,26,0.5384615384615384,0.5384615384615384,0.5295857988165681,14,14,12,12,0.5,13,13,0,0.030165912518853706,5.551115123125783e-17,1.0
primary_step_20,20,model_x_v2_s5_noise_0005m,4,2,102,26,0.5384615384615384,0.5384615384615384,0.613905325443787,14,14,12,12,0.6923076923076923,18,8,0,0.11613876319758673,0.10784313725490197,0.07551869750022888
primary_step_20,20,model_x_v2_s5_noise_0005m,4,3,103,25,0.56,0.56,0.4992,14,14,11,11,0.52,13,12,0,-0.0008163265306122369,0.04081632653061229,1.0
primary_step_20,20,model_x_v2_s5_noise_0005m,4,4,103,25,0.52,0.52,0.5728,13,13,12,12,0.68,17,8,0,0.07428571428571427,0.06122448979591838,0.10775214433670044
primary_step_20,20,model_x_v2_s5_noise_001m,0,0,102,26,0.4230769230769231,0.4230769230769231,0.44822485207100593,11,11,15,15,0.4230769230769231,11,15,0,-0.05279034690799396,-0.12745098039215685,0.557197093963623
primary_step_20,20,model_x_v2_s5_noise_001m,0,1,102,26,0.5384615384615384,0.5384615384615384,0.4881656804733728,14,14,12,12,0.5384615384615384,14,12,0,-0.01206636500754148,0.03921568627450979,0.8450189828872681
primary_step_20,20,model_x_v2_s5_noise_001m,0,2,102,26,0.5384615384615384,0.5384615384615384,0.5976331360946746,14,14,12,12,0.5,13,13,0,0.0995475113122172,0.0,1.0
primary_step_20,20,model_x_v2_s5_noise_001m,0,3,103,25,0.4,0.4,0.3856,10,10,15,15,0.48,12,13,0,-0.116734693877551,-0.2653061224489796,1.0
primary_step_20,20,model_x_v2_s5_noise_001m,0,4,103,25,0.44,0.44,0.416,11,11,14,14,0.36,9,16,0,-0.08571428571428573,-0.16326530612244894,0.2295229434967041
primary_step_20,20,model_x_v2_s5_noise_001m,1,0,102,26,0.5,0.5,0.5177514792899408,13,13,13,13,0.5384615384615384,14,12,0,0.018099547511312212,0.07843137254901962,0.8450189828872681
primary_step_20,20,model_x_v2_s5_noise_001m,1,1,102,26,0.38461538461538464,0.38461538461538464,0.35798816568047337,10,10,16,16,0.3076923076923077,8,18,0,-0.14479638009049772,-0.10784313725490194,0.07551869750022888
primary_step_20,20,model_x_v2_s5_noise_001m,1,2,102,26,0.46153846153846156,0.46153846153846156,0.38461538461538464,12,12,14,14,0.4230769230769231,11,15,0,-0.11764705882352941,-0.05882352941176472,0.557197093963623
primary_step_20,20,model_x_v2_s5_noise_001m,1,3,103,25,0.44,0.44,0.3952,11,11,14,14,0.48,12,13,0,-0.10693877551020407,-0.12244897959183676,1.0
primary_step_20,20,model_x_v2_s5_noise_001m,1,4,103,25,0.52,0.52,0.552,13,13,12,12,0.56,14,11,0,0.053061224489795895,0.10204081632653059,0.6900379657745361
primary_step_20,20,model_x_v2_s5_noise_001m,2,0,102,26,0.5,0.5,0.4334319526627219,13,13,13,13,0.5,13,13,0,-0.06787330316742082,-0.04901960784313726,1.0
primary_step_20,20,model_x_v2_s5_noise_001m,2,1,102,26,0.4230769230769231,0.4230769230769231,0.4630177514792899,11,11,15,15,0.38461538461538464,10,16,0,-0.0377073906485671,-0.0392156862745098,0.32693958282470703
primary_step_20,20,model_x_v2_s5_noise_001m,2,2,102,26,0.5,0.5,0.4940828402366864,13,13,13,13,0.34615384615384615,9,17,0,-0.006033182503770763,-0.05882352941176472,0.16863754391670227
primary_step_20,20,model_x_v2_s5_noise_001m,2,3,103,25,0.48,0.48,0.512,12,12,13,13,0.6,15,10,0,0.012244897959183662,0.12244897959183676,0.42435622215270996
primary_step_20,20,model_x_v2_s5_noise_001m,2,4,103,25,0.64,0.64,0.648,16,16,9,9,0.64,16,9,0,0.1510204081632653,0.1428571428571428,0.2295229434967041
primary_step_20,20,model_x_v2_s5_noise_001m,3,0,102,26,0.5384615384615384,0.5384615384615384,0.5133136094674556,14,14,12,12,0.5769230769230769,15,11,0,0.01357466063348416,0.06862745098039216,0.557197093963623
primary_step_20,20,model_x_v2_s5_noise_001m,3,1,102,26,0.4230769230769231,0.4230769230769231,0.41124260355029585,11,11,15,15,0.4230769230769231,11,15,0,-0.09049773755656107,-0.10784313725490197,0.557197093963623
primary_step_20,20,model_x_v2_s5_noise_001m,3,2,102,26,0.4230769230769231,0.4230769230769231,0.45710059171597633,11,11,15,15,0.4230769230769231,11,15,0,-0.043740573152337855,-0.10784313725490197,0.557197093963623
primary_step_20,20,model_x_v2_s5_noise_001m,3,3,103,25,0.52,0.52,0.4944,13,13,12,12,0.4,10,15,0,-0.005714285714285716,-0.061224489795918324,0.42435622215270996
primary_step_20,20,model_x_v2_s5_noise_001m,3,4,103,25,0.4,0.4,0.3744,10,10,15,15,0.44,11,14,0,-0.12816326530612243,-0.04081632653061229,0.6900379657745361
primary_step_20,20,model_x_v2_s5_noise_001m,4,0,102,26,0.5,0.5,0.5118343195266272,13,13,13,13,0.5384615384615384,14,12,0,0.01206636500754147,0.06862745098039215,0.8450189828872681
primary_step_20,20,model_x_v2_s5_noise_001m,4,1,102,26,0.5,0.5,0.4467455621301775,13,13,13,13,0.38461538461538464,10,16,0,-0.05429864253393665,-0.06862745098039219,0.32693958282470703
primary_step_20,20,model_x_v2_s5_noise_001m,4,2,102,26,0.5,0.5,0.5355029585798816,13,13,13,13,0.5,13,13,0,0.036199095022624424,0.029411764705882304,1.0
primary_step_20,20,model_x_v2_s5_noise_001m,4,3,103,25,0.56,0.56,0.5216,14,14,11,11,0.56,14,11,0,0.02204081632653062,0.020408163265306145,0.6900379657745361
primary_step_20,20,model_x_v2_s5_noise_001m,4,4,103,25,0.44,0.44,0.4208,11,11,14,14,0.4,10,15,0,-0.08081632653061224,-0.1428571428571428,0.42435622215270996
control_free_replicate,20,xy_single,0,0,102,26,0.5,0.5,0.5,26,0,26,0,0.5,0,0,26,0.0,0.0,1.0
control_free_replicate,20,xy_single,0,1,102,26,0.5,0.5,0.5,26,0,26,0,0.5,0,0,26,0.0,0.0,1.0
control_free_replicate,20,xy_single,0,2,102,26,0.5,0.5,0.5,26,0,26,0,0.5,0,0,26,0.0,0.0,1.0
control_free_replicate,20,xy_single,0,3,103,25,0.5,0.5,0.5,25,0,25,0,0.5,0,0,25,0.0,0.0,1.0
control_free_replicate,20,xy_single,0,4,103,25,0.5,0.5,0.5,25,0,25,0,0.5,0,0,25,0.0,0.0,1.0
control_free_replicate,20,xy_single,1,0,102,26,0.5,0.5,0.5,26,0,26,0,0.5,0,0,26,0.0,0.0,1.0
control_free_replicate,20,xy_single,1,1,102,26,0.5,0.5,0.5,26,0,26,0,0.5,0,0,26,0.0,0.0,1.0
control_free_replicate,20,xy_single,1,2,102,26,0.5,0.5,0.5,26,0,26,0,0.5,0,0,26,0.0,0.0,1.0
control_free_replicate,20,xy_single,1,3,103,25,0.5,0.5,0.5,25,0,25,0,0.5,0,0,25,0.0,0.0,1.0
control_free_replicate,20,xy_single,1,4,103,25,0.5,0.5,0.5,25,0,25,0,0.5,0,0,25,0.0,0.0,1.0
control_free_replicate,20,xy_single,2,0,102,26,0.5,0.5,0.5,26,0,26,0,0.5,0,0,26,0.0,0.0,1.0
control_free_replicate,20,xy_single,2,1,102,26,0.5,0.5,0.5,26,0,26,0,0.5,0,0,26,0.0,0.0,1.0
control_free_replicate,20,xy_single,2,2,102,26,0.5,0.5,0.5,26,0,26,0,0.5,0,0,26,0.0,0.0,1.0
control_free_replicate,20,xy_single,2,3,103,25,0.5,0.5,0.5,25,0,25,0,0.5,0,0,25,0.0,0.0,1.0
control_free_replicate,20,xy_single,2,4,103,25,0.5,0.5,0.5,25,0,25,0,0.5,0,0,25,0.0,0.0,1.0
control_free_replicate,20,xy_single,3,0,102,26,0.5,0.5,0.5,26,0,26,0,0.5,0,0,26,0.0,0.0,1.0
control_free_replicate,20,xy_single,3,1,102,26,0.5,0.5,0.5,26,0,26,0,0.5,0,0,26,0.0,0.0,1.0
control_free_replicate,20,xy_single,3,2,102,26,0.5,0.5,0.5,26,0,26,0,0.5,0,0,26,0.0,0.0,1.0
control_free_replicate,20,xy_single,3,3,103,25,0.5,0.5,0.5,25,0,25,0,0.5,0,0,25,0.0,0.0,1.0
control_free_replicate,20,xy_single,3,4,103,25,0.5,0.5,0.5,25,0,25,0,0.5,0,0,25,0.0,0.0,1.0
control_free_replicate,20,xy_single,4,0,102,26,0.5,0.5,0.5,26,0,26,0,0.5,0,0,26,0.0,0.0,1.0
control_free_replicate,20,xy_single,4,1,102,26,0.5,0.5,0.5,26,0,26,0,0.5,0,0,26,0.0,0.0,1.0
control_free_replicate,20,xy_single,4,2,102,26,0.5,0.5,0.5,26,0,26,0,0.5,0,0,26,0.0,0.0,1.0
control_free_replicate,20,xy_single,4,3,103,25,0.5,0.5,0.5,25,0,25,0,0.5,0,0,25,0.0,0.0,1.0
control_free_replicate,20,xy_single,4,4,103,25,0.5,0.5,0.5,25,0,25,0,0.5,0,0,25,0.0,0.0,1.0
control_free_replicate,20,sim_velocity_only,0,0,102,26,0.5,0.5,0.5,26,0,26,0,0.5,0,0,26,0.0,0.0,1.0
control_free_replicate,20,sim_velocity_only,0,1,102,26,0.5,0.5,0.5,26,0,26,0,0.5,0,0,26,0.0,0.0,1.0
control_free_replicate,20,sim_velocity_only,0,2,102,26,0.5,0.5,0.5,26,0,26,0,0.5,0,0,26,0.0,0.0,1.0
control_free_replicate,20,sim_velocity_only,0,3,103,25,0.5,0.5,0.5,25,0,25,0,0.5,0,0,25,0.0,0.0,1.0
control_free_replicate,20,sim_velocity_only,0,4,103,25,0.5,0.5,0.5,25,0,25,0,0.5,0,0,25,0.0,0.0,1.0
control_free_replicate,20,sim_velocity_only,1,0,102,26,0.5,0.5,0.5,26,0,26,0,0.5,0,0,26,0.0,0.0,1.0
control_free_replicate,20,sim_velocity_only,1,1,102,26,0.5,0.5,0.5,26,0,26,0,0.5,0,0,26,0.0,0.0,1.0
control_free_replicate,20,sim_velocity_only,1,2,102,26,0.5,0.5,0.5,26,0,26,0,0.5,0,0,26,0.0,0.0,1.0
control_free_replicate,20,sim_velocity_only,1,3,103,25,0.5,0.5,0.5,25,0,25,0,0.5,0,0,25,0.0,0.0,1.0
control_free_replicate,20,sim_velocity_only,1,4,103,25,0.5,0.5,0.5,25,0,25,0,0.5,0,0,25,0.0,0.0,1.0
control_free_replicate,20,sim_velocity_only,2,0,102,26,0.5,0.5,0.5,26,0,26,0,0.5,0,0,26,0.0,0.0,1.0
control_free_replicate,20,sim_velocity_only,2,1,102,26,0.5,0.5,0.5,26,0,26,0,0.5,0,0,26,0.0,0.0,1.0
control_free_replicate,20,sim_velocity_only,2,2,102,26,0.5,0.5,0.5,26,0,26,0,0.5,0,0,26,0.0,0.0,1.0
control_free_replicate,20,sim_velocity_only,2,3,103,25,0.5,0.5,0.5,25,0,25,0,0.5,0,0,25,0.0,0.0,1.0
control_free_replicate,20,sim_velocity_only,2,4,103,25,0.5,0.5,0.5,25,0,25,0,0.5,0,0,25,0.0,0.0,1.0
control_free_replicate,20,sim_velocity_only,3,0,102,26,0.5,0.5,0.5,26,0,26,0,0.5,0,0,26,0.0,0.0,1.0
control_free_replicate,20,sim_velocity_only,3,1,102,26,0.5,0.5,0.5,26,0,26,0,0.5,0,0,26,0.0,0.0,1.0
control_free_replicate,20,sim_velocity_only,3,2,102,26,0.5,0.5,0.5,26,0,26,0,0.5,0,0,26,0.0,0.0,1.0
control_free_replicate,20,sim_velocity_only,3,3,103,25,0.5,0.5,0.5,25,0,25,0,0.5,0,0,25,0.0,0.0,1.0
control_free_replicate,20,sim_velocity_only,3,4,103,25,0.5,0.5,0.5,25,0,25,0,0.5,0,0,25,0.0,0.0,1.0
control_free_replicate,20,sim_velocity_only,4,0,102,26,0.5,0.5,0.5,26,0,26,0,0.5,0,0,26,0.0,0.0,1.0
control_free_replicate,20,sim_velocity_only,4,1,102,26,0.5,0.5,0.5,26,0,26,0,0.5,0,0,26,0.0,0.0,1.0
control_free_replicate,20,sim_velocity_only,4,2,102,26,0.5,0.5,0.5,26,0,26,0,0.5,0,0,26,0.0,0.0,1.0
control_free_replicate,20,sim_velocity_only,4,3,103,25,0.5,0.5,0.5,25,0,25,0,0.5,0,0,25,0.0,0.0,1.0
control_free_replicate,20,sim_velocity_only,4,4,103,25,0.5,0.5,0.5,25,0,25,0,0.5,0,0,25,0.0,0.0,1.0
control_free_replicate,20,xy_sim_velocity,0,0,102,26,0.5,0.5,0.5,26,0,26,0,0.5,0,0,26,0.0,0.0,1.0
control_free_replicate,20,xy_sim_velocity,0,1,102,26,0.5,0.5,0.5,26,0,26,0,0.5,0,0,26,0.0,0.0,1.0
control_free_replicate,20,xy_sim_velocity,0,2,102,26,0.5,0.5,0.5,26,0,26,0,0.5,0,0,26,0.0,0.0,1.0
control_free_replicate,20,xy_sim_velocity,0,3,103,25,0.5,0.5,0.5,25,0,25,0,0.5,0,0,25,0.0,0.0,1.0
control_free_replicate,20,xy_sim_velocity,0,4,103,25,0.5,0.5,0.5,25,0,25,0,0.5,0,0,25,0.0,0.0,1.0
control_free_replicate,20,xy_sim_velocity,1,0,102,26,0.5,0.5,0.5,26,0,26,0,0.5,0,0,26,0.0,0.0,1.0
control_free_replicate,20,xy_sim_velocity,1,1,102,26,0.5,0.5,0.5,26,0,26,0,0.5,0,0,26,0.0,0.0,1.0
control_free_replicate,20,xy_sim_velocity,1,2,102,26,0.5,0.5,0.5,26,0,26,0,0.5,0,0,26,0.0,0.0,1.0
control_free_replicate,20,xy_sim_velocity,1,3,103,25,0.5,0.5,0.5,25,0,25,0,0.5,0,0,25,0.0,0.0,1.0
control_free_replicate,20,xy_sim_velocity,1,4,103,25,0.5,0.5,0.5,25,0,25,0,0.5,0,0,25,0.0,0.0,1.0
control_free_replicate,20,xy_sim_velocity,2,0,102,26,0.5,0.5,0.5,26,0,26,0,0.5,0,0,26,0.0,0.0,1.0
control_free_replicate,20,xy_sim_velocity,2,1,102,26,0.5,0.5,0.5,26,0,26,0,0.5,0,0,26,0.0,0.0,1.0
control_free_replicate,20,xy_sim_velocity,2,2,102,26,0.5,0.5,0.5,26,0,26,0,0.5,0,0,26,0.0,0.0,1.0
control_free_replicate,20,xy_sim_velocity,2,3,103,25,0.5,0.5,0.5,25,0,25,0,0.5,0,0,25,0.0,0.0,1.0
control_free_replicate,20,xy_sim_velocity,2,4,103,25,0.5,0.5,0.5,25,0,25,0,0.5,0,0,25,0.0,0.0,1.0
control_free_replicate,20,xy_sim_velocity,3,0,102,26,0.5,0.5,0.5,26,0,26,0,0.5,0,0,26,0.0,0.0,1.0
control_free_replicate,20,xy_sim_velocity,3,1,102,26,0.5,0.5,0.5,26,0,26,0,0.5,0,0,26,0.0,0.0,1.0
control_free_replicate,20,xy_sim_velocity,3,2,102,26,0.5,0.5,0.5,26,0,26,0,0.5,0,0,26,0.0,0.0,1.0
control_free_replicate,20,xy_sim_velocity,3,3,103,25,0.5,0.5,0.5,25,0,25,0,0.5,0,0,25,0.0,0.0,1.0
control_free_replicate,20,xy_sim_velocity,3,4,103,25,0.5,0.5,0.5,25,0,25,0,0.5,0,0,25,0.0,0.0,1.0
control_free_replicate,20,xy_sim_velocity,4,0,102,26,0.5,0.5,0.5,26,0,26,0,0.5,0,0,26,0.0,0.0,1.0
control_free_replicate,20,xy_sim_velocity,4,1,102,26,0.5,0.5,0.5,26,0,26,0,0.5,0,0,26,0.0,0.0,1.0
control_free_replicate,20,xy_sim_velocity,4,2,102,26,0.5,0.5,0.5,26,0,26,0,0.5,0,0,26,0.0,0.0,1.0
control_free_replicate,20,xy_sim_velocity,4,3,103,25,0.5,0.5,0.5,25,0,25,0,0.5,0,0,25,0.0,0.0,1.0
control_free_replicate,20,xy_sim_velocity,4,4,103,25,0.5,0.5,0.5,25,0,25,0,0.5,0,0,25,0.0,0.0,1.0
control_free_replicate,20,robot_only,0,0,102,26,0.5,0.5,0.5,26,0,26,0,0.5,0,0,26,0.0,0.0,1.0
control_free_replicate,20,robot_only,0,1,102,26,0.5,0.5,0.5,26,0,26,0,0.5,0,0,26,0.0,0.0,1.0
control_free_replicate,20,robot_only,0,2,102,26,0.5,0.5,0.5,26,0,26,0,0.5,0,0,26,0.0,0.0,1.0
control_free_replicate,20,robot_only,0,3,103,25,0.5,0.5,0.5,25,0,25,0,0.5,0,0,25,0.0,0.0,1.0
control_free_replicate,20,robot_only,0,4,103,25,0.5,0.5,0.5,25,0,25,0,0.5,0,0,25,0.0,0.0,1.0
control_free_replicate,20,robot_only,1,0,102,26,0.5,0.5,0.5,26,0,26,0,0.5,0,0,26,0.0,0.0,1.0
control_free_replicate,20,robot_only,1,1,102,26,0.5,0.5,0.5,26,0,26,0,0.5,0,0,26,0.0,0.0,1.0
control_free_replicate,20,robot_only,1,2,102,26,0.5,0.5,0.5,26,0,26,0,0.5,0,0,26,0.0,0.0,1.0
control_free_replicate,20,robot_only,1,3,103,25,0.5,0.5,0.5,25,0,25,0,0.5,0,0,25,0.0,0.0,1.0
control_free_replicate,20,robot_only,1,4,103,25,0.5,0.5,0.5,25,0,25,0,0.5,0,0,25,0.0,0.0,1.0
control_free_replicate,20,robot_only,2,0,102,26,0.5,0.5,0.5,26,0,26,0,0.5,0,0,26,0.0,0.0,1.0
control_free_replicate,20,robot_only,2,1,102,26,0.5,0.5,0.5,26,0,26,0,0.5,0,0,26,0.0,0.0,1.0
control_free_replicate,20,robot_only,2,2,102,26,0.5,0.5,0.5,26,0,26,0,0.5,0,0,26,0.0,0.0,1.0
control_free_replicate,20,robot_only,2,3,103,25,0.5,0.5,0.5,25,0,25,0,0.5,0,0,25,0.0,0.0,1.0
control_free_replicate,20,robot_only,2,4,103,25,0.5,0.5,0.5,25,0,25,0,0.5,0,0,25,0.0,0.0,1.0
control_free_replicate,20,robot_only,3,0,102,26,0.5,0.5,0.5,26,0,26,0,0.5,0,0,26,0.0,0.0,1.0
control_free_replicate,20,robot_only,3,1,102,26,0.5,0.5,0.5,26,0,26,0,0.5,0,0,26,0.0,0.0,1.0
control_free_replicate,20,robot_only,3,2,102,26,0.5,0.5,0.5,26,0,26,0,0.5,0,0,26,0.0,0.0,1.0
control_free_replicate,20,robot_only,3,3,103,25,0.5,0.5,0.5,25,0,25,0,0.5,0,0,25,0.0,0.0,1.0
control_free_replicate,20,robot_only,3,4,103,25,0.5,0.5,0.5,25,0,25,0,0.5,0,0,25,0.0,0.0,1.0
control_free_replicate,20,robot_only,4,0,102,26,0.5,0.5,0.5,26,0,26,0,0.5,0,0,26,0.0,0.0,1.0
control_free_replicate,20,robot_only,4,1,102,26,0.5,0.5,0.5,26,0,26,0,0.5,0,0,26,0.0,0.0,1.0
control_free_replicate,20,robot_only,4,2,102,26,0.5,0.5,0.5,26,0,26,0,0.5,0,0,26,0.0,0.0,1.0
control_free_replicate,20,robot_only,4,3,103,25,0.5,0.5,0.5,25,0,25,0,0.5,0,0,25,0.0,0.0,1.0
control_free_replicate,20,robot_only,4,4,103,25,0.5,0.5,0.5,25,0,25,0,0.5,0,0,25,0.0,0.0,1.0
control_free_replicate,20,position_proprio_single,0,0,102,26,0.5,0.5,0.5,26,0,26,0,0.5,0,0,26,0.0,0.0,1.0
control_free_replicate,20,position_proprio_single,0,1,102,26,0.5,0.5,0.5,26,0,26,0,0.5,0,0,26,0.0,0.0,1.0
control_free_replicate,20,position_proprio_single,0,2,102,26,0.5,0.5,0.5,26,0,26,0,0.5,0,0,26,0.0,0.0,1.0
control_free_replicate,20,position_proprio_single,0,3,103,25,0.5,0.5,0.5,25,0,25,0,0.5,0,0,25,0.0,0.0,1.0
control_free_replicate,20,position_proprio_single,0,4,103,25,0.5,0.5,0.5,25,0,25,0,0.5,0,0,25,0.0,0.0,1.0
control_free_replicate,20,position_proprio_single,1,0,102,26,0.5,0.5,0.5,26,0,26,0,0.5,0,0,26,0.0,0.0,1.0
control_free_replicate,20,position_proprio_single,1,1,102,26,0.5,0.5,0.5,26,0,26,0,0.5,0,0,26,0.0,0.0,1.0
control_free_replicate,20,position_proprio_single,1,2,102,26,0.5,0.5,0.5,26,0,26,0,0.5,0,0,26,0.0,0.0,1.0
control_free_replicate,20,position_proprio_single,1,3,103,25,0.5,0.5,0.5,25,0,25,0,0.5,0,0,25,0.0,0.0,1.0
control_free_replicate,20,position_proprio_single,1,4,103,25,0.5,0.5,0.5,25,0,25,0,0.5,0,0,25,0.0,0.0,1.0
control_free_replicate,20,position_proprio_single,2,0,102,26,0.5,0.5,0.5,26,0,26,0,0.5,0,0,26,0.0,0.0,1.0
control_free_replicate,20,position_proprio_single,2,1,102,26,0.5,0.5,0.5,26,0,26,0,0.5,0,0,26,0.0,0.0,1.0
control_free_replicate,20,position_proprio_single,2,2,102,26,0.5,0.5,0.5,26,0,26,0,0.5,0,0,26,0.0,0.0,1.0
control_free_replicate,20,position_proprio_single,2,3,103,25,0.5,0.5,0.5,25,0,25,0,0.5,0,0,25,0.0,0.0,1.0
control_free_replicate,20,position_proprio_single,2,4,103,25,0.5,0.5,0.5,25,0,25,0,0.5,0,0,25,0.0,0.0,1.0
control_free_replicate,20,position_proprio_single,3,0,102,26,0.5,0.5,0.5,26,0,26,0,0.5,0,0,26,0.0,0.0,1.0
control_free_replicate,20,position_proprio_single,3,1,102,26,0.5,0.5,0.5,26,0,26,0,0.5,0,0,26,0.0,0.0,1.0
control_free_replicate,20,position_proprio_single,3,2,102,26,0.5,0.5,0.5,26,0,26,0,0.5,0,0,26,0.0,0.0,1.0
control_free_replicate,20,position_proprio_single,3,3,103,25,0.5,0.5,0.5,25,0,25,0,0.5,0,0,25,0.0,0.0,1.0
control_free_replicate,20,position_proprio_single,3,4,103,25,0.5,0.5,0.5,25,0,25,0,0.5,0,0,25,0.0,0.0,1.0
control_free_replicate,20,position_proprio_single,4,0,102,26,0.5,0.5,0.5,26,0,26,0,0.5,0,0,26,0.0,0.0,1.0
control_free_replicate,20,position_proprio_single,4,1,102,26,0.5,0.5,0.5,26,0,26,0,0.5,0,0,26,0.0,0.0,1.0
control_free_replicate,20,position_proprio_single,4,2,102,26,0.5,0.5,0.5,26,0,26,0,0.5,0,0,26,0.0,0.0,1.0
control_free_replicate,20,position_proprio_single,4,3,103,25,0.5,0.5,0.5,25,0,25,0,0.5,0,0,25,0.0,0.0,1.0
control_free_replicate,20,position_proprio_single,4,4,103,25,0.5,0.5,0.5,25,0,25,0,0.5,0,0,25,0.0,0.0,1.0
control_free_replicate,20,xy_history_s1,0,0,102,26,0.5,0.5,0.5,26,0,26,0,0.5,0,0,26,0.0,0.0,1.0
control_free_replicate,20,xy_history_s1,0,1,102,26,0.5,0.5,0.5,26,0,26,0,0.5,0,0,26,0.0,0.0,1.0
control_free_replicate,20,xy_history_s1,0,2,102,26,0.5,0.5,0.5,26,0,26,0,0.5,0,0,26,0.0,0.0,1.0
control_free_replicate,20,xy_history_s1,0,3,103,25,0.5,0.5,0.5,25,0,25,0,0.5,0,0,25,0.0,0.0,1.0
control_free_replicate,20,xy_history_s1,0,4,103,25,0.5,0.5,0.5,25,0,25,0,0.5,0,0,25,0.0,0.0,1.0
control_free_replicate,20,xy_history_s1,1,0,102,26,0.5,0.5,0.5,26,0,26,0,0.5,0,0,26,0.0,0.0,1.0
control_free_replicate,20,xy_history_s1,1,1,102,26,0.5,0.5,0.5,26,0,26,0,0.5,0,0,26,0.0,0.0,1.0
control_free_replicate,20,xy_history_s1,1,2,102,26,0.5,0.5,0.5,26,0,26,0,0.5,0,0,26,0.0,0.0,1.0
control_free_replicate,20,xy_history_s1,1,3,103,25,0.5,0.5,0.5,25,0,25,0,0.5,0,0,25,0.0,0.0,1.0
control_free_replicate,20,xy_history_s1,1,4,103,25,0.5,0.5,0.5,25,0,25,0,0.5,0,0,25,0.0,0.0,1.0
control_free_replicate,20,xy_history_s1,2,0,102,26,0.5,0.5,0.5,26,0,26,0,0.5,0,0,26,0.0,0.0,1.0
control_free_replicate,20,xy_history_s1,2,1,102,26,0.5,0.5,0.5,26,0,26,0,0.5,0,0,26,0.0,0.0,1.0
control_free_replicate,20,xy_history_s1,2,2,102,26,0.5,0.5,0.5,26,0,26,0,0.5,0,0,26,0.0,0.0,1.0
control_free_replicate,20,xy_history_s1,2,3,103,25,0.5,0.5,0.5,25,0,25,0,0.5,0,0,25,0.0,0.0,1.0
control_free_replicate,20,xy_history_s1,2,4,103,25,0.5,0.5,0.5,25,0,25,0,0.5,0,0,25,0.0,0.0,1.0
control_free_replicate,20,xy_history_s1,3,0,102,26,0.5,0.5,0.5,26,0,26,0,0.5,0,0,26,0.0,0.0,1.0
control_free_replicate,20,xy_history_s1,3,1,102,26,0.5,0.5,0.5,26,0,26,0,0.5,0,0,26,0.0,0.0,1.0
control_free_replicate,20,xy_history_s1,3,2,102,26,0.5,0.5,0.5,26,0,26,0,0.5,0,0,26,0.0,0.0,1.0
control_free_replicate,20,xy_history_s1,3,3,103,25,0.5,0.5,0.5,25,0,25,0,0.5,0,0,25,0.0,0.0,1.0
control_free_replicate,20,xy_history_s1,3,4,103,25,0.5,0.5,0.5,25,0,25,0,0.5,0,0,25,0.0,0.0,1.0
control_free_replicate,20,xy_history_s1,4,0,102,26,0.5,0.5,0.5,26,0,26,0,0.5,0,0,26,0.0,0.0,1.0
control_free_replicate,20,xy_history_s1,4,1,102,26,0.5,0.5,0.5,26,0,26,0,0.5,0,0,26,0.0,0.0,1.0
control_free_replicate,20,xy_history_s1,4,2,102,26,0.5,0.5,0.5,26,0,26,0,0.5,0,0,26,0.0,0.0,1.0
control_free_replicate,20,xy_history_s1,4,3,103,25,0.5,0.5,0.5,25,0,25,0,0.5,0,0,25,0.0,0.0,1.0
control_free_replicate,20,xy_history_s1,4,4,103,25,0.5,0.5,0.5,25,0,25,0,0.5,0,0,25,0.0,0.0,1.0
control_free_replicate,20,position_proprio_history_s1,0,0,102,26,0.5,0.5,0.5,26,0,26,0,0.5,0,0,26,0.0,0.0,1.0
control_free_replicate,20,position_proprio_history_s1,0,1,102,26,0.5,0.5,0.5,26,0,26,0,0.5,0,0,26,0.0,0.0,1.0
control_free_replicate,20,position_proprio_history_s1,0,2,102,26,0.5,0.5,0.5,26,0,26,0,0.5,0,0,26,0.0,0.0,1.0
control_free_replicate,20,position_proprio_history_s1,0,3,103,25,0.5,0.5,0.5,25,0,25,0,0.5,0,0,25,0.0,0.0,1.0
control_free_replicate,20,position_proprio_history_s1,0,4,103,25,0.5,0.5,0.5,25,0,25,0,0.5,0,0,25,0.0,0.0,1.0
control_free_replicate,20,position_proprio_history_s1,1,0,102,26,0.5,0.5,0.5,26,0,26,0,0.5,0,0,26,0.0,0.0,1.0
control_free_replicate,20,position_proprio_history_s1,1,1,102,26,0.5,0.5,0.5,26,0,26,0,0.5,0,0,26,0.0,0.0,1.0
control_free_replicate,20,position_proprio_history_s1,1,2,102,26,0.5,0.5,0.5,26,0,26,0,0.5,0,0,26,0.0,0.0,1.0
control_free_replicate,20,position_proprio_history_s1,1,3,103,25,0.5,0.5,0.5,25,0,25,0,0.5,0,0,25,0.0,0.0,1.0
control_free_replicate,20,position_proprio_history_s1,1,4,103,25,0.5,0.5,0.5,25,0,25,0,0.5,0,0,25,0.0,0.0,1.0
control_free_replicate,20,position_proprio_history_s1,2,0,102,26,0.5,0.5,0.5,26,0,26,0,0.5,0,0,26,0.0,0.0,1.0
control_free_replicate,20,position_proprio_history_s1,2,1,102,26,0.5,0.5,0.5,26,0,26,0,0.5,0,0,26,0.0,0.0,1.0
control_free_replicate,20,position_proprio_history_s1,2,2,102,26,0.5,0.5,0.5,26,0,26,0,0.5,0,0,26,0.0,0.0,1.0
control_free_replicate,20,position_proprio_history_s1,2,3,103,25,0.5,0.5,0.5,25,0,25,0,0.5,0,0,25,0.0,0.0,1.0
control_free_replicate,20,position_proprio_history_s1,2,4,103,25,0.5,0.5,0.5,25,0,25,0,0.5,0,0,25,0.0,0.0,1.0
control_free_replicate,20,position_proprio_history_s1,3,0,102,26,0.5,0.5,0.5,26,0,26,0,0.5,0,0,26,0.0,0.0,1.0
control_free_replicate,20,position_proprio_history_s1,3,1,102,26,0.5,0.5,0.5,26,0,26,0,0.5,0,0,26,0.0,0.0,1.0
control_free_replicate,20,position_proprio_history_s1,3,2,102,26,0.5,0.5,0.5,26,0,26,0,0.5,0,0,26,0.0,0.0,1.0
control_free_replicate,20,position_proprio_history_s1,3,3,103,25,0.5,0.5,0.5,25,0,25,0,0.5,0,0,25,0.0,0.0,1.0
control_free_replicate,20,position_proprio_history_s1,3,4,103,25,0.5,0.5,0.5,25,0,25,0,0.5,0,0,25,0.0,0.0,1.0
control_free_replicate,20,position_proprio_history_s1,4,0,102,26,0.5,0.5,0.5,26,0,26,0,0.5,0,0,26,0.0,0.0,1.0
control_free_replicate,20,position_proprio_history_s1,4,1,102,26,0.5,0.5,0.5,26,0,26,0,0.5,0,0,26,0.0,0.0,1.0
control_free_replicate,20,position_proprio_history_s1,4,2,102,26,0.5,0.5,0.5,26,0,26,0,0.5,0,0,26,0.0,0.0,1.0
control_free_replicate,20,position_proprio_history_s1,4,3,103,25,0.5,0.5,0.5,25,0,25,0,0.5,0,0,25,0.0,0.0,1.0
control_free_replicate,20,position_proprio_history_s1,4,4,103,25,0.5,0.5,0.5,25,0,25,0,0.5,0,0,25,0.0,0.0,1.0
control_free_replicate,20,causal_fd_history_s1,0,0,102,26,0.5,0.5,0.5,26,0,26,0,0.5,0,0,26,0.0,0.0,1.0
control_free_replicate,20,causal_fd_history_s1,0,1,102,26,0.5,0.5,0.5,26,0,26,0,0.5,0,0,26,0.0,0.0,1.0
control_free_replicate,20,causal_fd_history_s1,0,2,102,26,0.5,0.5,0.5,26,0,26,0,0.5,0,0,26,0.0,0.0,1.0
control_free_replicate,20,causal_fd_history_s1,0,3,103,25,0.5,0.5,0.5,25,0,25,0,0.5,0,0,25,0.0,0.0,1.0
control_free_replicate,20,causal_fd_history_s1,0,4,103,25,0.5,0.5,0.5,25,0,25,0,0.5,0,0,25,0.0,0.0,1.0
control_free_replicate,20,causal_fd_history_s1,1,0,102,26,0.5,0.5,0.5,26,0,26,0,0.5,0,0,26,0.0,0.0,1.0
control_free_replicate,20,causal_fd_history_s1,1,1,102,26,0.5,0.5,0.5,26,0,26,0,0.5,0,0,26,0.0,0.0,1.0
control_free_replicate,20,causal_fd_history_s1,1,2,102,26,0.5,0.5,0.5,26,0,26,0,0.5,0,0,26,0.0,0.0,1.0
control_free_replicate,20,causal_fd_history_s1,1,3,103,25,0.5,0.5,0.5,25,0,25,0,0.5,0,0,25,0.0,0.0,1.0
control_free_replicate,20,causal_fd_history_s1,1,4,103,25,0.5,0.5,0.5,25,0,25,0,0.5,0,0,25,0.0,0.0,1.0
control_free_replicate,20,causal_fd_history_s1,2,0,102,26,0.5,0.5,0.5,26,0,26,0,0.5,0,0,26,0.0,0.0,1.0
control_free_replicate,20,causal_fd_history_s1,2,1,102,26,0.5,0.5,0.5,26,0,26,0,0.5,0,0,26,0.0,0.0,1.0
control_free_replicate,20,causal_fd_history_s1,2,2,102,26,0.5,0.5,0.5,26,0,26,0,0.5,0,0,26,0.0,0.0,1.0
control_free_replicate,20,causal_fd_history_s1,2,3,103,25,0.5,0.5,0.5,25,0,25,0,0.5,0,0,25,0.0,0.0,1.0
control_free_replicate,20,causal_fd_history_s1,2,4,103,25,0.5,0.5,0.5,25,0,25,0,0.5,0,0,25,0.0,0.0,1.0
control_free_replicate,20,causal_fd_history_s1,3,0,102,26,0.5,0.5,0.5,26,0,26,0,0.5,0,0,26,0.0,0.0,1.0
control_free_replicate,20,causal_fd_history_s1,3,1,102,26,0.5,0.5,0.5,26,0,26,0,0.5,0,0,26,0.0,0.0,1.0
control_free_replicate,20,causal_fd_history_s1,3,2,102,26,0.5,0.5,0.5,26,0,26,0,0.5,0,0,26,0.0,0.0,1.0
control_free_replicate,20,causal_fd_history_s1,3,3,103,25,0.5,0.5,0.5,25,0,25,0,0.5,0,0,25,0.0,0.0,1.0
control_free_replicate,20,causal_fd_history_s1,3,4,103,25,0.5,0.5,0.5,25,0,25,0,0.5,0,0,25,0.0,0.0,1.0
control_free_replicate,20,causal_fd_history_s1,4,0,102,26,0.5,0.5,0.5,26,0,26,0,0.5,0,0,26,0.0,0.0,1.0
control_free_replicate,20,causal_fd_history_s1,4,1,102,26,0.5,0.5,0.5,26,0,26,0,0.5,0,0,26,0.0,0.0,1.0
control_free_replicate,20,causal_fd_history_s1,4,2,102,26,0.5,0.5,0.5,26,0,26,0,0.5,0,0,26,0.0,0.0,1.0
control_free_replicate,20,causal_fd_history_s1,4,3,103,25,0.5,0.5,0.5,25,0,25,0,0.5,0,0,25,0.0,0.0,1.0
control_free_replicate,20,causal_fd_history_s1,4,4,103,25,0.5,0.5,0.5,25,0,25,0,0.5,0,0,25,0.0,0.0,1.0
control_free_replicate,20,model_x_v2_s1,0,0,102,26,0.5,0.5,0.5,26,0,26,0,0.5,0,0,26,0.0,0.0,1.0
control_free_replicate,20,model_x_v2_s1,0,1,102,26,0.5,0.5,0.5,26,0,26,0,0.5,0,0,26,0.0,0.0,1.0
control_free_replicate,20,model_x_v2_s1,0,2,102,26,0.5,0.5,0.5,26,0,26,0,0.5,0,0,26,0.0,0.0,1.0
control_free_replicate,20,model_x_v2_s1,0,3,103,25,0.5,0.5,0.5,25,0,25,0,0.5,0,0,25,0.0,0.0,1.0
control_free_replicate,20,model_x_v2_s1,0,4,103,25,0.5,0.5,0.5,25,0,25,0,0.5,0,0,25,0.0,0.0,1.0
control_free_replicate,20,model_x_v2_s1,1,0,102,26,0.5,0.5,0.5,26,0,26,0,0.5,0,0,26,0.0,0.0,1.0
control_free_replicate,20,model_x_v2_s1,1,1,102,26,0.5,0.5,0.5,26,0,26,0,0.5,0,0,26,0.0,0.0,1.0
control_free_replicate,20,model_x_v2_s1,1,2,102,26,0.5,0.5,0.5,26,0,26,0,0.5,0,0,26,0.0,0.0,1.0
control_free_replicate,20,model_x_v2_s1,1,3,103,25,0.5,0.5,0.5,25,0,25,0,0.5,0,0,25,0.0,0.0,1.0
control_free_replicate,20,model_x_v2_s1,1,4,103,25,0.5,0.5,0.5,25,0,25,0,0.5,0,0,25,0.0,0.0,1.0
control_free_replicate,20,model_x_v2_s1,2,0,102,26,0.5,0.5,0.5,26,0,26,0,0.5,0,0,26,0.0,0.0,1.0
control_free_replicate,20,model_x_v2_s1,2,1,102,26,0.5,0.5,0.5,26,0,26,0,0.5,0,0,26,0.0,0.0,1.0
control_free_replicate,20,model_x_v2_s1,2,2,102,26,0.5,0.5,0.5,26,0,26,0,0.5,0,0,26,0.0,0.0,1.0
control_free_replicate,20,model_x_v2_s1,2,3,103,25,0.5,0.5,0.5,25,0,25,0,0.5,0,0,25,0.0,0.0,1.0
control_free_replicate,20,model_x_v2_s1,2,4,103,25,0.5,0.5,0.5,25,0,25,0,0.5,0,0,25,0.0,0.0,1.0
control_free_replicate,20,model_x_v2_s1,3,0,102,26,0.5,0.5,0.5,26,0,26,0,0.5,0,0,26,0.0,0.0,1.0
control_free_replicate,20,model_x_v2_s1,3,1,102,26,0.5,0.5,0.5,26,0,26,0,0.5,0,0,26,0.0,0.0,1.0
control_free_replicate,20,model_x_v2_s1,3,2,102,26,0.5,0.5,0.5,26,0,26,0,0.5,0,0,26,0.0,0.0,1.0
control_free_replicate,20,model_x_v2_s1,3,3,103,25,0.5,0.5,0.5,25,0,25,0,0.5,0,0,25,0.0,0.0,1.0
control_free_replicate,20,model_x_v2_s1,3,4,103,25,0.5,0.5,0.5,25,0,25,0,0.5,0,0,25,0.0,0.0,1.0
control_free_replicate,20,model_x_v2_s1,4,0,102,26,0.5,0.5,0.5,26,0,26,0,0.5,0,0,26,0.0,0.0,1.0
control_free_replicate,20,model_x_v2_s1,4,1,102,26,0.5,0.5,0.5,26,0,26,0,0.5,0,0,26,0.0,0.0,1.0
control_free_replicate,20,model_x_v2_s1,4,2,102,26,0.5,0.5,0.5,26,0,26,0,0.5,0,0,26,0.0,0.0,1.0
control_free_replicate,20,model_x_v2_s1,4,3,103,25,0.5,0.5,0.5,25,0,25,0,0.5,0,0,25,0.0,0.0,1.0
control_free_replicate,20,model_x_v2_s1,4,4,103,25,0.5,0.5,0.5,25,0,25,0,0.5,0,0,25,0.0,0.0,1.0
control_free_replicate,20,privileged_model_x_v1_s1,0,0,102,26,0.5,0.5,0.5,26,0,26,0,0.5,0,0,26,0.0,0.0,1.0
control_free_replicate,20,privileged_model_x_v1_s1,0,1,102,26,0.5,0.5,0.5,26,0,26,0,0.5,0,0,26,0.0,0.0,1.0
control_free_replicate,20,privileged_model_x_v1_s1,0,2,102,26,0.5,0.5,0.5,26,0,26,0,0.5,0,0,26,0.0,0.0,1.0
control_free_replicate,20,privileged_model_x_v1_s1,0,3,103,25,0.5,0.5,0.5,25,0,25,0,0.5,0,0,25,0.0,0.0,1.0
control_free_replicate,20,privileged_model_x_v1_s1,0,4,103,25,0.5,0.5,0.5,25,0,25,0,0.5,0,0,25,0.0,0.0,1.0
control_free_replicate,20,privileged_model_x_v1_s1,1,0,102,26,0.5,0.5,0.5,26,0,26,0,0.5,0,0,26,0.0,0.0,1.0
control_free_replicate,20,privileged_model_x_v1_s1,1,1,102,26,0.5,0.5,0.5,26,0,26,0,0.5,0,0,26,0.0,0.0,1.0
control_free_replicate,20,privileged_model_x_v1_s1,1,2,102,26,0.5,0.5,0.5,26,0,26,0,0.5,0,0,26,0.0,0.0,1.0
control_free_replicate,20,privileged_model_x_v1_s1,1,3,103,25,0.5,0.5,0.5,25,0,25,0,0.5,0,0,25,0.0,0.0,1.0
control_free_replicate,20,privileged_model_x_v1_s1,1,4,103,25,0.5,0.5,0.5,25,0,25,0,0.5,0,0,25,0.0,0.0,1.0
control_free_replicate,20,privileged_model_x_v1_s1,2,0,102,26,0.5,0.5,0.5,26,0,26,0,0.5,0,0,26,0.0,0.0,1.0
control_free_replicate,20,privileged_model_x_v1_s1,2,1,102,26,0.5,0.5,0.5,26,0,26,0,0.5,0,0,26,0.0,0.0,1.0
control_free_replicate,20,privileged_model_x_v1_s1,2,2,102,26,0.5,0.5,0.5,26,0,26,0,0.5,0,0,26,0.0,0.0,1.0
control_free_replicate,20,privileged_model_x_v1_s1,2,3,103,25,0.5,0.5,0.5,25,0,25,0,0.5,0,0,25,0.0,0.0,1.0
control_free_replicate,20,privileged_model_x_v1_s1,2,4,103,25,0.5,0.5,0.5,25,0,25,0,0.5,0,0,25,0.0,0.0,1.0
control_free_replicate,20,privileged_model_x_v1_s1,3,0,102,26,0.5,0.5,0.5,26,0,26,0,0.5,0,0,26,0.0,0.0,1.0
control_free_replicate,20,privileged_model_x_v1_s1,3,1,102,26,0.5,0.5,0.5,26,0,26,0,0.5,0,0,26,0.0,0.0,1.0
control_free_replicate,20,privileged_model_x_v1_s1,3,2,102,26,0.5,0.5,0.5,26,0,26,0,0.5,0,0,26,0.0,0.0,1.0
control_free_replicate,20,privileged_model_x_v1_s1,3,3,103,25,0.5,0.5,0.5,25,0,25,0,0.5,0,0,25,0.0,0.0,1.0
control_free_replicate,20,privileged_model_x_v1_s1,3,4,103,25,0.5,0.5,0.5,25,0,25,0,0.5,0,0,25,0.0,0.0,1.0
control_free_replicate,20,privileged_model_x_v1_s1,4,0,102,26,0.5,0.5,0.5,26,0,26,0,0.5,0,0,26,0.0,0.0,1.0
control_free_replicate,20,privileged_model_x_v1_s1,4,1,102,26,0.5,0.5,0.5,26,0,26,0,0.5,0,0,26,0.0,0.0,1.0
control_free_replicate,20,privileged_model_x_v1_s1,4,2,102,26,0.5,0.5,0.5,26,0,26,0,0.5,0,0,26,0.0,0.0,1.0
control_free_replicate,20,privileged_model_x_v1_s1,4,3,103,25,0.5,0.5,0.5,25,0,25,0,0.5,0,0,25,0.0,0.0,1.0
control_free_replicate,20,privileged_model_x_v1_s1,4,4,103,25,0.5,0.5,0.5,25,0,25,0,0.5,0,0,25,0.0,0.0,1.0
control_free_replicate,20,xy_history_s5,0,0,102,26,0.5,0.5,0.5,26,0,26,0,0.5,0,0,26,0.0,0.0,1.0
control_free_replicate,20,xy_history_s5,0,1,102,26,0.5,0.5,0.5,26,0,26,0,0.5,0,0,26,0.0,0.0,1.0
control_free_replicate,20,xy_history_s5,0,2,102,26,0.5,0.5,0.5,26,0,26,0,0.5,0,0,26,0.0,0.0,1.0
control_free_replicate,20,xy_history_s5,0,3,103,25,0.5,0.5,0.5,25,0,25,0,0.5,0,0,25,0.0,0.0,1.0
control_free_replicate,20,xy_history_s5,0,4,103,25,0.5,0.5,0.5,25,0,25,0,0.5,0,0,25,0.0,0.0,1.0
control_free_replicate,20,xy_history_s5,1,0,102,26,0.5,0.5,0.5,26,0,26,0,0.5,0,0,26,0.0,0.0,1.0
control_free_replicate,20,xy_history_s5,1,1,102,26,0.5,0.5,0.5,26,0,26,0,0.5,0,0,26,0.0,0.0,1.0
control_free_replicate,20,xy_history_s5,1,2,102,26,0.5,0.5,0.5,26,0,26,0,0.5,0,0,26,0.0,0.0,1.0
control_free_replicate,20,xy_history_s5,1,3,103,25,0.5,0.5,0.5,25,0,25,0,0.5,0,0,25,0.0,0.0,1.0
control_free_replicate,20,xy_history_s5,1,4,103,25,0.5,0.5,0.5,25,0,25,0,0.5,0,0,25,0.0,0.0,1.0
control_free_replicate,20,xy_history_s5,2,0,102,26,0.5,0.5,0.5,26,0,26,0,0.5,0,0,26,0.0,0.0,1.0
control_free_replicate,20,xy_history_s5,2,1,102,26,0.5,0.5,0.5,26,0,26,0,0.5,0,0,26,0.0,0.0,1.0
control_free_replicate,20,xy_history_s5,2,2,102,26,0.5,0.5,0.5,26,0,26,0,0.5,0,0,26,0.0,0.0,1.0
control_free_replicate,20,xy_history_s5,2,3,103,25,0.5,0.5,0.5,25,0,25,0,0.5,0,0,25,0.0,0.0,1.0
control_free_replicate,20,xy_history_s5,2,4,103,25,0.5,0.5,0.5,25,0,25,0,0.5,0,0,25,0.0,0.0,1.0
control_free_replicate,20,xy_history_s5,3,0,102,26,0.5,0.5,0.5,26,0,26,0,0.5,0,0,26,0.0,0.0,1.0
control_free_replicate,20,xy_history_s5,3,1,102,26,0.5,0.5,0.5,26,0,26,0,0.5,0,0,26,0.0,0.0,1.0
control_free_replicate,20,xy_history_s5,3,2,102,26,0.5,0.5,0.5,26,0,26,0,0.5,0,0,26,0.0,0.0,1.0
control_free_replicate,20,xy_history_s5,3,3,103,25,0.5,0.5,0.5,25,0,25,0,0.5,0,0,25,0.0,0.0,1.0
control_free_replicate,20,xy_history_s5,3,4,103,25,0.5,0.5,0.5,25,0,25,0,0.5,0,0,25,0.0,0.0,1.0
control_free_replicate,20,xy_history_s5,4,0,102,26,0.5,0.5,0.5,26,0,26,0,0.5,0,0,26,0.0,0.0,1.0
control_free_replicate,20,xy_history_s5,4,1,102,26,0.5,0.5,0.5,26,0,26,0,0.5,0,0,26,0.0,0.0,1.0
control_free_replicate,20,xy_history_s5,4,2,102,26,0.5,0.5,0.5,26,0,26,0,0.5,0,0,26,0.0,0.0,1.0
control_free_replicate,20,xy_history_s5,4,3,103,25,0.5,0.5,0.5,25,0,25,0,0.5,0,0,25,0.0,0.0,1.0
control_free_replicate,20,xy_history_s5,4,4,103,25,0.5,0.5,0.5,25,0,25,0,0.5,0,0,25,0.0,0.0,1.0
control_free_replicate,20,position_proprio_history_s5,0,0,102,26,0.5,0.5,0.5,26,0,26,0,0.5,0,0,26,0.0,0.0,1.0
control_free_replicate,20,position_proprio_history_s5,0,1,102,26,0.5,0.5,0.5,26,0,26,0,0.5,0,0,26,0.0,0.0,1.0
control_free_replicate,20,position_proprio_history_s5,0,2,102,26,0.5,0.5,0.5,26,0,26,0,0.5,0,0,26,0.0,0.0,1.0
control_free_replicate,20,position_proprio_history_s5,0,3,103,25,0.5,0.5,0.5,25,0,25,0,0.5,0,0,25,0.0,0.0,1.0
control_free_replicate,20,position_proprio_history_s5,0,4,103,25,0.5,0.5,0.5,25,0,25,0,0.5,0,0,25,0.0,0.0,1.0
control_free_replicate,20,position_proprio_history_s5,1,0,102,26,0.5,0.5,0.5,26,0,26,0,0.5,0,0,26,0.0,0.0,1.0
control_free_replicate,20,position_proprio_history_s5,1,1,102,26,0.5,0.5,0.5,26,0,26,0,0.5,0,0,26,0.0,0.0,1.0
control_free_replicate,20,position_proprio_history_s5,1,2,102,26,0.5,0.5,0.5,26,0,26,0,0.5,0,0,26,0.0,0.0,1.0
control_free_replicate,20,position_proprio_history_s5,1,3,103,25,0.5,0.5,0.5,25,0,25,0,0.5,0,0,25,0.0,0.0,1.0
control_free_replicate,20,position_proprio_history_s5,1,4,103,25,0.5,0.5,0.5,25,0,25,0,0.5,0,0,25,0.0,0.0,1.0
control_free_replicate,20,position_proprio_history_s5,2,0,102,26,0.5,0.5,0.5,26,0,26,0,0.5,0,0,26,0.0,0.0,1.0
control_free_replicate,20,position_proprio_history_s5,2,1,102,26,0.5,0.5,0.5,26,0,26,0,0.5,0,0,26,0.0,0.0,1.0
control_free_replicate,20,position_proprio_history_s5,2,2,102,26,0.5,0.5,0.5,26,0,26,0,0.5,0,0,26,0.0,0.0,1.0
control_free_replicate,20,position_proprio_history_s5,2,3,103,25,0.5,0.5,0.5,25,0,25,0,0.5,0,0,25,0.0,0.0,1.0
control_free_replicate,20,position_proprio_history_s5,2,4,103,25,0.5,0.5,0.5,25,0,25,0,0.5,0,0,25,0.0,0.0,1.0
control_free_replicate,20,position_proprio_history_s5,3,0,102,26,0.5,0.5,0.5,26,0,26,0,0.5,0,0,26,0.0,0.0,1.0
control_free_replicate,20,position_proprio_history_s5,3,1,102,26,0.5,0.5,0.5,26,0,26,0,0.5,0,0,26,0.0,0.0,1.0
control_free_replicate,20,position_proprio_history_s5,3,2,102,26,0.5,0.5,0.5,26,0,26,0,0.5,0,0,26,0.0,0.0,1.0
control_free_replicate,20,position_proprio_history_s5,3,3,103,25,0.5,0.5,0.5,25,0,25,0,0.5,0,0,25,0.0,0.0,1.0
control_free_replicate,20,position_proprio_history_s5,3,4,103,25,0.5,0.5,0.5,25,0,25,0,0.5,0,0,25,0.0,0.0,1.0
control_free_replicate,20,position_proprio_history_s5,4,0,102,26,0.5,0.5,0.5,26,0,26,0,0.5,0,0,26,0.0,0.0,1.0
control_free_replicate,20,position_proprio_history_s5,4,1,102,26,0.5,0.5,0.5,26,0,26,0,0.5,0,0,26,0.0,0.0,1.0
control_free_replicate,20,position_proprio_history_s5,4,2,102,26,0.5,0.5,0.5,26,0,26,0,0.5,0,0,26,0.0,0.0,1.0
control_free_replicate,20,position_proprio_history_s5,4,3,103,25,0.5,0.5,0.5,25,0,25,0,0.5,0,0,25,0.0,0.0,1.0
control_free_replicate,20,position_proprio_history_s5,4,4,103,25,0.5,0.5,0.5,25,0,25,0,0.5,0,0,25,0.0,0.0,1.0
control_free_replicate,20,causal_fd_history_s5,0,0,102,26,0.5,0.5,0.5,26,0,26,0,0.5,0,0,26,0.0,0.0,1.0
control_free_replicate,20,causal_fd_history_s5,0,1,102,26,0.5,0.5,0.5,26,0,26,0,0.5,0,0,26,0.0,0.0,1.0
control_free_replicate,20,causal_fd_history_s5,0,2,102,26,0.5,0.5,0.5,26,0,26,0,0.5,0,0,26,0.0,0.0,1.0
control_free_replicate,20,causal_fd_history_s5,0,3,103,25,0.5,0.5,0.5,25,0,25,0,0.5,0,0,25,0.0,0.0,1.0
control_free_replicate,20,causal_fd_history_s5,0,4,103,25,0.5,0.5,0.5,25,0,25,0,0.5,0,0,25,0.0,0.0,1.0
control_free_replicate,20,causal_fd_history_s5,1,0,102,26,0.5,0.5,0.5,26,0,26,0,0.5,0,0,26,0.0,0.0,1.0
control_free_replicate,20,causal_fd_history_s5,1,1,102,26,0.5,0.5,0.5,26,0,26,0,0.5,0,0,26,0.0,0.0,1.0
control_free_replicate,20,causal_fd_history_s5,1,2,102,26,0.5,0.5,0.5,26,0,26,0,0.5,0,0,26,0.0,0.0,1.0
control_free_replicate,20,causal_fd_history_s5,1,3,103,25,0.5,0.5,0.5,25,0,25,0,0.5,0,0,25,0.0,0.0,1.0
control_free_replicate,20,causal_fd_history_s5,1,4,103,25,0.5,0.5,0.5,25,0,25,0,0.5,0,0,25,0.0,0.0,1.0
control_free_replicate,20,causal_fd_history_s5,2,0,102,26,0.5,0.5,0.5,26,0,26,0,0.5,0,0,26,0.0,0.0,1.0
control_free_replicate,20,causal_fd_history_s5,2,1,102,26,0.5,0.5,0.5,26,0,26,0,0.5,0,0,26,0.0,0.0,1.0
control_free_replicate,20,causal_fd_history_s5,2,2,102,26,0.5,0.5,0.5,26,0,26,0,0.5,0,0,26,0.0,0.0,1.0
control_free_replicate,20,causal_fd_history_s5,2,3,103,25,0.5,0.5,0.5,25,0,25,0,0.5,0,0,25,0.0,0.0,1.0
control_free_replicate,20,causal_fd_history_s5,2,4,103,25,0.5,0.5,0.5,25,0,25,0,0.5,0,0,25,0.0,0.0,1.0
control_free_replicate,20,causal_fd_history_s5,3,0,102,26,0.5,0.5,0.5,26,0,26,0,0.5,0,0,26,0.0,0.0,1.0
control_free_replicate,20,causal_fd_history_s5,3,1,102,26,0.5,0.5,0.5,26,0,26,0,0.5,0,0,26,0.0,0.0,1.0
control_free_replicate,20,causal_fd_history_s5,3,2,102,26,0.5,0.5,0.5,26,0,26,0,0.5,0,0,26,0.0,0.0,1.0
control_free_replicate,20,causal_fd_history_s5,3,3,103,25,0.5,0.5,0.5,25,0,25,0,0.5,0,0,25,0.0,0.0,1.0
control_free_replicate,20,causal_fd_history_s5,3,4,103,25,0.5,0.5,0.5,25,0,25,0,0.5,0,0,25,0.0,0.0,1.0
control_free_replicate,20,causal_fd_history_s5,4,0,102,26,0.5,0.5,0.5,26,0,26,0,0.5,0,0,26,0.0,0.0,1.0
control_free_replicate,20,causal_fd_history_s5,4,1,102,26,0.5,0.5,0.5,26,0,26,0,0.5,0,0,26,0.0,0.0,1.0
control_free_replicate,20,causal_fd_history_s5,4,2,102,26,0.5,0.5,0.5,26,0,26,0,0.5,0,0,26,0.0,0.0,1.0
control_free_replicate,20,causal_fd_history_s5,4,3,103,25,0.5,0.5,0.5,25,0,25,0,0.5,0,0,25,0.0,0.0,1.0
control_free_replicate,20,causal_fd_history_s5,4,4,103,25,0.5,0.5,0.5,25,0,25,0,0.5,0,0,25,0.0,0.0,1.0
control_free_replicate,20,model_x_v2_s5,0,0,102,26,0.5,0.5,0.5,26,0,26,0,0.5,0,0,26,0.0,0.0,1.0
control_free_replicate,20,model_x_v2_s5,0,1,102,26,0.5,0.5,0.5,26,0,26,0,0.5,0,0,26,0.0,0.0,1.0
control_free_replicate,20,model_x_v2_s5,0,2,102,26,0.5,0.5,0.5,26,0,26,0,0.5,0,0,26,0.0,0.0,1.0
control_free_replicate,20,model_x_v2_s5,0,3,103,25,0.5,0.5,0.5,25,0,25,0,0.5,0,0,25,0.0,0.0,1.0
control_free_replicate,20,model_x_v2_s5,0,4,103,25,0.5,0.5,0.5,25,0,25,0,0.5,0,0,25,0.0,0.0,1.0
control_free_replicate,20,model_x_v2_s5,1,0,102,26,0.5,0.5,0.5,26,0,26,0,0.5,0,0,26,0.0,0.0,1.0
control_free_replicate,20,model_x_v2_s5,1,1,102,26,0.5,0.5,0.5,26,0,26,0,0.5,0,0,26,0.0,0.0,1.0
control_free_replicate,20,model_x_v2_s5,1,2,102,26,0.5,0.5,0.5,26,0,26,0,0.5,0,0,26,0.0,0.0,1.0
control_free_replicate,20,model_x_v2_s5,1,3,103,25,0.5,0.5,0.5,25,0,25,0,0.5,0,0,25,0.0,0.0,1.0
control_free_replicate,20,model_x_v2_s5,1,4,103,25,0.5,0.5,0.5,25,0,25,0,0.5,0,0,25,0.0,0.0,1.0
control_free_replicate,20,model_x_v2_s5,2,0,102,26,0.5,0.5,0.5,26,0,26,0,0.5,0,0,26,0.0,0.0,1.0
control_free_replicate,20,model_x_v2_s5,2,1,102,26,0.5,0.5,0.5,26,0,26,0,0.5,0,0,26,0.0,0.0,1.0
control_free_replicate,20,model_x_v2_s5,2,2,102,26,0.5,0.5,0.5,26,0,26,0,0.5,0,0,26,0.0,0.0,1.0
control_free_replicate,20,model_x_v2_s5,2,3,103,25,0.5,0.5,0.5,25,0,25,0,0.5,0,0,25,0.0,0.0,1.0
control_free_replicate,20,model_x_v2_s5,2,4,103,25,0.5,0.5,0.5,25,0,25,0,0.5,0,0,25,0.0,0.0,1.0
control_free_replicate,20,model_x_v2_s5,3,0,102,26,0.5,0.5,0.5,26,0,26,0,0.5,0,0,26,0.0,0.0,1.0
control_free_replicate,20,model_x_v2_s5,3,1,102,26,0.5,0.5,0.5,26,0,26,0,0.5,0,0,26,0.0,0.0,1.0
control_free_replicate,20,model_x_v2_s5,3,2,102,26,0.5,0.5,0.5,26,0,26,0,0.5,0,0,26,0.0,0.0,1.0
control_free_replicate,20,model_x_v2_s5,3,3,103,25,0.5,0.5,0.5,25,0,25,0,0.5,0,0,25,0.0,0.0,1.0
control_free_replicate,20,model_x_v2_s5,3,4,103,25,0.5,0.5,0.5,25,0,25,0,0.5,0,0,25,0.0,0.0,1.0
control_free_replicate,20,model_x_v2_s5,4,0,102,26,0.5,0.5,0.5,26,0,26,0,0.5,0,0,26,0.0,0.0,1.0
control_free_replicate,20,model_x_v2_s5,4,1,102,26,0.5,0.5,0.5,26,0,26,0,0.5,0,0,26,0.0,0.0,1.0
control_free_replicate,20,model_x_v2_s5,4,2,102,26,0.5,0.5,0.5,26,0,26,0,0.5,0,0,26,0.0,0.0,1.0
control_free_replicate,20,model_x_v2_s5,4,3,103,25,0.5,0.5,0.5,25,0,25,0,0.5,0,0,25,0.0,0.0,1.0
control_free_replicate,20,model_x_v2_s5,4,4,103,25,0.5,0.5,0.5,25,0,25,0,0.5,0,0,25,0.0,0.0,1.0
control_free_replicate,20,privileged_model_x_v1_s5,0,0,102,26,0.5,0.5,0.5,26,0,26,0,0.5,0,0,26,0.0,0.0,1.0
control_free_replicate,20,privileged_model_x_v1_s5,0,1,102,26,0.5,0.5,0.5,26,0,26,0,0.5,0,0,26,0.0,0.0,1.0
control_free_replicate,20,privileged_model_x_v1_s5,0,2,102,26,0.5,0.5,0.5,26,0,26,0,0.5,0,0,26,0.0,0.0,1.0
control_free_replicate,20,privileged_model_x_v1_s5,0,3,103,25,0.5,0.5,0.5,25,0,25,0,0.5,0,0,25,0.0,0.0,1.0
control_free_replicate,20,privileged_model_x_v1_s5,0,4,103,25,0.5,0.5,0.5,25,0,25,0,0.5,0,0,25,0.0,0.0,1.0
control_free_replicate,20,privileged_model_x_v1_s5,1,0,102,26,0.5,0.5,0.5,26,0,26,0,0.5,0,0,26,0.0,0.0,1.0
control_free_replicate,20,privileged_model_x_v1_s5,1,1,102,26,0.5,0.5,0.5,26,0,26,0,0.5,0,0,26,0.0,0.0,1.0
control_free_replicate,20,privileged_model_x_v1_s5,1,2,102,26,0.5,0.5,0.5,26,0,26,0,0.5,0,0,26,0.0,0.0,1.0
control_free_replicate,20,privileged_model_x_v1_s5,1,3,103,25,0.5,0.5,0.5,25,0,25,0,0.5,0,0,25,0.0,0.0,1.0
control_free_replicate,20,privileged_model_x_v1_s5,1,4,103,25,0.5,0.5,0.5,25,0,25,0,0.5,0,0,25,0.0,0.0,1.0
control_free_replicate,20,privileged_model_x_v1_s5,2,0,102,26,0.5,0.5,0.5,26,0,26,0,0.5,0,0,26,0.0,0.0,1.0
control_free_replicate,20,privileged_model_x_v1_s5,2,1,102,26,0.5,0.5,0.5,26,0,26,0,0.5,0,0,26,0.0,0.0,1.0
control_free_replicate,20,privileged_model_x_v1_s5,2,2,102,26,0.5,0.5,0.5,26,0,26,0,0.5,0,0,26,0.0,0.0,1.0
control_free_replicate,20,privileged_model_x_v1_s5,2,3,103,25,0.5,0.5,0.5,25,0,25,0,0.5,0,0,25,0.0,0.0,1.0
control_free_replicate,20,privileged_model_x_v1_s5,2,4,103,25,0.5,0.5,0.5,25,0,25,0,0.5,0,0,25,0.0,0.0,1.0
control_free_replicate,20,privileged_model_x_v1_s5,3,0,102,26,0.5,0.5,0.5,26,0,26,0,0.5,0,0,26,0.0,0.0,1.0
control_free_replicate,20,privileged_model_x_v1_s5,3,1,102,26,0.5,0.5,0.5,26,0,26,0,0.5,0,0,26,0.0,0.0,1.0
control_free_replicate,20,privileged_model_x_v1_s5,3,2,102,26,0.5,0.5,0.5,26,0,26,0,0.5,0,0,26,0.0,0.0,1.0
control_free_replicate,20,privileged_model_x_v1_s5,3,3,103,25,0.5,0.5,0.5,25,0,25,0,0.5,0,0,25,0.0,0.0,1.0
control_free_replicate,20,privileged_model_x_v1_s5,3,4,103,25,0.5,0.5,0.5,25,0,25,0,0.5,0,0,25,0.0,0.0,1.0
control_free_replicate,20,privileged_model_x_v1_s5,4,0,102,26,0.5,0.5,0.5,26,0,26,0,0.5,0,0,26,0.0,0.0,1.0
control_free_replicate,20,privileged_model_x_v1_s5,4,1,102,26,0.5,0.5,0.5,26,0,26,0,0.5,0,0,26,0.0,0.0,1.0
control_free_replicate,20,privileged_model_x_v1_s5,4,2,102,26,0.5,0.5,0.5,26,0,26,0,0.5,0,0,26,0.0,0.0,1.0
control_free_replicate,20,privileged_model_x_v1_s5,4,3,103,25,0.5,0.5,0.5,25,0,25,0,0.5,0,0,25,0.0,0.0,1.0
control_free_replicate,20,privileged_model_x_v1_s5,4,4,103,25,0.5,0.5,0.5,25,0,25,0,0.5,0,0,25,0.0,0.0,1.0
control_free_replicate,20,xy_history_s10,0,0,102,26,0.5,0.5,0.5,26,0,26,0,0.5,0,0,26,0.0,0.0,1.0
control_free_replicate,20,xy_history_s10,0,1,102,26,0.5,0.5,0.5,26,0,26,0,0.5,0,0,26,0.0,0.0,1.0
control_free_replicate,20,xy_history_s10,0,2,102,26,0.5,0.5,0.5,26,0,26,0,0.5,0,0,26,0.0,0.0,1.0
control_free_replicate,20,xy_history_s10,0,3,103,25,0.5,0.5,0.5,25,0,25,0,0.5,0,0,25,0.0,0.0,1.0
control_free_replicate,20,xy_history_s10,0,4,103,25,0.5,0.5,0.5,25,0,25,0,0.5,0,0,25,0.0,0.0,1.0
control_free_replicate,20,xy_history_s10,1,0,102,26,0.5,0.5,0.5,26,0,26,0,0.5,0,0,26,0.0,0.0,1.0
control_free_replicate,20,xy_history_s10,1,1,102,26,0.5,0.5,0.5,26,0,26,0,0.5,0,0,26,0.0,0.0,1.0
control_free_replicate,20,xy_history_s10,1,2,102,26,0.5,0.5,0.5,26,0,26,0,0.5,0,0,26,0.0,0.0,1.0
control_free_replicate,20,xy_history_s10,1,3,103,25,0.5,0.5,0.5,25,0,25,0,0.5,0,0,25,0.0,0.0,1.0
control_free_replicate,20,xy_history_s10,1,4,103,25,0.5,0.5,0.5,25,0,25,0,0.5,0,0,25,0.0,0.0,1.0
control_free_replicate,20,xy_history_s10,2,0,102,26,0.5,0.5,0.5,26,0,26,0,0.5,0,0,26,0.0,0.0,1.0
control_free_replicate,20,xy_history_s10,2,1,102,26,0.5,0.5,0.5,26,0,26,0,0.5,0,0,26,0.0,0.0,1.0
control_free_replicate,20,xy_history_s10,2,2,102,26,0.5,0.5,0.5,26,0,26,0,0.5,0,0,26,0.0,0.0,1.0
control_free_replicate,20,xy_history_s10,2,3,103,25,0.5,0.5,0.5,25,0,25,0,0.5,0,0,25,0.0,0.0,1.0
control_free_replicate,20,xy_history_s10,2,4,103,25,0.5,0.5,0.5,25,0,25,0,0.5,0,0,25,0.0,0.0,1.0
control_free_replicate,20,xy_history_s10,3,0,102,26,0.5,0.5,0.5,26,0,26,0,0.5,0,0,26,0.0,0.0,1.0
control_free_replicate,20,xy_history_s10,3,1,102,26,0.5,0.5,0.5,26,0,26,0,0.5,0,0,26,0.0,0.0,1.0
control_free_replicate,20,xy_history_s10,3,2,102,26,0.5,0.5,0.5,26,0,26,0,0.5,0,0,26,0.0,0.0,1.0
control_free_replicate,20,xy_history_s10,3,3,103,25,0.5,0.5,0.5,25,0,25,0,0.5,0,0,25,0.0,0.0,1.0
control_free_replicate,20,xy_history_s10,3,4,103,25,0.5,0.5,0.5,25,0,25,0,0.5,0,0,25,0.0,0.0,1.0
control_free_replicate,20,xy_history_s10,4,0,102,26,0.5,0.5,0.5,26,0,26,0,0.5,0,0,26,0.0,0.0,1.0
control_free_replicate,20,xy_history_s10,4,1,102,26,0.5,0.5,0.5,26,0,26,0,0.5,0,0,26,0.0,0.0,1.0
control_free_replicate,20,xy_history_s10,4,2,102,26,0.5,0.5,0.5,26,0,26,0,0.5,0,0,26,0.0,0.0,1.0
control_free_replicate,20,xy_history_s10,4,3,103,25,0.5,0.5,0.5,25,0,25,0,0.5,0,0,25,0.0,0.0,1.0
control_free_replicate,20,xy_history_s10,4,4,103,25,0.5,0.5,0.5,25,0,25,0,0.5,0,0,25,0.0,0.0,1.0
control_free_replicate,20,position_proprio_history_s10,0,0,102,26,0.5,0.5,0.5,26,0,26,0,0.5,0,0,26,0.0,0.0,1.0
control_free_replicate,20,position_proprio_history_s10,0,1,102,26,0.5,0.5,0.5,26,0,26,0,0.5,0,0,26,0.0,0.0,1.0
control_free_replicate,20,position_proprio_history_s10,0,2,102,26,0.5,0.5,0.5,26,0,26,0,0.5,0,0,26,0.0,0.0,1.0
control_free_replicate,20,position_proprio_history_s10,0,3,103,25,0.5,0.5,0.5,25,0,25,0,0.5,0,0,25,0.0,0.0,1.0
control_free_replicate,20,position_proprio_history_s10,0,4,103,25,0.5,0.5,0.5,25,0,25,0,0.5,0,0,25,0.0,0.0,1.0
control_free_replicate,20,position_proprio_history_s10,1,0,102,26,0.5,0.5,0.5,26,0,26,0,0.5,0,0,26,0.0,0.0,1.0
control_free_replicate,20,position_proprio_history_s10,1,1,102,26,0.5,0.5,0.5,26,0,26,0,0.5,0,0,26,0.0,0.0,1.0
control_free_replicate,20,position_proprio_history_s10,1,2,102,26,0.5,0.5,0.5,26,0,26,0,0.5,0,0,26,0.0,0.0,1.0
control_free_replicate,20,position_proprio_history_s10,1,3,103,25,0.5,0.5,0.5,25,0,25,0,0.5,0,0,25,0.0,0.0,1.0
control_free_replicate,20,position_proprio_history_s10,1,4,103,25,0.5,0.5,0.5,25,0,25,0,0.5,0,0,25,0.0,0.0,1.0
control_free_replicate,20,position_proprio_history_s10,2,0,102,26,0.5,0.5,0.5,26,0,26,0,0.5,0,0,26,0.0,0.0,1.0
control_free_replicate,20,position_proprio_history_s10,2,1,102,26,0.5,0.5,0.5,26,0,26,0,0.5,0,0,26,0.0,0.0,1.0
control_free_replicate,20,position_proprio_history_s10,2,2,102,26,0.5,0.5,0.5,26,0,26,0,0.5,0,0,26,0.0,0.0,1.0
control_free_replicate,20,position_proprio_history_s10,2,3,103,25,0.5,0.5,0.5,25,0,25,0,0.5,0,0,25,0.0,0.0,1.0
control_free_replicate,20,position_proprio_history_s10,2,4,103,25,0.5,0.5,0.5,25,0,25,0,0.5,0,0,25,0.0,0.0,1.0
control_free_replicate,20,position_proprio_history_s10,3,0,102,26,0.5,0.5,0.5,26,0,26,0,0.5,0,0,26,0.0,0.0,1.0
control_free_replicate,20,position_proprio_history_s10,3,1,102,26,0.5,0.5,0.5,26,0,26,0,0.5,0,0,26,0.0,0.0,1.0
control_free_replicate,20,position_proprio_history_s10,3,2,102,26,0.5,0.5,0.5,26,0,26,0,0.5,0,0,26,0.0,0.0,1.0
control_free_replicate,20,position_proprio_history_s10,3,3,103,25,0.5,0.5,0.5,25,0,25,0,0.5,0,0,25,0.0,0.0,1.0
control_free_replicate,20,position_proprio_history_s10,3,4,103,25,0.5,0.5,0.5,25,0,25,0,0.5,0,0,25,0.0,0.0,1.0
control_free_replicate,20,position_proprio_history_s10,4,0,102,26,0.5,0.5,0.5,26,0,26,0,0.5,0,0,26,0.0,0.0,1.0
control_free_replicate,20,position_proprio_history_s10,4,1,102,26,0.5,0.5,0.5,26,0,26,0,0.5,0,0,26,0.0,0.0,1.0
control_free_replicate,20,position_proprio_history_s10,4,2,102,26,0.5,0.5,0.5,26,0,26,0,0.5,0,0,26,0.0,0.0,1.0
control_free_replicate,20,position_proprio_history_s10,4,3,103,25,0.5,0.5,0.5,25,0,25,0,0.5,0,0,25,0.0,0.0,1.0
control_free_replicate,20,position_proprio_history_s10,4,4,103,25,0.5,0.5,0.5,25,0,25,0,0.5,0,0,25,0.0,0.0,1.0
control_free_replicate,20,causal_fd_history_s10,0,0,102,26,0.5,0.5,0.5,26,0,26,0,0.5,0,0,26,0.0,0.0,1.0
control_free_replicate,20,causal_fd_history_s10,0,1,102,26,0.5,0.5,0.5,26,0,26,0,0.5,0,0,26,0.0,0.0,1.0
control_free_replicate,20,causal_fd_history_s10,0,2,102,26,0.5,0.5,0.5,26,0,26,0,0.5,0,0,26,0.0,0.0,1.0
control_free_replicate,20,causal_fd_history_s10,0,3,103,25,0.5,0.5,0.5,25,0,25,0,0.5,0,0,25,0.0,0.0,1.0
control_free_replicate,20,causal_fd_history_s10,0,4,103,25,0.5,0.5,0.5,25,0,25,0,0.5,0,0,25,0.0,0.0,1.0
control_free_replicate,20,causal_fd_history_s10,1,0,102,26,0.5,0.5,0.5,26,0,26,0,0.5,0,0,26,0.0,0.0,1.0
control_free_replicate,20,causal_fd_history_s10,1,1,102,26,0.5,0.5,0.5,26,0,26,0,0.5,0,0,26,0.0,0.0,1.0
control_free_replicate,20,causal_fd_history_s10,1,2,102,26,0.5,0.5,0.5,26,0,26,0,0.5,0,0,26,0.0,0.0,1.0
control_free_replicate,20,causal_fd_history_s10,1,3,103,25,0.5,0.5,0.5,25,0,25,0,0.5,0,0,25,0.0,0.0,1.0
control_free_replicate,20,causal_fd_history_s10,1,4,103,25,0.5,0.5,0.5,25,0,25,0,0.5,0,0,25,0.0,0.0,1.0
control_free_replicate,20,causal_fd_history_s10,2,0,102,26,0.5,0.5,0.5,26,0,26,0,0.5,0,0,26,0.0,0.0,1.0
control_free_replicate,20,causal_fd_history_s10,2,1,102,26,0.5,0.5,0.5,26,0,26,0,0.5,0,0,26,0.0,0.0,1.0
control_free_replicate,20,causal_fd_history_s10,2,2,102,26,0.5,0.5,0.5,26,0,26,0,0.5,0,0,26,0.0,0.0,1.0
control_free_replicate,20,causal_fd_history_s10,2,3,103,25,0.5,0.5,0.5,25,0,25,0,0.5,0,0,25,0.0,0.0,1.0
control_free_replicate,20,causal_fd_history_s10,2,4,103,25,0.5,0.5,0.5,25,0,25,0,0.5,0,0,25,0.0,0.0,1.0
control_free_replicate,20,causal_fd_history_s10,3,0,102,26,0.5,0.5,0.5,26,0,26,0,0.5,0,0,26,0.0,0.0,1.0
control_free_replicate,20,causal_fd_history_s10,3,1,102,26,0.5,0.5,0.5,26,0,26,0,0.5,0,0,26,0.0,0.0,1.0
control_free_replicate,20,causal_fd_history_s10,3,2,102,26,0.5,0.5,0.5,26,0,26,0,0.5,0,0,26,0.0,0.0,1.0
control_free_replicate,20,causal_fd_history_s10,3,3,103,25,0.5,0.5,0.5,25,0,25,0,0.5,0,0,25,0.0,0.0,1.0
control_free_replicate,20,causal_fd_history_s10,3,4,103,25,0.5,0.5,0.5,25,0,25,0,0.5,0,0,25,0.0,0.0,1.0
control_free_replicate,20,causal_fd_history_s10,4,0,102,26,0.5,0.5,0.5,26,0,26,0,0.5,0,0,26,0.0,0.0,1.0
control_free_replicate,20,causal_fd_history_s10,4,1,102,26,0.5,0.5,0.5,26,0,26,0,0.5,0,0,26,0.0,0.0,1.0
control_free_replicate,20,causal_fd_history_s10,4,2,102,26,0.5,0.5,0.5,26,0,26,0,0.5,0,0,26,0.0,0.0,1.0
control_free_replicate,20,causal_fd_history_s10,4,3,103,25,0.5,0.5,0.5,25,0,25,0,0.5,0,0,25,0.0,0.0,1.0
control_free_replicate,20,causal_fd_history_s10,4,4,103,25,0.5,0.5,0.5,25,0,25,0,0.5,0,0,25,0.0,0.0,1.0
control_free_replicate,20,model_x_v2_s10,0,0,102,26,0.5,0.5,0.5,26,0,26,0,0.5,0,0,26,0.0,0.0,1.0
control_free_replicate,20,model_x_v2_s10,0,1,102,26,0.5,0.5,0.5,26,0,26,0,0.5,0,0,26,0.0,0.0,1.0
control_free_replicate,20,model_x_v2_s10,0,2,102,26,0.5,0.5,0.5,26,0,26,0,0.5,0,0,26,0.0,0.0,1.0
control_free_replicate,20,model_x_v2_s10,0,3,103,25,0.5,0.5,0.5,25,0,25,0,0.5,0,0,25,0.0,0.0,1.0
control_free_replicate,20,model_x_v2_s10,0,4,103,25,0.5,0.5,0.5,25,0,25,0,0.5,0,0,25,0.0,0.0,1.0
control_free_replicate,20,model_x_v2_s10,1,0,102,26,0.5,0.5,0.5,26,0,26,0,0.5,0,0,26,0.0,0.0,1.0
control_free_replicate,20,model_x_v2_s10,1,1,102,26,0.5,0.5,0.5,26,0,26,0,0.5,0,0,26,0.0,0.0,1.0
control_free_replicate,20,model_x_v2_s10,1,2,102,26,0.5,0.5,0.5,26,0,26,0,0.5,0,0,26,0.0,0.0,1.0
control_free_replicate,20,model_x_v2_s10,1,3,103,25,0.5,0.5,0.5,25,0,25,0,0.5,0,0,25,0.0,0.0,1.0
control_free_replicate,20,model_x_v2_s10,1,4,103,25,0.5,0.5,0.5,25,0,25,0,0.5,0,0,25,0.0,0.0,1.0
control_free_replicate,20,model_x_v2_s10,2,0,102,26,0.5,0.5,0.5,26,0,26,0,0.5,0,0,26,0.0,0.0,1.0
control_free_replicate,20,model_x_v2_s10,2,1,102,26,0.5,0.5,0.5,26,0,26,0,0.5,0,0,26,0.0,0.0,1.0
control_free_replicate,20,model_x_v2_s10,2,2,102,26,0.5,0.5,0.5,26,0,26,0,0.5,0,0,26,0.0,0.0,1.0
control_free_replicate,20,model_x_v2_s10,2,3,103,25,0.5,0.5,0.5,25,0,25,0,0.5,0,0,25,0.0,0.0,1.0
control_free_replicate,20,model_x_v2_s10,2,4,103,25,0.5,0.5,0.5,25,0,25,0,0.5,0,0,25,0.0,0.0,1.0
control_free_replicate,20,model_x_v2_s10,3,0,102,26,0.5,0.5,0.5,26,0,26,0,0.5,0,0,26,0.0,0.0,1.0
control_free_replicate,20,model_x_v2_s10,3,1,102,26,0.5,0.5,0.5,26,0,26,0,0.5,0,0,26,0.0,0.0,1.0
control_free_replicate,20,model_x_v2_s10,3,2,102,26,0.5,0.5,0.5,26,0,26,0,0.5,0,0,26,0.0,0.0,1.0
control_free_replicate,20,model_x_v2_s10,3,3,103,25,0.5,0.5,0.5,25,0,25,0,0.5,0,0,25,0.0,0.0,1.0
control_free_replicate,20,model_x_v2_s10,3,4,103,25,0.5,0.5,0.5,25,0,25,0,0.5,0,0,25,0.0,0.0,1.0
control_free_replicate,20,model_x_v2_s10,4,0,102,26,0.5,0.5,0.5,26,0,26,0,0.5,0,0,26,0.0,0.0,1.0
control_free_replicate,20,model_x_v2_s10,4,1,102,26,0.5,0.5,0.5,26,0,26,0,0.5,0,0,26,0.0,0.0,1.0
control_free_replicate,20,model_x_v2_s10,4,2,102,26,0.5,0.5,0.5,26,0,26,0,0.5,0,0,26,0.0,0.0,1.0
control_free_replicate,20,model_x_v2_s10,4,3,103,25,0.5,0.5,0.5,25,0,25,0,0.5,0,0,25,0.0,0.0,1.0
control_free_replicate,20,model_x_v2_s10,4,4,103,25,0.5,0.5,0.5,25,0,25,0,0.5,0,0,25,0.0,0.0,1.0
control_free_replicate,20,privileged_model_x_v1_s10,0,0,102,26,0.5,0.5,0.5,26,0,26,0,0.5,0,0,26,0.0,0.0,1.0
control_free_replicate,20,privileged_model_x_v1_s10,0,1,102,26,0.5,0.5,0.5,26,0,26,0,0.5,0,0,26,0.0,0.0,1.0
control_free_replicate,20,privileged_model_x_v1_s10,0,2,102,26,0.5,0.5,0.5,26,0,26,0,0.5,0,0,26,0.0,0.0,1.0
control_free_replicate,20,privileged_model_x_v1_s10,0,3,103,25,0.5,0.5,0.5,25,0,25,0,0.5,0,0,25,0.0,0.0,1.0
control_free_replicate,20,privileged_model_x_v1_s10,0,4,103,25,0.5,0.5,0.5,25,0,25,0,0.5,0,0,25,0.0,0.0,1.0
control_free_replicate,20,privileged_model_x_v1_s10,1,0,102,26,0.5,0.5,0.5,26,0,26,0,0.5,0,0,26,0.0,0.0,1.0
control_free_replicate,20,privileged_model_x_v1_s10,1,1,102,26,0.5,0.5,0.5,26,0,26,0,0.5,0,0,26,0.0,0.0,1.0
control_free_replicate,20,privileged_model_x_v1_s10,1,2,102,26,0.5,0.5,0.5,26,0,26,0,0.5,0,0,26,0.0,0.0,1.0
control_free_replicate,20,privileged_model_x_v1_s10,1,3,103,25,0.5,0.5,0.5,25,0,25,0,0.5,0,0,25,0.0,0.0,1.0
control_free_replicate,20,privileged_model_x_v1_s10,1,4,103,25,0.5,0.5,0.5,25,0,25,0,0.5,0,0,25,0.0,0.0,1.0
control_free_replicate,20,privileged_model_x_v1_s10,2,0,102,26,0.5,0.5,0.5,26,0,26,0,0.5,0,0,26,0.0,0.0,1.0
control_free_replicate,20,privileged_model_x_v1_s10,2,1,102,26,0.5,0.5,0.5,26,0,26,0,0.5,0,0,26,0.0,0.0,1.0
control_free_replicate,20,privileged_model_x_v1_s10,2,2,102,26,0.5,0.5,0.5,26,0,26,0,0.5,0,0,26,0.0,0.0,1.0
control_free_replicate,20,privileged_model_x_v1_s10,2,3,103,25,0.5,0.5,0.5,25,0,25,0,0.5,0,0,25,0.0,0.0,1.0
control_free_replicate,20,privileged_model_x_v1_s10,2,4,103,25,0.5,0.5,0.5,25,0,25,0,0.5,0,0,25,0.0,0.0,1.0
control_free_replicate,20,privileged_model_x_v1_s10,3,0,102,26,0.5,0.5,0.5,26,0,26,0,0.5,0,0,26,0.0,0.0,1.0
control_free_replicate,20,privileged_model_x_v1_s10,3,1,102,26,0.5,0.5,0.5,26,0,26,0,0.5,0,0,26,0.0,0.0,1.0
control_free_replicate,20,privileged_model_x_v1_s10,3,2,102,26,0.5,0.5,0.5,26,0,26,0,0.5,0,0,26,0.0,0.0,1.0
control_free_replicate,20,privileged_model_x_v1_s10,3,3,103,25,0.5,0.5,0.5,25,0,25,0,0.5,0,0,25,0.0,0.0,1.0
control_free_replicate,20,privileged_model_x_v1_s10,3,4,103,25,0.5,0.5,0.5,25,0,25,0,0.5,0,0,25,0.0,0.0,1.0
control_free_replicate,20,privileged_model_x_v1_s10,4,0,102,26,0.5,0.5,0.5,26,0,26,0,0.5,0,0,26,0.0,0.0,1.0
control_free_replicate,20,privileged_model_x_v1_s10,4,1,102,26,0.5,0.5,0.5,26,0,26,0,0.5,0,0,26,0.0,0.0,1.0
control_free_replicate,20,privileged_model_x_v1_s10,4,2,102,26,0.5,0.5,0.5,26,0,26,0,0.5,0,0,26,0.0,0.0,1.0
control_free_replicate,20,privileged_model_x_v1_s10,4,3,103,25,0.5,0.5,0.5,25,0,25,0,0.5,0,0,25,0.0,0.0,1.0
control_free_replicate,20,privileged_model_x_v1_s10,4,4,103,25,0.5,0.5,0.5,25,0,25,0,0.5,0,0,25,0.0,0.0,1.0
control_free_replicate,20,model_x_v2_s5_noise_00025m,0,0,102,26,0.6153846153846154,0.6153846153846154,0.5754437869822485,16,16,10,10,0.6153846153846154,16,10,0,0.07692307692307693,0.11764705882352942,0.32693958282470703
control_free_replicate,20,model_x_v2_s5_noise_00025m,0,1,102,26,0.5,0.5,0.5014792899408284,13,13,13,13,0.46153846153846156,12,14,0,0.00150829562594269,-0.019607843137254867,0.8450189828872681
control_free_replicate,20,model_x_v2_s5_noise_00025m,0,2,102,26,0.5,0.5,0.48668639053254437,13,13,13,13,0.5,13,13,0,-0.01357466063348416,0.0,1.0
control_free_replicate,20,model_x_v2_s5_noise_00025m,0,3,103,25,0.48,0.48,0.456,12,12,13,13,0.32,8,17,0,-0.04489795918367346,-0.06122448979591838,0.10775214433670044
control_free_replicate,20,model_x_v2_s5_noise_00025m,0,4,103,25,0.36,0.36,0.3696,9,9,16,16,0.4,10,15,0,-0.1330612244897959,-0.163265306122449,0.42435622215270996
control_free_replicate,20,model_x_v2_s5_noise_00025m,1,0,102,26,0.46153846153846156,0.46153846153846156,0.40088757396449703,12,12,14,14,0.38461538461538464,10,16,0,-0.10105580693815987,-0.07843137254901962,0.32693958282470703
control_free_replicate,20,model_x_v2_s5_noise_00025m,1,1,102,26,0.46153846153846156,0.46153846153846156,0.46449704142011833,12,12,14,14,0.4230769230769231,11,15,0,-0.036199095022624445,-0.049019607843137254,0.557197093963623
control_free_replicate,20,model_x_v2_s5_noise_00025m,1,2,102,26,0.46153846153846156,0.46153846153846156,0.44822485207100593,12,12,14,14,0.4230769230769231,11,15,0,-0.05279034690799397,-0.03921568627450983,0.557197093963623
control_free_replicate,20,model_x_v2_s5_noise_00025m,1,3,103,25,0.52,0.52,0.4784,13,13,12,12,0.52,13,12,0,-0.02204081632653062,0.020408163265306117,1.0
control_free_replicate,20,model_x_v2_s5_noise_00025m,1,4,103,25,0.52,0.52,0.5408,13,13,12,12,0.56,14,11,0,0.04163265306122449,0.0816326530612245,0.6900379657745361
control_free_replicate,20,model_x_v2_s5_noise_00025m,2,0,102,26,0.5,0.5,0.48668639053254437,13,13,13,13,0.38461538461538464,10,16,0,-0.013574660633484162,-0.019607843137254867,0.32693958282470703
control_free_replicate,20,model_x_v2_s5_noise_00025m,2,1,102,26,0.5,0.5,0.46597633136094674,13,13,13,13,0.4230769230769231,11,15,0,-0.03469079939668175,-0.04901960784313726,0.557197093963623
control_free_replicate,20,model_x_v2_s5_noise_00025m,2,2,102,26,0.38461538461538464,0.38461538461538464,0.3831360946745562,10,10,16,16,0.46153846153846156,12,14,0,-0.11915535444947209,-0.019607843137254916,0.8450189828872681
control_free_replicate,20,model_x_v2_s5_noise_00025m,2,3,103,25,0.4,0.4,0.4096,10,10,15,15,0.36,9,16,0,-0.09224489795918366,-0.04081632653061229,0.2295229434967041
control_free_replicate,20,model_x_v2_s5_noise_00025m,2,4,103,25,0.64,0.64,0.5888,16,16,9,9,0.64,16,9,0,0.09061224489795919,0.08163265306122447,0.2295229434967041
control_free_replicate,20,model_x_v2_s5_noise_00025m,3,0,102,26,0.46153846153846156,0.46153846153846156,0.5133136094674556,12,12,14,14,0.5,13,13,0,0.013574660633484162,5.551115123125783e-17,1.0
control_free_replicate,20,model_x_v2_s5_noise_00025m,3,1,102,26,0.5769230769230769,0.5769230769230769,0.6035502958579881,15,15,11,11,0.5769230769230769,15,11,0,0.10558069381598795,0.049019607843137275,0.557197093963623
control_free_replicate,20,model_x_v2_s5_noise_00025m,3,2,102,26,0.5,0.5,0.5,13,13,13,13,0.5769230769230769,15,11,0,-1.0675221390626506e-17,0.019607843137254888,0.557197093963623
control_free_replicate,20,model_x_v2_s5_noise_00025m,3,3,103,25,0.36,0.36,0.4,9,9,16,16,0.32,8,17,0,-0.10204081632653061,-0.06122448979591837,0.10775214433670044
control_free_replicate,20,model_x_v2_s5_noise_00025m,3,4,103,25,0.48,0.48,0.4896,12,12,13,13,0.4,10,15,0,-0.010612244897959202,-0.020408163265306145,0.42435622215270996
control_free_replicate,20,model_x_v2_s5_noise_00025m,4,0,102,26,0.5,0.5,0.4334319526627219,13,13,13,13,0.4230769230769231,11,15,0,-0.06787330316742081,-0.1568627450980392,0.557197093963623
control_free_replicate,20,model_x_v2_s5_noise_00025m,4,1,102,26,0.4230769230769231,0.4230769230769231,0.46005917159763315,11,11,15,15,0.46153846153846156,12,14,0,-0.04072398190045248,-0.029411764705882373,0.8450189828872681
control_free_replicate,20,model_x_v2_s5_noise_00025m,4,2,102,26,0.46153846153846156,0.46153846153846156,0.4230769230769231,12,12,14,14,0.23076923076923078,6,20,0,-0.0784313725490196,-0.06862745098039216,0.009355306625366211
control_free_replicate,20,model_x_v2_s5_noise_00025m,4,3,103,25,0.52,0.52,0.5024,13,13,12,12,0.48,12,13,0,0.002448979591836725,-0.02040816326530609,1.0
control_free_replicate,20,model_x_v2_s5_noise_00025m,4,4,103,25,0.48,0.48,0.4992,12,12,13,13,0.6,15,10,0,-0.0008163265306122502,0.040816326530612235,0.42435622215270996
control_free_replicate,20,model_x_v2_s5_noise_0005m,0,0,102,26,0.5,0.5,0.5044378698224852,13,13,13,13,0.6538461538461539,17,9,0,0.00452488687782804,0.039215686274509824,0.16863754391670227
control_free_replicate,20,model_x_v2_s5_noise_0005m,0,1,102,26,0.5384615384615384,0.5384615384615384,0.5310650887573964,14,14,12,12,0.5769230769230769,15,11,0,0.031674208144796386,0.029411764705882373,0.557197093963623
control_free_replicate,20,model_x_v2_s5_noise_0005m,0,2,102,26,0.5384615384615384,0.5384615384615384,0.5547337278106509,14,14,12,12,0.5769230769230769,15,11,0,0.055806938159879325,0.04901960784313725,0.557197093963623
control_free_replicate,20,model_x_v2_s5_noise_0005m,0,3,103,25,0.44,0.44,0.4752,11,11,14,14,0.52,13,12,0,-0.02530612244897958,0.04081632653061218,1.0
control_free_replicate,20,model_x_v2_s5_noise_0005m,0,4,103,25,0.52,0.52,0.4944,13,13,12,12,0.56,14,11,0,-0.005714285714285714,0.04081632653061225,0.6900379657745361
control_free_replicate,20,model_x_v2_s5_noise_0005m,1,0,102,26,0.5,0.5,0.5355029585798816,13,13,13,13,0.5,13,13,0,0.03619909502262443,0.019607843137254916,1.0
control_free_replicate,20,model_x_v2_s5_noise_0005m,1,1,102,26,0.46153846153846156,0.46153846153846156,0.507396449704142,12,12,14,14,0.5384615384615384,14,12,0,0.007541478129713431,0.039215686274509796,0.8450189828872681
control_free_replicate,20,model_x_v2_s5_noise_0005m,1,2,102,26,0.5,0.5,0.5,13,13,13,13,0.5384615384615384,14,12,0,1.120898246015783e-17,0.05882352941176474,0.8450189828872681
control_free_replicate,20,model_x_v2_s5_noise_0005m,1,3,103,25,0.56,0.56,0.5968,14,14,11,11,0.64,16,9,0,0.09877551020408167,0.10204081632653061,0.2295229434967041
control_free_replicate,20,model_x_v2_s5_noise_0005m,1,4,103,25,0.6,0.6,0.5536,15,15,10,10,0.64,16,9,0,0.054693877551020405,0.061224489795918324,0.2295229434967041
control_free_replicate,20,model_x_v2_s5_noise_0005m,2,0,102,26,0.5384615384615384,0.5384615384615384,0.5458579881656804,14,14,12,12,0.5769230769230769,15,11,0,0.046757164404223235,0.05882352941176468,0.557197093963623
control_free_replicate,20,model_x_v2_s5_noise_0005m,2,1,102,26,0.5769230769230769,0.5769230769230769,0.6079881656804734,15,15,11,11,0.6538461538461539,17,9,0,0.11010558069381601,0.0980392156862745,0.16863754391670227
control_free_replicate,20,model_x_v2_s5_noise_0005m,2,2,102,26,0.46153846153846156,0.46153846153846156,0.47485207100591714,12,12,14,14,0.5384615384615384,14,12,0,-0.025641025641025647,0.019607843137254867,0.8450189828872681
control_free_replicate,20,model_x_v2_s5_noise_0005m,2,3,103,25,0.48,0.48,0.5008,12,12,13,13,0.44,11,14,0,0.0008163265306122502,-0.040816326530612235,0.6900379657745361
control_free_replicate,20,model_x_v2_s5_noise_0005m,2,4,103,25,0.52,0.52,0.5312,13,13,12,12,0.52,13,12,0,0.03183673469387755,0.020408163265306145,1.0
control_free_replicate,20,model_x_v2_s5_noise_0005m,3,0,102,26,0.5384615384615384,0.5384615384615384,0.5739644970414202,14,14,12,12,0.6153846153846154,16,10,0,0.07541478129713422,0.04901960784313723,0.32693958282470703
control_free_replicate,20,model_x_v2_s5_noise_0005m,3,1,102,26,0.5769230769230769,0.5769230769230769,0.6227810650887574,15,15,11,11,0.6538461538461539,17,9,0,0.12518853695324283,0.11764705882352941,0.16863754391670227
control_free_replicate,20,model_x_v2_s5_noise_0005m,3,2,102,26,0.46153846153846156,0.46153846153846156,0.5059171597633136,12,12,14,14,0.5769230769230769,15,11,0,0.006033182503770753,0.039215686274509824,0.557197093963623
control_free_replicate,20,model_x_v2_s5_noise_0005m,3,3,103,25,0.48,0.48,0.4752,12,12,13,13,0.52,13,12,0,-0.025306122448979597,0.02040816326530613,1.0
control_free_replicate,20,model_x_v2_s5_noise_0005m,3,4,103,25,0.56,0.56,0.544,14,14,11,11,0.6,15,10,0,0.044897959183673466,0.061224489795918324,0.42435622215270996
control_free_replicate,20,model_x_v2_s5_noise_0005m,4,0,102,26,0.6153846153846154,0.6153846153846154,0.6094674556213018,16,16,10,10,0.6538461538461539,17,9,0,0.11161387631975866,0.10784313725490192,0.16863754391670227
control_free_replicate,20,model_x_v2_s5_noise_0005m,4,1,102,26,0.5769230769230769,0.5769230769230769,0.5488165680473372,15,15,11,11,0.6538461538461539,17,9,0,0.049773755656108594,0.04901960784313727,0.16863754391670227
control_free_replicate,20,model_x_v2_s5_noise_0005m,4,2,102,26,0.5,0.5,0.5251479289940828,13,13,13,13,0.5,13,13,0,0.025641025641025644,0.0,1.0
control_free_replicate,20,model_x_v2_s5_noise_0005m,4,3,103,25,0.44,0.44,0.4416,11,11,14,14,0.4,10,15,0,-0.059591836734693884,-0.04081632653061229,0.42435622215270996
control_free_replicate,20,model_x_v2_s5_noise_0005m,4,4,103,25,0.52,0.52,0.5536,13,13,12,12,0.72,18,7,0,0.054693877551020405,0.06122448979591837,0.043285250663757324
control_free_replicate,20,model_x_v2_s5_noise_001m,0,0,102,26,0.4230769230769231,0.4230769230769231,0.3772189349112426,11,11,15,15,0.3076923076923077,8,18,0,-0.12518853695324283,-0.107843137254902,0.07551869750022888
control_free_replicate,20,model_x_v2_s5_noise_001m,0,1,102,26,0.38461538461538464,0.38461538461538464,0.3757396449704142,10,10,16,16,0.5,13,13,0,-0.12669683257918551,0.009803921568627437,1.0
control_free_replicate,20,model_x_v2_s5_noise_001m,0,2,102,26,0.5384615384615384,0.5384615384615384,0.5236686390532544,14,14,12,12,0.5769230769230769,15,11,0,0.02413273001508295,0.0980392156862745,0.557197093963623
control_free_replicate,20,model_x_v2_s5_noise_001m,0,3,103,25,0.48,0.48,0.4848,12,12,13,13,0.52,13,12,0,-0.01551020408163264,0.061224489795918324,1.0
control_free_replicate,20,model_x_v2_s5_noise_001m,0,4,103,25,0.52,0.52,0.5104,13,13,12,12,0.4,10,15,0,0.010612244897959205,-0.10204081632653061,0.42435622215270996
control_free_replicate,20,model_x_v2_s5_noise_001m,1,0,102,26,0.5384615384615384,0.5384615384615384,0.5428994082840237,14,14,12,12,0.46153846153846156,12,14,0,0.043740573152337855,-0.029411764705882304,0.8450189828872681
control_free_replicate,20,model_x_v2_s5_noise_001m,1,1,102,26,0.5384615384615384,0.5384615384615384,0.5710059171597633,14,14,12,12,0.6153846153846154,16,10,0,0.07239819004524886,0.05882352941176472,0.32693958282470703
control_free_replicate,20,model_x_v2_s5_noise_001m,1,2,102,26,0.5769230769230769,0.5769230769230769,0.5443786982248521,15,15,11,11,0.4230769230769231,11,15,0,0.04524886877828052,-0.13725490196078433,0.557197093963623
control_free_replicate,20,model_x_v2_s5_noise_001m,1,3,103,25,0.44,0.44,0.3904,11,11,14,14,0.36,9,16,0,-0.11183673469387755,-0.22448979591836735,0.2295229434967041
control_free_replicate,20,model_x_v2_s5_noise_001m,1,4,103,25,0.44,0.44,0.4864,11,11,14,14,0.48,12,13,0,-0.013877551020408174,-0.020408163265306145,1.0
control_free_replicate,20,model_x_v2_s5_noise_001m,2,0,102,26,0.46153846153846156,0.46153846153846156,0.46893491124260356,12,12,14,14,0.4230769230769231,11,15,0,-0.03167420814479639,-0.02941176470588233,0.557197093963623
control_free_replicate,20,model_x_v2_s5_noise_001m,2,1,102,26,0.4230769230769231,0.4230769230769231,0.46597633136094674,11,11,15,15,0.46153846153846156,12,14,0,-0.034690799396681765,-0.04901960784313726,0.8450189828872681
control_free_replicate,20,model_x_v2_s5_noise_001m,2,2,102,26,0.5769230769230769,0.5769230769230769,0.5340236686390533,15,15,11,11,0.46153846153846156,12,14,0,0.034690799396681744,-0.04901960784313722,0.8450189828872681
control_free_replicate,20,model_x_v2_s5_noise_001m,2,3,103,25,0.64,0.64,0.5984,16,16,9,9,0.64,16,9,0,0.1004081632653061,0.04081632653061218,0.2295229434967041
control_free_replicate,20,model_x_v2_s5_noise_001m,2,4,103,25,0.56,0.56,0.6,14,14,11,11,0.6,15,10,0,0.10204081632653061,0.04081632653061229,0.42435622215270996
control_free_replicate,20,model_x_v2_s5_noise_001m,3,0,102,26,0.5,0.5,0.47337278106508873,13,13,13,13,0.46153846153846156,12,14,0,-0.02714932126696832,-0.029411764705882373,0.8450189828872681
control_free_replicate,20,model_x_v2_s5_noise_001m,3,1,102,26,0.3076923076923077,0.3076923076923077,0.34763313609467456,8,8,18,18,0.38461538461538464,10,16,0,-0.15535444947209653,-0.22549019607843135,0.32693958282470703
control_free_replicate,20,model_x_v2_s5_noise_001m,3,2,102,26,0.4230769230769231,0.4230769230769231,0.46005917159763315,11,11,15,15,0.46153846153846156,12,14,0,-0.04072398190045248,-0.0784313725490196,0.8450189828872681
control_free_replicate,20,model_x_v2_s5_noise_001m,3,3,103,25,0.56,0.56,0.4736,14,14,11,11,0.4,10,15,0,-0.026938775510204075,-0.06122448979591838,0.42435622215270996
control_free_replicate,20,model_x_v2_s5_noise_001m,3,4,103,25,0.44,0.44,0.424,11,11,14,14,0.36,9,16,0,-0.07755102040816327,-0.1428571428571428,0.2295229434967041
control_free_replicate,20,model_x_v2_s5_noise_001m,4,0,102,26,0.5384615384615384,0.5384615384615384,0.5547337278106509,14,14,12,12,0.46153846153846156,12,14,0,0.055806938159879346,-0.039215686274509796,0.8450189828872681
control_free_replicate,20,model_x_v2_s5_noise_001m,4,1,102,26,0.5384615384615384,0.5384615384615384,0.4807692307692308,14,14,12,12,0.5,13,13,0,-0.019607843137254888,-0.009803921568627472,1.0
control_free_replicate,20,model_x_v2_s5_noise_001m,4,2,102,26,0.38461538461538464,0.38461538461538464,0.3875739644970414,10,10,16,16,0.38461538461538464,10,16,0,-0.11463046757164402,-0.30392156862745096,0.32693958282470703
control_free_replicate,20,model_x_v2_s5_noise_001m,4,3,103,25,0.6,0.6,0.6288,15,15,10,10,0.6,15,10,0,0.13142857142857145,0.04081632653061229,0.42435622215270996
control_free_replicate,20,model_x_v2_s5_noise_001m,4,4,103,25,0.48,0.48,0.4096,12,12,13,13,0.4,10,15,0,-0.09224489795918368,-0.18367346938775508,0.42435622215270996
control_hidden_unarmed,20,xy_single,0,0,102,26,0.5,0.5,0.5,26,0,26,0,0.5,0,0,26,0.0,0.0,1.0
control_hidden_unarmed,20,xy_single,0,1,102,26,0.5,0.5,0.5,26,0,26,0,0.5,0,0,26,0.0,0.0,1.0
control_hidden_unarmed,20,xy_single,0,2,102,26,0.5,0.5,0.5,26,0,26,0,0.5,0,0,26,0.0,0.0,1.0
control_hidden_unarmed,20,xy_single,0,3,103,25,0.5,0.5,0.5,25,0,25,0,0.5,0,0,25,0.0,0.0,1.0
control_hidden_unarmed,20,xy_single,0,4,103,25,0.5,0.5,0.5,25,0,25,0,0.5,0,0,25,0.0,0.0,1.0
control_hidden_unarmed,20,xy_single,1,0,102,26,0.5,0.5,0.5,26,0,26,0,0.5,0,0,26,0.0,0.0,1.0
control_hidden_unarmed,20,xy_single,1,1,102,26,0.5,0.5,0.5,26,0,26,0,0.5,0,0,26,0.0,0.0,1.0
control_hidden_unarmed,20,xy_single,1,2,102,26,0.5,0.5,0.5,26,0,26,0,0.5,0,0,26,0.0,0.0,1.0
control_hidden_unarmed,20,xy_single,1,3,103,25,0.5,0.5,0.5,25,0,25,0,0.5,0,0,25,0.0,0.0,1.0
control_hidden_unarmed,20,xy_single,1,4,103,25,0.5,0.5,0.5,25,0,25,0,0.5,0,0,25,0.0,0.0,1.0
control_hidden_unarmed,20,xy_single,2,0,102,26,0.5,0.5,0.5,26,0,26,0,0.5,0,0,26,0.0,0.0,1.0
control_hidden_unarmed,20,xy_single,2,1,102,26,0.5,0.5,0.5,26,0,26,0,0.5,0,0,26,0.0,0.0,1.0
control_hidden_unarmed,20,xy_single,2,2,102,26,0.5,0.5,0.5,26,0,26,0,0.5,0,0,26,0.0,0.0,1.0
control_hidden_unarmed,20,xy_single,2,3,103,25,0.5,0.5,0.5,25,0,25,0,0.5,0,0,25,0.0,0.0,1.0
control_hidden_unarmed,20,xy_single,2,4,103,25,0.5,0.5,0.5,25,0,25,0,0.5,0,0,25,0.0,0.0,1.0
control_hidden_unarmed,20,xy_single,3,0,102,26,0.5,0.5,0.5,26,0,26,0,0.5,0,0,26,0.0,0.0,1.0
control_hidden_unarmed,20,xy_single,3,1,102,26,0.5,0.5,0.5,26,0,26,0,0.5,0,0,26,0.0,0.0,1.0
control_hidden_unarmed,20,xy_single,3,2,102,26,0.5,0.5,0.5,26,0,26,0,0.5,0,0,26,0.0,0.0,1.0
control_hidden_unarmed,20,xy_single,3,3,103,25,0.5,0.5,0.5,25,0,25,0,0.5,0,0,25,0.0,0.0,1.0
control_hidden_unarmed,20,xy_single,3,4,103,25,0.5,0.5,0.5,25,0,25,0,0.5,0,0,25,0.0,0.0,1.0
control_hidden_unarmed,20,xy_single,4,0,102,26,0.5,0.5,0.5,26,0,26,0,0.5,0,0,26,0.0,0.0,1.0
control_hidden_unarmed,20,xy_single,4,1,102,26,0.5,0.5,0.5,26,0,26,0,0.5,0,0,26,0.0,0.0,1.0
control_hidden_unarmed,20,xy_single,4,2,102,26,0.5,0.5,0.5,26,0,26,0,0.5,0,0,26,0.0,0.0,1.0
control_hidden_unarmed,20,xy_single,4,3,103,25,0.5,0.5,0.5,25,0,25,0,0.5,0,0,25,0.0,0.0,1.0
control_hidden_unarmed,20,xy_single,4,4,103,25,0.5,0.5,0.5,25,0,25,0,0.5,0,0,25,0.0,0.0,1.0
control_hidden_unarmed,20,sim_velocity_only,0,0,102,26,0.5,0.5,0.5,26,0,26,0,0.5,0,0,26,0.0,0.0,1.0
control_hidden_unarmed,20,sim_velocity_only,0,1,102,26,0.5,0.5,0.5,26,0,26,0,0.5,0,0,26,0.0,0.0,1.0
control_hidden_unarmed,20,sim_velocity_only,0,2,102,26,0.5,0.5,0.5,26,0,26,0,0.5,0,0,26,0.0,0.0,1.0
control_hidden_unarmed,20,sim_velocity_only,0,3,103,25,0.5,0.5,0.5,25,0,25,0,0.5,0,0,25,0.0,0.0,1.0
control_hidden_unarmed,20,sim_velocity_only,0,4,103,25,0.5,0.5,0.5,25,0,25,0,0.5,0,0,25,0.0,0.0,1.0
control_hidden_unarmed,20,sim_velocity_only,1,0,102,26,0.5,0.5,0.5,26,0,26,0,0.5,0,0,26,0.0,0.0,1.0
control_hidden_unarmed,20,sim_velocity_only,1,1,102,26,0.5,0.5,0.5,26,0,26,0,0.5,0,0,26,0.0,0.0,1.0
control_hidden_unarmed,20,sim_velocity_only,1,2,102,26,0.5,0.5,0.5,26,0,26,0,0.5,0,0,26,0.0,0.0,1.0
control_hidden_unarmed,20,sim_velocity_only,1,3,103,25,0.5,0.5,0.5,25,0,25,0,0.5,0,0,25,0.0,0.0,1.0
control_hidden_unarmed,20,sim_velocity_only,1,4,103,25,0.5,0.5,0.5,25,0,25,0,0.5,0,0,25,0.0,0.0,1.0
control_hidden_unarmed,20,sim_velocity_only,2,0,102,26,0.5,0.5,0.5,26,0,26,0,0.5,0,0,26,0.0,0.0,1.0
control_hidden_unarmed,20,sim_velocity_only,2,1,102,26,0.5,0.5,0.5,26,0,26,0,0.5,0,0,26,0.0,0.0,1.0
control_hidden_unarmed,20,sim_velocity_only,2,2,102,26,0.5,0.5,0.5,26,0,26,0,0.5,0,0,26,0.0,0.0,1.0
control_hidden_unarmed,20,sim_velocity_only,2,3,103,25,0.5,0.5,0.5,25,0,25,0,0.5,0,0,25,0.0,0.0,1.0
control_hidden_unarmed,20,sim_velocity_only,2,4,103,25,0.5,0.5,0.5,25,0,25,0,0.5,0,0,25,0.0,0.0,1.0
control_hidden_unarmed,20,sim_velocity_only,3,0,102,26,0.5,0.5,0.5,26,0,26,0,0.5,0,0,26,0.0,0.0,1.0
control_hidden_unarmed,20,sim_velocity_only,3,1,102,26,0.5,0.5,0.5,26,0,26,0,0.5,0,0,26,0.0,0.0,1.0
control_hidden_unarmed,20,sim_velocity_only,3,2,102,26,0.5,0.5,0.5,26,0,26,0,0.5,0,0,26,0.0,0.0,1.0
control_hidden_unarmed,20,sim_velocity_only,3,3,103,25,0.5,0.5,0.5,25,0,25,0,0.5,0,0,25,0.0,0.0,1.0
control_hidden_unarmed,20,sim_velocity_only,3,4,103,25,0.5,0.5,0.5,25,0,25,0,0.5,0,0,25,0.0,0.0,1.0
control_hidden_unarmed,20,sim_velocity_only,4,0,102,26,0.5,0.5,0.5,26,0,26,0,0.5,0,0,26,0.0,0.0,1.0
control_hidden_unarmed,20,sim_velocity_only,4,1,102,26,0.5,0.5,0.5,26,0,26,0,0.5,0,0,26,0.0,0.0,1.0
control_hidden_unarmed,20,sim_velocity_only,4,2,102,26,0.5,0.5,0.5,26,0,26,0,0.5,0,0,26,0.0,0.0,1.0
control_hidden_unarmed,20,sim_velocity_only,4,3,103,25,0.5,0.5,0.5,25,0,25,0,0.5,0,0,25,0.0,0.0,1.0
control_hidden_unarmed,20,sim_velocity_only,4,4,103,25,0.5,0.5,0.5,25,0,25,0,0.5,0,0,25,0.0,0.0,1.0
control_hidden_unarmed,20,xy_sim_velocity,0,0,102,26,0.5,0.5,0.5,26,0,26,0,0.5,0,0,26,0.0,0.0,1.0
control_hidden_unarmed,20,xy_sim_velocity,0,1,102,26,0.5,0.5,0.5,26,0,26,0,0.5,0,0,26,0.0,0.0,1.0
control_hidden_unarmed,20,xy_sim_velocity,0,2,102,26,0.5,0.5,0.5,26,0,26,0,0.5,0,0,26,0.0,0.0,1.0
control_hidden_unarmed,20,xy_sim_velocity,0,3,103,25,0.5,0.5,0.5,25,0,25,0,0.5,0,0,25,0.0,0.0,1.0
control_hidden_unarmed,20,xy_sim_velocity,0,4,103,25,0.5,0.5,0.5,25,0,25,0,0.5,0,0,25,0.0,0.0,1.0
control_hidden_unarmed,20,xy_sim_velocity,1,0,102,26,0.5,0.5,0.5,26,0,26,0,0.5,0,0,26,0.0,0.0,1.0
control_hidden_unarmed,20,xy_sim_velocity,1,1,102,26,0.5,0.5,0.5,26,0,26,0,0.5,0,0,26,0.0,0.0,1.0
control_hidden_unarmed,20,xy_sim_velocity,1,2,102,26,0.5,0.5,0.5,26,0,26,0,0.5,0,0,26,0.0,0.0,1.0
control_hidden_unarmed,20,xy_sim_velocity,1,3,103,25,0.5,0.5,0.5,25,0,25,0,0.5,0,0,25,0.0,0.0,1.0
control_hidden_unarmed,20,xy_sim_velocity,1,4,103,25,0.5,0.5,0.5,25,0,25,0,0.5,0,0,25,0.0,0.0,1.0
control_hidden_unarmed,20,xy_sim_velocity,2,0,102,26,0.5,0.5,0.5,26,0,26,0,0.5,0,0,26,0.0,0.0,1.0
control_hidden_unarmed,20,xy_sim_velocity,2,1,102,26,0.5,0.5,0.5,26,0,26,0,0.5,0,0,26,0.0,0.0,1.0
control_hidden_unarmed,20,xy_sim_velocity,2,2,102,26,0.5,0.5,0.5,26,0,26,0,0.5,0,0,26,0.0,0.0,1.0
control_hidden_unarmed,20,xy_sim_velocity,2,3,103,25,0.5,0.5,0.5,25,0,25,0,0.5,0,0,25,0.0,0.0,1.0
control_hidden_unarmed,20,xy_sim_velocity,2,4,103,25,0.5,0.5,0.5,25,0,25,0,0.5,0,0,25,0.0,0.0,1.0
control_hidden_unarmed,20,xy_sim_velocity,3,0,102,26,0.5,0.5,0.5,26,0,26,0,0.5,0,0,26,0.0,0.0,1.0
control_hidden_unarmed,20,xy_sim_velocity,3,1,102,26,0.5,0.5,0.5,26,0,26,0,0.5,0,0,26,0.0,0.0,1.0
control_hidden_unarmed,20,xy_sim_velocity,3,2,102,26,0.5,0.5,0.5,26,0,26,0,0.5,0,0,26,0.0,0.0,1.0
control_hidden_unarmed,20,xy_sim_velocity,3,3,103,25,0.5,0.5,0.5,25,0,25,0,0.5,0,0,25,0.0,0.0,1.0
control_hidden_unarmed,20,xy_sim_velocity,3,4,103,25,0.5,0.5,0.5,25,0,25,0,0.5,0,0,25,0.0,0.0,1.0
control_hidden_unarmed,20,xy_sim_velocity,4,0,102,26,0.5,0.5,0.5,26,0,26,0,0.5,0,0,26,0.0,0.0,1.0
control_hidden_unarmed,20,xy_sim_velocity,4,1,102,26,0.5,0.5,0.5,26,0,26,0,0.5,0,0,26,0.0,0.0,1.0
control_hidden_unarmed,20,xy_sim_velocity,4,2,102,26,0.5,0.5,0.5,26,0,26,0,0.5,0,0,26,0.0,0.0,1.0
control_hidden_unarmed,20,xy_sim_velocity,4,3,103,25,0.5,0.5,0.5,25,0,25,0,0.5,0,0,25,0.0,0.0,1.0
control_hidden_unarmed,20,xy_sim_velocity,4,4,103,25,0.5,0.5,0.5,25,0,25,0,0.5,0,0,25,0.0,0.0,1.0
control_hidden_unarmed,20,robot_only,0,0,102,26,0.5,0.5,0.5,26,0,26,0,0.5,0,0,26,0.0,0.0,1.0
control_hidden_unarmed,20,robot_only,0,1,102,26,0.5,0.5,0.5,26,0,26,0,0.5,0,0,26,0.0,0.0,1.0
control_hidden_unarmed,20,robot_only,0,2,102,26,0.5,0.5,0.5,26,0,26,0,0.5,0,0,26,0.0,0.0,1.0
control_hidden_unarmed,20,robot_only,0,3,103,25,0.5,0.5,0.5,25,0,25,0,0.5,0,0,25,0.0,0.0,1.0
control_hidden_unarmed,20,robot_only,0,4,103,25,0.5,0.5,0.5,25,0,25,0,0.5,0,0,25,0.0,0.0,1.0
control_hidden_unarmed,20,robot_only,1,0,102,26,0.5,0.5,0.5,26,0,26,0,0.5,0,0,26,0.0,0.0,1.0
control_hidden_unarmed,20,robot_only,1,1,102,26,0.5,0.5,0.5,26,0,26,0,0.5,0,0,26,0.0,0.0,1.0
control_hidden_unarmed,20,robot_only,1,2,102,26,0.5,0.5,0.5,26,0,26,0,0.5,0,0,26,0.0,0.0,1.0
control_hidden_unarmed,20,robot_only,1,3,103,25,0.5,0.5,0.5,25,0,25,0,0.5,0,0,25,0.0,0.0,1.0
control_hidden_unarmed,20,robot_only,1,4,103,25,0.5,0.5,0.5,25,0,25,0,0.5,0,0,25,0.0,0.0,1.0
control_hidden_unarmed,20,robot_only,2,0,102,26,0.5,0.5,0.5,26,0,26,0,0.5,0,0,26,0.0,0.0,1.0
control_hidden_unarmed,20,robot_only,2,1,102,26,0.5,0.5,0.5,26,0,26,0,0.5,0,0,26,0.0,0.0,1.0
control_hidden_unarmed,20,robot_only,2,2,102,26,0.5,0.5,0.5,26,0,26,0,0.5,0,0,26,0.0,0.0,1.0
control_hidden_unarmed,20,robot_only,2,3,103,25,0.5,0.5,0.5,25,0,25,0,0.5,0,0,25,0.0,0.0,1.0
control_hidden_unarmed,20,robot_only,2,4,103,25,0.5,0.5,0.5,25,0,25,0,0.5,0,0,25,0.0,0.0,1.0
control_hidden_unarmed,20,robot_only,3,0,102,26,0.5,0.5,0.5,26,0,26,0,0.5,0,0,26,0.0,0.0,1.0
control_hidden_unarmed,20,robot_only,3,1,102,26,0.5,0.5,0.5,26,0,26,0,0.5,0,0,26,0.0,0.0,1.0
control_hidden_unarmed,20,robot_only,3,2,102,26,0.5,0.5,0.5,26,0,26,0,0.5,0,0,26,0.0,0.0,1.0
control_hidden_unarmed,20,robot_only,3,3,103,25,0.5,0.5,0.5,25,0,25,0,0.5,0,0,25,0.0,0.0,1.0
control_hidden_unarmed,20,robot_only,3,4,103,25,0.5,0.5,0.5,25,0,25,0,0.5,0,0,25,0.0,0.0,1.0
control_hidden_unarmed,20,robot_only,4,0,102,26,0.5,0.5,0.5,26,0,26,0,0.5,0,0,26,0.0,0.0,1.0
control_hidden_unarmed,20,robot_only,4,1,102,26,0.5,0.5,0.5,26,0,26,0,0.5,0,0,26,0.0,0.0,1.0
control_hidden_unarmed,20,robot_only,4,2,102,26,0.5,0.5,0.5,26,0,26,0,0.5,0,0,26,0.0,0.0,1.0
control_hidden_unarmed,20,robot_only,4,3,103,25,0.5,0.5,0.5,25,0,25,0,0.5,0,0,25,0.0,0.0,1.0
control_hidden_unarmed,20,robot_only,4,4,103,25,0.5,0.5,0.5,25,0,25,0,0.5,0,0,25,0.0,0.0,1.0
control_hidden_unarmed,20,position_proprio_single,0,0,102,26,0.5,0.5,0.5,26,0,26,0,0.5,0,0,26,0.0,0.0,1.0
control_hidden_unarmed,20,position_proprio_single,0,1,102,26,0.5,0.5,0.5,26,0,26,0,0.5,0,0,26,0.0,0.0,1.0
control_hidden_unarmed,20,position_proprio_single,0,2,102,26,0.5,0.5,0.5,26,0,26,0,0.5,0,0,26,0.0,0.0,1.0
control_hidden_unarmed,20,position_proprio_single,0,3,103,25,0.5,0.5,0.5,25,0,25,0,0.5,0,0,25,0.0,0.0,1.0
control_hidden_unarmed,20,position_proprio_single,0,4,103,25,0.5,0.5,0.5,25,0,25,0,0.5,0,0,25,0.0,0.0,1.0
control_hidden_unarmed,20,position_proprio_single,1,0,102,26,0.5,0.5,0.5,26,0,26,0,0.5,0,0,26,0.0,0.0,1.0
control_hidden_unarmed,20,position_proprio_single,1,1,102,26,0.5,0.5,0.5,26,0,26,0,0.5,0,0,26,0.0,0.0,1.0
control_hidden_unarmed,20,position_proprio_single,1,2,102,26,0.5,0.5,0.5,26,0,26,0,0.5,0,0,26,0.0,0.0,1.0
control_hidden_unarmed,20,position_proprio_single,1,3,103,25,0.5,0.5,0.5,25,0,25,0,0.5,0,0,25,0.0,0.0,1.0
control_hidden_unarmed,20,position_proprio_single,1,4,103,25,0.5,0.5,0.5,25,0,25,0,0.5,0,0,25,0.0,0.0,1.0
control_hidden_unarmed,20,position_proprio_single,2,0,102,26,0.5,0.5,0.5,26,0,26,0,0.5,0,0,26,0.0,0.0,1.0
control_hidden_unarmed,20,position_proprio_single,2,1,102,26,0.5,0.5,0.5,26,0,26,0,0.5,0,0,26,0.0,0.0,1.0
control_hidden_unarmed,20,position_proprio_single,2,2,102,26,0.5,0.5,0.5,26,0,26,0,0.5,0,0,26,0.0,0.0,1.0
control_hidden_unarmed,20,position_proprio_single,2,3,103,25,0.5,0.5,0.5,25,0,25,0,0.5,0,0,25,0.0,0.0,1.0
control_hidden_unarmed,20,position_proprio_single,2,4,103,25,0.5,0.5,0.5,25,0,25,0,0.5,0,0,25,0.0,0.0,1.0
control_hidden_unarmed,20,position_proprio_single,3,0,102,26,0.5,0.5,0.5,26,0,26,0,0.5,0,0,26,0.0,0.0,1.0
control_hidden_unarmed,20,position_proprio_single,3,1,102,26,0.5,0.5,0.5,26,0,26,0,0.5,0,0,26,0.0,0.0,1.0
control_hidden_unarmed,20,position_proprio_single,3,2,102,26,0.5,0.5,0.5,26,0,26,0,0.5,0,0,26,0.0,0.0,1.0
control_hidden_unarmed,20,position_proprio_single,3,3,103,25,0.5,0.5,0.5,25,0,25,0,0.5,0,0,25,0.0,0.0,1.0
control_hidden_unarmed,20,position_proprio_single,3,4,103,25,0.5,0.5,0.5,25,0,25,0,0.5,0,0,25,0.0,0.0,1.0
control_hidden_unarmed,20,position_proprio_single,4,0,102,26,0.5,0.5,0.5,26,0,26,0,0.5,0,0,26,0.0,0.0,1.0
control_hidden_unarmed,20,position_proprio_single,4,1,102,26,0.5,0.5,0.5,26,0,26,0,0.5,0,0,26,0.0,0.0,1.0
control_hidden_unarmed,20,position_proprio_single,4,2,102,26,0.5,0.5,0.5,26,0,26,0,0.5,0,0,26,0.0,0.0,1.0
control_hidden_unarmed,20,position_proprio_single,4,3,103,25,0.5,0.5,0.5,25,0,25,0,0.5,0,0,25,0.0,0.0,1.0
control_hidden_unarmed,20,position_proprio_single,4,4,103,25,0.5,0.5,0.5,25,0,25,0,0.5,0,0,25,0.0,0.0,1.0
control_hidden_unarmed,20,xy_history_s1,0,0,102,26,0.5,0.5,0.5,26,0,26,0,0.5,0,0,26,0.0,0.0,1.0
control_hidden_unarmed,20,xy_history_s1,0,1,102,26,0.5,0.5,0.5,26,0,26,0,0.5,0,0,26,0.0,0.0,1.0
control_hidden_unarmed,20,xy_history_s1,0,2,102,26,0.5,0.5,0.5,26,0,26,0,0.5,0,0,26,0.0,0.0,1.0
control_hidden_unarmed,20,xy_history_s1,0,3,103,25,0.5,0.5,0.5,25,0,25,0,0.5,0,0,25,0.0,0.0,1.0
control_hidden_unarmed,20,xy_history_s1,0,4,103,25,0.5,0.5,0.5,25,0,25,0,0.5,0,0,25,0.0,0.0,1.0
control_hidden_unarmed,20,xy_history_s1,1,0,102,26,0.5,0.5,0.5,26,0,26,0,0.5,0,0,26,0.0,0.0,1.0
control_hidden_unarmed,20,xy_history_s1,1,1,102,26,0.5,0.5,0.5,26,0,26,0,0.5,0,0,26,0.0,0.0,1.0
control_hidden_unarmed,20,xy_history_s1,1,2,102,26,0.5,0.5,0.5,26,0,26,0,0.5,0,0,26,0.0,0.0,1.0
control_hidden_unarmed,20,xy_history_s1,1,3,103,25,0.5,0.5,0.5,25,0,25,0,0.5,0,0,25,0.0,0.0,1.0
control_hidden_unarmed,20,xy_history_s1,1,4,103,25,0.5,0.5,0.5,25,0,25,0,0.5,0,0,25,0.0,0.0,1.0
control_hidden_unarmed,20,xy_history_s1,2,0,102,26,0.5,0.5,0.5,26,0,26,0,0.5,0,0,26,0.0,0.0,1.0
control_hidden_unarmed,20,xy_history_s1,2,1,102,26,0.5,0.5,0.5,26,0,26,0,0.5,0,0,26,0.0,0.0,1.0
control_hidden_unarmed,20,xy_history_s1,2,2,102,26,0.5,0.5,0.5,26,0,26,0,0.5,0,0,26,0.0,0.0,1.0
control_hidden_unarmed,20,xy_history_s1,2,3,103,25,0.5,0.5,0.5,25,0,25,0,0.5,0,0,25,0.0,0.0,1.0
control_hidden_unarmed,20,xy_history_s1,2,4,103,25,0.5,0.5,0.5,25,0,25,0,0.5,0,0,25,0.0,0.0,1.0
control_hidden_unarmed,20,xy_history_s1,3,0,102,26,0.5,0.5,0.5,26,0,26,0,0.5,0,0,26,0.0,0.0,1.0
control_hidden_unarmed,20,xy_history_s1,3,1,102,26,0.5,0.5,0.5,26,0,26,0,0.5,0,0,26,0.0,0.0,1.0
control_hidden_unarmed,20,xy_history_s1,3,2,102,26,0.5,0.5,0.5,26,0,26,0,0.5,0,0,26,0.0,0.0,1.0
control_hidden_unarmed,20,xy_history_s1,3,3,103,25,0.5,0.5,0.5,25,0,25,0,0.5,0,0,25,0.0,0.0,1.0
control_hidden_unarmed,20,xy_history_s1,3,4,103,25,0.5,0.5,0.5,25,0,25,0,0.5,0,0,25,0.0,0.0,1.0
control_hidden_unarmed,20,xy_history_s1,4,0,102,26,0.5,0.5,0.5,26,0,26,0,0.5,0,0,26,0.0,0.0,1.0
control_hidden_unarmed,20,xy_history_s1,4,1,102,26,0.5,0.5,0.5,26,0,26,0,0.5,0,0,26,0.0,0.0,1.0
control_hidden_unarmed,20,xy_history_s1,4,2,102,26,0.5,0.5,0.5,26,0,26,0,0.5,0,0,26,0.0,0.0,1.0
control_hidden_unarmed,20,xy_history_s1,4,3,103,25,0.5,0.5,0.5,25,0,25,0,0.5,0,0,25,0.0,0.0,1.0
control_hidden_unarmed,20,xy_history_s1,4,4,103,25,0.5,0.5,0.5,25,0,25,0,0.5,0,0,25,0.0,0.0,1.0
control_hidden_unarmed,20,position_proprio_history_s1,0,0,102,26,0.5,0.5,0.5,26,0,26,0,0.5,0,0,26,0.0,0.0,1.0
control_hidden_unarmed,20,position_proprio_history_s1,0,1,102,26,0.5,0.5,0.5,26,0,26,0,0.5,0,0,26,0.0,0.0,1.0
control_hidden_unarmed,20,position_proprio_history_s1,0,2,102,26,0.5,0.5,0.5,26,0,26,0,0.5,0,0,26,0.0,0.0,1.0
control_hidden_unarmed,20,position_proprio_history_s1,0,3,103,25,0.5,0.5,0.5,25,0,25,0,0.5,0,0,25,0.0,0.0,1.0
control_hidden_unarmed,20,position_proprio_history_s1,0,4,103,25,0.5,0.5,0.5,25,0,25,0,0.5,0,0,25,0.0,0.0,1.0
control_hidden_unarmed,20,position_proprio_history_s1,1,0,102,26,0.5,0.5,0.5,26,0,26,0,0.5,0,0,26,0.0,0.0,1.0
control_hidden_unarmed,20,position_proprio_history_s1,1,1,102,26,0.5,0.5,0.5,26,0,26,0,0.5,0,0,26,0.0,0.0,1.0
control_hidden_unarmed,20,position_proprio_history_s1,1,2,102,26,0.5,0.5,0.5,26,0,26,0,0.5,0,0,26,0.0,0.0,1.0
control_hidden_unarmed,20,position_proprio_history_s1,1,3,103,25,0.5,0.5,0.5,25,0,25,0,0.5,0,0,25,0.0,0.0,1.0
control_hidden_unarmed,20,position_proprio_history_s1,1,4,103,25,0.5,0.5,0.5,25,0,25,0,0.5,0,0,25,0.0,0.0,1.0
control_hidden_unarmed,20,position_proprio_history_s1,2,0,102,26,0.5,0.5,0.5,26,0,26,0,0.5,0,0,26,0.0,0.0,1.0
control_hidden_unarmed,20,position_proprio_history_s1,2,1,102,26,0.5,0.5,0.5,26,0,26,0,0.5,0,0,26,0.0,0.0,1.0
control_hidden_unarmed,20,position_proprio_history_s1,2,2,102,26,0.5,0.5,0.5,26,0,26,0,0.5,0,0,26,0.0,0.0,1.0
control_hidden_unarmed,20,position_proprio_history_s1,2,3,103,25,0.5,0.5,0.5,25,0,25,0,0.5,0,0,25,0.0,0.0,1.0
control_hidden_unarmed,20,position_proprio_history_s1,2,4,103,25,0.5,0.5,0.5,25,0,25,0,0.5,0,0,25,0.0,0.0,1.0
control_hidden_unarmed,20,position_proprio_history_s1,3,0,102,26,0.5,0.5,0.5,26,0,26,0,0.5,0,0,26,0.0,0.0,1.0
control_hidden_unarmed,20,position_proprio_history_s1,3,1,102,26,0.5,0.5,0.5,26,0,26,0,0.5,0,0,26,0.0,0.0,1.0
control_hidden_unarmed,20,position_proprio_history_s1,3,2,102,26,0.5,0.5,0.5,26,0,26,0,0.5,0,0,26,0.0,0.0,1.0
control_hidden_unarmed,20,position_proprio_history_s1,3,3,103,25,0.5,0.5,0.5,25,0,25,0,0.5,0,0,25,0.0,0.0,1.0
control_hidden_unarmed,20,position_proprio_history_s1,3,4,103,25,0.5,0.5,0.5,25,0,25,0,0.5,0,0,25,0.0,0.0,1.0
control_hidden_unarmed,20,position_proprio_history_s1,4,0,102,26,0.5,0.5,0.5,26,0,26,0,0.5,0,0,26,0.0,0.0,1.0
control_hidden_unarmed,20,position_proprio_history_s1,4,1,102,26,0.5,0.5,0.5,26,0,26,0,0.5,0,0,26,0.0,0.0,1.0
control_hidden_unarmed,20,position_proprio_history_s1,4,2,102,26,0.5,0.5,0.5,26,0,26,0,0.5,0,0,26,0.0,0.0,1.0
control_hidden_unarmed,20,position_proprio_history_s1,4,3,103,25,0.5,0.5,0.5,25,0,25,0,0.5,0,0,25,0.0,0.0,1.0
control_hidden_unarmed,20,position_proprio_history_s1,4,4,103,25,0.5,0.5,0.5,25,0,25,0,0.5,0,0,25,0.0,0.0,1.0
control_hidden_unarmed,20,causal_fd_history_s1,0,0,102,26,0.5,0.5,0.5,26,0,26,0,0.5,0,0,26,0.0,0.0,1.0
control_hidden_unarmed,20,causal_fd_history_s1,0,1,102,26,0.5,0.5,0.5,26,0,26,0,0.5,0,0,26,0.0,0.0,1.0
control_hidden_unarmed,20,causal_fd_history_s1,0,2,102,26,0.5,0.5,0.5,26,0,26,0,0.5,0,0,26,0.0,0.0,1.0
control_hidden_unarmed,20,causal_fd_history_s1,0,3,103,25,0.5,0.5,0.5,25,0,25,0,0.5,0,0,25,0.0,0.0,1.0
control_hidden_unarmed,20,causal_fd_history_s1,0,4,103,25,0.5,0.5,0.5,25,0,25,0,0.5,0,0,25,0.0,0.0,1.0
control_hidden_unarmed,20,causal_fd_history_s1,1,0,102,26,0.5,0.5,0.5,26,0,26,0,0.5,0,0,26,0.0,0.0,1.0
control_hidden_unarmed,20,causal_fd_history_s1,1,1,102,26,0.5,0.5,0.5,26,0,26,0,0.5,0,0,26,0.0,0.0,1.0
control_hidden_unarmed,20,causal_fd_history_s1,1,2,102,26,0.5,0.5,0.5,26,0,26,0,0.5,0,0,26,0.0,0.0,1.0
control_hidden_unarmed,20,causal_fd_history_s1,1,3,103,25,0.5,0.5,0.5,25,0,25,0,0.5,0,0,25,0.0,0.0,1.0
control_hidden_unarmed,20,causal_fd_history_s1,1,4,103,25,0.5,0.5,0.5,25,0,25,0,0.5,0,0,25,0.0,0.0,1.0
control_hidden_unarmed,20,causal_fd_history_s1,2,0,102,26,0.5,0.5,0.5,26,0,26,0,0.5,0,0,26,0.0,0.0,1.0
control_hidden_unarmed,20,causal_fd_history_s1,2,1,102,26,0.5,0.5,0.5,26,0,26,0,0.5,0,0,26,0.0,0.0,1.0
control_hidden_unarmed,20,causal_fd_history_s1,2,2,102,26,0.5,0.5,0.5,26,0,26,0,0.5,0,0,26,0.0,0.0,1.0
control_hidden_unarmed,20,causal_fd_history_s1,2,3,103,25,0.5,0.5,0.5,25,0,25,0,0.5,0,0,25,0.0,0.0,1.0
control_hidden_unarmed,20,causal_fd_history_s1,2,4,103,25,0.5,0.5,0.5,25,0,25,0,0.5,0,0,25,0.0,0.0,1.0
control_hidden_unarmed,20,causal_fd_history_s1,3,0,102,26,0.5,0.5,0.5,26,0,26,0,0.5,0,0,26,0.0,0.0,1.0
control_hidden_unarmed,20,causal_fd_history_s1,3,1,102,26,0.5,0.5,0.5,26,0,26,0,0.5,0,0,26,0.0,0.0,1.0
control_hidden_unarmed,20,causal_fd_history_s1,3,2,102,26,0.5,0.5,0.5,26,0,26,0,0.5,0,0,26,0.0,0.0,1.0
control_hidden_unarmed,20,causal_fd_history_s1,3,3,103,25,0.5,0.5,0.5,25,0,25,0,0.5,0,0,25,0.0,0.0,1.0
control_hidden_unarmed,20,causal_fd_history_s1,3,4,103,25,0.5,0.5,0.5,25,0,25,0,0.5,0,0,25,0.0,0.0,1.0
control_hidden_unarmed,20,causal_fd_history_s1,4,0,102,26,0.5,0.5,0.5,26,0,26,0,0.5,0,0,26,0.0,0.0,1.0
control_hidden_unarmed,20,causal_fd_history_s1,4,1,102,26,0.5,0.5,0.5,26,0,26,0,0.5,0,0,26,0.0,0.0,1.0
control_hidden_unarmed,20,causal_fd_history_s1,4,2,102,26,0.5,0.5,0.5,26,0,26,0,0.5,0,0,26,0.0,0.0,1.0
control_hidden_unarmed,20,causal_fd_history_s1,4,3,103,25,0.5,0.5,0.5,25,0,25,0,0.5,0,0,25,0.0,0.0,1.0
control_hidden_unarmed,20,causal_fd_history_s1,4,4,103,25,0.5,0.5,0.5,25,0,25,0,0.5,0,0,25,0.0,0.0,1.0
control_hidden_unarmed,20,model_x_v2_s1,0,0,102,26,0.5,0.5,0.5,26,0,26,0,0.5,0,0,26,0.0,0.0,1.0
control_hidden_unarmed,20,model_x_v2_s1,0,1,102,26,0.5,0.5,0.5,26,0,26,0,0.5,0,0,26,0.0,0.0,1.0
control_hidden_unarmed,20,model_x_v2_s1,0,2,102,26,0.5,0.5,0.5,26,0,26,0,0.5,0,0,26,0.0,0.0,1.0
control_hidden_unarmed,20,model_x_v2_s1,0,3,103,25,0.5,0.5,0.5,25,0,25,0,0.5,0,0,25,0.0,0.0,1.0
control_hidden_unarmed,20,model_x_v2_s1,0,4,103,25,0.5,0.5,0.5,25,0,25,0,0.5,0,0,25,0.0,0.0,1.0
control_hidden_unarmed,20,model_x_v2_s1,1,0,102,26,0.5,0.5,0.5,26,0,26,0,0.5,0,0,26,0.0,0.0,1.0
control_hidden_unarmed,20,model_x_v2_s1,1,1,102,26,0.5,0.5,0.5,26,0,26,0,0.5,0,0,26,0.0,0.0,1.0
control_hidden_unarmed,20,model_x_v2_s1,1,2,102,26,0.5,0.5,0.5,26,0,26,0,0.5,0,0,26,0.0,0.0,1.0
control_hidden_unarmed,20,model_x_v2_s1,1,3,103,25,0.5,0.5,0.5,25,0,25,0,0.5,0,0,25,0.0,0.0,1.0
control_hidden_unarmed,20,model_x_v2_s1,1,4,103,25,0.5,0.5,0.5,25,0,25,0,0.5,0,0,25,0.0,0.0,1.0
control_hidden_unarmed,20,model_x_v2_s1,2,0,102,26,0.5,0.5,0.5,26,0,26,0,0.5,0,0,26,0.0,0.0,1.0
control_hidden_unarmed,20,model_x_v2_s1,2,1,102,26,0.5,0.5,0.5,26,0,26,0,0.5,0,0,26,0.0,0.0,1.0
control_hidden_unarmed,20,model_x_v2_s1,2,2,102,26,0.5,0.5,0.5,26,0,26,0,0.5,0,0,26,0.0,0.0,1.0
control_hidden_unarmed,20,model_x_v2_s1,2,3,103,25,0.5,0.5,0.5,25,0,25,0,0.5,0,0,25,0.0,0.0,1.0
control_hidden_unarmed,20,model_x_v2_s1,2,4,103,25,0.5,0.5,0.5,25,0,25,0,0.5,0,0,25,0.0,0.0,1.0
control_hidden_unarmed,20,model_x_v2_s1,3,0,102,26,0.5,0.5,0.5,26,0,26,0,0.5,0,0,26,0.0,0.0,1.0
control_hidden_unarmed,20,model_x_v2_s1,3,1,102,26,0.5,0.5,0.5,26,0,26,0,0.5,0,0,26,0.0,0.0,1.0
control_hidden_unarmed,20,model_x_v2_s1,3,2,102,26,0.5,0.5,0.5,26,0,26,0,0.5,0,0,26,0.0,0.0,1.0
control_hidden_unarmed,20,model_x_v2_s1,3,3,103,25,0.5,0.5,0.5,25,0,25,0,0.5,0,0,25,0.0,0.0,1.0
control_hidden_unarmed,20,model_x_v2_s1,3,4,103,25,0.5,0.5,0.5,25,0,25,0,0.5,0,0,25,0.0,0.0,1.0
control_hidden_unarmed,20,model_x_v2_s1,4,0,102,26,0.5,0.5,0.5,26,0,26,0,0.5,0,0,26,0.0,0.0,1.0
control_hidden_unarmed,20,model_x_v2_s1,4,1,102,26,0.5,0.5,0.5,26,0,26,0,0.5,0,0,26,0.0,0.0,1.0
control_hidden_unarmed,20,model_x_v2_s1,4,2,102,26,0.5,0.5,0.5,26,0,26,0,0.5,0,0,26,0.0,0.0,1.0
control_hidden_unarmed,20,model_x_v2_s1,4,3,103,25,0.5,0.5,0.5,25,0,25,0,0.5,0,0,25,0.0,0.0,1.0
control_hidden_unarmed,20,model_x_v2_s1,4,4,103,25,0.5,0.5,0.5,25,0,25,0,0.5,0,0,25,0.0,0.0,1.0
control_hidden_unarmed,20,privileged_model_x_v1_s1,0,0,102,26,0.5,0.5,0.5,26,0,26,0,0.5,0,0,26,0.0,0.0,1.0
control_hidden_unarmed,20,privileged_model_x_v1_s1,0,1,102,26,0.5,0.5,0.5,26,0,26,0,0.5,0,0,26,0.0,0.0,1.0
control_hidden_unarmed,20,privileged_model_x_v1_s1,0,2,102,26,0.5,0.5,0.5,26,0,26,0,0.5,0,0,26,0.0,0.0,1.0
control_hidden_unarmed,20,privileged_model_x_v1_s1,0,3,103,25,0.5,0.5,0.5,25,0,25,0,0.5,0,0,25,0.0,0.0,1.0
control_hidden_unarmed,20,privileged_model_x_v1_s1,0,4,103,25,0.5,0.5,0.5,25,0,25,0,0.5,0,0,25,0.0,0.0,1.0
control_hidden_unarmed,20,privileged_model_x_v1_s1,1,0,102,26,0.5,0.5,0.5,26,0,26,0,0.5,0,0,26,0.0,0.0,1.0
control_hidden_unarmed,20,privileged_model_x_v1_s1,1,1,102,26,0.5,0.5,0.5,26,0,26,0,0.5,0,0,26,0.0,0.0,1.0
control_hidden_unarmed,20,privileged_model_x_v1_s1,1,2,102,26,0.5,0.5,0.5,26,0,26,0,0.5,0,0,26,0.0,0.0,1.0
control_hidden_unarmed,20,privileged_model_x_v1_s1,1,3,103,25,0.5,0.5,0.5,25,0,25,0,0.5,0,0,25,0.0,0.0,1.0
control_hidden_unarmed,20,privileged_model_x_v1_s1,1,4,103,25,0.5,0.5,0.5,25,0,25,0,0.5,0,0,25,0.0,0.0,1.0
control_hidden_unarmed,20,privileged_model_x_v1_s1,2,0,102,26,0.5,0.5,0.5,26,0,26,0,0.5,0,0,26,0.0,0.0,1.0
control_hidden_unarmed,20,privileged_model_x_v1_s1,2,1,102,26,0.5,0.5,0.5,26,0,26,0,0.5,0,0,26,0.0,0.0,1.0
control_hidden_unarmed,20,privileged_model_x_v1_s1,2,2,102,26,0.5,0.5,0.5,26,0,26,0,0.5,0,0,26,0.0,0.0,1.0
control_hidden_unarmed,20,privileged_model_x_v1_s1,2,3,103,25,0.5,0.5,0.5,25,0,25,0,0.5,0,0,25,0.0,0.0,1.0
control_hidden_unarmed,20,privileged_model_x_v1_s1,2,4,103,25,0.5,0.5,0.5,25,0,25,0,0.5,0,0,25,0.0,0.0,1.0
control_hidden_unarmed,20,privileged_model_x_v1_s1,3,0,102,26,0.5,0.5,0.5,26,0,26,0,0.5,0,0,26,0.0,0.0,1.0
control_hidden_unarmed,20,privileged_model_x_v1_s1,3,1,102,26,0.5,0.5,0.5,26,0,26,0,0.5,0,0,26,0.0,0.0,1.0
control_hidden_unarmed,20,privileged_model_x_v1_s1,3,2,102,26,0.5,0.5,0.5,26,0,26,0,0.5,0,0,26,0.0,0.0,1.0
control_hidden_unarmed,20,privileged_model_x_v1_s1,3,3,103,25,0.5,0.5,0.5,25,0,25,0,0.5,0,0,25,0.0,0.0,1.0
control_hidden_unarmed,20,privileged_model_x_v1_s1,3,4,103,25,0.5,0.5,0.5,25,0,25,0,0.5,0,0,25,0.0,0.0,1.0
control_hidden_unarmed,20,privileged_model_x_v1_s1,4,0,102,26,0.5,0.5,0.5,26,0,26,0,0.5,0,0,26,0.0,0.0,1.0
control_hidden_unarmed,20,privileged_model_x_v1_s1,4,1,102,26,0.5,0.5,0.5,26,0,26,0,0.5,0,0,26,0.0,0.0,1.0
control_hidden_unarmed,20,privileged_model_x_v1_s1,4,2,102,26,0.5,0.5,0.5,26,0,26,0,0.5,0,0,26,0.0,0.0,1.0
control_hidden_unarmed,20,privileged_model_x_v1_s1,4,3,103,25,0.5,0.5,0.5,25,0,25,0,0.5,0,0,25,0.0,0.0,1.0
control_hidden_unarmed,20,privileged_model_x_v1_s1,4,4,103,25,0.5,0.5,0.5,25,0,25,0,0.5,0,0,25,0.0,0.0,1.0
control_hidden_unarmed,20,xy_history_s5,0,0,102,26,0.5,0.5,0.5,26,0,26,0,0.5,0,0,26,0.0,0.0,1.0
control_hidden_unarmed,20,xy_history_s5,0,1,102,26,0.5,0.5,0.5,26,0,26,0,0.5,0,0,26,0.0,0.0,1.0
control_hidden_unarmed,20,xy_history_s5,0,2,102,26,0.5,0.5,0.5,26,0,26,0,0.5,0,0,26,0.0,0.0,1.0
control_hidden_unarmed,20,xy_history_s5,0,3,103,25,0.5,0.5,0.5,25,0,25,0,0.5,0,0,25,0.0,0.0,1.0
control_hidden_unarmed,20,xy_history_s5,0,4,103,25,0.5,0.5,0.5,25,0,25,0,0.5,0,0,25,0.0,0.0,1.0
control_hidden_unarmed,20,xy_history_s5,1,0,102,26,0.5,0.5,0.5,26,0,26,0,0.5,0,0,26,0.0,0.0,1.0
control_hidden_unarmed,20,xy_history_s5,1,1,102,26,0.5,0.5,0.5,26,0,26,0,0.5,0,0,26,0.0,0.0,1.0
control_hidden_unarmed,20,xy_history_s5,1,2,102,26,0.5,0.5,0.5,26,0,26,0,0.5,0,0,26,0.0,0.0,1.0
control_hidden_unarmed,20,xy_history_s5,1,3,103,25,0.5,0.5,0.5,25,0,25,0,0.5,0,0,25,0.0,0.0,1.0
control_hidden_unarmed,20,xy_history_s5,1,4,103,25,0.5,0.5,0.5,25,0,25,0,0.5,0,0,25,0.0,0.0,1.0
control_hidden_unarmed,20,xy_history_s5,2,0,102,26,0.5,0.5,0.5,26,0,26,0,0.5,0,0,26,0.0,0.0,1.0
control_hidden_unarmed,20,xy_history_s5,2,1,102,26,0.5,0.5,0.5,26,0,26,0,0.5,0,0,26,0.0,0.0,1.0
control_hidden_unarmed,20,xy_history_s5,2,2,102,26,0.5,0.5,0.5,26,0,26,0,0.5,0,0,26,0.0,0.0,1.0
control_hidden_unarmed,20,xy_history_s5,2,3,103,25,0.5,0.5,0.5,25,0,25,0,0.5,0,0,25,0.0,0.0,1.0
control_hidden_unarmed,20,xy_history_s5,2,4,103,25,0.5,0.5,0.5,25,0,25,0,0.5,0,0,25,0.0,0.0,1.0
control_hidden_unarmed,20,xy_history_s5,3,0,102,26,0.5,0.5,0.5,26,0,26,0,0.5,0,0,26,0.0,0.0,1.0
control_hidden_unarmed,20,xy_history_s5,3,1,102,26,0.5,0.5,0.5,26,0,26,0,0.5,0,0,26,0.0,0.0,1.0
control_hidden_unarmed,20,xy_history_s5,3,2,102,26,0.5,0.5,0.5,26,0,26,0,0.5,0,0,26,0.0,0.0,1.0
control_hidden_unarmed,20,xy_history_s5,3,3,103,25,0.5,0.5,0.5,25,0,25,0,0.5,0,0,25,0.0,0.0,1.0
control_hidden_unarmed,20,xy_history_s5,3,4,103,25,0.5,0.5,0.5,25,0,25,0,0.5,0,0,25,0.0,0.0,1.0
control_hidden_unarmed,20,xy_history_s5,4,0,102,26,0.5,0.5,0.5,26,0,26,0,0.5,0,0,26,0.0,0.0,1.0
control_hidden_unarmed,20,xy_history_s5,4,1,102,26,0.5,0.5,0.5,26,0,26,0,0.5,0,0,26,0.0,0.0,1.0
control_hidden_unarmed,20,xy_history_s5,4,2,102,26,0.5,0.5,0.5,26,0,26,0,0.5,0,0,26,0.0,0.0,1.0
control_hidden_unarmed,20,xy_history_s5,4,3,103,25,0.5,0.5,0.5,25,0,25,0,0.5,0,0,25,0.0,0.0,1.0
control_hidden_unarmed,20,xy_history_s5,4,4,103,25,0.5,0.5,0.5,25,0,25,0,0.5,0,0,25,0.0,0.0,1.0
control_hidden_unarmed,20,position_proprio_history_s5,0,0,102,26,0.5,0.5,0.5,26,0,26,0,0.5,0,0,26,0.0,0.0,1.0
control_hidden_unarmed,20,position_proprio_history_s5,0,1,102,26,0.5,0.5,0.5,26,0,26,0,0.5,0,0,26,0.0,0.0,1.0
control_hidden_unarmed,20,position_proprio_history_s5,0,2,102,26,0.5,0.5,0.5,26,0,26,0,0.5,0,0,26,0.0,0.0,1.0
control_hidden_unarmed,20,position_proprio_history_s5,0,3,103,25,0.5,0.5,0.5,25,0,25,0,0.5,0,0,25,0.0,0.0,1.0
control_hidden_unarmed,20,position_proprio_history_s5,0,4,103,25,0.5,0.5,0.5,25,0,25,0,0.5,0,0,25,0.0,0.0,1.0
control_hidden_unarmed,20,position_proprio_history_s5,1,0,102,26,0.5,0.5,0.5,26,0,26,0,0.5,0,0,26,0.0,0.0,1.0
control_hidden_unarmed,20,position_proprio_history_s5,1,1,102,26,0.5,0.5,0.5,26,0,26,0,0.5,0,0,26,0.0,0.0,1.0
control_hidden_unarmed,20,position_proprio_history_s5,1,2,102,26,0.5,0.5,0.5,26,0,26,0,0.5,0,0,26,0.0,0.0,1.0
control_hidden_unarmed,20,position_proprio_history_s5,1,3,103,25,0.5,0.5,0.5,25,0,25,0,0.5,0,0,25,0.0,0.0,1.0
control_hidden_unarmed,20,position_proprio_history_s5,1,4,103,25,0.5,0.5,0.5,25,0,25,0,0.5,0,0,25,0.0,0.0,1.0
control_hidden_unarmed,20,position_proprio_history_s5,2,0,102,26,0.5,0.5,0.5,26,0,26,0,0.5,0,0,26,0.0,0.0,1.0
control_hidden_unarmed,20,position_proprio_history_s5,2,1,102,26,0.5,0.5,0.5,26,0,26,0,0.5,0,0,26,0.0,0.0,1.0
control_hidden_unarmed,20,position_proprio_history_s5,2,2,102,26,0.5,0.5,0.5,26,0,26,0,0.5,0,0,26,0.0,0.0,1.0
control_hidden_unarmed,20,position_proprio_history_s5,2,3,103,25,0.5,0.5,0.5,25,0,25,0,0.5,0,0,25,0.0,0.0,1.0
control_hidden_unarmed,20,position_proprio_history_s5,2,4,103,25,0.5,0.5,0.5,25,0,25,0,0.5,0,0,25,0.0,0.0,1.0
control_hidden_unarmed,20,position_proprio_history_s5,3,0,102,26,0.5,0.5,0.5,26,0,26,0,0.5,0,0,26,0.0,0.0,1.0
control_hidden_unarmed,20,position_proprio_history_s5,3,1,102,26,0.5,0.5,0.5,26,0,26,0,0.5,0,0,26,0.0,0.0,1.0
control_hidden_unarmed,20,position_proprio_history_s5,3,2,102,26,0.5,0.5,0.5,26,0,26,0,0.5,0,0,26,0.0,0.0,1.0
control_hidden_unarmed,20,position_proprio_history_s5,3,3,103,25,0.5,0.5,0.5,25,0,25,0,0.5,0,0,25,0.0,0.0,1.0
control_hidden_unarmed,20,position_proprio_history_s5,3,4,103,25,0.5,0.5,0.5,25,0,25,0,0.5,0,0,25,0.0,0.0,1.0
control_hidden_unarmed,20,position_proprio_history_s5,4,0,102,26,0.5,0.5,0.5,26,0,26,0,0.5,0,0,26,0.0,0.0,1.0
control_hidden_unarmed,20,position_proprio_history_s5,4,1,102,26,0.5,0.5,0.5,26,0,26,0,0.5,0,0,26,0.0,0.0,1.0
control_hidden_unarmed,20,position_proprio_history_s5,4,2,102,26,0.5,0.5,0.5,26,0,26,0,0.5,0,0,26,0.0,0.0,1.0
control_hidden_unarmed,20,position_proprio_history_s5,4,3,103,25,0.5,0.5,0.5,25,0,25,0,0.5,0,0,25,0.0,0.0,1.0
control_hidden_unarmed,20,position_proprio_history_s5,4,4,103,25,0.5,0.5,0.5,25,0,25,0,0.5,0,0,25,0.0,0.0,1.0
control_hidden_unarmed,20,causal_fd_history_s5,0,0,102,26,0.5,0.5,0.5,26,0,26,0,0.5,0,0,26,0.0,0.0,1.0
control_hidden_unarmed,20,causal_fd_history_s5,0,1,102,26,0.5,0.5,0.5,26,0,26,0,0.5,0,0,26,0.0,0.0,1.0
control_hidden_unarmed,20,causal_fd_history_s5,0,2,102,26,0.5,0.5,0.5,26,0,26,0,0.5,0,0,26,0.0,0.0,1.0
control_hidden_unarmed,20,causal_fd_history_s5,0,3,103,25,0.5,0.5,0.5,25,0,25,0,0.5,0,0,25,0.0,0.0,1.0
control_hidden_unarmed,20,causal_fd_history_s5,0,4,103,25,0.5,0.5,0.5,25,0,25,0,0.5,0,0,25,0.0,0.0,1.0
control_hidden_unarmed,20,causal_fd_history_s5,1,0,102,26,0.5,0.5,0.5,26,0,26,0,0.5,0,0,26,0.0,0.0,1.0
control_hidden_unarmed,20,causal_fd_history_s5,1,1,102,26,0.5,0.5,0.5,26,0,26,0,0.5,0,0,26,0.0,0.0,1.0
control_hidden_unarmed,20,causal_fd_history_s5,1,2,102,26,0.5,0.5,0.5,26,0,26,0,0.5,0,0,26,0.0,0.0,1.0
control_hidden_unarmed,20,causal_fd_history_s5,1,3,103,25,0.5,0.5,0.5,25,0,25,0,0.5,0,0,25,0.0,0.0,1.0
control_hidden_unarmed,20,causal_fd_history_s5,1,4,103,25,0.5,0.5,0.5,25,0,25,0,0.5,0,0,25,0.0,0.0,1.0
control_hidden_unarmed,20,causal_fd_history_s5,2,0,102,26,0.5,0.5,0.5,26,0,26,0,0.5,0,0,26,0.0,0.0,1.0
control_hidden_unarmed,20,causal_fd_history_s5,2,1,102,26,0.5,0.5,0.5,26,0,26,0,0.5,0,0,26,0.0,0.0,1.0
control_hidden_unarmed,20,causal_fd_history_s5,2,2,102,26,0.5,0.5,0.5,26,0,26,0,0.5,0,0,26,0.0,0.0,1.0
control_hidden_unarmed,20,causal_fd_history_s5,2,3,103,25,0.5,0.5,0.5,25,0,25,0,0.5,0,0,25,0.0,0.0,1.0
control_hidden_unarmed,20,causal_fd_history_s5,2,4,103,25,0.5,0.5,0.5,25,0,25,0,0.5,0,0,25,0.0,0.0,1.0
control_hidden_unarmed,20,causal_fd_history_s5,3,0,102,26,0.5,0.5,0.5,26,0,26,0,0.5,0,0,26,0.0,0.0,1.0
control_hidden_unarmed,20,causal_fd_history_s5,3,1,102,26,0.5,0.5,0.5,26,0,26,0,0.5,0,0,26,0.0,0.0,1.0
control_hidden_unarmed,20,causal_fd_history_s5,3,2,102,26,0.5,0.5,0.5,26,0,26,0,0.5,0,0,26,0.0,0.0,1.0
control_hidden_unarmed,20,causal_fd_history_s5,3,3,103,25,0.5,0.5,0.5,25,0,25,0,0.5,0,0,25,0.0,0.0,1.0
control_hidden_unarmed,20,causal_fd_history_s5,3,4,103,25,0.5,0.5,0.5,25,0,25,0,0.5,0,0,25,0.0,0.0,1.0
control_hidden_unarmed,20,causal_fd_history_s5,4,0,102,26,0.5,0.5,0.5,26,0,26,0,0.5,0,0,26,0.0,0.0,1.0
control_hidden_unarmed,20,causal_fd_history_s5,4,1,102,26,0.5,0.5,0.5,26,0,26,0,0.5,0,0,26,0.0,0.0,1.0
control_hidden_unarmed,20,causal_fd_history_s5,4,2,102,26,0.5,0.5,0.5,26,0,26,0,0.5,0,0,26,0.0,0.0,1.0
control_hidden_unarmed,20,causal_fd_history_s5,4,3,103,25,0.5,0.5,0.5,25,0,25,0,0.5,0,0,25,0.0,0.0,1.0
control_hidden_unarmed,20,causal_fd_history_s5,4,4,103,25,0.5,0.5,0.5,25,0,25,0,0.5,0,0,25,0.0,0.0,1.0
control_hidden_unarmed,20,model_x_v2_s5,0,0,102,26,0.5,0.5,0.5,26,0,26,0,0.5,0,0,26,0.0,0.0,1.0
control_hidden_unarmed,20,model_x_v2_s5,0,1,102,26,0.5,0.5,0.5,26,0,26,0,0.5,0,0,26,0.0,0.0,1.0
control_hidden_unarmed,20,model_x_v2_s5,0,2,102,26,0.5,0.5,0.5,26,0,26,0,0.5,0,0,26,0.0,0.0,1.0
control_hidden_unarmed,20,model_x_v2_s5,0,3,103,25,0.5,0.5,0.5,25,0,25,0,0.5,0,0,25,0.0,0.0,1.0
control_hidden_unarmed,20,model_x_v2_s5,0,4,103,25,0.5,0.5,0.5,25,0,25,0,0.5,0,0,25,0.0,0.0,1.0
control_hidden_unarmed,20,model_x_v2_s5,1,0,102,26,0.5,0.5,0.5,26,0,26,0,0.5,0,0,26,0.0,0.0,1.0
control_hidden_unarmed,20,model_x_v2_s5,1,1,102,26,0.5,0.5,0.5,26,0,26,0,0.5,0,0,26,0.0,0.0,1.0
control_hidden_unarmed,20,model_x_v2_s5,1,2,102,26,0.5,0.5,0.5,26,0,26,0,0.5,0,0,26,0.0,0.0,1.0
control_hidden_unarmed,20,model_x_v2_s5,1,3,103,25,0.5,0.5,0.5,25,0,25,0,0.5,0,0,25,0.0,0.0,1.0
control_hidden_unarmed,20,model_x_v2_s5,1,4,103,25,0.5,0.5,0.5,25,0,25,0,0.5,0,0,25,0.0,0.0,1.0
control_hidden_unarmed,20,model_x_v2_s5,2,0,102,26,0.5,0.5,0.5,26,0,26,0,0.5,0,0,26,0.0,0.0,1.0
control_hidden_unarmed,20,model_x_v2_s5,2,1,102,26,0.5,0.5,0.5,26,0,26,0,0.5,0,0,26,0.0,0.0,1.0
control_hidden_unarmed,20,model_x_v2_s5,2,2,102,26,0.5,0.5,0.5,26,0,26,0,0.5,0,0,26,0.0,0.0,1.0
control_hidden_unarmed,20,model_x_v2_s5,2,3,103,25,0.5,0.5,0.5,25,0,25,0,0.5,0,0,25,0.0,0.0,1.0
control_hidden_unarmed,20,model_x_v2_s5,2,4,103,25,0.5,0.5,0.5,25,0,25,0,0.5,0,0,25,0.0,0.0,1.0
control_hidden_unarmed,20,model_x_v2_s5,3,0,102,26,0.5,0.5,0.5,26,0,26,0,0.5,0,0,26,0.0,0.0,1.0
control_hidden_unarmed,20,model_x_v2_s5,3,1,102,26,0.5,0.5,0.5,26,0,26,0,0.5,0,0,26,0.0,0.0,1.0
control_hidden_unarmed,20,model_x_v2_s5,3,2,102,26,0.5,0.5,0.5,26,0,26,0,0.5,0,0,26,0.0,0.0,1.0
control_hidden_unarmed,20,model_x_v2_s5,3,3,103,25,0.5,0.5,0.5,25,0,25,0,0.5,0,0,25,0.0,0.0,1.0
control_hidden_unarmed,20,model_x_v2_s5,3,4,103,25,0.5,0.5,0.5,25,0,25,0,0.5,0,0,25,0.0,0.0,1.0
control_hidden_unarmed,20,model_x_v2_s5,4,0,102,26,0.5,0.5,0.5,26,0,26,0,0.5,0,0,26,0.0,0.0,1.0
control_hidden_unarmed,20,model_x_v2_s5,4,1,102,26,0.5,0.5,0.5,26,0,26,0,0.5,0,0,26,0.0,0.0,1.0
control_hidden_unarmed,20,model_x_v2_s5,4,2,102,26,0.5,0.5,0.5,26,0,26,0,0.5,0,0,26,0.0,0.0,1.0
control_hidden_unarmed,20,model_x_v2_s5,4,3,103,25,0.5,0.5,0.5,25,0,25,0,0.5,0,0,25,0.0,0.0,1.0
control_hidden_unarmed,20,model_x_v2_s5,4,4,103,25,0.5,0.5,0.5,25,0,25,0,0.5,0,0,25,0.0,0.0,1.0
control_hidden_unarmed,20,privileged_model_x_v1_s5,0,0,102,26,0.5,0.5,0.5,26,0,26,0,0.5,0,0,26,0.0,0.0,1.0
control_hidden_unarmed,20,privileged_model_x_v1_s5,0,1,102,26,0.5,0.5,0.5,26,0,26,0,0.5,0,0,26,0.0,0.0,1.0
control_hidden_unarmed,20,privileged_model_x_v1_s5,0,2,102,26,0.5,0.5,0.5,26,0,26,0,0.5,0,0,26,0.0,0.0,1.0
control_hidden_unarmed,20,privileged_model_x_v1_s5,0,3,103,25,0.5,0.5,0.5,25,0,25,0,0.5,0,0,25,0.0,0.0,1.0
control_hidden_unarmed,20,privileged_model_x_v1_s5,0,4,103,25,0.5,0.5,0.5,25,0,25,0,0.5,0,0,25,0.0,0.0,1.0
control_hidden_unarmed,20,privileged_model_x_v1_s5,1,0,102,26,0.5,0.5,0.5,26,0,26,0,0.5,0,0,26,0.0,0.0,1.0
control_hidden_unarmed,20,privileged_model_x_v1_s5,1,1,102,26,0.5,0.5,0.5,26,0,26,0,0.5,0,0,26,0.0,0.0,1.0
control_hidden_unarmed,20,privileged_model_x_v1_s5,1,2,102,26,0.5,0.5,0.5,26,0,26,0,0.5,0,0,26,0.0,0.0,1.0
control_hidden_unarmed,20,privileged_model_x_v1_s5,1,3,103,25,0.5,0.5,0.5,25,0,25,0,0.5,0,0,25,0.0,0.0,1.0
control_hidden_unarmed,20,privileged_model_x_v1_s5,1,4,103,25,0.5,0.5,0.5,25,0,25,0,0.5,0,0,25,0.0,0.0,1.0
control_hidden_unarmed,20,privileged_model_x_v1_s5,2,0,102,26,0.5,0.5,0.5,26,0,26,0,0.5,0,0,26,0.0,0.0,1.0
control_hidden_unarmed,20,privileged_model_x_v1_s5,2,1,102,26,0.5,0.5,0.5,26,0,26,0,0.5,0,0,26,0.0,0.0,1.0
control_hidden_unarmed,20,privileged_model_x_v1_s5,2,2,102,26,0.5,0.5,0.5,26,0,26,0,0.5,0,0,26,0.0,0.0,1.0
control_hidden_unarmed,20,privileged_model_x_v1_s5,2,3,103,25,0.5,0.5,0.5,25,0,25,0,0.5,0,0,25,0.0,0.0,1.0
control_hidden_unarmed,20,privileged_model_x_v1_s5,2,4,103,25,0.5,0.5,0.5,25,0,25,0,0.5,0,0,25,0.0,0.0,1.0
control_hidden_unarmed,20,privileged_model_x_v1_s5,3,0,102,26,0.5,0.5,0.5,26,0,26,0,0.5,0,0,26,0.0,0.0,1.0
control_hidden_unarmed,20,privileged_model_x_v1_s5,3,1,102,26,0.5,0.5,0.5,26,0,26,0,0.5,0,0,26,0.0,0.0,1.0
control_hidden_unarmed,20,privileged_model_x_v1_s5,3,2,102,26,0.5,0.5,0.5,26,0,26,0,0.5,0,0,26,0.0,0.0,1.0
control_hidden_unarmed,20,privileged_model_x_v1_s5,3,3,103,25,0.5,0.5,0.5,25,0,25,0,0.5,0,0,25,0.0,0.0,1.0
control_hidden_unarmed,20,privileged_model_x_v1_s5,3,4,103,25,0.5,0.5,0.5,25,0,25,0,0.5,0,0,25,0.0,0.0,1.0
control_hidden_unarmed,20,privileged_model_x_v1_s5,4,0,102,26,0.5,0.5,0.5,26,0,26,0,0.5,0,0,26,0.0,0.0,1.0
control_hidden_unarmed,20,privileged_model_x_v1_s5,4,1,102,26,0.5,0.5,0.5,26,0,26,0,0.5,0,0,26,0.0,0.0,1.0
control_hidden_unarmed,20,privileged_model_x_v1_s5,4,2,102,26,0.5,0.5,0.5,26,0,26,0,0.5,0,0,26,0.0,0.0,1.0
control_hidden_unarmed,20,privileged_model_x_v1_s5,4,3,103,25,0.5,0.5,0.5,25,0,25,0,0.5,0,0,25,0.0,0.0,1.0
control_hidden_unarmed,20,privileged_model_x_v1_s5,4,4,103,25,0.5,0.5,0.5,25,0,25,0,0.5,0,0,25,0.0,0.0,1.0
control_hidden_unarmed,20,xy_history_s10,0,0,102,26,0.5,0.5,0.5,26,0,26,0,0.5,0,0,26,0.0,0.0,1.0
control_hidden_unarmed,20,xy_history_s10,0,1,102,26,0.5,0.5,0.5,26,0,26,0,0.5,0,0,26,0.0,0.0,1.0
control_hidden_unarmed,20,xy_history_s10,0,2,102,26,0.5,0.5,0.5,26,0,26,0,0.5,0,0,26,0.0,0.0,1.0
control_hidden_unarmed,20,xy_history_s10,0,3,103,25,0.5,0.5,0.5,25,0,25,0,0.5,0,0,25,0.0,0.0,1.0
control_hidden_unarmed,20,xy_history_s10,0,4,103,25,0.5,0.5,0.5,25,0,25,0,0.5,0,0,25,0.0,0.0,1.0
control_hidden_unarmed,20,xy_history_s10,1,0,102,26,0.5,0.5,0.5,26,0,26,0,0.5,0,0,26,0.0,0.0,1.0
control_hidden_unarmed,20,xy_history_s10,1,1,102,26,0.5,0.5,0.5,26,0,26,0,0.5,0,0,26,0.0,0.0,1.0
control_hidden_unarmed,20,xy_history_s10,1,2,102,26,0.5,0.5,0.5,26,0,26,0,0.5,0,0,26,0.0,0.0,1.0
control_hidden_unarmed,20,xy_history_s10,1,3,103,25,0.5,0.5,0.5,25,0,25,0,0.5,0,0,25,0.0,0.0,1.0
control_hidden_unarmed,20,xy_history_s10,1,4,103,25,0.5,0.5,0.5,25,0,25,0,0.5,0,0,25,0.0,0.0,1.0
control_hidden_unarmed,20,xy_history_s10,2,0,102,26,0.5,0.5,0.5,26,0,26,0,0.5,0,0,26,0.0,0.0,1.0
control_hidden_unarmed,20,xy_history_s10,2,1,102,26,0.5,0.5,0.5,26,0,26,0,0.5,0,0,26,0.0,0.0,1.0
control_hidden_unarmed,20,xy_history_s10,2,2,102,26,0.5,0.5,0.5,26,0,26,0,0.5,0,0,26,0.0,0.0,1.0
control_hidden_unarmed,20,xy_history_s10,2,3,103,25,0.5,0.5,0.5,25,0,25,0,0.5,0,0,25,0.0,0.0,1.0
control_hidden_unarmed,20,xy_history_s10,2,4,103,25,0.5,0.5,0.5,25,0,25,0,0.5,0,0,25,0.0,0.0,1.0
control_hidden_unarmed,20,xy_history_s10,3,0,102,26,0.5,0.5,0.5,26,0,26,0,0.5,0,0,26,0.0,0.0,1.0
control_hidden_unarmed,20,xy_history_s10,3,1,102,26,0.5,0.5,0.5,26,0,26,0,0.5,0,0,26,0.0,0.0,1.0
control_hidden_unarmed,20,xy_history_s10,3,2,102,26,0.5,0.5,0.5,26,0,26,0,0.5,0,0,26,0.0,0.0,1.0
control_hidden_unarmed,20,xy_history_s10,3,3,103,25,0.5,0.5,0.5,25,0,25,0,0.5,0,0,25,0.0,0.0,1.0
control_hidden_unarmed,20,xy_history_s10,3,4,103,25,0.5,0.5,0.5,25,0,25,0,0.5,0,0,25,0.0,0.0,1.0
control_hidden_unarmed,20,xy_history_s10,4,0,102,26,0.5,0.5,0.5,26,0,26,0,0.5,0,0,26,0.0,0.0,1.0
control_hidden_unarmed,20,xy_history_s10,4,1,102,26,0.5,0.5,0.5,26,0,26,0,0.5,0,0,26,0.0,0.0,1.0
control_hidden_unarmed,20,xy_history_s10,4,2,102,26,0.5,0.5,0.5,26,0,26,0,0.5,0,0,26,0.0,0.0,1.0
control_hidden_unarmed,20,xy_history_s10,4,3,103,25,0.5,0.5,0.5,25,0,25,0,0.5,0,0,25,0.0,0.0,1.0
control_hidden_unarmed,20,xy_history_s10,4,4,103,25,0.5,0.5,0.5,25,0,25,0,0.5,0,0,25,0.0,0.0,1.0
control_hidden_unarmed,20,position_proprio_history_s10,0,0,102,26,0.5,0.5,0.5,26,0,26,0,0.5,0,0,26,0.0,0.0,1.0
control_hidden_unarmed,20,position_proprio_history_s10,0,1,102,26,0.5,0.5,0.5,26,0,26,0,0.5,0,0,26,0.0,0.0,1.0
control_hidden_unarmed,20,position_proprio_history_s10,0,2,102,26,0.5,0.5,0.5,26,0,26,0,0.5,0,0,26,0.0,0.0,1.0
control_hidden_unarmed,20,position_proprio_history_s10,0,3,103,25,0.5,0.5,0.5,25,0,25,0,0.5,0,0,25,0.0,0.0,1.0
control_hidden_unarmed,20,position_proprio_history_s10,0,4,103,25,0.5,0.5,0.5,25,0,25,0,0.5,0,0,25,0.0,0.0,1.0
control_hidden_unarmed,20,position_proprio_history_s10,1,0,102,26,0.5,0.5,0.5,26,0,26,0,0.5,0,0,26,0.0,0.0,1.0
control_hidden_unarmed,20,position_proprio_history_s10,1,1,102,26,0.5,0.5,0.5,26,0,26,0,0.5,0,0,26,0.0,0.0,1.0
control_hidden_unarmed,20,position_proprio_history_s10,1,2,102,26,0.5,0.5,0.5,26,0,26,0,0.5,0,0,26,0.0,0.0,1.0
control_hidden_unarmed,20,position_proprio_history_s10,1,3,103,25,0.5,0.5,0.5,25,0,25,0,0.5,0,0,25,0.0,0.0,1.0
control_hidden_unarmed,20,position_proprio_history_s10,1,4,103,25,0.5,0.5,0.5,25,0,25,0,0.5,0,0,25,0.0,0.0,1.0
control_hidden_unarmed,20,position_proprio_history_s10,2,0,102,26,0.5,0.5,0.5,26,0,26,0,0.5,0,0,26,0.0,0.0,1.0
control_hidden_unarmed,20,position_proprio_history_s10,2,1,102,26,0.5,0.5,0.5,26,0,26,0,0.5,0,0,26,0.0,0.0,1.0
control_hidden_unarmed,20,position_proprio_history_s10,2,2,102,26,0.5,0.5,0.5,26,0,26,0,0.5,0,0,26,0.0,0.0,1.0
control_hidden_unarmed,20,position_proprio_history_s10,2,3,103,25,0.5,0.5,0.5,25,0,25,0,0.5,0,0,25,0.0,0.0,1.0
control_hidden_unarmed,20,position_proprio_history_s10,2,4,103,25,0.5,0.5,0.5,25,0,25,0,0.5,0,0,25,0.0,0.0,1.0
control_hidden_unarmed,20,position_proprio_history_s10,3,0,102,26,0.5,0.5,0.5,26,0,26,0,0.5,0,0,26,0.0,0.0,1.0
control_hidden_unarmed,20,position_proprio_history_s10,3,1,102,26,0.5,0.5,0.5,26,0,26,0,0.5,0,0,26,0.0,0.0,1.0
control_hidden_unarmed,20,position_proprio_history_s10,3,2,102,26,0.5,0.5,0.5,26,0,26,0,0.5,0,0,26,0.0,0.0,1.0
control_hidden_unarmed,20,position_proprio_history_s10,3,3,103,25,0.5,0.5,0.5,25,0,25,0,0.5,0,0,25,0.0,0.0,1.0
control_hidden_unarmed,20,position_proprio_history_s10,3,4,103,25,0.5,0.5,0.5,25,0,25,0,0.5,0,0,25,0.0,0.0,1.0
control_hidden_unarmed,20,position_proprio_history_s10,4,0,102,26,0.5,0.5,0.5,26,0,26,0,0.5,0,0,26,0.0,0.0,1.0
control_hidden_unarmed,20,position_proprio_history_s10,4,1,102,26,0.5,0.5,0.5,26,0,26,0,0.5,0,0,26,0.0,0.0,1.0
control_hidden_unarmed,20,position_proprio_history_s10,4,2,102,26,0.5,0.5,0.5,26,0,26,0,0.5,0,0,26,0.0,0.0,1.0
control_hidden_unarmed,20,position_proprio_history_s10,4,3,103,25,0.5,0.5,0.5,25,0,25,0,0.5,0,0,25,0.0,0.0,1.0
control_hidden_unarmed,20,position_proprio_history_s10,4,4,103,25,0.5,0.5,0.5,25,0,25,0,0.5,0,0,25,0.0,0.0,1.0
control_hidden_unarmed,20,causal_fd_history_s10,0,0,102,26,0.5,0.5,0.5,26,0,26,0,0.5,0,0,26,0.0,0.0,1.0
control_hidden_unarmed,20,causal_fd_history_s10,0,1,102,26,0.5,0.5,0.5,26,0,26,0,0.5,0,0,26,0.0,0.0,1.0
control_hidden_unarmed,20,causal_fd_history_s10,0,2,102,26,0.5,0.5,0.5,26,0,26,0,0.5,0,0,26,0.0,0.0,1.0
control_hidden_unarmed,20,causal_fd_history_s10,0,3,103,25,0.5,0.5,0.5,25,0,25,0,0.5,0,0,25,0.0,0.0,1.0
control_hidden_unarmed,20,causal_fd_history_s10,0,4,103,25,0.5,0.5,0.5,25,0,25,0,0.5,0,0,25,0.0,0.0,1.0
control_hidden_unarmed,20,causal_fd_history_s10,1,0,102,26,0.5,0.5,0.5,26,0,26,0,0.5,0,0,26,0.0,0.0,1.0
control_hidden_unarmed,20,causal_fd_history_s10,1,1,102,26,0.5,0.5,0.5,26,0,26,0,0.5,0,0,26,0.0,0.0,1.0
control_hidden_unarmed,20,causal_fd_history_s10,1,2,102,26,0.5,0.5,0.5,26,0,26,0,0.5,0,0,26,0.0,0.0,1.0
control_hidden_unarmed,20,causal_fd_history_s10,1,3,103,25,0.5,0.5,0.5,25,0,25,0,0.5,0,0,25,0.0,0.0,1.0
control_hidden_unarmed,20,causal_fd_history_s10,1,4,103,25,0.5,0.5,0.5,25,0,25,0,0.5,0,0,25,0.0,0.0,1.0
control_hidden_unarmed,20,causal_fd_history_s10,2,0,102,26,0.5,0.5,0.5,26,0,26,0,0.5,0,0,26,0.0,0.0,1.0
control_hidden_unarmed,20,causal_fd_history_s10,2,1,102,26,0.5,0.5,0.5,26,0,26,0,0.5,0,0,26,0.0,0.0,1.0
control_hidden_unarmed,20,causal_fd_history_s10,2,2,102,26,0.5,0.5,0.5,26,0,26,0,0.5,0,0,26,0.0,0.0,1.0
control_hidden_unarmed,20,causal_fd_history_s10,2,3,103,25,0.5,0.5,0.5,25,0,25,0,0.5,0,0,25,0.0,0.0,1.0
control_hidden_unarmed,20,causal_fd_history_s10,2,4,103,25,0.5,0.5,0.5,25,0,25,0,0.5,0,0,25,0.0,0.0,1.0
control_hidden_unarmed,20,causal_fd_history_s10,3,0,102,26,0.5,0.5,0.5,26,0,26,0,0.5,0,0,26,0.0,0.0,1.0
control_hidden_unarmed,20,causal_fd_history_s10,3,1,102,26,0.5,0.5,0.5,26,0,26,0,0.5,0,0,26,0.0,0.0,1.0
control_hidden_unarmed,20,causal_fd_history_s10,3,2,102,26,0.5,0.5,0.5,26,0,26,0,0.5,0,0,26,0.0,0.0,1.0
control_hidden_unarmed,20,causal_fd_history_s10,3,3,103,25,0.5,0.5,0.5,25,0,25,0,0.5,0,0,25,0.0,0.0,1.0
control_hidden_unarmed,20,causal_fd_history_s10,3,4,103,25,0.5,0.5,0.5,25,0,25,0,0.5,0,0,25,0.0,0.0,1.0
control_hidden_unarmed,20,causal_fd_history_s10,4,0,102,26,0.5,0.5,0.5,26,0,26,0,0.5,0,0,26,0.0,0.0,1.0
control_hidden_unarmed,20,causal_fd_history_s10,4,1,102,26,0.5,0.5,0.5,26,0,26,0,0.5,0,0,26,0.0,0.0,1.0
control_hidden_unarmed,20,causal_fd_history_s10,4,2,102,26,0.5,0.5,0.5,26,0,26,0,0.5,0,0,26,0.0,0.0,1.0
control_hidden_unarmed,20,causal_fd_history_s10,4,3,103,25,0.5,0.5,0.5,25,0,25,0,0.5,0,0,25,0.0,0.0,1.0
control_hidden_unarmed,20,causal_fd_history_s10,4,4,103,25,0.5,0.5,0.5,25,0,25,0,0.5,0,0,25,0.0,0.0,1.0
control_hidden_unarmed,20,model_x_v2_s10,0,0,102,26,0.5,0.5,0.5,26,0,26,0,0.5,0,0,26,0.0,0.0,1.0
control_hidden_unarmed,20,model_x_v2_s10,0,1,102,26,0.5,0.5,0.5,26,0,26,0,0.5,0,0,26,0.0,0.0,1.0
control_hidden_unarmed,20,model_x_v2_s10,0,2,102,26,0.5,0.5,0.5,26,0,26,0,0.5,0,0,26,0.0,0.0,1.0
control_hidden_unarmed,20,model_x_v2_s10,0,3,103,25,0.5,0.5,0.5,25,0,25,0,0.5,0,0,25,0.0,0.0,1.0
control_hidden_unarmed,20,model_x_v2_s10,0,4,103,25,0.5,0.5,0.5,25,0,25,0,0.5,0,0,25,0.0,0.0,1.0
control_hidden_unarmed,20,model_x_v2_s10,1,0,102,26,0.5,0.5,0.5,26,0,26,0,0.5,0,0,26,0.0,0.0,1.0
control_hidden_unarmed,20,model_x_v2_s10,1,1,102,26,0.5,0.5,0.5,26,0,26,0,0.5,0,0,26,0.0,0.0,1.0
control_hidden_unarmed,20,model_x_v2_s10,1,2,102,26,0.5,0.5,0.5,26,0,26,0,0.5,0,0,26,0.0,0.0,1.0
control_hidden_unarmed,20,model_x_v2_s10,1,3,103,25,0.5,0.5,0.5,25,0,25,0,0.5,0,0,25,0.0,0.0,1.0
control_hidden_unarmed,20,model_x_v2_s10,1,4,103,25,0.5,0.5,0.5,25,0,25,0,0.5,0,0,25,0.0,0.0,1.0
control_hidden_unarmed,20,model_x_v2_s10,2,0,102,26,0.5,0.5,0.5,26,0,26,0,0.5,0,0,26,0.0,0.0,1.0
control_hidden_unarmed,20,model_x_v2_s10,2,1,102,26,0.5,0.5,0.5,26,0,26,0,0.5,0,0,26,0.0,0.0,1.0
control_hidden_unarmed,20,model_x_v2_s10,2,2,102,26,0.5,0.5,0.5,26,0,26,0,0.5,0,0,26,0.0,0.0,1.0
control_hidden_unarmed,20,model_x_v2_s10,2,3,103,25,0.5,0.5,0.5,25,0,25,0,0.5,0,0,25,0.0,0.0,1.0
control_hidden_unarmed,20,model_x_v2_s10,2,4,103,25,0.5,0.5,0.5,25,0,25,0,0.5,0,0,25,0.0,0.0,1.0
control_hidden_unarmed,20,model_x_v2_s10,3,0,102,26,0.5,0.5,0.5,26,0,26,0,0.5,0,0,26,0.0,0.0,1.0
control_hidden_unarmed,20,model_x_v2_s10,3,1,102,26,0.5,0.5,0.5,26,0,26,0,0.5,0,0,26,0.0,0.0,1.0
control_hidden_unarmed,20,model_x_v2_s10,3,2,102,26,0.5,0.5,0.5,26,0,26,0,0.5,0,0,26,0.0,0.0,1.0
control_hidden_unarmed,20,model_x_v2_s10,3,3,103,25,0.5,0.5,0.5,25,0,25,0,0.5,0,0,25,0.0,0.0,1.0
control_hidden_unarmed,20,model_x_v2_s10,3,4,103,25,0.5,0.5,0.5,25,0,25,0,0.5,0,0,25,0.0,0.0,1.0
control_hidden_unarmed,20,model_x_v2_s10,4,0,102,26,0.5,0.5,0.5,26,0,26,0,0.5,0,0,26,0.0,0.0,1.0
control_hidden_unarmed,20,model_x_v2_s10,4,1,102,26,0.5,0.5,0.5,26,0,26,0,0.5,0,0,26,0.0,0.0,1.0
control_hidden_unarmed,20,model_x_v2_s10,4,2,102,26,0.5,0.5,0.5,26,0,26,0,0.5,0,0,26,0.0,0.0,1.0
control_hidden_unarmed,20,model_x_v2_s10,4,3,103,25,0.5,0.5,0.5,25,0,25,0,0.5,0,0,25,0.0,0.0,1.0
control_hidden_unarmed,20,model_x_v2_s10,4,4,103,25,0.5,0.5,0.5,25,0,25,0,0.5,0,0,25,0.0,0.0,1.0
control_hidden_unarmed,20,privileged_model_x_v1_s10,0,0,102,26,0.5,0.5,0.5,26,0,26,0,0.5,0,0,26,0.0,0.0,1.0
control_hidden_unarmed,20,privileged_model_x_v1_s10,0,1,102,26,0.5,0.5,0.5,26,0,26,0,0.5,0,0,26,0.0,0.0,1.0
control_hidden_unarmed,20,privileged_model_x_v1_s10,0,2,102,26,0.5,0.5,0.5,26,0,26,0,0.5,0,0,26,0.0,0.0,1.0
control_hidden_unarmed,20,privileged_model_x_v1_s10,0,3,103,25,0.5,0.5,0.5,25,0,25,0,0.5,0,0,25,0.0,0.0,1.0
control_hidden_unarmed,20,privileged_model_x_v1_s10,0,4,103,25,0.5,0.5,0.5,25,0,25,0,0.5,0,0,25,0.0,0.0,1.0
control_hidden_unarmed,20,privileged_model_x_v1_s10,1,0,102,26,0.5,0.5,0.5,26,0,26,0,0.5,0,0,26,0.0,0.0,1.0
control_hidden_unarmed,20,privileged_model_x_v1_s10,1,1,102,26,0.5,0.5,0.5,26,0,26,0,0.5,0,0,26,0.0,0.0,1.0
control_hidden_unarmed,20,privileged_model_x_v1_s10,1,2,102,26,0.5,0.5,0.5,26,0,26,0,0.5,0,0,26,0.0,0.0,1.0
control_hidden_unarmed,20,privileged_model_x_v1_s10,1,3,103,25,0.5,0.5,0.5,25,0,25,0,0.5,0,0,25,0.0,0.0,1.0
control_hidden_unarmed,20,privileged_model_x_v1_s10,1,4,103,25,0.5,0.5,0.5,25,0,25,0,0.5,0,0,25,0.0,0.0,1.0
control_hidden_unarmed,20,privileged_model_x_v1_s10,2,0,102,26,0.5,0.5,0.5,26,0,26,0,0.5,0,0,26,0.0,0.0,1.0
control_hidden_unarmed,20,privileged_model_x_v1_s10,2,1,102,26,0.5,0.5,0.5,26,0,26,0,0.5,0,0,26,0.0,0.0,1.0
control_hidden_unarmed,20,privileged_model_x_v1_s10,2,2,102,26,0.5,0.5,0.5,26,0,26,0,0.5,0,0,26,0.0,0.0,1.0
control_hidden_unarmed,20,privileged_model_x_v1_s10,2,3,103,25,0.5,0.5,0.5,25,0,25,0,0.5,0,0,25,0.0,0.0,1.0
control_hidden_unarmed,20,privileged_model_x_v1_s10,2,4,103,25,0.5,0.5,0.5,25,0,25,0,0.5,0,0,25,0.0,0.0,1.0
control_hidden_unarmed,20,privileged_model_x_v1_s10,3,0,102,26,0.5,0.5,0.5,26,0,26,0,0.5,0,0,26,0.0,0.0,1.0
control_hidden_unarmed,20,privileged_model_x_v1_s10,3,1,102,26,0.5,0.5,0.5,26,0,26,0,0.5,0,0,26,0.0,0.0,1.0
control_hidden_unarmed,20,privileged_model_x_v1_s10,3,2,102,26,0.5,0.5,0.5,26,0,26,0,0.5,0,0,26,0.0,0.0,1.0
control_hidden_unarmed,20,privileged_model_x_v1_s10,3,3,103,25,0.5,0.5,0.5,25,0,25,0,0.5,0,0,25,0.0,0.0,1.0
control_hidden_unarmed,20,privileged_model_x_v1_s10,3,4,103,25,0.5,0.5,0.5,25,0,25,0,0.5,0,0,25,0.0,0.0,1.0
control_hidden_unarmed,20,privileged_model_x_v1_s10,4,0,102,26,0.5,0.5,0.5,26,0,26,0,0.5,0,0,26,0.0,0.0,1.0
control_hidden_unarmed,20,privileged_model_x_v1_s10,4,1,102,26,0.5,0.5,0.5,26,0,26,0,0.5,0,0,26,0.0,0.0,1.0
control_hidden_unarmed,20,privileged_model_x_v1_s10,4,2,102,26,0.5,0.5,0.5,26,0,26,0,0.5,0,0,26,0.0,0.0,1.0
control_hidden_unarmed,20,privileged_model_x_v1_s10,4,3,103,25,0.5,0.5,0.5,25,0,25,0,0.5,0,0,25,0.0,0.0,1.0
control_hidden_unarmed,20,privileged_model_x_v1_s10,4,4,103,25,0.5,0.5,0.5,25,0,25,0,0.5,0,0,25,0.0,0.0,1.0
control_hidden_unarmed,20,model_x_v2_s5_noise_00025m,0,0,102,26,0.4230769230769231,0.4230769230769231,0.4289940828402367,11,11,15,15,0.4230769230769231,11,15,0,-0.07239819004524886,-0.019607843137254923,0.557197093963623
control_hidden_unarmed,20,model_x_v2_s5_noise_00025m,0,1,102,26,0.5,0.5,0.4718934911242604,13,13,13,13,0.46153846153846156,12,14,0,-0.028657616892911006,-0.0588235294117647,0.8450189828872681
control_hidden_unarmed,20,model_x_v2_s5_noise_00025m,0,2,102,26,0.5,0.5,0.492603550295858,13,13,13,13,0.5,13,13,0,-0.007541478129713423,-2.7755575615628914e-17,1.0
control_hidden_unarmed,20,model_x_v2_s5_noise_00025m,0,3,103,25,0.48,0.48,0.4384,12,12,13,13,0.24,6,19,0,-0.06285714285714285,-0.08163265306122447,0.01463329792022705
control_hidden_unarmed,20,model_x_v2_s5_noise_00025m,0,4,103,25,0.44,0.44,0.44,11,11,14,14,0.28,7,18,0,-0.06122448979591835,-0.08163265306122447,0.043285250663757324
control_hidden_unarmed,20,model_x_v2_s5_noise_00025m,1,0,102,26,0.5,0.5,0.4881656804733728,13,13,13,13,0.4230769230769231,11,15,0,-0.012066365007541482,-0.01960784313725493,0.557197093963623
control_hidden_unarmed,20,model_x_v2_s5_noise_00025m,1,1,102,26,0.46153846153846156,0.46153846153846156,0.4363905325443787,12,12,14,14,0.46153846153846156,12,14,0,-0.06485671191553545,-0.019607843137254943,0.8450189828872681
control_hidden_unarmed,20,model_x_v2_s5_noise_00025m,1,2,102,26,0.46153846153846156,0.46153846153846156,0.5,12,12,14,14,0.4230769230769231,11,15,0,-2.135044278125301e-18,-0.06862745098039214,0.557197093963623
control_hidden_unarmed,20,model_x_v2_s5_noise_00025m,1,3,103,25,0.44,0.44,0.4608,11,11,14,14,0.48,12,13,0,-0.04000000000000001,-0.020408163265306034,1.0
control_hidden_unarmed,20,model_x_v2_s5_noise_00025m,1,4,103,25,0.44,0.44,0.4544,11,11,14,14,0.36,9,16,0,-0.046530612244897955,-0.06122448979591835,0.2295229434967041
control_hidden_unarmed,20,model_x_v2_s5_noise_00025m,2,0,102,26,0.46153846153846156,0.46153846153846156,0.47041420118343197,12,12,14,14,0.4230769230769231,11,15,0,-0.030165912518853692,-0.04901960784313723,0.557197093963623
control_hidden_unarmed,20,model_x_v2_s5_noise_00025m,2,1,102,26,0.46153846153846156,0.46153846153846156,0.5133136094674556,12,12,14,14,0.5769230769230769,15,11,0,0.01357466063348418,0.019607843137254943,0.557197093963623
control_hidden_unarmed,20,model_x_v2_s5_noise_00025m,2,2,102,26,0.34615384615384615,0.34615384615384615,0.3831360946745562,9,9,17,17,0.38461538461538464,10,16,0,-0.11915535444947209,-0.06862745098039216,0.32693958282470703
control_hidden_unarmed,20,model_x_v2_s5_noise_00025m,2,3,103,25,0.4,0.4,0.4272,10,10,15,15,0.4,10,15,0,-0.0742857142857143,-0.020408163265306145,0.42435622215270996
control_hidden_unarmed,20,model_x_v2_s5_noise_00025m,2,4,103,25,0.48,0.48,0.4256,12,12,13,13,0.4,10,15,0,-0.07591836734693878,-0.14285714285714285,0.42435622215270996
control_hidden_unarmed,20,model_x_v2_s5_noise_00025m,3,0,102,26,0.4230769230769231,0.4230769230769231,0.44822485207100593,11,11,15,15,0.46153846153846156,12,14,0,-0.05279034690799397,-0.02941176470588236,0.8450189828872681
control_hidden_unarmed,20,model_x_v2_s5_noise_00025m,3,1,102,26,0.46153846153846156,0.46153846153846156,0.5162721893491125,12,12,14,14,0.5,13,13,0,0.016591251885369532,2.7755575615628914e-17,1.0
control_hidden_unarmed,20,model_x_v2_s5_noise_00025m,3,2,102,26,0.5,0.5,0.5044378698224852,13,13,13,13,0.5,13,13,0,0.004524886877828053,0.019607843137254916,1.0
control_hidden_unarmed,20,model_x_v2_s5_noise_00025m,3,3,103,25,0.4,0.4,0.42000000000000004,10,10,15,15,0.32,8,17,0,-0.0816326530612245,-0.08163265306122447,0.10775214433670044
control_hidden_unarmed,20,model_x_v2_s5_noise_00025m,3,4,103,25,0.48,0.48,0.4944,12,12,13,13,0.48,12,13,0,-0.00571428571428571,-0.020408163265306124,1.0
control_hidden_unarmed,20,model_x_v2_s5_noise_00025m,4,0,102,26,0.4230769230769231,0.4230769230769231,0.47041420118343197,11,11,15,15,0.38461538461538464,10,16,0,-0.0301659125188537,-0.019607843137254943,0.32693958282470703
control_hidden_unarmed,20,model_x_v2_s5_noise_00025m,4,1,102,26,0.4230769230769231,0.4230769230769231,0.41420118343195267,11,11,15,15,0.5,13,13,0,-0.08748114630467571,-0.05882352941176473,1.0
control_hidden_unarmed,20,model_x_v2_s5_noise_00025m,4,2,102,26,0.5,0.5,0.4896449704142012,13,13,13,13,0.46153846153846156,12,14,0,-0.010558069381598794,-0.02941176470588236,0.8450189828872681
control_hidden_unarmed,20,model_x_v2_s5_noise_00025m,4,3,103,25,0.52,0.52,0.4896,13,13,12,12,0.44,11,14,0,-0.010612244897959177,-0.020408163265306145,0.6900379657745361
control_hidden_unarmed,20,model_x_v2_s5_noise_00025m,4,4,103,25,0.48,0.48,0.4832,12,12,13,13,0.44,11,14,0,-0.01714285714285715,-0.12244897959183673,0.6900379657745361
control_hidden_unarmed,20,model_x_v2_s5_noise_0005m,0,0,102,26,0.46153846153846156,0.46153846153846156,0.4985207100591716,12,12,14,14,0.5,13,13,0,-0.0015082956259426879,3.469446951953614e-17,1.0
control_hidden_unarmed,20,model_x_v2_s5_noise_0005m,0,1,102,26,0.5,0.5,0.5340236686390533,13,13,13,13,0.5,13,13,0,0.034690799396681744,-2.7755575615628914e-17,1.0
control_hidden_unarmed,20,model_x_v2_s5_noise_0005m,0,2,102,26,0.5384615384615384,0.5384615384615384,0.5162721893491125,14,14,12,12,0.5,13,13,0,0.016591251885369532,0.019607843137254853,1.0
control_hidden_unarmed,20,model_x_v2_s5_noise_0005m,0,3,103,25,0.56,0.56,0.5472,14,14,11,11,0.44,11,14,0,0.04816326530612246,-0.04081632653061218,0.6900379657745361
control_hidden_unarmed,20,model_x_v2_s5_noise_0005m,0,4,103,25,0.56,0.56,0.4832,14,14,11,11,0.6,15,10,0,-0.017142857142857154,0.02040816326530612,0.42435622215270996
control_hidden_unarmed,20,model_x_v2_s5_noise_0005m,1,0,102,26,0.5384615384615384,0.5384615384615384,0.5414201183431953,14,14,12,12,0.5769230769230769,15,11,0,0.04223227752639517,0.049019607843137275,0.557197093963623
control_hidden_unarmed,20,model_x_v2_s5_noise_0005m,1,1,102,26,0.5,0.5,0.492603550295858,13,13,13,13,0.46153846153846156,12,14,0,-0.007541478129713419,-0.0392156862745098,0.8450189828872681
control_hidden_unarmed,20,model_x_v2_s5_noise_0005m,1,2,102,26,0.46153846153846156,0.46153846153846156,0.4985207100591716,12,12,14,14,0.5384615384615384,14,12,0,-0.0015082956259426896,0.02941176470588234,0.8450189828872681
control_hidden_unarmed,20,model_x_v2_s5_noise_0005m,1,3,103,25,0.52,0.52,0.5216,13,13,12,12,0.64,16,9,0,0.022040816326530606,0.061224489795918324,0.2295229434967041
control_hidden_unarmed,20,model_x_v2_s5_noise_0005m,1,4,103,25,0.48,0.48,0.4992,12,12,13,13,0.6,15,10,0,-0.0008163265306122525,0.06122448979591838,0.42435622215270996
control_hidden_unarmed,20,model_x_v2_s5_noise_0005m,2,0,102,26,0.5,0.5,0.5562130177514792,13,13,13,13,0.5384615384615384,14,12,0,0.057315233785822005,0.04901960784313726,0.8450189828872681
control_hidden_unarmed,20,model_x_v2_s5_noise_0005m,2,1,102,26,0.5,0.5,0.514792899408284,13,13,13,13,0.46153846153846156,12,14,0,0.015082956259426841,-0.01960784313725493,0.8450189828872681
control_hidden_unarmed,20,model_x_v2_s5_noise_0005m,2,2,102,26,0.46153846153846156,0.46153846153846156,0.5059171597633136,12,12,14,14,0.5,13,13,0,0.00603318250377075,2.7755575615628914e-17,1.0
control_hidden_unarmed,20,model_x_v2_s5_noise_0005m,2,3,103,25,0.44,0.44,0.4784,11,11,14,14,0.6,15,10,0,-0.022040816326530602,0.06122448979591838,0.42435622215270996
control_hidden_unarmed,20,model_x_v2_s5_noise_0005m,2,4,103,25,0.44,0.44,0.4832,11,11,14,14,0.52,13,12,0,-0.01714285714285714,0.020408163265306145,1.0
control_hidden_unarmed,20,model_x_v2_s5_noise_0005m,3,0,102,26,0.5,0.5,0.5295857988165681,13,13,13,13,0.5769230769230769,15,11,0,0.030165912518853703,0.03921568627450981,0.557197093963623
control_hidden_unarmed,20,model_x_v2_s5_noise_0005m,3,1,102,26,0.5769230769230769,0.5769230769230769,0.5813609467455622,15,15,11,11,0.6153846153846154,16,10,0,0.08295625942684767,0.06862745098039216,0.32693958282470703
control_hidden_unarmed,20,model_x_v2_s5_noise_0005m,3,2,102,26,0.46153846153846156,0.46153846153846156,0.4896449704142012,12,12,14,14,0.5769230769230769,15,11,0,-0.01055806938159881,0.07843137254901958,0.557197093963623
control_hidden_unarmed,20,model_x_v2_s5_noise_0005m,3,3,103,25,0.48,0.48,0.4976,12,12,13,13,0.56,14,11,0,-0.0024489795918367263,0.020408163265306124,0.6900379657745361
control_hidden_unarmed,20,model_x_v2_s5_noise_0005m,3,4,103,25,0.56,0.56,0.488,14,14,11,11,0.6,15,10,0,-0.012244897959183685,0.040816326530612235,0.42435622215270996
control_hidden_unarmed,20,model_x_v2_s5_noise_0005m,4,0,102,26,0.5384615384615384,0.5384615384615384,0.5961538461538461,14,14,12,12,0.6153846153846154,16,10,0,0.09803921568627451,0.196078431372549,0.32693958282470703
control_hidden_unarmed,20,model_x_v2_s5_noise_0005m,4,1,102,26,0.46153846153846156,0.46153846153846156,0.4319526627218935,12,12,14,14,0.34615384615384615,9,17,0,-0.0693815987933635,-0.05882352941176472,0.16863754391670227
control_hidden_unarmed,20,model_x_v2_s5_noise_0005m,4,2,102,26,0.5384615384615384,0.5384615384615384,0.5014792899408284,14,14,12,12,0.5,13,13,0,0.0015082956259426965,2.7755575615628914e-17,1.0
control_hidden_unarmed,20,model_x_v2_s5_noise_0005m,4,3,103,25,0.44,0.44,0.4656,11,11,14,14,0.4,10,15,0,-0.035102040816326535,-0.061224489795918324,0.42435622215270996
control_hidden_unarmed,20,model_x_v2_s5_noise_0005m,4,4,103,25,0.6,0.6,0.6112,15,15,10,10,0.8,20,5,0,0.11346938775510207,0.14285714285714285,0.004077315330505371
control_hidden_unarmed,20,model_x_v2_s5_noise_001m,0,0,102,26,0.5384615384615384,0.5384615384615384,0.5162721893491125,14,14,12,12,0.46153846153846156,12,14,0,0.016591251885369526,-0.029411764705882373,0.8450189828872681
control_hidden_unarmed,20,model_x_v2_s5_noise_001m,0,1,102,26,0.38461538461538464,0.38461538461538464,0.3801775147928994,10,10,16,16,0.4230769230769231,11,15,0,-0.12217194570135745,-0.2058823529411765,0.557197093963623
control_hidden_unarmed,20,model_x_v2_s5_noise_001m,0,2,102,26,0.5384615384615384,0.5384615384615384,0.591715976331361,14,14,12,12,0.6153846153846154,16,10,0,0.09351432880844644,0.20588235294117646,0.32693958282470703
control_hidden_unarmed,20,model_x_v2_s5_noise_001m,0,3,103,25,0.56,0.56,0.5568,14,14,11,11,0.56,14,11,0,0.057959183673469375,0.1224489795918367,0.6900379657745361
control_hidden_unarmed,20,model_x_v2_s5_noise_001m,0,4,103,25,0.56,0.56,0.5808,14,14,11,11,0.52,13,12,0,0.08244897959183672,0.020408163265306145,1.0
control_hidden_unarmed,20,model_x_v2_s5_noise_001m,1,0,102,26,0.6153846153846154,0.6153846153846154,0.6612426035502958,16,16,10,10,0.6538461538461539,17,9,0,0.16440422322775264,0.1568627450980392,0.16863754391670227
control_hidden_unarmed,20,model_x_v2_s5_noise_001m,1,1,102,26,0.5384615384615384,0.5384615384615384,0.5680473372781065,14,14,12,12,0.5,13,13,0,0.0693815987933635,0.029411764705882325,1.0
control_hidden_unarmed,20,model_x_v2_s5_noise_001m,1,2,102,26,0.5,0.5,0.522189349112426,13,13,13,13,0.5769230769230769,15,11,0,0.022624434389140267,0.029411764705882387,0.557197093963623
control_hidden_unarmed,20,model_x_v2_s5_noise_001m,1,3,103,25,0.32,0.32,0.3504,8,8,17,17,0.36,9,16,0,-0.15265306122448982,-0.20408163265306128,0.2295229434967041
control_hidden_unarmed,20,model_x_v2_s5_noise_001m,1,4,103,25,0.56,0.56,0.56,14,14,11,11,0.6,15,10,0,0.06122448979591837,0.08163265306122452,0.42435622215270996
control_hidden_unarmed,20,model_x_v2_s5_noise_001m,2,0,102,26,0.4230769230769231,0.4230769230769231,0.4393491124260355,11,11,15,15,0.34615384615384615,9,17,0,-0.061840120663650064,-0.08823529411764705,0.16863754391670227
control_hidden_unarmed,20,model_x_v2_s5_noise_001m,2,1,102,26,0.5769230769230769,0.5769230769230769,0.599112426035503,15,15,11,11,0.5,13,13,0,0.10105580693815987,0.009803921568627437,1.0
control_hidden_unarmed,20,model_x_v2_s5_noise_001m,2,2,102,26,0.5384615384615384,0.5384615384615384,0.5369822485207101,14,14,12,12,0.5769230769230769,15,11,0,0.03770739064856711,0.08823529411764704,0.557197093963623
control_hidden_unarmed,20,model_x_v2_s5_noise_001m,2,3,103,25,0.64,0.64,0.5984,16,16,9,9,0.68,17,8,0,0.10040816326530613,0.10204081632653067,0.10775214433670044
control_hidden_unarmed,20,model_x_v2_s5_noise_001m,2,4,103,25,0.44,0.44,0.4064,11,11,14,14,0.44,11,14,0,-0.09551020408163266,-0.061224489795918435,0.6900379657745361
control_hidden_unarmed,20,model_x_v2_s5_noise_001m,3,0,102,26,0.4230769230769231,0.4230769230769231,0.47041420118343197,11,11,15,15,0.5384615384615384,14,12,0,-0.030165912518853692,0.058823529411764754,0.8450189828872681
control_hidden_unarmed,20,model_x_v2_s5_noise_001m,3,1,102,26,0.46153846153846156,0.46153846153846156,0.3994082840236686,12,12,14,14,0.46153846153846156,12,14,0,-0.10256410256410255,-0.16666666666666669,0.8450189828872681
control_hidden_unarmed,20,model_x_v2_s5_noise_001m,3,2,102,26,0.6153846153846154,0.6153846153846154,0.6316568047337278,16,16,10,10,0.6923076923076923,18,8,0,0.13423831070889894,0.12745098039215688,0.07551869750022888
control_hidden_unarmed,20,model_x_v2_s5_noise_001m,3,3,103,25,0.4,0.4,0.4608,10,10,15,15,0.56,14,11,0,-0.04,0.020408163265306145,0.6900379657745361
control_hidden_unarmed,20,model_x_v2_s5_noise_001m,3,4,103,25,0.48,0.48,0.5488,12,12,13,13,0.48,12,13,0,0.04979591836734693,-0.04081632653061229,1.0
control_hidden_unarmed,20,model_x_v2_s5_noise_001m,4,0,102,26,0.38461538461538464,0.38461538461538464,0.4408284023668639,10,10,16,16,0.38461538461538464,10,16,0,-0.060331825037707384,-0.11764705882352944,0.32693958282470703
control_hidden_unarmed,20,model_x_v2_s5_noise_001m,4,1,102,26,0.4230769230769231,0.4230769230769231,0.4630177514792899,11,11,15,15,0.6153846153846154,16,10,0,-0.037707390648567124,0.06862745098039214,0.32693958282470703
control_hidden_unarmed,20,model_x_v2_s5_noise_001m,4,2,102,26,0.46153846153846156,0.46153846153846156,0.507396449704142,12,12,14,14,0.5,13,13,0,0.007541478129713434,0.03921568627450982,1.0
control_hidden_unarmed,20,model_x_v2_s5_noise_001m,4,3,103,25,0.52,0.52,0.5168,13,13,12,12,0.4,10,15,0,0.017142857142857154,-0.10204081632653059,0.42435622215270996
control_hidden_unarmed,20,model_x_v2_s5_noise_001m,4,4,103,25,0.44,0.44,0.448,11,11,14,14,0.4,10,15,0,-0.05306122448979593,-0.06122448979591838,0.42435622215270996
control_horizon0,0,xy_single,0,0,102,26,0.5,0.5,0.5,26,0,26,0,0.5,0,0,26,0.0,0.0,1.0
control_horizon0,0,xy_single,0,1,102,26,0.5,0.5,0.5,26,0,26,0,0.5,0,0,26,0.0,0.0,1.0
control_horizon0,0,xy_single,0,2,102,26,0.5,0.5,0.5,26,0,26,0,0.5,0,0,26,0.0,0.0,1.0
control_horizon0,0,xy_single,0,3,103,25,0.5,0.5,0.5,25,0,25,0,0.5,0,0,25,0.0,0.0,1.0
control_horizon0,0,xy_single,0,4,103,25,0.5,0.5,0.5,25,0,25,0,0.5,0,0,25,0.0,0.0,1.0
control_horizon0,0,xy_single,1,0,102,26,0.5,0.5,0.5,26,0,26,0,0.5,0,0,26,0.0,0.0,1.0
control_horizon0,0,xy_single,1,1,102,26,0.5,0.5,0.5,26,0,26,0,0.5,0,0,26,0.0,0.0,1.0
control_horizon0,0,xy_single,1,2,102,26,0.5,0.5,0.5,26,0,26,0,0.5,0,0,26,0.0,0.0,1.0
control_horizon0,0,xy_single,1,3,103,25,0.5,0.5,0.5,25,0,25,0,0.5,0,0,25,0.0,0.0,1.0
control_horizon0,0,xy_single,1,4,103,25,0.5,0.5,0.5,25,0,25,0,0.5,0,0,25,0.0,0.0,1.0
control_horizon0,0,xy_single,2,0,102,26,0.5,0.5,0.5,26,0,26,0,0.5,0,0,26,0.0,0.0,1.0
control_horizon0,0,xy_single,2,1,102,26,0.5,0.5,0.5,26,0,26,0,0.5,0,0,26,0.0,0.0,1.0
control_horizon0,0,xy_single,2,2,102,26,0.5,0.5,0.5,26,0,26,0,0.5,0,0,26,0.0,0.0,1.0
control_horizon0,0,xy_single,2,3,103,25,0.5,0.5,0.5,25,0,25,0,0.5,0,0,25,0.0,0.0,1.0
control_horizon0,0,xy_single,2,4,103,25,0.5,0.5,0.5,25,0,25,0,0.5,0,0,25,0.0,0.0,1.0
control_horizon0,0,xy_single,3,0,102,26,0.5,0.5,0.5,26,0,26,0,0.5,0,0,26,0.0,0.0,1.0
control_horizon0,0,xy_single,3,1,102,26,0.5,0.5,0.5,26,0,26,0,0.5,0,0,26,0.0,0.0,1.0
control_horizon0,0,xy_single,3,2,102,26,0.5,0.5,0.5,26,0,26,0,0.5,0,0,26,0.0,0.0,1.0
control_horizon0,0,xy_single,3,3,103,25,0.5,0.5,0.5,25,0,25,0,0.5,0,0,25,0.0,0.0,1.0
control_horizon0,0,xy_single,3,4,103,25,0.5,0.5,0.5,25,0,25,0,0.5,0,0,25,0.0,0.0,1.0
control_horizon0,0,xy_single,4,0,102,26,0.5,0.5,0.5,26,0,26,0,0.5,0,0,26,0.0,0.0,1.0
control_horizon0,0,xy_single,4,1,102,26,0.5,0.5,0.5,26,0,26,0,0.5,0,0,26,0.0,0.0,1.0
control_horizon0,0,xy_single,4,2,102,26,0.5,0.5,0.5,26,0,26,0,0.5,0,0,26,0.0,0.0,1.0
control_horizon0,0,xy_single,4,3,103,25,0.5,0.5,0.5,25,0,25,0,0.5,0,0,25,0.0,0.0,1.0
control_horizon0,0,xy_single,4,4,103,25,0.5,0.5,0.5,25,0,25,0,0.5,0,0,25,0.0,0.0,1.0
control_horizon0,0,sim_velocity_only,0,0,102,26,0.5,0.5,0.5,26,0,26,0,0.5,0,0,26,0.0,0.0,1.0
control_horizon0,0,sim_velocity_only,0,1,102,26,0.5,0.5,0.5,26,0,26,0,0.5,0,0,26,0.0,0.0,1.0
control_horizon0,0,sim_velocity_only,0,2,102,26,0.5,0.5,0.5,26,0,26,0,0.5,0,0,26,0.0,0.0,1.0
control_horizon0,0,sim_velocity_only,0,3,103,25,0.5,0.5,0.5,25,0,25,0,0.5,0,0,25,0.0,0.0,1.0
control_horizon0,0,sim_velocity_only,0,4,103,25,0.5,0.5,0.5,25,0,25,0,0.5,0,0,25,0.0,0.0,1.0
control_horizon0,0,sim_velocity_only,1,0,102,26,0.5,0.5,0.5,26,0,26,0,0.5,0,0,26,0.0,0.0,1.0
control_horizon0,0,sim_velocity_only,1,1,102,26,0.5,0.5,0.5,26,0,26,0,0.5,0,0,26,0.0,0.0,1.0
control_horizon0,0,sim_velocity_only,1,2,102,26,0.5,0.5,0.5,26,0,26,0,0.5,0,0,26,0.0,0.0,1.0
control_horizon0,0,sim_velocity_only,1,3,103,25,0.5,0.5,0.5,25,0,25,0,0.5,0,0,25,0.0,0.0,1.0
control_horizon0,0,sim_velocity_only,1,4,103,25,0.5,0.5,0.5,25,0,25,0,0.5,0,0,25,0.0,0.0,1.0
control_horizon0,0,sim_velocity_only,2,0,102,26,0.5,0.5,0.5,26,0,26,0,0.5,0,0,26,0.0,0.0,1.0
control_horizon0,0,sim_velocity_only,2,1,102,26,0.5,0.5,0.5,26,0,26,0,0.5,0,0,26,0.0,0.0,1.0
control_horizon0,0,sim_velocity_only,2,2,102,26,0.5,0.5,0.5,26,0,26,0,0.5,0,0,26,0.0,0.0,1.0
control_horizon0,0,sim_velocity_only,2,3,103,25,0.5,0.5,0.5,25,0,25,0,0.5,0,0,25,0.0,0.0,1.0
control_horizon0,0,sim_velocity_only,2,4,103,25,0.5,0.5,0.5,25,0,25,0,0.5,0,0,25,0.0,0.0,1.0
control_horizon0,0,sim_velocity_only,3,0,102,26,0.5,0.5,0.5,26,0,26,0,0.5,0,0,26,0.0,0.0,1.0
control_horizon0,0,sim_velocity_only,3,1,102,26,0.5,0.5,0.5,26,0,26,0,0.5,0,0,26,0.0,0.0,1.0
control_horizon0,0,sim_velocity_only,3,2,102,26,0.5,0.5,0.5,26,0,26,0,0.5,0,0,26,0.0,0.0,1.0
control_horizon0,0,sim_velocity_only,3,3,103,25,0.5,0.5,0.5,25,0,25,0,0.5,0,0,25,0.0,0.0,1.0
control_horizon0,0,sim_velocity_only,3,4,103,25,0.5,0.5,0.5,25,0,25,0,0.5,0,0,25,0.0,0.0,1.0
control_horizon0,0,sim_velocity_only,4,0,102,26,0.5,0.5,0.5,26,0,26,0,0.5,0,0,26,0.0,0.0,1.0
control_horizon0,0,sim_velocity_only,4,1,102,26,0.5,0.5,0.5,26,0,26,0,0.5,0,0,26,0.0,0.0,1.0
control_horizon0,0,sim_velocity_only,4,2,102,26,0.5,0.5,0.5,26,0,26,0,0.5,0,0,26,0.0,0.0,1.0
control_horizon0,0,sim_velocity_only,4,3,103,25,0.5,0.5,0.5,25,0,25,0,0.5,0,0,25,0.0,0.0,1.0
control_horizon0,0,sim_velocity_only,4,4,103,25,0.5,0.5,0.5,25,0,25,0,0.5,0,0,25,0.0,0.0,1.0
control_horizon0,0,xy_sim_velocity,0,0,102,26,0.5,0.5,0.5,26,0,26,0,0.5,0,0,26,0.0,0.0,1.0
control_horizon0,0,xy_sim_velocity,0,1,102,26,0.5,0.5,0.5,26,0,26,0,0.5,0,0,26,0.0,0.0,1.0
control_horizon0,0,xy_sim_velocity,0,2,102,26,0.5,0.5,0.5,26,0,26,0,0.5,0,0,26,0.0,0.0,1.0
control_horizon0,0,xy_sim_velocity,0,3,103,25,0.5,0.5,0.5,25,0,25,0,0.5,0,0,25,0.0,0.0,1.0
control_horizon0,0,xy_sim_velocity,0,4,103,25,0.5,0.5,0.5,25,0,25,0,0.5,0,0,25,0.0,0.0,1.0
control_horizon0,0,xy_sim_velocity,1,0,102,26,0.5,0.5,0.5,26,0,26,0,0.5,0,0,26,0.0,0.0,1.0
control_horizon0,0,xy_sim_velocity,1,1,102,26,0.5,0.5,0.5,26,0,26,0,0.5,0,0,26,0.0,0.0,1.0
control_horizon0,0,xy_sim_velocity,1,2,102,26,0.5,0.5,0.5,26,0,26,0,0.5,0,0,26,0.0,0.0,1.0
control_horizon0,0,xy_sim_velocity,1,3,103,25,0.5,0.5,0.5,25,0,25,0,0.5,0,0,25,0.0,0.0,1.0
control_horizon0,0,xy_sim_velocity,1,4,103,25,0.5,0.5,0.5,25,0,25,0,0.5,0,0,25,0.0,0.0,1.0
control_horizon0,0,xy_sim_velocity,2,0,102,26,0.5,0.5,0.5,26,0,26,0,0.5,0,0,26,0.0,0.0,1.0
control_horizon0,0,xy_sim_velocity,2,1,102,26,0.5,0.5,0.5,26,0,26,0,0.5,0,0,26,0.0,0.0,1.0
control_horizon0,0,xy_sim_velocity,2,2,102,26,0.5,0.5,0.5,26,0,26,0,0.5,0,0,26,0.0,0.0,1.0
control_horizon0,0,xy_sim_velocity,2,3,103,25,0.5,0.5,0.5,25,0,25,0,0.5,0,0,25,0.0,0.0,1.0
control_horizon0,0,xy_sim_velocity,2,4,103,25,0.5,0.5,0.5,25,0,25,0,0.5,0,0,25,0.0,0.0,1.0
control_horizon0,0,xy_sim_velocity,3,0,102,26,0.5,0.5,0.5,26,0,26,0,0.5,0,0,26,0.0,0.0,1.0
control_horizon0,0,xy_sim_velocity,3,1,102,26,0.5,0.5,0.5,26,0,26,0,0.5,0,0,26,0.0,0.0,1.0
control_horizon0,0,xy_sim_velocity,3,2,102,26,0.5,0.5,0.5,26,0,26,0,0.5,0,0,26,0.0,0.0,1.0
control_horizon0,0,xy_sim_velocity,3,3,103,25,0.5,0.5,0.5,25,0,25,0,0.5,0,0,25,0.0,0.0,1.0
control_horizon0,0,xy_sim_velocity,3,4,103,25,0.5,0.5,0.5,25,0,25,0,0.5,0,0,25,0.0,0.0,1.0
control_horizon0,0,xy_sim_velocity,4,0,102,26,0.5,0.5,0.5,26,0,26,0,0.5,0,0,26,0.0,0.0,1.0
control_horizon0,0,xy_sim_velocity,4,1,102,26,0.5,0.5,0.5,26,0,26,0,0.5,0,0,26,0.0,0.0,1.0
control_horizon0,0,xy_sim_velocity,4,2,102,26,0.5,0.5,0.5,26,0,26,0,0.5,0,0,26,0.0,0.0,1.0
control_horizon0,0,xy_sim_velocity,4,3,103,25,0.5,0.5,0.5,25,0,25,0,0.5,0,0,25,0.0,0.0,1.0
control_horizon0,0,xy_sim_velocity,4,4,103,25,0.5,0.5,0.5,25,0,25,0,0.5,0,0,25,0.0,0.0,1.0
control_horizon0,0,robot_only,0,0,102,26,0.5,0.5,0.5,26,0,26,0,0.5,0,0,26,0.0,0.0,1.0
control_horizon0,0,robot_only,0,1,102,26,0.5,0.5,0.5,26,0,26,0,0.5,0,0,26,0.0,0.0,1.0
control_horizon0,0,robot_only,0,2,102,26,0.5,0.5,0.5,26,0,26,0,0.5,0,0,26,0.0,0.0,1.0
control_horizon0,0,robot_only,0,3,103,25,0.5,0.5,0.5,25,0,25,0,0.5,0,0,25,0.0,0.0,1.0
control_horizon0,0,robot_only,0,4,103,25,0.5,0.5,0.5,25,0,25,0,0.5,0,0,25,0.0,0.0,1.0
control_horizon0,0,robot_only,1,0,102,26,0.5,0.5,0.5,26,0,26,0,0.5,0,0,26,0.0,0.0,1.0
control_horizon0,0,robot_only,1,1,102,26,0.5,0.5,0.5,26,0,26,0,0.5,0,0,26,0.0,0.0,1.0
control_horizon0,0,robot_only,1,2,102,26,0.5,0.5,0.5,26,0,26,0,0.5,0,0,26,0.0,0.0,1.0
control_horizon0,0,robot_only,1,3,103,25,0.5,0.5,0.5,25,0,25,0,0.5,0,0,25,0.0,0.0,1.0
control_horizon0,0,robot_only,1,4,103,25,0.5,0.5,0.5,25,0,25,0,0.5,0,0,25,0.0,0.0,1.0
control_horizon0,0,robot_only,2,0,102,26,0.5,0.5,0.5,26,0,26,0,0.5,0,0,26,0.0,0.0,1.0
control_horizon0,0,robot_only,2,1,102,26,0.5,0.5,0.5,26,0,26,0,0.5,0,0,26,0.0,0.0,1.0
control_horizon0,0,robot_only,2,2,102,26,0.5,0.5,0.5,26,0,26,0,0.5,0,0,26,0.0,0.0,1.0
control_horizon0,0,robot_only,2,3,103,25,0.5,0.5,0.5,25,0,25,0,0.5,0,0,25,0.0,0.0,1.0
control_horizon0,0,robot_only,2,4,103,25,0.5,0.5,0.5,25,0,25,0,0.5,0,0,25,0.0,0.0,1.0
control_horizon0,0,robot_only,3,0,102,26,0.5,0.5,0.5,26,0,26,0,0.5,0,0,26,0.0,0.0,1.0
control_horizon0,0,robot_only,3,1,102,26,0.5,0.5,0.5,26,0,26,0,0.5,0,0,26,0.0,0.0,1.0
control_horizon0,0,robot_only,3,2,102,26,0.5,0.5,0.5,26,0,26,0,0.5,0,0,26,0.0,0.0,1.0
control_horizon0,0,robot_only,3,3,103,25,0.5,0.5,0.5,25,0,25,0,0.5,0,0,25,0.0,0.0,1.0
control_horizon0,0,robot_only,3,4,103,25,0.5,0.5,0.5,25,0,25,0,0.5,0,0,25,0.0,0.0,1.0
control_horizon0,0,robot_only,4,0,102,26,0.5,0.5,0.5,26,0,26,0,0.5,0,0,26,0.0,0.0,1.0
control_horizon0,0,robot_only,4,1,102,26,0.5,0.5,0.5,26,0,26,0,0.5,0,0,26,0.0,0.0,1.0
control_horizon0,0,robot_only,4,2,102,26,0.5,0.5,0.5,26,0,26,0,0.5,0,0,26,0.0,0.0,1.0
control_horizon0,0,robot_only,4,3,103,25,0.5,0.5,0.5,25,0,25,0,0.5,0,0,25,0.0,0.0,1.0
control_horizon0,0,robot_only,4,4,103,25,0.5,0.5,0.5,25,0,25,0,0.5,0,0,25,0.0,0.0,1.0
control_horizon0,0,position_proprio_single,0,0,102,26,0.5,0.5,0.5,26,0,26,0,0.5,0,0,26,0.0,0.0,1.0
control_horizon0,0,position_proprio_single,0,1,102,26,0.5,0.5,0.5,26,0,26,0,0.5,0,0,26,0.0,0.0,1.0
control_horizon0,0,position_proprio_single,0,2,102,26,0.5,0.5,0.5,26,0,26,0,0.5,0,0,26,0.0,0.0,1.0
control_horizon0,0,position_proprio_single,0,3,103,25,0.5,0.5,0.5,25,0,25,0,0.5,0,0,25,0.0,0.0,1.0
control_horizon0,0,position_proprio_single,0,4,103,25,0.5,0.5,0.5,25,0,25,0,0.5,0,0,25,0.0,0.0,1.0
control_horizon0,0,position_proprio_single,1,0,102,26,0.5,0.5,0.5,26,0,26,0,0.5,0,0,26,0.0,0.0,1.0
control_horizon0,0,position_proprio_single,1,1,102,26,0.5,0.5,0.5,26,0,26,0,0.5,0,0,26,0.0,0.0,1.0
control_horizon0,0,position_proprio_single,1,2,102,26,0.5,0.5,0.5,26,0,26,0,0.5,0,0,26,0.0,0.0,1.0
control_horizon0,0,position_proprio_single,1,3,103,25,0.5,0.5,0.5,25,0,25,0,0.5,0,0,25,0.0,0.0,1.0
control_horizon0,0,position_proprio_single,1,4,103,25,0.5,0.5,0.5,25,0,25,0,0.5,0,0,25,0.0,0.0,1.0
control_horizon0,0,position_proprio_single,2,0,102,26,0.5,0.5,0.5,26,0,26,0,0.5,0,0,26,0.0,0.0,1.0
control_horizon0,0,position_proprio_single,2,1,102,26,0.5,0.5,0.5,26,0,26,0,0.5,0,0,26,0.0,0.0,1.0
control_horizon0,0,position_proprio_single,2,2,102,26,0.5,0.5,0.5,26,0,26,0,0.5,0,0,26,0.0,0.0,1.0
control_horizon0,0,position_proprio_single,2,3,103,25,0.5,0.5,0.5,25,0,25,0,0.5,0,0,25,0.0,0.0,1.0
control_horizon0,0,position_proprio_single,2,4,103,25,0.5,0.5,0.5,25,0,25,0,0.5,0,0,25,0.0,0.0,1.0
control_horizon0,0,position_proprio_single,3,0,102,26,0.5,0.5,0.5,26,0,26,0,0.5,0,0,26,0.0,0.0,1.0
control_horizon0,0,position_proprio_single,3,1,102,26,0.5,0.5,0.5,26,0,26,0,0.5,0,0,26,0.0,0.0,1.0
control_horizon0,0,position_proprio_single,3,2,102,26,0.5,0.5,0.5,26,0,26,0,0.5,0,0,26,0.0,0.0,1.0
control_horizon0,0,position_proprio_single,3,3,103,25,0.5,0.5,0.5,25,0,25,0,0.5,0,0,25,0.0,0.0,1.0
control_horizon0,0,position_proprio_single,3,4,103,25,0.5,0.5,0.5,25,0,25,0,0.5,0,0,25,0.0,0.0,1.0
control_horizon0,0,position_proprio_single,4,0,102,26,0.5,0.5,0.5,26,0,26,0,0.5,0,0,26,0.0,0.0,1.0
control_horizon0,0,position_proprio_single,4,1,102,26,0.5,0.5,0.5,26,0,26,0,0.5,0,0,26,0.0,0.0,1.0
control_horizon0,0,position_proprio_single,4,2,102,26,0.5,0.5,0.5,26,0,26,0,0.5,0,0,26,0.0,0.0,1.0
control_horizon0,0,position_proprio_single,4,3,103,25,0.5,0.5,0.5,25,0,25,0,0.5,0,0,25,0.0,0.0,1.0
control_horizon0,0,position_proprio_single,4,4,103,25,0.5,0.5,0.5,25,0,25,0,0.5,0,0,25,0.0,0.0,1.0
control_horizon0,0,xy_history_s1,0,0,102,26,0.5,0.5,0.5,26,0,26,0,0.5,0,0,26,0.0,0.0,1.0
control_horizon0,0,xy_history_s1,0,1,102,26,0.5,0.5,0.5,26,0,26,0,0.5,0,0,26,0.0,0.0,1.0
control_horizon0,0,xy_history_s1,0,2,102,26,0.5,0.5,0.5,26,0,26,0,0.5,0,0,26,0.0,0.0,1.0
control_horizon0,0,xy_history_s1,0,3,103,25,0.5,0.5,0.5,25,0,25,0,0.5,0,0,25,0.0,0.0,1.0
control_horizon0,0,xy_history_s1,0,4,103,25,0.5,0.5,0.5,25,0,25,0,0.5,0,0,25,0.0,0.0,1.0
control_horizon0,0,xy_history_s1,1,0,102,26,0.5,0.5,0.5,26,0,26,0,0.5,0,0,26,0.0,0.0,1.0
control_horizon0,0,xy_history_s1,1,1,102,26,0.5,0.5,0.5,26,0,26,0,0.5,0,0,26,0.0,0.0,1.0
control_horizon0,0,xy_history_s1,1,2,102,26,0.5,0.5,0.5,26,0,26,0,0.5,0,0,26,0.0,0.0,1.0
control_horizon0,0,xy_history_s1,1,3,103,25,0.5,0.5,0.5,25,0,25,0,0.5,0,0,25,0.0,0.0,1.0
control_horizon0,0,xy_history_s1,1,4,103,25,0.5,0.5,0.5,25,0,25,0,0.5,0,0,25,0.0,0.0,1.0
control_horizon0,0,xy_history_s1,2,0,102,26,0.5,0.5,0.5,26,0,26,0,0.5,0,0,26,0.0,0.0,1.0
control_horizon0,0,xy_history_s1,2,1,102,26,0.5,0.5,0.5,26,0,26,0,0.5,0,0,26,0.0,0.0,1.0
control_horizon0,0,xy_history_s1,2,2,102,26,0.5,0.5,0.5,26,0,26,0,0.5,0,0,26,0.0,0.0,1.0
control_horizon0,0,xy_history_s1,2,3,103,25,0.5,0.5,0.5,25,0,25,0,0.5,0,0,25,0.0,0.0,1.0
control_horizon0,0,xy_history_s1,2,4,103,25,0.5,0.5,0.5,25,0,25,0,0.5,0,0,25,0.0,0.0,1.0
control_horizon0,0,xy_history_s1,3,0,102,26,0.5,0.5,0.5,26,0,26,0,0.5,0,0,26,0.0,0.0,1.0
control_horizon0,0,xy_history_s1,3,1,102,26,0.5,0.5,0.5,26,0,26,0,0.5,0,0,26,0.0,0.0,1.0
control_horizon0,0,xy_history_s1,3,2,102,26,0.5,0.5,0.5,26,0,26,0,0.5,0,0,26,0.0,0.0,1.0
control_horizon0,0,xy_history_s1,3,3,103,25,0.5,0.5,0.5,25,0,25,0,0.5,0,0,25,0.0,0.0,1.0
control_horizon0,0,xy_history_s1,3,4,103,25,0.5,0.5,0.5,25,0,25,0,0.5,0,0,25,0.0,0.0,1.0
control_horizon0,0,xy_history_s1,4,0,102,26,0.5,0.5,0.5,26,0,26,0,0.5,0,0,26,0.0,0.0,1.0
control_horizon0,0,xy_history_s1,4,1,102,26,0.5,0.5,0.5,26,0,26,0,0.5,0,0,26,0.0,0.0,1.0
control_horizon0,0,xy_history_s1,4,2,102,26,0.5,0.5,0.5,26,0,26,0,0.5,0,0,26,0.0,0.0,1.0
control_horizon0,0,xy_history_s1,4,3,103,25,0.5,0.5,0.5,25,0,25,0,0.5,0,0,25,0.0,0.0,1.0
control_horizon0,0,xy_history_s1,4,4,103,25,0.5,0.5,0.5,25,0,25,0,0.5,0,0,25,0.0,0.0,1.0
control_horizon0,0,position_proprio_history_s1,0,0,102,26,0.5,0.5,0.5,26,0,26,0,0.5,0,0,26,0.0,0.0,1.0
control_horizon0,0,position_proprio_history_s1,0,1,102,26,0.5,0.5,0.5,26,0,26,0,0.5,0,0,26,0.0,0.0,1.0
control_horizon0,0,position_proprio_history_s1,0,2,102,26,0.5,0.5,0.5,26,0,26,0,0.5,0,0,26,0.0,0.0,1.0
control_horizon0,0,position_proprio_history_s1,0,3,103,25,0.5,0.5,0.5,25,0,25,0,0.5,0,0,25,0.0,0.0,1.0
control_horizon0,0,position_proprio_history_s1,0,4,103,25,0.5,0.5,0.5,25,0,25,0,0.5,0,0,25,0.0,0.0,1.0
control_horizon0,0,position_proprio_history_s1,1,0,102,26,0.5,0.5,0.5,26,0,26,0,0.5,0,0,26,0.0,0.0,1.0
control_horizon0,0,position_proprio_history_s1,1,1,102,26,0.5,0.5,0.5,26,0,26,0,0.5,0,0,26,0.0,0.0,1.0
control_horizon0,0,position_proprio_history_s1,1,2,102,26,0.5,0.5,0.5,26,0,26,0,0.5,0,0,26,0.0,0.0,1.0
control_horizon0,0,position_proprio_history_s1,1,3,103,25,0.5,0.5,0.5,25,0,25,0,0.5,0,0,25,0.0,0.0,1.0
control_horizon0,0,position_proprio_history_s1,1,4,103,25,0.5,0.5,0.5,25,0,25,0,0.5,0,0,25,0.0,0.0,1.0
control_horizon0,0,position_proprio_history_s1,2,0,102,26,0.5,0.5,0.5,26,0,26,0,0.5,0,0,26,0.0,0.0,1.0
control_horizon0,0,position_proprio_history_s1,2,1,102,26,0.5,0.5,0.5,26,0,26,0,0.5,0,0,26,0.0,0.0,1.0
control_horizon0,0,position_proprio_history_s1,2,2,102,26,0.5,0.5,0.5,26,0,26,0,0.5,0,0,26,0.0,0.0,1.0
control_horizon0,0,position_proprio_history_s1,2,3,103,25,0.5,0.5,0.5,25,0,25,0,0.5,0,0,25,0.0,0.0,1.0
control_horizon0,0,position_proprio_history_s1,2,4,103,25,0.5,0.5,0.5,25,0,25,0,0.5,0,0,25,0.0,0.0,1.0
control_horizon0,0,position_proprio_history_s1,3,0,102,26,0.5,0.5,0.5,26,0,26,0,0.5,0,0,26,0.0,0.0,1.0
control_horizon0,0,position_proprio_history_s1,3,1,102,26,0.5,0.5,0.5,26,0,26,0,0.5,0,0,26,0.0,0.0,1.0
control_horizon0,0,position_proprio_history_s1,3,2,102,26,0.5,0.5,0.5,26,0,26,0,0.5,0,0,26,0.0,0.0,1.0
control_horizon0,0,position_proprio_history_s1,3,3,103,25,0.5,0.5,0.5,25,0,25,0,0.5,0,0,25,0.0,0.0,1.0
control_horizon0,0,position_proprio_history_s1,3,4,103,25,0.5,0.5,0.5,25,0,25,0,0.5,0,0,25,0.0,0.0,1.0
control_horizon0,0,position_proprio_history_s1,4,0,102,26,0.5,0.5,0.5,26,0,26,0,0.5,0,0,26,0.0,0.0,1.0
control_horizon0,0,position_proprio_history_s1,4,1,102,26,0.5,0.5,0.5,26,0,26,0,0.5,0,0,26,0.0,0.0,1.0
control_horizon0,0,position_proprio_history_s1,4,2,102,26,0.5,0.5,0.5,26,0,26,0,0.5,0,0,26,0.0,0.0,1.0
control_horizon0,0,position_proprio_history_s1,4,3,103,25,0.5,0.5,0.5,25,0,25,0,0.5,0,0,25,0.0,0.0,1.0
control_horizon0,0,position_proprio_history_s1,4,4,103,25,0.5,0.5,0.5,25,0,25,0,0.5,0,0,25,0.0,0.0,1.0
control_horizon0,0,causal_fd_history_s1,0,0,102,26,0.5,0.5,0.5,26,0,26,0,0.5,0,0,26,0.0,0.0,1.0
control_horizon0,0,causal_fd_history_s1,0,1,102,26,0.5,0.5,0.5,26,0,26,0,0.5,0,0,26,0.0,0.0,1.0
control_horizon0,0,causal_fd_history_s1,0,2,102,26,0.5,0.5,0.5,26,0,26,0,0.5,0,0,26,0.0,0.0,1.0
control_horizon0,0,causal_fd_history_s1,0,3,103,25,0.5,0.5,0.5,25,0,25,0,0.5,0,0,25,0.0,0.0,1.0
control_horizon0,0,causal_fd_history_s1,0,4,103,25,0.5,0.5,0.5,25,0,25,0,0.5,0,0,25,0.0,0.0,1.0
control_horizon0,0,causal_fd_history_s1,1,0,102,26,0.5,0.5,0.5,26,0,26,0,0.5,0,0,26,0.0,0.0,1.0
control_horizon0,0,causal_fd_history_s1,1,1,102,26,0.5,0.5,0.5,26,0,26,0,0.5,0,0,26,0.0,0.0,1.0
control_horizon0,0,causal_fd_history_s1,1,2,102,26,0.5,0.5,0.5,26,0,26,0,0.5,0,0,26,0.0,0.0,1.0
control_horizon0,0,causal_fd_history_s1,1,3,103,25,0.5,0.5,0.5,25,0,25,0,0.5,0,0,25,0.0,0.0,1.0
control_horizon0,0,causal_fd_history_s1,1,4,103,25,0.5,0.5,0.5,25,0,25,0,0.5,0,0,25,0.0,0.0,1.0
control_horizon0,0,causal_fd_history_s1,2,0,102,26,0.5,0.5,0.5,26,0,26,0,0.5,0,0,26,0.0,0.0,1.0
control_horizon0,0,causal_fd_history_s1,2,1,102,26,0.5,0.5,0.5,26,0,26,0,0.5,0,0,26,0.0,0.0,1.0
control_horizon0,0,causal_fd_history_s1,2,2,102,26,0.5,0.5,0.5,26,0,26,0,0.5,0,0,26,0.0,0.0,1.0
control_horizon0,0,causal_fd_history_s1,2,3,103,25,0.5,0.5,0.5,25,0,25,0,0.5,0,0,25,0.0,0.0,1.0
control_horizon0,0,causal_fd_history_s1,2,4,103,25,0.5,0.5,0.5,25,0,25,0,0.5,0,0,25,0.0,0.0,1.0
control_horizon0,0,causal_fd_history_s1,3,0,102,26,0.5,0.5,0.5,26,0,26,0,0.5,0,0,26,0.0,0.0,1.0
control_horizon0,0,causal_fd_history_s1,3,1,102,26,0.5,0.5,0.5,26,0,26,0,0.5,0,0,26,0.0,0.0,1.0
control_horizon0,0,causal_fd_history_s1,3,2,102,26,0.5,0.5,0.5,26,0,26,0,0.5,0,0,26,0.0,0.0,1.0
control_horizon0,0,causal_fd_history_s1,3,3,103,25,0.5,0.5,0.5,25,0,25,0,0.5,0,0,25,0.0,0.0,1.0
control_horizon0,0,causal_fd_history_s1,3,4,103,25,0.5,0.5,0.5,25,0,25,0,0.5,0,0,25,0.0,0.0,1.0
control_horizon0,0,causal_fd_history_s1,4,0,102,26,0.5,0.5,0.5,26,0,26,0,0.5,0,0,26,0.0,0.0,1.0
control_horizon0,0,causal_fd_history_s1,4,1,102,26,0.5,0.5,0.5,26,0,26,0,0.5,0,0,26,0.0,0.0,1.0
control_horizon0,0,causal_fd_history_s1,4,2,102,26,0.5,0.5,0.5,26,0,26,0,0.5,0,0,26,0.0,0.0,1.0
control_horizon0,0,causal_fd_history_s1,4,3,103,25,0.5,0.5,0.5,25,0,25,0,0.5,0,0,25,0.0,0.0,1.0
control_horizon0,0,causal_fd_history_s1,4,4,103,25,0.5,0.5,0.5,25,0,25,0,0.5,0,0,25,0.0,0.0,1.0
control_horizon0,0,model_x_v2_s1,0,0,102,26,0.5,0.5,0.5,26,0,26,0,0.5,0,0,26,0.0,0.0,1.0
control_horizon0,0,model_x_v2_s1,0,1,102,26,0.5,0.5,0.5,26,0,26,0,0.5,0,0,26,0.0,0.0,1.0
control_horizon0,0,model_x_v2_s1,0,2,102,26,0.5,0.5,0.5,26,0,26,0,0.5,0,0,26,0.0,0.0,1.0
control_horizon0,0,model_x_v2_s1,0,3,103,25,0.5,0.5,0.5,25,0,25,0,0.5,0,0,25,0.0,0.0,1.0
control_horizon0,0,model_x_v2_s1,0,4,103,25,0.5,0.5,0.5,25,0,25,0,0.5,0,0,25,0.0,0.0,1.0
control_horizon0,0,model_x_v2_s1,1,0,102,26,0.5,0.5,0.5,26,0,26,0,0.5,0,0,26,0.0,0.0,1.0
control_horizon0,0,model_x_v2_s1,1,1,102,26,0.5,0.5,0.5,26,0,26,0,0.5,0,0,26,0.0,0.0,1.0
control_horizon0,0,model_x_v2_s1,1,2,102,26,0.5,0.5,0.5,26,0,26,0,0.5,0,0,26,0.0,0.0,1.0
control_horizon0,0,model_x_v2_s1,1,3,103,25,0.5,0.5,0.5,25,0,25,0,0.5,0,0,25,0.0,0.0,1.0
control_horizon0,0,model_x_v2_s1,1,4,103,25,0.5,0.5,0.5,25,0,25,0,0.5,0,0,25,0.0,0.0,1.0
control_horizon0,0,model_x_v2_s1,2,0,102,26,0.5,0.5,0.5,26,0,26,0,0.5,0,0,26,0.0,0.0,1.0
control_horizon0,0,model_x_v2_s1,2,1,102,26,0.5,0.5,0.5,26,0,26,0,0.5,0,0,26,0.0,0.0,1.0
control_horizon0,0,model_x_v2_s1,2,2,102,26,0.5,0.5,0.5,26,0,26,0,0.5,0,0,26,0.0,0.0,1.0
control_horizon0,0,model_x_v2_s1,2,3,103,25,0.5,0.5,0.5,25,0,25,0,0.5,0,0,25,0.0,0.0,1.0
control_horizon0,0,model_x_v2_s1,2,4,103,25,0.5,0.5,0.5,25,0,25,0,0.5,0,0,25,0.0,0.0,1.0
control_horizon0,0,model_x_v2_s1,3,0,102,26,0.5,0.5,0.5,26,0,26,0,0.5,0,0,26,0.0,0.0,1.0
control_horizon0,0,model_x_v2_s1,3,1,102,26,0.5,0.5,0.5,26,0,26,0,0.5,0,0,26,0.0,0.0,1.0
control_horizon0,0,model_x_v2_s1,3,2,102,26,0.5,0.5,0.5,26,0,26,0,0.5,0,0,26,0.0,0.0,1.0
control_horizon0,0,model_x_v2_s1,3,3,103,25,0.5,0.5,0.5,25,0,25,0,0.5,0,0,25,0.0,0.0,1.0
control_horizon0,0,model_x_v2_s1,3,4,103,25,0.5,0.5,0.5,25,0,25,0,0.5,0,0,25,0.0,0.0,1.0
control_horizon0,0,model_x_v2_s1,4,0,102,26,0.5,0.5,0.5,26,0,26,0,0.5,0,0,26,0.0,0.0,1.0
control_horizon0,0,model_x_v2_s1,4,1,102,26,0.5,0.5,0.5,26,0,26,0,0.5,0,0,26,0.0,0.0,1.0
control_horizon0,0,model_x_v2_s1,4,2,102,26,0.5,0.5,0.5,26,0,26,0,0.5,0,0,26,0.0,0.0,1.0
control_horizon0,0,model_x_v2_s1,4,3,103,25,0.5,0.5,0.5,25,0,25,0,0.5,0,0,25,0.0,0.0,1.0
control_horizon0,0,model_x_v2_s1,4,4,103,25,0.5,0.5,0.5,25,0,25,0,0.5,0,0,25,0.0,0.0,1.0
control_horizon0,0,privileged_model_x_v1_s1,0,0,102,26,0.5,0.5,0.5,26,0,26,0,0.5,0,0,26,0.0,0.0,1.0
control_horizon0,0,privileged_model_x_v1_s1,0,1,102,26,0.5,0.5,0.5,26,0,26,0,0.5,0,0,26,0.0,0.0,1.0
control_horizon0,0,privileged_model_x_v1_s1,0,2,102,26,0.5,0.5,0.5,26,0,26,0,0.5,0,0,26,0.0,0.0,1.0
control_horizon0,0,privileged_model_x_v1_s1,0,3,103,25,0.5,0.5,0.5,25,0,25,0,0.5,0,0,25,0.0,0.0,1.0
control_horizon0,0,privileged_model_x_v1_s1,0,4,103,25,0.5,0.5,0.5,25,0,25,0,0.5,0,0,25,0.0,0.0,1.0
control_horizon0,0,privileged_model_x_v1_s1,1,0,102,26,0.5,0.5,0.5,26,0,26,0,0.5,0,0,26,0.0,0.0,1.0
control_horizon0,0,privileged_model_x_v1_s1,1,1,102,26,0.5,0.5,0.5,26,0,26,0,0.5,0,0,26,0.0,0.0,1.0
control_horizon0,0,privileged_model_x_v1_s1,1,2,102,26,0.5,0.5,0.5,26,0,26,0,0.5,0,0,26,0.0,0.0,1.0
control_horizon0,0,privileged_model_x_v1_s1,1,3,103,25,0.5,0.5,0.5,25,0,25,0,0.5,0,0,25,0.0,0.0,1.0
control_horizon0,0,privileged_model_x_v1_s1,1,4,103,25,0.5,0.5,0.5,25,0,25,0,0.5,0,0,25,0.0,0.0,1.0
control_horizon0,0,privileged_model_x_v1_s1,2,0,102,26,0.5,0.5,0.5,26,0,26,0,0.5,0,0,26,0.0,0.0,1.0
control_horizon0,0,privileged_model_x_v1_s1,2,1,102,26,0.5,0.5,0.5,26,0,26,0,0.5,0,0,26,0.0,0.0,1.0
control_horizon0,0,privileged_model_x_v1_s1,2,2,102,26,0.5,0.5,0.5,26,0,26,0,0.5,0,0,26,0.0,0.0,1.0
control_horizon0,0,privileged_model_x_v1_s1,2,3,103,25,0.5,0.5,0.5,25,0,25,0,0.5,0,0,25,0.0,0.0,1.0
control_horizon0,0,privileged_model_x_v1_s1,2,4,103,25,0.5,0.5,0.5,25,0,25,0,0.5,0,0,25,0.0,0.0,1.0
control_horizon0,0,privileged_model_x_v1_s1,3,0,102,26,0.5,0.5,0.5,26,0,26,0,0.5,0,0,26,0.0,0.0,1.0
control_horizon0,0,privileged_model_x_v1_s1,3,1,102,26,0.5,0.5,0.5,26,0,26,0,0.5,0,0,26,0.0,0.0,1.0
control_horizon0,0,privileged_model_x_v1_s1,3,2,102,26,0.5,0.5,0.5,26,0,26,0,0.5,0,0,26,0.0,0.0,1.0
control_horizon0,0,privileged_model_x_v1_s1,3,3,103,25,0.5,0.5,0.5,25,0,25,0,0.5,0,0,25,0.0,0.0,1.0
control_horizon0,0,privileged_model_x_v1_s1,3,4,103,25,0.5,0.5,0.5,25,0,25,0,0.5,0,0,25,0.0,0.0,1.0
control_horizon0,0,privileged_model_x_v1_s1,4,0,102,26,0.5,0.5,0.5,26,0,26,0,0.5,0,0,26,0.0,0.0,1.0
control_horizon0,0,privileged_model_x_v1_s1,4,1,102,26,0.5,0.5,0.5,26,0,26,0,0.5,0,0,26,0.0,0.0,1.0
control_horizon0,0,privileged_model_x_v1_s1,4,2,102,26,0.5,0.5,0.5,26,0,26,0,0.5,0,0,26,0.0,0.0,1.0
control_horizon0,0,privileged_model_x_v1_s1,4,3,103,25,0.5,0.5,0.5,25,0,25,0,0.5,0,0,25,0.0,0.0,1.0
control_horizon0,0,privileged_model_x_v1_s1,4,4,103,25,0.5,0.5,0.5,25,0,25,0,0.5,0,0,25,0.0,0.0,1.0
control_horizon0,0,xy_history_s5,0,0,102,26,0.5,0.5,0.5,26,0,26,0,0.5,0,0,26,0.0,0.0,1.0
control_horizon0,0,xy_history_s5,0,1,102,26,0.5,0.5,0.5,26,0,26,0,0.5,0,0,26,0.0,0.0,1.0
control_horizon0,0,xy_history_s5,0,2,102,26,0.5,0.5,0.5,26,0,26,0,0.5,0,0,26,0.0,0.0,1.0
control_horizon0,0,xy_history_s5,0,3,103,25,0.5,0.5,0.5,25,0,25,0,0.5,0,0,25,0.0,0.0,1.0
control_horizon0,0,xy_history_s5,0,4,103,25,0.5,0.5,0.5,25,0,25,0,0.5,0,0,25,0.0,0.0,1.0
control_horizon0,0,xy_history_s5,1,0,102,26,0.5,0.5,0.5,26,0,26,0,0.5,0,0,26,0.0,0.0,1.0
control_horizon0,0,xy_history_s5,1,1,102,26,0.5,0.5,0.5,26,0,26,0,0.5,0,0,26,0.0,0.0,1.0
control_horizon0,0,xy_history_s5,1,2,102,26,0.5,0.5,0.5,26,0,26,0,0.5,0,0,26,0.0,0.0,1.0
control_horizon0,0,xy_history_s5,1,3,103,25,0.5,0.5,0.5,25,0,25,0,0.5,0,0,25,0.0,0.0,1.0
control_horizon0,0,xy_history_s5,1,4,103,25,0.5,0.5,0.5,25,0,25,0,0.5,0,0,25,0.0,0.0,1.0
control_horizon0,0,xy_history_s5,2,0,102,26,0.5,0.5,0.5,26,0,26,0,0.5,0,0,26,0.0,0.0,1.0
control_horizon0,0,xy_history_s5,2,1,102,26,0.5,0.5,0.5,26,0,26,0,0.5,0,0,26,0.0,0.0,1.0
control_horizon0,0,xy_history_s5,2,2,102,26,0.5,0.5,0.5,26,0,26,0,0.5,0,0,26,0.0,0.0,1.0
control_horizon0,0,xy_history_s5,2,3,103,25,0.5,0.5,0.5,25,0,25,0,0.5,0,0,25,0.0,0.0,1.0
control_horizon0,0,xy_history_s5,2,4,103,25,0.5,0.5,0.5,25,0,25,0,0.5,0,0,25,0.0,0.0,1.0
control_horizon0,0,xy_history_s5,3,0,102,26,0.5,0.5,0.5,26,0,26,0,0.5,0,0,26,0.0,0.0,1.0
control_horizon0,0,xy_history_s5,3,1,102,26,0.5,0.5,0.5,26,0,26,0,0.5,0,0,26,0.0,0.0,1.0
control_horizon0,0,xy_history_s5,3,2,102,26,0.5,0.5,0.5,26,0,26,0,0.5,0,0,26,0.0,0.0,1.0
control_horizon0,0,xy_history_s5,3,3,103,25,0.5,0.5,0.5,25,0,25,0,0.5,0,0,25,0.0,0.0,1.0
control_horizon0,0,xy_history_s5,3,4,103,25,0.5,0.5,0.5,25,0,25,0,0.5,0,0,25,0.0,0.0,1.0
control_horizon0,0,xy_history_s5,4,0,102,26,0.5,0.5,0.5,26,0,26,0,0.5,0,0,26,0.0,0.0,1.0
control_horizon0,0,xy_history_s5,4,1,102,26,0.5,0.5,0.5,26,0,26,0,0.5,0,0,26,0.0,0.0,1.0
control_horizon0,0,xy_history_s5,4,2,102,26,0.5,0.5,0.5,26,0,26,0,0.5,0,0,26,0.0,0.0,1.0
control_horizon0,0,xy_history_s5,4,3,103,25,0.5,0.5,0.5,25,0,25,0,0.5,0,0,25,0.0,0.0,1.0
control_horizon0,0,xy_history_s5,4,4,103,25,0.5,0.5,0.5,25,0,25,0,0.5,0,0,25,0.0,0.0,1.0
control_horizon0,0,position_proprio_history_s5,0,0,102,26,0.5,0.5,0.5,26,0,26,0,0.5,0,0,26,0.0,0.0,1.0
control_horizon0,0,position_proprio_history_s5,0,1,102,26,0.5,0.5,0.5,26,0,26,0,0.5,0,0,26,0.0,0.0,1.0
control_horizon0,0,position_proprio_history_s5,0,2,102,26,0.5,0.5,0.5,26,0,26,0,0.5,0,0,26,0.0,0.0,1.0
control_horizon0,0,position_proprio_history_s5,0,3,103,25,0.5,0.5,0.5,25,0,25,0,0.5,0,0,25,0.0,0.0,1.0
control_horizon0,0,position_proprio_history_s5,0,4,103,25,0.5,0.5,0.5,25,0,25,0,0.5,0,0,25,0.0,0.0,1.0
control_horizon0,0,position_proprio_history_s5,1,0,102,26,0.5,0.5,0.5,26,0,26,0,0.5,0,0,26,0.0,0.0,1.0
control_horizon0,0,position_proprio_history_s5,1,1,102,26,0.5,0.5,0.5,26,0,26,0,0.5,0,0,26,0.0,0.0,1.0
control_horizon0,0,position_proprio_history_s5,1,2,102,26,0.5,0.5,0.5,26,0,26,0,0.5,0,0,26,0.0,0.0,1.0
control_horizon0,0,position_proprio_history_s5,1,3,103,25,0.5,0.5,0.5,25,0,25,0,0.5,0,0,25,0.0,0.0,1.0
control_horizon0,0,position_proprio_history_s5,1,4,103,25,0.5,0.5,0.5,25,0,25,0,0.5,0,0,25,0.0,0.0,1.0
control_horizon0,0,position_proprio_history_s5,2,0,102,26,0.5,0.5,0.5,26,0,26,0,0.5,0,0,26,0.0,0.0,1.0
control_horizon0,0,position_proprio_history_s5,2,1,102,26,0.5,0.5,0.5,26,0,26,0,0.5,0,0,26,0.0,0.0,1.0
control_horizon0,0,position_proprio_history_s5,2,2,102,26,0.5,0.5,0.5,26,0,26,0,0.5,0,0,26,0.0,0.0,1.0
control_horizon0,0,position_proprio_history_s5,2,3,103,25,0.5,0.5,0.5,25,0,25,0,0.5,0,0,25,0.0,0.0,1.0
control_horizon0,0,position_proprio_history_s5,2,4,103,25,0.5,0.5,0.5,25,0,25,0,0.5,0,0,25,0.0,0.0,1.0
control_horizon0,0,position_proprio_history_s5,3,0,102,26,0.5,0.5,0.5,26,0,26,0,0.5,0,0,26,0.0,0.0,1.0
control_horizon0,0,position_proprio_history_s5,3,1,102,26,0.5,0.5,0.5,26,0,26,0,0.5,0,0,26,0.0,0.0,1.0
control_horizon0,0,position_proprio_history_s5,3,2,102,26,0.5,0.5,0.5,26,0,26,0,0.5,0,0,26,0.0,0.0,1.0
control_horizon0,0,position_proprio_history_s5,3,3,103,25,0.5,0.5,0.5,25,0,25,0,0.5,0,0,25,0.0,0.0,1.0
control_horizon0,0,position_proprio_history_s5,3,4,103,25,0.5,0.5,0.5,25,0,25,0,0.5,0,0,25,0.0,0.0,1.0
control_horizon0,0,position_proprio_history_s5,4,0,102,26,0.5,0.5,0.5,26,0,26,0,0.5,0,0,26,0.0,0.0,1.0
control_horizon0,0,position_proprio_history_s5,4,1,102,26,0.5,0.5,0.5,26,0,26,0,0.5,0,0,26,0.0,0.0,1.0
control_horizon0,0,position_proprio_history_s5,4,2,102,26,0.5,0.5,0.5,26,0,26,0,0.5,0,0,26,0.0,0.0,1.0
control_horizon0,0,position_proprio_history_s5,4,3,103,25,0.5,0.5,0.5,25,0,25,0,0.5,0,0,25,0.0,0.0,1.0
control_horizon0,0,position_proprio_history_s5,4,4,103,25,0.5,0.5,0.5,25,0,25,0,0.5,0,0,25,0.0,0.0,1.0
control_horizon0,0,causal_fd_history_s5,0,0,102,26,0.5,0.5,0.5,26,0,26,0,0.5,0,0,26,0.0,0.0,1.0
control_horizon0,0,causal_fd_history_s5,0,1,102,26,0.5,0.5,0.5,26,0,26,0,0.5,0,0,26,0.0,0.0,1.0
control_horizon0,0,causal_fd_history_s5,0,2,102,26,0.5,0.5,0.5,26,0,26,0,0.5,0,0,26,0.0,0.0,1.0
control_horizon0,0,causal_fd_history_s5,0,3,103,25,0.5,0.5,0.5,25,0,25,0,0.5,0,0,25,0.0,0.0,1.0
control_horizon0,0,causal_fd_history_s5,0,4,103,25,0.5,0.5,0.5,25,0,25,0,0.5,0,0,25,0.0,0.0,1.0
control_horizon0,0,causal_fd_history_s5,1,0,102,26,0.5,0.5,0.5,26,0,26,0,0.5,0,0,26,0.0,0.0,1.0
control_horizon0,0,causal_fd_history_s5,1,1,102,26,0.5,0.5,0.5,26,0,26,0,0.5,0,0,26,0.0,0.0,1.0
control_horizon0,0,causal_fd_history_s5,1,2,102,26,0.5,0.5,0.5,26,0,26,0,0.5,0,0,26,0.0,0.0,1.0
control_horizon0,0,causal_fd_history_s5,1,3,103,25,0.5,0.5,0.5,25,0,25,0,0.5,0,0,25,0.0,0.0,1.0
control_horizon0,0,causal_fd_history_s5,1,4,103,25,0.5,0.5,0.5,25,0,25,0,0.5,0,0,25,0.0,0.0,1.0
control_horizon0,0,causal_fd_history_s5,2,0,102,26,0.5,0.5,0.5,26,0,26,0,0.5,0,0,26,0.0,0.0,1.0
control_horizon0,0,causal_fd_history_s5,2,1,102,26,0.5,0.5,0.5,26,0,26,0,0.5,0,0,26,0.0,0.0,1.0
control_horizon0,0,causal_fd_history_s5,2,2,102,26,0.5,0.5,0.5,26,0,26,0,0.5,0,0,26,0.0,0.0,1.0
control_horizon0,0,causal_fd_history_s5,2,3,103,25,0.5,0.5,0.5,25,0,25,0,0.5,0,0,25,0.0,0.0,1.0
control_horizon0,0,causal_fd_history_s5,2,4,103,25,0.5,0.5,0.5,25,0,25,0,0.5,0,0,25,0.0,0.0,1.0
control_horizon0,0,causal_fd_history_s5,3,0,102,26,0.5,0.5,0.5,26,0,26,0,0.5,0,0,26,0.0,0.0,1.0
control_horizon0,0,causal_fd_history_s5,3,1,102,26,0.5,0.5,0.5,26,0,26,0,0.5,0,0,26,0.0,0.0,1.0
control_horizon0,0,causal_fd_history_s5,3,2,102,26,0.5,0.5,0.5,26,0,26,0,0.5,0,0,26,0.0,0.0,1.0
control_horizon0,0,causal_fd_history_s5,3,3,103,25,0.5,0.5,0.5,25,0,25,0,0.5,0,0,25,0.0,0.0,1.0
control_horizon0,0,causal_fd_history_s5,3,4,103,25,0.5,0.5,0.5,25,0,25,0,0.5,0,0,25,0.0,0.0,1.0
control_horizon0,0,causal_fd_history_s5,4,0,102,26,0.5,0.5,0.5,26,0,26,0,0.5,0,0,26,0.0,0.0,1.0
control_horizon0,0,causal_fd_history_s5,4,1,102,26,0.5,0.5,0.5,26,0,26,0,0.5,0,0,26,0.0,0.0,1.0
control_horizon0,0,causal_fd_history_s5,4,2,102,26,0.5,0.5,0.5,26,0,26,0,0.5,0,0,26,0.0,0.0,1.0
control_horizon0,0,causal_fd_history_s5,4,3,103,25,0.5,0.5,0.5,25,0,25,0,0.5,0,0,25,0.0,0.0,1.0
control_horizon0,0,causal_fd_history_s5,4,4,103,25,0.5,0.5,0.5,25,0,25,0,0.5,0,0,25,0.0,0.0,1.0
control_horizon0,0,model_x_v2_s5,0,0,102,26,0.5,0.5,0.5,26,0,26,0,0.5,0,0,26,0.0,0.0,1.0
control_horizon0,0,model_x_v2_s5,0,1,102,26,0.5,0.5,0.5,26,0,26,0,0.5,0,0,26,0.0,0.0,1.0
control_horizon0,0,model_x_v2_s5,0,2,102,26,0.5,0.5,0.5,26,0,26,0,0.5,0,0,26,0.0,0.0,1.0
control_horizon0,0,model_x_v2_s5,0,3,103,25,0.5,0.5,0.5,25,0,25,0,0.5,0,0,25,0.0,0.0,1.0
control_horizon0,0,model_x_v2_s5,0,4,103,25,0.5,0.5,0.5,25,0,25,0,0.5,0,0,25,0.0,0.0,1.0
control_horizon0,0,model_x_v2_s5,1,0,102,26,0.5,0.5,0.5,26,0,26,0,0.5,0,0,26,0.0,0.0,1.0
control_horizon0,0,model_x_v2_s5,1,1,102,26,0.5,0.5,0.5,26,0,26,0,0.5,0,0,26,0.0,0.0,1.0
control_horizon0,0,model_x_v2_s5,1,2,102,26,0.5,0.5,0.5,26,0,26,0,0.5,0,0,26,0.0,0.0,1.0
control_horizon0,0,model_x_v2_s5,1,3,103,25,0.5,0.5,0.5,25,0,25,0,0.5,0,0,25,0.0,0.0,1.0
control_horizon0,0,model_x_v2_s5,1,4,103,25,0.5,0.5,0.5,25,0,25,0,0.5,0,0,25,0.0,0.0,1.0
control_horizon0,0,model_x_v2_s5,2,0,102,26,0.5,0.5,0.5,26,0,26,0,0.5,0,0,26,0.0,0.0,1.0
control_horizon0,0,model_x_v2_s5,2,1,102,26,0.5,0.5,0.5,26,0,26,0,0.5,0,0,26,0.0,0.0,1.0
control_horizon0,0,model_x_v2_s5,2,2,102,26,0.5,0.5,0.5,26,0,26,0,0.5,0,0,26,0.0,0.0,1.0
control_horizon0,0,model_x_v2_s5,2,3,103,25,0.5,0.5,0.5,25,0,25,0,0.5,0,0,25,0.0,0.0,1.0
control_horizon0,0,model_x_v2_s5,2,4,103,25,0.5,0.5,0.5,25,0,25,0,0.5,0,0,25,0.0,0.0,1.0
control_horizon0,0,model_x_v2_s5,3,0,102,26,0.5,0.5,0.5,26,0,26,0,0.5,0,0,26,0.0,0.0,1.0
control_horizon0,0,model_x_v2_s5,3,1,102,26,0.5,0.5,0.5,26,0,26,0,0.5,0,0,26,0.0,0.0,1.0
control_horizon0,0,model_x_v2_s5,3,2,102,26,0.5,0.5,0.5,26,0,26,0,0.5,0,0,26,0.0,0.0,1.0
control_horizon0,0,model_x_v2_s5,3,3,103,25,0.5,0.5,0.5,25,0,25,0,0.5,0,0,25,0.0,0.0,1.0
control_horizon0,0,model_x_v2_s5,3,4,103,25,0.5,0.5,0.5,25,0,25,0,0.5,0,0,25,0.0,0.0,1.0
control_horizon0,0,model_x_v2_s5,4,0,102,26,0.5,0.5,0.5,26,0,26,0,0.5,0,0,26,0.0,0.0,1.0
control_horizon0,0,model_x_v2_s5,4,1,102,26,0.5,0.5,0.5,26,0,26,0,0.5,0,0,26,0.0,0.0,1.0
control_horizon0,0,model_x_v2_s5,4,2,102,26,0.5,0.5,0.5,26,0,26,0,0.5,0,0,26,0.0,0.0,1.0
control_horizon0,0,model_x_v2_s5,4,3,103,25,0.5,0.5,0.5,25,0,25,0,0.5,0,0,25,0.0,0.0,1.0
control_horizon0,0,model_x_v2_s5,4,4,103,25,0.5,0.5,0.5,25,0,25,0,0.5,0,0,25,0.0,0.0,1.0
control_horizon0,0,privileged_model_x_v1_s5,0,0,102,26,0.5,0.5,0.5,26,0,26,0,0.5,0,0,26,0.0,0.0,1.0
control_horizon0,0,privileged_model_x_v1_s5,0,1,102,26,0.5,0.5,0.5,26,0,26,0,0.5,0,0,26,0.0,0.0,1.0
control_horizon0,0,privileged_model_x_v1_s5,0,2,102,26,0.5,0.5,0.5,26,0,26,0,0.5,0,0,26,0.0,0.0,1.0
control_horizon0,0,privileged_model_x_v1_s5,0,3,103,25,0.5,0.5,0.5,25,0,25,0,0.5,0,0,25,0.0,0.0,1.0
control_horizon0,0,privileged_model_x_v1_s5,0,4,103,25,0.5,0.5,0.5,25,0,25,0,0.5,0,0,25,0.0,0.0,1.0
control_horizon0,0,privileged_model_x_v1_s5,1,0,102,26,0.5,0.5,0.5,26,0,26,0,0.5,0,0,26,0.0,0.0,1.0
control_horizon0,0,privileged_model_x_v1_s5,1,1,102,26,0.5,0.5,0.5,26,0,26,0,0.5,0,0,26,0.0,0.0,1.0
control_horizon0,0,privileged_model_x_v1_s5,1,2,102,26,0.5,0.5,0.5,26,0,26,0,0.5,0,0,26,0.0,0.0,1.0
control_horizon0,0,privileged_model_x_v1_s5,1,3,103,25,0.5,0.5,0.5,25,0,25,0,0.5,0,0,25,0.0,0.0,1.0
control_horizon0,0,privileged_model_x_v1_s5,1,4,103,25,0.5,0.5,0.5,25,0,25,0,0.5,0,0,25,0.0,0.0,1.0
control_horizon0,0,privileged_model_x_v1_s5,2,0,102,26,0.5,0.5,0.5,26,0,26,0,0.5,0,0,26,0.0,0.0,1.0
control_horizon0,0,privileged_model_x_v1_s5,2,1,102,26,0.5,0.5,0.5,26,0,26,0,0.5,0,0,26,0.0,0.0,1.0
control_horizon0,0,privileged_model_x_v1_s5,2,2,102,26,0.5,0.5,0.5,26,0,26,0,0.5,0,0,26,0.0,0.0,1.0
control_horizon0,0,privileged_model_x_v1_s5,2,3,103,25,0.5,0.5,0.5,25,0,25,0,0.5,0,0,25,0.0,0.0,1.0
control_horizon0,0,privileged_model_x_v1_s5,2,4,103,25,0.5,0.5,0.5,25,0,25,0,0.5,0,0,25,0.0,0.0,1.0
control_horizon0,0,privileged_model_x_v1_s5,3,0,102,26,0.5,0.5,0.5,26,0,26,0,0.5,0,0,26,0.0,0.0,1.0
control_horizon0,0,privileged_model_x_v1_s5,3,1,102,26,0.5,0.5,0.5,26,0,26,0,0.5,0,0,26,0.0,0.0,1.0
control_horizon0,0,privileged_model_x_v1_s5,3,2,102,26,0.5,0.5,0.5,26,0,26,0,0.5,0,0,26,0.0,0.0,1.0
control_horizon0,0,privileged_model_x_v1_s5,3,3,103,25,0.5,0.5,0.5,25,0,25,0,0.5,0,0,25,0.0,0.0,1.0
control_horizon0,0,privileged_model_x_v1_s5,3,4,103,25,0.5,0.5,0.5,25,0,25,0,0.5,0,0,25,0.0,0.0,1.0
control_horizon0,0,privileged_model_x_v1_s5,4,0,102,26,0.5,0.5,0.5,26,0,26,0,0.5,0,0,26,0.0,0.0,1.0
control_horizon0,0,privileged_model_x_v1_s5,4,1,102,26,0.5,0.5,0.5,26,0,26,0,0.5,0,0,26,0.0,0.0,1.0
control_horizon0,0,privileged_model_x_v1_s5,4,2,102,26,0.5,0.5,0.5,26,0,26,0,0.5,0,0,26,0.0,0.0,1.0
control_horizon0,0,privileged_model_x_v1_s5,4,3,103,25,0.5,0.5,0.5,25,0,25,0,0.5,0,0,25,0.0,0.0,1.0
control_horizon0,0,privileged_model_x_v1_s5,4,4,103,25,0.5,0.5,0.5,25,0,25,0,0.5,0,0,25,0.0,0.0,1.0
control_horizon0,0,xy_history_s10,0,0,102,26,0.5,0.5,0.5,26,0,26,0,0.5,0,0,26,0.0,0.0,1.0
control_horizon0,0,xy_history_s10,0,1,102,26,0.5,0.5,0.5,26,0,26,0,0.5,0,0,26,0.0,0.0,1.0
control_horizon0,0,xy_history_s10,0,2,102,26,0.5,0.5,0.5,26,0,26,0,0.5,0,0,26,0.0,0.0,1.0
control_horizon0,0,xy_history_s10,0,3,103,25,0.5,0.5,0.5,25,0,25,0,0.5,0,0,25,0.0,0.0,1.0
control_horizon0,0,xy_history_s10,0,4,103,25,0.5,0.5,0.5,25,0,25,0,0.5,0,0,25,0.0,0.0,1.0
control_horizon0,0,xy_history_s10,1,0,102,26,0.5,0.5,0.5,26,0,26,0,0.5,0,0,26,0.0,0.0,1.0
control_horizon0,0,xy_history_s10,1,1,102,26,0.5,0.5,0.5,26,0,26,0,0.5,0,0,26,0.0,0.0,1.0
control_horizon0,0,xy_history_s10,1,2,102,26,0.5,0.5,0.5,26,0,26,0,0.5,0,0,26,0.0,0.0,1.0
control_horizon0,0,xy_history_s10,1,3,103,25,0.5,0.5,0.5,25,0,25,0,0.5,0,0,25,0.0,0.0,1.0
control_horizon0,0,xy_history_s10,1,4,103,25,0.5,0.5,0.5,25,0,25,0,0.5,0,0,25,0.0,0.0,1.0
control_horizon0,0,xy_history_s10,2,0,102,26,0.5,0.5,0.5,26,0,26,0,0.5,0,0,26,0.0,0.0,1.0
control_horizon0,0,xy_history_s10,2,1,102,26,0.5,0.5,0.5,26,0,26,0,0.5,0,0,26,0.0,0.0,1.0
control_horizon0,0,xy_history_s10,2,2,102,26,0.5,0.5,0.5,26,0,26,0,0.5,0,0,26,0.0,0.0,1.0
control_horizon0,0,xy_history_s10,2,3,103,25,0.5,0.5,0.5,25,0,25,0,0.5,0,0,25,0.0,0.0,1.0
control_horizon0,0,xy_history_s10,2,4,103,25,0.5,0.5,0.5,25,0,25,0,0.5,0,0,25,0.0,0.0,1.0
control_horizon0,0,xy_history_s10,3,0,102,26,0.5,0.5,0.5,26,0,26,0,0.5,0,0,26,0.0,0.0,1.0
control_horizon0,0,xy_history_s10,3,1,102,26,0.5,0.5,0.5,26,0,26,0,0.5,0,0,26,0.0,0.0,1.0
control_horizon0,0,xy_history_s10,3,2,102,26,0.5,0.5,0.5,26,0,26,0,0.5,0,0,26,0.0,0.0,1.0
control_horizon0,0,xy_history_s10,3,3,103,25,0.5,0.5,0.5,25,0,25,0,0.5,0,0,25,0.0,0.0,1.0
control_horizon0,0,xy_history_s10,3,4,103,25,0.5,0.5,0.5,25,0,25,0,0.5,0,0,25,0.0,0.0,1.0
control_horizon0,0,xy_history_s10,4,0,102,26,0.5,0.5,0.5,26,0,26,0,0.5,0,0,26,0.0,0.0,1.0
control_horizon0,0,xy_history_s10,4,1,102,26,0.5,0.5,0.5,26,0,26,0,0.5,0,0,26,0.0,0.0,1.0
control_horizon0,0,xy_history_s10,4,2,102,26,0.5,0.5,0.5,26,0,26,0,0.5,0,0,26,0.0,0.0,1.0
control_horizon0,0,xy_history_s10,4,3,103,25,0.5,0.5,0.5,25,0,25,0,0.5,0,0,25,0.0,0.0,1.0
control_horizon0,0,xy_history_s10,4,4,103,25,0.5,0.5,0.5,25,0,25,0,0.5,0,0,25,0.0,0.0,1.0
control_horizon0,0,position_proprio_history_s10,0,0,102,26,0.5,0.5,0.5,26,0,26,0,0.5,0,0,26,0.0,0.0,1.0
control_horizon0,0,position_proprio_history_s10,0,1,102,26,0.5,0.5,0.5,26,0,26,0,0.5,0,0,26,0.0,0.0,1.0
control_horizon0,0,position_proprio_history_s10,0,2,102,26,0.5,0.5,0.5,26,0,26,0,0.5,0,0,26,0.0,0.0,1.0
control_horizon0,0,position_proprio_history_s10,0,3,103,25,0.5,0.5,0.5,25,0,25,0,0.5,0,0,25,0.0,0.0,1.0
control_horizon0,0,position_proprio_history_s10,0,4,103,25,0.5,0.5,0.5,25,0,25,0,0.5,0,0,25,0.0,0.0,1.0
control_horizon0,0,position_proprio_history_s10,1,0,102,26,0.5,0.5,0.5,26,0,26,0,0.5,0,0,26,0.0,0.0,1.0
control_horizon0,0,position_proprio_history_s10,1,1,102,26,0.5,0.5,0.5,26,0,26,0,0.5,0,0,26,0.0,0.0,1.0
control_horizon0,0,position_proprio_history_s10,1,2,102,26,0.5,0.5,0.5,26,0,26,0,0.5,0,0,26,0.0,0.0,1.0
control_horizon0,0,position_proprio_history_s10,1,3,103,25,0.5,0.5,0.5,25,0,25,0,0.5,0,0,25,0.0,0.0,1.0
control_horizon0,0,position_proprio_history_s10,1,4,103,25,0.5,0.5,0.5,25,0,25,0,0.5,0,0,25,0.0,0.0,1.0
control_horizon0,0,position_proprio_history_s10,2,0,102,26,0.5,0.5,0.5,26,0,26,0,0.5,0,0,26,0.0,0.0,1.0
control_horizon0,0,position_proprio_history_s10,2,1,102,26,0.5,0.5,0.5,26,0,26,0,0.5,0,0,26,0.0,0.0,1.0
control_horizon0,0,position_proprio_history_s10,2,2,102,26,0.5,0.5,0.5,26,0,26,0,0.5,0,0,26,0.0,0.0,1.0
control_horizon0,0,position_proprio_history_s10,2,3,103,25,0.5,0.5,0.5,25,0,25,0,0.5,0,0,25,0.0,0.0,1.0
control_horizon0,0,position_proprio_history_s10,2,4,103,25,0.5,0.5,0.5,25,0,25,0,0.5,0,0,25,0.0,0.0,1.0
control_horizon0,0,position_proprio_history_s10,3,0,102,26,0.5,0.5,0.5,26,0,26,0,0.5,0,0,26,0.0,0.0,1.0
control_horizon0,0,position_proprio_history_s10,3,1,102,26,0.5,0.5,0.5,26,0,26,0,0.5,0,0,26,0.0,0.0,1.0
control_horizon0,0,position_proprio_history_s10,3,2,102,26,0.5,0.5,0.5,26,0,26,0,0.5,0,0,26,0.0,0.0,1.0
control_horizon0,0,position_proprio_history_s10,3,3,103,25,0.5,0.5,0.5,25,0,25,0,0.5,0,0,25,0.0,0.0,1.0
control_horizon0,0,position_proprio_history_s10,3,4,103,25,0.5,0.5,0.5,25,0,25,0,0.5,0,0,25,0.0,0.0,1.0
control_horizon0,0,position_proprio_history_s10,4,0,102,26,0.5,0.5,0.5,26,0,26,0,0.5,0,0,26,0.0,0.0,1.0
control_horizon0,0,position_proprio_history_s10,4,1,102,26,0.5,0.5,0.5,26,0,26,0,0.5,0,0,26,0.0,0.0,1.0
control_horizon0,0,position_proprio_history_s10,4,2,102,26,0.5,0.5,0.5,26,0,26,0,0.5,0,0,26,0.0,0.0,1.0
control_horizon0,0,position_proprio_history_s10,4,3,103,25,0.5,0.5,0.5,25,0,25,0,0.5,0,0,25,0.0,0.0,1.0
control_horizon0,0,position_proprio_history_s10,4,4,103,25,0.5,0.5,0.5,25,0,25,0,0.5,0,0,25,0.0,0.0,1.0
control_horizon0,0,causal_fd_history_s10,0,0,102,26,0.5,0.5,0.5,26,0,26,0,0.5,0,0,26,0.0,0.0,1.0
control_horizon0,0,causal_fd_history_s10,0,1,102,26,0.5,0.5,0.5,26,0,26,0,0.5,0,0,26,0.0,0.0,1.0
control_horizon0,0,causal_fd_history_s10,0,2,102,26,0.5,0.5,0.5,26,0,26,0,0.5,0,0,26,0.0,0.0,1.0
control_horizon0,0,causal_fd_history_s10,0,3,103,25,0.5,0.5,0.5,25,0,25,0,0.5,0,0,25,0.0,0.0,1.0
control_horizon0,0,causal_fd_history_s10,0,4,103,25,0.5,0.5,0.5,25,0,25,0,0.5,0,0,25,0.0,0.0,1.0
control_horizon0,0,causal_fd_history_s10,1,0,102,26,0.5,0.5,0.5,26,0,26,0,0.5,0,0,26,0.0,0.0,1.0
control_horizon0,0,causal_fd_history_s10,1,1,102,26,0.5,0.5,0.5,26,0,26,0,0.5,0,0,26,0.0,0.0,1.0
control_horizon0,0,causal_fd_history_s10,1,2,102,26,0.5,0.5,0.5,26,0,26,0,0.5,0,0,26,0.0,0.0,1.0
control_horizon0,0,causal_fd_history_s10,1,3,103,25,0.5,0.5,0.5,25,0,25,0,0.5,0,0,25,0.0,0.0,1.0
control_horizon0,0,causal_fd_history_s10,1,4,103,25,0.5,0.5,0.5,25,0,25,0,0.5,0,0,25,0.0,0.0,1.0
control_horizon0,0,causal_fd_history_s10,2,0,102,26,0.5,0.5,0.5,26,0,26,0,0.5,0,0,26,0.0,0.0,1.0
control_horizon0,0,causal_fd_history_s10,2,1,102,26,0.5,0.5,0.5,26,0,26,0,0.5,0,0,26,0.0,0.0,1.0
control_horizon0,0,causal_fd_history_s10,2,2,102,26,0.5,0.5,0.5,26,0,26,0,0.5,0,0,26,0.0,0.0,1.0
control_horizon0,0,causal_fd_history_s10,2,3,103,25,0.5,0.5,0.5,25,0,25,0,0.5,0,0,25,0.0,0.0,1.0
control_horizon0,0,causal_fd_history_s10,2,4,103,25,0.5,0.5,0.5,25,0,25,0,0.5,0,0,25,0.0,0.0,1.0
control_horizon0,0,causal_fd_history_s10,3,0,102,26,0.5,0.5,0.5,26,0,26,0,0.5,0,0,26,0.0,0.0,1.0
control_horizon0,0,causal_fd_history_s10,3,1,102,26,0.5,0.5,0.5,26,0,26,0,0.5,0,0,26,0.0,0.0,1.0
control_horizon0,0,causal_fd_history_s10,3,2,102,26,0.5,0.5,0.5,26,0,26,0,0.5,0,0,26,0.0,0.0,1.0
control_horizon0,0,causal_fd_history_s10,3,3,103,25,0.5,0.5,0.5,25,0,25,0,0.5,0,0,25,0.0,0.0,1.0
control_horizon0,0,causal_fd_history_s10,3,4,103,25,0.5,0.5,0.5,25,0,25,0,0.5,0,0,25,0.0,0.0,1.0
control_horizon0,0,causal_fd_history_s10,4,0,102,26,0.5,0.5,0.5,26,0,26,0,0.5,0,0,26,0.0,0.0,1.0
control_horizon0,0,causal_fd_history_s10,4,1,102,26,0.5,0.5,0.5,26,0,26,0,0.5,0,0,26,0.0,0.0,1.0
control_horizon0,0,causal_fd_history_s10,4,2,102,26,0.5,0.5,0.5,26,0,26,0,0.5,0,0,26,0.0,0.0,1.0
control_horizon0,0,causal_fd_history_s10,4,3,103,25,0.5,0.5,0.5,25,0,25,0,0.5,0,0,25,0.0,0.0,1.0
control_horizon0,0,causal_fd_history_s10,4,4,103,25,0.5,0.5,0.5,25,0,25,0,0.5,0,0,25,0.0,0.0,1.0
control_horizon0,0,model_x_v2_s10,0,0,102,26,0.5,0.5,0.5,26,0,26,0,0.5,0,0,26,0.0,0.0,1.0
control_horizon0,0,model_x_v2_s10,0,1,102,26,0.5,0.5,0.5,26,0,26,0,0.5,0,0,26,0.0,0.0,1.0
control_horizon0,0,model_x_v2_s10,0,2,102,26,0.5,0.5,0.5,26,0,26,0,0.5,0,0,26,0.0,0.0,1.0
control_horizon0,0,model_x_v2_s10,0,3,103,25,0.5,0.5,0.5,25,0,25,0,0.5,0,0,25,0.0,0.0,1.0
control_horizon0,0,model_x_v2_s10,0,4,103,25,0.5,0.5,0.5,25,0,25,0,0.5,0,0,25,0.0,0.0,1.0
control_horizon0,0,model_x_v2_s10,1,0,102,26,0.5,0.5,0.5,26,0,26,0,0.5,0,0,26,0.0,0.0,1.0
control_horizon0,0,model_x_v2_s10,1,1,102,26,0.5,0.5,0.5,26,0,26,0,0.5,0,0,26,0.0,0.0,1.0
control_horizon0,0,model_x_v2_s10,1,2,102,26,0.5,0.5,0.5,26,0,26,0,0.5,0,0,26,0.0,0.0,1.0
control_horizon0,0,model_x_v2_s10,1,3,103,25,0.5,0.5,0.5,25,0,25,0,0.5,0,0,25,0.0,0.0,1.0
control_horizon0,0,model_x_v2_s10,1,4,103,25,0.5,0.5,0.5,25,0,25,0,0.5,0,0,25,0.0,0.0,1.0
control_horizon0,0,model_x_v2_s10,2,0,102,26,0.5,0.5,0.5,26,0,26,0,0.5,0,0,26,0.0,0.0,1.0
control_horizon0,0,model_x_v2_s10,2,1,102,26,0.5,0.5,0.5,26,0,26,0,0.5,0,0,26,0.0,0.0,1.0
control_horizon0,0,model_x_v2_s10,2,2,102,26,0.5,0.5,0.5,26,0,26,0,0.5,0,0,26,0.0,0.0,1.0
control_horizon0,0,model_x_v2_s10,2,3,103,25,0.5,0.5,0.5,25,0,25,0,0.5,0,0,25,0.0,0.0,1.0
control_horizon0,0,model_x_v2_s10,2,4,103,25,0.5,0.5,0.5,25,0,25,0,0.5,0,0,25,0.0,0.0,1.0
control_horizon0,0,model_x_v2_s10,3,0,102,26,0.5,0.5,0.5,26,0,26,0,0.5,0,0,26,0.0,0.0,1.0
control_horizon0,0,model_x_v2_s10,3,1,102,26,0.5,0.5,0.5,26,0,26,0,0.5,0,0,26,0.0,0.0,1.0
control_horizon0,0,model_x_v2_s10,3,2,102,26,0.5,0.5,0.5,26,0,26,0,0.5,0,0,26,0.0,0.0,1.0
control_horizon0,0,model_x_v2_s10,3,3,103,25,0.5,0.5,0.5,25,0,25,0,0.5,0,0,25,0.0,0.0,1.0
control_horizon0,0,model_x_v2_s10,3,4,103,25,0.5,0.5,0.5,25,0,25,0,0.5,0,0,25,0.0,0.0,1.0
control_horizon0,0,model_x_v2_s10,4,0,102,26,0.5,0.5,0.5,26,0,26,0,0.5,0,0,26,0.0,0.0,1.0
control_horizon0,0,model_x_v2_s10,4,1,102,26,0.5,0.5,0.5,26,0,26,0,0.5,0,0,26,0.0,0.0,1.0
control_horizon0,0,model_x_v2_s10,4,2,102,26,0.5,0.5,0.5,26,0,26,0,0.5,0,0,26,0.0,0.0,1.0
control_horizon0,0,model_x_v2_s10,4,3,103,25,0.5,0.5,0.5,25,0,25,0,0.5,0,0,25,0.0,0.0,1.0
control_horizon0,0,model_x_v2_s10,4,4,103,25,0.5,0.5,0.5,25,0,25,0,0.5,0,0,25,0.0,0.0,1.0
control_horizon0,0,privileged_model_x_v1_s10,0,0,102,26,0.5,0.5,0.5,26,0,26,0,0.5,0,0,26,0.0,0.0,1.0
control_horizon0,0,privileged_model_x_v1_s10,0,1,102,26,0.5,0.5,0.5,26,0,26,0,0.5,0,0,26,0.0,0.0,1.0
control_horizon0,0,privileged_model_x_v1_s10,0,2,102,26,0.5,0.5,0.5,26,0,26,0,0.5,0,0,26,0.0,0.0,1.0
control_horizon0,0,privileged_model_x_v1_s10,0,3,103,25,0.5,0.5,0.5,25,0,25,0,0.5,0,0,25,0.0,0.0,1.0
control_horizon0,0,privileged_model_x_v1_s10,0,4,103,25,0.5,0.5,0.5,25,0,25,0,0.5,0,0,25,0.0,0.0,1.0
control_horizon0,0,privileged_model_x_v1_s10,1,0,102,26,0.5,0.5,0.5,26,0,26,0,0.5,0,0,26,0.0,0.0,1.0
control_horizon0,0,privileged_model_x_v1_s10,1,1,102,26,0.5,0.5,0.5,26,0,26,0,0.5,0,0,26,0.0,0.0,1.0
control_horizon0,0,privileged_model_x_v1_s10,1,2,102,26,0.5,0.5,0.5,26,0,26,0,0.5,0,0,26,0.0,0.0,1.0
control_horizon0,0,privileged_model_x_v1_s10,1,3,103,25,0.5,0.5,0.5,25,0,25,0,0.5,0,0,25,0.0,0.0,1.0
control_horizon0,0,privileged_model_x_v1_s10,1,4,103,25,0.5,0.5,0.5,25,0,25,0,0.5,0,0,25,0.0,0.0,1.0
control_horizon0,0,privileged_model_x_v1_s10,2,0,102,26,0.5,0.5,0.5,26,0,26,0,0.5,0,0,26,0.0,0.0,1.0
control_horizon0,0,privileged_model_x_v1_s10,2,1,102,26,0.5,0.5,0.5,26,0,26,0,0.5,0,0,26,0.0,0.0,1.0
control_horizon0,0,privileged_model_x_v1_s10,2,2,102,26,0.5,0.5,0.5,26,0,26,0,0.5,0,0,26,0.0,0.0,1.0
control_horizon0,0,privileged_model_x_v1_s10,2,3,103,25,0.5,0.5,0.5,25,0,25,0,0.5,0,0,25,0.0,0.0,1.0
control_horizon0,0,privileged_model_x_v1_s10,2,4,103,25,0.5,0.5,0.5,25,0,25,0,0.5,0,0,25,0.0,0.0,1.0
control_horizon0,0,privileged_model_x_v1_s10,3,0,102,26,0.5,0.5,0.5,26,0,26,0,0.5,0,0,26,0.0,0.0,1.0
control_horizon0,0,privileged_model_x_v1_s10,3,1,102,26,0.5,0.5,0.5,26,0,26,0,0.5,0,0,26,0.0,0.0,1.0
control_horizon0,0,privileged_model_x_v1_s10,3,2,102,26,0.5,0.5,0.5,26,0,26,0,0.5,0,0,26,0.0,0.0,1.0
control_horizon0,0,privileged_model_x_v1_s10,3,3,103,25,0.5,0.5,0.5,25,0,25,0,0.5,0,0,25,0.0,0.0,1.0
control_horizon0,0,privileged_model_x_v1_s10,3,4,103,25,0.5,0.5,0.5,25,0,25,0,0.5,0,0,25,0.0,0.0,1.0
control_horizon0,0,privileged_model_x_v1_s10,4,0,102,26,0.5,0.5,0.5,26,0,26,0,0.5,0,0,26,0.0,0.0,1.0
control_horizon0,0,privileged_model_x_v1_s10,4,1,102,26,0.5,0.5,0.5,26,0,26,0,0.5,0,0,26,0.0,0.0,1.0
control_horizon0,0,privileged_model_x_v1_s10,4,2,102,26,0.5,0.5,0.5,26,0,26,0,0.5,0,0,26,0.0,0.0,1.0
control_horizon0,0,privileged_model_x_v1_s10,4,3,103,25,0.5,0.5,0.5,25,0,25,0,0.5,0,0,25,0.0,0.0,1.0
control_horizon0,0,privileged_model_x_v1_s10,4,4,103,25,0.5,0.5,0.5,25,0,25,0,0.5,0,0,25,0.0,0.0,1.0
control_horizon0,0,model_x_v2_s5_noise_00025m,0,0,102,26,0.4230769230769231,0.4230769230769231,0.4378698224852071,11,11,15,15,0.38461538461538464,10,16,0,-0.06334841628959277,-0.058823529411764705,0.32693958282470703
control_horizon0,0,model_x_v2_s5_noise_00025m,0,1,102,26,0.4230769230769231,0.4230769230769231,0.46005917159763315,11,11,15,15,0.5,13,13,0,-0.0407239819004525,0.009803921568627437,1.0
control_horizon0,0,model_x_v2_s5_noise_00025m,0,2,102,26,0.5384615384615384,0.5384615384615384,0.5103550295857988,14,14,12,12,0.46153846153846156,12,14,0,0.010558069381598794,-0.019607843137254895,0.8450189828872681
control_horizon0,0,model_x_v2_s5_noise_00025m,0,3,103,25,0.48,0.48,0.4368,12,12,13,13,0.44,11,14,0,-0.06448979591836733,-0.08163265306122447,0.6900379657745361
control_horizon0,0,model_x_v2_s5_noise_00025m,0,4,103,25,0.52,0.52,0.536,13,13,12,12,0.6,15,10,0,0.036734693877551024,0.08163265306122458,0.42435622215270996
control_horizon0,0,model_x_v2_s5_noise_00025m,1,0,102,26,0.4230769230769231,0.4230769230769231,0.39644970414201186,11,11,15,15,0.2692307692307692,7,19,0,-0.10558069381598793,-0.09803921568627451,0.028959274291992188
control_horizon0,0,model_x_v2_s5_noise_00025m,1,1,102,26,0.46153846153846156,0.46153846153846156,0.47633136094674555,12,12,14,14,0.34615384615384615,9,17,0,-0.024132730015082957,-0.04901960784313723,0.16863754391670227
control_horizon0,0,model_x_v2_s5_noise_00025m,1,2,102,26,0.46153846153846156,0.46153846153846156,0.4260355029585799,12,12,14,14,0.38461538461538464,10,16,0,-0.07541478129713425,-0.08823529411764708,0.32693958282470703
control_horizon0,0,model_x_v2_s5_noise_00025m,1,3,103,25,0.48,0.48,0.4432,12,12,13,13,0.32,8,17,0,-0.05795918367346939,-0.10204081632653061,0.10775214433670044
control_horizon0,0,model_x_v2_s5_noise_00025m,1,4,103,25,0.52,0.52,0.464,13,13,12,12,0.48,12,13,0,-0.036734693877551024,-0.020408163265306145,1.0
control_horizon0,0,model_x_v2_s5_noise_00025m,2,0,102,26,0.4230769230769231,0.4230769230769231,0.4881656804733728,11,11,15,15,0.6153846153846154,16,10,0,-0.012066365007541482,0.019607843137254943,0.32693958282470703
control_horizon0,0,model_x_v2_s5_noise_00025m,2,1,102,26,0.5,0.5,0.48668639053254437,13,13,13,13,0.4230769230769231,11,15,0,-0.013574660633484186,-0.06862745098039219,0.557197093963623
control_horizon0,0,model_x_v2_s5_noise_00025m,2,2,102,26,0.5,0.5,0.4718934911242604,13,13,13,13,0.5769230769230769,15,11,0,-0.028657616892911016,0.039215686274509776,0.557197093963623
control_horizon0,0,model_x_v2_s5_noise_00025m,2,3,103,25,0.44,0.44,0.376,11,11,14,14,0.32,8,17,0,-0.12653061224489792,-0.12244897959183673,0.10775214433670044
control_horizon0,0,model_x_v2_s5_noise_00025m,2,4,103,25,0.48,0.48,0.4544,12,12,13,13,0.36,9,16,0,-0.046530612244897955,-0.020408163265306145,0.2295229434967041
control_horizon0,0,model_x_v2_s5_noise_00025m,3,0,102,26,0.5384615384615384,0.5384615384615384,0.48668639053254437,14,14,12,12,0.5,13,13,0,-0.013574660633484153,0.009803921568627492,1.0
control_horizon0,0,model_x_v2_s5_noise_00025m,3,1,102,26,0.5769230769230769,0.5769230769230769,0.5473372781065089,15,15,11,11,0.6153846153846154,16,10,0,0.0482654600301659,0.058823529411764705,0.32693958282470703
control_horizon0,0,model_x_v2_s5_noise_00025m,3,2,102,26,0.4230769230769231,0.4230769230769231,0.46005917159763315,11,11,15,15,0.5384615384615384,14,12,0,-0.0407239819004525,0.019607843137254916,0.8450189828872681
control_horizon0,0,model_x_v2_s5_noise_00025m,3,3,103,25,0.4,0.4,0.4448,10,10,15,15,0.32,8,17,0,-0.056326530612244886,-0.061224489795918366,0.10775214433670044
control_horizon0,0,model_x_v2_s5_noise_00025m,3,4,103,25,0.4,0.4,0.4336,10,10,15,15,0.44,11,14,0,-0.06775510204081632,-0.020408163265306145,0.6900379657745361
control_horizon0,0,model_x_v2_s5_noise_00025m,4,0,102,26,0.46153846153846156,0.46153846153846156,0.46745562130177515,12,12,14,14,0.5,13,13,0,-0.03318250377073905,-0.019607843137254916,1.0
control_horizon0,0,model_x_v2_s5_noise_00025m,4,1,102,26,0.4230769230769231,0.4230769230769231,0.4156804733727811,11,11,15,15,0.34615384615384615,9,17,0,-0.08597285067873303,-0.11764705882352938,0.16863754391670227
control_horizon0,0,model_x_v2_s5_noise_00025m,4,2,102,26,0.46153846153846156,0.46153846153846156,0.4807692307692308,12,12,14,14,0.46153846153846156,12,14,0,-0.0196078431372549,-0.03921568627450981,0.8450189828872681
control_horizon0,0,model_x_v2_s5_noise_00025m,4,3,103,25,0.52,0.52,0.5056,13,13,12,12,0.52,13,12,0,0.005714285714285719,0.06122448979591837,1.0
control_horizon0,0,model_x_v2_s5_noise_00025m,4,4,103,25,0.48,0.48,0.5136,12,12,13,13,0.52,13,12,0,0.01387755102040815,0.020408163265306145,1.0
control_horizon0,0,model_x_v2_s5_noise_0005m,0,0,102,26,0.4230769230769231,0.4230769230769231,0.41420118343195267,11,11,15,15,0.38461538461538464,10,16,0,-0.08748114630467571,-0.17647058823529407,0.32693958282470703
control_horizon0,0,model_x_v2_s5_noise_0005m,0,1,102,26,0.4230769230769231,0.4230769230769231,0.4437869822485207,11,11,15,15,0.38461538461538464,10,16,0,-0.05731523378582204,-0.1568627450980392,0.32693958282470703
control_horizon0,0,model_x_v2_s5_noise_0005m,0,2,102,26,0.5,0.5,0.5266272189349113,13,13,13,13,0.5384615384615384,14,12,0,0.027149321266968326,0.06862745098039214,0.8450189828872681
control_horizon0,0,model_x_v2_s5_noise_0005m,0,3,103,25,0.44,0.44,0.4768,11,11,14,14,0.44,11,14,0,-0.023673469387755105,-0.08163265306122447,0.6900379657745361
control_horizon0,0,model_x_v2_s5_noise_0005m,0,4,103,25,0.44,0.44,0.4208,11,11,14,14,0.56,14,11,0,-0.08081632653061226,0.020408163265306145,0.6900379657745361
control_horizon0,0,model_x_v2_s5_noise_0005m,1,0,102,26,0.46153846153846156,0.46153846153846156,0.39644970414201186,12,12,14,14,0.34615384615384615,9,17,0,-0.10558069381598792,-0.21568627450980388,0.16863754391670227
control_horizon0,0,model_x_v2_s5_noise_0005m,1,1,102,26,0.46153846153846156,0.46153846153846156,0.46449704142011833,12,12,14,14,0.4230769230769231,11,15,0,-0.036199095022624465,-0.05882352941176469,0.557197093963623
control_horizon0,0,model_x_v2_s5_noise_0005m,1,2,102,26,0.46153846153846156,0.46153846153846156,0.4511834319526627,12,12,14,14,0.46153846153846156,12,14,0,-0.049773755656108594,-0.029411764705882304,0.8450189828872681
control_horizon0,0,model_x_v2_s5_noise_0005m,1,3,103,25,0.44,0.44,0.4512,11,11,14,14,0.48,12,13,0,-0.04979591836734693,-0.02040816326530612,1.0
control_horizon0,0,model_x_v2_s5_noise_0005m,1,4,103,25,0.48,0.48,0.432,12,12,13,13,0.36,9,16,0,-0.06938775510204083,-0.04081632653061229,0.2295229434967041
control_horizon0,0,model_x_v2_s5_noise_0005m,2,0,102,26,0.5,0.5,0.4437869822485207,13,13,13,13,0.4230769230769231,11,15,0,-0.057315233785822026,-0.058823529411764774,0.557197093963623
control_horizon0,0,model_x_v2_s5_noise_0005m,2,1,102,26,0.46153846153846156,0.46153846153846156,0.4245562130177515,12,12,14,14,0.3076923076923077,8,18,0,-0.07692307692307694,-0.10784313725490202,0.07551869750022888
control_horizon0,0,model_x_v2_s5_noise_0005m,2,2,102,26,0.5,0.5,0.507396449704142,13,13,13,13,0.5384615384615384,14,12,0,0.007541478129713437,0.029411764705882373,0.8450189828872681
control_horizon0,0,model_x_v2_s5_noise_0005m,2,3,103,25,0.52,0.52,0.4752,13,13,12,12,0.4,10,15,0,-0.025306122448979607,-0.1224489795918367,0.42435622215270996
control_horizon0,0,model_x_v2_s5_noise_0005m,2,4,103,25,0.48,0.48,0.448,12,12,13,13,0.44,11,14,0,-0.053061224489795895,-0.061224489795918324,0.6900379657745361
control_horizon0,0,model_x_v2_s5_noise_0005m,3,0,102,26,0.46153846153846156,0.46153846153846156,0.4230769230769231,12,12,14,14,0.34615384615384615,9,17,0,-0.0784313725490196,-0.13725490196078427,0.16863754391670227
control_horizon0,0,model_x_v2_s5_noise_0005m,3,1,102,26,0.46153846153846156,0.46153846153846156,0.4245562130177515,12,12,14,14,0.38461538461538464,10,16,0,-0.07692307692307693,-0.19607843137254902,0.32693958282470703
control_horizon0,0,model_x_v2_s5_noise_0005m,3,2,102,26,0.4230769230769231,0.4230769230769231,0.4378698224852071,11,11,15,15,0.5,13,13,0,-0.06334841628959277,-1.3877787807814457e-17,1.0
control_horizon0,0,model_x_v2_s5_noise_0005m,3,3,103,25,0.44,0.44,0.4048,11,11,14,14,0.44,11,14,0,-0.09714285714285714,-0.18367346938775514,0.6900379657745361
control_horizon0,0,model_x_v2_s5_noise_0005m,3,4,103,25,0.56,0.56,0.5472,14,14,11,11,0.56,14,11,0,0.048163265306122444,0.040816326530612235,0.6900379657745361
control_horizon0,0,model_x_v2_s5_noise_0005m,4,0,102,26,0.5384615384615384,0.5384615384615384,0.5103550295857988,14,14,12,12,0.5384615384615384,14,12,0,0.010558069381598794,0.06862745098039215,0.8450189828872681
control_horizon0,0,model_x_v2_s5_noise_0005m,4,1,102,26,0.5,0.5,0.5236686390532544,13,13,13,13,0.38461538461538464,10,16,0,0.02413273001508295,-0.03921568627450979,0.32693958282470703
control_horizon0,0,model_x_v2_s5_noise_0005m,4,2,102,26,0.46153846153846156,0.46153846153846156,0.4467455621301775,12,12,14,14,0.46153846153846156,12,14,0,-0.054298642533936646,-0.05882352941176469,0.8450189828872681
control_horizon0,0,model_x_v2_s5_noise_0005m,4,3,103,25,0.48,0.48,0.5376,12,12,13,13,0.4,10,15,0,0.03836734693877552,-0.08163265306122448,0.42435622215270996
control_horizon0,0,model_x_v2_s5_noise_0005m,4,4,103,25,0.36,0.36,0.3728,9,9,16,16,0.36,9,16,0,-0.12979591836734694,-0.163265306122449,0.2295229434967041
control_horizon0,0,model_x_v2_s5_noise_001m,0,0,102,26,0.5769230769230769,0.5769230769230769,0.5399408284023669,15,15,11,11,0.6153846153846154,16,10,0,0.0407239819004525,0.11764705882352944,0.32693958282470703
control_horizon0,0,model_x_v2_s5_noise_001m,0,1,102,26,0.5,0.5,0.46449704142011833,13,13,13,13,0.5384615384615384,14,12,0,-0.036199095022624424,0.06862745098039216,0.8450189828872681
control_horizon0,0,model_x_v2_s5_noise_001m,0,2,102,26,0.5,0.5,0.4541420118343195,13,13,13,13,0.34615384615384615,9,17,0,-0.046757164404223235,-0.05882352941176472,0.16863754391670227
control_horizon0,0,model_x_v2_s5_noise_001m,0,3,103,25,0.56,0.56,0.592,14,14,11,11,0.56,14,11,0,0.09387755102040816,0.08163265306122447,0.6900379657745361
control_horizon0,0,model_x_v2_s5_noise_001m,0,4,103,25,0.6,0.6,0.6288,15,15,10,10,0.56,14,11,0,0.13142857142857142,0.2448979591836735,0.6900379657745361
control_horizon0,0,model_x_v2_s5_noise_001m,1,0,102,26,0.5769230769230769,0.5769230769230769,0.6079881656804734,15,15,11,11,0.6538461538461539,17,9,0,0.11010558069381599,0.08823529411764704,0.16863754391670227
control_horizon0,0,model_x_v2_s5_noise_001m,1,1,102,26,0.5,0.5,0.5355029585798816,13,13,13,13,0.5,13,13,0,0.03619909502262443,0.02941176470588236,1.0
control_horizon0,0,model_x_v2_s5_noise_001m,1,2,102,26,0.5769230769230769,0.5769230769230769,0.5828402366863905,15,15,11,11,0.6153846153846154,16,10,0,0.08446455505279034,0.08823529411764705,0.32693958282470703
control_horizon0,0,model_x_v2_s5_noise_001m,1,3,103,25,0.56,0.56,0.5776,14,14,11,11,0.64,16,9,0,0.07918367346938775,0.08163265306122447,0.2295229434967041
control_horizon0,0,model_x_v2_s5_noise_001m,1,4,103,25,0.4,0.4,0.4464,10,10,15,15,0.48,12,13,0,-0.054693877551020405,-0.02040816326530612,1.0
control_horizon0,0,model_x_v2_s5_noise_001m,2,0,102,26,0.5,0.5,0.5488165680473372,13,13,13,13,0.6153846153846154,16,10,0,0.049773755656108594,0.1568627450980392,0.32693958282470703
control_horizon0,0,model_x_v2_s5_noise_001m,2,1,102,26,0.5769230769230769,0.5769230769230769,0.5517751479289941,15,15,11,11,0.5769230769230769,15,11,0,0.05279034690799397,0.06862745098039219,0.557197093963623
control_horizon0,0,model_x_v2_s5_noise_001m,2,2,102,26,0.46153846153846156,0.46153846153846156,0.4289940828402367,12,12,14,14,0.38461538461538464,10,16,0,-0.07239819004524886,-0.09803921568627452,0.32693958282470703
control_horizon0,0,model_x_v2_s5_noise_001m,2,3,103,25,0.48,0.48,0.4816,12,12,13,13,0.64,16,9,0,-0.01877551020408164,0.12244897959183673,0.2295229434967041
control_horizon0,0,model_x_v2_s5_noise_001m,2,4,103,25,0.52,0.52,0.6064,13,13,12,12,0.64,16,9,0,0.10857142857142855,0.08163265306122448,0.2295229434967041
control_horizon0,0,model_x_v2_s5_noise_001m,3,0,102,26,0.46153846153846156,0.46153846153846156,0.47633136094674555,12,12,14,14,0.5,13,13,0,-0.024132730015082957,0.019607843137254888,1.0
control_horizon0,0,model_x_v2_s5_noise_001m,3,1,102,26,0.46153846153846156,0.46153846153846156,0.5473372781065089,12,12,14,14,0.5769230769230769,15,11,0,0.048265460030165915,0.1470588235294118,0.557197093963623
control_horizon0,0,model_x_v2_s5_noise_001m,3,2,102,26,0.5384615384615384,0.5384615384615384,0.5236686390532544,14,14,12,12,0.5384615384615384,14,12,0,0.024132730015082957,0.029411764705882387,0.8450189828872681
control_horizon0,0,model_x_v2_s5_noise_001m,3,3,103,25,0.32,0.32,0.3584,8,8,17,17,0.4,10,15,0,-0.1444897959183674,-0.30612244897959184,0.42435622215270996
control_horizon0,0,model_x_v2_s5_noise_001m,3,4,103,25,0.52,0.52,0.5152,13,13,12,12,0.64,16,9,0,0.015510204081632643,0.04081632653061226,0.2295229434967041
control_horizon0,0,model_x_v2_s5_noise_001m,4,0,102,26,0.46153846153846156,0.46153846153846156,0.4881656804733728,12,12,14,14,0.5769230769230769,15,11,0,-0.012066365007541482,0.07843137254901955,0.557197093963623
control_horizon0,0,model_x_v2_s5_noise_001m,4,1,102,26,0.5,0.5,0.47337278106508873,13,13,13,13,0.38461538461538464,10,16,0,-0.027149321266968323,-0.1176470588235294,0.32693958282470703
control_horizon0,0,model_x_v2_s5_noise_001m,4,2,102,26,0.5,0.5,0.5576923076923077,13,13,13,13,0.6153846153846154,16,10,0,0.058823529411764705,0.1862745098039216,0.32693958282470703
control_horizon0,0,model_x_v2_s5_noise_001m,4,3,103,25,0.44,0.44,0.472,11,11,14,14,0.44,11,14,0,-0.02857142857142859,-0.020408163265306145,0.6900379657745361
control_horizon0,0,model_x_v2_s5_noise_001m,4,4,103,25,0.48,0.48,0.6,12,12,13,13,0.72,18,7,0,0.10204081632653061,0.16326530612244905,0.043285250663757324
