idm_policy,future_source,future_source_uses_condition_label,condition,visible_seed,episode_idx,step_idx,fraction_before,fraction_after,fraction_delta,done_after,reward,model_x_ood_l2,model_x_ood_mean_abs,input_nn_l2,future_std_mean,future_norm,future_nn_l2,future_nn_mae,future_nearest_condition,future_condition_match,chosen_sample_idx,retrieval_index,action_ood,clip_frac,pose0_x,pose0_y,pose1_x,pose1_y,pull_len,pose0_step_delta,pose1_step_delta,scope
phase39b_xy_only_high_weight,ddpm_mean,0,free,311000,0,0,0.5,0.25,-0.25,0,-0.25,nan,nan,0.010705999098718166,0.04020591452717781,0.45865166187286377,0.04590155929327011,0.019511394202709198,hidden_high_friction,0,-1,-1,0.3216981589794159,0.0,0.5402494072914124,-0.2090294063091278,0.530847430229187,0.008985739201307297,0.21821779012680054,nan,nan,phase3_11_future_source_swap_no_phase4_no_cps
phase39b_xy_only_high_weight,ddpm_mean,0,free,311000,0,1,0.25,0.041666666666666664,-0.20833333333333334,0,-0.20833333333333334,nan,nan,0.06901174038648605,0.039804697036743164,0.45936739444732666,0.04741256311535835,0.020055869594216347,hidden_high_friction,0,-1,-1,0.15768752992153168,0.0,0.5310524106025696,-0.13180327415466309,0.5222461223602295,-0.007238442078232765,0.12487573176622391,0.07777184247970581,0.018363185226917267,phase3_11_future_source_swap_no_phase4_no_cps
phase39b_xy_only_high_weight,ddpm_mean,0,free,311000,0,2,0.041666666666666664,0.0,-0.041666666666666664,0,-0.041666666666666664,nan,nan,0.06136610358953476,0.03902324289083481,0.4563484489917755,0.046807125210762024,0.024753006175160408,hidden_breakaway_pin,0,-1,-1,0.1398070752620697,0.0,0.5378319025039673,-0.07493232190608978,0.5295472145080566,-0.03331172838807106,0.042437128722667694,0.057273611426353455,0.027076229453086853,phase3_11_future_source_swap_no_phase4_no_cps
phase39b_xy_only_high_weight,ddpm_mean,0,free,311000,0,3,0.0,0.0,0.0,0,0.0,nan,nan,0.05347222089767456,0.03147505223751068,0.4640260338783264,0.06301134824752808,0.02964230626821518,hidden_high_friction,0,-1,-1,0.1779656708240509,0.0,0.5238350033760071,-0.06694227457046509,0.49735990166664124,-0.13386443257331848,0.07196878641843796,0.01611688733100891,0.10557873547077179,phase3_11_future_source_swap_no_phase4_no_cps
phase39b_xy_only_high_weight,ddpm_mean,0,free,311000,0,4,0.0,0.0,0.0,0,0.0,nan,nan,0.04938617721199989,0.030319157987833023,0.46332162618637085,0.06576606631278992,0.030781591311097145,hidden_high_friction,0,-1,-1,0.10910994559526443,0.0,0.4958671033382416,-0.012185977771878242,0.471154123544693,-0.029041077941656113,0.029913639649748802,0.0614854097366333,0.1080494225025177,phase3_11_future_source_swap_no_phase4_no_cps
phase39b_xy_only_high_weight,ddpm_mean,0,free,311000,0,5,0.0,0.0,0.0,0,0.0,nan,nan,0.046042922884225845,0.028752095997333527,0.4513570964336395,0.06646687537431717,0.03224089741706848,hidden_high_friction,0,-1,-1,0.314482718706131,0.0,0.5425436496734619,0.06903403252363205,0.5431655049324036,0.13000689446926117,0.06097603589296341,0.09367705136537552,0.17459066212177277,phase3_11_future_source_swap_no_phase4_no_cps
phase39b_xy_only_high_weight,ddpm_mean,0,free,311000,0,6,0.0,0.0,0.0,0,0.0,nan,nan,0.05478079617023468,0.040227822959423065,0.45849183201789856,0.04542815685272217,0.019348084926605225,hidden_high_friction,0,-1,-1,0.12049534916877747,0.0,0.5472297072410583,-0.00017579272389411926,0.5163149833679199,0.012329265475273132,0.03334811329841614,0.06936828792095184,0.12070201337337494,phase3_11_future_source_swap_no_phase4_no_cps
phase39b_xy_only_high_weight,ddpm_mean,0,free,311000,0,7,0.0,0.0,0.0,0,0.0,nan,nan,0.06010380759835243,0.04011112451553345,0.4551193118095398,0.04226813092827797,0.0187528058886528,hidden_high_friction,0,-1,-1,0.15298345685005188,0.0,0.5436841249465942,-0.02075004391372204,0.5395596027374268,0.031209588050842285,0.05212307721376419,0.020877523347735405,0.02994626760482788,phase3_11_future_source_swap_no_phase4_no_cps
phase39b_xy_only_high_weight,ddpm_mean,0,free,311000,0,8,0.0,0.0,0.0,0,0.0,nan,nan,0.0531751848757267,0.04041428864002228,0.45841550827026367,0.0438246950507164,0.018409788608551025,hidden_high_friction,0,-1,-1,0.06717772781848907,0.0,0.5341450572013855,-0.025944942608475685,0.5175737142562866,-0.018540699034929276,0.018150268122553825,0.010861895978450775,0.05439181998372078,phase3_11_future_source_swap_no_phase4_no_cps
phase39b_xy_only_high_weight,ddpm_mean,0,free,311000,0,9,0.0,0.0,0.0,0,0.0,nan,nan,0.052459292113780975,0.04021262377500534,0.4578709900379181,0.045862600207328796,0.020194660872220993,hidden_high_friction,0,-1,-1,0.0723046064376831,0.0,0.5388067960739136,-0.00889335386455059,0.5172299146652222,-0.012176988646388054,0.021825307980179787,0.017677342519164085,0.0063729905523359776,phase3_11_future_source_swap_no_phase4_no_cps
phase39b_xy_only_high_weight,ddpm_mean,0,free,311000,0,10,0.0,0.0,0.0,0,0.0,nan,nan,0.05217645689845085,0.03998269885778427,0.45551759004592896,0.04282764717936516,0.01861076056957245,hidden_high_friction,0,-1,-1,0.12602169811725616,0.0,0.5448036789894104,0.005286131054162979,0.5377135276794434,-0.0046683140099048615,0.012221342884004116,0.015395467169582844,0.021816475316882133,phase3_11_future_source_swap_no_phase4_no_cps
phase39b_xy_only_high_weight,ddpm_mean,0,free,311000,0,11,0.0,0.0,0.0,0,0.0,nan,nan,0.05312073603272438,0.03985653445124626,0.4595004916191101,0.046347904950380325,0.01997384987771511,hidden_high_friction,0,-1,-1,0.10535803437232971,0.0,0.5421575307846069,-0.027027957141399384,0.5309308767318726,-0.03771546483039856,0.015500341542065144,0.032422251999378204,0.03373601287603378,phase3_11_future_source_swap_no_phase4_no_cps
phase39b_xy_only_high_weight,ddpm_mean,0,free,311000,0,12,0.0,0.0,0.0,0,0.0,nan,nan,0.05401020497083664,0.03873336315155029,0.459786057472229,0.049943793565034866,0.021234914660453796,hidden_high_friction,0,-1,-1,0.10927922278642654,0.0,0.5336145162582397,-0.024562131613492966,0.525416910648346,-0.005510043352842331,0.020740848034620285,0.008891759440302849,0.03267404064536095,phase3_11_future_source_swap_no_phase4_no_cps
phase39b_xy_only_high_weight,ddpm_mean,0,free,311000,0,13,0.0,0.0,0.0,0,0.0,nan,nan,0.05122673138976097,0.03799300640821457,0.45782655477523804,0.05019022524356842,0.022185442969202995,hidden_high_friction,0,-1,-1,0.09401243180036545,0.0,0.5334829092025757,-0.020081929862499237,0.5243391990661621,-0.021771617233753204,0.009298520162701607,0.004482134245336056,0.016297247260808945,phase3_11_future_source_swap_no_phase4_no_cps
phase39b_xy_only_high_weight,ddpm_mean,0,free,311000,0,14,0.0,0.0,0.0,0,0.0,nan,nan,0.051965586841106415,0.03728530928492546,0.45601144433021545,0.04892190918326378,0.02326047047972679,hidden_high_friction,0,-1,-1,0.1759161502122879,0.0,0.5478893518447876,0.006662856787443161,0.5363126397132874,0.03737587481737137,0.032822396606206894,0.030378103256225586,0.060347236692905426,phase3_11_future_source_swap_no_phase4_no_cps
phase39b_xy_only_high_weight,ddpm_mean,0,free,311000,0,15,0.0,0.0,0.0,0,0.0,nan,nan,0.05298267677426338,0.03952649608254433,0.45519837737083435,0.04347521811723709,0.019515734165906906,hidden_high_friction,0,-1,-1,0.11302389949560165,0.0,0.5420056581497192,-0.00978105142712593,0.536113440990448,-0.006981015205383301,0.006523681804537773,0.01746482029557228,0.044357337057590485,phase3_11_future_source_swap_no_phase4_no_cps
phase39b_xy_only_high_weight,ddpm_mean,0,free,311001,1,0,0.0,0.0,0.0,0,0.0,nan,nan,0.01537332683801651,0.03944628685712814,0.4579671025276184,0.04620508849620819,0.01962316781282425,hidden_high_friction,0,-1,-1,0.6188997626304626,0.0,0.4340791404247284,-0.4274962842464447,0.5303122997283936,0.05401501804590225,0.49103355407714844,nan,nan,phase3_11_future_source_swap_no_phase4_no_cps
phase39b_xy_only_high_weight,ddpm_mean,0,free,311001,1,1,0.0,0.0,0.0,0,0.0,nan,nan,0.11513213813304901,0.03944145515561104,0.45745500922203064,0.045403655618429184,0.024443117901682854,hidden_breakaway_pin,0,-1,-1,0.32389941811561584,0.0,0.4624072313308716,-0.2215024083852768,0.5197111368179321,-0.020094655454158783,0.20940110087394714,0.20793257653713226,0.07486406713724136,phase3_11_future_source_swap_no_phase4_no_cps
phase39b_xy_only_high_weight,ddpm_mean,0,free,311001,1,2,0.0,0.0,0.0,0,0.0,nan,nan,0.09543213993310928,0.03966297581791878,0.4588485062122345,0.04755717143416405,0.025345010682940483,hidden_breakaway_pin,0,-1,-1,0.2688264548778534,0.0,0.4961110055446625,-0.10860630124807358,0.5218473672866821,-0.024411655962467194,0.0880403220653534,0.11781967431306839,0.004816635046154261,phase3_11_future_source_swap_no_phase4_no_cps
phase39b_xy_only_high_weight,ddpm_mean,0,free,311001,1,3,0.0,0.0,0.0,0,0.0,nan,nan,0.03650042414665222,0.03959006071090698,0.4573051631450653,0.045276883989572525,0.02370317652821541,hidden_breakaway_pin,0,-1,-1,0.16868095099925995,0.0,0.5467902421951294,0.02062891609966755,0.5327230095863342,0.009548898786306381,0.017906809225678444,0.13881687819957733,0.035659484565258026,phase3_11_future_source_swap_no_phase4_no_cps
phase39b_xy_only_high_weight,ddpm_mean,0,free,311001,1,4,0.0,0.0,0.0,0,0.0,nan,nan,0.05145256966352463,0.04005695506930351,0.4574012756347656,0.041879814118146896,0.018742885440587997,hidden_high_friction,0,-1,-1,0.17725969851016998,0.0,0.5509084463119507,0.046675682067871094,0.515395998954773,0.03342866152524948,0.03790273517370224,0.026370316743850708,0.029503699392080307,phase3_11_future_source_swap_no_phase4_no_cps
phase39b_xy_only_high_weight,ddpm_mean,0,free,311001,1,5,0.0,0.0,0.0,0,0.0,nan,nan,0.05334855988621712,0.04028983414173126,0.45832839608192444,0.044481150805950165,0.019275281578302383,hidden_high_friction,0,-1,-1,0.14844171702861786,0.0,0.5352247357368469,0.014246372506022453,0.511234700679779,0.014287009835243225,0.023990068584680557,0.03602275252342224,0.01958875171840191,phase3_11_future_source_swap_no_phase4_no_cps
phase39b_xy_only_high_weight,ddpm_mean,0,free,311001,1,6,0.0,0.0,0.0,0,0.0,nan,nan,0.05313997343182564,0.040134020149707794,0.45468199253082275,0.04197805002331734,0.018633637577295303,hidden_high_friction,0,-1,-1,0.20056188106536865,0.0,0.5432932376861572,0.017371339723467827,0.54410719871521,0.05404685437679291,0.0366845428943634,0.0086525222286582,0.051589205861091614,phase3_11_future_source_swap_no_phase4_no_cps
phase39b_xy_only_high_weight,ddpm_mean,0,free,311001,1,7,0.0,0.0,0.0,0,0.0,nan,nan,0.05112849920988083,0.04041898250579834,0.4583602249622345,0.043239742517471313,0.01827690377831459,hidden_high_friction,0,-1,-1,0.09508277475833893,0.0,0.5234401226043701,-0.00923379696905613,0.5017504692077637,0.0060395747423172,0.026527663692831993,0.03319607675075531,0.06402180343866348,phase3_11_future_source_swap_no_phase4_no_cps
phase39b_xy_only_high_weight,ddpm_mean,0,free,311001,1,8,0.0,0.0,0.0,0,0.0,nan,nan,0.04965484142303467,0.04024696350097656,0.45750513672828674,0.04453929141163826,0.019565291702747345,hidden_high_friction,0,-1,-1,0.09534649550914764,0.0,0.5294957160949707,0.0037272851914167404,0.5216765403747559,0.0093299001455307,0.00961918942630291,0.01430593803524971,0.02019590511918068,phase3_11_future_source_swap_no_phase4_no_cps
phase39b_xy_only_high_weight,ddpm_mean,0,free,311001,1,9,0.0,0.0,0.0,0,0.0,nan,nan,0.049842916429042816,0.03987894952297211,0.4546288847923279,0.04306138679385185,0.018996765837073326,hidden_high_friction,0,-1,-1,0.1907525658607483,0.0,0.5324144959449768,0.023107053712010384,0.5436310768127441,0.037022776901721954,0.01787341758608818,0.019598333165049553,0.03533973917365074,phase3_11_future_source_swap_no_phase4_no_cps
phase39b_xy_only_high_weight,ddpm_mean,0,free,311001,1,10,0.0,0.0,0.0,0,0.0,nan,nan,0.04993772134184837,0.04009575769305229,0.45835748314857483,0.04456712305545807,0.018830236047506332,hidden_high_friction,0,-1,-1,0.12638114392757416,0.0,0.5317918658256531,-0.004611780866980553,0.5328198075294495,-0.0015125684440135956,0.0032652385998517275,0.02772582694888115,0.04002320021390915,phase3_11_future_source_swap_no_phase4_no_cps
phase39b_xy_only_high_weight,ddpm_mean,0,free,311001,1,11,0.0,0.0,0.0,0,0.0,nan,nan,0.05033423379063606,0.0398750975728035,0.4579922556877136,0.047179266810417175,0.019776202738285065,hidden_high_friction,0,-1,-1,0.15196125209331512,0.0,0.5305384397506714,0.005944749340415001,0.5380330085754395,0.013205107301473618,0.010434622876346111,0.010630682110786438,0.015613693743944168,phase3_11_future_source_swap_no_phase4_no_cps
phase39b_xy_only_high_weight,ddpm_mean,0,free,311001,1,12,0.0,0.0,0.0,0,0.0,nan,nan,0.04894236847758293,0.04025422781705856,0.4565524756908417,0.04500938579440117,0.019204193726181984,hidden_high_friction,0,-1,-1,0.14319400489330292,0.0,0.5280489325523376,0.0035322383046150208,0.5419471263885498,0.0003837794065475464,0.014250353910028934,0.003466677851974964,0.013405474834144115,phase3_11_future_source_swap_no_phase4_no_cps
phase39b_xy_only_high_weight,ddpm_mean,0,free,311001,1,13,0.0,0.0,0.0,0,0.0,nan,nan,0.05021972954273224,0.03998769819736481,0.45729541778564453,0.045653361827135086,0.019436387345194817,hidden_high_friction,0,-1,-1,0.11798961460590363,0.0,0.5312374234199524,0.010471677407622337,0.5297608375549316,0.013676416128873825,0.0035285488702356815,0.007636903319507837,0.01803329773247242,phase3_11_future_source_swap_no_phase4_no_cps
phase39b_xy_only_high_weight,ddpm_mean,0,free,311001,1,14,0.0,0.0,0.0,0,0.0,nan,nan,0.04999231547117233,0.039998020976781845,0.4556528329849243,0.04220490902662277,0.018786583095788956,hidden_high_friction,0,-1,-1,0.1823868751525879,0.0,0.5336464643478394,0.010038519278168678,0.5457905530929565,0.01811879128217697,0.01458662748336792,0.002447673352435231,0.0166338961571455,phase3_11_future_source_swap_no_phase4_no_cps
phase39b_xy_only_high_weight,ddpm_mean,0,free,311001,1,15,0.0,0.0,0.0,0,0.0,nan,nan,0.050848376005887985,0.04027100279927254,0.45983925461769104,0.045499950647354126,0.0238441601395607,hidden_breakaway_pin,0,-1,-1,0.10742996633052826,0.0,0.517900288105011,-0.02865191549062729,0.5292172431945801,-0.03478807955980301,0.012873460538685322,0.04177189990878105,0.055441964417696,phase3_11_future_source_swap_no_phase4_no_cps
phase39b_xy_only_high_weight,ddpm_mean,0,free,311002,2,0,0.0,0.0,0.0,0,0.0,nan,nan,0.01923329010605812,0.039608828723430634,0.455612450838089,0.04427655041217804,0.019763756543397903,hidden_high_friction,0,-1,-1,0.668407678604126,0.0,0.3197093605995178,0.3607868254184723,0.5374933481216431,-0.07280080020427704,0.48520931601524353,nan,nan,phase3_11_future_source_swap_no_phase4_no_cps
phase39b_xy_only_high_weight,ddpm_mean,0,free,311002,2,1,0.0,0.0,0.0,0,0.0,nan,nan,0.11232011020183563,0.03970938175916672,0.4588582515716553,0.04720897600054741,0.02135496400296688,hidden_high_friction,0,-1,-1,0.39572209119796753,0.0,0.46947968006134033,0.156326025724411,0.5433559417724609,-0.04216933250427246,0.2117973268032074,0.2534469664096832,0.031187446787953377,phase3_11_future_source_swap_no_phase4_no_cps
phase39b_xy_only_high_weight,ddpm_mean,0,free,311002,2,2,0.0,0.0,0.0,0,0.0,nan,nan,0.10079841315746307,0.039359092712402344,0.4579083025455475,0.04666975885629654,0.023869633674621582,hidden_breakaway_pin,0,-1,-1,0.1951310783624649,0.0,0.4961533546447754,0.06080982834100723,0.5393831133842468,-0.037510719150304794,0.10740456730127335,0.09917070716619492,0.006122584920376539,phase3_11_future_source_swap_no_phase4_no_cps
phase39b_xy_only_high_weight,ddpm_mean,0,free,311002,2,3,0.0,0.0,0.0,0,0.0,nan,nan,0.05881357565522194,0.04011138901114464,0.4567561447620392,0.04113144800066948,0.018190566450357437,hidden_high_friction,0,-1,-1,0.1545492559671402,0.0,0.5277518630027771,0.011271120980381966,0.5286750197410583,0.022093474864959717,0.010861655697226524,0.05875839665532112,0.06055842712521553,phase3_11_future_source_swap_no_phase4_no_cps
phase39b_xy_only_high_weight,ddpm_mean,0,free,311002,2,4,0.0,0.0,0.0,0,0.0,nan,nan,0.046423327177762985,0.04014100134372711,0.45825856924057007,0.04493334889411926,0.019862940534949303,hidden_high_friction,0,-1,-1,0.14810322225093842,0.0,0.5297232866287231,0.0002783294767141342,0.5146387815475464,-0.0015300456434488297,0.015192515216767788,0.011168167926371098,0.027478842064738274,phase3_11_future_source_swap_no_phase4_no_cps
phase39b_xy_only_high_weight,ddpm_mean,0,free,311002,2,5,0.0,0.0,0.0,0,0.0,nan,nan,0.0454852432012558,0.040152039378881454,0.4559559226036072,0.04343896359205246,0.018920231610536575,hidden_high_friction,0,-1,-1,0.21508434414863586,0.0,0.5336536765098572,0.021774323657155037,0.5562872886657715,0.033908650279045105,0.025681165978312492,0.021852362900972366,0.054685454815626144,phase3_11_future_source_swap_no_phase4_no_cps
phase39b_xy_only_high_weight,ddpm_mean,0,free,311002,2,6,0.0,0.0,0.0,0,0.0,nan,nan,0.04969174787402153,0.040326423943042755,0.45993050932884216,0.043703481554985046,0.01986589841544628,hidden_high_friction,0,-1,-1,0.14843270182609558,0.0,0.5238509774208069,0.0034911632537841797,0.4935297667980194,-0.012798452749848366,0.034419868141412735,0.020745284855365753,0.07823081314563751,phase3_11_future_source_swap_no_phase4_no_cps
phase39b_xy_only_high_weight,ddpm_mean,0,free,311002,2,7,0.0,0.0,0.0,0,0.0,nan,nan,0.05002696067094803,0.03994795307517052,0.45761367678642273,0.045323047786951065,0.020124400034546852,hidden_high_friction,0,-1,-1,0.16694365441799164,0.0,0.5212068557739258,0.012660814449191093,0.5207005739212036,-0.014737428165972233,0.02740292064845562,0.009543263353407383,0.027239903807640076,phase3_11_future_source_swap_no_phase4_no_cps
phase39b_xy_only_high_weight,ddpm_mean,0,free,311002,2,8,0.0,0.0,0.0,0,0.0,nan,nan,0.04838840663433075,0.037212274968624115,0.4587005376815796,0.050660427659749985,0.02343582920730114,hidden_high_friction,0,-1,-1,0.2173733413219452,0.0,0.5246845483779907,0.012931158766150475,0.5521060824394226,-0.021175101399421692,0.04376274347305298,0.0034881846513599157,0.032058533281087875,phase3_11_future_source_swap_no_phase4_no_cps
phase39b_xy_only_high_weight,ddpm_mean,0,free,311002,2,9,0.0,0.0,0.0,0,0.0,nan,nan,0.04998340457677841,0.03774762898683548,0.4605465233325958,0.053329940885305405,0.024301718920469284,hidden_high_friction,0,-1,-1,0.08568024635314941,0.0,0.5254049897193909,-0.012914229184389114,0.5193741321563721,-0.030171072110533714,0.018280314281582832,0.025855427607893944,0.03394566476345062,phase3_11_future_source_swap_no_phase4_no_cps
phase39b_xy_only_high_weight,ddpm_mean,0,free,311002,2,10,0.0,0.0,0.0,0,0.0,nan,nan,0.05079636350274086,0.0364624448120594,0.4568403959274292,0.05473201349377632,0.024304121732711792,hidden_high_friction,0,-1,-1,0.24332831799983978,0.0,0.5048686861991882,0.036759622395038605,0.4862782955169678,0.043365463614463806,0.019729159772396088,0.053751569241285324,0.08064091205596924,phase3_11_future_source_swap_no_phase4_no_cps
phase39b_xy_only_high_weight,ddpm_mean,0,free,311002,2,11,0.0,0.0,0.0,0,0.0,nan,nan,0.05143224075436592,0.03900429606437683,0.4585244953632355,0.049354083836078644,0.021056197583675385,hidden_high_friction,0,-1,-1,0.1904241442680359,0.0,0.5250452756881714,0.005927713587880135,0.5391356348991394,-0.03156139329075813,0.040049612522125244,0.03684699907898903,0.09169477224349976,phase3_11_future_source_swap_no_phase4_no_cps
phase39b_xy_only_high_weight,ddpm_mean,0,free,311002,2,12,0.0,0.0,0.0,0,0.0,nan,nan,0.051495857536792755,0.03880022466182709,0.46106860041618347,0.05165279656648636,0.022717103362083435,hidden_high_friction,0,-1,-1,0.1920624077320099,0.0,0.5188809633255005,0.01254083402454853,0.49963441491127014,-0.006255500018596649,0.02690226398408413,0.009040581062436104,0.04691198840737343,phase3_11_future_source_swap_no_phase4_no_cps
phase39b_xy_only_high_weight,ddpm_mean,0,free,311002,2,13,0.0,0.0,0.0,0,0.0,nan,nan,0.05074028670787811,0.03826586529612541,0.45610588788986206,0.044884566217660904,0.020970871672034264,hidden_high_friction,0,-1,-1,0.2307468056678772,0.0,0.5308730006217957,0.034958310425281525,0.4896143972873688,0.053474463522434235,0.04522300511598587,0.025423457846045494,0.060564588755369186,phase3_11_future_source_swap_no_phase4_no_cps
phase39b_xy_only_high_weight,ddpm_mean,0,free,311002,2,14,0.0,0.08333333333333333,0.08333333333333333,0,0.08333333333333333,nan,nan,0.05305735766887665,0.037035778164863586,0.4607624411582947,0.05512551590800285,0.028553415089845657,hidden_breakaway_pin,0,-1,-1,0.1527530401945114,0.0,0.5105507969856262,-0.01654631271958351,0.49540242552757263,-0.047152552753686905,0.0341498926281929,0.055368926376104355,0.10079334676265717,phase3_11_future_source_swap_no_phase4_no_cps
phase39b_xy_only_high_weight,ddpm_mean,0,free,311002,2,15,0.08333333333333333,0.08333333333333333,0.0,0,0.0,nan,nan,0.051294442266225815,0.03537420928478241,0.46085691452026367,0.05752363055944443,0.02599438838660717,hidden_high_friction,0,-1,-1,0.2537420690059662,0.0,0.5051414966583252,0.008000483736395836,0.4683593511581421,-0.00413019023835659,0.03873085975646973,0.025135746225714684,0.05081586167216301,phase3_11_future_source_swap_no_phase4_no_cps
phase39b_xy_only_high_weight,ddpm_mean,0,hidden_breakaway_pin,311000,0,0,0.0,0.0,0.0,0,0.0,nan,nan,0.016875244677066803,0.040221210569143295,0.457337349653244,0.04449659213423729,0.01917632855474949,hidden_high_friction,0,-1,-1,0.46063584089279175,0.0,0.6249753832817078,-0.13717584311962128,0.5388282537460327,0.0022923611104488373,0.16392897069454193,nan,nan,phase3_11_future_source_swap_no_phase4_no_cps
phase39b_xy_only_high_weight,ddpm_mean,0,hidden_breakaway_pin,311000,0,1,0.0,0.0,0.0,0,0.0,nan,nan,0.06712061166763306,0.03984887897968292,0.45777514576911926,0.04598744586110115,0.01999470591545105,hidden_high_friction,0,-1,-1,0.2577563524246216,0.0,0.588560163974762,-0.06527859717607498,0.5349259376525879,0.006848301738500595,0.08988281339406967,0.08059331029653549,0.005998722277581692,phase3_11_future_source_swap_no_phase4_no_cps
phase39b_xy_only_high_weight,ddpm_mean,0,hidden_breakaway_pin,311000,0,2,0.0,0.0,0.0,0,0.0,nan,nan,0.057953327894210815,0.03969944640994072,0.45614907145500183,0.04402361810207367,0.023380784317851067,hidden_breakaway_pin,1,-1,-1,0.22822843492031097,0.0,0.5738295316696167,-0.02871817536652088,0.520232617855072,-0.014210199937224388,0.0555257610976696,0.039416443556547165,0.025677891448140144,phase3_11_future_source_swap_no_phase4_no_cps
phase39b_xy_only_high_weight,ddpm_mean,0,hidden_breakaway_pin,311000,0,3,0.0,0.0,0.0,0,0.0,nan,nan,0.048960067331790924,0.03990589454770088,0.4587115943431854,0.04690122231841087,0.024405203759670258,hidden_breakaway_pin,1,-1,-1,0.1874597668647766,0.0,0.5504851937294006,-0.004717666655778885,0.5060082674026489,-0.02811804786324501,0.050257086753845215,0.03348107635974884,0.019893726333975792,phase3_11_future_source_swap_no_phase4_no_cps
phase39b_xy_only_high_weight,ddpm_mean,0,hidden_breakaway_pin,311000,0,4,0.0,0.0,0.0,0,0.0,nan,nan,0.04738135635852814,0.03985549509525299,0.4589373767375946,0.04546116665005684,0.023916294798254967,hidden_breakaway_pin,1,-1,-1,0.2097623497247696,0.0,0.5626798868179321,-0.0017019491642713547,0.5069911479949951,-0.018310721963644028,0.05811271071434021,0.012562049552798271,0.009856454096734524,phase3_11_future_source_swap_no_phase4_no_cps
phase39b_xy_only_high_weight,ddpm_mean,0,hidden_breakaway_pin,311000,0,5,0.0,0.0,0.0,0,0.0,nan,nan,0.04655597731471062,0.04024094343185425,0.45762500166893005,0.04165470600128174,0.0179901085793972,hidden_high_friction,0,-1,-1,0.2067972719669342,0.0,0.566022515296936,0.010184751823544502,0.5027955174446106,0.014243144541978836,0.06335711479187012,0.012347745709121227,0.032823123037815094,phase3_11_future_source_swap_no_phase4_no_cps
phase39b_xy_only_high_weight,ddpm_mean,0,hidden_breakaway_pin,311000,0,6,0.0,0.0,0.0,0,0.0,nan,nan,0.04788171872496605,0.04039750248193741,0.4589136838912964,0.04463166743516922,0.01908157579600811,hidden_high_friction,0,-1,-1,0.2360822558403015,0.0,0.5624673962593079,-0.005128141492605209,0.5032286643981934,-0.0036288779228925705,0.05925770103931427,0.01572016440331936,0.01787726953625679,phase3_11_future_source_swap_no_phase4_no_cps
phase39b_xy_only_high_weight,ddpm_mean,0,hidden_breakaway_pin,311000,0,7,0.0,0.0,0.0,0,0.0,nan,nan,0.047792986035346985,0.04027644544839859,0.4562861919403076,0.04267677664756775,0.018567459657788277,hidden_high_friction,0,-1,-1,0.2081352323293686,0.0,0.5761073231697083,0.008617125451564789,0.5262618064880371,0.02394074946641922,0.0521477609872818,0.01936439983546734,0.035925060510635376,phase3_11_future_source_swap_no_phase4_no_cps
phase39b_xy_only_high_weight,ddpm_mean,0,hidden_breakaway_pin,311000,0,8,0.0,0.0,0.0,0,0.0,nan,nan,0.047483719885349274,0.04052210971713066,0.4598429501056671,0.0433463379740715,0.019641049206256866,hidden_high_friction,0,-1,-1,0.18724830448627472,0.0,0.5533155798912048,-0.00907048024237156,0.48753196001052856,-0.023150227963924408,0.06727350503206253,0.028849869966506958,0.060971807688474655,phase3_11_future_source_swap_no_phase4_no_cps
phase39b_xy_only_high_weight,ddpm_mean,0,hidden_breakaway_pin,311000,0,9,0.0,0.0,0.0,0,0.0,nan,nan,0.04817606136202812,0.04044872522354126,0.458503782749176,0.04462713003158569,0.01941516622900963,hidden_high_friction,0,-1,-1,0.2250346839427948,0.0,0.5571764707565308,0.006857667118310928,0.500695526599884,-0.0009159687906503677,0.057013388723134995,0.016389397904276848,0.025838764384388924,phase3_11_future_source_swap_no_phase4_no_cps
phase39b_xy_only_high_weight,ddpm_mean,0,hidden_breakaway_pin,311000,0,10,0.0,0.0,0.0,0,0.0,nan,nan,0.045923978090286255,0.03990749642252922,0.45450860261917114,0.04277535527944565,0.01887843757867813,hidden_high_friction,0,-1,-1,0.2230747640132904,0.0,0.5759809017181396,0.008785264566540718,0.5244219899177551,0.012723173946142197,0.05170907452702522,0.018902968615293503,0.02736734040081501,phase3_11_future_source_swap_no_phase4_no_cps
phase39b_xy_only_high_weight,ddpm_mean,0,hidden_breakaway_pin,311000,0,11,0.0,0.0,0.0,0,0.0,nan,nan,0.04848649725317955,0.04031648859381676,0.4593676030635834,0.04407145455479622,0.018376242369413376,hidden_high_friction,0,-1,-1,0.22694364190101624,0.0,0.5647249221801758,-0.01525922678411007,0.516029417514801,-0.03464715927839279,0.0524132065474987,0.0265487227588892,0.048108041286468506,phase3_11_future_source_swap_no_phase4_no_cps
phase39b_xy_only_high_weight,ddpm_mean,0,hidden_breakaway_pin,311000,0,12,0.0,0.0,0.0,0,0.0,nan,nan,0.04821857437491417,0.040084876120090485,0.4576626121997833,0.04618409648537636,0.01935434341430664,hidden_high_friction,0,-1,-1,0.2150852382183075,0.0,0.5648611187934875,0.004385966807603836,0.5168205499649048,0.0030906908214092255,0.048058029264211655,0.01964566484093666,0.03774614259600639,phase3_11_future_source_swap_no_phase4_no_cps
phase39b_xy_only_high_weight,ddpm_mean,0,hidden_breakaway_pin,311000,0,13,0.0,0.0,0.0,0,0.0,nan,nan,0.04640081897377968,0.04041361063718796,0.4571026861667633,0.04411528259515762,0.018586240708827972,hidden_high_friction,0,-1,-1,0.25085386633872986,0.0,0.5645437836647034,6.968900561332703e-05,0.5063102841377258,-0.012807533144950867,0.05964028090238571,0.004327927250415087,0.019058311358094215,phase3_11_future_source_swap_no_phase4_no_cps
phase39b_xy_only_high_weight,ddpm_mean,0,hidden_breakaway_pin,311000,0,14,0.0,0.0,0.0,0,0.0,nan,nan,0.04790972173213959,0.04029174894094467,0.4577828645706177,0.04452471807599068,0.019016383215785027,hidden_high_friction,0,-1,-1,0.2673008143901825,0.0,0.5593522787094116,0.0043122246861457825,0.5072613954544067,-0.006069818511605263,0.05311541259288788,0.006704538129270077,0.0068045142106711864,phase3_11_future_source_swap_no_phase4_no_cps
phase39b_xy_only_high_weight,ddpm_mean,0,hidden_breakaway_pin,311000,0,15,0.0,0.0,0.0,0,0.0,nan,nan,0.04716717079281807,0.04009968787431717,0.4553287923336029,0.04159482568502426,0.018732862547039986,hidden_high_friction,0,-1,-1,0.21333754062652588,0.0,0.5694730877876282,0.010816192254424095,0.5167237520217896,0.016758497804403305,0.053082987666130066,0.012030476704239845,0.02471170201897621,phase3_11_future_source_swap_no_phase4_no_cps
phase39b_xy_only_high_weight,ddpm_mean,0,hidden_breakaway_pin,311001,1,0,0.0,0.0,0.0,0,0.0,nan,nan,0.013898047618567944,0.03852817043662071,0.45863059163093567,0.05088873952627182,0.022617343813180923,hidden_high_friction,0,-1,-1,0.5708821415901184,0.0,0.4191611111164093,-0.36054691672325134,0.5269789695739746,0.04420541226863861,0.41886648535728455,nan,nan,phase3_11_future_source_swap_no_phase4_no_cps
phase39b_xy_only_high_weight,ddpm_mean,0,hidden_breakaway_pin,311001,1,1,0.0,0.0,0.0,0,0.0,nan,nan,0.10851264744997025,0.03801657259464264,0.4594021737575531,0.05146554112434387,0.02678157016634941,hidden_breakaway_pin,1,-1,-1,0.6561163067817688,0.0,0.43884092569351196,-0.29021546244621277,0.5181419253349304,-0.029576607048511505,0.2724357843399048,0.0730329304933548,0.0743093490600586,phase3_11_future_source_swap_no_phase4_no_cps
phase39b_xy_only_high_weight,ddpm_mean,0,hidden_breakaway_pin,311001,1,2,0.0,0.0,0.0,0,0.0,nan,nan,0.10346103459596634,0.03895192965865135,0.45985856652259827,0.050357650965452194,0.026393435895442963,hidden_breakaway_pin,1,-1,-1,0.48004376888275146,0.0,0.4726504981517792,-0.24022571742534637,0.5043847560882568,-0.061740752309560776,0.18128414452075958,0.06034949794411659,0.03498273715376854,phase3_11_future_source_swap_no_phase4_no_cps
phase39b_xy_only_high_weight,ddpm_mean,0,hidden_breakaway_pin,311001,1,3,0.0,0.0,0.0,0,0.0,nan,nan,0.10284282267093658,0.038621388375759125,0.45640307664871216,0.04844183847308159,0.021923525258898735,hidden_high_friction,0,-1,-1,0.615543782711029,0.0,0.5120957493782043,-0.16636833548545837,0.5366978645324707,-0.043813176453113556,0.12500011920928955,0.08373076468706131,0.036953143775463104,phase3_11_future_source_swap_no_phase4_no_cps
phase39b_xy_only_high_weight,ddpm_mean,0,hidden_breakaway_pin,311001,1,4,0.0,0.0,0.0,0,0.0,nan,nan,0.0982256755232811,0.039287153631448746,0.4579044580459595,0.04581987485289574,0.020810380578041077,hidden_high_friction,0,-1,-1,0.6145820617675781,0.0,0.48574668169021606,-0.19098888337612152,0.5210146903991699,-0.03894685208797455,0.15607886016368866,0.03606168180704117,0.016420811414718628,phase3_11_future_source_swap_no_phase4_no_cps
phase39b_xy_only_high_weight,ddpm_mean,0,hidden_breakaway_pin,311001,1,5,0.0,0.0,0.0,0,0.0,nan,nan,0.09891580790281296,0.039843346923589706,0.45909973978996277,0.04675878956913948,0.020719433203339577,hidden_high_friction,0,-1,-1,0.5826906561851501,0.0,0.4752773642539978,-0.2198605239391327,0.5326576232910156,-0.025397423654794693,0.2027520388364792,0.030711207538843155,0.01786462776362896,phase3_11_future_source_swap_no_phase4_no_cps
phase39b_xy_only_high_weight,ddpm_mean,0,hidden_breakaway_pin,311001,1,6,0.0,0.0,0.0,0,0.0,nan,nan,0.09767502546310425,0.03953017666935921,0.4541861414909363,0.04388166591525078,0.01952502317726612,hidden_high_friction,0,-1,-1,0.6121429204940796,0.0,0.47430890798568726,-0.22378318011760712,0.557633101940155,-0.006277918815612793,0.23291942477226257,0.004040437750518322,0.03145361691713333,phase3_11_future_source_swap_no_phase4_no_cps
phase39b_xy_only_high_weight,ddpm_mean,0,hidden_breakaway_pin,311001,1,7,0.0,0.0,0.0,0,0.0,nan,nan,0.09866927564144135,0.039825018495321274,0.4611487090587616,0.04710933193564415,0.020646484568715096,hidden_high_friction,0,-1,-1,0.6231622099876404,0.0,0.476676344871521,-0.22433970868587494,0.5164622068405151,-0.07436198741197586,0.1551651656627655,0.0024319705553352833,0.07956433296203613,phase3_11_future_source_swap_no_phase4_no_cps
phase39b_xy_only_high_weight,ddpm_mean,0,hidden_breakaway_pin,311001,1,8,0.0,0.0,0.0,0,0.0,nan,nan,0.09902352094650269,0.0395701564848423,0.45791342854499817,0.04736921563744545,0.02509154938161373,hidden_breakaway_pin,1,-1,-1,0.5563179850578308,0.0,0.48089390993118286,-0.2088620662689209,0.5274688005447388,-0.04046177491545677,0.17472228407859802,0.016041984781622887,0.035642240196466446,phase3_11_future_source_swap_no_phase4_no_cps
phase39b_xy_only_high_weight,ddpm_mean,0,hidden_breakaway_pin,311001,1,9,0.0,0.0,0.0,0,0.0,nan,nan,0.09845578670501709,0.039121113717556,0.45193371176719666,0.04447849094867706,0.020563291385769844,hidden_high_friction,0,-1,-1,0.5307369828224182,0.0,0.47783762216567993,-0.20791035890579224,0.5524399876594543,-0.020756796002388,0.20147448778152466,0.003201037645339966,0.03180953115224838,phase3_11_future_source_swap_no_phase4_no_cps
phase39b_xy_only_high_weight,ddpm_mean,0,hidden_breakaway_pin,311001,1,10,0.0,0.0,0.0,0,0.0,nan,nan,0.09852837026119232,0.03979852795600891,0.45782697200775146,0.04483828693628311,0.019699491560459137,hidden_high_friction,0,-1,-1,0.544409453868866,0.0,0.47505319118499756,-0.21504077315330505,0.5314695835113525,-0.04596944898366928,0.17823557555675507,0.007654793560504913,0.032793838530778885,phase3_11_future_source_swap_no_phase4_no_cps
phase39b_xy_only_high_weight,ddpm_mean,0,hidden_breakaway_pin,311001,1,11,0.0,0.0,0.0,0,0.0,nan,nan,0.09881778806447983,0.039663154631853104,0.4568888545036316,0.04731786996126175,0.019747508689761162,hidden_high_friction,0,-1,-1,0.5387301445007324,0.0,0.4693894386291504,-0.21483616530895233,0.5387264490127563,-0.024398336187005043,0.20266766846179962,0.005667447112500668,0.02275906503200531,phase3_11_future_source_swap_no_phase4_no_cps
phase39b_xy_only_high_weight,ddpm_mean,0,hidden_breakaway_pin,311001,1,12,0.0,0.0,0.0,0,0.0,nan,nan,0.09879586100578308,0.03963925689458847,0.4579813480377197,0.04650665819644928,0.024188093841075897,hidden_breakaway_pin,1,-1,-1,0.4867326319217682,0.0,0.464554101228714,-0.224232017993927,0.5355789065361023,-0.04208047315478325,0.19550883769989014,0.010567049495875835,0.017960093915462494,phase3_11_future_source_swap_no_phase4_no_cps
phase39b_xy_only_high_weight,ddpm_mean,0,hidden_breakaway_pin,311001,1,13,0.0,0.0,0.0,0,0.0,nan,nan,0.0990959033370018,0.039453234523534775,0.4591093957424164,0.04844206944108009,0.02113308012485504,hidden_high_friction,0,-1,-1,0.5108592510223389,0.0,0.46738263964653015,-0.2125573754310608,0.5339778065681458,-0.0396902821958065,0.18525104224681854,0.012012406252324581,0.00287689664401114,phase3_11_future_source_swap_no_phase4_no_cps
phase39b_xy_only_high_weight,ddpm_mean,0,hidden_breakaway_pin,311001,1,14,0.0,0.0,0.0,0,0.0,nan,nan,0.098741814494133,0.03947185352444649,0.45715615153312683,0.046091776341199875,0.02068949304521084,hidden_high_friction,0,-1,-1,0.5013477802276611,0.0,0.472615510225296,-0.2146286815404892,0.5483033061027527,-0.034942857921123505,0.19497600197792053,0.005627898499369621,0.015091652981936932,phase3_11_future_source_swap_no_phase4_no_cps
phase39b_xy_only_high_weight,ddpm_mean,0,hidden_breakaway_pin,311001,1,15,0.0,0.0,0.0,0,0.0,nan,nan,0.09881360083818436,0.03992145508527756,0.4596617817878723,0.0468839667737484,0.024356825277209282,hidden_breakaway_pin,1,-1,-1,0.5700706243515015,0.0,0.47375255823135376,-0.21844016015529633,0.5302491784095764,-0.046505339443683624,0.18097913265228271,0.003977467305958271,0.02143927477300167,phase3_11_future_source_swap_no_phase4_no_cps
phase39b_xy_only_high_weight,ddpm_mean,0,hidden_breakaway_pin,311002,2,0,0.0,0.20833333333333334,0.20833333333333334,0,0.20833333333333334,nan,nan,0.01645553857088089,0.0394616462290287,0.45737165212631226,0.045116573572158813,0.023530928418040276,hidden_breakaway_pin,1,-1,-1,0.5752131938934326,0.0,0.48477160930633545,-0.3945431113243103,0.5295369625091553,0.013863630592823029,0.4108527600765228,nan,nan,phase3_11_future_source_swap_no_phase4_no_cps
phase39b_xy_only_high_weight,ddpm_mean,0,hidden_breakaway_pin,311002,2,1,0.20833333333333334,0.20833333333333334,0.0,0,0.0,nan,nan,0.11584890633821487,0.027822017669677734,0.46093684434890747,0.07399299740791321,0.03652595728635788,free,0,-1,-1,0.5395300984382629,0.0,0.4857090413570404,-0.24582767486572266,0.5512819290161133,0.04418802261352539,0.2973363697528839,0.14871838688850403,0.037315040826797485,phase3_11_future_source_swap_no_phase4_no_cps
phase39b_xy_only_high_weight,ddpm_mean,0,hidden_breakaway_pin,311002,2,2,0.20833333333333334,0.20833333333333334,0.0,0,0.0,nan,nan,0.0942419245839119,0.03126172721385956,0.4644293785095215,0.06590553373098373,0.03171039745211601,hidden_high_friction,0,-1,-1,0.3456748425960541,0.0,0.4955642819404602,-0.15948954224586487,0.5392721891403198,-0.1292976438999176,0.05312185734510422,0.0868987888097763,0.17390085756778717,phase3_11_future_source_swap_no_phase4_no_cps
phase39b_xy_only_high_weight,ddpm_mean,0,hidden_breakaway_pin,311002,2,3,0.20833333333333334,0.20833333333333334,0.0,0,0.0,nan,nan,0.050072792917490005,0.030850745737552643,0.45809149742126465,0.059634868055582047,0.029663531109690666,hidden_high_friction,0,-1,-1,0.3389110565185547,0.0,0.5213064551353455,-0.0437590554356575,0.5295380353927612,0.006362438201904297,0.05079294368624687,0.118558868765831,0.1360088735818863,phase3_11_future_source_swap_no_phase4_no_cps
phase39b_xy_only_high_weight,ddpm_mean,0,hidden_breakaway_pin,311002,2,4,0.20833333333333334,0.20833333333333334,0.0,0,0.0,nan,nan,0.0531948059797287,0.04018785059452057,0.4590900242328644,0.04595208913087845,0.019743844866752625,hidden_high_friction,0,-1,-1,0.17353898286819458,0.0,0.5339381694793701,-0.03997227922081947,0.528962254524231,-0.03451795130968094,0.007383049465715885,0.013187110424041748,0.04088444262742996,phase3_11_future_source_swap_no_phase4_no_cps
phase39b_xy_only_high_weight,ddpm_mean,0,hidden_breakaway_pin,311002,2,5,0.20833333333333334,0.25,0.04166666666666666,0,0.04166666666666666,nan,nan,0.042798612266778946,0.04012114554643631,0.45616936683654785,0.04381507262587547,0.019125107675790787,hidden_high_friction,0,-1,-1,0.20132982730865479,0.0,0.5327531695365906,-0.06261996179819107,0.5509410500526428,0.006916087120771408,0.07187531143426895,0.022678662091493607,0.046902526170015335,phase3_11_future_source_swap_no_phase4_no_cps
phase39b_xy_only_high_weight,ddpm_mean,0,hidden_breakaway_pin,311002,2,6,0.25,0.25,0.0,0,0.0,nan,nan,0.03607833385467529,0.04060401767492294,0.4590512216091156,0.04392416402697563,0.019629597663879395,hidden_high_friction,0,-1,-1,0.09828279912471771,0.0,0.5149307250976562,-0.08027046918869019,0.5133082270622253,-0.0341712087392807,0.0461278073489666,0.02508345991373062,0.0557170994579792,phase3_11_future_source_swap_no_phase4_no_cps
phase39b_xy_only_high_weight,ddpm_mean,0,hidden_breakaway_pin,311002,2,7,0.25,0.25,0.0,0,0.0,nan,nan,0.03683486580848694,0.040463514626026154,0.4579381048679352,0.04473964124917984,0.019498532637953758,hidden_high_friction,0,-1,-1,0.13209204375743866,0.0,0.5278089642524719,-0.0634835734963417,0.5336140394210815,-0.027372237294912338,0.03657495602965355,0.02115771546959877,0.021413827314972878,phase3_11_future_source_swap_no_phase4_no_cps
phase39b_xy_only_high_weight,ddpm_mean,0,hidden_breakaway_pin,311002,2,8,0.25,0.25,0.0,0,0.0,nan,nan,0.03642737492918968,0.04012134671211243,0.45555588603019714,0.04374157264828682,0.018963931128382683,hidden_high_friction,0,-1,-1,0.16284127533435822,0.0,0.5306954383850098,-0.06351110339164734,0.5466181635856628,-0.02914387360215187,0.037876635789871216,0.002886605216190219,0.013124249875545502,phase3_11_future_source_swap_no_phase4_no_cps
phase39b_xy_only_high_weight,ddpm_mean,0,hidden_breakaway_pin,311002,2,9,0.25,0.25,0.0,0,0.0,nan,nan,0.038084786385297775,0.04017610847949982,0.4595993459224701,0.04487214609980583,0.018917253240942955,hidden_high_friction,0,-1,-1,0.1329171508550644,0.0,0.530062198638916,-0.07146314531564713,0.5329018831253052,-0.04811517894268036,0.02352002076804638,0.007977215573191643,0.02341039851307869,phase3_11_future_source_swap_no_phase4_no_cps
phase39b_xy_only_high_weight,ddpm_mean,0,hidden_breakaway_pin,311002,2,10,0.25,0.25,0.0,0,0.0,nan,nan,0.03779339790344238,0.04014439135789871,0.4580264985561371,0.04632958397269249,0.019315080717206,hidden_high_friction,0,-1,-1,0.13277871906757355,0.0,0.5301957726478577,-0.06249359995126724,0.5357465744018555,-0.016852226108312607,0.045977674424648285,0.008970540016889572,0.03139210864901543,phase3_11_future_source_swap_no_phase4_no_cps
phase39b_xy_only_high_weight,ddpm_mean,0,hidden_breakaway_pin,311002,2,11,0.25,0.25,0.0,0,0.0,nan,nan,0.03732234239578247,0.04037287458777428,0.45803287625312805,0.044458139687776566,0.01868794858455658,hidden_high_friction,0,-1,-1,0.1236383467912674,0.0,0.5263118147850037,-0.06732136756181717,0.5307965278625488,-0.03320787847042084,0.03440701588988304,0.006196165923029184,0.017088308930397034,phase3_11_future_source_swap_no_phase4_no_cps
phase39b_xy_only_high_weight,ddpm_mean,0,hidden_breakaway_pin,311002,2,12,0.25,0.25,0.0,0,0.0,nan,nan,0.03797474876046181,0.04028177633881569,0.45855221152305603,0.04614749550819397,0.01982913911342621,hidden_high_friction,0,-1,-1,0.11350178718566895,0.0,0.5229055881500244,-0.06277115643024445,0.5233516097068787,-0.035670600831508636,0.027104225009679794,0.0056839073076844215,0.00784167181700468,phase3_11_future_source_swap_no_phase4_no_cps
phase39b_xy_only_high_weight,ddpm_mean,0,hidden_breakaway_pin,311002,2,13,0.25,0.25,0.0,0,0.0,nan,nan,0.03734586760401726,0.040099598467350006,0.45667731761932373,0.042497992515563965,0.01917227730154991,hidden_high_friction,0,-1,-1,0.12191824615001678,0.0,0.5276668071746826,-0.06392718106508255,0.5311643481254578,-0.0162351131439209,0.04782014340162277,0.004899551160633564,0.020947005599737167,phase3_11_future_source_swap_no_phase4_no_cps
phase39b_xy_only_high_weight,ddpm_mean,0,hidden_breakaway_pin,311002,2,14,0.25,0.25,0.0,0,0.0,nan,nan,0.037861719727516174,0.040375787764787674,0.45996174216270447,0.045266129076480865,0.02365541085600853,hidden_breakaway_pin,1,-1,-1,0.14120611548423767,0.0,0.5252745747566223,-0.07870525866746902,0.5258380770683289,-0.04945440590381622,0.02925628051161766,0.014970449730753899,0.033643580973148346,phase3_11_future_source_swap_no_phase4_no_cps
phase39b_xy_only_high_weight,ddpm_mean,0,hidden_breakaway_pin,311002,2,15,0.25,0.25,0.0,0,0.0,nan,nan,0.03700212016701698,0.04032342508435249,0.4579354226589203,0.04300463944673538,0.01829477585852146,hidden_high_friction,0,-1,-1,0.13332974910736084,0.0,0.5231267809867859,-0.06320952624082565,0.5255403518676758,-0.02364356629550457,0.03963950276374817,0.015643872320652008,0.025812556967139244,phase3_11_future_source_swap_no_phase4_no_cps
phase39b_xy_only_high_weight,ddpm_mean,0,hidden_high_friction,311000,0,0,0.4166666666666667,0.3333333333333333,-0.08333333333333337,0,-0.08333333333333337,nan,nan,0.016281310468912125,0.03534392639994621,0.46682479977607727,0.058889877051115036,0.027091145515441895,hidden_high_friction,1,-1,-1,0.4102475345134735,0.0,0.46450525522232056,0.14839322865009308,0.4773903489112854,-0.08532865345478058,0.23407678306102753,nan,nan,phase3_11_future_source_swap_no_phase4_no_cps
phase39b_xy_only_high_weight,ddpm_mean,0,hidden_high_friction,311000,0,1,0.3333333333333333,0.3333333333333333,0.0,0,0.0,nan,nan,0.06558632105588913,0.03462345153093338,0.46465763449668884,0.061709847301244736,0.0313049852848053,hidden_high_friction,1,-1,-1,0.3305073380470276,0.0,0.4573558568954468,0.17601729929447174,0.5036134123802185,-0.07547325640916824,0.25570932030677795,0.028534244745969772,0.028013888746500015,phase3_11_future_source_swap_no_phase4_no_cps
phase39b_xy_only_high_weight,ddpm_mean,0,hidden_high_friction,311000,0,2,0.3333333333333333,0.6666666666666666,0.3333333333333333,0,0.3333333333333333,nan,nan,0.06385262310504913,0.03629949316382408,0.46087583899497986,0.05504033342003822,0.027328884229063988,hidden_breakaway_pin,0,-1,-1,0.3417721688747406,0.0,0.4465908408164978,0.1737692505121231,0.5143935084342957,-0.07532180845737457,0.25815412402153015,0.01099724043160677,0.01078115962445736,phase3_11_future_source_swap_no_phase4_no_cps
phase39b_xy_only_high_weight,ddpm_mean,0,hidden_high_friction,311000,0,3,0.6666666666666666,0.6666666666666666,0.0,0,0.0,nan,nan,0.0652017593383789,0.03723544254899025,0.45749151706695557,0.05336929112672806,0.027347344905138016,hidden_breakaway_pin,0,-1,-1,0.3634176552295685,0.0,0.4901132583618164,0.04333870857954025,0.5319790244102478,-0.04891260340809822,0.10130670666694641,0.13750028610229492,0.03172848001122475,phase3_11_future_source_swap_no_phase4_no_cps
phase39b_xy_only_high_weight,ddpm_mean,0,hidden_high_friction,311000,0,4,0.6666666666666666,0.5833333333333334,-0.08333333333333326,0,-0.08333333333333326,nan,nan,0.06615845113992691,0.03561319410800934,0.4601246118545532,0.05643996596336365,0.02578154020011425,hidden_high_friction,1,-1,-1,0.25503790378570557,0.0,0.5255143046379089,0.030284421518445015,0.5261938571929932,0.029569867998361588,0.0009860924910753965,0.037731267511844635,0.0786954015493393,phase3_11_future_source_swap_no_phase4_no_cps
phase39b_xy_only_high_weight,ddpm_mean,0,hidden_high_friction,311000,0,5,0.5833333333333334,0.5833333333333334,0.0,0,0.0,nan,nan,0.051457278430461884,0.03706709295511246,0.4583989083766937,0.05165895074605942,0.023613056167960167,hidden_high_friction,1,-1,-1,0.19411975145339966,0.0,0.5364159345626831,0.02496846579015255,0.5277408957481384,-0.0039297956973314285,0.03017226792871952,0.012128681875765324,0.033535368740558624,phase3_11_future_source_swap_no_phase4_no_cps
phase39b_xy_only_high_weight,ddpm_mean,0,hidden_high_friction,311000,0,6,0.5833333333333334,0.5833333333333334,0.0,0,0.0,nan,nan,0.048382434993982315,0.034523990005254745,0.4617856442928314,0.06177937984466553,0.028848672285676003,hidden_high_friction,1,-1,-1,0.16938361525535583,0.0,0.5363121628761292,-0.018819550052285194,0.531188428401947,0.015146996825933456,0.03435082361102104,0.04378813877701759,0.01938580721616745,phase3_11_future_source_swap_no_phase4_no_cps
phase39b_xy_only_high_weight,ddpm_mean,0,hidden_high_friction,311000,0,7,0.5833333333333334,0.5416666666666666,-0.04166666666666674,0,-0.04166666666666674,nan,nan,0.045690882951021194,0.03216714411973953,0.46181949973106384,0.06183042377233505,0.02930678054690361,hidden_high_friction,1,-1,-1,0.21088148653507233,0.0,0.5432460904121399,-0.010264759883284569,0.5671632289886475,0.013095855712890625,0.033432736992836,0.011011984199285507,0.03603322431445122,phase3_11_future_source_swap_no_phase4_no_cps
phase39b_xy_only_high_weight,ddpm_mean,0,hidden_high_friction,311000,0,8,0.5416666666666666,0.625,0.08333333333333337,0,0.08333333333333337,nan,nan,0.04443863034248352,0.033137429505586624,0.4573478102684021,0.06201574206352234,0.029735131189227104,hidden_high_friction,1,-1,-1,0.07185819745063782,0.0,0.5330169796943665,-0.04471256211400032,0.508456826210022,-0.0433419793844223,0.024598365649580956,0.03593446686863899,0.08143506944179535,phase3_11_future_source_swap_no_phase4_no_cps
phase39b_xy_only_high_weight,ddpm_mean,0,hidden_high_friction,311000,0,9,0.625,0.75,0.125,0,0.125,nan,nan,0.04348650202155113,0.0354754701256752,0.4624462127685547,0.05828951299190521,0.030455920845270157,hidden_breakaway_pin,0,-1,-1,0.17233461141586304,0.0,0.515231192111969,-0.03889816999435425,0.5452938675880432,-0.07102911919355392,0.04400184378027916,0.018712066113948822,0.046081941574811935,phase3_11_future_source_swap_no_phase4_no_cps
phase39b_xy_only_high_weight,ddpm_mean,0,hidden_high_friction,311000,0,10,0.75,0.75,0.0,0,0.0,nan,nan,0.04281962662935257,0.03663833811879158,0.4550294280052185,0.053115036338567734,0.0240738857537508,hidden_high_friction,1,-1,-1,0.21673381328582764,0.0,0.552044153213501,0.02308272384107113,0.5573476552963257,-0.016203902661800385,0.03964298591017723,0.07208900898694992,0.05613464117050171,phase3_11_future_source_swap_no_phase4_no_cps
phase39b_xy_only_high_weight,ddpm_mean,0,hidden_high_friction,311000,0,11,0.75,0.625,-0.125,0,-0.125,nan,nan,0.04763245955109596,0.03639472648501396,0.4630858600139618,0.05793692171573639,0.02710668370127678,hidden_high_friction,1,-1,-1,0.15458542108535767,0.0,0.5173630118370056,-0.04857403039932251,0.4998600482940674,-0.06563375890254974,0.024441523477435112,0.0796082392334938,0.07581645995378494,phase3_11_future_source_swap_no_phase4_no_cps
phase39b_xy_only_high_weight,ddpm_mean,0,hidden_high_friction,311000,0,12,0.625,0.6666666666666666,0.04166666666666663,0,0.04166666666666663,nan,nan,0.04538906365633011,0.0340280681848526,0.4554412364959717,0.06205851212143898,0.02962326817214489,hidden_high_friction,1,-1,-1,0.2675907611846924,0.0,0.5467243194580078,0.01947307027876377,0.5671027898788452,0.003531314432621002,0.025873184204101562,0.07411136478185654,0.09646447002887726,phase3_11_future_source_swap_no_phase4_no_cps
phase39b_xy_only_high_weight,ddpm_mean,0,hidden_high_friction,311000,0,13,0.6666666666666666,0.6666666666666666,0.0,0,0.0,nan,nan,0.042665500193834305,0.03565818816423416,0.45275646448135376,0.05518968030810356,0.025650957599282265,hidden_high_friction,1,-1,-1,0.20400989055633545,0.0,0.5452667474746704,0.0031177327036857605,0.5713533759117126,0.0017262175679206848,0.026123715564608574,0.016420157626271248,0.004617992788553238,phase3_11_future_source_swap_no_phase4_no_cps
phase39b_xy_only_high_weight,ddpm_mean,0,hidden_high_friction,311000,0,14,0.6666666666666666,0.6666666666666666,0.0,0,0.0,nan,nan,0.05103125423192978,0.03698388487100601,0.4526265561580658,0.05344812199473381,0.023629650473594666,hidden_high_friction,1,-1,-1,0.27845877408981323,0.0,0.5339050889015198,0.005259620025753975,0.5464611053466797,-0.007584651932120323,0.01796187274158001,0.01156178954988718,0.026576632633805275,phase3_11_future_source_swap_no_phase4_no_cps
phase39b_xy_only_high_weight,ddpm_mean,0,hidden_high_friction,311000,0,15,0.6666666666666666,0.6666666666666666,0.0,0,0.0,nan,nan,0.045370832085609436,0.03593778982758522,0.4506860375404358,0.05012756586074829,0.02454279735684395,hidden_high_friction,1,-1,-1,0.2314409613609314,0.0,0.5486905574798584,0.0231331754475832,0.5220949053764343,0.016171909868717194,0.027491597458720207,0.023196423426270485,0.03403066098690033,phase3_11_future_source_swap_no_phase4_no_cps
phase39b_xy_only_high_weight,ddpm_mean,0,hidden_high_friction,311001,1,0,0.0,0.0,0.0,0,0.0,nan,nan,0.013745912350714207,0.03043859265744686,0.4552767872810364,0.06393466889858246,0.03269480541348457,hidden_high_friction,1,-1,-1,0.5213841795921326,0.0,0.7277895212173462,0.027601437643170357,0.4390048384666443,0.057360149919986725,0.2903139293193817,nan,nan,phase3_11_future_source_swap_no_phase4_no_cps
phase39b_xy_only_high_weight,ddpm_mean,0,hidden_high_friction,311001,1,1,0.0,0.0,0.0,0,0.0,nan,nan,0.0952749252319336,0.030471624806523323,0.45598381757736206,0.06432187557220459,0.032359927892684937,hidden_high_friction,1,-1,-1,0.4898558259010315,0.0,0.7042363882064819,0.03201032429933548,0.4381660521030426,0.06366205215454102,0.26794636249542236,0.023962227627635002,0.006357478443533182,phase3_11_future_source_swap_no_phase4_no_cps
phase39b_xy_only_high_weight,ddpm_mean,0,hidden_high_friction,311001,1,2,0.0,0.0,0.0,0,0.0,nan,nan,0.10091108083724976,0.03233931586146355,0.463059663772583,0.06377897411584854,0.028890948742628098,hidden_breakaway_pin,0,-1,-1,0.5291860699653625,0.0,0.6694774031639099,0.008672049269080162,0.42893972992897034,0.0148593969643116,0.24061724543571472,0.041867196559906006,0.04966713488101959,phase3_11_future_source_swap_no_phase4_no_cps
phase39b_xy_only_high_weight,ddpm_mean,0,hidden_high_friction,311001,1,3,0.0,0.0,0.0,0,0.0,nan,nan,0.10711619257926941,0.03627723455429077,0.4597293734550476,0.056016553193330765,0.029196633026003838,hidden_breakaway_pin,0,-1,-1,0.5192675590515137,0.0,0.6973956823348999,0.04279593378305435,0.470922589302063,0.04223889857530594,0.22647377848625183,0.044089339673519135,0.05012182518839836,phase3_11_future_source_swap_no_phase4_no_cps
phase39b_xy_only_high_weight,ddpm_mean,0,hidden_high_friction,311001,1,4,0.0,0.0,0.0,0,0.0,nan,nan,0.10445404797792435,0.03691461309790611,0.4594589173793793,0.05325248837471008,0.025302903726696968,hidden_high_friction,1,-1,-1,0.4649534225463867,0.0,0.6928021907806396,0.038754433393478394,0.44624197483062744,0.041240252554416656,0.24657274782657623,0.006118324119597673,0.02470080927014351,phase3_11_future_source_swap_no_phase4_no_cps
phase39b_xy_only_high_weight,ddpm_mean,0,hidden_high_friction,311001,1,5,0.0,0.0,0.0,0,0.0,nan,nan,0.10451560467481613,0.03686206042766571,0.45896267890930176,0.05412030220031738,0.02544231340289116,hidden_high_friction,1,-1,-1,0.45012760162353516,0.0,0.6955710649490356,0.0415581539273262,0.463250994682312,0.05019829422235489,0.23248068988323212,0.00394049659371376,0.019223768264055252,phase3_11_future_source_swap_no_phase4_no_cps
phase39b_xy_only_high_weight,ddpm_mean,0,hidden_high_friction,311001,1,6,0.0,0.0,0.0,0,0.0,nan,nan,0.10629910975694656,0.03705369308590889,0.4603274166584015,0.053095754235982895,0.024400364607572556,hidden_high_friction,1,-1,-1,0.4662383198738098,0.0,0.7079112529754639,0.027008844539523125,0.44402119517326355,0.027510207146406174,0.2638905346393585,0.019077803939580917,0.02974112518131733,phase3_11_future_source_swap_no_phase4_no_cps
phase39b_xy_only_high_weight,ddpm_mean,0,hidden_high_friction,311001,1,7,0.0,0.0,0.0,0,0.0,nan,nan,0.10704606026411057,0.03719136863946915,0.4603796601295471,0.05287019908428192,0.023685652762651443,hidden_high_friction,1,-1,-1,0.5330960750579834,0.0,0.682748556137085,0.053662046790122986,0.4023059904575348,0.0663335919380188,0.28072869777679443,0.036654531955718994,0.05698608234524727,phase3_11_future_source_swap_no_phase4_no_cps
phase39b_xy_only_high_weight,ddpm_mean,0,hidden_high_friction,311001,1,8,0.0,0.0,0.0,0,0.0,nan,nan,0.10694855451583862,0.03844345360994339,0.4605538249015808,0.051006317138671875,0.02323722466826439,hidden_high_friction,1,-1,-1,0.5442579984664917,0.0,0.6908507943153381,0.03873259574174881,0.4475640058517456,0.0303766168653965,0.2434302419424057,0.016986312344670296,0.05780304595828056,phase3_11_future_source_swap_no_phase4_no_cps
phase39b_xy_only_high_weight,ddpm_mean,0,hidden_high_friction,311001,1,9,0.0,0.0,0.0,0,0.0,nan,nan,0.10674386471509933,0.03888881206512451,0.4559043347835541,0.048806529492139816,0.02177821658551693,hidden_high_friction,1,-1,-1,0.5268380045890808,0.0,0.7007251977920532,0.04612258821725845,0.46784478425979614,0.04065153747797012,0.23294466733932495,0.012333524413406849,0.022735081613063812,phase3_11_future_source_swap_no_phase4_no_cps
phase39b_xy_only_high_weight,ddpm_mean,0,hidden_high_friction,311001,1,10,0.0,0.0,0.0,0,0.0,nan,nan,0.1055527776479721,0.03991037607192993,0.4598138928413391,0.044409576803445816,0.019841143861413002,hidden_high_friction,1,-1,-1,0.4859875738620758,0.0,0.6924787759780884,0.027672620490193367,0.4419539272785187,0.015209779143333435,0.2508346438407898,0.02020902745425701,0.03629903122782707,phase3_11_future_source_swap_no_phase4_no_cps
phase39b_xy_only_high_weight,ddpm_mean,0,hidden_high_friction,311001,1,11,0.0,0.0,0.0,0,0.0,nan,nan,0.10609674453735352,0.039701055735349655,0.45931169390678406,0.04787817597389221,0.020406844094395638,hidden_high_friction,1,-1,-1,0.5268599390983582,0.0,0.6951083540916443,0.038948945701122284,0.452431857585907,0.030841164290905,0.2428119033575058,0.011578868143260479,0.018818268552422523,phase3_11_future_source_swap_no_phase4_no_cps
phase39b_xy_only_high_weight,ddpm_mean,0,hidden_high_friction,311001,1,12,0.0,0.0,0.0,0,0.0,nan,nan,0.10643436014652252,0.0400024838745594,0.4600165784358978,0.04686397314071655,0.024120310321450233,hidden_breakaway_pin,0,-1,-1,0.5294829607009888,0.0,0.6886923313140869,0.030539436265826225,0.431718647480011,0.01034902036190033,0.25776562094688416,0.010577579960227013,0.029137004166841507,phase3_11_future_source_swap_no_phase4_no_cps
phase39b_xy_only_high_weight,ddpm_mean,0,hidden_high_friction,311001,1,13,0.0,0.0,0.0,0,0.0,nan,nan,0.10561233758926392,0.03958653286099434,0.4599878191947937,0.047653138637542725,0.02126760594546795,free,0,-1,-1,0.5663470029830933,0.0,0.682160496711731,0.035835884511470795,0.43432414531707764,0.025133859366178513,0.24806731939315796,0.008409353904426098,0.015012663789093494,phase3_11_future_source_swap_no_phase4_no_cps
phase39b_xy_only_high_weight,ddpm_mean,0,hidden_high_friction,311001,1,14,0.0,0.0,0.0,0,0.0,nan,nan,0.1045660674571991,0.036260705441236496,0.4572257399559021,0.05196750536561012,0.024649227038025856,hidden_high_friction,1,-1,-1,0.471385657787323,0.0,0.6954559087753296,0.02783646248281002,0.4465263783931732,0.010074377059936523,0.24956242740154266,0.015516402199864388,0.019382530823349953,phase3_11_future_source_swap_no_phase4_no_cps
phase39b_xy_only_high_weight,ddpm_mean,0,hidden_high_friction,311001,1,15,0.0,0.0,0.0,0,0.0,nan,nan,0.10434147715568542,0.03464168310165405,0.4619969427585602,0.060579586774110794,0.03046066127717495,hidden_breakaway_pin,0,-1,-1,0.4840526878833771,0.0,0.6691722869873047,0.025320718064904213,0.41276365518569946,0.00806119292974472,0.25698885321617126,0.026403745636343956,0.033822689205408096,phase3_11_future_source_swap_no_phase4_no_cps
phase39b_xy_only_high_weight,ddpm_mean,0,hidden_high_friction,311002,2,0,0.0,0.0,0.0,0,0.0,nan,nan,0.01593240723013878,0.039609577506780624,0.4555470049381256,0.0448528453707695,0.02401254139840603,hidden_breakaway_pin,0,-1,-1,0.4343329071998596,0.0,0.4408715069293976,0.21918027102947235,0.546040952205658,-0.0750800222158432,0.3124895691871643,nan,nan,phase3_11_future_source_swap_no_phase4_no_cps
phase39b_xy_only_high_weight,ddpm_mean,0,hidden_high_friction,311002,2,1,0.0,0.0,0.0,0,0.0,nan,nan,0.07994411140680313,0.030008887872099876,0.45638325810432434,0.06550808250904083,0.033108823001384735,hidden_high_friction,1,-1,-1,0.5811496376991272,0.0,0.5458207726478577,0.12545251846313477,0.5363464951515198,-0.019627925008535385,0.14538946747779846,0.1407097727060318,0.05629314109683037,phase3_11_future_source_swap_no_phase4_no_cps
phase39b_xy_only_high_weight,ddpm_mean,0,hidden_high_friction,311002,2,2,0.0,0.0,0.0,0,0.0,nan,nan,0.07515481859445572,0.03216111287474632,0.4650912582874298,0.06534964591264725,0.03080935962498188,hidden_high_friction,1,-1,-1,0.19600078463554382,0.0,0.5419059991836548,0.02147035486996174,0.49494361877441406,-0.057568542659282684,0.0919380858540535,0.10405583679676056,0.056157711893320084,phase3_11_future_source_swap_no_phase4_no_cps
phase39b_xy_only_high_weight,ddpm_mean,0,hidden_high_friction,311002,2,3,0.0,0.0,0.0,0,0.0,nan,nan,0.05431368947029114,0.027521755546331406,0.4573357105255127,0.071138396859169,0.03585554659366608,hidden_high_friction,1,-1,-1,0.2851788103580475,0.0,0.5373629927635193,0.031437166035175323,0.5050515532493591,0.04476523399353027,0.03495234623551369,0.010953366756439209,0.10283176600933075,phase3_11_future_source_swap_no_phase4_no_cps
phase39b_xy_only_high_weight,ddpm_mean,0,hidden_high_friction,311002,2,4,0.0,0.0,0.0,0,0.0,nan,nan,0.04362613335251808,0.02654159814119339,0.4649527370929718,0.07304220646619797,0.03595816344022751,hidden_high_friction,1,-1,-1,0.13629795610904694,0.0,0.5483393669128418,-0.02593262679874897,0.5022596120834351,0.012990850955247879,0.060318995267152786,0.058410391211509705,0.03189680725336075,phase3_11_future_source_swap_no_phase4_no_cps
phase39b_xy_only_high_weight,ddpm_mean,0,hidden_high_friction,311002,2,5,0.0,0.0,0.0,0,0.0,nan,nan,0.0500292144715786,0.028040416538715363,0.4541298747062683,0.07455082982778549,0.03562082350254059,free,0,-1,-1,0.33569785952568054,0.0,0.5521374940872192,0.021853027865290642,0.592873752117157,0.06390408426523209,0.05854685232043266,0.04793636128306389,0.10393786430358887,phase3_11_future_source_swap_no_phase4_no_cps
phase39b_xy_only_high_weight,ddpm_mean,0,hidden_high_friction,311002,2,6,0.0,0.0,0.0,0,0.0,nan,nan,0.04499499499797821,0.03558806702494621,0.46099692583084106,0.055845942348241806,0.026971761137247086,hidden_high_friction,1,-1,-1,0.20428860187530518,0.0,0.4931909739971161,-0.04834906756877899,0.4741770625114441,-0.09296128153800964,0.04849513992667198,0.0916680246591568,0.19671209156513214,phase3_11_future_source_swap_no_phase4_no_cps
phase39b_xy_only_high_weight,ddpm_mean,0,hidden_high_friction,311002,2,7,0.0,0.0,0.0,0,0.0,nan,nan,0.043157488107681274,0.03700355067849159,0.4590302109718323,0.054249394685029984,0.024188490584492683,hidden_high_friction,1,-1,-1,0.2132602483034134,0.0,0.5216829776763916,0.03749338537454605,0.4894256889820099,0.05592358112335205,0.03715110942721367,0.090447336435318,0.14966370165348053,phase3_11_future_source_swap_no_phase4_no_cps
phase39b_xy_only_high_weight,ddpm_mean,0,hidden_high_friction,311002,2,8,0.0,0.0,0.0,0,0.0,nan,nan,0.046356428414583206,0.03699810057878494,0.4567497968673706,0.05052803084254265,0.022650601342320442,hidden_high_friction,1,-1,-1,0.16166691482067108,0.0,0.5215261578559875,0.04372637718915939,0.46589916944503784,0.03989018499851227,0.05575910955667496,0.006234964355826378,0.02847045660018921,phase3_11_future_source_swap_no_phase4_no_cps
phase39b_xy_only_high_weight,ddpm_mean,0,hidden_high_friction,311002,2,9,0.0,0.0,0.0,0,0.0,nan,nan,0.05332932248711586,0.04007970914244652,0.45767834782600403,0.04322431981563568,0.01854569837450981,hidden_high_friction,1,-1,-1,0.10050589591264725,0.0,0.5295756459236145,0.009204084053635597,0.5261208415031433,0.004004377871751785,0.006242805626243353,0.03544831648468971,0.07010307163000107,phase3_11_future_source_swap_no_phase4_no_cps
phase39b_xy_only_high_weight,ddpm_mean,0,hidden_high_friction,311002,2,10,0.0,0.0,0.0,0,0.0,nan,nan,0.04428781569004059,0.03994061425328255,0.45641425251960754,0.04511234164237976,0.019116291776299477,hidden_high_friction,1,-1,-1,0.15656355023384094,0.0,0.5301334857940674,0.009926000609993935,0.5331556797027588,0.02700188010931015,0.017341259866952896,0.0009123315685428679,0.024049408733844757,phase3_11_future_source_swap_no_phase4_no_cps
phase39b_xy_only_high_weight,ddpm_mean,0,hidden_high_friction,311002,2,11,0.0,0.0,0.0,0,0.0,nan,nan,0.043198440223932266,0.040254704654216766,0.4568699300289154,0.04377719387412071,0.01864922046661377,hidden_high_friction,1,-1,-1,0.11057113111019135,0.0,0.518134355545044,0.0012627225369215012,0.5252282023429871,0.0021349824965000153,0.007147272117435932,0.014799713157117367,0.026099951937794685,phase3_11_future_source_swap_no_phase4_no_cps
phase39b_xy_only_high_weight,ddpm_mean,0,hidden_high_friction,311002,2,12,0.0,0.0,0.0,0,0.0,nan,nan,0.04467954859137535,0.04009518399834633,0.4572644531726837,0.044183582067489624,0.019489990547299385,hidden_high_friction,1,-1,-1,0.09423596411943436,0.0,0.5146748423576355,0.014168994501233101,0.5171392560005188,0.005237363278865814,0.009265385568141937,0.013361889868974686,0.008663476444780827,phase3_11_future_source_swap_no_phase4_no_cps
phase39b_xy_only_high_weight,ddpm_mean,0,hidden_high_friction,311002,2,13,0.0,0.0,0.0,0,0.0,nan,nan,0.044429704546928406,0.03916507214307785,0.45747706294059753,0.04579993709921837,0.021038532257080078,hidden_high_friction,1,-1,-1,0.22169941663742065,0.0,0.5333572030067444,0.023373344913125038,0.5336569547653198,0.03410723805427551,0.010738077573478222,0.020826680585741997,0.03326115012168884,phase3_11_future_source_swap_no_phase4_no_cps
phase39b_xy_only_high_weight,ddpm_mean,0,hidden_high_friction,311002,2,14,0.0,0.0,0.0,0,0.0,nan,nan,0.04650554060935974,0.038411207497119904,0.459587424993515,0.050748080015182495,0.023011231794953346,hidden_high_friction,1,-1,-1,0.10450923442840576,0.0,0.511385440826416,-0.011104188859462738,0.5075035095214844,-0.007288187742233276,0.005443459842354059,0.04088347405195236,0.048965130001306534,phase3_11_future_source_swap_no_phase4_no_cps
phase39b_xy_only_high_weight,ddpm_mean,0,hidden_high_friction,311002,2,15,0.0,0.0,0.0,0,0.0,nan,nan,0.04411371797323227,0.034663282334804535,0.4607953131198883,0.058052316308021545,0.026905450969934464,hidden_high_friction,1,-1,-1,0.09856558591127396,0.0,0.512992799282074,-0.02396497130393982,0.4968757629394531,0.014467008411884308,0.041674643754959106,0.01296083815395832,0.024212341755628586,phase3_11_future_source_swap_no_phase4_no_cps
phase39b_xy_only_high_weight,ddpm_best_of_k_by_train_nn,0,free,311000,0,0,0.0,0.0,0.0,0,0.0,nan,nan,0.02432607114315033,0.03877915441989899,0.4653639495372772,0.06721343100070953,0.03286810964345932,hidden_breakaway_pin,0,8,-1,0.6183412075042725,0.0,0.36158686876296997,-0.31870102882385254,0.6053221821784973,0.06858933717012405,0.45760324597358704,nan,nan,phase3_11_future_source_swap_no_phase4_no_cps
phase39b_xy_only_high_weight,ddpm_best_of_k_by_train_nn,0,free,311000,0,1,0.0,0.0,0.0,0,0.0,nan,nan,0.10839980095624924,0.0384431891143322,0.46174851059913635,0.06724674999713898,0.03341437503695488,hidden_high_friction,0,22,-1,0.4804813265800476,0.0,0.37731990218162537,-0.2639302909374237,0.5359222292900085,0.06258480995893478,0.36299699544906616,0.056985631585121155,0.06965922564268112,phase3_11_future_source_swap_no_phase4_no_cps
phase39b_xy_only_high_weight,ddpm_best_of_k_by_train_nn,0,free,311000,0,2,0.0,0.0,0.0,0,0.0,nan,nan,0.10468634217977524,0.038859572261571884,0.46434369683265686,0.06792560964822769,0.03396689519286156,hidden_breakaway_pin,0,22,-1,0.4981966018676758,0.0,0.40377119183540344,-0.2598140239715576,0.4597840905189514,-0.08986979722976685,0.17893709242343903,0.02676965482532978,0.17040957510471344,phase3_11_future_source_swap_no_phase4_no_cps
phase39b_xy_only_high_weight,ddpm_best_of_k_by_train_nn,0,free,311000,0,3,0.0,0.0,0.0,0,0.0,nan,nan,0.10767822712659836,0.03958924487233162,0.46548980474472046,0.06785360723733902,0.03384669870138168,free,1,28,-1,0.5937404036521912,0.0,0.45067092776298523,-0.15503406524658203,0.48443347215652466,-0.05448930338025093,0.10606204718351364,0.11479732394218445,0.043120428919792175,phase3_11_future_source_swap_no_phase4_no_cps
phase39b_xy_only_high_weight,ddpm_best_of_k_by_train_nn,0,free,311000,0,4,0.0,0.0,0.0,0,0.0,nan,nan,0.10102323442697525,0.03933044895529747,0.45941293239593506,0.07047988474369049,0.0375923216342926,hidden_high_friction,0,11,-1,0.43993687629699707,0.0,0.4610680341720581,-0.12379059940576553,0.5843820571899414,0.057545870542526245,0.21929264068603516,0.03292801231145859,0.15013860166072845,phase3_11_future_source_swap_no_phase4_no_cps
phase39b_xy_only_high_weight,ddpm_best_of_k_by_train_nn,0,free,311000,0,5,0.0,0.0,0.0,0,0.0,nan,nan,0.09960617125034332,0.0399894043803215,0.45504045486450195,0.06973829865455627,0.03479129821062088,hidden_high_friction,0,23,-1,0.42761439085006714,0.0,0.4039793014526367,-0.19933965802192688,0.4518664479255676,0.03394240140914917,0.23814637959003448,0.09469310194253922,0.13460130989551544,phase3_11_future_source_swap_no_phase4_no_cps
phase39b_xy_only_high_weight,ddpm_best_of_k_by_train_nn,0,free,311000,0,6,0.0,0.0,0.0,0,0.0,nan,nan,0.10020709037780762,0.03999398276209831,0.46434715390205383,0.07045570015907288,0.03407051041722298,hidden_high_friction,0,15,-1,0.5697541832923889,0.0,0.435072124004364,-0.23526906967163086,0.6069631576538086,-0.02626478485763073,0.27060917019844055,0.04751511290669441,0.16637276113033295,phase3_11_future_source_swap_no_phase4_no_cps
phase39b_xy_only_high_weight,ddpm_best_of_k_by_train_nn,0,free,311000,0,7,0.0,0.0,0.0,0,0.0,nan,nan,0.09975824505090714,0.03956722095608711,0.4656158983707428,0.06932394951581955,0.03507084399461746,hidden_high_friction,0,27,-1,0.439103364944458,0.0,0.41125616431236267,-0.2332371324300766,0.48496291041374207,-0.07648192346096039,0.17321915924549103,0.02390248328447342,0.1319311261177063,phase3_11_future_source_swap_no_phase4_no_cps
phase39b_xy_only_high_weight,ddpm_best_of_k_by_train_nn,0,free,311000,0,8,0.0,0.0,0.0,0,0.0,nan,nan,0.10302014648914337,0.03965555876493454,0.47658753395080566,0.06706485152244568,0.03358783572912216,free,1,17,-1,0.41033124923706055,0.0,0.42125338315963745,-0.22667963802814484,0.46181583404541016,-0.10764667391777039,0.12575435638427734,0.011955966241657734,0.03882046788930893,phase3_11_future_source_swap_no_phase4_no_cps
phase39b_xy_only_high_weight,ddpm_best_of_k_by_train_nn,0,free,311000,0,9,0.0,0.0,0.0,0,0.0,nan,nan,0.10163479298353195,0.039695486426353455,0.4528823792934418,0.06976471841335297,0.034952834248542786,hidden_breakaway_pin,0,28,-1,0.3803088665008545,0.0,0.4485848546028137,-0.18998664617538452,0.563709557056427,0.020469654351472855,0.23988653719425201,0.04575352370738983,0.16369521617889404,phase3_11_future_source_swap_no_phase4_no_cps
phase39b_xy_only_high_weight,ddpm_best_of_k_by_train_nn,0,free,311000,0,10,0.0,0.0,0.0,0,0.0,nan,nan,0.100003182888031,0.03962273523211479,0.47231733798980713,0.06638937443494797,0.03512442857027054,hidden_high_friction,0,17,-1,0.4671626091003418,0.0,0.44552040100097656,-0.15892285108566284,0.5517935156822205,0.049054838716983795,0.2335566133260727,0.031214583665132523,0.030969416722655296,phase3_11_future_source_swap_no_phase4_no_cps
phase39b_xy_only_high_weight,ddpm_best_of_k_by_train_nn,0,free,311000,0,11,0.0,0.0,0.0,0,0.0,nan,nan,0.10026011615991592,0.03940480574965477,0.4593645930290222,0.0711173340678215,0.036256272345781326,hidden_high_friction,0,8,-1,0.5542528033256531,0.0,0.43703731894493103,-0.18842758238315582,0.47380828857421875,0.05747756361961365,0.24863918125629425,0.03070002980530262,0.07843875139951706,phase3_11_future_source_swap_no_phase4_no_cps
phase39b_xy_only_high_weight,ddpm_best_of_k_by_train_nn,0,free,311000,0,12,0.0,0.0,0.0,0,0.0,nan,nan,0.1014527902007103,0.0396861657500267,0.45397713780403137,0.0672936961054802,0.03494682163000107,hidden_high_friction,0,8,-1,0.5443326830863953,0.0,0.4201338589191437,-0.23030105233192444,0.5369110703468323,-0.04171590507030487,0.2218136042356491,0.04515655338764191,0.11756404489278793,phase3_11_future_source_swap_no_phase4_no_cps
phase39b_xy_only_high_weight,ddpm_best_of_k_by_train_nn,0,free,311000,0,13,0.0,0.0,0.0,0,0.0,nan,nan,0.10066717863082886,0.040162768214941025,0.44696488976478577,0.06842795759439468,0.03534810245037079,hidden_high_friction,0,26,-1,0.4145047962665558,0.0,0.45329907536506653,-0.1865742951631546,0.5406755805015564,0.07274438440799713,0.2736436128616333,0.05488133430480957,0.11452218145132065,phase3_11_future_source_swap_no_phase4_no_cps
phase39b_xy_only_high_weight,ddpm_best_of_k_by_train_nn,0,free,311000,0,14,0.0,0.0,0.0,0,0.0,nan,nan,0.1004553958773613,0.039522409439086914,0.4550515115261078,0.06754694879055023,0.03379097953438759,hidden_breakaway_pin,0,6,-1,0.4314095079898834,0.0,0.4106697738170624,-0.2524636387825012,0.5315732359886169,-0.1375163495540619,0.1668248325586319,0.0784771516919136,0.2104576677083969,phase3_11_future_source_swap_no_phase4_no_cps
phase39b_xy_only_high_weight,ddpm_best_of_k_by_train_nn,0,free,311000,0,15,0.0,0.0,0.0,0,0.0,nan,nan,0.10339523106813431,0.039373043924570084,0.46519574522972107,0.0665445476770401,0.03367319330573082,hidden_high_friction,0,22,-1,0.4552982747554779,0.0,0.4604663550853729,-0.17919132113456726,0.6069138050079346,0.028995070606470108,0.2545357048511505,0.08859194070100784,0.18276283144950867,phase3_11_future_source_swap_no_phase4_no_cps
phase39b_xy_only_high_weight,ddpm_best_of_k_by_train_nn,0,free,311001,1,0,0.0,0.08333333333333333,0.08333333333333333,0,0.08333333333333333,nan,nan,0.02925141714513302,0.03927595913410187,0.45604294538497925,0.0669185072183609,0.0320565402507782,hidden_high_friction,0,31,-1,0.6326677799224854,0.0,0.5356475114822388,-0.36903396248817444,0.5397024154663086,-0.0679975152015686,0.30106374621391296,nan,nan,phase3_11_future_source_swap_no_phase4_no_cps
phase39b_xy_only_high_weight,ddpm_best_of_k_by_train_nn,0,free,311001,1,1,0.08333333333333333,0.16666666666666666,0.08333333333333333,0,0.08333333333333333,nan,nan,0.10271147638559341,0.03779928386211395,0.46486642956733704,0.06589283794164658,0.033832937479019165,hidden_breakaway_pin,0,22,-1,0.2872253954410553,0.0,0.5358453989028931,-0.210127055644989,0.46337631344795227,-0.03493323177099228,0.189590722322464,0.15890702605247498,0.08318004757165909,phase3_11_future_source_swap_no_phase4_no_cps
phase39b_xy_only_high_weight,ddpm_best_of_k_by_train_nn,0,free,311001,1,2,0.16666666666666666,0.125,-0.04166666666666666,0,-0.04166666666666666,nan,nan,0.08724407106637955,0.03789684921503067,0.4657130837440491,0.06714086979627609,0.03292492777109146,hidden_high_friction,0,23,-1,0.19943098723888397,0.0,0.495166152715683,-0.13834796845912933,0.5000891089439392,-0.08215828984975815,0.056404925882816315,0.08250477910041809,0.05981668084859848,phase3_11_future_source_swap_no_phase4_no_cps
phase39b_xy_only_high_weight,ddpm_best_of_k_by_train_nn,0,free,311001,1,3,0.125,0.08333333333333333,-0.04166666666666667,0,-0.04166666666666667,nan,nan,0.04649787023663521,0.03665352612733841,0.4548054039478302,0.07177583128213882,0.035751618444919586,hidden_high_friction,0,11,-1,0.33659541606903076,0.0,0.5493319630622864,0.022030794993042946,0.6095362305641174,0.06586800515651703,0.07447317987680435,0.16927871108055115,0.18409360945224762,phase3_11_future_source_swap_no_phase4_no_cps
phase39b_xy_only_high_weight,ddpm_best_of_k_by_train_nn,0,free,311001,1,4,0.08333333333333333,0.08333333333333333,0.0,0,0.0,nan,nan,0.04813697189092636,0.03878571093082428,0.4529655873775482,0.0713595449924469,0.03536924347281456,free,1,13,-1,0.1224033534526825,0.0,0.5166887640953064,-0.025315770879387856,0.5038194060325623,-0.018072236329317093,0.01476784236729145,0.0575089193880558,0.1349889189004898,phase3_11_future_source_swap_no_phase4_no_cps
phase39b_xy_only_high_weight,ddpm_best_of_k_by_train_nn,0,free,311001,1,5,0.08333333333333333,0.08333333333333333,0.0,0,0.0,nan,nan,0.04663440212607384,0.03816213831305504,0.4646628499031067,0.0734945610165596,0.03533945977687836,hidden_high_friction,0,15,-1,0.3137335181236267,0.0,0.5403600335121155,-0.033867307007312775,0.5977787375450134,-0.05943368747830391,0.0628533810377121,0.025168586522340775,0.10266024619340897,phase3_11_future_source_swap_no_phase4_no_cps
phase39b_xy_only_high_weight,ddpm_best_of_k_by_train_nn,0,free,311001,1,6,0.08333333333333333,0.08333333333333333,0.0,0,0.0,nan,nan,0.03806421160697937,0.039965998381376266,0.46573445200920105,0.0698026791214943,0.036068394780159,hidden_high_friction,0,27,-1,0.1227097138762474,0.0,0.5051134824752808,-0.041801534593105316,0.4723680019378662,-0.06941770017147064,0.04283595457673073,0.036128539592027664,0.125807523727417,phase3_11_future_source_swap_no_phase4_no_cps
phase39b_xy_only_high_weight,ddpm_best_of_k_by_train_nn,0,free,311001,1,7,0.08333333333333333,0.0,-0.08333333333333333,0,-0.08333333333333333,nan,nan,0.04163135960698128,0.04019036144018173,0.46881741285324097,0.06876546144485474,0.03369155898690224,hidden_breakaway_pin,0,29,-1,0.22386695444583893,0.0,0.4773563742637634,-0.034932881593704224,0.44910675287246704,-0.11884435266256332,0.08853912353515625,0.028594326227903366,0.05462672933936119,phase3_11_future_source_swap_no_phase4_no_cps
phase39b_xy_only_high_weight,ddpm_best_of_k_by_train_nn,0,free,311001,1,8,0.0,0.0,0.0,0,0.0,nan,nan,0.03726641461253166,0.03950341045856476,0.45444434881210327,0.07094971835613251,0.03493119776248932,hidden_breakaway_pin,0,28,-1,0.2573279142379761,0.0,0.5410200953483582,-0.04025854170322418,0.5600369572639465,0.036234915256500244,0.07882188260555267,0.06388608366250992,0.19067011773586273,phase3_11_future_source_swap_no_phase4_no_cps
phase39b_xy_only_high_weight,ddpm_best_of_k_by_train_nn,0,free,311001,1,9,0.0,0.0,0.0,0,0.0,nan,nan,0.040378425270318985,0.03800075501203537,0.4557294547557831,0.0694500133395195,0.03518077731132507,hidden_high_friction,0,21,-1,0.30979806184768677,0.0,0.46603062748908997,-0.02772529423236847,0.4884053170681,-0.14330539107322693,0.11772589385509491,0.07602961361408234,0.19330239295959473,phase3_11_future_source_swap_no_phase4_no_cps
phase39b_xy_only_high_weight,ddpm_best_of_k_by_train_nn,0,free,311001,1,10,0.0,0.0,0.0,0,0.0,nan,nan,0.03992099687457085,0.03834257647395134,0.4459720253944397,0.0721730962395668,0.037576980888843536,hidden_high_friction,0,19,-1,0.2703074812889099,0.0,0.5326528549194336,0.00829211063683033,0.5493846535682678,0.07748904079198837,0.07119107246398926,0.07573489844799042,0.22906039655208588,phase3_11_future_source_swap_no_phase4_no_cps
phase39b_xy_only_high_weight,ddpm_best_of_k_by_train_nn,0,free,311001,1,11,0.0,0.0,0.0,0,0.0,nan,nan,0.03763527423143387,0.03925950825214386,0.47304481267929077,0.06954129785299301,0.033284902572631836,free,1,4,-1,0.24133329093456268,0.0,0.49628663063049316,-0.04836583137512207,0.44559720158576965,-0.04850710183382034,0.05068962648510933,0.06732477247714996,0.16323867440223694,phase3_11_future_source_swap_no_phase4_no_cps
phase39b_xy_only_high_weight,ddpm_best_of_k_by_train_nn,0,free,311001,1,12,0.0,0.0,0.0,0,0.0,nan,nan,0.040954966098070145,0.0403396412730217,0.4471909701824188,0.0667034238576889,0.035193901509046555,hidden_high_friction,0,26,-1,0.2463637888431549,0.0,0.5156741142272949,-0.031143154948949814,0.5057116150856018,0.08546903729438782,0.11703698337078094,0.025932511314749718,0.14684462547302246,phase3_11_future_source_swap_no_phase4_no_cps
phase39b_xy_only_high_weight,ddpm_best_of_k_by_train_nn,0,free,311001,1,13,0.0,0.0,0.0,0,0.0,nan,nan,0.03532293066382408,0.04025966674089432,0.4566878080368042,0.06706401705741882,0.0327993743121624,hidden_breakaway_pin,0,6,-1,0.2838861048221588,0.0,0.48865488171577454,-0.09638120234012604,0.48231416940689087,-0.1312447190284729,0.035435426980257034,0.07061190903186798,0.21797314286231995,phase3_11_future_source_swap_no_phase4_no_cps
phase39b_xy_only_high_weight,ddpm_best_of_k_by_train_nn,0,free,311001,1,14,0.0,0.0,0.0,0,0.0,nan,nan,0.03409462794661522,0.03417639806866646,0.4674752354621887,0.07408128678798676,0.038417261093854904,free,1,28,-1,0.26929306983947754,0.0,0.5293900966644287,-0.034488495439291,0.6010037064552307,-0.006464645266532898,0.07690153270959854,0.0740949735045433,0.1722128689289093,phase3_11_future_source_swap_no_phase4_no_cps
phase39b_xy_only_high_weight,ddpm_best_of_k_by_train_nn,0,free,311001,1,15,0.0,0.0,0.0,0,0.0,nan,nan,0.037300724536180496,0.032451096922159195,0.4714554250240326,0.07512550801038742,0.0376698300242424,hidden_high_friction,0,25,-1,0.24239403009414673,0.0,0.49589627981185913,-0.0726117193698883,0.4791918992996216,-0.06931273639202118,0.017027026042342186,0.05074658617377281,0.13706931471824646,phase3_11_future_source_swap_no_phase4_no_cps
phase39b_xy_only_high_weight,ddpm_best_of_k_by_train_nn,0,free,311002,2,0,0.0,0.0,0.0,0,0.0,nan,nan,0.030155979096889496,0.03985843062400818,0.466229110956192,0.06518148630857468,0.03300312161445618,hidden_breakaway_pin,0,22,-1,0.8300519585609436,0.0,0.5111149549484253,0.32450973987579346,0.4503766596317291,-0.1368948519229889,0.4653851389884949,nan,nan,phase3_11_future_source_swap_no_phase4_no_cps
phase39b_xy_only_high_weight,ddpm_best_of_k_by_train_nn,0,free,311002,2,1,0.0,0.0,0.0,0,0.0,nan,nan,0.08346295356750488,0.039662234485149384,0.4640514552593231,0.06863817572593689,0.03329121321439743,free,1,28,-1,0.5312793254852295,0.0,0.5103384852409363,0.347158282995224,0.5298883318901062,-0.0964866355061531,0.44407546520233154,0.022661849856376648,0.08919041603803635,phase3_11_future_source_swap_no_phase4_no_cps
phase39b_xy_only_high_weight,ddpm_best_of_k_by_train_nn,0,free,311002,2,2,0.0,0.0,0.0,0,0.0,nan,nan,0.08107519149780273,0.03917773813009262,0.4702235758304596,0.07019320875406265,0.03513333201408386,free,1,25,-1,0.7121894955635071,0.0,0.4932350814342499,0.332250714302063,0.6088773012161255,-0.14618290960788727,0.49221116304397583,0.0226883664727211,0.09332189708948135,phase3_11_future_source_swap_no_phase4_no_cps
phase39b_xy_only_high_weight,ddpm_best_of_k_by_train_nn,0,free,311002,2,3,0.0,0.0,0.0,0,0.0,nan,nan,0.0808129757642746,0.03982796147465706,0.4547256529331207,0.07060939818620682,0.034589894115924835,hidden_high_friction,0,23,-1,0.7010992765426636,0.0,0.5313611626625061,0.2864910960197449,0.4194042384624481,0.07917255908250809,0.23561692237854004,0.05956123396754265,0.2944234013557434,phase3_11_future_source_swap_no_phase4_no_cps
phase39b_xy_only_high_weight,ddpm_best_of_k_by_train_nn,0,free,311002,2,4,0.0,0.0,0.0,0,0.0,nan,nan,0.07879328727722168,0.03988419473171234,0.46417900919914246,0.06945756077766418,0.0333169624209404,hidden_high_friction,0,15,-1,0.6621674299240112,0.0,0.4809991121292114,0.3157801628112793,0.5875323414802551,-0.0032194573432207108,0.3363184332847595,0.058259639889001846,0.1872311532497406,phase3_11_future_source_swap_no_phase4_no_cps
phase39b_xy_only_high_weight,ddpm_best_of_k_by_train_nn,0,free,311002,2,5,0.0,0.0,0.0,0,0.0,nan,nan,0.07811668515205383,0.03972302004694939,0.4560956656932831,0.06851233541965485,0.03318021818995476,free,1,17,-1,0.6497983336448669,0.0,0.529983401298523,0.3553682267665863,0.5894409418106079,0.06284617632627487,0.29850348830223083,0.06298155337572098,0.06609319895505905,phase3_11_future_source_swap_no_phase4_no_cps
phase39b_xy_only_high_weight,ddpm_best_of_k_by_train_nn,0,free,311002,2,6,0.0,0.0,0.0,0,0.0,nan,nan,0.07536903768777847,0.040209535509347916,0.4666955769062042,0.06847769767045975,0.03388548269867897,hidden_breakaway_pin,0,29,-1,0.7102835178375244,0.0,0.5363651514053345,0.2984049618244171,0.4137420654296875,-0.030504759401082993,0.3510242700576782,0.05731963366270065,0.19895851612091064,phase3_11_future_source_swap_no_phase4_no_cps
phase39b_xy_only_high_weight,ddpm_best_of_k_by_train_nn,0,free,311002,2,7,0.0,0.0,0.0,0,0.0,nan,nan,0.0758344903588295,0.03899191692471504,0.4430532455444336,0.06871303170919418,0.03452741727232933,hidden_high_friction,0,12,-1,0.7925722599029541,0.0,0.5478529334068298,0.3130871057510376,0.5417150855064392,0.05202620476484299,0.2611330449581146,0.018642276525497437,0.15227755904197693,phase3_11_future_source_swap_no_phase4_no_cps
phase39b_xy_only_high_weight,ddpm_best_of_k_by_train_nn,0,free,311002,2,8,0.0,0.0,0.0,0,0.0,nan,nan,0.07614877820014954,0.03949349746108055,0.4682023227214813,0.06596984714269638,0.03461466357111931,hidden_high_friction,0,17,-1,0.6004693508148193,0.0,0.5092949867248535,0.2952759861946106,0.5285540223121643,0.09121786057949066,0.20496495068073273,0.042472947388887405,0.041342463344335556,phase3_11_future_source_swap_no_phase4_no_cps
phase39b_xy_only_high_weight,ddpm_best_of_k_by_train_nn,0,free,311002,2,9,0.0,0.0,0.0,0,0.0,nan,nan,0.0753004401922226,0.03875879943370819,0.4443400800228119,0.07112185657024384,0.03580418974161148,hidden_high_friction,0,19,-1,0.680691123008728,0.0,0.518165647983551,0.3312324583530426,0.5504341721534729,0.09678943455219269,0.23665331304073334,0.0370345301926136,0.02257838286459446,phase3_11_future_source_swap_no_phase4_no_cps
phase39b_xy_only_high_weight,ddpm_best_of_k_by_train_nn,0,free,311002,2,10,0.0,0.0,0.0,0,0.0,nan,nan,0.07509744167327881,0.03998061269521713,0.4729074537754059,0.06861484050750732,0.03466833010315895,hidden_high_friction,0,16,-1,0.6700100898742676,0.0,0.4870915412902832,0.34662795066833496,0.43782901763916016,0.07544878870248795,0.2756173610687256,0.034678831696510315,0.11460952460765839,phase3_11_future_source_swap_no_phase4_no_cps
phase39b_xy_only_high_weight,ddpm_best_of_k_by_train_nn,0,free,311002,2,11,0.0,0.0,0.0,0,0.0,nan,nan,0.07889522612094879,0.04022948071360588,0.445107638835907,0.06695494055747986,0.03535804525017738,hidden_high_friction,0,26,-1,0.6556023359298706,0.0,0.5249475836753845,0.2349296510219574,0.5320801138877869,0.13391143083572388,0.10126970708370209,0.11793892830610275,0.11091054975986481,phase3_11_future_source_swap_no_phase4_no_cps
phase39b_xy_only_high_weight,ddpm_best_of_k_by_train_nn,0,free,311002,2,12,0.0,0.0,0.0,0,0.0,nan,nan,0.07156388461589813,0.04004286602139473,0.4548436105251312,0.06626778095960617,0.03233643248677254,hidden_breakaway_pin,0,6,-1,0.42075127363204956,0.0,0.4686128497123718,0.13202637434005737,0.538611114025116,-0.13367754220962524,0.2747696042060852,0.11731448024511337,0.2676686644554138,phase3_11_future_source_swap_no_phase4_no_cps
phase39b_xy_only_high_weight,ddpm_best_of_k_by_train_nn,0,free,311002,2,13,0.0,0.125,0.125,0,0.125,nan,nan,0.057946428656578064,0.039852552115917206,0.4624830186367035,0.0672888234257698,0.033565521240234375,hidden_high_friction,0,22,-1,0.49495336413383484,0.0,0.45889437198638916,0.17349018156528473,0.6125890016555786,0.0505247637629509,0.19683124125003815,0.042587511241436005,0.19850243628025055,phase3_11_future_source_swap_no_phase4_no_cps
phase39b_xy_only_high_weight,ddpm_best_of_k_by_train_nn,0,free,311002,2,14,0.125,0.041666666666666664,-0.08333333333333334,0,-0.08333333333333334,nan,nan,0.06324829906225204,0.03950554132461548,0.46435800194740295,0.06803085654973984,0.034528736025094986,hidden_high_friction,0,2,-1,0.41003289818763733,0.0,0.5348187685012817,0.0776100903749466,0.5173385739326477,0.005511011928319931,0.07418783009052277,0.122300885617733,0.10535122454166412,phase3_11_future_source_swap_no_phase4_no_cps
phase39b_xy_only_high_weight,ddpm_best_of_k_by_train_nn,0,free,311002,2,15,0.041666666666666664,0.041666666666666664,0.0,0,0.0,nan,nan,0.05267637223005295,0.039587486535310745,0.45926833152770996,0.06432943046092987,0.03224436938762665,hidden_breakaway_pin,0,11,-1,0.4309340715408325,0.0,0.5528578162193298,0.11423159390687943,0.5264671444892883,-0.010468954220414162,0.12746252119541168,0.04082329943776131,0.018403535708785057,phase3_11_future_source_swap_no_phase4_no_cps
phase39b_xy_only_high_weight,ddpm_best_of_k_by_train_nn,0,hidden_breakaway_pin,311000,0,0,0.0,0.125,0.125,0,0.125,nan,nan,0.02013455517590046,0.040287621319293976,0.4607733190059662,0.06401535868644714,0.03215702250599861,hidden_high_friction,0,22,-1,0.34280452132225037,0.0,0.6061999201774597,-0.0378093384206295,0.4079173505306244,0.04255880415439606,0.2139509618282318,nan,nan,phase3_11_future_source_swap_no_phase4_no_cps
phase39b_xy_only_high_weight,ddpm_best_of_k_by_train_nn,0,hidden_breakaway_pin,311000,0,1,0.125,0.125,0.0,0,0.0,nan,nan,0.0539918914437294,0.024346383288502693,0.4538692533969879,0.0848158448934555,0.043158240616321564,hidden_high_friction,0,29,-1,0.3614669442176819,0.0,0.5571243166923523,0.028849104419350624,0.44868871569633484,0.09644350409507751,0.12777826189994812,0.08277537673711777,0.06757118552923203,phase3_11_future_source_swap_no_phase4_no_cps
phase39b_xy_only_high_weight,ddpm_best_of_k_by_train_nn,0,hidden_breakaway_pin,311000,0,2,0.125,0.20833333333333334,0.08333333333333334,0,0.08333333333333334,nan,nan,0.05081481114029884,0.02860925905406475,0.4666585326194763,0.08170319348573685,0.04167964309453964,hidden_breakaway_pin,1,22,-1,0.2781480550765991,0.0,0.518315315246582,-0.04319744557142258,0.5036121606826782,-0.09049324691295624,0.04952853545546532,0.08183424174785614,0.19483822584152222,phase3_11_future_source_swap_no_phase4_no_cps
phase39b_xy_only_high_weight,ddpm_best_of_k_by_train_nn,0,hidden_breakaway_pin,311000,0,3,0.20833333333333334,0.20833333333333334,0.0,0,0.0,nan,nan,0.045365553349256516,0.02457777038216591,0.44979217648506165,0.08250824362039566,0.040546733886003494,hidden_high_friction,0,9,-1,0.4200514256954193,0.0,0.5872114896774292,0.010145558044314384,0.5606905817985535,0.1248229593038559,0.11770414561033249,0.0871329978108406,0.22275325655937195,phase3_11_future_source_swap_no_phase4_no_cps
phase39b_xy_only_high_weight,ddpm_best_of_k_by_train_nn,0,hidden_breakaway_pin,311000,0,4,0.20833333333333334,0.20833333333333334,0.0,0,0.0,nan,nan,0.04721856489777565,0.03976847976446152,0.4712202548980713,0.06943461298942566,0.03521968796849251,free,0,25,-1,0.34904757142066956,0.0,0.5614426136016846,-0.034630656242370605,0.5803913474082947,-0.13773959875106812,0.1048356294631958,0.05166183039546013,0.2633006274700165,phase3_11_future_source_swap_no_phase4_no_cps
phase39b_xy_only_high_weight,ddpm_best_of_k_by_train_nn,0,hidden_breakaway_pin,311000,0,5,0.20833333333333334,0.20833333333333334,0.0,0,0.0,nan,nan,0.052171263843774796,0.04009842872619629,0.4555016756057739,0.06965019553899765,0.03426561877131462,hidden_high_friction,0,23,-1,0.4142630696296692,0.0,0.4454222023487091,0.06386368721723557,0.4114232659339905,0.07619283348321915,0.03616539016366005,0.15219025313854218,0.2726120054721832,phase3_11_future_source_swap_no_phase4_no_cps
phase39b_xy_only_high_weight,ddpm_best_of_k_by_train_nn,0,hidden_breakaway_pin,311000,0,6,0.20833333333333334,0.16666666666666666,-0.041666666666666685,0,-0.041666666666666685,nan,nan,0.03555475175380707,0.04034620523452759,0.4487038552761078,0.06934322416782379,0.033883724361658096,free,0,4,-1,0.3219621181488037,0.0,0.48508161306381226,0.023752285167574883,0.43983715772628784,0.13126666843891144,0.11664649099111557,0.0564073882997036,0.06197157874703407,phase3_11_future_source_swap_no_phase4_no_cps
phase39b_xy_only_high_weight,ddpm_best_of_k_by_train_nn,0,hidden_breakaway_pin,311000,0,7,0.16666666666666666,0.16666666666666666,0.0,0,0.0,nan,nan,0.03409820795059204,0.04012947902083397,0.4618423879146576,0.06942889839410782,0.03407558053731918,hidden_high_friction,0,17,-1,0.352216899394989,0.0,0.546013355255127,0.011320380493998528,0.6083060503005981,0.037590883672237396,0.06760561466217041,0.06218705326318741,0.19276130199432373,phase3_11_future_source_swap_no_phase4_no_cps
phase39b_xy_only_high_weight,ddpm_best_of_k_by_train_nn,0,hidden_breakaway_pin,311000,0,8,0.16666666666666666,0.16666666666666666,0.0,0,0.0,nan,nan,0.043784208595752716,0.04066179320216179,0.4670529067516327,0.06669174879789352,0.033000655472278595,hidden_breakaway_pin,1,29,-1,0.1426035463809967,0.0,0.4825548231601715,-0.012619256041944027,0.46525129675865173,-0.03664713725447655,0.029609981924295425,0.06782397627830505,0.16117055714130402,phase3_11_future_source_swap_no_phase4_no_cps
phase39b_xy_only_high_weight,ddpm_best_of_k_by_train_nn,0,hidden_breakaway_pin,311000,0,9,0.16666666666666666,0.16666666666666666,0.0,0,0.0,nan,nan,0.0416446216404438,0.04026959836483002,0.44759401679039,0.07007574290037155,0.03620140999555588,hidden_breakaway_pin,1,28,-1,0.21601441502571106,0.0,0.5267035365104675,-0.008294661529362202,0.5219598412513733,0.0867958664894104,0.0952087789773941,0.04436001554131508,0.1358456313610077,phase3_11_future_source_swap_no_phase4_no_cps
phase39b_xy_only_high_weight,ddpm_best_of_k_by_train_nn,0,hidden_breakaway_pin,311000,0,10,0.16666666666666666,0.16666666666666666,0.0,0,0.0,nan,nan,0.03839709609746933,0.04009338095784187,0.4720761775970459,0.06590213626623154,0.03456084802746773,hidden_high_friction,0,17,-1,0.1305585652589798,0.0,0.5245612859725952,0.036770664155483246,0.5188063979148865,0.0207127183675766,0.017058027908205986,0.04511621594429016,0.06615834683179855,phase3_11_future_source_swap_no_phase4_no_cps
phase39b_xy_only_high_weight,ddpm_best_of_k_by_train_nn,0,hidden_breakaway_pin,311000,0,11,0.16666666666666666,0.16666666666666666,0.0,0,0.0,nan,nan,0.04268789663910866,0.04015203192830086,0.46145522594451904,0.07081780582666397,0.03517710417509079,hidden_high_friction,0,8,-1,0.2602095901966095,0.0,0.5039597749710083,0.03856894373893738,0.4392335116863251,0.047383956611156464,0.06532375514507294,0.02067984640598297,0.08392377197742462,phase3_11_future_source_swap_no_phase4_no_cps
phase39b_xy_only_high_weight,ddpm_best_of_k_by_train_nn,0,hidden_breakaway_pin,311000,0,12,0.16666666666666666,0.16666666666666666,0.0,0,0.0,nan,nan,0.03945330157876015,0.03999042510986328,0.4728316068649292,0.06950772553682327,0.03272869810461998,hidden_breakaway_pin,1,4,-1,0.2721530795097351,0.0,0.4932786524295807,-0.012051542289555073,0.4368615746498108,-0.035791050642728806,0.06120825931429863,0.05173509195446968,0.08320881426334381,phase3_11_future_source_swap_no_phase4_no_cps
phase39b_xy_only_high_weight,ddpm_best_of_k_by_train_nn,0,hidden_breakaway_pin,311000,0,13,0.16666666666666666,0.16666666666666666,0.0,0,0.0,nan,nan,0.03889517858624458,0.04031301289796829,0.4482024908065796,0.0673237070441246,0.03527819737792015,hidden_high_friction,0,26,-1,0.2251257449388504,0.0,0.5125700235366821,0.013392215594649315,0.5140932202339172,0.10360072553157806,0.09022136777639389,0.031930264085531235,0.1593574434518814,phase3_11_future_source_swap_no_phase4_no_cps
phase39b_xy_only_high_weight,ddpm_best_of_k_by_train_nn,0,hidden_breakaway_pin,311000,0,14,0.16666666666666666,0.16666666666666666,0.0,0,0.0,nan,nan,0.039736077189445496,0.04023829102516174,0.4630998373031616,0.06643513590097427,0.033756073564291,hidden_breakaway_pin,1,17,-1,0.2313023954629898,0.0,0.48429664969444275,0.050234027206897736,0.4713934361934662,0.07030389457941055,0.02385985106229782,0.04644031077623367,0.05414748936891556,phase3_11_future_source_swap_no_phase4_no_cps
phase39b_xy_only_high_weight,ddpm_best_of_k_by_train_nn,0,hidden_breakaway_pin,311000,0,15,0.16666666666666666,0.16666666666666666,0.0,0,0.0,nan,nan,0.0371481217443943,0.03996069356799126,0.4644022285938263,0.06739837676286697,0.03401178866624832,hidden_high_friction,0,22,-1,0.3885769248008728,0.0,0.5520775318145752,0.011584991589188576,0.5887235403060913,0.038027770817279816,0.04519015923142433,0.07802560925483704,0.12168854475021362,phase3_11_future_source_swap_no_phase4_no_cps
phase39b_xy_only_high_weight,ddpm_best_of_k_by_train_nn,0,hidden_breakaway_pin,311001,1,0,0.0,0.0,0.0,0,0.0,nan,nan,0.009980082511901855,0.039732806384563446,0.4544556438922882,0.06665430963039398,0.03191963583230972,hidden_high_friction,0,31,-1,0.3722352385520935,0.0,0.5492047667503357,-0.18306951224803925,0.48357659578323364,-0.06849581003189087,0.13203859329223633,nan,nan,phase3_11_future_source_swap_no_phase4_no_cps
phase39b_xy_only_high_weight,ddpm_best_of_k_by_train_nn,0,hidden_breakaway_pin,311001,1,1,0.0,0.0,0.0,0,0.0,nan,nan,0.06797127425670624,0.039397478103637695,0.4679504334926605,0.06511332094669342,0.03258415684103966,hidden_breakaway_pin,1,22,-1,0.20988138020038605,0.0,0.5256482362747192,-0.11694487184286118,0.45827457308769226,-0.057743266224861145,0.08968857675790787,0.0701952874660492,0.027491990476846695,phase3_11_future_source_swap_no_phase4_no_cps
phase39b_xy_only_high_weight,ddpm_best_of_k_by_train_nn,0,hidden_breakaway_pin,311001,1,2,0.0,0.0,0.0,0,0.0,nan,nan,0.05055020749568939,0.03962058946490288,0.4691208600997925,0.06738978624343872,0.033067841082811356,free,0,7,-1,0.16590695083141327,0.0,0.5374775528907776,-0.05491064488887787,0.5135228633880615,-0.0034846309572458267,0.05673149228096008,0.0631520226597786,0.07743625342845917,phase3_11_future_source_swap_no_phase4_no_cps
phase39b_xy_only_high_weight,ddpm_best_of_k_by_train_nn,0,hidden_breakaway_pin,311001,1,3,0.0,0.0,0.0,0,0.0,nan,nan,0.045557402074337006,0.03965279459953308,0.4694705605506897,0.0679171159863472,0.03460408374667168,free,0,25,-1,0.3666191101074219,0.0,0.5715079307556152,-0.08020222187042236,0.5896028280258179,-0.14758732914924622,0.06977232545614243,0.04239965230226517,0.1629531979560852,phase3_11_future_source_swap_no_phase4_no_cps
phase39b_xy_only_high_weight,ddpm_best_of_k_by_train_nn,0,hidden_breakaway_pin,311001,1,4,0.0,0.0,0.0,0,0.0,nan,nan,0.04592354968190193,0.03993862122297287,0.45342788100242615,0.06938182562589645,0.03594970703125,hidden_pin,0,13,-1,0.3987289071083069,0.0,0.5266973376274109,-0.018145572394132614,0.4620268642902374,0.0011379942297935486,0.06748426705598831,0.07654421776533127,0.19594603776931763,phase3_11_future_source_swap_no_phase4_no_cps
phase39b_xy_only_high_weight,ddpm_best_of_k_by_train_nn,0,hidden_breakaway_pin,311001,1,5,0.0,0.0,0.0,0,0.0,nan,nan,0.04907757416367531,0.04025592282414436,0.4663945734500885,0.06873541325330734,0.0330338217318058,hidden_high_friction,0,15,-1,0.33289235830307007,0.0,0.5618646144866943,-0.06945675611495972,0.5842950344085693,-0.045184746384620667,0.03304927051067352,0.062205906957387924,0.13074900209903717,phase3_11_future_source_swap_no_phase4_no_cps
phase39b_xy_only_high_weight,ddpm_best_of_k_by_train_nn,0,hidden_breakaway_pin,311001,1,6,0.0,0.0,0.0,0,0.0,nan,nan,0.05080271139740944,0.039911165833473206,0.46649569272994995,0.06720606237649918,0.03444289416074753,hidden_high_friction,0,27,-1,0.23547084629535675,0.0,0.5086194276809692,-0.04100418835878372,0.4581206440925598,-0.06142542511224747,0.054471589624881744,0.060370512306690216,0.12721531093120575,phase3_11_future_source_swap_no_phase4_no_cps
phase39b_xy_only_high_weight,ddpm_best_of_k_by_train_nn,0,hidden_breakaway_pin,311001,1,7,0.0,0.0,0.0,0,0.0,nan,nan,0.04912448674440384,0.040165022015571594,0.4772986173629761,0.06870522350072861,0.03410059213638306,free,0,17,-1,0.22282469272613525,0.0,0.4966001510620117,-0.09242327511310577,0.4318428337574005,-0.08354488015174866,0.06536310911178589,0.05280516669154167,0.03434812277555466,phase3_11_future_source_swap_no_phase4_no_cps
phase39b_xy_only_high_weight,ddpm_best_of_k_by_train_nn,0,hidden_breakaway_pin,311001,1,8,0.0,0.0,0.0,0,0.0,nan,nan,0.05026435852050781,0.04000670090317726,0.45349347591400146,0.07037167251110077,0.03523220866918564,hidden_breakaway_pin,1,28,-1,0.34061214327812195,0.0,0.5481150150299072,-0.04542964696884155,0.5283204317092896,0.04898868501186371,0.09647096693515778,0.06972935050725937,0.16393008828163147,phase3_11_future_source_swap_no_phase4_no_cps
phase39b_xy_only_high_weight,ddpm_best_of_k_by_train_nn,0,hidden_breakaway_pin,311001,1,9,0.0,0.0,0.0,0,0.0,nan,nan,0.04799096658825874,0.039718519896268845,0.47104886174201965,0.06732366979122162,0.034934502094984055,hidden_high_friction,0,17,-1,0.19979050755500793,0.0,0.5510443449020386,-0.00724774319678545,0.5346235036849976,0.03518129140138626,0.045495789498090744,0.03829411044716835,0.01517803780734539,phase3_11_future_source_swap_no_phase4_no_cps
phase39b_xy_only_high_weight,ddpm_best_of_k_by_train_nn,0,hidden_breakaway_pin,311001,1,10,0.0,0.0,0.0,0,0.0,nan,nan,0.048210613429546356,0.039858076721429825,0.4472760558128357,0.07124342769384384,0.036140576004981995,hidden_high_friction,0,19,-1,0.26954302191734314,0.0,0.5432727932929993,-0.0345158576965332,0.5204038023948669,0.08291081339120865,0.11963283270597458,0.028353961184620857,0.04980268329381943,phase3_11_future_source_swap_no_phase4_no_cps
phase39b_xy_only_high_weight,ddpm_best_of_k_by_train_nn,0,hidden_breakaway_pin,311001,1,11,0.0,0.0,0.0,0,0.0,nan,nan,0.05508362874388695,0.03989424556493759,0.46590733528137207,0.0708407387137413,0.033905029296875,hidden_high_friction,0,11,-1,0.11129948496818542,0.0,0.5126305222511292,-0.017075497657060623,0.48346570134162903,-0.03002103790640831,0.03190883621573448,0.03525783494114876,0.11881929636001587,phase3_11_future_source_swap_no_phase4_no_cps
phase39b_xy_only_high_weight,ddpm_best_of_k_by_train_nn,0,hidden_breakaway_pin,311001,1,12,0.0,0.0,0.0,0,0.0,nan,nan,0.05468862131237984,0.04030744731426239,0.44978299736976624,0.06786096096038818,0.03575260192155838,hidden_high_friction,0,26,-1,0.24385927617549896,0.0,0.5049826502799988,-0.04563204199075699,0.46880313754081726,0.08006300032138824,0.1307983249425888,0.029562918469309807,0.11105623096227646,phase3_11_future_source_swap_no_phase4_no_cps
phase39b_xy_only_high_weight,ddpm_best_of_k_by_train_nn,0,hidden_breakaway_pin,311001,1,13,0.0,0.0,0.0,0,0.0,nan,nan,0.05389903858304024,0.04024038091301918,0.45482951402664185,0.06596346199512482,0.033909860998392105,hidden_high_friction,0,26,-1,0.27300477027893066,0.0,0.48076486587524414,-0.025984568521380424,0.42638182640075684,0.01149795576930046,0.06604888290166855,0.031185321509838104,0.08062712103128433,phase3_11_future_source_swap_no_phase4_no_cps
phase39b_xy_only_high_weight,ddpm_best_of_k_by_train_nn,0,hidden_breakaway_pin,311001,1,14,0.0,0.0,0.0,0,0.0,nan,nan,0.053308017551898956,0.0399969108402729,0.46585509181022644,0.06675340235233307,0.03368460386991501,hidden_high_friction,0,22,-1,0.28228744864463806,0.0,0.5457711219787598,-0.04680792614817619,0.5917234420776367,0.040381357073783875,0.09855753183364868,0.06825998425483704,0.1678454577922821,phase3_11_future_source_swap_no_phase4_no_cps
phase39b_xy_only_high_weight,ddpm_best_of_k_by_train_nn,0,hidden_breakaway_pin,311001,1,15,0.0,0.0,0.0,0,0.0,nan,nan,0.05452163517475128,0.04037696495652199,0.46617114543914795,0.06854359805583954,0.03449006378650665,hidden_high_friction,0,2,-1,0.15594832599163055,0.0,0.5292564630508423,-0.08264978975057602,0.5400227904319763,-0.041884779930114746,0.04216277599334717,0.03946356847882271,0.0971631333231926,phase3_11_future_source_swap_no_phase4_no_cps
phase39b_xy_only_high_weight,ddpm_best_of_k_by_train_nn,0,hidden_breakaway_pin,311002,2,0,0.0,0.0,0.0,0,0.0,nan,nan,0.028500834479928017,0.039802245795726776,0.46686869859695435,0.06521445512771606,0.03246794268488884,hidden_breakaway_pin,1,22,-1,0.48516255617141724,0.0,0.5138462781906128,-0.3334425985813141,0.45304739475250244,-0.031678207218647,0.30782827734947205,nan,nan,phase3_11_future_source_swap_no_phase4_no_cps
phase39b_xy_only_high_weight,ddpm_best_of_k_by_train_nn,0,hidden_breakaway_pin,311002,2,1,0.0,0.0,0.0,0,0.0,nan,nan,0.10477190464735031,0.039817310869693756,0.46871939301490784,0.06832829862833023,0.03327685222029686,hidden_high_friction,0,23,-1,0.384324848651886,0.0,0.5069918036460876,-0.25526612997055054,0.462512344121933,-0.02202621102333069,0.2374432235956192,0.07847639173269272,0.01351836882531643,phase3_11_future_source_swap_no_phase4_no_cps
phase39b_xy_only_high_weight,ddpm_best_of_k_by_train_nn,0,hidden_breakaway_pin,311002,2,2,0.0,0.0,0.0,0,0.0,nan,nan,0.09879837930202484,0.03954249247908592,0.47053155303001404,0.06887415796518326,0.034390274435281754,free,0,14,-1,0.46958619356155396,0.0,0.5358248949050903,-0.2387838214635849,0.524125874042511,-0.11671161651611328,0.12263152003288269,0.03321164846420288,0.11296704411506653,phase3_11_future_source_swap_no_phase4_no_cps
phase39b_xy_only_high_weight,ddpm_best_of_k_by_train_nn,0,hidden_breakaway_pin,311002,2,3,0.0,0.0,0.0,0,0.0,nan,nan,0.09637812525033951,0.039701640605926514,0.45431098341941833,0.06908133625984192,0.03357120230793953,free,0,13,-1,0.7084915637969971,0.0,0.5290404558181763,-0.1386043131351471,0.47919076681137085,-0.054321084171533585,0.09792167693376541,0.10040897876024246,0.07688785344362259,phase3_11_future_source_swap_no_phase4_no_cps
phase39b_xy_only_high_weight,ddpm_best_of_k_by_train_nn,0,hidden_breakaway_pin,311002,2,4,0.0,0.0,0.0,0,0.0,nan,nan,0.09304982423782349,0.03974605351686478,0.466422438621521,0.06960005313158035,0.03380916267633438,hidden_breakaway_pin,1,15,-1,0.41731372475624084,0.0,0.5802456736564636,-0.18784400820732117,0.5886942744255066,-0.05595869570970535,0.1321556568145752,0.0710388794541359,0.10951575636863708,phase3_11_future_source_swap_no_phase4_no_cps
phase39b_xy_only_high_weight,ddpm_best_of_k_by_train_nn,0,hidden_breakaway_pin,311002,2,5,0.0,0.0,0.0,0,0.0,nan,nan,0.09446457028388977,0.03961925208568573,0.4681049585342407,0.06885036081075668,0.03574313223361969,hidden_high_friction,0,27,-1,0.42447739839553833,0.0,0.5424557328224182,-0.16027489304542542,0.49329936504364014,-0.08023430407047272,0.09392999857664108,0.04677751287817955,0.09843523055315018,phase3_11_future_source_swap_no_phase4_no_cps
phase39b_xy_only_high_weight,ddpm_best_of_k_by_train_nn,0,hidden_breakaway_pin,311002,2,6,0.0,0.0,0.0,0,0.0,nan,nan,0.09479515254497528,0.040254782885313034,0.46832770109176636,0.06635882705450058,0.033216703683137894,hidden_breakaway_pin,1,29,-1,0.29913726449012756,0.0,0.5131011009216309,-0.1653566211462021,0.45970746874809265,-0.06494660675525665,0.11372357606887817,0.029791245236992836,0.03690703213214874,phase3_11_future_source_swap_no_phase4_no_cps
phase39b_xy_only_high_weight,ddpm_best_of_k_by_train_nn,0,hidden_breakaway_pin,311002,2,7,0.0,0.0,0.0,0,0.0,nan,nan,0.0945204496383667,0.040132761001586914,0.4508382976055145,0.06846768409013748,0.034159254282712936,hidden_breakaway_pin,1,28,-1,0.3912203311920166,0.0,0.5576145052909851,-0.1942785233259201,0.5363892316818237,0.015217643231153488,0.2105686515569687,0.053084082901477814,0.11093421280384064,phase3_11_future_source_swap_no_phase4_no_cps
phase39b_xy_only_high_weight,ddpm_best_of_k_by_train_nn,0,hidden_breakaway_pin,311002,2,8,0.0,0.0,0.0,0,0.0,nan,nan,0.09311078488826752,0.0397011861205101,0.4732286036014557,0.0659714862704277,0.03413357585668564,hidden_high_friction,0,17,-1,0.4548299312591553,0.0,0.5656994581222534,-0.15745781362056732,0.5590382218360901,0.03267676383256912,0.19025123119354248,0.037697892636060715,0.028597161173820496,phase3_11_future_source_swap_no_phase4_no_cps
phase39b_xy_only_high_weight,ddpm_best_of_k_by_train_nn,0,hidden_breakaway_pin,311002,2,9,0.0,0.0,0.0,0,0.0,nan,nan,0.09378963708877563,0.039675332605838776,0.463127464056015,0.07071426510810852,0.03505655750632286,hidden_high_friction,0,8,-1,0.5972403883934021,0.0,0.5263981819152832,-0.1671234369277954,0.46860402822494507,0.015006061643362045,0.19107934832572937,0.04047239199280739,0.0921444371342659,phase3_11_future_source_swap_no_phase4_no_cps
phase39b_xy_only_high_weight,ddpm_best_of_k_by_train_nn,0,hidden_breakaway_pin,311002,2,10,0.0,0.0,0.0,0,0.0,nan,nan,0.09568361937999725,0.039643675088882446,0.473588228225708,0.06844736635684967,0.034958142787218094,hidden_high_friction,0,16,-1,0.7180168628692627,0.0,0.5203479528427124,-0.1774487942457199,0.4743829369544983,0.027506545186042786,0.21004636585712433,0.01196738425642252,0.013771632686257362,phase3_11_future_source_swap_no_phase4_no_cps
phase39b_xy_only_high_weight,ddpm_best_of_k_by_train_nn,0,hidden_breakaway_pin,311002,2,11,0.0,0.0,0.0,0,0.0,nan,nan,0.0943891704082489,0.03993542492389679,0.4478624165058136,0.0664839893579483,0.03462876379489899,hidden_high_friction,0,26,-1,0.4337814450263977,0.0,0.5463920831680298,-0.17063497006893158,0.51633220911026,0.06311579048633575,0.235675647854805,0.02692071534693241,0.05502508580684662,phase3_11_future_source_swap_no_phase4_no_cps
phase39b_xy_only_high_weight,ddpm_best_of_k_by_train_nn,0,hidden_breakaway_pin,311002,2,12,0.0,0.0,0.0,0,0.0,nan,nan,0.09339580684900284,0.03974432125687599,0.45582816004753113,0.06603071093559265,0.03237580135464668,hidden_breakaway_pin,1,6,-1,0.3817208409309387,0.0,0.5285688042640686,-0.21965913474559784,0.5210414528846741,-0.14756134152412415,0.0724896714091301,0.05216356739401817,0.21072976291179657,phase3_11_future_source_swap_no_phase4_no_cps
phase39b_xy_only_high_weight,ddpm_best_of_k_by_train_nn,0,hidden_breakaway_pin,311002,2,13,0.0,0.0,0.0,0,0.0,nan,nan,0.0952383428812027,0.03962421417236328,0.46464836597442627,0.06621918082237244,0.0331057533621788,hidden_high_friction,0,22,-1,0.43334656953811646,0.0,0.5686554312705994,-0.18060371279716492,0.6086587905883789,0.026882026344537735,0.2113068848848343,0.05596663057804108,0.19521087408065796,phase3_11_future_source_swap_no_phase4_no_cps
phase39b_xy_only_high_weight,ddpm_best_of_k_by_train_nn,0,hidden_breakaway_pin,311002,2,14,0.0,0.0,0.0,0,0.0,nan,nan,0.09351477026939392,0.0398377925157547,0.46584007143974304,0.06961369514465332,0.03456726670265198,hidden_high_friction,0,2,-1,0.3473123610019684,0.0,0.5438209772109985,-0.19494420289993286,0.5444234609603882,-0.08425235748291016,0.11069348454475403,0.02867751196026802,0.12836287915706635,phase3_11_future_source_swap_no_phase4_no_cps
phase39b_xy_only_high_weight,ddpm_best_of_k_by_train_nn,0,hidden_breakaway_pin,311002,2,15,0.0,0.0,0.0,0,0.0,nan,nan,0.09535521268844604,0.03999199718236923,0.4569227695465088,0.06575806438922882,0.033281899988651276,hidden_breakaway_pin,1,11,-1,0.3893528878688812,0.0,0.5335403680801392,-0.15996180474758148,0.5257265567779541,-0.015955578535795212,0.1442180573940277,0.03646174818277359,0.07080977410078049,phase3_11_future_source_swap_no_phase4_no_cps
phase39b_xy_only_high_weight,ddpm_best_of_k_by_train_nn,0,hidden_high_friction,311000,0,0,0.0,0.0,0.0,0,0.0,nan,nan,0.01631605625152588,0.04021631181240082,0.459414541721344,0.06434205174446106,0.032580260187387466,hidden_high_friction,1,22,-1,0.2712527811527252,0.0,0.5341881513595581,0.08030889928340912,0.42595404386520386,0.016438957303762436,0.12567414343357086,nan,nan,phase3_11_future_source_swap_no_phase4_no_cps
phase39b_xy_only_high_weight,ddpm_best_of_k_by_train_nn,0,hidden_high_friction,311000,0,1,0.0,0.0,0.0,0,0.0,nan,nan,0.04437098279595375,0.03739221394062042,0.45635104179382324,0.07177692651748657,0.035054851323366165,free,0,12,-1,0.24920368194580078,0.0,0.5116956233978271,0.06350117921829224,0.5388075113296509,0.07518302649259567,0.02952151745557785,0.028078697621822357,0.12722723186016083,phase3_11_future_source_swap_no_phase4_no_cps
phase39b_xy_only_high_weight,ddpm_best_of_k_by_train_nn,0,hidden_high_friction,311000,0,2,0.0,0.0,0.0,0,0.0,nan,nan,0.046626489609479904,0.03727316856384277,0.4532405734062195,0.06874202191829681,0.03289797902107239,hidden_high_friction,1,16,-1,0.40431466698646545,0.0,0.48755183815956116,0.043091945350170135,0.553870439529419,-0.10660587251186371,0.16373023390769958,0.03161422535777092,0.18241187930107117,phase3_11_future_source_swap_no_phase4_no_cps
phase39b_xy_only_high_weight,ddpm_best_of_k_by_train_nn,0,hidden_high_friction,311000,0,3,0.0,0.0,0.0,0,0.0,nan,nan,0.04436763375997543,0.03790758177638054,0.4657246470451355,0.07091546058654785,0.03521471843123436,free,0,7,-1,0.38166511058807373,0.0,0.46295198798179626,0.06923658400774002,0.5365748405456543,0.057773686945438385,0.0745098814368248,0.035898394882678986,0.16528695821762085,phase3_11_future_source_swap_no_phase4_no_cps
phase39b_xy_only_high_weight,ddpm_best_of_k_by_train_nn,0,hidden_high_friction,311000,0,4,0.0,0.0,0.0,0,0.0,nan,nan,0.047255776822566986,0.03930608555674553,0.4729505181312561,0.07022331655025482,0.034724242985248566,free,0,25,-1,0.46220067143440247,0.0,0.48236149549484253,0.02171330340206623,0.6136901378631592,-0.1282651126384735,0.19935078918933868,0.051334116607904434,0.2013881802558899,phase3_11_future_source_swap_no_phase4_no_cps
phase39b_xy_only_high_weight,ddpm_best_of_k_by_train_nn,0,hidden_high_friction,311000,0,5,0.0,0.0,0.0,0,0.0,nan,nan,0.04503081366419792,0.0399465411901474,0.4550924003124237,0.07117002457380295,0.03473714366555214,hidden_high_friction,1,23,-1,0.4169226288795471,0.0,0.4726078510284424,0.07093536108732224,0.427503764629364,0.0877765342593193,0.04814565181732178,0.0501791276037693,0.2852005660533905,phase3_11_future_source_swap_no_phase4_no_cps
phase39b_xy_only_high_weight,ddpm_best_of_k_by_train_nn,0,hidden_high_friction,311000,0,6,0.0,0.0,0.0,0,0.0,nan,nan,0.0454871729016304,0.03987177088856697,0.4461894929409027,0.0687607154250145,0.032765619456768036,free,0,4,-1,0.36744847893714905,0.0,0.5030091404914856,0.07397260516881943,0.4350339472293854,0.10119500756263733,0.0732235386967659,0.030552631244063377,0.015386977232992649,phase3_11_future_source_swap_no_phase4_no_cps
phase39b_xy_only_high_weight,ddpm_best_of_k_by_train_nn,0,hidden_high_friction,311000,0,7,0.0,0.0,0.0,0,0.0,nan,nan,0.045363813638687134,0.03970373794436455,0.44080814719200134,0.07059762626886368,0.03679216653108597,hidden_high_friction,1,18,-1,0.46621018648147583,0.0,0.5245852470397949,0.04172077029943466,0.5814613699913025,0.1515747457742691,0.1237044408917427,0.03880346938967705,0.15485189855098724,phase3_11_future_source_swap_no_phase4_no_cps
phase39b_xy_only_high_weight,ddpm_best_of_k_by_train_nn,0,hidden_high_friction,311000,0,8,0.0,0.0,0.0,0,0.0,nan,nan,0.052668940275907516,0.02913597598671913,0.4689488410949707,0.07757194340229034,0.0383642353117466,free,0,4,-1,0.20294173061847687,0.0,0.5204987525939941,0.08338876068592072,0.5002979636192322,-0.05642347410321236,0.14126405119895935,0.04186789691448212,0.22327283024787903,phase3_11_future_source_swap_no_phase4_no_cps
phase39b_xy_only_high_weight,ddpm_best_of_k_by_train_nn,0,hidden_high_friction,311000,0,9,0.0,0.0,0.0,0,0.0,nan,nan,0.044231776148080826,0.029723022133111954,0.4683632552623749,0.08254412561655045,0.04046012833714485,free,0,17,-1,0.30100134015083313,0.0,0.5077162384986877,0.027889130637049675,0.4773382246494293,-0.028575938194990158,0.06411807239055634,0.05695262551307678,0.03609203174710274,phase3_11_future_source_swap_no_phase4_no_cps
phase39b_xy_only_high_weight,ddpm_best_of_k_by_train_nn,0,hidden_high_friction,311000,0,10,0.0,0.0,0.0,0,0.0,nan,nan,0.0472184382379055,0.030284317210316658,0.47377046942710876,0.07665244489908218,0.03855382278561592,free,0,18,-1,0.4287683963775635,0.0,0.5026535391807556,0.002438219264149666,0.4725935459136963,-0.144002303481102,0.14949390292167664,0.025949561968445778,0.11552383750677109,phase3_11_future_source_swap_no_phase4_no_cps
phase39b_xy_only_high_weight,ddpm_best_of_k_by_train_nn,0,hidden_high_friction,311000,0,11,0.0,0.0,0.0,0,0.0,nan,nan,0.05304019898176193,0.03716307133436203,0.444852352142334,0.07210199534893036,0.036913495510816574,hidden_high_friction,1,19,-1,0.3848702609539032,0.0,0.5435006022453308,0.060987457633018494,0.5467585325241089,0.09926298260688782,0.03841393068432808,0.07138974964618683,0.25431957840919495,phase3_11_future_source_swap_no_phase4_no_cps
phase39b_xy_only_high_weight,ddpm_best_of_k_by_train_nn,0,hidden_high_friction,311000,0,12,0.0,0.0,0.0,0,0.0,nan,nan,0.050069037824869156,0.03421507030725479,0.4651663303375244,0.07381498068571091,0.03629565238952637,hidden_breakaway_pin,0,11,-1,0.23767869174480438,0.0,0.47479376196861267,-0.023510953411459923,0.4454508125782013,-0.10300556570291519,0.08473724871873856,0.10890643298625946,0.2262207269668579,phase3_11_future_source_swap_no_phase4_no_cps
phase39b_xy_only_high_weight,ddpm_best_of_k_by_train_nn,0,hidden_high_friction,311000,0,13,0.0,0.0,0.0,0,0.0,nan,nan,0.044283173978328705,0.034394554793834686,0.44735997915267944,0.07028660923242569,0.03645019233226776,hidden_high_friction,1,26,-1,0.2919308543205261,0.0,0.5053628087043762,0.05193639546632767,0.4755235016345978,0.1213642805814743,0.07556861639022827,0.08140496909618378,0.2263762205839157,phase3_11_future_source_swap_no_phase4_no_cps
phase39b_xy_only_high_weight,ddpm_best_of_k_by_train_nn,0,hidden_high_friction,311000,0,14,0.0,0.0,0.0,0,0.0,nan,nan,0.04001501947641373,0.03372672200202942,0.4698663353919983,0.0698816105723381,0.03527018055319786,hidden_breakaway_pin,0,15,-1,0.2085178941488266,0.0,0.5164997577667236,-0.0178492683917284,0.5457910299301147,-0.09609214961528778,0.08354596048593521,0.07066873461008072,0.2285275161266327,phase3_11_future_source_swap_no_phase4_no_cps
phase39b_xy_only_high_weight,ddpm_best_of_k_by_train_nn,0,hidden_high_friction,311000,0,15,0.0,0.0,0.0,0,0.0,nan,nan,0.048214614391326904,0.037239499390125275,0.4707440733909607,0.07000201940536499,0.03503838926553726,hidden_high_friction,1,22,-1,0.32559898495674133,0.0,0.5246085524559021,-0.00543554313480854,0.6143572330474854,0.02761859819293022,0.09564205259084702,0.014827445149421692,0.14144141972064972,phase3_11_future_source_swap_no_phase4_no_cps
phase39b_xy_only_high_weight,ddpm_best_of_k_by_train_nn,0,hidden_high_friction,311001,1,0,0.0,0.16666666666666666,0.16666666666666666,0,0.16666666666666666,nan,nan,0.02142232656478882,0.0398903451859951,0.45461979508399963,0.06788668781518936,0.03301912173628807,hidden_high_friction,1,31,-1,0.8260626196861267,0.0,0.6072797775268555,0.3395545482635498,0.47698432207107544,-0.14087826013565063,0.4977876842021942,nan,nan,phase3_11_future_source_swap_no_phase4_no_cps
phase39b_xy_only_high_weight,ddpm_best_of_k_by_train_nn,0,hidden_high_friction,311001,1,1,0.16666666666666666,0.16666666666666666,0.0,0,0.0,nan,nan,0.0995781421661377,0.03891526535153389,0.46396639943122864,0.06338062882423401,0.032184258103370667,hidden_breakaway_pin,0,22,-1,0.4429239332675934,0.0,0.5513110160827637,0.025669431313872337,0.46825316548347473,-0.12368088215589523,0.170892134308815,0.318835973739624,0.019286857917904854,phase3_11_future_source_swap_no_phase4_no_cps
phase39b_xy_only_high_weight,ddpm_best_of_k_by_train_nn,0,hidden_high_friction,311001,1,2,0.16666666666666666,0.16666666666666666,0.0,0,0.0,nan,nan,0.0782657116651535,0.0393589586019516,0.46877291798591614,0.06947898119688034,0.033799897879362106,free,0,7,-1,0.16307368874549866,0.0,0.5324000716209412,0.0410887748003006,0.5335889458656311,0.0015876702964305878,0.039518989622592926,0.024400409311056137,0.1412833034992218,phase3_11_future_source_swap_no_phase4_no_cps
phase39b_xy_only_high_weight,ddpm_best_of_k_by_train_nn,0,hidden_high_friction,311001,1,3,0.16666666666666666,0.16666666666666666,0.0,0,0.0,nan,nan,0.046965911984443665,0.03943265601992607,0.46975263953208923,0.06745729595422745,0.033868782222270966,free,0,25,-1,0.3154967129230499,0.0,0.544637143611908,-0.03412829712033272,0.5996508598327637,-0.12498441338539124,0.10621366649866104,0.07620599120855331,0.14277489483356476,phase3_11_future_source_swap_no_phase4_no_cps
phase39b_xy_only_high_weight,ddpm_best_of_k_by_train_nn,0,hidden_high_friction,311001,1,4,0.16666666666666666,0.16666666666666666,0.0,0,0.0,nan,nan,0.04465053603053093,0.04036332666873932,0.45714640617370605,0.06966684013605118,0.03436008095741272,hidden_high_friction,1,25,-1,0.3475823700428009,0.0,0.5297753810882568,0.05031341314315796,0.4396660625934601,0.11146095395088196,0.10889770835638046,0.08573956787586212,0.28548476099967957,phase3_11_future_source_swap_no_phase4_no_cps
phase39b_xy_only_high_weight,ddpm_best_of_k_by_train_nn,0,hidden_high_friction,311001,1,5,0.16666666666666666,0.16666666666666666,0.0,0,0.0,nan,nan,0.049473296850919724,0.040457833558321,0.4478377103805542,0.069377601146698,0.03336599841713905,free,0,4,-1,0.3452950417995453,0.0,0.5139603614807129,0.066495880484581,0.4458223581314087,0.12415441870689392,0.08925969898700714,0.022627132013440132,0.014107586815953255,phase3_11_future_source_swap_no_phase4_no_cps
phase39b_xy_only_high_weight,ddpm_best_of_k_by_train_nn,0,hidden_high_friction,311001,1,6,0.16666666666666666,0.125,-0.04166666666666666,0,-0.04166666666666666,nan,nan,0.041429877281188965,0.04021145775914192,0.46330031752586365,0.06787975877523422,0.03373099863529205,hidden_high_friction,1,17,-1,0.34165385365486145,0.0,0.5518166422843933,0.051512397825717926,0.6002480387687683,0.07980607450008392,0.05609039217233658,0.04071366786956787,0.1606675684452057,phase3_11_future_source_swap_no_phase4_no_cps
phase39b_xy_only_high_weight,ddpm_best_of_k_by_train_nn,0,hidden_high_friction,311001,1,7,0.125,0.125,0.0,0,0.0,nan,nan,0.04174885153770447,0.04062855988740921,0.46786537766456604,0.06723102927207947,0.033010728657245636,hidden_breakaway_pin,0,29,-1,0.14111103117465973,0.0,0.5133803486824036,0.01747901923954487,0.4578666090965271,-0.024538569152355194,0.0696222111582756,0.05133828520774841,0.17652273178100586,phase3_11_future_source_swap_no_phase4_no_cps
phase39b_xy_only_high_weight,ddpm_best_of_k_by_train_nn,0,hidden_high_friction,311001,1,8,0.125,0.125,0.0,0,0.0,nan,nan,0.040157366544008255,0.04031243920326233,0.44892942905426025,0.06900574266910553,0.03550303354859352,hidden_breakaway_pin,0,28,-1,0.29630228877067566,0.0,0.5568724870681763,0.0399811714887619,0.5424270629882812,0.1117587685585022,0.0732167586684227,0.048968490213155746,0.1603977382183075,phase3_11_future_source_swap_no_phase4_no_cps
phase39b_xy_only_high_weight,ddpm_best_of_k_by_train_nn,0,hidden_high_friction,311001,1,9,0.125,0.125,0.0,0,0.0,nan,nan,0.04668109491467476,0.04005839675664902,0.4708600342273712,0.06661288440227509,0.034660451114177704,hidden_high_friction,1,17,-1,0.2995617687702179,0.0,0.5590137839317322,0.0562109649181366,0.544854998588562,0.11159221827983856,0.05716252699494362,0.016370441764593124,0.0024336413480341434,phase3_11_future_source_swap_no_phase4_no_cps
phase39b_xy_only_high_weight,ddpm_best_of_k_by_train_nn,0,hidden_high_friction,311001,1,10,0.125,0.2916666666666667,0.16666666666666669,0,0.16666666666666669,nan,nan,0.04435516893863678,0.0402785986661911,0.44388267397880554,0.06999826431274414,0.034945495426654816,hidden_high_friction,1,19,-1,0.33472999930381775,0.0,0.5421119928359985,0.03357303887605667,0.5345128774642944,0.1294632852077484,0.09619088470935822,0.02825148217380047,0.020647868514060974,phase3_11_future_source_swap_no_phase4_no_cps
phase39b_xy_only_high_weight,ddpm_best_of_k_by_train_nn,0,hidden_high_friction,311001,1,11,0.2916666666666667,0.2916666666666667,0.0,0,0.0,nan,nan,0.041680820286273956,0.04005205258727074,0.47357574105262756,0.06921736896038055,0.03508008271455765,hidden_high_friction,1,16,-1,0.3256916403770447,0.0,0.5005705952644348,0.04357492923736572,0.45212966203689575,0.0883968397974968,0.06599642336368561,0.04272850975394249,0.09205132722854614,phase3_11_future_source_swap_no_phase4_no_cps
phase39b_xy_only_high_weight,ddpm_best_of_k_by_train_nn,0,hidden_high_friction,311001,1,12,0.2916666666666667,0.2916666666666667,0.0,0,0.0,nan,nan,0.029499255120754242,0.040335725992918015,0.4470626413822174,0.0660032257437706,0.03488897904753685,hidden_high_friction,1,26,-1,0.38967815041542053,0.0,0.5474799871444702,0.060499295592308044,0.4848628640174866,0.11733567714691162,0.08456522971391678,0.049869079142808914,0.04369117692112923,phase3_11_future_source_swap_no_phase4_no_cps
phase39b_xy_only_high_weight,ddpm_best_of_k_by_train_nn,0,hidden_high_friction,311001,1,13,0.2916666666666667,0.2916666666666667,0.0,0,0.0,nan,nan,0.0327109657227993,0.04024172201752663,0.4528418481349945,0.06629624962806702,0.03381739929318428,hidden_high_friction,1,26,-1,0.30929064750671387,0.0,0.5301718711853027,0.05587907135486603,0.41381609439849854,0.05131704360246658,0.11644517630338669,0.017914166674017906,0.09698507189750671,phase3_11_future_source_swap_no_phase4_no_cps
phase39b_xy_only_high_weight,ddpm_best_of_k_by_train_nn,0,hidden_high_friction,311001,1,14,0.2916666666666667,0.2916666666666667,0.0,0,0.0,nan,nan,0.02762090228497982,0.040001217275857925,0.4635532796382904,0.06683405488729477,0.033296696841716766,hidden_high_friction,1,22,-1,0.3469225764274597,0.0,0.5363918542861938,0.08567912131547928,0.605963945388794,0.07160034775733948,0.07098230719566345,0.030442260205745697,0.19321544468402863,phase3_11_future_source_swap_no_phase4_no_cps
phase39b_xy_only_high_weight,ddpm_best_of_k_by_train_nn,0,hidden_high_friction,311001,1,15,0.2916666666666667,0.2916666666666667,0.0,0,0.0,nan,nan,0.03173233941197395,0.04035257175564766,0.4648009240627289,0.06819255650043488,0.034147974103689194,hidden_high_friction,1,2,-1,0.32034242153167725,0.0,0.5294830799102783,0.010233571752905846,0.5138264298439026,0.013950973749160767,0.01609191671013832,0.07576121389865875,0.10868658125400543,phase3_11_future_source_swap_no_phase4_no_cps
phase39b_xy_only_high_weight,ddpm_best_of_k_by_train_nn,0,hidden_high_friction,311002,2,0,0.0,0.0,0.0,0,0.0,nan,nan,0.014537300914525986,0.03886859863996506,0.46066370606422424,0.06727712601423264,0.03332049027085304,hidden_breakaway_pin,0,18,-1,0.6425190567970276,0.0,0.7150501012802124,0.17240417003631592,0.47495585680007935,-0.15966787934303284,0.409776896238327,nan,nan,phase3_11_future_source_swap_no_phase4_no_cps
phase39b_xy_only_high_weight,ddpm_best_of_k_by_train_nn,0,hidden_high_friction,311002,2,1,0.0,0.0,0.0,0,0.0,nan,nan,0.09610193222761154,0.03702133893966675,0.4573240280151367,0.07231412082910538,0.03823276609182358,hidden_high_friction,1,3,-1,0.5568172931671143,0.0,0.6871364712715149,0.10596578568220139,0.48129943013191223,0.10961587727069855,0.2058694064617157,0.07206406444311142,0.26935848593711853,phase3_11_future_source_swap_no_phase4_no_cps
phase39b_xy_only_high_weight,ddpm_best_of_k_by_train_nn,0,hidden_high_friction,311002,2,2,0.0,0.0,0.0,0,0.0,nan,nan,0.0761215090751648,0.0363815501332283,0.45646214485168457,0.0716363713145256,0.035680826753377914,hidden_breakaway_pin,0,11,-1,0.6784235239028931,0.0,0.6663422584533691,0.1271759420633316,0.5440523028373718,0.060336604714393616,0.13936401903629303,0.029703030362725258,0.07978953421115875,phase3_11_future_source_swap_no_phase4_no_cps
phase39b_xy_only_high_weight,ddpm_best_of_k_by_train_nn,0,hidden_high_friction,311002,2,3,0.0,0.0,0.0,0,0.0,nan,nan,0.08365096151828766,0.036774471402168274,0.4556804299354553,0.07049672305583954,0.034453634172677994,hidden_high_friction,1,13,-1,0.4738623797893524,0.0,0.6376197934150696,0.07820165157318115,0.3830224275588989,0.06714354455471039,0.25483739376068115,0.0567755326628685,0.16117368638515472,phase3_11_future_source_swap_no_phase4_no_cps
phase39b_xy_only_high_weight,ddpm_best_of_k_by_train_nn,0,hidden_high_friction,311002,2,4,0.0,0.0,0.0,0,0.0,nan,nan,0.05665813013911247,0.03958945721387863,0.46275612711906433,0.07100081443786621,0.03434848040342331,hidden_high_friction,1,15,-1,0.514144241809845,0.0,0.5806832313537598,0.06841782480478287,0.5581059455871582,-0.008020594716072083,0.07970298081636429,0.05777106061577797,0.1905357837677002,phase3_11_future_source_swap_no_phase4_no_cps
phase39b_xy_only_high_weight,ddpm_best_of_k_by_train_nn,0,hidden_high_friction,311002,2,5,0.0,0.0,0.0,0,0.0,nan,nan,0.07351701706647873,0.03938393294811249,0.46044978499412537,0.06832288950681686,0.033656518906354904,free,0,17,-1,0.5990088582038879,0.0,0.6045502424240112,0.10857798904180527,0.5505215525627136,0.06307461857795715,0.07063749432563782,0.04671694338321686,0.07149861752986908,phase3_11_future_source_swap_no_phase4_no_cps
phase39b_xy_only_high_weight,ddpm_best_of_k_by_train_nn,0,hidden_high_friction,311002,2,6,0.0,0.0,0.0,0,0.0,nan,nan,0.06506369262933731,0.036811765283346176,0.45299941301345825,0.07272151112556458,0.038028255105018616,hidden_high_friction,1,31,-1,0.456998348236084,0.0,0.5925881862640381,0.08367077261209488,0.5694519281387329,0.018079601228237152,0.06955205649137497,0.02763078361749649,0.04881506785750389,phase3_11_future_source_swap_no_phase4_no_cps
phase39b_xy_only_high_weight,ddpm_best_of_k_by_train_nn,0,hidden_high_friction,311002,2,7,0.0,0.0,0.0,0,0.0,nan,nan,0.05955160781741142,0.03673255071043968,0.45787313580513,0.07188665121793747,0.03497563675045967,hidden_breakaway_pin,0,28,-1,0.29053637385368347,0.0,0.5560635924339294,0.08006145805120468,0.48045623302459717,0.06334279477596283,0.0774337574839592,0.03670249134302139,0.09984482824802399,phase3_11_future_source_swap_no_phase4_no_cps
phase39b_xy_only_high_weight,ddpm_best_of_k_by_train_nn,0,hidden_high_friction,311002,2,8,0.0,0.0,0.0,0,0.0,nan,nan,0.05196378007531166,0.0380297489464283,0.4745214283466339,0.07005354017019272,0.03612365201115608,hidden_high_friction,1,17,-1,0.3470502495765686,0.0,0.5204309225082397,0.08455552160739899,0.45831555128097534,0.03903932124376297,0.07700677961111069,0.03591495379805565,0.03287656605243683,phase3_11_future_source_swap_no_phase4_no_cps
phase39b_xy_only_high_weight,ddpm_best_of_k_by_train_nn,0,hidden_high_friction,311002,2,9,0.0,0.0,0.0,0,0.0,nan,nan,0.04723908007144928,0.04029175266623497,0.4625507891178131,0.07025738805532455,0.03460247069597244,hidden_high_friction,1,8,-1,0.2919652462005615,0.0,0.545375645160675,0.10591428726911545,0.4648115038871765,0.06558755785226822,0.09009342640638351,0.03283955156803131,0.027331415563821793,phase3_11_future_source_swap_no_phase4_no_cps
phase39b_xy_only_high_weight,ddpm_best_of_k_by_train_nn,0,hidden_high_friction,311002,2,10,0.0,0.0,0.0,0,0.0,nan,nan,0.045607201755046844,0.039656609296798706,0.47240564227104187,0.06876414269208908,0.032953791320323944,hidden_breakaway_pin,0,4,-1,0.23553971946239471,0.0,0.5264710783958435,0.048941195011138916,0.44835880398750305,-0.01288139820098877,0.09961707144975662,0.060027625411748886,0.0801752358675003,phase3_11_future_source_swap_no_phase4_no_cps
phase39b_xy_only_high_weight,ddpm_best_of_k_by_train_nn,0,hidden_high_friction,311002,2,11,0.0,0.0,0.0,0,0.0,nan,nan,0.04399465397000313,0.03994151949882507,0.45338889956474304,0.06665926426649094,0.03239678218960762,hidden_high_friction,1,28,-1,0.4549690783023834,0.0,0.48798325657844543,0.08537101745605469,0.5493508577346802,0.10433913767337799,0.06423217058181763,0.052994757890701294,0.15472571551799774,phase3_11_future_source_swap_no_phase4_no_cps
phase39b_xy_only_high_weight,ddpm_best_of_k_by_train_nn,0,hidden_high_friction,311002,2,12,0.0,0.0,0.0,0,0.0,nan,nan,0.04371873661875725,0.039818406105041504,0.46110936999320984,0.06626705080270767,0.034004900604486465,hidden_breakaway_pin,0,17,-1,0.30280888080596924,0.0,0.4972602128982544,0.09170743077993393,0.46644532680511475,0.0763901099562645,0.03441188111901283,0.011234413832426071,0.08748985826969147,phase3_11_future_source_swap_no_phase4_no_cps
phase39b_xy_only_high_weight,ddpm_best_of_k_by_train_nn,0,hidden_high_friction,311002,2,13,0.0,0.0,0.0,0,0.0,nan,nan,0.042532552033662796,0.039954159408807755,0.4646220803260803,0.0670967623591423,0.03341245278716087,hidden_high_friction,1,22,-1,0.3326694667339325,0.0,0.5080135464668274,0.07283763587474823,0.607333242893219,0.04673238843679428,0.10269316285848618,0.02171873301267624,0.1439756453037262,phase3_11_future_source_swap_no_phase4_no_cps
phase39b_xy_only_high_weight,ddpm_best_of_k_by_train_nn,0,hidden_high_friction,311002,2,14,0.0,0.0,0.0,0,0.0,nan,nan,0.04406588897109032,0.04043058305978775,0.46497464179992676,0.06930507719516754,0.03482280299067497,hidden_high_friction,1,2,-1,0.3161565363407135,0.0,0.48473405838012695,0.03380128741264343,0.5519748330116272,-0.032034795731306076,0.09410478919744492,0.04545075446367264,0.0962747186422348,phase3_11_future_source_swap_no_phase4_no_cps
phase39b_xy_only_high_weight,ddpm_best_of_k_by_train_nn,0,hidden_high_friction,311002,2,15,0.0,0.0,0.0,0,0.0,nan,nan,0.04257461801171303,0.040232446044683456,0.4559509754180908,0.06491582840681076,0.03225439041852951,hidden_breakaway_pin,0,11,-1,0.3999037444591522,0.0,0.4835909307003021,0.05513335019350052,0.5417555570602417,-0.004480777308344841,0.08328846096992493,0.02136266976594925,0.029388051480054855,phase3_11_future_source_swap_no_phase4_no_cps
phase39b_xy_only_high_weight,global_input_retrieval,0,free,311000,0,0,0.0,0.16666666666666666,0.16666666666666666,0,0.16666666666666666,nan,nan,0.028360847383737564,0.03940604254603386,0.4747983515262604,0.0,0.0,free,1,-1,428,0.6064120531082153,0.0,0.3148704171180725,-0.2451416254043579,0.5270171165466309,0.10369992256164551,0.408284991979599,nan,nan,phase3_11_future_source_swap_no_phase4_no_cps
phase39b_xy_only_high_weight,global_input_retrieval,0,free,311000,0,1,0.16666666666666666,0.16666666666666666,0.0,0,0.0,nan,nan,0.10713322460651398,0.037579260766506195,0.47166481614112854,0.0,0.0,free,1,-1,300,0.5652952194213867,0.0,0.3532942533493042,-0.1840224415063858,0.47024887800216675,-0.1727963089942932,0.11749216914176941,0.07219380885362625,0.28226369619369507,phase3_11_future_source_swap_no_phase4_no_cps
phase39b_xy_only_high_weight,global_input_retrieval,0,free,311000,0,2,0.16666666666666666,0.16666666666666666,0.0,0,0.0,nan,nan,0.08378450572490692,0.038821831345558167,0.46160364151000977,0.0,0.0,free,1,-1,304,0.6945019364356995,0.0,0.4038241505622864,-0.12059855461120605,0.4514416456222534,-0.22614556550979614,0.11579117923974991,0.08109167963266373,0.05656726285815239,phase3_11_future_source_swap_no_phase4_no_cps
phase39b_xy_only_high_weight,global_input_retrieval,0,free,311000,0,3,0.16666666666666666,0.16666666666666666,0.0,0,0.0,nan,nan,0.04802457615733147,0.039054904133081436,0.46545886993408203,0.0,0.0,free,1,-1,608,0.6381645202636719,0.0,0.39098620414733887,-0.11500365287065506,0.364243745803833,-0.17019948363304138,0.06133301556110382,0.014004134573042393,0.10360230505466461,phase3_11_future_source_swap_no_phase4_no_cps
phase39b_xy_only_high_weight,global_input_retrieval,0,free,311000,0,4,0.16666666666666666,0.16666666666666666,0.0,0,0.0,nan,nan,0.039643995463848114,0.0393330380320549,0.45392870903015137,0.0,0.0,free,1,-1,612,0.19225947558879852,0.0,0.5266499519348145,0.014794236049056053,0.5677816867828369,-0.018346235156059265,0.05282149836421013,0.1877555549144745,0.2539431154727936,phase3_11_future_source_swap_no_phase4_no_cps
phase39b_xy_only_high_weight,global_input_retrieval,0,free,311000,0,5,0.16666666666666666,0.16666666666666666,0.0,0,0.0,nan,nan,0.05220675840973854,0.03999438136816025,0.45392870903015137,0.0,0.0,free,1,-1,612,0.2122223675251007,0.0,0.5160556435585022,0.005963839590549469,0.5684633851051331,-0.018897227942943573,0.05800555273890495,0.013791855424642563,0.0008765304810367525,phase3_11_future_source_swap_no_phase4_no_cps
phase39b_xy_only_high_weight,global_input_retrieval,0,free,311000,0,6,0.16666666666666666,0.16666666666666666,0.0,0,0.0,nan,nan,0.037200018763542175,0.04041757434606552,0.477789968252182,0.0,0.0,free,1,-1,420,0.32710960507392883,0.0,0.4487847089767456,-0.04674435406923294,0.4742867946624756,-0.09378760308027267,0.05351096764206886,0.08546070754528046,0.12032372504472733,phase3_11_future_source_swap_no_phase4_no_cps
phase39b_xy_only_high_weight,global_input_retrieval,0,free,311000,0,7,0.16666666666666666,0.16666666666666666,0.0,0,0.0,nan,nan,0.02999349683523178,0.04003370180726051,0.4711819589138031,0.0,0.0,free,1,-1,424,0.4750296473503113,0.0,0.41684895753860474,-0.08284512907266617,0.40862852334976196,-0.13687898218631744,0.05465558543801308,0.04819915071129799,0.07853582501411438,phase3_11_future_source_swap_no_phase4_no_cps
phase39b_xy_only_high_weight,global_input_retrieval,0,free,311000,0,8,0.16666666666666666,0.16666666666666666,0.0,0,0.0,nan,nan,0.03510270267724991,0.04032756760716438,0.4711819589138031,0.0,0.0,free,1,-1,424,0.4153197407722473,0.0,0.4226112961769104,-0.08342140167951584,0.4134855568408966,-0.13138891756534576,0.04882787540555,0.005791082512587309,0.0073301829397678375,phase3_11_future_source_swap_no_phase4_no_cps
phase39b_xy_only_high_weight,global_input_retrieval,0,free,311000,0,9,0.16666666666666666,0.16666666666666666,0.0,0,0.0,nan,nan,0.03577624633908272,0.040230680257081985,0.45392870903015137,0.0,0.0,free,1,-1,612,0.18861229717731476,0.0,0.5071823596954346,-0.00127507746219635,0.5662625432014465,-0.028154872357845306,0.06490755826234818,0.11789946258068085,0.18438567221164703,phase3_11_future_source_swap_no_phase4_no_cps
phase39b_xy_only_high_weight,global_input_retrieval,0,free,311000,0,10,0.16666666666666666,0.16666666666666666,0.0,0,0.0,nan,nan,0.049213021993637085,0.03988374024629593,0.45392870903015137,0.0,0.0,free,1,-1,612,0.20295263826847076,0.0,0.5073341131210327,0.0006631035357713699,0.5680283904075623,-0.022838672623038292,0.06508554518222809,0.0019441128242760897,0.005601802840828896,phase3_11_future_source_swap_no_phase4_no_cps
phase39b_xy_only_high_weight,global_input_retrieval,0,free,311000,0,11,0.16666666666666666,0.16666666666666666,0.0,0,0.0,nan,nan,0.04045608267188072,0.04010209068655968,0.477789968252182,0.0,0.0,free,1,-1,420,0.32390159368515015,0.0,0.444430410861969,-0.05035511031746864,0.46862632036209106,-0.0963306576013565,0.0519537590444088,0.0809921845793724,0.12361975014209747,phase3_11_future_source_swap_no_phase4_no_cps
phase39b_xy_only_high_weight,global_input_retrieval,0,free,311000,0,12,0.16666666666666666,0.16666666666666666,0.0,0,0.0,nan,nan,0.032408542931079865,0.04005608707666397,0.4711819589138031,0.0,0.0,free,1,-1,424,0.44628116488456726,0.0,0.4177388548851013,-0.08723409473896027,0.41265353560447693,-0.13795539736747742,0.05097559094429016,0.045524705201387405,0.06975365430116653,phase3_11_future_source_swap_no_phase4_no_cps
phase39b_xy_only_high_weight,global_input_retrieval,0,free,311000,0,13,0.16666666666666666,0.16666666666666666,0.0,0,0.0,nan,nan,0.03688189759850502,0.040320996195077896,0.4711819589138031,0.0,0.0,free,1,-1,424,0.39257481694221497,0.0,0.418759822845459,-0.08943512290716171,0.41625896096229553,-0.13019439578056335,0.040835924446582794,0.0024262936785817146,0.008557583205401897,phase3_11_future_source_swap_no_phase4_no_cps
phase39b_xy_only_high_weight,global_input_retrieval,0,free,311000,0,14,0.16666666666666666,0.16666666666666666,0.0,0,0.0,nan,nan,0.03304583206772804,0.04033442586660385,0.45392870903015137,0.0,0.0,free,1,-1,612,0.19540029764175415,0.0,0.5098633766174316,0.0024977922439575195,0.5672422647476196,-0.02804502658545971,0.06500153988599777,0.12942765653133392,0.18229222297668457,phase3_11_future_source_swap_no_phase4_no_cps
phase39b_xy_only_high_weight,global_input_retrieval,0,free,311000,0,15,0.16666666666666666,0.16666666666666666,0.0,0,0.0,nan,nan,0.04927100986242294,0.03999456763267517,0.45392870903015137,0.0,0.0,free,1,-1,612,0.21095521748065948,0.0,0.5097663402557373,0.004467321559786797,0.568336546421051,-0.019770227372646332,0.06338712573051453,0.0019719183910638094,0.008346841670572758,phase3_11_future_source_swap_no_phase4_no_cps
phase39b_xy_only_high_weight,global_input_retrieval,0,free,311001,1,0,0.0,0.0,0.0,0,0.0,nan,nan,0.012739577330648899,0.03979600593447685,0.46938031911849976,0.0,0.0,free,1,-1,624,0.6620215177536011,0.0,0.6733160614967346,0.10707736760377884,0.4058038890361786,-0.3270282745361328,0.5099121928215027,nan,nan,phase3_11_future_source_swap_no_phase4_no_cps
phase39b_xy_only_high_weight,global_input_retrieval,0,free,311001,1,1,0.0,0.0,0.0,0,0.0,nan,nan,0.09808369725942612,0.039250485599040985,0.4632182717323303,0.0,0.0,free,1,-1,760,0.3841733932495117,0.0,0.5853261947631836,-0.1227419525384903,0.5477616190910339,-0.1657717227935791,0.05711968615651131,0.2460876703262329,0.21483871340751648,phase3_11_future_source_swap_no_phase4_no_cps
phase39b_xy_only_high_weight,global_input_retrieval,0,free,311001,1,2,0.0,0.0,0.0,0,0.0,nan,nan,0.06668898463249207,0.03975743427872658,0.46928516030311584,0.0,0.0,free,1,-1,108,0.1826448142528534,0.0,0.5602840781211853,-0.07192869484424591,0.5178681015968323,-0.07230372726917267,0.04241763427853584,0.056648872792720795,0.09813199192285538,phase3_11_future_source_swap_no_phase4_no_cps
phase39b_xy_only_high_weight,global_input_retrieval,0,free,311001,1,3,0.0,0.0,0.0,0,0.0,nan,nan,0.03219955414533615,0.039664607495069504,0.4963853657245636,0.0,0.0,free,1,-1,664,0.5049933195114136,0.0,0.4591209292411804,-0.2365681231021881,0.4387817978858948,-0.26163333654403687,0.03227917477488518,0.19323591887950897,0.20518368482589722,phase3_11_future_source_swap_no_phase4_no_cps
phase39b_xy_only_high_weight,global_input_retrieval,0,free,311001,1,4,0.0,0.0,0.0,0,0.0,nan,nan,0.03236956149339676,0.040213387459516525,0.47822684049606323,0.0,0.0,free,1,-1,656,0.2775190472602844,0.0,0.558646559715271,-0.07199738919734955,0.5460975170135498,-0.06214464455842972,0.01595478132367134,0.1923249214887619,0.22652241587638855,phase3_11_future_source_swap_no_phase4_no_cps
phase39b_xy_only_high_weight,global_input_retrieval,0,free,311001,1,5,0.0,0.0,0.0,0,0.0,nan,nan,0.02706955373287201,0.04039913788437843,0.4868462383747101,0.0,0.0,free,1,-1,660,0.24607309699058533,0.0,0.5748814940452576,-0.07557100802659988,0.5604329109191895,-0.04312739148736,0.03551548719406128,0.016623593866825104,0.023815110325813293,phase3_11_future_source_swap_no_phase4_no_cps
phase39b_xy_only_high_weight,global_input_retrieval,0,free,311001,1,6,0.0,0.0,0.0,0,0.0,nan,nan,0.02011561021208763,0.04011963680386543,0.4963853657245636,0.0,0.0,free,1,-1,664,0.5187275409698486,0.0,0.4635935425758362,-0.24145878851413727,0.43758806586265564,-0.2687190771102905,0.03767503425478935,0.19975925981998444,0.2568705379962921,phase3_11_future_source_swap_no_phase4_no_cps
phase39b_xy_only_high_weight,global_input_retrieval,0,free,311001,1,7,0.0,0.0,0.0,0,0.0,nan,nan,0.0313909649848938,0.040424592792987823,0.47822684049606323,0.0,0.0,free,1,-1,656,0.24340249598026276,0.0,0.5503494143486023,-0.07691691070795059,0.5432478785514832,-0.06684356927871704,0.01232493482530117,0.1860123872756958,0.22785459458827972,phase3_11_future_source_swap_no_phase4_no_cps
phase39b_xy_only_high_weight,global_input_retrieval,0,free,311001,1,8,0.0,0.0,0.0,0,0.0,nan,nan,0.028370290994644165,0.04041954129934311,0.4868462383747101,0.0,0.0,free,1,-1,660,0.24589210748672485,0.0,0.5749784708023071,-0.07407419383525848,0.5591752529144287,-0.043042734265327454,0.03482374548912048,0.024792568758130074,0.028638454154133797,phase3_11_future_source_swap_no_phase4_no_cps
phase39b_xy_only_high_weight,global_input_retrieval,0,free,311001,1,9,0.0,0.0,0.0,0,0.0,nan,nan,0.020047595724463463,0.039939165115356445,0.4963853657245636,0.0,0.0,free,1,-1,664,0.5201773643493652,0.0,0.4644743800163269,-0.24281057715415955,0.43899035453796387,-0.26884764432907104,0.03643301501870155,0.20170056819915771,0.2557973265647888,phase3_11_future_source_swap_no_phase4_no_cps
phase39b_xy_only_high_weight,global_input_retrieval,0,free,311001,1,10,0.0,0.0,0.0,0,0.0,nan,nan,0.031707946211099625,0.040188007056713104,0.47822684049606323,0.0,0.0,free,1,-1,656,0.24086208641529083,0.0,0.5495749711990356,-0.07650776952505112,0.5441314578056335,-0.06650350987911224,0.011389339342713356,0.18681202828884125,0.228030264377594,phase3_11_future_source_swap_no_phase4_no_cps
phase39b_xy_only_high_weight,global_input_retrieval,0,free,311001,1,11,0.0,0.0,0.0,0,0.0,nan,nan,0.02843468450009823,0.03998852148652077,0.4868462383747101,0.0,0.0,free,1,-1,660,0.24649569392204285,0.0,0.5745065808296204,-0.07354265451431274,0.5590441226959229,-0.042713697999715805,0.03448930382728577,0.025107311084866524,0.028077440336346626,phase3_11_future_source_swap_no_phase4_no_cps
phase39b_xy_only_high_weight,global_input_retrieval,0,free,311001,1,12,0.0,0.0,0.0,0,0.0,nan,nan,0.019996650516986847,0.04026038572192192,0.4963853657245636,0.0,0.0,free,1,-1,664,0.5201730132102966,0.0,0.4642830789089203,-0.24308399856090546,0.43865451216697693,-0.2689778804779053,0.036432355642318726,0.20222137868404388,0.2562989294528961,phase3_11_future_source_swap_no_phase4_no_cps
phase39b_xy_only_high_weight,global_input_retrieval,0,free,311001,1,13,0.0,0.0,0.0,0,0.0,nan,nan,0.03165939450263977,0.040140505880117416,0.47822684049606323,0.0,0.0,free,1,-1,656,0.23899078369140625,0.0,0.548907458782196,-0.07762819528579712,0.5439548492431641,-0.06734967231750488,0.011409485712647438,0.18584108352661133,0.22746887803077698,phase3_11_future_source_swap_no_phase4_no_cps
phase39b_xy_only_high_weight,global_input_retrieval,0,free,311001,1,14,0.0,0.0,0.0,0,0.0,nan,nan,0.028373345732688904,0.04008832573890686,0.4868462383747101,0.0,0.0,free,1,-1,660,0.24315641820430756,0.0,0.5741186141967773,-0.07407466322183609,0.5589044094085693,-0.043366674333810806,0.034270286560058594,0.02546035870909691,0.028260812163352966,phase3_11_future_source_swap_no_phase4_no_cps
phase39b_xy_only_high_weight,global_input_retrieval,0,free,311001,1,15,0.0,0.0,0.0,0,0.0,nan,nan,0.019925549626350403,0.04026298224925995,0.4963853657245636,0.0,0.0,free,1,-1,664,0.5238489508628845,0.0,0.46400290727615356,-0.24419039487838745,0.4390455186367035,-0.26931631565093994,0.035414449870586395,0.20264460146427155,0.2557721436023712,phase3_11_future_source_swap_no_phase4_no_cps
phase39b_xy_only_high_weight,global_input_retrieval,0,free,311002,2,0,0.0,0.0,0.0,0,0.0,nan,nan,0.01094120554625988,0.039533115923404694,0.45093992352485657,0.0,0.0,free,1,-1,204,0.5858714580535889,0.0,0.4380451440811157,-0.07105036079883575,0.6204944849014282,0.22009263932704926,0.3435869812965393,nan,nan,phase3_11_future_source_swap_no_phase4_no_cps
phase39b_xy_only_high_weight,global_input_retrieval,0,free,311002,2,1,0.0,0.0,0.0,0,0.0,nan,nan,0.0639868974685669,0.03938106447458267,0.47166481614112854,0.0,0.0,free,1,-1,300,0.4352599084377289,0.0,0.4040587246417999,-0.151336669921875,0.4526059329509735,-0.18761368095874786,0.060604069381952286,0.08718352764844894,0.4409206509590149,phase3_11_future_source_swap_no_phase4_no_cps
phase39b_xy_only_high_weight,global_input_retrieval,0,free,311002,2,2,0.0,0.0,0.0,0,0.0,nan,nan,0.060322366654872894,0.039475277066230774,0.46160364151000977,0.0,0.0,free,1,-1,304,0.7119544744491577,0.0,0.4077405631542206,-0.16608771681785583,0.41525307297706604,-0.235929474234581,0.07024463266134262,0.015203596092760563,0.06107087805867195,phase3_11_future_source_swap_no_phase4_no_cps
phase39b_xy_only_high_weight,global_input_retrieval,0,free,311002,2,3,0.0,0.0,0.0,0,0.0,nan,nan,0.05249375104904175,0.04002876952290535,0.45392870903015137,0.0,0.0,free,1,-1,612,0.3431551158428192,0.0,0.48281094431877136,-0.047433577477931976,0.5763223171234131,-0.05011413246393204,0.09354978054761887,0.14040786027908325,0.24590778350830078,phase3_11_future_source_swap_no_phase4_no_cps
phase39b_xy_only_high_weight,global_input_retrieval,0,free,311002,2,4,0.0,0.0,0.0,0,0.0,nan,nan,0.054358143359422684,0.03998607397079468,0.4868462383747101,0.0,0.0,free,1,-1,660,0.2657356262207031,0.0,0.4593541920185089,-0.12467288225889206,0.536104679107666,-0.12596410512924194,0.07676134258508682,0.08072254806756973,0.08585264533758163,phase3_11_future_source_swap_no_phase4_no_cps
phase39b_xy_only_high_weight,global_input_retrieval,0,free,311002,2,5,0.0,0.0,0.0,0,0.0,nan,nan,0.05184706300497055,0.03966826573014259,0.46160364151000977,0.0,0.0,free,1,-1,304,0.8199343085289001,0.0,0.40685129165649414,-0.1561284065246582,0.40685373544692993,-0.238784059882164,0.0826556533575058,0.061204612255096436,0.17156383395195007,phase3_11_future_source_swap_no_phase4_no_cps
phase39b_xy_only_high_weight,global_input_retrieval,0,free,311002,2,6,0.0,0.0,0.0,0,0.0,nan,nan,0.04989040270447731,0.04037555307149887,0.46160364151000977,0.0,0.0,free,1,-1,304,0.7901804447174072,0.0,0.4020041823387146,-0.15608954429626465,0.40753552317619324,-0.24257364869117737,0.08666080981492996,0.004847265314310789,0.0038504309486597776,phase3_11_future_source_swap_no_phase4_no_cps
phase39b_xy_only_high_weight,global_input_retrieval,0,free,311002,2,7,0.0,0.0,0.0,0,0.0,nan,nan,0.04961588978767395,0.0401889942586422,0.45392870903015137,0.0,0.0,free,1,-1,612,0.3207249045372009,0.0,0.4887315332889557,-0.031450290232896805,0.5789175629615784,-0.0463324673473835,0.09140568226575851,0.15184392035007477,0.26054251194000244,phase3_11_future_source_swap_no_phase4_no_cps
phase39b_xy_only_high_weight,global_input_retrieval,0,free,311002,2,8,0.0,0.0,0.0,0,0.0,nan,nan,0.05469886213541031,0.03990528732538223,0.4868462383747101,0.0,0.0,free,1,-1,660,0.27246659994125366,0.0,0.46001943945884705,-0.12405610829591751,0.5330694317817688,-0.12462340295314789,0.07305219769477844,0.09695474058389664,0.09072773903608322,phase3_11_future_source_swap_no_phase4_no_cps
phase39b_xy_only_high_weight,global_input_retrieval,0,free,311002,2,9,0.0,0.0,0.0,0,0.0,nan,nan,0.05193740874528885,0.039911434054374695,0.46160364151000977,0.0,0.0,free,1,-1,304,0.7941032648086548,0.0,0.4066009223461151,-0.15728451311588287,0.40900373458862305,-0.23807130753993988,0.08082251995801926,0.06290997564792633,0.16811521351337433,phase3_11_future_source_swap_no_phase4_no_cps
phase39b_xy_only_high_weight,global_input_retrieval,0,free,311002,2,10,0.0,0.0,0.0,0,0.0,nan,nan,0.050222236663103104,0.039793889969587326,0.46160364151000977,0.0,0.0,free,1,-1,304,0.7938117384910583,0.0,0.40106144547462463,-0.15782509744167328,0.40861034393310547,-0.24318568408489227,0.08569373190402985,0.005565791856497526,0.00512948352843523,phase3_11_future_source_swap_no_phase4_no_cps
phase39b_xy_only_high_weight,global_input_retrieval,0,free,311002,2,11,0.0,0.0,0.0,0,0.0,nan,nan,0.04963112995028496,0.03965040296316147,0.45392870903015137,0.0,0.0,free,1,-1,612,0.3454689383506775,0.0,0.4867452085018158,-0.034188900142908096,0.5787620544433594,-0.0499153807759285,0.09335106611251831,0.1504247933626175,0.2574976086616516,phase3_11_future_source_swap_no_phase4_no_cps
phase39b_xy_only_high_weight,global_input_retrieval,0,free,311002,2,12,0.0,0.0,0.0,0,0.0,nan,nan,0.0546143501996994,0.0397096611559391,0.4868462383747101,0.0,0.0,free,1,-1,660,0.2687119245529175,0.0,0.4597209692001343,-0.1261354237794876,0.5336861610412598,-0.12577970325946808,0.07396604865789413,0.09583565592765808,0.08824529498815536,phase3_11_future_source_swap_no_phase4_no_cps
phase39b_xy_only_high_weight,global_input_retrieval,0,free,311002,2,13,0.0,0.0,0.0,0,0.0,nan,nan,0.05203542113304138,0.03960326313972473,0.46160364151000977,0.0,0.0,free,1,-1,304,0.8016060590744019,0.0,0.4074770510196686,-0.15715081989765167,0.4078831374645233,-0.23642218112945557,0.07927240431308746,0.06075674295425415,0.16753554344177246,phase3_11_future_source_swap_no_phase4_no_cps
phase39b_xy_only_high_weight,global_input_retrieval,0,free,311002,2,14,0.0,0.0,0.0,0,0.0,nan,nan,0.05025381222367287,0.04046138748526573,0.46160364151000977,0.0,0.0,free,1,-1,304,0.7963076233863831,0.0,0.4015946388244629,-0.15768037736415863,0.4066927433013916,-0.24256817996501923,0.08504075556993484,0.005906200502067804,0.0062602185644209385,phase3_11_future_source_swap_no_phase4_no_cps
phase39b_xy_only_high_weight,global_input_retrieval,0,free,311002,2,15,0.0,0.0,0.0,0,0.0,nan,nan,0.04967283457517624,0.03991267830133438,0.45392870903015137,0.0,0.0,free,1,-1,612,0.33855050802230835,0.0,0.48821204900741577,-0.0324593186378479,0.5788418650627136,-0.04747556149959564,0.09186539053916931,0.15225929021835327,0.2601854205131531,phase3_11_future_source_swap_no_phase4_no_cps
phase39b_xy_only_high_weight,global_input_retrieval,0,hidden_breakaway_pin,311000,0,0,0.0,0.0,0.0,0,0.0,nan,nan,0.01489400677382946,0.040137819945812225,0.45944422483444214,0.0,0.0,free,0,-1,764,0.5762307643890381,0.0,0.6994359493255615,-0.04802174121141434,0.34303587675094604,-0.06498990207910538,0.3568037748336792,nan,nan,phase3_11_future_source_swap_no_phase4_no_cps
phase39b_xy_only_high_weight,global_input_retrieval,0,hidden_breakaway_pin,311000,0,1,0.0,0.0,0.0,0,0.0,nan,nan,0.08342467248439789,0.03973276913166046,0.45754605531692505,0.0,0.0,free,0,-1,444,0.5904765725135803,0.0,0.5843225121498108,-0.06541606038808823,0.504239022731781,0.027328133583068848,0.1225351020693779,0.1164202094078064,0.18576617538928986,phase3_11_future_source_swap_no_phase4_no_cps
phase39b_xy_only_high_weight,global_input_retrieval,0,hidden_breakaway_pin,311000,0,2,0.0,0.0,0.0,0,0.0,nan,nan,0.06891722232103348,0.03930237516760826,0.45754605531692505,0.0,0.0,free,0,-1,444,0.6546817421913147,0.0,0.5411003232002258,-0.0700988844037056,0.5129076242446899,-0.009122941642999649,0.06717807799577713,0.04347512498497963,0.03746766224503517,phase3_11_future_source_swap_no_phase4_no_cps
phase39b_xy_only_high_weight,global_input_retrieval,0,hidden_breakaway_pin,311000,0,3,0.0,0.0,0.0,0,0.0,nan,nan,0.05181959271430969,0.039946846663951874,0.4973994195461273,0.0,0.0,free,0,-1,464,0.375509113073349,0.0,0.4948323965072632,-0.12803810834884644,0.47790443897247314,-0.1709384173154831,0.046119324862957,0.07414630800485611,0.1655580699443817,phase3_11_future_source_swap_no_phase4_no_cps
phase39b_xy_only_high_weight,global_input_retrieval,0,hidden_breakaway_pin,311000,0,4,0.0,0.0,0.0,0,0.0,nan,nan,0.053846653550863266,0.0396091490983963,0.47822684049606323,0.0,0.0,free,0,-1,656,0.3229491412639618,0.0,0.5095042586326599,-0.08472604304552078,0.5282425880432129,-0.08850095421075821,0.0191147830337286,0.0457296222448349,0.09659122675657272,phase3_11_future_source_swap_no_phase4_no_cps
phase39b_xy_only_high_weight,global_input_retrieval,0,hidden_breakaway_pin,311000,0,5,0.0,0.0,0.0,0,0.0,nan,nan,0.05253593251109123,0.04026533663272858,0.4868462383747101,0.0,0.0,free,0,-1,660,0.3019656538963318,0.0,0.5326802134513855,-0.082888662815094,0.5533610582351685,-0.08069843798875809,0.020796500146389008,0.02324867434799671,0.026302410289645195,phase3_11_future_source_swap_no_phase4_no_cps
phase39b_xy_only_high_weight,global_input_retrieval,0,hidden_breakaway_pin,311000,0,6,0.0,0.0,0.0,0,0.0,nan,nan,0.049128152430057526,0.040284328162670135,0.4963853657245636,0.0,0.0,free,0,-1,664,0.6730166077613831,0.0,0.4414157271385193,-0.1984923928976059,0.4146577715873718,-0.2958177328109741,0.10093666613101959,0.14728689193725586,0.25595882534980774,phase3_11_future_source_swap_no_phase4_no_cps
phase39b_xy_only_high_weight,global_input_retrieval,0,hidden_breakaway_pin,311000,0,7,0.0,0.0,0.0,0,0.0,nan,nan,0.05151457339525223,0.040186330676078796,0.47822684049606323,0.0,0.0,free,0,-1,656,0.4145354628562927,0.0,0.5112752318382263,-0.08873327821493149,0.5422889590263367,-0.08853605389595032,0.031014354899525642,0.1301053911447525,0.24342435598373413,phase3_11_future_source_swap_no_phase4_no_cps
phase39b_xy_only_high_weight,global_input_retrieval,0,hidden_breakaway_pin,311000,0,8,0.0,0.0,0.0,0,0.0,nan,nan,0.04837803542613983,0.04043889045715332,0.4868462383747101,0.0,0.0,free,0,-1,660,0.3390198051929474,0.0,0.5454112887382507,-0.07750704139471054,0.5596475005149841,-0.06693299859762192,0.017733586952090263,0.03593464568257332,0.02771301008760929,phase3_11_future_source_swap_no_phase4_no_cps
phase39b_xy_only_high_weight,global_input_retrieval,0,hidden_breakaway_pin,311000,0,9,0.0,0.0,0.0,0,0.0,nan,nan,0.04536324366927147,0.0403035432100296,0.4963853657245636,0.0,0.0,free,0,-1,664,0.6442948579788208,0.0,0.43839743733406067,-0.20196229219436646,0.42162024974823,-0.28500592708587646,0.08472142368555069,0.1641373634338379,0.25808393955230713,phase3_11_future_source_swap_no_phase4_no_cps
phase39b_xy_only_high_weight,global_input_retrieval,0,hidden_breakaway_pin,311000,0,10,0.0,0.0,0.0,0,0.0,nan,nan,0.051140863448381424,0.03978775069117546,0.47822684049606323,0.0,0.0,free,0,-1,656,0.3352048993110657,0.0,0.5197381973266602,-0.07742243260145187,0.541297197341919,-0.0766555592417717,0.02157263457775116,0.14874976873397827,0.2402757704257965,phase3_11_future_source_swap_no_phase4_no_cps
phase39b_xy_only_high_weight,global_input_retrieval,0,hidden_breakaway_pin,311000,0,11,0.0,0.0,0.0,0,0.0,nan,nan,0.04894215986132622,0.04001753032207489,0.4868462383747101,0.0,0.0,free,0,-1,660,0.3098818063735962,0.0,0.5499225854873657,-0.07294238358736038,0.5593646764755249,-0.06396409124135971,0.013029306195676327,0.030515046790242195,0.02207956463098526,phase3_11_future_source_swap_no_phase4_no_cps
phase39b_xy_only_high_weight,global_input_retrieval,0,hidden_breakaway_pin,311000,0,12,0.0,0.0,0.0,0,0.0,nan,nan,0.0453815795481205,0.03971443697810173,0.4963853657245636,0.0,0.0,free,0,-1,664,0.6610338687896729,0.0,0.4441189169883728,-0.2028026580810547,0.4246356189250946,-0.2850133180618286,0.08448781818151474,0.16750554740428925,0.2588719427585602,phase3_11_future_source_swap_no_phase4_no_cps
phase39b_xy_only_high_weight,global_input_retrieval,0,hidden_breakaway_pin,311000,0,13,0.0,0.0,0.0,0,0.0,nan,nan,0.05191479250788689,0.040238481014966965,0.47822684049606323,0.0,0.0,free,0,-1,656,0.3696857988834381,0.0,0.5190019011497498,-0.07852822542190552,0.5414043068885803,-0.07824130356311798,0.022404242306947708,0.1450916826725006,0.23746493458747864,phase3_11_future_source_swap_no_phase4_no_cps
phase39b_xy_only_high_weight,global_input_retrieval,0,hidden_breakaway_pin,311000,0,14,0.0,0.0,0.0,0,0.0,nan,nan,0.04931162670254707,0.03991137817502022,0.4868462383747101,0.0,0.0,free,0,-1,660,0.30997487902641296,0.0,0.5489484071731567,-0.0725480392575264,0.5586107969284058,-0.06391283869743347,0.01295872125774622,0.03053777664899826,0.02239125221967697,phase3_11_future_source_swap_no_phase4_no_cps
phase39b_xy_only_high_weight,global_input_retrieval,0,hidden_breakaway_pin,311000,0,15,0.0,0.0,0.0,0,0.0,nan,nan,0.045446041971445084,0.03959718719124794,0.4963853657245636,0.0,0.0,free,0,-1,664,0.6597337126731873,0.0,0.44387373328208923,-0.2017497569322586,0.4244437515735626,-0.2843080759048462,0.0848139151930809,0.16653458774089813,0.2580210268497467,phase3_11_future_source_swap_no_phase4_no_cps
phase39b_xy_only_high_weight,global_input_retrieval,0,hidden_breakaway_pin,311001,1,0,0.0,0.125,0.125,0,0.125,nan,nan,0.012216245755553246,0.03925210237503052,0.4432947635650635,0.0,0.0,free,0,-1,480,0.5469288229942322,0.0,0.3746110200881958,-0.004008946940302849,0.6590979099273682,-0.03561390936374664,0.28623709082603455,nan,nan,phase3_11_future_source_swap_no_phase4_no_cps
phase39b_xy_only_high_weight,global_input_retrieval,0,hidden_breakaway_pin,311001,1,1,0.125,0.125,0.0,0,0.0,nan,nan,0.0714331641793251,0.039065998047590256,0.47166481614112854,0.0,0.0,free,0,-1,300,0.3932999074459076,0.0,0.4160999059677124,-0.12804527580738068,0.4416956603527069,-0.15966342389583588,0.040679845958948135,0.13079120218753815,0.25030386447906494,phase3_11_future_source_swap_no_phase4_no_cps
phase39b_xy_only_high_weight,global_input_retrieval,0,hidden_breakaway_pin,311001,1,2,0.125,0.125,0.0,0,0.0,nan,nan,0.058189477771520615,0.03957686573266983,0.4711819589138031,0.0,0.0,free,0,-1,424,0.5042092204093933,0.0,0.44778379797935486,-0.09223559498786926,0.3998279273509979,-0.13301783800125122,0.06295201927423477,0.04781424626708031,0.049627553671598434,phase3_11_future_source_swap_no_phase4_no_cps
phase39b_xy_only_high_weight,global_input_retrieval,0,hidden_breakaway_pin,311001,1,3,0.125,0.125,0.0,0,0.0,nan,nan,0.03584710508584976,0.03951578587293625,0.46545886993408203,0.0,0.0,free,0,-1,608,0.5303723812103271,0.0,0.4446341395378113,-0.12614820897579193,0.3702135682106018,-0.16356033086776733,0.08329518884420395,0.03405856341123581,0.04254237934947014,phase3_11_future_source_swap_no_phase4_no_cps
phase39b_xy_only_high_weight,global_input_retrieval,0,hidden_breakaway_pin,311001,1,4,0.125,0.16666666666666666,0.04166666666666666,0,0.04166666666666666,nan,nan,0.03852107375860214,0.04011768475174904,0.45392870903015137,0.0,0.0,free,0,-1,612,0.26948708295822144,0.0,0.567804217338562,-0.02725200168788433,0.573217511177063,-0.025050736963748932,0.005843741819262505,0.15795989334583282,0.24575497210025787,phase3_11_future_source_swap_no_phase4_no_cps
phase39b_xy_only_high_weight,global_input_retrieval,0,hidden_breakaway_pin,311001,1,5,0.16666666666666666,0.16666666666666666,0.0,0,0.0,nan,nan,0.054365601390600204,0.040218573063611984,0.47166481614112854,0.0,0.0,free,0,-1,300,0.49679791927337646,0.0,0.4841139614582062,-0.13313156366348267,0.4355700612068176,-0.1693158596754074,0.06054596230387688,0.13496126234531403,0.19939720630645752,phase3_11_future_source_swap_no_phase4_no_cps
phase39b_xy_only_high_weight,global_input_retrieval,0,hidden_breakaway_pin,311001,1,6,0.16666666666666666,0.16666666666666666,0.0,0,0.0,nan,nan,0.043751347810029984,0.04005897045135498,0.46160364151000977,0.0,0.0,free,0,-1,304,0.41445615887641907,0.0,0.4728596806526184,-0.15759438276290894,0.40693390369415283,-0.1971065104007721,0.0768597200512886,0.026927463710308075,0.03990425541996956,phase3_11_future_source_swap_no_phase4_no_cps
phase39b_xy_only_high_weight,global_input_retrieval,0,hidden_breakaway_pin,311001,1,7,0.16666666666666666,0.16666666666666666,0.0,0,0.0,nan,nan,0.038981612771749496,0.040352772921323776,0.46545886993408203,0.0,0.0,free,0,-1,608,0.4923440217971802,0.0,0.44002535939216614,-0.142532616853714,0.3712770342826843,-0.1676773726940155,0.07320239394903183,0.036124084144830704,0.04623296111822128,phase3_11_future_source_swap_no_phase4_no_cps
phase39b_xy_only_high_weight,global_input_retrieval,0,hidden_breakaway_pin,311001,1,8,0.16666666666666666,0.16666666666666666,0.0,0,0.0,nan,nan,0.03765125945210457,0.04017842561006546,0.45392870903015137,0.0,0.0,free,0,-1,612,0.27568361163139343,0.0,0.5660738945007324,-0.008713576942682266,0.5716490149497986,-0.021723097190260887,0.014153783209621906,0.18383625149726868,0.2478943020105362,phase3_11_future_source_swap_no_phase4_no_cps
phase39b_xy_only_high_weight,global_input_retrieval,0,hidden_breakaway_pin,311001,1,9,0.16666666666666666,0.16666666666666666,0.0,0,0.0,nan,nan,0.055319130420684814,0.04004152864217758,0.45392870903015137,0.0,0.0,free,0,-1,612,0.35419657826423645,0.0,0.571211040019989,-0.010152545757591724,0.5666328072547913,-0.01164942979812622,0.0048167286440730095,0.005334875546395779,0.011253492906689644,phase3_11_future_source_swap_no_phase4_no_cps
phase39b_xy_only_high_weight,global_input_retrieval,0,hidden_breakaway_pin,311001,1,10,0.16666666666666666,0.16666666666666666,0.0,0,0.0,nan,nan,0.04632251337170601,0.04009048268198967,0.477789968252182,0.0,0.0,free,0,-1,420,0.6326926350593567,0.0,0.510809600353241,-0.0458378940820694,0.4652077555656433,-0.08626599609851837,0.06094226613640785,0.07015538215637207,0.12591534852981567,phase3_11_future_source_swap_no_phase4_no_cps
phase39b_xy_only_high_weight,global_input_retrieval,0,hidden_breakaway_pin,311001,1,11,0.16666666666666666,0.16666666666666666,0.0,0,0.0,nan,nan,0.032825835049152374,0.039636027067899704,0.4711819589138031,0.0,0.0,free,0,-1,424,0.5945796966552734,0.0,0.47740697860717773,-0.103919617831707,0.40678125619888306,-0.1409865915775299,0.07976185530424118,0.06700165569782257,0.08004998415708542,phase3_11_future_source_swap_no_phase4_no_cps
phase39b_xy_only_high_weight,global_input_retrieval,0,hidden_breakaway_pin,311001,1,12,0.16666666666666666,0.16666666666666666,0.0,0,0.0,nan,nan,0.03325580060482025,0.03971565514802933,0.4711819589138031,0.0,0.0,free,0,-1,424,0.47297388315200806,0.0,0.46747925877571106,-0.11127947270870209,0.41863515973091125,-0.139987051486969,0.056655723601579666,0.012358279898762703,0.01189596951007843,phase3_11_future_source_swap_no_phase4_no_cps
phase39b_xy_only_high_weight,global_input_retrieval,0,hidden_breakaway_pin,311001,1,13,0.16666666666666666,0.20833333333333334,0.041666666666666685,0,0.041666666666666685,nan,nan,0.03482840582728386,0.039561957120895386,0.45392870903015137,0.0,0.0,free,0,-1,612,0.23669718205928802,0.0,0.5545709133148193,-0.029279660433530807,0.5710783004760742,-0.030566973611712456,0.01655750535428524,0.11961992084980011,0.1876477152109146,phase3_11_future_source_swap_no_phase4_no_cps
phase39b_xy_only_high_weight,global_input_retrieval,0,hidden_breakaway_pin,311001,1,14,0.20833333333333334,0.20833333333333334,0.0,0,0.0,nan,nan,0.046032194048166275,0.03997068852186203,0.47166481614112854,0.0,0.0,free,0,-1,300,0.483364999294281,0.0,0.469794362783432,-0.14620961248874664,0.43544065952301025,-0.17514115571975708,0.04491337388753891,0.1444287896156311,0.19824041426181793,phase3_11_future_source_swap_no_phase4_no_cps
phase39b_xy_only_high_weight,global_input_retrieval,0,hidden_breakaway_pin,311001,1,15,0.20833333333333334,0.20833333333333334,0.0,0,0.0,nan,nan,0.03520919382572174,0.04016060009598732,0.46160364151000977,0.0,0.0,free,0,-1,304,0.4355962574481964,0.0,0.4611366391181946,-0.17295928299427032,0.4087297320365906,-0.20313292741775513,0.060472577810287476,0.028115849941968918,0.03869125247001648,phase3_11_future_source_swap_no_phase4_no_cps
phase39b_xy_only_high_weight,global_input_retrieval,0,hidden_breakaway_pin,311002,2,0,0.0,0.0,0.0,0,0.0,nan,nan,0.012216664850711823,0.03970026224851608,0.484480619430542,0.0,0.0,free,0,-1,96,0.3257151246070862,0.0,0.5755072832107544,-0.18839116394519806,0.5417977571487427,0.005964800715446472,0.1972576379776001,nan,nan,phase3_11_future_source_swap_no_phase4_no_cps
phase39b_xy_only_high_weight,global_input_retrieval,0,hidden_breakaway_pin,311002,2,1,0.0,0.0,0.0,0,0.0,nan,nan,0.07088510692119598,0.03961262106895447,0.46160364151000977,0.0,0.0,free,0,-1,304,0.49698278307914734,0.0,0.5413137078285217,-0.1441340446472168,0.4094550907611847,-0.1675635278224945,0.1339239925146103,0.055927574634552,0.2182353287935257,phase3_11_future_source_swap_no_phase4_no_cps
phase39b_xy_only_high_weight,global_input_retrieval,0,hidden_breakaway_pin,311002,2,2,0.0,0.0,0.0,0,0.0,nan,nan,0.05848034471273422,0.039380595088005066,0.46928516030311584,0.0,0.0,free,0,-1,108,0.45295974612236023,0.0,0.5365906357765198,-0.11486037075519562,0.5248204469680786,-0.05772422254085541,0.05833589658141136,0.029652239754796028,0.15929168462753296,phase3_11_future_source_swap_no_phase4_no_cps
phase39b_xy_only_high_weight,global_input_retrieval,0,hidden_breakaway_pin,311002,2,3,0.0,0.0,0.0,0,0.0,nan,nan,0.05575534701347351,0.039962492883205414,0.46928516030311584,0.0,0.0,free,0,-1,108,0.22947998344898224,0.0,0.529862642288208,-0.1071331799030304,0.5373660326004028,-0.05105388164520264,0.056579045951366425,0.010245748795568943,0.014208630658686161,phase3_11_future_source_swap_no_phase4_no_cps
phase39b_xy_only_high_weight,global_input_retrieval,0,hidden_breakaway_pin,311002,2,4,0.0,0.0,0.0,0,0.0,nan,nan,0.05401470512151718,0.04031337425112724,0.46160364151000977,0.0,0.0,free,0,-1,304,0.5254467129707336,0.0,0.46383917331695557,-0.20159080624580383,0.4081927537918091,-0.22130827605724335,0.05903644859790802,0.11524470150470734,0.21371077001094818,phase3_11_future_source_swap_no_phase4_no_cps
phase39b_xy_only_high_weight,global_input_retrieval,0,hidden_breakaway_pin,311002,2,5,0.0,0.0,0.0,0,0.0,nan,nan,0.046691786497831345,0.040092650800943375,0.46160364151000977,0.0,0.0,free,0,-1,304,0.56972736120224,0.0,0.45754867792129517,-0.20037797093391418,0.4134231507778168,-0.22686976194381714,0.05146724358201027,0.006406348664313555,0.007634603884071112,phase3_11_future_source_swap_no_phase4_no_cps
phase39b_xy_only_high_weight,global_input_retrieval,0,hidden_breakaway_pin,311002,2,6,0.0,0.0,0.0,0,0.0,nan,nan,0.05219167098402977,0.04036862403154373,0.46160364151000977,0.0,0.0,free,0,-1,304,0.6118422746658325,0.0,0.4585249423980713,-0.20288679003715515,0.4126679599285126,-0.23291827738285065,0.0548156276345253,0.00269207451492548,0.006095477845519781,phase3_11_future_source_swap_no_phase4_no_cps
phase39b_xy_only_high_weight,global_input_retrieval,0,hidden_breakaway_pin,311002,2,7,0.0,0.0,0.0,0,0.0,nan,nan,0.054498616605997086,0.040258873254060745,0.46160364151000977,0.0,0.0,free,0,-1,304,0.618003249168396,0.0,0.46378064155578613,-0.197694793343544,0.4131470322608948,-0.2355269193649292,0.0632062628865242,0.0073877740651369095,0.002652267459779978,phase3_11_future_source_swap_no_phase4_no_cps
phase39b_xy_only_high_weight,global_input_retrieval,0,hidden_breakaway_pin,311002,2,8,0.0,0.0,0.0,0,0.0,nan,nan,0.054763104766607285,0.03995934873819351,0.46160364151000977,0.0,0.0,free,0,-1,304,0.6155111193656921,0.0,0.463905394077301,-0.19784019887447357,0.4126489758491516,-0.2353958785533905,0.06354250013828278,0.00019158799841534346,0.0005150066572241485,phase3_11_future_source_swap_no_phase4_no_cps
phase39b_xy_only_high_weight,global_input_retrieval,0,hidden_breakaway_pin,311002,2,9,0.0,0.0,0.0,0,0.0,nan,nan,0.054416753351688385,0.03988732770085335,0.46160364151000977,0.0,0.0,free,0,-1,304,0.6176066398620605,0.0,0.4634474217891693,-0.1980748176574707,0.41293466091156006,-0.2355634719133377,0.06290420144796371,0.0005145722534507513,0.0003312151529826224,phase3_11_future_source_swap_no_phase4_no_cps
phase39b_xy_only_high_weight,global_input_retrieval,0,hidden_breakaway_pin,311002,2,10,0.0,0.0,0.0,0,0.0,nan,nan,0.05414583534002304,0.03970201313495636,0.46160364151000977,0.0,0.0,free,0,-1,304,0.6181708574295044,0.0,0.4627709686756134,-0.19792388379573822,0.4127059578895569,-0.23491856455802917,0.062250394374132156,0.0006930871750228107,0.0006842591683380306,phase3_11_future_source_swap_no_phase4_no_cps
phase39b_xy_only_high_weight,global_input_retrieval,0,hidden_breakaway_pin,311002,2,11,0.0,0.0,0.0,0,0.0,nan,nan,0.0541696734726429,0.04003038629889488,0.46160364151000977,0.0,0.0,free,0,-1,304,0.620940089225769,0.0,0.4627227485179901,-0.19794827699661255,0.41280728578567505,-0.23475052416324615,0.06201579421758652,5.4038984671933576e-05,0.00019622669788077474,phase3_11_future_source_swap_no_phase4_no_cps
phase39b_xy_only_high_weight,global_input_retrieval,0,hidden_breakaway_pin,311002,2,12,0.0,0.0,0.0,0,0.0,nan,nan,0.05420483276247978,0.03990824893116951,0.46160364151000977,0.0,0.0,free,0,-1,304,0.6225430369377136,0.0,0.4628090262413025,-0.19790461659431458,0.41298067569732666,-0.23492683470249176,0.062076639384031296,9.669579594628885e-05,0.0002472841879352927,phase3_11_future_source_swap_no_phase4_no_cps
phase39b_xy_only_high_weight,global_input_retrieval,0,hidden_breakaway_pin,311002,2,13,0.0,0.0,0.0,0,0.0,nan,nan,0.05421517789363861,0.03984319046139717,0.46160364151000977,0.0,0.0,free,0,-1,304,0.6239417791366577,0.0,0.4627772867679596,-0.19802139699459076,0.41267168521881104,-0.2349693924188614,0.06225532665848732,0.00012101676111342385,0.00031190746813081205,phase3_11_future_source_swap_no_phase4_no_cps
phase39b_xy_only_high_weight,global_input_retrieval,0,hidden_breakaway_pin,311002,2,14,0.0,0.0,0.0,0,0.0,nan,nan,0.054211221635341644,0.04021970182657242,0.46160364151000977,0.0,0.0,free,0,-1,304,0.6226891279220581,0.0,0.46313732862472534,-0.19769082963466644,0.4127218723297119,-0.2346976101398468,0.06253974884748459,0.000488779041916132,0.0002763771917670965,phase3_11_future_source_swap_no_phase4_no_cps
phase39b_xy_only_high_weight,global_input_retrieval,0,hidden_breakaway_pin,311002,2,15,0.0,0.0,0.0,0,0.0,nan,nan,0.0542229562997818,0.040165338665246964,0.46160364151000977,0.0,0.0,free,0,-1,304,0.6228651404380798,0.0,0.4631924033164978,-0.1979772001504898,0.41243627667427063,-0.2348695993423462,0.06274738162755966,0.00029161840211600065,0.00033338440698571503,phase3_11_future_source_swap_no_phase4_no_cps
phase39b_xy_only_high_weight,global_input_retrieval,0,hidden_high_friction,311000,0,0,0.0,0.125,0.125,0,0.125,nan,nan,0.01685001142323017,0.03966670483350754,0.4546409845352173,0.0,0.0,free,0,-1,228,0.6509090065956116,0.0,0.30553460121154785,-0.013498540036380291,0.6257615089416504,0.05949892848730087,0.3284416198730469,nan,nan,phase3_11_future_source_swap_no_phase4_no_cps
phase39b_xy_only_high_weight,global_input_retrieval,0,hidden_high_friction,311000,0,1,0.125,0.125,0.0,0,0.0,nan,nan,0.08047936111688614,0.03887655586004257,0.4523128271102905,0.0,0.0,free,0,-1,68,0.5356972813606262,0.0,0.4169718325138092,0.021219445392489433,0.3802575170993805,0.10756367444992065,0.09382572770118713,0.11672015488147736,0.25016480684280396,phase3_11_future_source_swap_no_phase4_no_cps
phase39b_xy_only_high_weight,global_input_retrieval,0,hidden_high_friction,311000,0,2,0.125,0.125,0.0,0,0.0,nan,nan,0.06437406688928604,0.03868447244167328,0.4523128271102905,0.0,0.0,free,0,-1,68,0.47009482979774475,0.0,0.47321897745132446,0.05631370097398758,0.38352492451667786,0.11948837339878082,0.1097089946269989,0.06629741936922073,0.012364238500595093,phase3_11_future_source_swap_no_phase4_no_cps
phase39b_xy_only_high_weight,global_input_retrieval,0,hidden_high_friction,311000,0,3,0.125,0.0,-0.125,0,-0.125,nan,nan,0.04952557012438774,0.0389816090464592,0.45389044284820557,0.0,0.0,free,0,-1,184,0.5228720903396606,0.0,0.4744110107421875,0.021028978750109673,0.3807474970817566,-0.013459958136081696,0.09981152415275574,0.03530484810471535,0.13297733664512634,phase3_11_future_source_swap_no_phase4_no_cps
phase39b_xy_only_high_weight,global_input_retrieval,0,hidden_high_friction,311000,0,4,0.0,0.0,0.0,0,0.0,nan,nan,0.0488177165389061,0.03800680860877037,0.4431992471218109,0.0,0.0,free,0,-1,188,0.3767676055431366,0.0,0.4746314585208893,0.010815316811203957,0.5460125803947449,0.1280244141817093,0.13723424077033997,0.010216040536761284,0.2175554484128952,phase3_11_future_source_swap_no_phase4_no_cps
phase39b_xy_only_high_weight,global_input_retrieval,0,hidden_high_friction,311000,0,5,0.0,0.2916666666666667,0.2916666666666667,0,0.2916666666666667,nan,nan,0.05215698108077049,0.03837018832564354,0.44238781929016113,0.0,0.0,free,0,-1,192,0.3210233747959137,0.0,0.4565126299858093,-0.011992729268968105,0.5262422561645508,0.08562401682138443,0.11996353417634964,0.02912900410592556,0.04678310826420784,phase3_11_future_source_swap_no_phase4_no_cps
phase39b_xy_only_high_weight,global_input_retrieval,0,hidden_high_friction,311000,0,6,0.2916666666666667,0.25,-0.041666666666666685,0,-0.041666666666666685,nan,nan,0.05188016593456268,0.029687348753213882,0.44238781929016113,0.0,0.0,free,0,-1,192,0.4508749544620514,0.0,0.4676187038421631,0.003909103572368622,0.5200833678245544,0.08441281318664551,0.09609051793813705,0.019396215677261353,0.006276856176555157,phase3_11_future_source_swap_no_phase4_no_cps
phase39b_xy_only_high_weight,global_input_retrieval,0,hidden_high_friction,311000,0,7,0.25,0.25,0.0,0,0.0,nan,nan,0.050284165889024734,0.031069479882717133,0.46902093291282654,0.0,0.0,free,0,-1,264,0.29358336329460144,0.0,0.4850105941295624,0.02013961412012577,0.4867246150970459,-0.05559993162751198,0.07575894147157669,0.023788806051015854,0.14393183588981628,phase3_11_future_source_swap_no_phase4_no_cps
phase39b_xy_only_high_weight,global_input_retrieval,0,hidden_high_friction,311000,0,8,0.25,0.25,0.0,0,0.0,nan,nan,0.044563308358192444,0.033626340329647064,0.46902093291282654,0.0,0.0,free,0,-1,264,0.2615320682525635,0.0,0.48087018728256226,0.02421375922858715,0.48309454321861267,-0.040219105780124664,0.06447125226259232,0.005808754358440638,0.015803392976522446,phase3_11_future_source_swap_no_phase4_no_cps
phase39b_xy_only_high_weight,global_input_retrieval,0,hidden_high_friction,311000,0,9,0.25,0.08333333333333333,-0.16666666666666669,0,-0.16666666666666669,nan,nan,0.04648695886135101,0.03234056755900383,0.4465450048446655,0.0,0.0,free,0,-1,328,0.25499042868614197,0.0,0.5228231549263,0.07713019102811813,0.5625917911529541,0.011317972093820572,0.07689468562602997,0.06752925366163254,0.09474113583564758,phase3_11_future_source_swap_no_phase4_no_cps
phase39b_xy_only_high_weight,global_input_retrieval,0,hidden_high_friction,311000,0,10,0.08333333333333333,0.125,0.04166666666666667,0,0.04166666666666667,nan,nan,0.05211475118994713,0.02891405299305916,0.4465450048446655,0.0,0.0,free,0,-1,328,0.21986126899719238,0.0,0.5337191820144653,0.06151141971349716,0.5651198029518127,0.027942877262830734,0.04596570506691933,0.019043881446123123,0.016816014423966408,phase3_11_future_source_swap_no_phase4_no_cps
phase39b_xy_only_high_weight,global_input_retrieval,0,hidden_high_friction,311000,0,11,0.125,0.125,0.0,0,0.0,nan,nan,0.049106694757938385,0.029272029176354408,0.46434488892555237,0.0,0.0,free,0,-1,164,0.5331859588623047,0.0,0.4268288016319275,0.07281093299388885,0.4007309675216675,0.09273169934749603,0.03283190354704857,0.10748596489429474,0.17669545114040375,phase3_11_future_source_swap_no_phase4_no_cps
phase39b_xy_only_high_weight,global_input_retrieval,0,hidden_high_friction,311000,0,12,0.125,0.125,0.0,0,0.0,nan,nan,0.04572317376732826,0.029726067557930946,0.45203810930252075,0.0,0.0,free,0,-1,324,0.5014906525611877,0.0,0.4210422933101654,0.07561789453029633,0.3526727259159088,0.07397230714559555,0.06838937103748322,0.006431384943425655,0.05158982053399086,phase3_11_future_source_swap_no_phase4_no_cps
phase39b_xy_only_high_weight,global_input_retrieval,0,hidden_high_friction,311000,0,13,0.125,0.125,0.0,0,0.0,nan,nan,0.040198132395744324,0.03216061741113663,0.4465450048446655,0.0,0.0,free,0,-1,328,0.27510660886764526,0.0,0.5479651689529419,0.05627526342868805,0.5573443174362183,0.0188889317214489,0.03854485973715782,0.12838828563690186,0.21195432543754578,phase3_11_future_source_swap_no_phase4_no_cps
phase39b_xy_only_high_weight,global_input_retrieval,0,hidden_high_friction,311000,0,14,0.125,0.125,0.0,0,0.0,nan,nan,0.04903383180499077,0.032222930341959,0.4465450048446655,0.0,0.0,free,0,-1,328,0.23203769326210022,0.0,0.5502721071243286,0.015713026747107506,0.5617181062698364,0.005146965384483337,0.01557730883359909,0.04062778502702713,0.014421223662793636,phase3_11_future_source_swap_no_phase4_no_cps
phase39b_xy_only_high_weight,global_input_retrieval,0,hidden_high_friction,311000,0,15,0.125,0.125,0.0,0,0.0,nan,nan,0.04749414697289467,0.03533308207988739,0.46434488892555237,0.0,0.0,free,0,-1,164,0.49573802947998047,0.0,0.44436025619506836,0.04331199824810028,0.3920924961566925,0.09011821448802948,0.07016224414110184,0.10944873094558716,0.1897181123495102,phase3_11_future_source_swap_no_phase4_no_cps
phase39b_xy_only_high_weight,global_input_retrieval,0,hidden_high_friction,311001,1,0,0.0,0.125,0.125,0,0.125,nan,nan,0.01349719986319542,0.03962096944451332,0.4486142694950104,0.0,0.0,free,0,-1,404,0.3203681409358978,0.0,0.6036550998687744,0.19564151763916016,0.4921816289424896,0.0010494515299797058,0.22425968945026398,nan,nan,phase3_11_future_source_swap_no_phase4_no_cps
phase39b_xy_only_high_weight,global_input_retrieval,0,hidden_high_friction,311001,1,1,0.125,0.125,0.0,0,0.0,nan,nan,0.07878824323415756,0.03556439280509949,0.46902093291282654,0.0,0.0,free,0,-1,264,0.2798828184604645,0.0,0.560874879360199,0.1250392347574234,0.5146570801734924,-0.032754190266132355,0.16442278027534485,0.0825519785284996,0.04059349745512009,phase3_11_future_source_swap_no_phase4_no_cps
phase39b_xy_only_high_weight,global_input_retrieval,0,hidden_high_friction,311001,1,2,0.125,0.125,0.0,0,0.0,nan,nan,0.06884897500276566,0.03489789739251137,0.45775938034057617,0.0,0.0,free,0,-1,256,0.3579024374485016,0.0,0.5532032251358032,0.14234110713005066,0.5090039968490601,0.14015859365463257,0.04425308108329773,0.018926411867141724,0.17300516366958618,phase3_11_future_source_swap_no_phase4_no_cps
phase39b_xy_only_high_weight,global_input_retrieval,0,hidden_high_friction,311001,1,3,0.125,0.125,0.0,0,0.0,nan,nan,0.048371586948633194,0.033037129789590836,0.46434488892555237,0.0,0.0,free,0,-1,164,0.4706260561943054,0.0,0.4477008581161499,0.05731722712516785,0.40496110916137695,0.09661507606506348,0.05806037411093712,0.13549837470054626,0.11278723180294037,phase3_11_future_source_swap_no_phase4_no_cps
phase39b_xy_only_high_weight,global_input_retrieval,0,hidden_high_friction,311001,1,4,0.125,0.125,0.0,0,0.0,nan,nan,0.05127915367484093,0.03899955749511719,0.45203810930252075,0.0,0.0,free,0,-1,324,0.48630252480506897,0.0,0.4383479952812195,0.05327087640762329,0.3471240997314453,0.07025865465402603,0.09279215335845947,0.010190633125603199,0.06355927139520645,phase3_11_future_source_swap_no_phase4_no_cps
phase39b_xy_only_high_weight,global_input_retrieval,0,hidden_high_friction,311001,1,5,0.125,0.125,0.0,0,0.0,nan,nan,0.044722653925418854,0.039217304438352585,0.4465450048446655,0.0,0.0,free,0,-1,328,0.21094302833080292,0.0,0.5520846843719482,0.052733778953552246,0.5585377216339111,0.004767853766679764,0.048398055136203766,0.11373795568943024,0.22132502496242523,phase3_11_future_source_swap_no_phase4_no_cps
phase39b_xy_only_high_weight,global_input_retrieval,0,hidden_high_friction,311001,1,6,0.125,0.08333333333333333,-0.04166666666666667,0,-0.04166666666666667,nan,nan,0.048363570123910904,0.040288615971803665,0.4465450048446655,0.0,0.0,free,0,-1,328,0.2205379456281662,0.0,0.5560539364814758,0.023895734921097755,0.5726470351219177,0.006480291485786438,0.024054700508713722,0.029109925031661987,0.014212852343916893,phase3_11_future_source_swap_no_phase4_no_cps
phase39b_xy_only_high_weight,global_input_retrieval,0,hidden_high_friction,311001,1,7,0.08333333333333333,0.08333333333333333,0.0,0,0.0,nan,nan,0.04597585275769234,0.040423210710287094,0.46434488892555237,0.0,0.0,free,0,-1,164,0.5042524337768555,0.0,0.4368526041507721,0.05227524787187576,0.4010901153087616,0.08506317436695099,0.04851807653903961,0.12253307551145554,0.18869829177856445,phase3_11_future_source_swap_no_phase4_no_cps
phase39b_xy_only_high_weight,global_input_retrieval,0,hidden_high_friction,311001,1,8,0.08333333333333333,0.08333333333333333,0.0,0,0.0,nan,nan,0.04168986156582832,0.040469925850629807,0.45203810930252075,0.0,0.0,free,0,-1,324,0.4885648488998413,0.0,0.4196011424064636,0.06221506744623184,0.3531409502029419,0.06700780242681503,0.06663277745246887,0.019910121336579323,0.05123591423034668,phase3_11_future_source_swap_no_phase4_no_cps
phase39b_xy_only_high_weight,global_input_retrieval,0,hidden_high_friction,311001,1,9,0.08333333333333333,0.08333333333333333,0.0,0,0.0,nan,nan,0.03522827848792076,0.04001453518867493,0.4465450048446655,0.0,0.0,free,0,-1,328,0.22854872047901154,0.0,0.5561521649360657,0.05012005567550659,0.564663827419281,0.016487393528223038,0.034693002700805664,0.13708563148975372,0.2174723893404007,phase3_11_future_source_swap_no_phase4_no_cps
phase39b_xy_only_high_weight,global_input_retrieval,0,hidden_high_friction,311001,1,10,0.08333333333333333,0.08333333333333333,0.0,0,0.0,nan,nan,0.045050282031297684,0.04005790501832962,0.4465450048446655,0.0,0.0,free,0,-1,328,0.23073241114616394,0.0,0.5620449781417847,0.012282172217965126,0.5755772590637207,0.00504838302731514,0.015344390645623207,0.03829400613903999,0.015809930860996246,phase3_11_future_source_swap_no_phase4_no_cps
phase39b_xy_only_high_weight,global_input_retrieval,0,hidden_high_friction,311001,1,11,0.08333333333333333,0.08333333333333333,0.0,0,0.0,nan,nan,0.043392643332481384,0.03985616937279701,0.46434488892555237,0.0,0.0,free,0,-1,164,0.5028873085975647,0.0,0.4426586627960205,0.03936757147312164,0.39985391497612,0.08400323987007141,0.06184326484799385,0.12242022156715393,0.19264622032642365,phase3_11_future_source_swap_no_phase4_no_cps
phase39b_xy_only_high_weight,global_input_retrieval,0,hidden_high_friction,311001,1,12,0.08333333333333333,0.08333333333333333,0.0,0,0.0,nan,nan,0.04091711342334747,0.039921436458826065,0.45203810930252075,0.0,0.0,free,0,-1,324,0.4863635003566742,0.0,0.42379212379455566,0.05498088151216507,0.3520072102546692,0.06614886224269867,0.07264845073223114,0.02448921650648117,0.05106942355632782,phase3_11_future_source_swap_no_phase4_no_cps
phase39b_xy_only_high_weight,global_input_retrieval,0,hidden_high_friction,311001,1,13,0.08333333333333333,0.08333333333333333,0.0,0,0.0,nan,nan,0.03459346294403076,0.03976532444357872,0.4465450048446655,0.0,0.0,free,0,-1,328,0.22977511584758759,0.0,0.5602283477783203,0.05006077140569687,0.5681244134902954,0.018060386180877686,0.03296016529202461,0.13652490079402924,0.22140267491340637,phase3_11_future_source_swap_no_phase4_no_cps
phase39b_xy_only_high_weight,global_input_retrieval,0,hidden_high_friction,311001,1,14,0.08333333333333333,0.0,-0.08333333333333333,0,-0.08333333333333333,nan,nan,0.04535388946533203,0.03809395432472229,0.4465450048446655,0.0,0.0,free,0,-1,328,0.23913513123989105,0.0,0.5654100775718689,0.015055621042847633,0.577376127243042,0.008635945618152618,0.013579343445599079,0.035386595875024796,0.013206600211560726,phase3_11_future_source_swap_no_phase4_no_cps
phase39b_xy_only_high_weight,global_input_retrieval,0,hidden_high_friction,311001,1,15,0.0,0.0,0.0,0,0.0,nan,nan,0.04354157671332359,0.039299387484788895,0.46434488892555237,0.0,0.0,free,0,-1,164,0.4924345314502716,0.0,0.44555968046188354,0.04029615968465805,0.40092241764068604,0.08326365053653717,0.061957165598869324,0.1224794015288353,0.19158603250980377,phase3_11_future_source_swap_no_phase4_no_cps
phase39b_xy_only_high_weight,global_input_retrieval,0,hidden_high_friction,311002,2,0,0.3333333333333333,0.0,-0.3333333333333333,0,-0.3333333333333333,nan,nan,0.016407974064350128,0.029744518920779228,0.4379187822341919,0.0,0.0,free,0,-1,380,0.5923492908477783,0.0,0.4641665816307068,-0.13268180191516876,0.4086122512817383,0.22765003144741058,0.36458924412727356,nan,nan,phase3_11_future_source_swap_no_phase4_no_cps
phase39b_xy_only_high_weight,global_input_retrieval,0,hidden_high_friction,311002,2,1,0.0,0.0,0.0,0,0.0,nan,nan,0.07849731296300888,0.032348040491342545,0.4523128271102905,0.0,0.0,free,0,-1,68,0.5007926821708679,0.0,0.4017905294895172,0.04106176644563675,0.39179524779319763,0.10518990457057953,0.0649024173617363,0.18460120260715485,0.12360944598913193,phase3_11_future_source_swap_no_phase4_no_cps
phase39b_xy_only_high_weight,global_input_retrieval,0,hidden_high_friction,311002,2,2,0.0,0.0,0.0,0,0.0,nan,nan,0.08027497678995132,0.033385396003723145,0.4465450048446655,0.0,0.0,free,0,-1,328,0.3890261650085449,0.0,0.4598318040370941,0.08605645596981049,0.5855891704559326,-0.014816571027040482,0.16121502220630646,0.07343916594982147,0.22794218361377716,phase3_11_future_source_swap_no_phase4_no_cps
phase39b_xy_only_high_weight,global_input_retrieval,0,hidden_high_friction,311002,2,3,0.0,0.20833333333333334,0.20833333333333334,0,0.20833333333333334,nan,nan,0.08104851841926575,0.040029652416706085,0.44238781929016113,0.0,0.0,free,0,-1,192,0.30847102403640747,0.0,0.44750961661338806,0.0810292661190033,0.5257495045661926,0.09151483327150345,0.07893938571214676,0.013308227993547916,0.12201292812824249,phase3_11_future_source_swap_no_phase4_no_cps
phase39b_xy_only_high_weight,global_input_retrieval,0,hidden_high_friction,311002,2,4,0.20833333333333334,0.20833333333333334,0.0,0,0.0,nan,nan,0.07165145874023438,0.04007415845990181,0.44238781929016113,0.0,0.0,free,0,-1,192,0.32105982303619385,0.0,0.4659201204776764,0.10940278321504593,0.5205950140953064,0.08115001022815704,0.06154318153858185,0.03382311388850212,0.01157576497644186,phase3_11_future_source_swap_no_phase4_no_cps
phase39b_xy_only_high_weight,global_input_retrieval,0,hidden_high_friction,311002,2,5,0.20833333333333334,0.375,0.16666666666666666,0,0.16666666666666666,nan,nan,0.07225806266069412,0.040060967206954956,0.46902093291282654,0.0,0.0,free,0,-1,264,0.28323063254356384,0.0,0.4543400704860687,0.1305844485759735,0.48870739340782166,-0.07646726071834564,0.20988455414772034,0.024140432476997375,0.16081053018569946,phase3_11_future_source_swap_no_phase4_no_cps
phase39b_xy_only_high_weight,global_input_retrieval,0,hidden_high_friction,311002,2,6,0.375,0.375,0.0,0,0.0,nan,nan,0.06451541930437088,0.040348026901483536,0.4632182717323303,0.0,0.0,free,0,-1,760,0.30351096391677856,0.0,0.4720669388771057,-0.012748917564749718,0.5050025582313538,-0.16005730628967285,0.15094541013240814,0.1444253921508789,0.08516354113817215,phase3_11_future_source_swap_no_phase4_no_cps
phase39b_xy_only_high_weight,global_input_retrieval,0,hidden_high_friction,311002,2,7,0.375,0.375,0.0,0,0.0,nan,nan,0.05167456716299057,0.040267664939165115,0.4632182717323303,0.0,0.0,free,0,-1,760,0.3141620457172394,0.0,0.4755912721157074,-0.06827550381422043,0.5172004699707031,-0.16508442163467407,0.10537215322256088,0.05563831701874733,0.013193216174840927,phase3_11_future_source_swap_no_phase4_no_cps
phase39b_xy_only_high_weight,global_input_retrieval,0,hidden_high_friction,311002,2,8,0.375,0.375,0.0,0,0.0,nan,nan,0.04945030435919762,0.039963558316230774,0.4632182717323303,0.0,0.0,free,0,-1,760,0.3223550617694855,0.0,0.4657234847545624,-0.06923642009496689,0.5062413215637207,-0.16600799560546875,0.10491155087947845,0.009914463385939598,0.010997996665537357,phase3_11_future_source_swap_no_phase4_no_cps
phase39b_xy_only_high_weight,global_input_retrieval,0,hidden_high_friction,311002,2,9,0.375,0.375,0.0,0,0.0,nan,nan,0.04695279151201248,0.040131229907274246,0.4632182717323303,0.0,0.0,free,0,-1,760,0.33577609062194824,0.0,0.4691137373447418,-0.07443328946828842,0.5060254335403442,-0.16802263259887695,0.10060536116361618,0.006204938516020775,0.002026171190664172,phase3_11_future_source_swap_no_phase4_no_cps
phase39b_xy_only_high_weight,global_input_retrieval,0,hidden_high_friction,311002,2,10,0.375,0.375,0.0,0,0.0,nan,nan,0.051594819873571396,0.03987910598516464,0.4632182717323303,0.0,0.0,free,0,-1,760,0.3205614686012268,0.0,0.46634456515312195,-0.06869880855083466,0.5062049031257629,-0.16640520095825195,0.10552433878183365,0.006368091329932213,0.001627358142286539,phase3_11_future_source_swap_no_phase4_no_cps
phase39b_xy_only_high_weight,global_input_retrieval,0,hidden_high_friction,311002,2,11,0.375,0.375,0.0,0,0.0,nan,nan,0.05228160321712494,0.04017472267150879,0.4632182717323303,0.0,0.0,free,0,-1,760,0.3304443955421448,0.0,0.4669238030910492,-0.06740300357341766,0.5060266256332397,-0.16692893207073212,0.10693193972110748,0.0014193756505846977,0.0005532423965632915,phase3_11_future_source_swap_no_phase4_no_cps
phase39b_xy_only_high_weight,global_input_retrieval,0,hidden_high_friction,311002,2,12,0.375,0.4166666666666667,0.041666666666666685,0,0.041666666666666685,nan,nan,0.05258498713374138,0.04020672291517258,0.4632182717323303,0.0,0.0,free,0,-1,760,0.33354172110557556,0.0,0.46691790223121643,-0.06727501004934311,0.5058614015579224,-0.16716009378433228,0.10720832645893097,0.00012812948261853307,0.0002841385721694678,phase3_11_future_source_swap_no_phase4_no_cps
phase39b_xy_only_high_weight,global_input_retrieval,0,hidden_high_friction,311002,2,13,0.4166666666666667,0.4166666666666667,0.0,0,0.0,nan,nan,0.05217236652970314,0.03992757201194763,0.4632182717323303,0.0,0.0,free,0,-1,760,0.32994765043258667,0.0,0.4677238464355469,-0.06690189242362976,0.5060864686965942,-0.16666485369205475,0.10688470304012299,0.0008881231769919395,0.0005439834203571081,phase3_11_future_source_swap_no_phase4_no_cps
phase39b_xy_only_high_weight,global_input_retrieval,0,hidden_high_friction,311002,2,14,0.4166666666666667,0.4166666666666667,0.0,0,0.0,nan,nan,0.05201513692736626,0.040274232625961304,0.4632182717323303,0.0,0.0,free,0,-1,760,0.32421499490737915,0.0,0.4679461419582367,-0.06752490997314453,0.5062165856361389,-0.1666189581155777,0.10622738301753998,0.0006614878657273948,0.0001379739842377603,phase3_11_future_source_swap_no_phase4_no_cps
phase39b_xy_only_high_weight,global_input_retrieval,0,hidden_high_friction,311002,2,15,0.4166666666666667,0.4166666666666667,0.0,0,0.0,nan,nan,0.05195634439587593,0.04008280485868454,0.4632182717323303,0.0,0.0,free,0,-1,760,0.32365652918815613,0.0,0.4679267704486847,-0.0675806850194931,0.506496787071228,-0.16663126647472382,0.10629517585039139,5.904329736949876e-05,0.00028047163505107164,phase3_11_future_source_swap_no_phase4_no_cps
phase39b_xy_only_high_weight,condition_matched_retrieval,1,free,311000,0,0,0.0,0.0,0.0,0,0.0,nan,nan,0.01325015164911747,0.03357052057981491,0.47867342829704285,0.0,0.0,free,1,-1,620,0.5581632852554321,0.0,0.5497450828552246,-0.09711065888404846,0.6228402256965637,-0.2534237205982208,0.17255918681621552,nan,nan,phase3_11_future_source_swap_no_phase4_no_cps
phase39b_xy_only_high_weight,condition_matched_retrieval,1,free,311000,0,1,0.0,0.0,0.0,0,0.0,nan,nan,0.06119871512055397,0.034447524696588516,0.47166481614112854,0.0,0.0,free,1,-1,300,0.4032616913318634,0.0,0.5076690912246704,-0.1406913548707962,0.43022939562797546,-0.15624861419200897,0.07898692786693573,0.060577768832445145,0.2157357931137085,phase3_11_future_source_swap_no_phase4_no_cps
phase39b_xy_only_high_weight,condition_matched_retrieval,1,free,311000,0,2,0.0,0.0,0.0,0,0.0,nan,nan,0.053118981420993805,0.036062002182006836,0.46160364151000977,0.0,0.0,free,1,-1,304,0.48451468348503113,0.0,0.46873781085014343,-0.18486884236335754,0.40836793184280396,-0.2043023705482483,0.06342069059610367,0.05888374149799347,0.05279286950826645,phase3_11_future_source_swap_no_phase4_no_cps
phase39b_xy_only_high_weight,condition_matched_retrieval,1,free,311000,0,3,0.0,0.0,0.0,0,0.0,nan,nan,0.04952080920338631,0.03970789164304733,0.46160364151000977,0.0,0.0,free,1,-1,304,0.6522188782691956,0.0,0.44410866498947144,-0.20715582370758057,0.4099538326263428,-0.23346570134162903,0.04311336576938629,0.033216025680303574,0.029206419363617897,phase3_11_future_source_swap_no_phase4_no_cps
phase39b_xy_only_high_weight,condition_matched_retrieval,1,free,311000,0,4,0.0,0.0,0.0,0,0.0,nan,nan,0.04832165688276291,0.03950287401676178,0.46160364151000977,0.0,0.0,free,1,-1,304,0.6875521540641785,0.0,0.4523746967315674,-0.19557121396064758,0.4102556109428406,-0.2388184815645218,0.06036839634180069,0.014231320470571518,0.005361279938369989,phase3_11_future_source_swap_no_phase4_no_cps
phase39b_xy_only_high_weight,condition_matched_retrieval,1,free,311000,0,5,0.0,0.0,0.0,0,0.0,nan,nan,0.05041025951504707,0.040015969425439835,0.45392870903015137,0.0,0.0,free,1,-1,612,0.25119057297706604,0.0,0.5382871031761169,-0.04183410480618477,0.5795446634292603,-0.04547720402479172,0.04141809418797493,0.17611372470855713,0.2569817900657654,phase3_11_future_source_swap_no_phase4_no_cps
phase39b_xy_only_high_weight,condition_matched_retrieval,1,free,311000,0,6,0.0,0.0,0.0,0,0.0,nan,nan,0.050083793699741364,0.04008482024073601,0.4868462383747101,0.0,0.0,free,1,-1,660,0.37853729724884033,0.0,0.5212227702140808,-0.10932736098766327,0.5404232740402222,-0.10200613737106323,0.020548958331346512,0.06961703300476074,0.0687459334731102,phase3_11_future_source_swap_no_phase4_no_cps
phase39b_xy_only_high_weight,condition_matched_retrieval,1,free,311000,0,7,0.0,0.0,0.0,0,0.0,nan,nan,0.04847226291894913,0.040045153349637985,0.46160364151000977,0.0,0.0,free,1,-1,304,0.5715655088424683,0.0,0.4474830627441406,-0.19645661115646362,0.40620535612106323,-0.23364229500293732,0.05555739626288414,0.11414486914873123,0.18799608945846558,phase3_11_future_source_swap_no_phase4_no_cps
phase39b_xy_only_high_weight,condition_matched_retrieval,1,free,311000,0,8,0.0,0.0,0.0,0,0.0,nan,nan,0.041062869131565094,0.040316950529813766,0.46160364151000977,0.0,0.0,free,1,-1,304,0.6040996313095093,0.0,0.44453734159469604,-0.19298066198825836,0.4080865681171417,-0.23658403754234314,0.05683232471346855,0.004556259140372276,0.0034918200690299273,phase3_11_future_source_swap_no_phase4_no_cps
phase39b_xy_only_high_weight,condition_matched_retrieval,1,free,311000,0,9,0.0,0.0,0.0,0,0.0,nan,nan,0.04662223160266876,0.040289539843797684,0.46160364151000977,0.0,0.0,free,1,-1,304,0.6746707558631897,0.0,0.4461013376712799,-0.20014818012714386,0.41054287552833557,-0.2439776211977005,0.056439559906721115,0.007336170878261328,0.0077909259125590324,phase3_11_future_source_swap_no_phase4_no_cps
phase39b_xy_only_high_weight,condition_matched_retrieval,1,free,311000,0,10,0.0,0.0,0.0,0,0.0,nan,nan,0.0483730174601078,0.03981534764170647,0.45392870903015137,0.0,0.0,free,1,-1,612,0.2461307942867279,0.0,0.5437577366828918,-0.04245085269212723,0.5778769254684448,-0.04634936898946762,0.03434119373559952,0.18548643589019775,0.25895485281944275,phase3_11_future_source_swap_no_phase4_no_cps
phase39b_xy_only_high_weight,condition_matched_retrieval,1,free,311000,0,11,0.0,0.0,0.0,0,0.0,nan,nan,0.053366806358098984,0.04007444158196449,0.4868462383747101,0.0,0.0,free,1,-1,660,0.37725937366485596,0.0,0.5237334370613098,-0.11016437411308289,0.5380370020866394,-0.10487281531095505,0.015250985510647297,0.07061227411031723,0.07079698890447617,phase3_11_future_source_swap_no_phase4_no_cps
phase39b_xy_only_high_weight,condition_matched_retrieval,1,free,311000,0,12,0.0,0.0,0.0,0,0.0,nan,nan,0.04623418301343918,0.03984934464097023,0.46160364151000977,0.0,0.0,free,1,-1,304,0.5784911513328552,0.0,0.4511037766933441,-0.19761501252651215,0.40609291195869446,-0.2345387190580368,0.05821802094578743,0.1136779710650444,0.1849932223558426,phase3_11_future_source_swap_no_phase4_no_cps
phase39b_xy_only_high_weight,condition_matched_retrieval,1,free,311000,0,13,0.0,0.0,0.0,0,0.0,nan,nan,0.04050209000706673,0.04017642140388489,0.46160364151000977,0.0,0.0,free,1,-1,304,0.6165352463722229,0.0,0.44485563039779663,-0.19516023993492126,0.4083292782306671,-0.2389298975467682,0.057008396834135056,0.006713064853101969,0.004927857778966427,phase3_11_future_source_swap_no_phase4_no_cps
phase39b_xy_only_high_weight,condition_matched_retrieval,1,free,311000,0,14,0.0,0.0,0.0,0,0.0,nan,nan,0.04601389914751053,0.04003727436065674,0.46160364151000977,0.0,0.0,free,1,-1,304,0.6765761971473694,0.0,0.4473611116409302,-0.19866332411766052,0.40943485498428345,-0.24234166741371155,0.05784633755683899,0.004306858871132135,0.003586428938433528,phase3_11_future_source_swap_no_phase4_no_cps
phase39b_xy_only_high_weight,condition_matched_retrieval,1,free,311000,0,15,0.0,0.0,0.0,0,0.0,nan,nan,0.048418331891298294,0.039808280766010284,0.45392870903015137,0.0,0.0,free,1,-1,612,0.24283663928508759,0.0,0.5443234443664551,-0.04051440954208374,0.5778002738952637,-0.045849546790122986,0.03389928862452507,0.18550679087638855,0.2587587237358093,phase3_11_future_source_swap_no_phase4_no_cps
phase39b_xy_only_high_weight,condition_matched_retrieval,1,free,311001,1,0,0.0,0.0,0.0,0,0.0,nan,nan,0.01718112640082836,0.03979085013270378,0.4719562530517578,0.0,0.0,free,1,-1,196,0.6879986524581909,0.0,0.552677571773529,0.42850273847579956,0.5664603114128113,-0.21779827773571014,0.6464479565620422,nan,nan,phase3_11_future_source_swap_no_phase4_no_cps
phase39b_xy_only_high_weight,condition_matched_retrieval,1,free,311001,1,1,0.0,0.0,0.0,0,0.0,nan,nan,0.11971889436244965,0.03915969654917717,0.4411243200302124,0.0,0.0,free,1,-1,572,0.6561383605003357,0.0,0.538264274597168,0.23564419150352478,0.4118766188621521,0.22538422048091888,0.1268034130334854,0.19339638948440552,0.4693685472011566,phase3_11_future_source_swap_no_phase4_no_cps
phase39b_xy_only_high_weight,condition_matched_retrieval,1,free,311001,1,2,0.0,0.0,0.0,0,0.0,nan,nan,0.10863851010799408,0.039630141109228134,0.45775938034057617,0.0,0.0,free,1,-1,256,0.3941366970539093,0.0,0.5956670641899109,0.09164902567863464,0.5138425230979919,0.15152966976165771,0.10139500349760056,0.15501512587070465,0.1259029060602188,phase3_11_future_source_swap_no_phase4_no_cps
phase39b_xy_only_high_weight,condition_matched_retrieval,1,free,311001,1,3,0.0,0.0,0.0,0,0.0,nan,nan,0.06253384798765182,0.039438396692276,0.46640872955322266,0.0,0.0,free,1,-1,260,0.1858770102262497,0.0,0.5559753179550171,-0.002179013565182686,0.4768637716770172,0.008469615131616592,0.07982499897480011,0.10187803953886032,0.1477620005607605,phase3_11_future_source_swap_no_phase4_no_cps
phase39b_xy_only_high_weight,condition_matched_retrieval,1,free,311001,1,4,0.0,0.0,0.0,0,0.0,nan,nan,0.05005889758467674,0.04010799527168274,0.46902093291282654,0.0,0.0,free,1,-1,264,0.15631799399852753,0.0,0.5666567087173462,-0.023593749850988388,0.4864939749240875,-0.0383419394493103,0.08150811493396759,0.02393079735338688,0.047791868448257446,phase3_11_future_source_swap_no_phase4_no_cps
phase39b_xy_only_high_weight,condition_matched_retrieval,1,free,311001,1,5,0.0,0.0,0.0,0,0.0,nan,nan,0.044537562876939774,0.040059398859739304,0.46902093291282654,0.0,0.0,free,1,-1,264,0.1718621551990509,0.0,0.534539520740509,-0.0050956327468156815,0.4900636672973633,-0.03663139045238495,0.054521605372428894,0.03706337884068489,0.003958368673920631,phase3_11_future_source_swap_no_phase4_no_cps
phase39b_xy_only_high_weight,condition_matched_retrieval,1,free,311001,1,6,0.0,0.0,0.0,0,0.0,nan,nan,0.046544190496206284,0.040169745683670044,0.46902093291282654,0.0,0.0,free,1,-1,264,0.19373656809329987,0.0,0.5249403715133667,0.014400018379092216,0.4855816960334778,-0.03065648302435875,0.05982636287808418,0.02173071727156639,0.007469108793884516,phase3_11_future_source_swap_no_phase4_no_cps
phase39b_xy_only_high_weight,condition_matched_retrieval,1,free,311001,1,7,0.0,0.0,0.0,0,0.0,nan,nan,0.04590344429016113,0.04001643508672714,0.46640872955322266,0.0,0.0,free,1,-1,260,0.2117278277873993,0.0,0.5368325710296631,0.02729746513068676,0.4808482229709625,0.013506356626749039,0.05765797197818756,0.017543332651257515,0.04441578686237335,phase3_11_future_source_swap_no_phase4_no_cps
phase39b_xy_only_high_weight,condition_matched_retrieval,1,free,311001,1,8,0.0,0.0,0.0,0,0.0,nan,nan,0.04320988431572914,0.03993450477719307,0.46640872955322266,0.0,0.0,free,1,-1,260,0.22314946353435516,0.0,0.5395704507827759,0.019327310845255852,0.48449763655662537,0.011713266372680664,0.05559666082262993,0.008427297696471214,0.004066127352416515,phase3_11_future_source_swap_no_phase4_no_cps
phase39b_xy_only_high_weight,condition_matched_retrieval,1,free,311001,1,9,0.0,0.0,0.0,0,0.0,nan,nan,0.041788190603256226,0.03972741588950157,0.46902093291282654,0.0,0.0,free,1,-1,264,0.2038045972585678,0.0,0.5301806330680847,0.003613000735640526,0.48994138836860657,-0.030522065237164497,0.05276741087436676,0.018305961042642593,0.04258470982313156,phase3_11_future_source_swap_no_phase4_no_cps
phase39b_xy_only_high_weight,condition_matched_retrieval,1,free,311001,1,10,0.0,0.0,0.0,0,0.0,nan,nan,0.04151523485779762,0.04001361504197121,0.46902093291282654,0.0,0.0,free,1,-1,264,0.20604445040225983,0.0,0.52955162525177,0.005472686141729355,0.488436222076416,-0.029373392462730408,0.053895507007837296,0.0019631811883300543,0.0018934030085802078,phase3_11_future_source_swap_no_phase4_no_cps
phase39b_xy_only_high_weight,condition_matched_retrieval,1,free,311001,1,11,0.0,0.0,0.0,0,0.0,nan,nan,0.04352375119924545,0.03981095552444458,0.46902093291282654,0.0,0.0,free,1,-1,264,0.20516173541545868,0.0,0.5300955176353455,0.008255818858742714,0.4882047772407532,-0.02802133746445179,0.05541539564728737,0.002835779683664441,0.0013717213878408074,phase3_11_future_source_swap_no_phase4_no_cps
phase39b_xy_only_high_weight,condition_matched_retrieval,1,free,311001,1,12,0.0,0.0,0.0,0,0.0,nan,nan,0.043912049382925034,0.04019549861550331,0.46902093291282654,0.0,0.0,free,1,-1,264,0.20669594407081604,0.0,0.5292949080467224,0.00835668109357357,0.4886259138584137,-0.028805023059248924,0.055090464651584625,0.00080693798372522,0.0008896736544556916,phase3_11_future_source_swap_no_phase4_no_cps
phase39b_xy_only_high_weight,condition_matched_retrieval,1,free,311001,1,13,0.0,0.0,0.0,0,0.0,nan,nan,0.043569620698690414,0.039949722588062286,0.46902093291282654,0.0,0.0,free,1,-1,264,0.20672979950904846,0.0,0.5292565822601318,0.007742375135421753,0.4884549677371979,-0.028760403394699097,0.05474691465497017,0.0006155003211461008,0.00017667340580374002,phase3_11_future_source_swap_no_phase4_no_cps
phase39b_xy_only_high_weight,condition_matched_retrieval,1,free,311001,1,14,0.0,0.0,0.0,0,0.0,nan,nan,0.043478500097990036,0.0399288535118103,0.46902093291282654,0.0,0.0,free,1,-1,264,0.2061873972415924,0.0,0.5295167565345764,0.007738647982478142,0.4886527955532074,-0.028765959665179253,0.054794616997241974,0.0002602009626571089,0.00019790582882706076,phase3_11_future_source_swap_no_phase4_no_cps
phase39b_xy_only_high_weight,condition_matched_retrieval,1,free,311001,1,15,0.0,0.0,0.0,0,0.0,nan,nan,0.043515224009752274,0.04014337807893753,0.46902093291282654,0.0,0.0,free,1,-1,264,0.20637764036655426,0.0,0.5292027592658997,0.008025823161005974,0.4889507293701172,-0.02895161509513855,0.05465855076909065,0.000425515987444669,0.00035104487324133515,phase3_11_future_source_swap_no_phase4_no_cps
phase39b_xy_only_high_weight,condition_matched_retrieval,1,free,311002,2,0,0.0,0.0,0.0,0,0.0,nan,nan,0.01865769363939762,0.03910805284976959,0.4546123147010803,0.0,0.0,free,1,-1,692,0.598747193813324,0.0,0.35144659876823425,-0.26579251885414124,0.39787939190864563,0.06325819343328476,0.33231067657470703,nan,nan,phase3_11_future_source_swap_no_phase4_no_cps
phase39b_xy_only_high_weight,condition_matched_retrieval,1,free,311002,2,1,0.0,0.0,0.0,0,0.0,nan,nan,0.09088283032178879,0.03915873542428017,0.47822684049606323,0.0,0.0,free,1,-1,656,0.5755234956741333,0.0,0.32747891545295715,-0.2651370167732239,0.5577477216720581,-0.09222172200679779,0.28796425461769104,0.02397664450109005,0.223006471991539,phase3_11_future_source_swap_no_phase4_no_cps
phase39b_xy_only_high_weight,condition_matched_retrieval,1,free,311002,2,2,0.0,0.0,0.0,0,0.0,nan,nan,0.08234336227178574,0.0388975590467453,0.4868462383747101,0.0,0.0,free,1,-1,660,0.45880183577537537,0.0,0.3996071517467499,-0.20183855295181274,0.5095484256744385,-0.1124148815870285,0.14171689748764038,0.0959644615650177,0.05225835740566254,phase3_11_future_source_swap_no_phase4_no_cps
phase39b_xy_only_high_weight,condition_matched_retrieval,1,free,311002,2,3,0.0,0.0,0.0,0,0.0,nan,nan,0.06566513329744339,0.03977926820516586,0.4963853657245636,0.0,0.0,free,1,-1,664,0.6294525265693665,0.0,0.4032328128814697,-0.21226993203163147,0.43151164054870605,-0.28398340940475464,0.07708770781755447,0.011043509468436241,0.18848209083080292,phase3_11_future_source_swap_no_phase4_no_cps
phase39b_xy_only_high_weight,condition_matched_retrieval,1,free,311002,2,4,0.0,0.0,0.0,0,0.0,nan,nan,0.0431768074631691,0.0400833822786808,0.46160364151000977,0.0,0.0,free,1,-1,304,0.8090238571166992,0.0,0.4322768747806549,-0.19623138010501862,0.4190666079521179,-0.234349325299263,0.04034214839339256,0.03317819535732269,0.05117051303386688,phase3_11_future_source_swap_no_phase4_no_cps
phase39b_xy_only_high_weight,condition_matched_retrieval,1,free,311002,2,5,0.0,0.0,0.0,0,0.0,nan,nan,0.04777495935559273,0.039885979145765305,0.45392870903015137,0.0,0.0,free,1,-1,612,0.33348628878593445,0.0,0.5337345004081726,-0.04794735461473465,0.589474618434906,-0.03651808202266693,0.056899815797805786,0.17967137694358826,0.2611055076122284,phase3_11_future_source_swap_no_phase4_no_cps
phase39b_xy_only_high_weight,condition_matched_retrieval,1,free,311002,2,6,0.0,0.0,0.0,0,0.0,nan,nan,0.04872116446495056,0.04023094102740288,0.4868462383747101,0.0,0.0,free,1,-1,660,0.2521783411502838,0.0,0.538967490196228,-0.1033024936914444,0.5589426755905151,-0.09164178371429443,0.02312963828444481,0.05560193955898285,0.063014455139637,phase3_11_future_source_swap_no_phase4_no_cps
phase39b_xy_only_high_weight,condition_matched_retrieval,1,free,311002,2,7,0.0,0.0,0.0,0,0.0,nan,nan,0.046777043491601944,0.03957977145910263,0.4963853657245636,0.0,0.0,free,1,-1,664,0.5077527761459351,0.0,0.4539938271045685,-0.20213299989700317,0.4369558095932007,-0.26786550879478455,0.0679047629237175,0.13033799827098846,0.2143259048461914,phase3_11_future_source_swap_no_phase4_no_cps
phase39b_xy_only_high_weight,condition_matched_retrieval,1,free,311002,2,8,0.0,0.0,0.0,0,0.0,nan,nan,0.040142159909009933,0.0395047590136528,0.46160364151000977,0.0,0.0,free,1,-1,304,0.6226931214332581,0.0,0.44043898582458496,-0.190569669008255,0.41074681282043457,-0.2215164452791214,0.04288738965988159,0.017816968262195587,0.05324609950184822,phase3_11_future_source_swap_no_phase4_no_cps
phase39b_xy_only_high_weight,condition_matched_retrieval,1,free,311002,2,9,0.0,0.0,0.0,0,0.0,nan,nan,0.04693903028964996,0.03892005607485771,0.46160364151000977,0.0,0.0,free,1,-1,304,0.6727794408798218,0.0,0.44520479440689087,-0.1997421383857727,0.4152507185935974,-0.22668667137622833,0.040289632976055145,0.010336688719689846,0.006856850814074278,phase3_11_future_source_swap_no_phase4_no_cps
phase39b_xy_only_high_weight,condition_matched_retrieval,1,free,311002,2,10,0.0,0.0,0.0,0,0.0,nan,nan,0.0479239821434021,0.03919694200158119,0.45392870903015137,0.0,0.0,free,1,-1,612,0.2850172817707062,0.0,0.5458853840827942,-0.045708365738391876,0.5863713026046753,-0.03257066011428833,0.04256417229771614,0.18401898443698883,0.2587726414203644,phase3_11_future_source_swap_no_phase4_no_cps
phase39b_xy_only_high_weight,condition_matched_retrieval,1,free,311002,2,11,0.0,0.0,0.0,0,0.0,nan,nan,0.049087755382061005,0.039936985820531845,0.4868462383747101,0.0,0.0,free,1,-1,660,0.2723570466041565,0.0,0.5439497232437134,-0.09738919883966446,0.5563667416572571,-0.08711966872215271,0.01611352153122425,0.05171706900000572,0.06225647032260895,phase3_11_future_source_swap_no_phase4_no_cps
phase39b_xy_only_high_weight,condition_matched_retrieval,1,free,311002,2,12,0.0,0.0,0.0,0,0.0,nan,nan,0.04841556400060654,0.03996666148304939,0.4963853657245636,0.0,0.0,free,1,-1,664,0.4900127649307251,0.0,0.45868414640426636,-0.1945965439081192,0.43603071570396423,-0.26242440938949585,0.07151082158088684,0.12930385768413544,0.21263234317302704,phase3_11_future_source_swap_no_phase4_no_cps
phase39b_xy_only_high_weight,condition_matched_retrieval,1,free,311002,2,13,0.0,0.0,0.0,0,0.0,nan,nan,0.03982620686292648,0.040035419166088104,0.46160364151000977,0.0,0.0,free,1,-1,304,0.5670429468154907,0.0,0.44256144762039185,-0.19121186435222626,0.40928539633750916,-0.21703378856182098,0.04211967810988426,0.016474144533276558,0.05268415808677673,phase3_11_future_source_swap_no_phase4_no_cps
phase39b_xy_only_high_weight,condition_matched_retrieval,1,free,311002,2,14,0.0,0.0,0.0,0,0.0,nan,nan,0.04594648256897926,0.040303803980350494,0.46160364151000977,0.0,0.0,free,1,-1,304,0.6506749391555786,0.0,0.4420951306819916,-0.19872592389583588,0.4122653603553772,-0.22280624508857727,0.038336366415023804,0.007528515066951513,0.0064962636679410934,phase3_11_future_source_swap_no_phase4_no_cps
phase39b_xy_only_high_weight,condition_matched_retrieval,1,free,311002,2,15,0.0,0.0,0.0,0,0.0,nan,nan,0.04752892255783081,0.04004007205367088,0.45392870903015137,0.0,0.0,free,1,-1,612,0.2805515229701996,0.0,0.5439745187759399,-0.04678503796458244,0.5844634175300598,-0.030458781868219376,0.04365658760070801,0.18293562531471252,0.2581660747528076,phase3_11_future_source_swap_no_phase4_no_cps
phase39b_xy_only_high_weight,condition_matched_retrieval,1,hidden_breakaway_pin,311000,0,0,0.16666666666666666,0.0,-0.16666666666666666,0,-0.16666666666666666,nan,nan,0.015616128221154213,0.04015554115176201,0.45149150490760803,0.0,0.0,hidden_breakaway_pin,1,-1,207,0.5851508975028992,0.0,0.4405236840248108,-0.10373438894748688,0.6176785230636597,0.2242751568555832,0.3727923035621643,nan,nan,phase3_11_future_source_swap_no_phase4_no_cps
phase39b_xy_only_high_weight,condition_matched_retrieval,1,hidden_breakaway_pin,311000,0,1,0.0,0.0,0.0,0,0.0,nan,nan,0.08428254723548889,0.036107126623392105,0.4648967981338501,0.0,0.0,hidden_breakaway_pin,1,-1,303,0.4063495993614197,0.0,0.4502817988395691,-0.09586263447999954,0.4104750156402588,-0.1864185631275177,0.09891893714666367,0.012537357397377491,0.4600028097629547,phase3_11_future_source_swap_no_phase4_no_cps
phase39b_xy_only_high_weight,condition_matched_retrieval,1,hidden_breakaway_pin,311000,0,2,0.0,0.0,0.0,0,0.0,nan,nan,0.07233952730894089,0.036010656505823135,0.46183261275291443,0.0,0.0,hidden_breakaway_pin,1,-1,183,0.36665967106819153,0.0,0.5132537484169006,0.030849939212203026,0.37726715207099915,-0.049882106482982635,0.15814556181430817,0.14149750769138336,0.14051677286624908,phase3_11_future_source_swap_no_phase4_no_cps
phase39b_xy_only_high_weight,condition_matched_retrieval,1,hidden_breakaway_pin,311000,0,3,0.0,0.0,0.0,0,0.0,nan,nan,0.06664881855249405,0.03555186465382576,0.45279455184936523,0.0,0.0,hidden_breakaway_pin,1,-1,763,0.41582247614860535,0.0,0.5733552575111389,0.10288400202989578,0.46080276370048523,0.05084860324859619,0.1239989772439003,0.09381416440010071,0.1308620423078537,phase3_11_future_source_swap_no_phase4_no_cps
phase39b_xy_only_high_weight,condition_matched_retrieval,1,hidden_breakaway_pin,311000,0,4,0.0,0.0,0.0,0,0.0,nan,nan,0.0649423822760582,0.03969527408480644,0.4674701690673828,0.0,0.0,hidden_breakaway_pin,1,-1,167,0.5827587842941284,0.0,0.5136981010437012,0.09739718586206436,0.4253379702568054,0.08353818953037262,0.08944039046764374,0.059908945113420486,0.04823236167430878,phase3_11_future_source_swap_no_phase4_no_cps
phase39b_xy_only_high_weight,condition_matched_retrieval,1,hidden_breakaway_pin,311000,0,5,0.0,0.0,0.0,0,0.0,nan,nan,0.05426378175616264,0.04022550955414772,0.4674701690673828,0.0,0.0,hidden_breakaway_pin,1,-1,167,0.5701645612716675,0.0,0.514184296131134,0.0959983840584755,0.4088209271430969,0.08168580383062363,0.10633103549480438,0.001480888924561441,0.016620591282844543,phase3_11_future_source_swap_no_phase4_no_cps
phase39b_xy_only_high_weight,condition_matched_retrieval,1,hidden_breakaway_pin,311000,0,6,0.0,0.0,0.0,0,0.0,nan,nan,0.06479014456272125,0.0405525267124176,0.4674701690673828,0.0,0.0,hidden_breakaway_pin,1,-1,167,0.5390756130218506,0.0,0.5174936056137085,0.09858161956071854,0.4000706672668457,0.08334752172231674,0.11840703338384628,0.004198170732706785,0.008906646631658077,phase3_11_future_source_swap_no_phase4_no_cps
phase39b_xy_only_high_weight,condition_matched_retrieval,1,hidden_breakaway_pin,311000,0,7,0.0,0.0,0.0,0,0.0,nan,nan,0.05981595069169998,0.040250539779663086,0.4674701690673828,0.0,0.0,hidden_breakaway_pin,1,-1,167,0.5632574558258057,0.0,0.5180179476737976,0.08364912867546082,0.40307965874671936,0.08116971701383591,0.1149650290608406,0.014941694214940071,0.0037144129164516926,phase3_11_future_source_swap_no_phase4_no_cps
phase39b_xy_only_high_weight,condition_matched_retrieval,1,hidden_breakaway_pin,311000,0,8,0.0,0.0,0.0,0,0.0,nan,nan,0.05941903218626976,0.040509287267923355,0.4674701690673828,0.0,0.0,hidden_breakaway_pin,1,-1,167,0.5562548041343689,0.0,0.5167043209075928,0.08454573154449463,0.40318557620048523,0.0807403028011322,0.11358251422643661,0.0015904440078884363,0.0004422839265316725,phase3_11_future_source_swap_no_phase4_no_cps
phase39b_xy_only_high_weight,condition_matched_retrieval,1,hidden_breakaway_pin,311000,0,9,0.0,0.0,0.0,0,0.0,nan,nan,0.059736549854278564,0.040458206087350845,0.4674701690673828,0.0,0.0,hidden_breakaway_pin,1,-1,167,0.5596039295196533,0.0,0.5157601237297058,0.08678437024354935,0.4027280807495117,0.08082473278045654,0.11318904161453247,0.0024296115152537823,0.0004652209172490984,phase3_11_future_source_swap_no_phase4_no_cps
phase39b_xy_only_high_weight,condition_matched_retrieval,1,hidden_breakaway_pin,311000,0,10,0.0,0.0,0.0,0,0.0,nan,nan,0.059450842440128326,0.0400831513106823,0.4674701690673828,0.0,0.0,hidden_breakaway_pin,1,-1,167,0.5632144808769226,0.0,0.5157453417778015,0.08708655089139938,0.4038809537887573,0.08098810166120529,0.1120304986834526,0.00030254197190515697,0.001164390705525875,phase3_11_future_source_swap_no_phase4_no_cps
phase39b_xy_only_high_weight,condition_matched_retrieval,1,hidden_breakaway_pin,311000,0,11,0.0,0.0,0.0,0,0.0,nan,nan,0.059434499591588974,0.04017871618270874,0.4674701690673828,0.0,0.0,hidden_breakaway_pin,1,-1,167,0.5615735054016113,0.0,0.5159164071083069,0.08627703040838242,0.40363073348999023,0.080394446849823,0.11243966221809387,0.0008273975690826774,0.0006442330777645111,phase3_11_future_source_swap_no_phase4_no_cps
phase39b_xy_only_high_weight,condition_matched_retrieval,1,hidden_breakaway_pin,311000,0,12,0.0,0.0,0.0,0,0.0,nan,nan,0.05940975248813629,0.03994825854897499,0.4674701690673828,0.0,0.0,hidden_breakaway_pin,1,-1,167,0.5582143664360046,0.0,0.5162781476974487,0.08623909950256348,0.4038286805152893,0.08040463924407959,0.11260072141885757,0.00036372378235682845,0.00019820925081148744,phase3_11_future_source_swap_no_phase4_no_cps
phase39b_xy_only_high_weight,condition_matched_retrieval,1,hidden_breakaway_pin,311000,0,13,0.0,0.0,0.0,0,0.0,nan,nan,0.05942025035619736,0.04031774401664734,0.4674701690673828,0.0,0.0,hidden_breakaway_pin,1,-1,167,0.5625454783439636,0.0,0.5159944295883179,0.08640599995851517,0.40334731340408325,0.08107150346040726,0.1127733513712883,0.0003291682223789394,0.0008224488701671362,phase3_11_future_source_swap_no_phase4_no_cps
phase39b_xy_only_high_weight,condition_matched_retrieval,1,hidden_breakaway_pin,311000,0,14,0.0,0.0,0.0,0,0.0,nan,nan,0.05939176678657532,0.040179625153541565,0.4674701690673828,0.0,0.0,hidden_breakaway_pin,1,-1,167,0.5691419839859009,0.0,0.5158101320266724,0.08613826334476471,0.4030330181121826,0.08111702650785446,0.11288884282112122,0.0003250361478421837,0.0003175750025548041,phase3_11_future_source_swap_no_phase4_no_cps
phase39b_xy_only_high_weight,condition_matched_retrieval,1,hidden_breakaway_pin,311000,0,15,0.0,0.0,0.0,0,0.0,nan,nan,0.059455689042806625,0.039968911558389664,0.4674701690673828,0.0,0.0,hidden_breakaway_pin,1,-1,167,0.5783758163452148,0.0,0.5163569450378418,0.0864301398396492,0.40273717045783997,0.08080355077981949,0.11375901103019714,0.0006198357441462576,0.00043103695497848094,phase3_11_future_source_swap_no_phase4_no_cps
phase39b_xy_only_high_weight,condition_matched_retrieval,1,hidden_breakaway_pin,311001,1,0,0.0,0.0,0.0,0,0.0,nan,nan,0.01864386908710003,0.0396558940410614,0.4804714620113373,0.0,0.0,hidden_breakaway_pin,1,-1,451,0.8465375900268555,0.0,0.6923294067382812,0.47974973917007446,0.6066350340843201,-0.26218143105506897,0.7468637228012085,nan,nan,phase3_11_future_source_swap_no_phase4_no_cps
phase39b_xy_only_high_weight,condition_matched_retrieval,1,hidden_breakaway_pin,311001,1,1,0.0,0.0,0.0,0,0.0,nan,nan,0.12127144634723663,0.03860565647482872,0.47936907410621643,0.0,0.0,hidden_breakaway_pin,1,-1,455,0.4937771260738373,0.0,0.668558657169342,0.03520308434963226,0.3685680031776428,-0.09029994904994965,0.3251851797103882,0.4451817274093628,0.293630987405777,phase3_11_future_source_swap_no_phase4_no_cps
phase39b_xy_only_high_weight,condition_matched_retrieval,1,hidden_breakaway_pin,311001,1,2,0.0,0.0,0.0,0,0.0,nan,nan,0.11233370751142502,0.0392959862947464,0.4766506850719452,0.0,0.0,hidden_breakaway_pin,1,-1,459,0.5477137565612793,0.0,0.6358506083488464,-0.11671621352434158,0.5373651385307312,-0.18581987917423248,0.12031086534261703,0.15540042519569397,0.19394980370998383,phase3_11_future_source_swap_no_phase4_no_cps
phase39b_xy_only_high_weight,condition_matched_retrieval,1,hidden_breakaway_pin,311001,1,3,0.0,0.0,0.0,0,0.0,nan,nan,0.0854758471250534,0.039076969027519226,0.4798524081707001,0.0,0.0,hidden_breakaway_pin,1,-1,463,0.682591438293457,0.0,0.6499379277229309,-0.15449479222297668,0.5651717782020569,-0.22528326511383057,0.11043689399957657,0.040319643914699554,0.04827595502138138,phase3_11_future_source_swap_no_phase4_no_cps
phase39b_xy_only_high_weight,condition_matched_retrieval,1,hidden_breakaway_pin,311001,1,4,0.0,0.0,0.0,0,0.0,nan,nan,0.08541156351566315,0.0402071475982666,0.4847923517227173,0.0,0.0,hidden_breakaway_pin,1,-1,471,0.5579152703285217,0.0,0.5980844497680664,-0.09598318487405777,0.4081513285636902,-0.1055646538734436,0.1901746392250061,0.07818178087472916,0.19745370745658875,phase3_11_future_source_swap_no_phase4_no_cps
phase39b_xy_only_high_weight,condition_matched_retrieval,1,hidden_breakaway_pin,311001,1,5,0.0,0.0,0.0,0,0.0,nan,nan,0.07496620714664459,0.04033072292804718,0.4847923517227173,0.0,0.0,hidden_breakaway_pin,1,-1,471,0.5479754209518433,0.0,0.5829386711120605,-0.10081376135349274,0.4170292913913727,-0.11778149753808975,0.16677477955818176,0.01589745469391346,0.015101970173418522,phase3_11_future_source_swap_no_phase4_no_cps
phase39b_xy_only_high_weight,condition_matched_retrieval,1,hidden_breakaway_pin,311001,1,6,0.0,0.0,0.0,0,0.0,nan,nan,0.0770866647362709,0.04020680859684944,0.4847923517227173,0.0,0.0,hidden_breakaway_pin,1,-1,471,0.41387805342674255,0.0,0.5953429341316223,-0.11150775849819183,0.4266164302825928,-0.1176421269774437,0.16883797943592072,0.01637764647603035,0.009588152170181274,phase3_11_future_source_swap_no_phase4_no_cps
phase39b_xy_only_high_weight,condition_matched_retrieval,1,hidden_breakaway_pin,311001,1,7,0.0,0.0,0.0,0,0.0,nan,nan,0.0775151327252388,0.04044295847415924,0.4847923517227173,0.0,0.0,hidden_breakaway_pin,1,-1,471,0.3923797905445099,0.0,0.6006001234054565,-0.11594817042350769,0.43296438455581665,-0.11583268642425537,0.16763578355312347,0.006881518755108118,0.006600802764296532,phase3_11_future_source_swap_no_phase4_no_cps
phase39b_xy_only_high_weight,condition_matched_retrieval,1,hidden_breakaway_pin,311001,1,8,0.0,0.0,0.0,0,0.0,nan,nan,0.0767463818192482,0.04044525697827339,0.4847923517227173,0.0,0.0,hidden_breakaway_pin,1,-1,471,0.40413615107536316,0.0,0.5978293418884277,-0.11425405740737915,0.43394333124160767,-0.11647705733776093,0.16390109062194824,0.0032476529013365507,0.0011719857575371861,phase3_11_future_source_swap_no_phase4_no_cps
phase39b_xy_only_high_weight,condition_matched_retrieval,1,hidden_breakaway_pin,311001,1,9,0.0,0.0,0.0,0,0.0,nan,nan,0.07625452429056168,0.039869654923677444,0.4847923517227173,0.0,0.0,hidden_breakaway_pin,1,-1,471,0.41448360681533813,0.0,0.5951231718063354,-0.11264784634113312,0.43184393644332886,-0.11652614921331406,0.16332529485225677,0.003146946197375655,0.0020999687258154154,phase3_11_future_source_swap_no_phase4_no_cps
phase39b_xy_only_high_weight,condition_matched_retrieval,1,hidden_breakaway_pin,311001,1,10,0.0,0.0,0.0,0,0.0,nan,nan,0.07615141570568085,0.04007228836417198,0.4847923517227173,0.0,0.0,hidden_breakaway_pin,1,-1,471,0.4105435907840729,0.0,0.5950790643692017,-0.11286543309688568,0.4319004714488983,-0.1168120875954628,0.16322630643844604,0.00022201229876372963,0.00029147378518246114,phase3_11_future_source_swap_no_phase4_no_cps
phase39b_xy_only_high_weight,condition_matched_retrieval,1,hidden_breakaway_pin,311001,1,11,0.0,0.0,0.0,0,0.0,nan,nan,0.07625359296798706,0.03986034542322159,0.4847923517227173,0.0,0.0,hidden_breakaway_pin,1,-1,471,0.40586167573928833,0.0,0.5956506729125977,-0.11376579850912094,0.4322003424167633,-0.11715168505907059,0.16348539292812347,0.0010664868168532848,0.0004530441656243056,phase3_11_future_source_swap_no_phase4_no_cps
phase39b_xy_only_high_weight,condition_matched_retrieval,1,hidden_breakaway_pin,311001,1,12,0.0,0.0,0.0,0,0.0,nan,nan,0.0762571170926094,0.040314916521310806,0.4847923517227173,0.0,0.0,hidden_breakaway_pin,1,-1,471,0.408468097448349,0.0,0.5960096120834351,-0.11362390965223312,0.432650089263916,-0.11716694384813309,0.16339793801307678,0.0003859660355374217,0.00045000563841313124,phase3_11_future_source_swap_no_phase4_no_cps
phase39b_xy_only_high_weight,condition_matched_retrieval,1,hidden_breakaway_pin,311001,1,13,0.0,0.0,0.0,0,0.0,nan,nan,0.07620984315872192,0.04011482000350952,0.4847923517227173,0.0,0.0,hidden_breakaway_pin,1,-1,471,0.41079461574554443,0.0,0.5958245992660522,-0.11346074938774109,0.432373583316803,-0.11725091189146042,0.16349494457244873,0.00024667999241501093,0.00028897434822283685,phase3_11_future_source_swap_no_phase4_no_cps
phase39b_xy_only_high_weight,condition_matched_retrieval,1,hidden_breakaway_pin,311001,1,14,0.0,0.0,0.0,0,0.0,nan,nan,0.07615957409143448,0.03997582942247391,0.4847923517227173,0.0,0.0,hidden_breakaway_pin,1,-1,471,0.4106118679046631,0.0,0.5956923961639404,-0.11344967782497406,0.4322850704193115,-0.11724081635475159,0.16345129907131195,0.00013266589667182416,8.908677409635857e-05,phase3_11_future_source_swap_no_phase4_no_cps
phase39b_xy_only_high_weight,condition_matched_retrieval,1,hidden_breakaway_pin,311001,1,15,0.0,0.0,0.0,0,0.0,nan,nan,0.0761537253856659,0.040359899401664734,0.4847923517227173,0.0,0.0,hidden_breakaway_pin,1,-1,471,0.4093758463859558,0.0,0.5956307649612427,-0.1133897602558136,0.4324381649494171,-0.11721836030483246,0.16323751211166382,8.595650433562696e-05,0.000154732697410509,phase3_11_future_source_swap_no_phase4_no_cps
phase39b_xy_only_high_weight,condition_matched_retrieval,1,hidden_breakaway_pin,311002,2,0,0.0,0.0,0.0,0,0.0,nan,nan,0.03276553377509117,0.038760870695114136,0.4714500904083252,0.0,0.0,hidden_breakaway_pin,1,-1,595,1.120540738105774,0.0,0.2576644718647003,0.3964173197746277,0.3701328933238983,-0.17819976806640625,0.5855202078819275,nan,nan,phase3_11_future_source_swap_no_phase4_no_cps
phase39b_xy_only_high_weight,condition_matched_retrieval,1,hidden_breakaway_pin,311002,2,1,0.0,0.0,0.0,0,0.0,nan,nan,0.13451290130615234,0.0381859689950943,0.43698087334632874,0.0,0.0,hidden_breakaway_pin,1,-1,571,0.8692765235900879,0.0,0.3157123923301697,0.40728437900543213,0.6345607042312622,0.15876798331737518,0.404258131980896,0.0590563639998436,0.42833322286605835,phase3_11_future_source_swap_no_phase4_no_cps
phase39b_xy_only_high_weight,condition_matched_retrieval,1,hidden_breakaway_pin,311002,2,2,0.0,0.0,0.0,0,0.0,nan,nan,0.11868993192911148,0.023182367905974388,0.43899211287498474,0.0,0.0,hidden_breakaway_pin,1,-1,575,0.7421897649765015,0.0,0.48240330815315247,0.22257953882217407,0.6485248804092407,0.17776519060134888,0.17206017673015594,0.2488006055355072,0.023577364161610603,phase3_11_future_source_swap_no_phase4_no_cps
phase39b_xy_only_high_weight,condition_matched_retrieval,1,hidden_breakaway_pin,311002,2,3,0.0,0.0,0.0,0,0.0,nan,nan,0.10342660546302795,0.023405272513628006,0.43899211287498474,0.0,0.0,hidden_breakaway_pin,1,-1,575,0.5449931025505066,0.0,0.5650801062583923,0.22729277610778809,0.6230036616325378,0.1523517221212387,0.09471694380044937,0.08281103521585464,0.03601634502410889,phase3_11_future_source_swap_no_phase4_no_cps
phase39b_xy_only_high_weight,condition_matched_retrieval,1,hidden_breakaway_pin,311002,2,4,0.0,0.0,0.0,0,0.0,nan,nan,0.07890059053897858,0.027992742136120796,0.43698087334632874,0.0,0.0,hidden_breakaway_pin,1,-1,571,0.5608243942260742,0.0,0.581023097038269,0.24207887053489685,0.567334771156311,0.13438160717487335,0.10856366902589798,0.0217441376298666,0.058497440069913864,phase3_11_future_source_swap_no_phase4_no_cps
phase39b_xy_only_high_weight,condition_matched_retrieval,1,hidden_breakaway_pin,311002,2,5,0.0,0.0,0.0,0,0.0,nan,nan,0.07611741870641708,0.04031500592827797,0.43899211287498474,0.0,0.0,hidden_breakaway_pin,1,-1,575,0.5957896709442139,0.0,0.5958715677261353,0.2449379563331604,0.6146912574768066,0.13764400780200958,0.10893196612596512,0.015121225267648697,0.047468725591897964,phase3_11_future_source_swap_no_phase4_no_cps
phase39b_xy_only_high_weight,condition_matched_retrieval,1,hidden_breakaway_pin,311002,2,6,0.0,0.0,0.0,0,0.0,nan,nan,0.0771869644522667,0.04061245918273926,0.43899211287498474,0.0,0.0,hidden_breakaway_pin,1,-1,575,0.6152971386909485,0.0,0.5999941825866699,0.24720194935798645,0.6054333448410034,0.14031997323036194,0.10702028125524521,0.004703362472355366,0.009636894799768925,phase3_11_future_source_swap_no_phase4_no_cps
phase39b_xy_only_high_weight,condition_matched_retrieval,1,hidden_breakaway_pin,311002,2,7,0.0,0.0,0.0,0,0.0,nan,nan,0.07807394862174988,0.04042976722121239,0.43899211287498474,0.0,0.0,hidden_breakaway_pin,1,-1,575,0.62305748462677,0.0,0.6014082431793213,0.24766939878463745,0.600313663482666,0.14049813151359558,0.10717685520648956,0.001489320769906044,0.005122780334204435,phase3_11_future_source_swap_no_phase4_no_cps
phase39b_xy_only_high_weight,condition_matched_retrieval,1,hidden_breakaway_pin,311002,2,8,0.0,0.0,0.0,0,0.0,nan,nan,0.07910487055778503,0.039985813200473785,0.43899211287498474,0.0,0.0,hidden_breakaway_pin,1,-1,575,0.6274330615997314,0.0,0.6023233532905579,0.2493261992931366,0.5970532298088074,0.13943825662136078,0.11001424491405487,0.0018927267519757152,0.0034283760469406843,phase3_11_future_source_swap_no_phase4_no_cps
phase39b_xy_only_high_weight,condition_matched_retrieval,1,hidden_breakaway_pin,311002,2,9,0.0,0.0,0.0,0,0.0,nan,nan,0.07935219258069992,0.04013798385858536,0.43899211287498474,0.0,0.0,hidden_breakaway_pin,1,-1,575,0.6299664378166199,0.0,0.6026450395584106,0.24956342577934265,0.5960850715637207,0.1397469937801361,0.11001218855381012,0.0003996979503426701,0.001016193418763578,phase3_11_future_source_swap_no_phase4_no_cps
phase39b_xy_only_high_weight,condition_matched_retrieval,1,hidden_breakaway_pin,311002,2,10,0.0,0.0,0.0,0,0.0,nan,nan,0.07940550148487091,0.03996322676539421,0.43899211287498474,0.0,0.0,hidden_breakaway_pin,1,-1,575,0.6287215352058411,0.0,0.6020989418029785,0.24912655353546143,0.5958353877067566,0.14023005962371826,0.10907647758722305,0.0006993426359258592,0.0005437781219370663,phase3_11_future_source_swap_no_phase4_no_cps
phase39b_xy_only_high_weight,condition_matched_retrieval,1,hidden_breakaway_pin,311002,2,11,0.0,0.0,0.0,0,0.0,nan,nan,0.07948322594165802,0.04031268507242203,0.43899211287498474,0.0,0.0,hidden_breakaway_pin,1,-1,575,0.6323302984237671,0.0,0.6028944253921509,0.2493496835231781,0.5956399440765381,0.14081452786922455,0.10877732932567596,0.0008261846960522234,0.0006162802455946803,phase3_11_future_source_swap_no_phase4_no_cps
phase39b_xy_only_high_weight,condition_matched_retrieval,1,hidden_breakaway_pin,311002,2,12,0.0,0.0,0.0,0,0.0,nan,nan,0.07950198650360107,0.04014432802796364,0.43899211287498474,0.0,0.0,hidden_breakaway_pin,1,-1,575,0.6333534717559814,0.0,0.6032335758209229,0.24929490685462952,0.5953066945075989,0.14100314676761627,0.10858149081468582,0.0003435454855207354,0.0003829260531347245,phase3_11_future_source_swap_no_phase4_no_cps
phase39b_xy_only_high_weight,condition_matched_retrieval,1,hidden_breakaway_pin,311002,2,13,0.0,0.0,0.0,0,0.0,nan,nan,0.07953157275915146,0.039990197867155075,0.43899211287498474,0.0,0.0,hidden_breakaway_pin,1,-1,575,0.6343486309051514,0.0,0.6036179065704346,0.24924471974372864,0.595005214214325,0.1407066285610199,0.10887927561998367,0.000387593696359545,0.00042286334792152047,phase3_11_future_source_swap_no_phase4_no_cps
phase39b_xy_only_high_weight,condition_matched_retrieval,1,hidden_breakaway_pin,311002,2,14,0.0,0.0,0.0,0,0.0,nan,nan,0.07958123832941055,0.04023916274309158,0.43899211287498474,0.0,0.0,hidden_breakaway_pin,1,-1,575,0.6334145665168762,0.0,0.6035642623901367,0.24923506379127502,0.5949803590774536,0.14053575694561005,0.10903771221637726,5.450629032566212e-05,0.0001726698683341965,phase3_11_future_source_swap_no_phase4_no_cps
phase39b_xy_only_high_weight,condition_matched_retrieval,1,hidden_breakaway_pin,311002,2,15,0.0,0.0,0.0,0,0.0,nan,nan,0.07961290329694748,0.04012531042098999,0.43899211287498474,0.0,0.0,hidden_breakaway_pin,1,-1,575,0.634985089302063,0.0,0.6038365960121155,0.24967771768569946,0.5951265692710876,0.1407443732023239,0.10928100347518921,0.0005197192076593637,0.00025475118309259415,phase3_11_future_source_swap_no_phase4_no_cps
phase39b_xy_only_high_weight,condition_matched_retrieval,1,hidden_high_friction,311000,0,0,0.0,0.3333333333333333,0.3333333333333333,0,0.3333333333333333,nan,nan,0.012391766533255577,0.03758612647652626,0.44030073285102844,0.0,0.0,hidden_high_friction,1,-1,242,0.5065011978149414,0.0,0.5439658761024475,0.06315378844738007,0.35679352283477783,0.15732184052467346,0.209525927901268,nan,nan,phase3_11_future_source_swap_no_phase4_no_cps
phase39b_xy_only_high_weight,condition_matched_retrieval,1,hidden_high_friction,311000,0,1,0.3333333333333333,0.3333333333333333,0.0,0,0.0,nan,nan,0.05455440655350685,0.0337626188993454,0.4394412934780121,0.0,0.0,hidden_high_friction,1,-1,330,0.40539002418518066,0.0,0.5427662134170532,0.09754791855812073,0.6300691366195679,-0.006782498210668564,0.13603909313678741,0.034415047615766525,0.3187629282474518,phase3_11_future_source_swap_no_phase4_no_cps
phase39b_xy_only_high_weight,condition_matched_retrieval,1,hidden_high_friction,311000,0,2,0.3333333333333333,0.3333333333333333,0.0,0,0.0,nan,nan,0.05946890264749527,0.0336657278239727,0.46484339237213135,0.0,0.0,hidden_high_friction,1,-1,266,0.3243120610713959,0.0,0.46089446544647217,0.0898744985461235,0.4917770326137543,-0.04550270736217499,0.13885502517223358,0.08223056048154831,0.14361044764518738,phase3_11_future_source_swap_no_phase4_no_cps
phase39b_xy_only_high_weight,condition_matched_retrieval,1,hidden_high_friction,311000,0,3,0.3333333333333333,0.25,-0.08333333333333331,0,-0.08333333333333331,nan,nan,0.05570949614048004,0.03577129915356636,0.4318881034851074,0.0,0.0,hidden_high_friction,1,-1,166,0.452515572309494,0.0,0.49798035621643066,0.09336566925048828,0.6369444131851196,0.06331682205200195,0.14217574894428253,0.0372498519718647,0.18142563104629517,phase3_11_future_source_swap_no_phase4_no_cps
phase39b_xy_only_high_weight,condition_matched_retrieval,1,hidden_high_friction,311000,0,4,0.25,0.25,0.0,0,0.0,nan,nan,0.06551086157560349,0.03952359780669212,0.46484339237213135,0.0,0.0,hidden_high_friction,1,-1,266,0.23862424492835999,0.0,0.478476881980896,0.0846083015203476,0.4906846582889557,-0.05517013370990753,0.14031052589416504,0.02137935906648636,0.1882314383983612,phase3_11_future_source_swap_no_phase4_no_cps
phase39b_xy_only_high_weight,condition_matched_retrieval,1,hidden_high_friction,311000,0,5,0.25,0.25,0.0,0,0.0,nan,nan,0.03934996947646141,0.0400920994579792,0.4318881034851074,0.0,0.0,hidden_high_friction,1,-1,166,0.45036444067955017,0.0,0.5690087080001831,0.09492721408605576,0.6336475610733032,0.08010775595903397,0.06631588935852051,0.09111800789833069,0.19682098925113678,phase3_11_future_source_swap_no_phase4_no_cps
phase39b_xy_only_high_weight,condition_matched_retrieval,1,hidden_high_friction,311000,0,6,0.25,0.25,0.0,0,0.0,nan,nan,0.05390040576457977,0.040083229541778564,0.458638072013855,0.0,0.0,hidden_high_friction,1,-1,326,0.4354376494884491,0.0,0.4026780426502228,0.04798845946788788,0.3923901319503784,0.06991493701934814,0.024220064282417297,0.17282690107822418,0.24147264659404755,phase3_11_future_source_swap_no_phase4_no_cps
phase39b_xy_only_high_weight,condition_matched_retrieval,1,hidden_high_friction,311000,0,7,0.25,0.0,-0.25,0,-0.25,nan,nan,0.0398389957845211,0.04002061113715172,0.4318881034851074,0.0,0.0,hidden_high_friction,1,-1,166,0.451492041349411,0.0,0.5809155106544495,0.08539418131113052,0.6316329836845398,0.08373584598302841,0.05074457451701164,0.18212024867534637,0.2396417260169983,phase3_11_future_source_swap_no_phase4_no_cps
phase39b_xy_only_high_weight,condition_matched_retrieval,1,hidden_high_friction,311000,0,8,0.0,0.0,0.0,0,0.0,nan,nan,0.06365544348955154,0.039090871810913086,0.458638072013855,0.0,0.0,hidden_high_friction,1,-1,326,0.3735949397087097,0.0,0.43384864926338196,0.026184627786278725,0.39956676959991455,0.07020936161279678,0.05579806864261627,0.15853843092918396,0.23246009647846222,phase3_11_future_source_swap_no_phase4_no_cps
phase39b_xy_only_high_weight,condition_matched_retrieval,1,hidden_high_friction,311000,0,9,0.0,0.0,0.0,0,0.0,nan,nan,0.03029746375977993,0.03893139958381653,0.4318881034851074,0.0,0.0,hidden_high_friction,1,-1,166,0.4511548578739166,0.0,0.608269214630127,0.08126893639564514,0.6229368448257446,0.078974150121212,0.014846057631075382,0.18291203677654266,0.2235419750213623,phase3_11_future_source_swap_no_phase4_no_cps
phase39b_xy_only_high_weight,condition_matched_retrieval,1,hidden_high_friction,311000,0,10,0.0,0.0,0.0,0,0.0,nan,nan,0.0614020936191082,0.03790908306837082,0.458638072013855,0.0,0.0,hidden_high_friction,1,-1,326,0.38611549139022827,0.0,0.46808019280433655,0.047309935092926025,0.38703086972236633,0.0644703134894371,0.08284607529640198,0.14424346387386322,0.2363514006137848,phase3_11_future_source_swap_no_phase4_no_cps
phase39b_xy_only_high_weight,condition_matched_retrieval,1,hidden_high_friction,311000,0,11,0.0,0.0,0.0,0,0.0,nan,nan,0.03244885802268982,0.03246613219380379,0.4318881034851074,0.0,0.0,hidden_high_friction,1,-1,166,0.4399140775203705,0.0,0.612244188785553,0.07995383441448212,0.6163002252578735,0.07714834064245224,0.004931757226586342,0.14781367778778076,0.22961962223052979,phase3_11_future_source_swap_no_phase4_no_cps
phase39b_xy_only_high_weight,condition_matched_retrieval,1,hidden_high_friction,311000,0,12,0.0,0.0,0.0,0,0.0,nan,nan,0.06098109111189842,0.032967835664749146,0.458638072013855,0.0,0.0,hidden_high_friction,1,-1,326,0.4037294089794159,0.0,0.4767768979072571,0.05141595005989075,0.3817547857761383,0.062352292239665985,0.09564939141273499,0.1384405940771103,0.23501168191432953,phase3_11_future_source_swap_no_phase4_no_cps
phase39b_xy_only_high_weight,condition_matched_retrieval,1,hidden_high_friction,311000,0,13,0.0,0.0,0.0,0,0.0,nan,nan,0.03583383560180664,0.034883853048086166,0.4318881034851074,0.0,0.0,hidden_high_friction,1,-1,166,0.43941259384155273,0.0,0.6115313172340393,0.08052720129489899,0.6199296712875366,0.08968749642372131,0.012427523732185364,0.13786303997039795,0.2397383749485016,phase3_11_future_source_swap_no_phase4_no_cps
phase39b_xy_only_high_weight,condition_matched_retrieval,1,hidden_high_friction,311000,0,14,0.0,0.0,0.0,0,0.0,nan,nan,0.06205082684755325,0.0386635959148407,0.458638072013855,0.0,0.0,hidden_high_friction,1,-1,326,0.3918917775154114,0.0,0.48156920075416565,0.05167463421821594,0.38624927401542664,0.06507562845945358,0.09625733643770218,0.13312633335590363,0.23497290909290314,phase3_11_future_source_swap_no_phase4_no_cps
phase39b_xy_only_high_weight,condition_matched_retrieval,1,hidden_high_friction,311000,0,15,0.0,0.0,0.0,0,0.0,nan,nan,0.036950234323740005,0.03885124623775482,0.4318881034851074,0.0,0.0,hidden_high_friction,1,-1,166,0.45156246423721313,0.0,0.6107609272003174,0.0830649808049202,0.6217439770698547,0.09200634807348251,0.014162464998662472,0.1329505741596222,0.237029567360878,phase3_11_future_source_swap_no_phase4_no_cps
phase39b_xy_only_high_weight,condition_matched_retrieval,1,hidden_high_friction,311001,1,0,0.0,0.0,0.0,0,0.0,nan,nan,0.013317655771970749,0.03675868362188339,0.4493456482887268,0.0,0.0,hidden_high_friction,1,-1,674,0.5862687826156616,0.0,0.6716160178184509,-0.13649067282676697,0.36780351400375366,0.16269426047801971,0.42639613151550293,nan,nan,phase3_11_future_source_swap_no_phase4_no_cps
phase39b_xy_only_high_weight,condition_matched_retrieval,1,hidden_high_friction,311001,1,1,0.0,0.0,0.0,0,0.0,nan,nan,0.09811487048864365,0.02775782346725464,0.48994559049606323,0.0,0.0,hidden_high_friction,1,-1,466,0.4166716933250427,0.0,0.6448047161102295,-0.128929004073143,0.445422887802124,-0.1018754243850708,0.20120887458324432,0.0278572216629982,0.2757206857204437,phase3_11_future_source_swap_no_phase4_no_cps
phase39b_xy_only_high_weight,condition_matched_retrieval,1,hidden_high_friction,311001,1,2,0.0,0.0,0.0,0,0.0,nan,nan,0.08998902887105942,0.02564997971057892,0.4609319269657135,0.0,0.0,hidden_high_friction,1,-1,446,0.49841511249542236,0.0,0.6453382968902588,-0.0903061255812645,0.46533024311065674,0.01366366446018219,0.20787644386291504,0.03862656280398369,0.11724156141281128,phase3_11_future_source_swap_no_phase4_no_cps
phase39b_xy_only_high_weight,condition_matched_retrieval,1,hidden_high_friction,311001,1,3,0.0,0.0,0.0,0,0.0,nan,nan,0.0856434553861618,0.02422361634671688,0.49182751774787903,0.0,0.0,hidden_high_friction,1,-1,470,0.5822827816009521,0.0,0.5915219187736511,-0.0921766608953476,0.3981369137763977,-0.10578639060258865,0.19386331737041473,0.05384887754917145,0.1370520293712616,phase3_11_future_source_swap_no_phase4_no_cps
phase39b_xy_only_high_weight,condition_matched_retrieval,1,hidden_high_friction,311001,1,4,0.0,0.0,0.0,0,0.0,nan,nan,0.08004944771528244,0.030572954565286636,0.49182751774787903,0.0,0.0,hidden_high_friction,1,-1,470,0.5200121998786926,0.0,0.5941601991653442,-0.09398283809423447,0.40192532539367676,-0.10759054124355316,0.19271589815616608,0.0031973111908882856,0.0041960724629461765,phase3_11_future_source_swap_no_phase4_no_cps
phase39b_xy_only_high_weight,condition_matched_retrieval,1,hidden_high_friction,311001,1,5,0.0,0.0,0.0,0,0.0,nan,nan,0.08139950782060623,0.031916238367557526,0.49182751774787903,0.0,0.0,hidden_high_friction,1,-1,470,0.42781946063041687,0.0,0.6027407050132751,-0.10287860780954361,0.40946441888809204,-0.10314588993787766,0.19327646493911743,0.012359604239463806,0.008751734159886837,phase3_11_future_source_swap_no_phase4_no_cps
phase39b_xy_only_high_weight,condition_matched_retrieval,1,hidden_high_friction,311001,1,6,0.0,0.0,0.0,0,0.0,nan,nan,0.0799243375658989,0.02763211354613304,0.49182751774787903,0.0,0.0,hidden_high_friction,1,-1,470,0.39210787415504456,0.0,0.5964865684509277,-0.1069541648030281,0.41673222184181213,-0.10437562316656113,0.17977283895015717,0.00746487732976675,0.007371105719357729,phase3_11_future_source_swap_no_phase4_no_cps
phase39b_xy_only_high_weight,condition_matched_retrieval,1,hidden_high_friction,311001,1,7,0.0,0.0,0.0,0,0.0,nan,nan,0.0788286030292511,0.029273170977830887,0.49182751774787903,0.0,0.0,hidden_high_friction,1,-1,470,0.40375033020973206,0.0,0.5940777659416199,-0.10117312520742416,0.41584324836730957,-0.10243619978427887,0.17823898792266846,0.006262806709855795,0.002133456524461508,phase3_11_future_source_swap_no_phase4_no_cps
phase39b_xy_only_high_weight,condition_matched_retrieval,1,hidden_high_friction,311001,1,8,0.0,0.0,0.0,0,0.0,nan,nan,0.07843033224344254,0.03665841743350029,0.49182751774787903,0.0,0.0,hidden_high_friction,1,-1,470,0.3994232714176178,0.0,0.5944801568984985,-0.10300082713365555,0.41820228099823,-0.10343234241008759,0.17627839744091034,0.0018714733887463808,0.002560729393735528,phase3_11_future_source_swap_no_phase4_no_cps
phase39b_xy_only_high_weight,condition_matched_retrieval,1,hidden_high_friction,311001,1,9,0.0,0.0,0.0,0,0.0,nan,nan,0.07829847186803818,0.03729671239852905,0.49182751774787903,0.0,0.0,hidden_high_friction,1,-1,470,0.4274623990058899,0.0,0.5912969708442688,-0.1047545000910759,0.41545534133911133,-0.10834521800279617,0.17587828636169434,0.003634287044405937,0.005628678482025862,phase3_11_future_source_swap_no_phase4_no_cps
phase39b_xy_only_high_weight,condition_matched_retrieval,1,hidden_high_friction,311001,1,10,0.0,0.0,0.0,0,0.0,nan,nan,0.07802663743495941,0.037312332540750504,0.49182751774787903,0.0,0.0,hidden_high_friction,1,-1,470,0.4127185046672821,0.0,0.5920024514198303,-0.10407404601573944,0.4153653383255005,-0.10742729157209396,0.1766689419746399,0.0009801635751500726,0.0009223282686434686,phase3_11_future_source_swap_no_phase4_no_cps
phase39b_xy_only_high_weight,condition_matched_retrieval,1,hidden_high_friction,311001,1,11,0.0,0.0,0.0,0,0.0,nan,nan,0.07801005989313126,0.03960399702191353,0.49182751774787903,0.0,0.0,hidden_high_friction,1,-1,470,0.4017108380794525,0.0,0.5903775691986084,-0.10406170040369034,0.4153190553188324,-0.10765265673398972,0.1750953495502472,0.00162492913659662,0.00023006861738394946,phase3_11_future_source_swap_no_phase4_no_cps
phase39b_xy_only_high_weight,condition_matched_retrieval,1,hidden_high_friction,311001,1,12,0.0,0.0,0.0,0,0.0,nan,nan,0.07789329439401627,0.03782686963677406,0.49182751774787903,0.0,0.0,hidden_high_friction,1,-1,470,0.42881569266319275,0.0,0.5886219143867493,-0.10394048690795898,0.4170078933238983,-0.10832302272319794,0.17166997492313385,0.0017598342383280396,0.0018170207040384412,phase3_11_future_source_swap_no_phase4_no_cps
phase39b_xy_only_high_weight,condition_matched_retrieval,1,hidden_high_friction,311001,1,13,0.0,0.0,0.0,0,0.0,nan,nan,0.07789082825183868,0.038881704211235046,0.49182751774787903,0.0,0.0,hidden_high_friction,1,-1,470,0.4308883845806122,0.0,0.5884940028190613,-0.10582289099693298,0.41604796051979065,-0.10903321951627731,0.1724759191274643,0.0018867449834942818,0.0011940898839384317,phase3_11_future_source_swap_no_phase4_no_cps
phase39b_xy_only_high_weight,condition_matched_retrieval,1,hidden_high_friction,311001,1,14,0.0,0.0,0.0,0,0.0,nan,nan,0.07788654416799545,0.03764441981911659,0.49182751774787903,0.0,0.0,hidden_high_friction,1,-1,470,0.4319380819797516,0.0,0.5876387357711792,-0.10498882830142975,0.4149373769760132,-0.10904993861913681,0.1727491021156311,0.0011946306331083179,0.0011107093887403607,phase3_11_future_source_swap_no_phase4_no_cps
phase39b_xy_only_high_weight,condition_matched_retrieval,1,hidden_high_friction,311001,1,15,0.0,0.0,0.0,0,0.0,nan,nan,0.07775486260652542,0.03970908373594284,0.49182751774787903,0.0,0.0,hidden_high_friction,1,-1,470,0.3943704068660736,0.0,0.5897963047027588,-0.1063404232263565,0.41564634442329407,-0.10802377015352249,0.17415809631347656,0.0025459600146859884,0.0012472596717998385,phase3_11_future_source_swap_no_phase4_no_cps
phase39b_xy_only_high_weight,condition_matched_retrieval,1,hidden_high_friction,311002,2,0,0.625,0.0,-0.625,0,-0.625,nan,nan,0.009297060780227184,0.03979939594864845,0.508733868598938,0.0,0.0,hidden_high_friction,1,-1,146,0.565043568611145,0.0,0.4660378694534302,-0.15294548869132996,0.6500047445297241,-0.2189248502254486,0.19544075429439545,nan,nan,phase3_11_future_source_swap_no_phase4_no_cps
phase39b_xy_only_high_weight,condition_matched_retrieval,1,hidden_high_friction,311002,2,1,0.0,0.0,0.0,0,0.0,nan,nan,0.07626945525407791,0.0357871875166893,0.4784221947193146,0.0,0.0,hidden_high_friction,1,-1,658,0.35582295060157776,0.0,0.5093557834625244,-0.18565428256988525,0.532876193523407,-0.06891986727714539,0.11908036470413208,0.05427989363670349,0.1903170794248581,phase3_11_future_source_swap_no_phase4_no_cps
phase39b_xy_only_high_weight,condition_matched_retrieval,1,hidden_high_friction,311002,2,2,0.0,0.0,0.0,0,0.0,nan,nan,0.06594119966030121,0.03351964056491852,0.46974053978919983,0.0,0.0,hidden_high_friction,1,-1,110,0.3926723301410675,0.0,0.5030735731124878,-0.11476284265518188,0.47348925471305847,-0.04836508631706238,0.07269039750099182,0.07116924971342087,0.06284351646900177,phase3_11_future_source_swap_no_phase4_no_cps
phase39b_xy_only_high_weight,condition_matched_retrieval,1,hidden_high_friction,311002,2,3,0.0,0.0,0.0,0,0.0,nan,nan,0.06523812562227249,0.034986723214387894,0.467340350151062,0.0,0.0,hidden_high_friction,1,-1,666,0.5053837895393372,0.0,0.49313995242118835,-0.1925577074289322,0.42912840843200684,-0.2586382031440735,0.09200059622526169,0.07842651009559631,0.21490153670310974,phase3_11_future_source_swap_no_phase4_no_cps
phase39b_xy_only_high_weight,condition_matched_retrieval,1,hidden_high_friction,311002,2,4,0.0,0.0,0.0,0,0.0,nan,nan,0.04975555092096329,0.038396283984184265,0.46974053978919983,0.0,0.0,hidden_high_friction,1,-1,110,0.18233929574489594,0.0,0.5651171207427979,-0.06439491361379623,0.5228798389434814,-0.03203544020652771,0.053208302706480026,0.14699120819568634,0.2452307939529419,phase3_11_future_source_swap_no_phase4_no_cps
phase39b_xy_only_high_weight,condition_matched_retrieval,1,hidden_high_friction,311002,2,5,0.0,0.0,0.0,0,0.0,nan,nan,0.047089021652936935,0.03980841487646103,0.46974053978919983,0.0,0.0,hidden_high_friction,1,-1,110,0.16748814284801483,0.0,0.5684213042259216,-0.05869985371828079,0.5173396468162537,-0.033777520060539246,0.05683712288737297,0.006584173068404198,0.005807630252093077,phase3_11_future_source_swap_no_phase4_no_cps
phase39b_xy_only_high_weight,condition_matched_retrieval,1,hidden_high_friction,311002,2,6,0.0,0.0,0.0,0,0.0,nan,nan,0.04912698268890381,0.03966401517391205,0.467340350151062,0.0,0.0,hidden_high_friction,1,-1,666,0.5440501570701599,0.0,0.5045707821846008,-0.17950817942619324,0.4322323799133301,-0.2733837962150574,0.11851361393928528,0.13664384186267853,0.25427234172821045,phase3_11_future_source_swap_no_phase4_no_cps
phase39b_xy_only_high_weight,condition_matched_retrieval,1,hidden_high_friction,311002,2,7,0.0,0.0,0.0,0,0.0,nan,nan,0.05547182634472847,0.03494396433234215,0.46974053978919983,0.0,0.0,hidden_high_friction,1,-1,110,0.24506844580173492,0.0,0.5582470297813416,-0.05567457526922226,0.509440541267395,-0.026397818699479103,0.056913986802101135,0.13496629893779755,0.25877243280410767,phase3_11_future_source_swap_no_phase4_no_cps
phase39b_xy_only_high_weight,condition_matched_retrieval,1,hidden_high_friction,311002,2,8,0.0,0.0,0.0,0,0.0,nan,nan,0.04524601623415947,0.03347382694482803,0.46974053978919983,0.0,0.0,hidden_high_friction,1,-1,110,0.1443471908569336,0.0,0.5655925273895264,-0.06943674385547638,0.5167324542999268,-0.0280624832957983,0.06402450054883957,0.015599795617163181,0.007479512132704258,phase3_11_future_source_swap_no_phase4_no_cps
phase39b_xy_only_high_weight,condition_matched_retrieval,1,hidden_high_friction,311002,2,9,0.0,0.0,0.0,0,0.0,nan,nan,0.04972150921821594,0.03482666611671448,0.467340350151062,0.0,0.0,hidden_high_friction,1,-1,666,0.48892733454704285,0.0,0.5059233903884888,-0.18727026879787445,0.43592649698257446,-0.27898216247558594,0.11537173390388489,0.132080078125,0.2636100947856903,phase3_11_future_source_swap_no_phase4_no_cps
phase39b_xy_only_high_weight,condition_matched_retrieval,1,hidden_high_friction,311002,2,10,0.0,0.0,0.0,0,0.0,nan,nan,0.054804883897304535,0.03833605349063873,0.46974053978919983,0.0,0.0,hidden_high_friction,1,-1,110,0.21249881386756897,0.0,0.5593709349632263,-0.05673617124557495,0.5115644931793213,-0.02883748523890972,0.055351532995700836,0.14105243980884552,0.2613302171230316,phase3_11_future_source_swap_no_phase4_no_cps
phase39b_xy_only_high_weight,condition_matched_retrieval,1,hidden_high_friction,311002,2,11,0.0,0.0,0.0,0,0.0,nan,nan,0.045178696513175964,0.03963345289230347,0.46974053978919983,0.0,0.0,hidden_high_friction,1,-1,110,0.1517229825258255,0.0,0.5656347870826721,-0.06461719423532486,0.5159613490104675,-0.027819059789180756,0.06181871145963669,0.010067093186080456,0.004513261839747429,phase3_11_future_source_swap_no_phase4_no_cps
phase39b_xy_only_high_weight,condition_matched_retrieval,1,hidden_high_friction,311002,2,12,0.0,0.0,0.0,0,0.0,nan,nan,0.04964210465550423,0.039952352643013,0.467340350151062,0.0,0.0,hidden_high_friction,1,-1,666,0.5204459428787231,0.0,0.5044942498207092,-0.18173690140247345,0.43290606141090393,-0.2750503420829773,0.11761066317558289,0.1321180909872055,0.2608092725276947,phase3_11_future_source_swap_no_phase4_no_cps
phase39b_xy_only_high_weight,condition_matched_retrieval,1,hidden_high_friction,311002,2,13,0.0,0.0,0.0,0,0.0,nan,nan,0.055041443556547165,0.03836141526699066,0.46974053978919983,0.0,0.0,hidden_high_friction,1,-1,110,0.21933923661708832,0.0,0.5588446855545044,-0.05784647911787033,0.5100728869438171,-0.027066176757216454,0.05767248570919037,0.13528786599636078,0.2597130537033081,phase3_11_future_source_swap_no_phase4_no_cps
phase39b_xy_only_high_weight,condition_matched_retrieval,1,hidden_high_friction,311002,2,14,0.0,0.0,0.0,0,0.0,nan,nan,0.04532872140407562,0.039022162556648254,0.46974053978919983,0.0,0.0,hidden_high_friction,1,-1,110,0.14429160952568054,0.0,0.5661424398422241,-0.06807497888803482,0.5156234502792358,-0.026618171483278275,0.06535162776708603,0.012565008364617825,0.005568614229559898,phase3_11_future_source_swap_no_phase4_no_cps
phase39b_xy_only_high_weight,condition_matched_retrieval,1,hidden_high_friction,311002,2,15,0.0,0.0,0.0,0,0.0,nan,nan,0.04986147955060005,0.038841791450977325,0.467340350151062,0.0,0.0,hidden_high_friction,1,-1,666,0.497093141078949,0.0,0.5075209140777588,-0.17925158143043518,0.4335828721523285,-0.274524986743927,0.12059790641069412,0.12568500638008118,0.2611291706562042,phase3_11_future_source_swap_no_phase4_no_cps
