selector,uses_condition_label,condition,visible_seed,seed_cohort,episode_idx,step_idx,fraction_before,fraction_after,fraction_delta,done_after,reward,future_std_mean,future_nn_l2,future_nn_mae,future_nearest_condition,future_condition_match,selected_train_index,selected_window_idx,selected_condition,selected_context_l2,selected_proxy_distance,selected_score,action_ood,clip_frac,pull_len,source_pull_len,action_mae_to_source,action_l2_to_source,scope
ddpm_mean,0,free,312000,phase312_seed_block,0,0,0.375,0.2916666666666667,-0.08333333333333331,0,-0.08333333333333331,0.04005258530378342,0.04213908687233925,0.018420318141579628,hidden_high_friction,0,-1,-1,,nan,nan,nan,0.47542211413383484,0.0,0.25306835770606995,nan,nan,nan,phase3_12c_matched_reset_no_phase4_no_cps
ddpm_mean,0,free,312000,phase312_seed_block,0,1,0.2916666666666667,0.2916666666666667,0.0,0,0.0,0.04020625352859497,0.04140658304095268,0.01824149861931801,hidden_high_friction,0,-1,-1,,nan,nan,nan,0.33854374289512634,0.0,0.10865669697523117,nan,nan,nan,phase3_12c_matched_reset_no_phase4_no_cps
ddpm_mean,0,free,312000,phase312_seed_block,0,2,0.2916666666666667,0.2916666666666667,0.0,0,0.0,0.040234003216028214,0.04313056915998459,0.02293347753584385,hidden_breakaway_pin,0,-1,-1,,nan,nan,nan,0.2812252938747406,0.0,0.08649305254220963,nan,nan,nan,phase3_12c_matched_reset_no_phase4_no_cps
ddpm_mean,0,free,312000,phase312_seed_block,0,3,0.2916666666666667,0.08333333333333333,-0.20833333333333337,0,-0.20833333333333337,0.040328752249479294,0.04326348751783371,0.01909283921122551,hidden_high_friction,0,-1,-1,,nan,nan,nan,0.24896670877933502,0.0,0.06843499094247818,nan,nan,nan,phase3_12c_matched_reset_no_phase4_no_cps
ddpm_mean,0,free,312000,phase312_seed_block,0,4,0.08333333333333333,0.08333333333333333,0.0,0,0.0,0.04006396234035492,0.04518425837159157,0.02049180306494236,free,1,-1,-1,,nan,nan,nan,0.34006741642951965,0.0,0.09212804585695267,nan,nan,nan,phase3_12c_matched_reset_no_phase4_no_cps
ddpm_mean,0,free,312000,phase312_seed_block,0,5,0.08333333333333333,0.25,0.16666666666666669,0,0.16666666666666669,0.04027688130736351,0.04263044521212578,0.01971299573779106,hidden_high_friction,0,-1,-1,,nan,nan,nan,0.2801852226257324,0.0,0.06970670819282532,nan,nan,nan,phase3_12c_matched_reset_no_phase4_no_cps
ddpm_mean,0,free,312000,phase312_seed_block,0,6,0.25,0.25,0.0,0,0.0,0.03988002613186836,0.04742664471268654,0.02485637739300728,hidden_breakaway_pin,0,-1,-1,,nan,nan,nan,0.16062478721141815,0.0,0.034898921847343445,nan,nan,nan,phase3_12c_matched_reset_no_phase4_no_cps
ddpm_mean,0,free,312000,phase312_seed_block,0,7,0.25,0.25,0.0,0,0.0,0.03836940601468086,0.049039144068956375,0.021073998883366585,hidden_high_friction,0,-1,-1,,nan,nan,nan,0.13055519759655,0.0,0.039552953094244,nan,nan,nan,phase3_12c_matched_reset_no_phase4_no_cps
ddpm_mean,0,free,312000,phase312_seed_block,0,8,0.25,0.25,0.0,0,0.0,0.03855089843273163,0.051246970891952515,0.022262539714574814,hidden_high_friction,0,-1,-1,,nan,nan,nan,0.21062549948692322,0.0,0.01604110561311245,nan,nan,nan,phase3_12c_matched_reset_no_phase4_no_cps
ddpm_mean,0,free,312000,phase312_seed_block,0,9,0.25,0.25,0.0,0,0.0,0.03779144957661629,0.050619207322597504,0.023391706869006157,hidden_high_friction,0,-1,-1,,nan,nan,nan,0.13166096806526184,0.0,0.013215532526373863,nan,nan,nan,phase3_12c_matched_reset_no_phase4_no_cps
ddpm_mean,0,free,312000,phase312_seed_block,0,10,0.25,0.25,0.0,0,0.0,0.03714428469538689,0.05374898761510849,0.02779989503324032,hidden_breakaway_pin,0,-1,-1,,nan,nan,nan,0.1761864274740219,0.0,0.03354225680232048,nan,nan,nan,phase3_12c_matched_reset_no_phase4_no_cps
ddpm_mean,0,free,312000,phase312_seed_block,0,11,0.25,0.25,0.0,0,0.0,0.03611760959029198,0.055096082389354706,0.025193193927407265,hidden_high_friction,0,-1,-1,,nan,nan,nan,0.2739381492137909,0.0,0.028628777712583542,nan,nan,nan,phase3_12c_matched_reset_no_phase4_no_cps
ddpm_mean,0,free,312000,phase312_seed_block,0,12,0.25,0.125,-0.125,0,-0.125,0.03565678000450134,0.05501732975244522,0.028549114242196083,hidden_breakaway_pin,0,-1,-1,,nan,nan,nan,0.14419151842594147,0.0,0.03832857310771942,nan,nan,nan,phase3_12c_matched_reset_no_phase4_no_cps
ddpm_mean,0,free,312000,phase312_seed_block,0,13,0.125,0.125,0.0,0,0.0,0.03819507732987404,0.048201002180576324,0.02225947566330433,hidden_high_friction,0,-1,-1,,nan,nan,nan,0.1586117297410965,0.0,0.01478007435798645,nan,nan,nan,phase3_12c_matched_reset_no_phase4_no_cps
ddpm_mean,0,free,312000,phase312_seed_block,0,14,0.125,0.16666666666666666,0.04166666666666666,0,0.04166666666666666,0.03117605857551098,0.06200942397117615,0.030146850273013115,hidden_high_friction,0,-1,-1,,nan,nan,nan,0.1285267025232315,0.0,0.035957857966423035,nan,nan,nan,phase3_12c_matched_reset_no_phase4_no_cps
ddpm_mean,0,free,312000,phase312_seed_block,0,15,0.16666666666666666,0.16666666666666666,0.0,0,0.0,0.033383291214704514,0.06446388363838196,0.03197353333234787,hidden_breakaway_pin,0,-1,-1,,nan,nan,nan,0.1485220044851303,0.0,0.06799936294555664,nan,nan,nan,phase3_12c_matched_reset_no_phase4_no_cps
ddpm_mean,0,free,312001,phase312_seed_block,1,0,0.0,0.16666666666666666,0.16666666666666666,0,0.16666666666666666,0.04025295376777649,0.040306076407432556,0.01795806549489498,hidden_high_friction,0,-1,-1,,nan,nan,nan,0.5802136063575745,0.0,0.44062602519989014,nan,nan,nan,phase3_12c_matched_reset_no_phase4_no_cps
ddpm_mean,0,free,312001,phase312_seed_block,1,1,0.16666666666666666,0.16666666666666666,0.0,0,0.0,0.03990130126476288,0.0434238463640213,0.02307269722223282,hidden_breakaway_pin,0,-1,-1,,nan,nan,nan,0.3629714548587799,0.0,0.20946180820465088,nan,nan,nan,phase3_12c_matched_reset_no_phase4_no_cps
ddpm_mean,0,free,312001,phase312_seed_block,1,2,0.16666666666666666,0.16666666666666666,0.0,0,0.0,0.040014754980802536,0.044876065105199814,0.023521745577454567,hidden_breakaway_pin,0,-1,-1,,nan,nan,nan,0.18744894862174988,0.0,0.08194100111722946,nan,nan,nan,phase3_12c_matched_reset_no_phase4_no_cps
ddpm_mean,0,free,312001,phase312_seed_block,1,3,0.16666666666666666,0.16666666666666666,0.0,0,0.0,0.040276750922203064,0.044950369745492935,0.01938517577946186,hidden_high_friction,0,-1,-1,,nan,nan,nan,0.0941428393125534,0.0,0.014764748513698578,nan,nan,nan,phase3_12c_matched_reset_no_phase4_no_cps
ddpm_mean,0,free,312001,phase312_seed_block,1,4,0.16666666666666666,0.08333333333333333,-0.08333333333333333,0,-0.08333333333333333,0.0403408408164978,0.0435250960290432,0.02021913416683674,hidden_high_friction,0,-1,-1,,nan,nan,nan,0.08334129303693771,0.0,0.03612017259001732,nan,nan,nan,phase3_12c_matched_reset_no_phase4_no_cps
ddpm_mean,0,free,312001,phase312_seed_block,1,5,0.08333333333333333,0.08333333333333333,0.0,0,0.0,0.040211111307144165,0.045909855514764786,0.0235240887850523,hidden_breakaway_pin,0,-1,-1,,nan,nan,nan,0.12104862183332443,0.0,0.005285265855491161,nan,nan,nan,phase3_12c_matched_reset_no_phase4_no_cps
ddpm_mean,0,free,312001,phase312_seed_block,1,6,0.08333333333333333,0.08333333333333333,0.0,0,0.0,0.03983895108103752,0.044665735214948654,0.023636560887098312,hidden_breakaway_pin,0,-1,-1,,nan,nan,nan,0.1697278767824173,0.0,0.010290836915373802,nan,nan,nan,phase3_12c_matched_reset_no_phase4_no_cps
ddpm_mean,0,free,312001,phase312_seed_block,1,7,0.08333333333333333,0.08333333333333333,0.0,0,0.0,0.040691591799259186,0.04362965002655983,0.018568558618426323,hidden_high_friction,0,-1,-1,,nan,nan,nan,0.13825610280036926,0.0,0.008371028117835522,nan,nan,nan,phase3_12c_matched_reset_no_phase4_no_cps
ddpm_mean,0,free,312001,phase312_seed_block,1,8,0.08333333333333333,0.08333333333333333,0.0,0,0.0,0.04019228741526604,0.04522185027599335,0.023441897705197334,hidden_breakaway_pin,0,-1,-1,,nan,nan,nan,0.09437721222639084,0.0,0.00785056408494711,nan,nan,nan,phase3_12c_matched_reset_no_phase4_no_cps
ddpm_mean,0,free,312001,phase312_seed_block,1,9,0.08333333333333333,0.08333333333333333,0.0,0,0.0,0.04021470993757248,0.04162483662366867,0.017814619466662407,hidden_high_friction,0,-1,-1,,nan,nan,nan,0.16411517560482025,0.0,0.007176348939538002,nan,nan,nan,phase3_12c_matched_reset_no_phase4_no_cps
ddpm_mean,0,free,312001,phase312_seed_block,1,10,0.08333333333333333,0.08333333333333333,0.0,0,0.0,0.04035641625523567,0.042348966002464294,0.018166201189160347,hidden_high_friction,0,-1,-1,,nan,nan,nan,0.11457175016403198,0.0,0.013157596811652184,nan,nan,nan,phase3_12c_matched_reset_no_phase4_no_cps
ddpm_mean,0,free,312001,phase312_seed_block,1,11,0.08333333333333333,0.08333333333333333,0.0,0,0.0,0.039969634264707565,0.04364742711186409,0.022388998419046402,hidden_breakaway_pin,0,-1,-1,,nan,nan,nan,0.1468571275472641,0.0,0.008087976835668087,nan,nan,nan,phase3_12c_matched_reset_no_phase4_no_cps
ddpm_mean,0,free,312001,phase312_seed_block,1,12,0.08333333333333333,0.08333333333333333,0.0,0,0.0,0.040327444672584534,0.04279916360974312,0.019051941111683846,hidden_high_friction,0,-1,-1,,nan,nan,nan,0.11732270568609238,0.0,0.010703477077186108,nan,nan,nan,phase3_12c_matched_reset_no_phase4_no_cps
ddpm_mean,0,free,312001,phase312_seed_block,1,13,0.08333333333333333,0.08333333333333333,0.0,0,0.0,0.03968486934900284,0.044938914477825165,0.023675667122006416,hidden_breakaway_pin,0,-1,-1,,nan,nan,nan,0.09405219554901123,0.0,0.011619030497968197,nan,nan,nan,phase3_12c_matched_reset_no_phase4_no_cps
ddpm_mean,0,free,312001,phase312_seed_block,1,14,0.08333333333333333,0.08333333333333333,0.0,0,0.0,0.040347304195165634,0.042747996747493744,0.022572195157408714,hidden_breakaway_pin,0,-1,-1,,nan,nan,nan,0.11017467081546783,0.0,0.014318980276584625,nan,nan,nan,phase3_12c_matched_reset_no_phase4_no_cps
ddpm_mean,0,free,312001,phase312_seed_block,1,15,0.08333333333333333,0.08333333333333333,0.0,0,0.0,0.04083961993455887,0.039502598345279694,0.017217742279171944,hidden_high_friction,0,-1,-1,,nan,nan,nan,0.0853235274553299,0.0,0.012149087153375149,nan,nan,nan,phase3_12c_matched_reset_no_phase4_no_cps
ddpm_mean,0,free,312002,phase312_seed_block,2,0,0.0,0.0,0.0,0,0.0,0.0403023324906826,0.043485868722200394,0.023140186443924904,hidden_breakaway_pin,0,-1,-1,,nan,nan,nan,0.36192432045936584,0.0,0.18337681889533997,nan,nan,nan,phase3_12c_matched_reset_no_phase4_no_cps
ddpm_mean,0,free,312002,phase312_seed_block,2,1,0.0,0.0,0.0,0,0.0,0.04024466872215271,0.04433406516909599,0.019170096144080162,hidden_high_friction,0,-1,-1,,nan,nan,nan,0.2637519836425781,0.0,0.1239735335111618,nan,nan,nan,phase3_12c_matched_reset_no_phase4_no_cps
ddpm_mean,0,free,312002,phase312_seed_block,2,2,0.0,0.0,0.0,0,0.0,0.04046894982457161,0.044536273926496506,0.018864143639802933,hidden_high_friction,0,-1,-1,,nan,nan,nan,0.214731827378273,0.0,0.07553745806217194,nan,nan,nan,phase3_12c_matched_reset_no_phase4_no_cps
ddpm_mean,0,free,312002,phase312_seed_block,2,3,0.0,0.0,0.0,0,0.0,0.04033050686120987,0.04237701743841171,0.019320420920848846,hidden_high_friction,0,-1,-1,,nan,nan,nan,0.13689908385276794,0.0,0.016701288521289825,nan,nan,nan,phase3_12c_matched_reset_no_phase4_no_cps
ddpm_mean,0,free,312002,phase312_seed_block,2,4,0.0,0.0,0.0,0,0.0,0.04022788628935814,0.04569481685757637,0.023507624864578247,hidden_breakaway_pin,0,-1,-1,,nan,nan,nan,0.12151521444320679,0.0,0.03126902133226395,nan,nan,nan,phase3_12c_matched_reset_no_phase4_no_cps
ddpm_mean,0,free,312002,phase312_seed_block,2,5,0.0,0.0,0.0,0,0.0,0.03909050300717354,0.04778357967734337,0.020144786685705185,hidden_high_friction,0,-1,-1,,nan,nan,nan,0.1504611074924469,0.0,0.042911116033792496,nan,nan,nan,phase3_12c_matched_reset_no_phase4_no_cps
ddpm_mean,0,free,312002,phase312_seed_block,2,6,0.0,0.0,0.0,0,0.0,0.034078918397426605,0.05759274587035179,0.02608230896294117,hidden_high_friction,0,-1,-1,,nan,nan,nan,0.25572049617767334,0.0,0.004519513342529535,nan,nan,nan,phase3_12c_matched_reset_no_phase4_no_cps
ddpm_mean,0,free,312002,phase312_seed_block,2,7,0.0,0.0,0.0,0,0.0,0.030973024666309357,0.06603393703699112,0.03164655715227127,hidden_high_friction,0,-1,-1,,nan,nan,nan,0.3285404443740845,0.0,0.07174026966094971,nan,nan,nan,phase3_12c_matched_reset_no_phase4_no_cps
ddpm_mean,0,free,312002,phase312_seed_block,2,8,0.0,0.0,0.0,0,0.0,0.03229471296072006,0.06105142831802368,0.031525082886219025,hidden_breakaway_pin,0,-1,-1,,nan,nan,nan,0.4593006372451782,0.0,0.06794890761375427,nan,nan,nan,phase3_12c_matched_reset_no_phase4_no_cps
ddpm_mean,0,free,312002,phase312_seed_block,2,9,0.0,0.0,0.0,0,0.0,0.039025407284498215,0.048834722489118576,0.02131701447069645,hidden_high_friction,0,-1,-1,,nan,nan,nan,0.23175445199012756,0.0,0.0320206955075264,nan,nan,nan,phase3_12c_matched_reset_no_phase4_no_cps
ddpm_mean,0,free,312002,phase312_seed_block,2,10,0.0,0.0,0.0,0,0.0,0.039698489010334015,0.04459453746676445,0.022875454276800156,hidden_breakaway_pin,0,-1,-1,,nan,nan,nan,0.19424398243427277,0.0,0.025428060442209244,nan,nan,nan,phase3_12c_matched_reset_no_phase4_no_cps
ddpm_mean,0,free,312002,phase312_seed_block,2,11,0.0,0.0,0.0,0,0.0,0.040027886629104614,0.04299217090010643,0.01936972886323929,hidden_high_friction,0,-1,-1,,nan,nan,nan,0.17733775079250336,0.0,0.02596035785973072,nan,nan,nan,phase3_12c_matched_reset_no_phase4_no_cps
ddpm_mean,0,free,312002,phase312_seed_block,2,12,0.0,0.0,0.0,0,0.0,0.03947032243013382,0.045774925500154495,0.02420198917388916,hidden_breakaway_pin,0,-1,-1,,nan,nan,nan,0.19525161385536194,0.0,0.04054809361696243,nan,nan,nan,phase3_12c_matched_reset_no_phase4_no_cps
ddpm_mean,0,free,312002,phase312_seed_block,2,13,0.0,0.0,0.0,0,0.0,0.040085893124341965,0.04529165104031563,0.02401493862271309,hidden_breakaway_pin,0,-1,-1,,nan,nan,nan,0.1622789055109024,0.0,0.030265990644693375,nan,nan,nan,phase3_12c_matched_reset_no_phase4_no_cps
ddpm_mean,0,free,312002,phase312_seed_block,2,14,0.0,0.0,0.0,0,0.0,0.04060046747326851,0.03947872295975685,0.017680656164884567,hidden_high_friction,0,-1,-1,,nan,nan,nan,0.13149286806583405,0.0,0.027421876788139343,nan,nan,nan,phase3_12c_matched_reset_no_phase4_no_cps
ddpm_mean,0,free,312002,phase312_seed_block,2,15,0.0,0.0,0.0,0,0.0,0.04034195840358734,0.04602763056755066,0.019880516454577446,hidden_high_friction,0,-1,-1,,nan,nan,nan,0.07787543535232544,0.0,0.020543796941637993,nan,nan,nan,phase3_12c_matched_reset_no_phase4_no_cps
ddpm_mean,0,free,312003,phase312_seed_block,3,0,0.0,0.0,0.0,0,0.0,0.040091730654239655,0.04508146643638611,0.023556692525744438,hidden_breakaway_pin,0,-1,-1,,nan,nan,nan,0.6651567816734314,0.0,0.4645262658596039,nan,nan,nan,phase3_12c_matched_reset_no_phase4_no_cps
ddpm_mean,0,free,312003,phase312_seed_block,3,1,0.0,0.0,0.0,0,0.0,0.04026474431157112,0.045418381690979004,0.020780788734555244,free,1,-1,-1,,nan,nan,nan,0.41639432311058044,0.0,0.2534581124782562,nan,nan,nan,phase3_12c_matched_reset_no_phase4_no_cps
ddpm_mean,0,free,312003,phase312_seed_block,3,2,0.0,0.0,0.0,0,0.0,0.0403766930103302,0.043878283351659775,0.019787916913628578,hidden_high_friction,0,-1,-1,,nan,nan,nan,0.40341222286224365,0.0,0.11222699284553528,nan,nan,nan,phase3_12c_matched_reset_no_phase4_no_cps
ddpm_mean,0,free,312003,phase312_seed_block,3,3,0.0,0.0,0.0,0,0.0,0.04014226421713829,0.04594133421778679,0.020180433988571167,hidden_high_friction,0,-1,-1,,nan,nan,nan,0.2292986512184143,0.0,0.01342624332755804,nan,nan,nan,phase3_12c_matched_reset_no_phase4_no_cps
ddpm_mean,0,free,312003,phase312_seed_block,3,4,0.0,0.0,0.0,0,0.0,0.03967989981174469,0.045142244547605515,0.02360519766807556,hidden_breakaway_pin,0,-1,-1,,nan,nan,nan,0.14882540702819824,0.0,0.02366170845925808,nan,nan,nan,phase3_12c_matched_reset_no_phase4_no_cps
ddpm_mean,0,free,312003,phase312_seed_block,3,5,0.0,0.0,0.0,0,0.0,0.04049621894955635,0.04417361691594124,0.019101399928331375,hidden_high_friction,0,-1,-1,,nan,nan,nan,0.1925780326128006,0.0,0.013439630158245564,nan,nan,nan,phase3_12c_matched_reset_no_phase4_no_cps
ddpm_mean,0,free,312003,phase312_seed_block,3,6,0.0,0.0,0.0,0,0.0,0.040194980800151825,0.04579220339655876,0.023489156737923622,hidden_breakaway_pin,0,-1,-1,,nan,nan,nan,0.10751917213201523,0.0,0.02490164525806904,nan,nan,nan,phase3_12c_matched_reset_no_phase4_no_cps
ddpm_mean,0,free,312003,phase312_seed_block,3,7,0.0,0.0,0.0,0,0.0,0.034426115453243256,0.056538403034210205,0.02696670964360237,hidden_high_friction,0,-1,-1,,nan,nan,nan,0.19805505871772766,0.0,0.04142925515770912,nan,nan,nan,phase3_12c_matched_reset_no_phase4_no_cps
ddpm_mean,0,free,312003,phase312_seed_block,3,8,0.0,0.0,0.0,0,0.0,0.03458883613348007,0.059619706124067307,0.028706833720207214,hidden_high_friction,0,-1,-1,,nan,nan,nan,0.13137079775333405,0.0,0.04035506770014763,nan,nan,nan,phase3_12c_matched_reset_no_phase4_no_cps
ddpm_mean,0,free,312003,phase312_seed_block,3,9,0.0,0.0,0.0,0,0.0,0.03474707901477814,0.05895845964550972,0.030388804152607918,hidden_breakaway_pin,0,-1,-1,,nan,nan,nan,0.16765514016151428,0.0,0.036695465445518494,nan,nan,nan,phase3_12c_matched_reset_no_phase4_no_cps
ddpm_mean,0,free,312003,phase312_seed_block,3,10,0.0,0.0,0.0,0,0.0,0.040128499269485474,0.04223332181572914,0.019391557201743126,hidden_high_friction,0,-1,-1,,nan,nan,nan,0.27052783966064453,0.0,0.036000560969114304,nan,nan,nan,phase3_12c_matched_reset_no_phase4_no_cps
ddpm_mean,0,free,312003,phase312_seed_block,3,11,0.0,0.0,0.0,0,0.0,0.03958873823285103,0.04563112556934357,0.02380817010998726,hidden_breakaway_pin,0,-1,-1,,nan,nan,nan,0.1788429319858551,0.0,0.024688394740223885,nan,nan,nan,phase3_12c_matched_reset_no_phase4_no_cps
ddpm_mean,0,free,312003,phase312_seed_block,3,12,0.0,0.0,0.0,0,0.0,0.04016038030385971,0.04372876137495041,0.022891266271471977,hidden_breakaway_pin,0,-1,-1,,nan,nan,nan,0.1566971093416214,0.0,0.008872944861650467,nan,nan,nan,phase3_12c_matched_reset_no_phase4_no_cps
ddpm_mean,0,free,312003,phase312_seed_block,3,13,0.0,0.0,0.0,0,0.0,0.04083705320954323,0.038429852575063705,0.01735600456595421,hidden_high_friction,0,-1,-1,,nan,nan,nan,0.1757296472787857,0.0,0.0034255539067089558,nan,nan,nan,phase3_12c_matched_reset_no_phase4_no_cps
ddpm_mean,0,free,312003,phase312_seed_block,3,14,0.0,0.0,0.0,0,0.0,0.04034304991364479,0.04437093809247017,0.019455578178167343,hidden_high_friction,0,-1,-1,,nan,nan,nan,0.17262348532676697,0.0,0.011620978824794292,nan,nan,nan,phase3_12c_matched_reset_no_phase4_no_cps
ddpm_mean,0,free,312003,phase312_seed_block,3,15,0.0,0.0,0.0,0,0.0,0.040451452136039734,0.04514405131340027,0.019800296053290367,hidden_high_friction,0,-1,-1,,nan,nan,nan,0.12316080182790756,0.0,0.00857666227966547,nan,nan,nan,phase3_12c_matched_reset_no_phase4_no_cps
ddpm_mean,0,free,312500,phase312b_seed_block,4,0,0.0,0.0,0.0,0,0.0,0.039818670600652695,0.0446319542825222,0.023351874202489853,hidden_breakaway_pin,0,-1,-1,,nan,nan,nan,0.5717630386352539,0.0,0.3245285451412201,nan,nan,nan,phase3_12c_matched_reset_no_phase4_no_cps
ddpm_mean,0,free,312500,phase312b_seed_block,4,1,0.0,0.0,0.0,0,0.0,0.040001463145017624,0.04311571270227432,0.022545550018548965,hidden_breakaway_pin,0,-1,-1,,nan,nan,nan,0.4406028985977173,0.0,0.2437964826822281,nan,nan,nan,phase3_12c_matched_reset_no_phase4_no_cps
ddpm_mean,0,free,312500,phase312b_seed_block,4,2,0.0,0.0,0.0,0,0.0,0.03988521546125412,0.043761905282735825,0.018977250903844833,hidden_high_friction,0,-1,-1,,nan,nan,nan,0.5706472992897034,0.0,0.16892161965370178,nan,nan,nan,phase3_12c_matched_reset_no_phase4_no_cps
ddpm_mean,0,free,312500,phase312b_seed_block,4,3,0.0,0.0,0.0,0,0.0,0.04043932631611824,0.042357832193374634,0.017291903495788574,hidden_high_friction,0,-1,-1,,nan,nan,nan,0.43849462270736694,0.0,0.14444580674171448,nan,nan,nan,phase3_12c_matched_reset_no_phase4_no_cps
ddpm_mean,0,free,312500,phase312b_seed_block,4,4,0.0,0.0,0.0,0,0.0,0.03995263949036598,0.04247669875621796,0.018830515444278717,hidden_high_friction,0,-1,-1,,nan,nan,nan,0.2833468019962311,0.0,0.10026200115680695,nan,nan,nan,phase3_12c_matched_reset_no_phase4_no_cps
ddpm_mean,0,free,312500,phase312b_seed_block,4,5,0.0,0.0,0.0,0,0.0,0.040765803307294846,0.04419943317770958,0.019023921340703964,hidden_high_friction,0,-1,-1,,nan,nan,nan,0.31541356444358826,0.0,0.07359570264816284,nan,nan,nan,phase3_12c_matched_reset_no_phase4_no_cps
ddpm_mean,0,free,312500,phase312b_seed_block,4,6,0.0,0.0,0.0,0,0.0,0.039623260498046875,0.045961905270814896,0.019800659269094467,hidden_high_friction,0,-1,-1,,nan,nan,nan,0.20445029437541962,0.0,0.05212573707103729,nan,nan,nan,phase3_12c_matched_reset_no_phase4_no_cps
ddpm_mean,0,free,312500,phase312b_seed_block,4,7,0.0,0.0,0.0,0,0.0,0.039847735315561295,0.03983816131949425,0.01794534921646118,hidden_high_friction,0,-1,-1,,nan,nan,nan,0.2365625649690628,0.0,0.04687999561429024,nan,nan,nan,phase3_12c_matched_reset_no_phase4_no_cps
ddpm_mean,0,free,312500,phase312b_seed_block,4,8,0.0,0.0,0.0,0,0.0,0.039738815277814865,0.044705651700496674,0.02316833846271038,hidden_breakaway_pin,0,-1,-1,,nan,nan,nan,0.20980407297611237,0.0,0.0448254719376564,nan,nan,nan,phase3_12c_matched_reset_no_phase4_no_cps
ddpm_mean,0,free,312500,phase312b_seed_block,4,9,0.0,0.0,0.0,0,0.0,0.03894968330860138,0.046573519706726074,0.021362626925110817,hidden_high_friction,0,-1,-1,,nan,nan,nan,0.256808340549469,0.0,0.05670470371842384,nan,nan,nan,phase3_12c_matched_reset_no_phase4_no_cps
ddpm_mean,0,free,312500,phase312b_seed_block,4,10,0.0,0.0,0.0,0,0.0,0.0389317087829113,0.04934750497341156,0.024948682636022568,hidden_breakaway_pin,0,-1,-1,,nan,nan,nan,0.2823089063167572,0.0,0.05648881569504738,nan,nan,nan,phase3_12c_matched_reset_no_phase4_no_cps
ddpm_mean,0,free,312500,phase312b_seed_block,4,11,0.0,0.0,0.0,0,0.0,0.03752046823501587,0.049445539712905884,0.02321280725300312,hidden_high_friction,0,-1,-1,,nan,nan,nan,0.1835951954126358,0.0,0.05647160857915878,nan,nan,nan,phase3_12c_matched_reset_no_phase4_no_cps
ddpm_mean,0,free,312500,phase312b_seed_block,4,12,0.0,0.0,0.0,0,0.0,0.03818377107381821,0.048344776034355164,0.022604720667004585,hidden_high_friction,0,-1,-1,,nan,nan,nan,0.1807776242494583,0.0,0.01566794328391552,nan,nan,nan,phase3_12c_matched_reset_no_phase4_no_cps
ddpm_mean,0,free,312500,phase312b_seed_block,4,13,0.0,0.0,0.0,0,0.0,0.03785320743918419,0.04893333837389946,0.022345973178744316,hidden_high_friction,0,-1,-1,,nan,nan,nan,0.19058069586753845,0.0,0.00728082749992609,nan,nan,nan,phase3_12c_matched_reset_no_phase4_no_cps
ddpm_mean,0,free,312500,phase312b_seed_block,4,14,0.0,0.0,0.0,0,0.0,0.03935185819864273,0.04599244147539139,0.020443910732865334,hidden_high_friction,0,-1,-1,,nan,nan,nan,0.19123981893062592,0.0,0.047755829989910126,nan,nan,nan,phase3_12c_matched_reset_no_phase4_no_cps
ddpm_mean,0,free,312500,phase312b_seed_block,4,15,0.0,0.0,0.0,0,0.0,0.03899025544524193,0.047263141721487045,0.021164894104003906,hidden_high_friction,0,-1,-1,,nan,nan,nan,0.20331278443336487,0.0,0.03531484678387642,nan,nan,nan,phase3_12c_matched_reset_no_phase4_no_cps
ddpm_mean,0,free,312501,phase312b_seed_block,5,0,0.0,0.0,0.0,0,0.0,0.03906053677201271,0.044690780341625214,0.021008014678955078,hidden_high_friction,0,-1,-1,,nan,nan,nan,0.5999113917350769,0.0,0.21524083614349365,nan,nan,nan,phase3_12c_matched_reset_no_phase4_no_cps
ddpm_mean,0,free,312501,phase312b_seed_block,5,1,0.0,0.0,0.0,0,0.0,0.03909244388341904,0.04462868720293045,0.020557695999741554,hidden_high_friction,0,-1,-1,,nan,nan,nan,0.4556887149810791,0.0,0.1927625685930252,nan,nan,nan,phase3_12c_matched_reset_no_phase4_no_cps
ddpm_mean,0,free,312501,phase312b_seed_block,5,2,0.0,0.0,0.0,0,0.0,0.03970109298825264,0.044005125761032104,0.01846712827682495,hidden_high_friction,0,-1,-1,,nan,nan,nan,0.5169550180435181,0.0,0.18577076494693756,nan,nan,nan,phase3_12c_matched_reset_no_phase4_no_cps
ddpm_mean,0,free,312501,phase312b_seed_block,5,3,0.0,0.0,0.0,0,0.0,0.0387524776160717,0.04616166651248932,0.020916955545544624,hidden_high_friction,0,-1,-1,,nan,nan,nan,0.5033432245254517,0.0,0.24069608747959137,nan,nan,nan,phase3_12c_matched_reset_no_phase4_no_cps
ddpm_mean,0,free,312501,phase312b_seed_block,5,4,0.0,0.0,0.0,0,0.0,0.040445320308208466,0.04495016857981682,0.019460469484329224,hidden_high_friction,0,-1,-1,,nan,nan,nan,0.45359838008880615,0.0,0.2159593403339386,nan,nan,nan,phase3_12c_matched_reset_no_phase4_no_cps
ddpm_mean,0,free,312501,phase312b_seed_block,5,5,0.0,0.0,0.0,0,0.0,0.039470553398132324,0.04733030125498772,0.021822748705744743,hidden_high_friction,0,-1,-1,,nan,nan,nan,0.4411851167678833,0.0,0.21339210867881775,nan,nan,nan,phase3_12c_matched_reset_no_phase4_no_cps
ddpm_mean,0,free,312501,phase312b_seed_block,5,6,0.0,0.0,0.0,0,0.0,0.03969597443938255,0.04181457683444023,0.018775198608636856,hidden_high_friction,0,-1,-1,,nan,nan,nan,0.4616479277610779,0.0,0.21734711527824402,nan,nan,nan,phase3_12c_matched_reset_no_phase4_no_cps
ddpm_mean,0,free,312501,phase312b_seed_block,5,7,0.0,0.0,0.0,0,0.0,0.03915034234523773,0.04803943634033203,0.024437861517071724,hidden_breakaway_pin,0,-1,-1,,nan,nan,nan,0.49408018589019775,0.0,0.2118021845817566,nan,nan,nan,phase3_12c_matched_reset_no_phase4_no_cps
ddpm_mean,0,free,312501,phase312b_seed_block,5,8,0.0,0.0,0.0,0,0.0,0.039999328553676605,0.044178277254104614,0.01942429319024086,hidden_high_friction,0,-1,-1,,nan,nan,nan,0.505591869354248,0.0,0.21838094294071198,nan,nan,nan,phase3_12c_matched_reset_no_phase4_no_cps
ddpm_mean,0,free,312501,phase312b_seed_block,5,9,0.0,0.0,0.0,0,0.0,0.04019932821393013,0.043843455612659454,0.02306339144706726,hidden_breakaway_pin,0,-1,-1,,nan,nan,nan,0.4825506806373596,0.0,0.21652831137180328,nan,nan,nan,phase3_12c_matched_reset_no_phase4_no_cps
ddpm_mean,0,free,312501,phase312b_seed_block,5,10,0.0,0.0,0.0,0,0.0,0.039512183517217636,0.04603176563978195,0.020624060183763504,hidden_high_friction,0,-1,-1,,nan,nan,nan,0.4494006335735321,0.0,0.22661635279655457,nan,nan,nan,phase3_12c_matched_reset_no_phase4_no_cps
ddpm_mean,0,free,312501,phase312b_seed_block,5,11,0.0,0.0,0.0,0,0.0,0.04049256071448326,0.045418985188007355,0.023075425997376442,hidden_breakaway_pin,0,-1,-1,,nan,nan,nan,0.4857829809188843,0.0,0.21585418283939362,nan,nan,nan,phase3_12c_matched_reset_no_phase4_no_cps
ddpm_mean,0,free,312501,phase312b_seed_block,5,12,0.0,0.0,0.0,0,0.0,0.04006053879857063,0.04161999002099037,0.018231527879834175,hidden_high_friction,0,-1,-1,,nan,nan,nan,0.4374649226665497,0.0,0.2155381292104721,nan,nan,nan,phase3_12c_matched_reset_no_phase4_no_cps
ddpm_mean,0,free,312501,phase312b_seed_block,5,13,0.0,0.0,0.0,0,0.0,0.039835963398218155,0.04546540975570679,0.023007091134786606,hidden_breakaway_pin,0,-1,-1,,nan,nan,nan,0.49194958806037903,0.0,0.20302042365074158,nan,nan,nan,phase3_12c_matched_reset_no_phase4_no_cps
ddpm_mean,0,free,312501,phase312b_seed_block,5,14,0.0,0.0,0.0,0,0.0,0.03989129513502121,0.04543120786547661,0.023675180971622467,hidden_breakaway_pin,0,-1,-1,,nan,nan,nan,0.45731255412101746,0.0,0.2152860313653946,nan,nan,nan,phase3_12c_matched_reset_no_phase4_no_cps
ddpm_mean,0,free,312501,phase312b_seed_block,5,15,0.0,0.0,0.0,0,0.0,0.03946227952837944,0.04569587484002113,0.019778864458203316,hidden_high_friction,0,-1,-1,,nan,nan,nan,0.46390390396118164,0.0,0.21808414161205292,nan,nan,nan,phase3_12c_matched_reset_no_phase4_no_cps
ddpm_mean,0,free,312502,phase312b_seed_block,6,0,0.0,0.0,0.0,0,0.0,0.038705307990312576,0.04791326820850372,0.025325126945972443,hidden_breakaway_pin,0,-1,-1,,nan,nan,nan,0.4875403344631195,0.0,0.2944793403148651,nan,nan,nan,phase3_12c_matched_reset_no_phase4_no_cps
ddpm_mean,0,free,312502,phase312b_seed_block,6,1,0.0,0.0,0.0,0,0.0,0.03940839692950249,0.04693213850259781,0.020252680405974388,hidden_high_friction,0,-1,-1,,nan,nan,nan,0.26005908846855164,0.0,0.12159382551908493,nan,nan,nan,phase3_12c_matched_reset_no_phase4_no_cps
ddpm_mean,0,free,312502,phase312b_seed_block,6,2,0.0,0.0,0.0,0,0.0,0.03958917781710625,0.04356708005070686,0.019809221848845482,hidden_high_friction,0,-1,-1,,nan,nan,nan,0.14134103059768677,0.0,0.07389052212238312,nan,nan,nan,phase3_12c_matched_reset_no_phase4_no_cps
ddpm_mean,0,free,312502,phase312b_seed_block,6,3,0.0,0.0,0.0,0,0.0,0.04081130400300026,0.04420837014913559,0.019142139703035355,hidden_high_friction,0,-1,-1,,nan,nan,nan,0.18656812608242035,0.0,0.050833676010370255,nan,nan,nan,phase3_12c_matched_reset_no_phase4_no_cps
ddpm_mean,0,free,312502,phase312b_seed_block,6,4,0.0,0.0,0.0,0,0.0,0.039110761135816574,0.04787052422761917,0.02473805658519268,hidden_breakaway_pin,0,-1,-1,,nan,nan,nan,0.2451355904340744,0.0,0.04705940559506416,nan,nan,nan,phase3_12c_matched_reset_no_phase4_no_cps
ddpm_mean,0,free,312502,phase312b_seed_block,6,5,0.0,0.0,0.0,0,0.0,0.03902499005198479,0.043892811983823776,0.02002616971731186,hidden_high_friction,0,-1,-1,,nan,nan,nan,0.270415723323822,0.0,0.038109492510557175,nan,nan,nan,phase3_12c_matched_reset_no_phase4_no_cps
ddpm_mean,0,free,312502,phase312b_seed_block,6,6,0.0,0.0,0.0,0,0.0,0.037457019090652466,0.05162511393427849,0.02288069762289524,hidden_high_friction,0,-1,-1,,nan,nan,nan,0.16552495956420898,0.0,0.01722104847431183,nan,nan,nan,phase3_12c_matched_reset_no_phase4_no_cps
ddpm_mean,0,free,312502,phase312b_seed_block,6,7,0.0,0.0,0.0,0,0.0,0.03813203051686287,0.050139978528022766,0.022377530112862587,hidden_high_friction,0,-1,-1,,nan,nan,nan,0.17869731783866882,0.0,0.007723269052803516,nan,nan,nan,phase3_12c_matched_reset_no_phase4_no_cps
ddpm_mean,0,free,312502,phase312b_seed_block,6,8,0.0,0.0,0.0,0,0.0,0.03819388896226883,0.05021924152970314,0.026689397171139717,hidden_breakaway_pin,0,-1,-1,,nan,nan,nan,0.18506482243537903,0.0,0.009490719065070152,nan,nan,nan,phase3_12c_matched_reset_no_phase4_no_cps
ddpm_mean,0,free,312502,phase312b_seed_block,6,9,0.0,0.0,0.0,0,0.0,0.03893670812249184,0.04651150852441788,0.020770451053977013,hidden_high_friction,0,-1,-1,,nan,nan,nan,0.11902603507041931,0.0,0.01809895969927311,nan,nan,nan,phase3_12c_matched_reset_no_phase4_no_cps
ddpm_mean,0,free,312502,phase312b_seed_block,6,10,0.0,0.0,0.0,0,0.0,0.03990967944264412,0.046418655663728714,0.02416296675801277,hidden_breakaway_pin,0,-1,-1,,nan,nan,nan,0.15987476706504822,0.0,0.018780402839183807,nan,nan,nan,phase3_12c_matched_reset_no_phase4_no_cps
ddpm_mean,0,free,312502,phase312b_seed_block,6,11,0.0,0.0,0.0,0,0.0,0.03994518518447876,0.04117327928543091,0.017795227468013763,hidden_high_friction,0,-1,-1,,nan,nan,nan,0.17120786011219025,0.0,0.01717115379869938,nan,nan,nan,phase3_12c_matched_reset_no_phase4_no_cps
ddpm_mean,0,free,312502,phase312b_seed_block,6,12,0.0,0.0,0.0,0,0.0,0.0400826558470726,0.04405802860856056,0.02232992649078369,hidden_breakaway_pin,0,-1,-1,,nan,nan,nan,0.22408995032310486,0.0,0.023520812392234802,nan,nan,nan,phase3_12c_matched_reset_no_phase4_no_cps
ddpm_mean,0,free,312502,phase312b_seed_block,6,13,0.0,0.0,0.0,0,0.0,0.0404711477458477,0.04145663231611252,0.017945049330592155,hidden_high_friction,0,-1,-1,,nan,nan,nan,0.21445979177951813,0.0,0.008407523855566978,nan,nan,nan,phase3_12c_matched_reset_no_phase4_no_cps
ddpm_mean,0,free,312502,phase312b_seed_block,6,14,0.0,0.0,0.0,0,0.0,0.040146276354789734,0.04258710518479347,0.018596801906824112,hidden_high_friction,0,-1,-1,,nan,nan,nan,0.1599823385477066,0.0,0.009741573594510555,nan,nan,nan,phase3_12c_matched_reset_no_phase4_no_cps
ddpm_mean,0,free,312502,phase312b_seed_block,6,15,0.0,0.0,0.0,0,0.0,0.040323998779058456,0.0439642071723938,0.018831145018339157,hidden_high_friction,0,-1,-1,,nan,nan,nan,0.21383695304393768,0.0,0.017552081495523453,nan,nan,nan,phase3_12c_matched_reset_no_phase4_no_cps
ddpm_mean,0,free,312503,phase312b_seed_block,7,0,0.0,0.0,0.0,0,0.0,0.040349554270505905,0.04251457750797272,0.01791214384138584,hidden_high_friction,0,-1,-1,,nan,nan,nan,0.42942577600479126,0.0,0.29786261916160583,nan,nan,nan,phase3_12c_matched_reset_no_phase4_no_cps
ddpm_mean,0,free,312503,phase312b_seed_block,7,1,0.0,0.0,0.0,0,0.0,0.03957926481962204,0.04249792546033859,0.019313054159283638,hidden_high_friction,0,-1,-1,,nan,nan,nan,0.2732568681240082,0.0,0.1330888718366623,nan,nan,nan,phase3_12c_matched_reset_no_phase4_no_cps
ddpm_mean,0,free,312503,phase312b_seed_block,7,2,0.0,0.0,0.0,0,0.0,0.04053620621562004,0.0442332960665226,0.019306300207972527,hidden_high_friction,0,-1,-1,,nan,nan,nan,0.24805143475532532,0.0,0.09945327788591385,nan,nan,nan,phase3_12c_matched_reset_no_phase4_no_cps
ddpm_mean,0,free,312503,phase312b_seed_block,7,3,0.0,0.0,0.0,0,0.0,0.03968021646142006,0.045661136507987976,0.020109955221414566,hidden_high_friction,0,-1,-1,,nan,nan,nan,0.2459365725517273,0.0,0.08189515024423599,nan,nan,nan,phase3_12c_matched_reset_no_phase4_no_cps
ddpm_mean,0,free,312503,phase312b_seed_block,7,4,0.0,0.0,0.0,0,0.0,0.03986175358295441,0.040130533277988434,0.018279898911714554,hidden_high_friction,0,-1,-1,,nan,nan,nan,0.27819040417671204,0.0,0.10499811172485352,nan,nan,nan,phase3_12c_matched_reset_no_phase4_no_cps
ddpm_mean,0,free,312503,phase312b_seed_block,7,5,0.0,0.0,0.0,0,0.0,0.03970836475491524,0.045125629752874374,0.01996593177318573,hidden_high_friction,0,-1,-1,,nan,nan,nan,0.2038431167602539,0.0,0.05986543372273445,nan,nan,nan,phase3_12c_matched_reset_no_phase4_no_cps
ddpm_mean,0,free,312503,phase312b_seed_block,7,6,0.0,0.0,0.0,0,0.0,0.04043383151292801,0.04186404123902321,0.018517130985856056,hidden_high_friction,0,-1,-1,,nan,nan,nan,0.2220672219991684,0.0,0.042465176433324814,nan,nan,nan,phase3_12c_matched_reset_no_phase4_no_cps
ddpm_mean,0,free,312503,phase312b_seed_block,7,7,0.0,0.0,0.0,0,0.0,0.040687814354896545,0.04206131398677826,0.022030530497431755,hidden_breakaway_pin,0,-1,-1,,nan,nan,nan,0.1918233036994934,0.0,0.05065712705254555,nan,nan,nan,phase3_12c_matched_reset_no_phase4_no_cps
ddpm_mean,0,free,312503,phase312b_seed_block,7,8,0.0,0.0,0.0,0,0.0,0.04023788496851921,0.041977409273386,0.0187090914696455,hidden_high_friction,0,-1,-1,,nan,nan,nan,0.20055367052555084,0.0,0.033238206058740616,nan,nan,nan,phase3_12c_matched_reset_no_phase4_no_cps
ddpm_mean,0,free,312503,phase312b_seed_block,7,9,0.0,0.0,0.0,0,0.0,0.04061630740761757,0.04377491772174835,0.02286367677152157,hidden_breakaway_pin,0,-1,-1,,nan,nan,nan,0.18769216537475586,0.0,0.0457773320376873,nan,nan,nan,phase3_12c_matched_reset_no_phase4_no_cps
ddpm_mean,0,free,312503,phase312b_seed_block,7,10,0.0,0.0,0.0,0,0.0,0.0403311550617218,0.039904795587062836,0.017767440527677536,hidden_high_friction,0,-1,-1,,nan,nan,nan,0.18952682614326477,0.0,0.03256179764866829,nan,nan,nan,phase3_12c_matched_reset_no_phase4_no_cps
ddpm_mean,0,free,312503,phase312b_seed_block,7,11,0.0,0.0,0.0,0,0.0,0.04004804417490959,0.04335670545697212,0.018660131841897964,hidden_high_friction,0,-1,-1,,nan,nan,nan,0.19088859856128693,0.0,0.0646628737449646,nan,nan,nan,phase3_12c_matched_reset_no_phase4_no_cps
ddpm_mean,0,free,312503,phase312b_seed_block,7,12,0.0,0.0,0.0,0,0.0,0.040255356580019,0.042035896331071854,0.018498515710234642,hidden_high_friction,0,-1,-1,,nan,nan,nan,0.2074984610080719,0.0,0.039263393729925156,nan,nan,nan,phase3_12c_matched_reset_no_phase4_no_cps
ddpm_mean,0,free,312503,phase312b_seed_block,7,13,0.0,0.0,0.0,0,0.0,0.0399777926504612,0.04262179136276245,0.01908586360514164,hidden_high_friction,0,-1,-1,,nan,nan,nan,0.19053217768669128,0.0,0.01932903379201889,nan,nan,nan,phase3_12c_matched_reset_no_phase4_no_cps
ddpm_mean,0,free,312503,phase312b_seed_block,7,14,0.0,0.0,0.0,0,0.0,0.0404091514647007,0.0434965081512928,0.018676917999982834,hidden_high_friction,0,-1,-1,,nan,nan,nan,0.19131365418434143,0.0,0.04712206870317459,nan,nan,nan,phase3_12c_matched_reset_no_phase4_no_cps
ddpm_mean,0,free,312503,phase312b_seed_block,7,15,0.0,0.0,0.0,0,0.0,0.04016321524977684,0.04538615792989731,0.023932160809636116,hidden_breakaway_pin,0,-1,-1,,nan,nan,nan,0.16710549592971802,0.0,0.05647778511047363,nan,nan,nan,phase3_12c_matched_reset_no_phase4_no_cps
ddpm_mean,0,hidden_breakaway_pin,312000,phase312_seed_block,0,0,0.20833333333333334,0.5,0.29166666666666663,0,0.29166666666666663,0.03968871384859085,0.04243301600217819,0.01882202737033367,hidden_high_friction,0,-1,-1,,nan,nan,nan,0.4540320038795471,0.0,0.2462887167930603,nan,nan,nan,phase3_12c_matched_reset_no_phase4_no_cps
ddpm_mean,0,hidden_breakaway_pin,312000,phase312_seed_block,0,1,0.5,0.5,0.0,0,0.0,0.036707788705825806,0.050297245383262634,0.02392641082406044,hidden_high_friction,0,-1,-1,,nan,nan,nan,0.35607287287712097,0.0,0.12423525750637054,nan,nan,nan,phase3_12c_matched_reset_no_phase4_no_cps
ddpm_mean,0,hidden_breakaway_pin,312000,phase312_seed_block,0,2,0.5,0.5,0.0,0,0.0,0.03713776543736458,0.0527661070227623,0.023628193885087967,hidden_high_friction,0,-1,-1,,nan,nan,nan,0.293280690908432,0.0,0.08024158328771591,nan,nan,nan,phase3_12c_matched_reset_no_phase4_no_cps
ddpm_mean,0,hidden_breakaway_pin,312000,phase312_seed_block,0,3,0.5,0.125,-0.375,0,-0.375,0.036801937967538834,0.05281022936105728,0.024373909458518028,hidden_breakaway_pin,1,-1,-1,,nan,nan,nan,0.19329026341438293,0.0,0.10206287354230881,nan,nan,nan,phase3_12c_matched_reset_no_phase4_no_cps
ddpm_mean,0,hidden_breakaway_pin,312000,phase312_seed_block,0,4,0.125,0.125,0.0,0,0.0,0.04044178128242493,0.04474758356809616,0.020060617476701736,free,0,-1,-1,,nan,nan,nan,0.34045419096946716,0.0,0.09984175860881805,nan,nan,nan,phase3_12c_matched_reset_no_phase4_no_cps
ddpm_mean,0,hidden_breakaway_pin,312000,phase312_seed_block,0,5,0.125,0.041666666666666664,-0.08333333333333334,0,-0.08333333333333334,0.040475066751241684,0.042170796543359756,0.019643284380435944,hidden_high_friction,0,-1,-1,,nan,nan,nan,0.24369192123413086,0.0,0.07969564944505692,nan,nan,nan,phase3_12c_matched_reset_no_phase4_no_cps
ddpm_mean,0,hidden_breakaway_pin,312000,phase312_seed_block,0,6,0.041666666666666664,0.041666666666666664,0.0,0,0.0,0.04031386971473694,0.04573401063680649,0.019705135375261307,hidden_high_friction,0,-1,-1,,nan,nan,nan,0.11826037615537643,0.0,0.020349400117993355,nan,nan,nan,phase3_12c_matched_reset_no_phase4_no_cps
ddpm_mean,0,hidden_breakaway_pin,312000,phase312_seed_block,0,7,0.041666666666666664,0.041666666666666664,0.0,0,0.0,0.03980974107980728,0.04505370184779167,0.023648494854569435,hidden_breakaway_pin,1,-1,-1,,nan,nan,nan,0.09143408387899399,0.0,0.024421485140919685,nan,nan,nan,phase3_12c_matched_reset_no_phase4_no_cps
ddpm_mean,0,hidden_breakaway_pin,312000,phase312_seed_block,0,8,0.041666666666666664,0.2916666666666667,0.25,0,0.25,0.03749193996191025,0.05066059157252312,0.022839561104774475,hidden_high_friction,0,-1,-1,,nan,nan,nan,0.20004558563232422,0.0,0.03752576932311058,nan,nan,nan,phase3_12c_matched_reset_no_phase4_no_cps
ddpm_mean,0,hidden_breakaway_pin,312000,phase312_seed_block,0,9,0.2916666666666667,0.2916666666666667,0.0,0,0.0,0.0372987724840641,0.05230874940752983,0.023005077615380287,hidden_high_friction,0,-1,-1,,nan,nan,nan,0.07802966982126236,0.0,0.015116781927645206,nan,nan,nan,phase3_12c_matched_reset_no_phase4_no_cps
ddpm_mean,0,hidden_breakaway_pin,312000,phase312_seed_block,0,10,0.2916666666666667,0.2916666666666667,0.0,0,0.0,0.0358273983001709,0.0567074716091156,0.02852032706141472,hidden_breakaway_pin,1,-1,-1,,nan,nan,nan,0.12872667610645294,0.0,0.06116776168346405,nan,nan,nan,phase3_12c_matched_reset_no_phase4_no_cps
ddpm_mean,0,hidden_breakaway_pin,312000,phase312_seed_block,0,11,0.2916666666666667,0.2916666666666667,0.0,0,0.0,0.039559587836265564,0.04612164944410324,0.019916096702218056,hidden_high_friction,0,-1,-1,,nan,nan,nan,0.17725211381912231,0.0,0.00923996139317751,nan,nan,nan,phase3_12c_matched_reset_no_phase4_no_cps
ddpm_mean,0,hidden_breakaway_pin,312000,phase312_seed_block,0,12,0.2916666666666667,0.2916666666666667,0.0,0,0.0,0.038869645446538925,0.04764048010110855,0.0247197262942791,hidden_breakaway_pin,1,-1,-1,,nan,nan,nan,0.1856153905391693,0.0,0.025433359667658806,nan,nan,nan,phase3_12c_matched_reset_no_phase4_no_cps
ddpm_mean,0,hidden_breakaway_pin,312000,phase312_seed_block,0,13,0.2916666666666667,0.2916666666666667,0.0,0,0.0,0.0398876816034317,0.04450782388448715,0.020273592323064804,hidden_high_friction,0,-1,-1,,nan,nan,nan,0.22304949164390564,0.0,0.017981940880417824,nan,nan,nan,phase3_12c_matched_reset_no_phase4_no_cps
ddpm_mean,0,hidden_breakaway_pin,312000,phase312_seed_block,0,14,0.2916666666666667,0.2916666666666667,0.0,0,0.0,0.039124418050050735,0.0459265410900116,0.020995566621422768,hidden_high_friction,0,-1,-1,,nan,nan,nan,0.19681990146636963,0.0,0.02505648136138916,nan,nan,nan,phase3_12c_matched_reset_no_phase4_no_cps
ddpm_mean,0,hidden_breakaway_pin,312000,phase312_seed_block,0,15,0.2916666666666667,0.2916666666666667,0.0,0,0.0,0.0398411750793457,0.045049674808979034,0.023801760748028755,hidden_breakaway_pin,1,-1,-1,,nan,nan,nan,0.08538717776536942,0.0,0.022656423971056938,nan,nan,nan,phase3_12c_matched_reset_no_phase4_no_cps
ddpm_mean,0,hidden_breakaway_pin,312001,phase312_seed_block,1,0,0.0,0.0,0.0,0,0.0,0.040069904178380966,0.04119833558797836,0.018504127860069275,hidden_high_friction,0,-1,-1,,nan,nan,nan,0.5673896074295044,0.0,0.4271649718284607,nan,nan,nan,phase3_12c_matched_reset_no_phase4_no_cps
ddpm_mean,0,hidden_breakaway_pin,312001,phase312_seed_block,1,1,0.0,0.0,0.0,0,0.0,0.03990770876407623,0.04356151446700096,0.02337791956961155,hidden_breakaway_pin,1,-1,-1,,nan,nan,nan,0.6977838277816772,0.0,0.32235848903656006,nan,nan,nan,phase3_12c_matched_reset_no_phase4_no_cps
ddpm_mean,0,hidden_breakaway_pin,312001,phase312_seed_block,1,2,0.0,0.0,0.0,0,0.0,0.040025439113378525,0.04470881074666977,0.023486163467168808,hidden_breakaway_pin,1,-1,-1,,nan,nan,nan,0.5178164839744568,0.0,0.2105870395898819,nan,nan,nan,phase3_12c_matched_reset_no_phase4_no_cps
ddpm_mean,0,hidden_breakaway_pin,312001,phase312_seed_block,1,3,0.0,0.0,0.0,0,0.0,0.04004020243883133,0.04611154645681381,0.020596662536263466,free,0,-1,-1,,nan,nan,nan,0.5902687907218933,0.0,0.1238243356347084,nan,nan,nan,phase3_12c_matched_reset_no_phase4_no_cps
ddpm_mean,0,hidden_breakaway_pin,312001,phase312_seed_block,1,4,0.0,0.0,0.0,0,0.0,0.04001716151833534,0.043534357100725174,0.02030079811811447,hidden_high_friction,0,-1,-1,,nan,nan,nan,0.5761976838111877,0.0,0.16753725707530975,nan,nan,nan,phase3_12c_matched_reset_no_phase4_no_cps
ddpm_mean,0,hidden_breakaway_pin,312001,phase312_seed_block,1,5,0.0,0.0,0.0,0,0.0,0.040123894810676575,0.04618241637945175,0.0241903904825449,hidden_breakaway_pin,1,-1,-1,,nan,nan,nan,0.6086353063583374,0.0,0.18076373636722565,nan,nan,nan,phase3_12c_matched_reset_no_phase4_no_cps
ddpm_mean,0,hidden_breakaway_pin,312001,phase312_seed_block,1,6,0.0,0.0,0.0,0,0.0,0.03946434333920479,0.04517943039536476,0.02396535500884056,hidden_breakaway_pin,1,-1,-1,,nan,nan,nan,0.5115313529968262,0.0,0.1932518184185028,nan,nan,nan,phase3_12c_matched_reset_no_phase4_no_cps
ddpm_mean,0,hidden_breakaway_pin,312001,phase312_seed_block,1,7,0.0,0.0,0.0,0,0.0,0.04026952013373375,0.04503586143255234,0.019571298733353615,hidden_high_friction,0,-1,-1,,nan,nan,nan,0.5565248727798462,0.0,0.1957051008939743,nan,nan,nan,phase3_12c_matched_reset_no_phase4_no_cps
ddpm_mean,0,hidden_breakaway_pin,312001,phase312_seed_block,1,8,0.0,0.0,0.0,0,0.0,0.03987983241677284,0.04661162570118904,0.024697195738554,hidden_breakaway_pin,1,-1,-1,,nan,nan,nan,0.5272923111915588,0.0,0.18414898216724396,nan,nan,nan,phase3_12c_matched_reset_no_phase4_no_cps
ddpm_mean,0,hidden_breakaway_pin,312001,phase312_seed_block,1,9,0.0,0.0,0.0,0,0.0,0.039838217198848724,0.0429716594517231,0.018208248540759087,hidden_high_friction,0,-1,-1,,nan,nan,nan,0.5829883217811584,0.0,0.17549173533916473,nan,nan,nan,phase3_12c_matched_reset_no_phase4_no_cps
ddpm_mean,0,hidden_breakaway_pin,312001,phase312_seed_block,1,10,0.0,0.0,0.0,0,0.0,0.04009297862648964,0.04299275577068329,0.018526388332247734,hidden_high_friction,0,-1,-1,,nan,nan,nan,0.5609992742538452,0.0,0.18911387026309967,nan,nan,nan,phase3_12c_matched_reset_no_phase4_no_cps
ddpm_mean,0,hidden_breakaway_pin,312001,phase312_seed_block,1,11,0.0,0.0,0.0,0,0.0,0.039664216339588165,0.044727616012096405,0.02303282357752323,hidden_breakaway_pin,1,-1,-1,,nan,nan,nan,0.5610227584838867,0.0,0.17864830791950226,nan,nan,nan,phase3_12c_matched_reset_no_phase4_no_cps
ddpm_mean,0,hidden_breakaway_pin,312001,phase312_seed_block,1,12,0.0,0.0,0.0,0,0.0,0.04010159522294998,0.043765272945165634,0.019645916298031807,hidden_high_friction,0,-1,-1,,nan,nan,nan,0.5725777745246887,0.0,0.19684897363185883,nan,nan,nan,phase3_12c_matched_reset_no_phase4_no_cps
ddpm_mean,0,hidden_breakaway_pin,312001,phase312_seed_block,1,13,0.0,0.0,0.0,0,0.0,0.03927971050143242,0.04459315165877342,0.020586447790265083,hidden_high_friction,0,-1,-1,,nan,nan,nan,0.5646101236343384,0.0,0.20490147173404694,nan,nan,nan,phase3_12c_matched_reset_no_phase4_no_cps
ddpm_mean,0,hidden_breakaway_pin,312001,phase312_seed_block,1,14,0.0,0.0,0.0,0,0.0,0.04002142325043678,0.04371689632534981,0.023196397349238396,hidden_breakaway_pin,1,-1,-1,,nan,nan,nan,0.5655211806297302,0.0,0.16796451807022095,nan,nan,nan,phase3_12c_matched_reset_no_phase4_no_cps
ddpm_mean,0,hidden_breakaway_pin,312001,phase312_seed_block,1,15,0.0,0.0,0.0,0,0.0,0.04067089408636093,0.04067228361964226,0.017760010436177254,hidden_high_friction,0,-1,-1,,nan,nan,nan,0.540940523147583,0.0,0.17368702590465546,nan,nan,nan,phase3_12c_matched_reset_no_phase4_no_cps
ddpm_mean,0,hidden_breakaway_pin,312002,phase312_seed_block,2,0,0.0,0.0,0.0,0,0.0,0.04013146832585335,0.04315715283155441,0.02315017580986023,hidden_breakaway_pin,1,-1,-1,,nan,nan,nan,0.3712078630924225,0.0,0.19370144605636597,nan,nan,nan,phase3_12c_matched_reset_no_phase4_no_cps
ddpm_mean,0,hidden_breakaway_pin,312002,phase312_seed_block,2,1,0.0,0.0,0.0,0,0.0,0.019663721323013306,0.08618495613336563,0.042036134749650955,hidden_high_friction,0,-1,-1,,nan,nan,nan,0.400675505399704,0.0,0.25810977816581726,nan,nan,nan,phase3_12c_matched_reset_no_phase4_no_cps
ddpm_mean,0,hidden_breakaway_pin,312002,phase312_seed_block,2,2,0.0,0.08333333333333333,0.08333333333333333,0,0.08333333333333333,0.023009508848190308,0.08394509553909302,0.04111366346478462,hidden_high_friction,0,-1,-1,,nan,nan,nan,0.3973919749259949,0.0,0.14613878726959229,nan,nan,nan,phase3_12c_matched_reset_no_phase4_no_cps
ddpm_mean,0,hidden_breakaway_pin,312002,phase312_seed_block,2,3,0.08333333333333333,0.08333333333333333,0.0,0,0.0,0.023587170988321304,0.08294061571359634,0.04144693911075592,hidden_high_friction,0,-1,-1,,nan,nan,nan,0.31815579533576965,0.0,0.16719387471675873,nan,nan,nan,phase3_12c_matched_reset_no_phase4_no_cps
ddpm_mean,0,hidden_breakaway_pin,312002,phase312_seed_block,2,4,0.08333333333333333,0.0,-0.08333333333333333,0,-0.08333333333333333,0.04030807688832283,0.046343814581632614,0.024007098749279976,hidden_breakaway_pin,1,-1,-1,,nan,nan,nan,0.23765571415424347,0.0,0.1008162871003151,nan,nan,nan,phase3_12c_matched_reset_no_phase4_no_cps
ddpm_mean,0,hidden_breakaway_pin,312002,phase312_seed_block,2,5,0.0,0.0,0.0,0,0.0,0.03956262022256851,0.04562370851635933,0.02363090217113495,hidden_breakaway_pin,1,-1,-1,,nan,nan,nan,0.2690339982509613,0.0,0.041288603097200394,nan,nan,nan,phase3_12c_matched_reset_no_phase4_no_cps
ddpm_mean,0,hidden_breakaway_pin,312002,phase312_seed_block,2,6,0.0,0.0,0.0,0,0.0,0.040598347783088684,0.041987016797065735,0.018330223858356476,hidden_high_friction,0,-1,-1,,nan,nan,nan,0.21538755297660828,0.0,0.007804918568581343,nan,nan,nan,phase3_12c_matched_reset_no_phase4_no_cps
ddpm_mean,0,hidden_breakaway_pin,312002,phase312_seed_block,2,7,0.0,0.0,0.0,0,0.0,0.03983800858259201,0.04583461955189705,0.020850611850619316,hidden_high_friction,0,-1,-1,,nan,nan,nan,0.20285305380821228,0.0,0.025466671213507652,nan,nan,nan,phase3_12c_matched_reset_no_phase4_no_cps
ddpm_mean,0,hidden_breakaway_pin,312002,phase312_seed_block,2,8,0.0,0.0,0.0,0,0.0,0.040252093225717545,0.040216315537691116,0.017226316034793854,hidden_high_friction,0,-1,-1,,nan,nan,nan,0.14512203633785248,0.0,0.004884094465523958,nan,nan,nan,phase3_12c_matched_reset_no_phase4_no_cps
ddpm_mean,0,hidden_breakaway_pin,312002,phase312_seed_block,2,9,0.0,0.0,0.0,0,0.0,0.04042021557688713,0.04040629044175148,0.017860809341073036,hidden_high_friction,0,-1,-1,,nan,nan,nan,0.19280101358890533,0.0,0.015548177063465118,nan,nan,nan,phase3_12c_matched_reset_no_phase4_no_cps
ddpm_mean,0,hidden_breakaway_pin,312002,phase312_seed_block,2,10,0.0,0.0,0.0,0,0.0,0.039967093616724014,0.04328855127096176,0.019354302436113358,hidden_high_friction,0,-1,-1,,nan,nan,nan,0.16364458203315735,0.0,0.010440738871693611,nan,nan,nan,phase3_12c_matched_reset_no_phase4_no_cps
ddpm_mean,0,hidden_breakaway_pin,312002,phase312_seed_block,2,11,0.0,0.0,0.0,0,0.0,0.03975112363696098,0.04238136112689972,0.01984727941453457,hidden_high_friction,0,-1,-1,,nan,nan,nan,0.21040935814380646,0.0,0.008618279360234737,nan,nan,nan,phase3_12c_matched_reset_no_phase4_no_cps
ddpm_mean,0,hidden_breakaway_pin,312002,phase312_seed_block,2,12,0.0,0.0,0.0,0,0.0,0.03915918245911598,0.045639023184776306,0.02047562785446644,hidden_high_friction,0,-1,-1,,nan,nan,nan,0.15116380155086517,0.0,0.03464372828602791,nan,nan,nan,phase3_12c_matched_reset_no_phase4_no_cps
ddpm_mean,0,hidden_breakaway_pin,312002,phase312_seed_block,2,13,0.0,0.0,0.0,0,0.0,0.04012005776166916,0.044181209057569504,0.023203210905194283,hidden_breakaway_pin,1,-1,-1,,nan,nan,nan,0.1547338217496872,0.0,0.027756385505199432,nan,nan,nan,phase3_12c_matched_reset_no_phase4_no_cps
ddpm_mean,0,hidden_breakaway_pin,312002,phase312_seed_block,2,14,0.0,0.0,0.0,0,0.0,0.0404021181166172,0.0392012745141983,0.017569730058312416,hidden_high_friction,0,-1,-1,,nan,nan,nan,0.21981219947338104,0.0,0.03400946408510208,nan,nan,nan,phase3_12c_matched_reset_no_phase4_no_cps
ddpm_mean,0,hidden_breakaway_pin,312002,phase312_seed_block,2,15,0.0,0.0,0.0,0,0.0,0.039926450699567795,0.04608007147908211,0.020615212619304657,hidden_high_friction,0,-1,-1,,nan,nan,nan,0.21674314141273499,0.0,0.03593483194708824,nan,nan,nan,phase3_12c_matched_reset_no_phase4_no_cps
ddpm_mean,0,hidden_breakaway_pin,312003,phase312_seed_block,3,0,0.0,0.0,0.0,0,0.0,0.04006844758987427,0.04508934170007706,0.02356557548046112,hidden_breakaway_pin,1,-1,-1,,nan,nan,nan,0.6532330513000488,0.0,0.45434948801994324,nan,nan,nan,phase3_12c_matched_reset_no_phase4_no_cps
ddpm_mean,0,hidden_breakaway_pin,312003,phase312_seed_block,3,1,0.0,0.0,0.0,0,0.0,0.02991452068090439,0.07080874592065811,0.03373389691114426,free,0,-1,-1,,nan,nan,nan,0.5434794425964355,0.0,0.2134919911623001,nan,nan,nan,phase3_12c_matched_reset_no_phase4_no_cps
ddpm_mean,0,hidden_breakaway_pin,312003,phase312_seed_block,3,2,0.0,0.0,0.0,0,0.0,0.03326624259352684,0.0613815039396286,0.02911212109029293,free,0,-1,-1,,nan,nan,nan,0.4330796003341675,0.0,0.11472304910421371,nan,nan,nan,phase3_12c_matched_reset_no_phase4_no_cps
ddpm_mean,0,hidden_breakaway_pin,312003,phase312_seed_block,3,3,0.0,0.0,0.0,0,0.0,0.03229212760925293,0.06347957253456116,0.029888654127717018,hidden_high_friction,0,-1,-1,,nan,nan,nan,0.26915913820266724,0.0,0.06900155544281006,nan,nan,nan,phase3_12c_matched_reset_no_phase4_no_cps
ddpm_mean,0,hidden_breakaway_pin,312003,phase312_seed_block,3,4,0.0,0.0,0.0,0,0.0,0.039661116898059845,0.04493347555398941,0.02348555251955986,hidden_breakaway_pin,1,-1,-1,,nan,nan,nan,0.12338647991418839,0.0,0.03464287519454956,nan,nan,nan,phase3_12c_matched_reset_no_phase4_no_cps
ddpm_mean,0,hidden_breakaway_pin,312003,phase312_seed_block,3,5,0.0,0.0,0.0,0,0.0,0.040594782680273056,0.04402638599276543,0.019204156473279,hidden_high_friction,0,-1,-1,,nan,nan,nan,0.18825818598270416,0.0,0.009747673757374287,nan,nan,nan,phase3_12c_matched_reset_no_phase4_no_cps
ddpm_mean,0,hidden_breakaway_pin,312003,phase312_seed_block,3,6,0.0,0.0,0.0,0,0.0,0.04025837406516075,0.04556804150342941,0.02340569719672203,hidden_breakaway_pin,1,-1,-1,,nan,nan,nan,0.10661745071411133,0.0,0.01231013610959053,nan,nan,nan,phase3_12c_matched_reset_no_phase4_no_cps
ddpm_mean,0,hidden_breakaway_pin,312003,phase312_seed_block,3,7,0.0,0.0,0.0,0,0.0,0.04019886627793312,0.04098938778042793,0.01771778054535389,hidden_high_friction,0,-1,-1,,nan,nan,nan,0.17292281985282898,0.0,0.028994137421250343,nan,nan,nan,phase3_12c_matched_reset_no_phase4_no_cps
ddpm_mean,0,hidden_breakaway_pin,312003,phase312_seed_block,3,8,0.0,0.0,0.0,0,0.0,0.04012347385287285,0.0423000231385231,0.018376683816313744,hidden_high_friction,0,-1,-1,,nan,nan,nan,0.1455143839120865,0.0,0.01840890757739544,nan,nan,nan,phase3_12c_matched_reset_no_phase4_no_cps
ddpm_mean,0,hidden_breakaway_pin,312003,phase312_seed_block,3,9,0.0,0.0,0.0,0,0.0,0.039541665464639664,0.04611328989267349,0.020707998424768448,hidden_high_friction,0,-1,-1,,nan,nan,nan,0.10254056751728058,0.0,0.0213461983948946,nan,nan,nan,phase3_12c_matched_reset_no_phase4_no_cps
ddpm_mean,0,hidden_breakaway_pin,312003,phase312_seed_block,3,10,0.0,0.0,0.0,0,0.0,0.03938581049442291,0.045889656990766525,0.02038879320025444,hidden_high_friction,0,-1,-1,,nan,nan,nan,0.17543239891529083,0.0,0.016395870596170425,nan,nan,nan,phase3_12c_matched_reset_no_phase4_no_cps
ddpm_mean,0,hidden_breakaway_pin,312003,phase312_seed_block,3,11,0.0,0.0,0.0,0,0.0,0.039372384548187256,0.04443212226033211,0.02020312286913395,hidden_high_friction,0,-1,-1,,nan,nan,nan,0.15094728767871857,0.0,0.028975382447242737,nan,nan,nan,phase3_12c_matched_reset_no_phase4_no_cps
ddpm_mean,0,hidden_breakaway_pin,312003,phase312_seed_block,3,12,0.0,0.0,0.0,0,0.0,0.03970464691519737,0.04524102434515953,0.02336975745856762,hidden_breakaway_pin,1,-1,-1,,nan,nan,nan,0.12261492758989334,0.0,0.011325214989483356,nan,nan,nan,phase3_12c_matched_reset_no_phase4_no_cps
ddpm_mean,0,hidden_breakaway_pin,312003,phase312_seed_block,3,13,0.0,0.0,0.0,0,0.0,0.040740784257650375,0.03956955298781395,0.017557663843035698,hidden_high_friction,0,-1,-1,,nan,nan,nan,0.12283655256032944,0.0,0.010522343218326569,nan,nan,nan,phase3_12c_matched_reset_no_phase4_no_cps
ddpm_mean,0,hidden_breakaway_pin,312003,phase312_seed_block,3,14,0.0,0.0,0.0,0,0.0,0.04029617831110954,0.04480409622192383,0.019822880625724792,hidden_high_friction,0,-1,-1,,nan,nan,nan,0.15899048745632172,0.0,0.022149330005049706,nan,nan,nan,phase3_12c_matched_reset_no_phase4_no_cps
ddpm_mean,0,hidden_breakaway_pin,312003,phase312_seed_block,3,15,0.0,0.0,0.0,0,0.0,0.04019612818956375,0.0454273521900177,0.019529201090335846,hidden_high_friction,0,-1,-1,,nan,nan,nan,0.13551636040210724,0.0,0.03618009015917778,nan,nan,nan,phase3_12c_matched_reset_no_phase4_no_cps
ddpm_mean,0,hidden_breakaway_pin,312500,phase312b_seed_block,4,0,0.0,0.0,0.0,0,0.0,0.03970431536436081,0.04583119601011276,0.023315392434597015,hidden_breakaway_pin,1,-1,-1,,nan,nan,nan,0.5186418890953064,0.0,0.2953585982322693,nan,nan,nan,phase3_12c_matched_reset_no_phase4_no_cps
ddpm_mean,0,hidden_breakaway_pin,312500,phase312b_seed_block,4,1,0.0,0.0,0.0,0,0.0,0.040034662932157516,0.0436471588909626,0.022332480177283287,hidden_breakaway_pin,1,-1,-1,,nan,nan,nan,0.4265384376049042,0.0,0.2272607982158661,nan,nan,nan,phase3_12c_matched_reset_no_phase4_no_cps
ddpm_mean,0,hidden_breakaway_pin,312500,phase312b_seed_block,4,2,0.0,0.0,0.0,0,0.0,0.026126138865947723,0.07669510692358017,0.036941833794116974,hidden_high_friction,0,-1,-1,,nan,nan,nan,0.7442553043365479,0.0,0.20599250495433807,nan,nan,nan,phase3_12c_matched_reset_no_phase4_no_cps
ddpm_mean,0,hidden_breakaway_pin,312500,phase312b_seed_block,4,3,0.0,0.0,0.0,0,0.0,0.028982996940612793,0.06794004887342453,0.0329664871096611,hidden_high_friction,0,-1,-1,,nan,nan,nan,0.3107382655143738,0.0,0.07851003110408783,nan,nan,nan,phase3_12c_matched_reset_no_phase4_no_cps
ddpm_mean,0,hidden_breakaway_pin,312500,phase312b_seed_block,4,4,0.0,0.0,0.0,0,0.0,0.02989131771028042,0.06705714017152786,0.03368764370679855,hidden_high_friction,0,-1,-1,,nan,nan,nan,0.32060351967811584,0.0,0.02883940190076828,nan,nan,nan,phase3_12c_matched_reset_no_phase4_no_cps
ddpm_mean,0,hidden_breakaway_pin,312500,phase312b_seed_block,4,5,0.0,0.0,0.0,0,0.0,0.04097850248217583,0.043873727321624756,0.01893317699432373,hidden_high_friction,0,-1,-1,,nan,nan,nan,0.14906705915927887,0.0,0.026865413412451744,nan,nan,nan,phase3_12c_matched_reset_no_phase4_no_cps
ddpm_mean,0,hidden_breakaway_pin,312500,phase312b_seed_block,4,6,0.0,0.0,0.0,0,0.0,0.03990470618009567,0.04495801404118538,0.0195521991699934,hidden_high_friction,0,-1,-1,,nan,nan,nan,0.129063218832016,0.0,0.03056134097278118,nan,nan,nan,phase3_12c_matched_reset_no_phase4_no_cps
ddpm_mean,0,hidden_breakaway_pin,312500,phase312b_seed_block,4,7,0.0,0.0,0.0,0,0.0,0.039747122675180435,0.040817052125930786,0.01847541704773903,hidden_high_friction,0,-1,-1,,nan,nan,nan,0.1528300940990448,0.0,0.0335012711584568,nan,nan,nan,phase3_12c_matched_reset_no_phase4_no_cps
ddpm_mean,0,hidden_breakaway_pin,312500,phase312b_seed_block,4,8,0.0,0.0,0.0,0,0.0,0.03978469967842102,0.044784318655729294,0.019545847550034523,hidden_high_friction,0,-1,-1,,nan,nan,nan,0.16083364188671112,0.0,0.05296291038393974,nan,nan,nan,phase3_12c_matched_reset_no_phase4_no_cps
ddpm_mean,0,hidden_breakaway_pin,312500,phase312b_seed_block,4,9,0.0,0.0,0.0,0,0.0,0.04005831107497215,0.04391292482614517,0.019207635894417763,hidden_high_friction,0,-1,-1,,nan,nan,nan,0.13591983914375305,0.0,0.04869699850678444,nan,nan,nan,phase3_12c_matched_reset_no_phase4_no_cps
ddpm_mean,0,hidden_breakaway_pin,312500,phase312b_seed_block,4,10,0.0,0.0,0.0,0,0.0,0.040449079126119614,0.04284903407096863,0.01885531097650528,hidden_high_friction,0,-1,-1,,nan,nan,nan,0.13378028571605682,0.0,0.03921697661280632,nan,nan,nan,phase3_12c_matched_reset_no_phase4_no_cps
ddpm_mean,0,hidden_breakaway_pin,312500,phase312b_seed_block,4,11,0.0,0.0,0.0,0,0.0,0.04013758525252342,0.04253910109400749,0.019078167155385017,hidden_high_friction,0,-1,-1,,nan,nan,nan,0.1042514517903328,0.0,0.019264746457338333,nan,nan,nan,phase3_12c_matched_reset_no_phase4_no_cps
ddpm_mean,0,hidden_breakaway_pin,312500,phase312b_seed_block,4,12,0.0,0.0,0.0,0,0.0,0.04062383994460106,0.04366423562169075,0.022928467020392418,hidden_breakaway_pin,1,-1,-1,,nan,nan,nan,0.10646325349807739,0.0,0.015542890876531601,nan,nan,nan,phase3_12c_matched_reset_no_phase4_no_cps
ddpm_mean,0,hidden_breakaway_pin,312500,phase312b_seed_block,4,13,0.0,0.0,0.0,0,0.0,0.04027435928583145,0.04044955223798752,0.017857229337096214,hidden_high_friction,0,-1,-1,,nan,nan,nan,0.11493567377328873,0.0,0.02259947545826435,nan,nan,nan,phase3_12c_matched_reset_no_phase4_no_cps
ddpm_mean,0,hidden_breakaway_pin,312500,phase312b_seed_block,4,14,0.0,0.0,0.0,0,0.0,0.04028867930173874,0.042891763150691986,0.01830144040286541,hidden_high_friction,0,-1,-1,,nan,nan,nan,0.17758019268512726,0.0,0.039339058101177216,nan,nan,nan,phase3_12c_matched_reset_no_phase4_no_cps
ddpm_mean,0,hidden_breakaway_pin,312500,phase312b_seed_block,4,15,0.0,0.0,0.0,0,0.0,0.04047618806362152,0.04183211550116539,0.018000269308686256,hidden_high_friction,0,-1,-1,,nan,nan,nan,0.0947834774851799,0.0,0.013604915700852871,nan,nan,nan,phase3_12c_matched_reset_no_phase4_no_cps
ddpm_mean,0,hidden_breakaway_pin,312501,phase312b_seed_block,5,0,0.0,0.0,0.0,0,0.0,0.040132924914360046,0.04321485012769699,0.019341910257935524,hidden_high_friction,0,-1,-1,,nan,nan,nan,0.49787867069244385,0.0,0.22961238026618958,nan,nan,nan,phase3_12c_matched_reset_no_phase4_no_cps
ddpm_mean,0,hidden_breakaway_pin,312501,phase312b_seed_block,5,1,0.0,0.0,0.0,0,0.0,0.040079131722450256,0.04259027913212776,0.01856904849410057,hidden_high_friction,0,-1,-1,,nan,nan,nan,0.38736242055892944,0.0,0.18476502597332,nan,nan,nan,phase3_12c_matched_reset_no_phase4_no_cps
ddpm_mean,0,hidden_breakaway_pin,312501,phase312b_seed_block,5,2,0.0,0.0,0.0,0,0.0,0.04018521308898926,0.04205922409892082,0.017958421260118484,hidden_high_friction,0,-1,-1,,nan,nan,nan,0.4655822813510895,0.0,0.1841822862625122,nan,nan,nan,phase3_12c_matched_reset_no_phase4_no_cps
ddpm_mean,0,hidden_breakaway_pin,312501,phase312b_seed_block,5,3,0.0,0.0,0.0,0,0.0,0.039615996181964874,0.0434814877808094,0.01971573382616043,hidden_high_friction,0,-1,-1,,nan,nan,nan,0.4904680848121643,0.0,0.23164905607700348,nan,nan,nan,phase3_12c_matched_reset_no_phase4_no_cps
ddpm_mean,0,hidden_breakaway_pin,312501,phase312b_seed_block,5,4,0.0,0.0,0.0,0,0.0,0.040384892374277115,0.04557894915342331,0.019587142392992973,hidden_high_friction,0,-1,-1,,nan,nan,nan,0.46541863679885864,0.0,0.22758744657039642,nan,nan,nan,phase3_12c_matched_reset_no_phase4_no_cps
ddpm_mean,0,hidden_breakaway_pin,312501,phase312b_seed_block,5,5,0.0,0.0,0.0,0,0.0,0.03962795063853264,0.04543907940387726,0.021102827042341232,hidden_high_friction,0,-1,-1,,nan,nan,nan,0.4419776201248169,0.0,0.2285759598016739,nan,nan,nan,phase3_12c_matched_reset_no_phase4_no_cps
ddpm_mean,0,hidden_breakaway_pin,312501,phase312b_seed_block,5,6,0.0,0.0,0.0,0,0.0,0.039929866790771484,0.041592516005039215,0.018903061747550964,hidden_high_friction,0,-1,-1,,nan,nan,nan,0.4628479480743408,0.0,0.2310405820608139,nan,nan,nan,phase3_12c_matched_reset_no_phase4_no_cps
ddpm_mean,0,hidden_breakaway_pin,312501,phase312b_seed_block,5,7,0.0,0.0,0.0,0,0.0,0.039963752031326294,0.04551094025373459,0.02375309355556965,hidden_breakaway_pin,1,-1,-1,,nan,nan,nan,0.4634475111961365,0.0,0.20773370563983917,nan,nan,nan,phase3_12c_matched_reset_no_phase4_no_cps
ddpm_mean,0,hidden_breakaway_pin,312501,phase312b_seed_block,5,8,0.0,0.0,0.0,0,0.0,0.0405520536005497,0.043530289083719254,0.01878690905869007,hidden_high_friction,0,-1,-1,,nan,nan,nan,0.48024043440818787,0.0,0.21166247129440308,nan,nan,nan,phase3_12c_matched_reset_no_phase4_no_cps
ddpm_mean,0,hidden_breakaway_pin,312501,phase312b_seed_block,5,9,0.0,0.0,0.0,0,0.0,0.04048949480056763,0.04327477142214775,0.022921336814761162,hidden_breakaway_pin,1,-1,-1,,nan,nan,nan,0.49525851011276245,0.0,0.20823955535888672,nan,nan,nan,phase3_12c_matched_reset_no_phase4_no_cps
ddpm_mean,0,hidden_breakaway_pin,312501,phase312b_seed_block,5,10,0.0,0.0,0.0,0,0.0,0.03963224217295647,0.04545880854129791,0.020105086266994476,hidden_high_friction,0,-1,-1,,nan,nan,nan,0.44481563568115234,0.0,0.22265024483203888,nan,nan,nan,phase3_12c_matched_reset_no_phase4_no_cps
ddpm_mean,0,hidden_breakaway_pin,312501,phase312b_seed_block,5,11,0.0,0.0,0.0,0,0.0,0.04022065922617912,0.045015107840299606,0.023409543558955193,hidden_breakaway_pin,1,-1,-1,,nan,nan,nan,0.468199759721756,0.0,0.20199599862098694,nan,nan,nan,phase3_12c_matched_reset_no_phase4_no_cps
ddpm_mean,0,hidden_breakaway_pin,312501,phase312b_seed_block,5,12,0.0,0.0,0.0,0,0.0,0.040105197578668594,0.04186990484595299,0.01881559193134308,hidden_high_friction,0,-1,-1,,nan,nan,nan,0.44976165890693665,0.0,0.2090405523777008,nan,nan,nan,phase3_12c_matched_reset_no_phase4_no_cps
ddpm_mean,0,hidden_breakaway_pin,312501,phase312b_seed_block,5,13,0.0,0.0,0.0,0,0.0,0.03994844853878021,0.04486532509326935,0.02285424992442131,hidden_breakaway_pin,1,-1,-1,,nan,nan,nan,0.5156896710395813,0.0,0.20553675293922424,nan,nan,nan,phase3_12c_matched_reset_no_phase4_no_cps
ddpm_mean,0,hidden_breakaway_pin,312501,phase312b_seed_block,5,14,0.0,0.0,0.0,0,0.0,0.04013053700327873,0.04369876906275749,0.022749846801161766,hidden_breakaway_pin,1,-1,-1,,nan,nan,nan,0.512432336807251,0.0,0.21088698506355286,nan,nan,nan,phase3_12c_matched_reset_no_phase4_no_cps
ddpm_mean,0,hidden_breakaway_pin,312501,phase312b_seed_block,5,15,0.0,0.0,0.0,0,0.0,0.03998473659157753,0.045773983001708984,0.02388150617480278,hidden_breakaway_pin,1,-1,-1,,nan,nan,nan,0.4981801509857178,0.0,0.21002846956253052,nan,nan,nan,phase3_12c_matched_reset_no_phase4_no_cps
ddpm_mean,0,hidden_breakaway_pin,312502,phase312b_seed_block,6,0,0.0,0.0,0.0,0,0.0,0.03996087610721588,0.043024979531764984,0.018636198714375496,hidden_high_friction,0,-1,-1,,nan,nan,nan,0.42883795499801636,0.0,0.3301371932029724,nan,nan,nan,phase3_12c_matched_reset_no_phase4_no_cps
ddpm_mean,0,hidden_breakaway_pin,312502,phase312b_seed_block,6,1,0.0,0.0,0.0,0,0.0,0.04025503620505333,0.042720526456832886,0.018006548285484314,hidden_high_friction,0,-1,-1,,nan,nan,nan,0.3548181354999542,0.0,0.2512621283531189,nan,nan,nan,phase3_12c_matched_reset_no_phase4_no_cps
ddpm_mean,0,hidden_breakaway_pin,312502,phase312b_seed_block,6,2,0.0,0.0,0.0,0,0.0,0.03989386931061745,0.041683346033096313,0.01900367997586727,hidden_high_friction,0,-1,-1,,nan,nan,nan,0.3620309829711914,0.0,0.15974366664886475,nan,nan,nan,phase3_12c_matched_reset_no_phase4_no_cps
ddpm_mean,0,hidden_breakaway_pin,312502,phase312b_seed_block,6,3,0.0,0.0,0.0,0,0.0,0.04046335443854332,0.04579901695251465,0.019518647342920303,hidden_high_friction,0,-1,-1,,nan,nan,nan,0.27138325572013855,0.0,0.12605902552604675,nan,nan,nan,phase3_12c_matched_reset_no_phase4_no_cps
ddpm_mean,0,hidden_breakaway_pin,312502,phase312b_seed_block,6,4,0.0,0.0,0.0,0,0.0,0.03966424614191055,0.046253252774477005,0.021528875455260277,hidden_high_friction,0,-1,-1,,nan,nan,nan,0.27779871225357056,0.0,0.16984041035175323,nan,nan,nan,phase3_12c_matched_reset_no_phase4_no_cps
ddpm_mean,0,hidden_breakaway_pin,312502,phase312b_seed_block,6,5,0.0,0.0,0.0,0,0.0,0.03994050994515419,0.04163719341158867,0.018728269264101982,hidden_high_friction,0,-1,-1,,nan,nan,nan,0.32585448026657104,0.0,0.19441252946853638,nan,nan,nan,phase3_12c_matched_reset_no_phase4_no_cps
ddpm_mean,0,hidden_breakaway_pin,312502,phase312b_seed_block,6,6,0.0,0.0,0.0,0,0.0,0.03973102569580078,0.045980505645275116,0.024101462215185165,hidden_breakaway_pin,1,-1,-1,,nan,nan,nan,0.34385618567466736,0.0,0.14472027122974396,nan,nan,nan,phase3_12c_matched_reset_no_phase4_no_cps
ddpm_mean,0,hidden_breakaway_pin,312502,phase312b_seed_block,6,7,0.0,0.0,0.0,0,0.0,0.04021873325109482,0.044768765568733215,0.019194988533854485,hidden_high_friction,0,-1,-1,,nan,nan,nan,0.31860408186912537,0.0,0.15141017735004425,nan,nan,nan,phase3_12c_matched_reset_no_phase4_no_cps
ddpm_mean,0,hidden_breakaway_pin,312502,phase312b_seed_block,6,8,0.0,0.0,0.0,0,0.0,0.04038029536604881,0.04315823316574097,0.022805415093898773,hidden_breakaway_pin,1,-1,-1,,nan,nan,nan,0.29888513684272766,0.0,0.15547335147857666,nan,nan,nan,phase3_12c_matched_reset_no_phase4_no_cps
ddpm_mean,0,hidden_breakaway_pin,312502,phase312b_seed_block,6,9,0.0,0.0,0.0,0,0.0,0.03934384137392044,0.0453605055809021,0.020200049504637718,hidden_high_friction,0,-1,-1,,nan,nan,nan,0.3373388946056366,0.0,0.19970759749412537,nan,nan,nan,phase3_12c_matched_reset_no_phase4_no_cps
ddpm_mean,0,hidden_breakaway_pin,312502,phase312b_seed_block,6,10,0.0,0.0,0.0,0,0.0,0.04000421240925789,0.04602370411157608,0.024193590506911278,hidden_breakaway_pin,1,-1,-1,,nan,nan,nan,0.3203991651535034,0.0,0.15850722789764404,nan,nan,nan,phase3_12c_matched_reset_no_phase4_no_cps
ddpm_mean,0,hidden_breakaway_pin,312502,phase312b_seed_block,6,11,0.0,0.0,0.0,0,0.0,0.03957486152648926,0.04655218869447708,0.020067675039172173,hidden_high_friction,0,-1,-1,,nan,nan,nan,0.3535875678062439,0.0,0.14261481165885925,nan,nan,nan,phase3_12c_matched_reset_no_phase4_no_cps
ddpm_mean,0,hidden_breakaway_pin,312502,phase312b_seed_block,6,12,0.0,0.0,0.0,0,0.0,0.039799004793167114,0.044790055602788925,0.023257456719875336,hidden_breakaway_pin,1,-1,-1,,nan,nan,nan,0.39551597833633423,0.0,0.14551101624965668,nan,nan,nan,phase3_12c_matched_reset_no_phase4_no_cps
ddpm_mean,0,hidden_breakaway_pin,312502,phase312b_seed_block,6,13,0.0,0.0,0.0,0,0.0,0.040133122354745865,0.04383212327957153,0.022823968902230263,hidden_breakaway_pin,1,-1,-1,,nan,nan,nan,0.3039790987968445,0.0,0.13861650228500366,nan,nan,nan,phase3_12c_matched_reset_no_phase4_no_cps
ddpm_mean,0,hidden_breakaway_pin,312502,phase312b_seed_block,6,14,0.0,0.0,0.0,0,0.0,0.03994658961892128,0.04514732584357262,0.019779235124588013,hidden_high_friction,0,-1,-1,,nan,nan,nan,0.35705339908599854,0.0,0.15553097426891327,nan,nan,nan,phase3_12c_matched_reset_no_phase4_no_cps
ddpm_mean,0,hidden_breakaway_pin,312502,phase312b_seed_block,6,15,0.0,0.0,0.0,0,0.0,0.0402643047273159,0.046210113912820816,0.019669517874717712,hidden_high_friction,0,-1,-1,,nan,nan,nan,0.2894057035446167,0.0,0.16756363213062286,nan,nan,nan,phase3_12c_matched_reset_no_phase4_no_cps
ddpm_mean,0,hidden_breakaway_pin,312503,phase312b_seed_block,7,0,0.0,0.0,0.0,0,0.0,0.03983435407280922,0.043668780475854874,0.018980983644723892,hidden_high_friction,0,-1,-1,,nan,nan,nan,0.3956049084663391,0.0,0.2877013087272644,nan,nan,nan,phase3_12c_matched_reset_no_phase4_no_cps
ddpm_mean,0,hidden_breakaway_pin,312503,phase312b_seed_block,7,1,0.0,0.0,0.0,0,0.0,0.034965116530656815,0.0544339157640934,0.0264587439596653,hidden_high_friction,0,-1,-1,,nan,nan,nan,0.40408143401145935,0.0,0.19865171611309052,nan,nan,nan,phase3_12c_matched_reset_no_phase4_no_cps
ddpm_mean,0,hidden_breakaway_pin,312503,phase312b_seed_block,7,2,0.0,0.0,0.0,0,0.0,0.03620415925979614,0.05786158889532089,0.029851246625185013,hidden_breakaway_pin,1,-1,-1,,nan,nan,nan,0.37071382999420166,0.0,0.08943714201450348,nan,nan,nan,phase3_12c_matched_reset_no_phase4_no_cps
ddpm_mean,0,hidden_breakaway_pin,312503,phase312b_seed_block,7,3,0.0,0.0,0.0,0,0.0,0.036875925958156586,0.05430297181010246,0.02502971887588501,hidden_high_friction,0,-1,-1,,nan,nan,nan,0.2842194437980652,0.0,0.05137423053383827,nan,nan,nan,phase3_12c_matched_reset_no_phase4_no_cps
ddpm_mean,0,hidden_breakaway_pin,312503,phase312b_seed_block,7,4,0.0,0.0,0.0,0,0.0,0.04012187570333481,0.04002498835325241,0.01796933263540268,hidden_high_friction,0,-1,-1,,nan,nan,nan,0.23050127923488617,0.0,0.026403944939374924,nan,nan,nan,phase3_12c_matched_reset_no_phase4_no_cps
ddpm_mean,0,hidden_breakaway_pin,312503,phase312b_seed_block,7,5,0.0,0.0,0.0,0,0.0,0.02187504805624485,0.08627796918153763,0.043791741132736206,hidden_breakaway_pin,1,-1,-1,,nan,nan,nan,0.27985644340515137,0.0,0.04510192573070526,nan,nan,nan,phase3_12c_matched_reset_no_phase4_no_cps
ddpm_mean,0,hidden_breakaway_pin,312503,phase312b_seed_block,7,6,0.0,0.0,0.0,0,0.0,0.018974145874381065,0.08931001275777817,0.04491826519370079,hidden_high_friction,0,-1,-1,,nan,nan,nan,0.3760785758495331,0.0,0.0632978230714798,nan,nan,nan,phase3_12c_matched_reset_no_phase4_no_cps
ddpm_mean,0,hidden_breakaway_pin,312503,phase312b_seed_block,7,7,0.0,0.0,0.0,0,0.0,0.01909298449754715,0.08739910274744034,0.04379238560795784,hidden_breakaway_pin,1,-1,-1,,nan,nan,nan,0.270940899848938,0.0,0.06371458619832993,nan,nan,nan,phase3_12c_matched_reset_no_phase4_no_cps
ddpm_mean,0,hidden_breakaway_pin,312503,phase312b_seed_block,7,8,0.0,0.0,0.0,0,0.0,0.040016092360019684,0.044093526899814606,0.019594036042690277,hidden_high_friction,0,-1,-1,,nan,nan,nan,0.14631424844264984,0.0,0.009956495836377144,nan,nan,nan,phase3_12c_matched_reset_no_phase4_no_cps
ddpm_mean,0,hidden_breakaway_pin,312503,phase312b_seed_block,7,9,0.0,0.0,0.0,0,0.0,0.04060016945004463,0.044056762009859085,0.023096561431884766,hidden_breakaway_pin,1,-1,-1,,nan,nan,nan,0.1324574053287506,0.0,0.005255416035652161,nan,nan,nan,phase3_12c_matched_reset_no_phase4_no_cps
ddpm_mean,0,hidden_breakaway_pin,312503,phase312b_seed_block,7,10,0.0,0.0,0.0,0,0.0,0.03997431695461273,0.041764773428440094,0.018388526514172554,hidden_high_friction,0,-1,-1,,nan,nan,nan,0.15049146115779877,0.0,0.019276127219200134,nan,nan,nan,phase3_12c_matched_reset_no_phase4_no_cps
ddpm_mean,0,hidden_breakaway_pin,312503,phase312b_seed_block,7,11,0.0,0.0,0.0,0,0.0,0.03996375575661659,0.045297738164663315,0.023239361122250557,hidden_breakaway_pin,1,-1,-1,,nan,nan,nan,0.16975700855255127,0.0,0.029924117028713226,nan,nan,nan,phase3_12c_matched_reset_no_phase4_no_cps
ddpm_mean,0,hidden_breakaway_pin,312503,phase312b_seed_block,7,12,0.0,0.0,0.0,0,0.0,0.04035579413175583,0.04321957752108574,0.01878598891198635,hidden_high_friction,0,-1,-1,,nan,nan,nan,0.14250455796718597,0.0,0.01935669779777527,nan,nan,nan,phase3_12c_matched_reset_no_phase4_no_cps
ddpm_mean,0,hidden_breakaway_pin,312503,phase312b_seed_block,7,13,0.0,0.0,0.0,0,0.0,0.039985790848731995,0.044645555317401886,0.01960005611181259,hidden_high_friction,0,-1,-1,,nan,nan,nan,0.16311943531036377,0.0,0.022921200841665268,nan,nan,nan,phase3_12c_matched_reset_no_phase4_no_cps
ddpm_mean,0,hidden_breakaway_pin,312503,phase312b_seed_block,7,14,0.0,0.0,0.0,0,0.0,0.04024506360292435,0.0446157269179821,0.019190547987818718,hidden_high_friction,0,-1,-1,,nan,nan,nan,0.12929613888263702,0.0,0.018415391445159912,nan,nan,nan,phase3_12c_matched_reset_no_phase4_no_cps
ddpm_mean,0,hidden_breakaway_pin,312503,phase312b_seed_block,7,15,0.0,0.0,0.0,0,0.0,0.03981809318065643,0.047583576291799545,0.02484077587723732,hidden_breakaway_pin,1,-1,-1,,nan,nan,nan,0.1665465384721756,0.0,0.024853335693478584,nan,nan,nan,phase3_12c_matched_reset_no_phase4_no_cps
ddpm_mean,0,hidden_high_friction,312000,phase312_seed_block,0,0,0.2916666666666667,0.2916666666666667,0.0,0,0.0,0.03900878131389618,0.04509861394762993,0.020229076966643333,hidden_high_friction,1,-1,-1,,nan,nan,nan,0.49153634905815125,0.0,0.22603411972522736,nan,nan,nan,phase3_12c_matched_reset_no_phase4_no_cps
ddpm_mean,0,hidden_high_friction,312000,phase312_seed_block,0,1,0.2916666666666667,0.4166666666666667,0.125,0,0.125,0.03903931379318237,0.04549010470509529,0.020799700170755386,hidden_high_friction,1,-1,-1,,nan,nan,nan,0.4488743543624878,0.0,0.18996578454971313,nan,nan,nan,phase3_12c_matched_reset_no_phase4_no_cps
ddpm_mean,0,hidden_high_friction,312000,phase312_seed_block,0,2,0.4166666666666667,0.4166666666666667,0.0,0,0.0,0.03923110291361809,0.047131169587373734,0.024547835811972618,hidden_breakaway_pin,0,-1,-1,,nan,nan,nan,0.4742164611816406,0.0,0.17517146468162537,nan,nan,nan,phase3_12c_matched_reset_no_phase4_no_cps
ddpm_mean,0,hidden_high_friction,312000,phase312_seed_block,0,3,0.4166666666666667,0.4166666666666667,0.0,0,0.0,0.03953240066766739,0.04629006236791611,0.024348460137844086,hidden_breakaway_pin,0,-1,-1,,nan,nan,nan,0.6001411080360413,0.0,0.2008340209722519,nan,nan,nan,phase3_12c_matched_reset_no_phase4_no_cps
ddpm_mean,0,hidden_high_friction,312000,phase312_seed_block,0,4,0.4166666666666667,0.5416666666666666,0.12499999999999994,0,0.12499999999999994,0.04036487266421318,0.04507698491215706,0.019380444660782814,hidden_high_friction,1,-1,-1,,nan,nan,nan,0.34261035919189453,0.0,0.13145826756954193,nan,nan,nan,phase3_12c_matched_reset_no_phase4_no_cps
ddpm_mean,0,hidden_high_friction,312000,phase312_seed_block,0,5,0.5416666666666666,0.375,-0.16666666666666663,0,-0.16666666666666663,0.0381213054060936,0.04965634644031525,0.02273046039044857,hidden_high_friction,1,-1,-1,,nan,nan,nan,0.38004592061042786,0.0,0.13006463646888733,nan,nan,nan,phase3_12c_matched_reset_no_phase4_no_cps
ddpm_mean,0,hidden_high_friction,312000,phase312_seed_block,0,6,0.375,0.16666666666666666,-0.20833333333333334,0,-0.20833333333333334,0.03578220680356026,0.05787099152803421,0.026917297393083572,hidden_high_friction,1,-1,-1,,nan,nan,nan,0.2447028011083603,0.0,0.07877698540687561,nan,nan,nan,phase3_12c_matched_reset_no_phase4_no_cps
ddpm_mean,0,hidden_high_friction,312000,phase312_seed_block,0,7,0.16666666666666666,0.16666666666666666,0.0,0,0.0,0.031108111143112183,0.0659683495759964,0.03216948360204697,hidden_high_friction,1,-1,-1,,nan,nan,nan,0.2559362053871155,0.0,0.044897403568029404,nan,nan,nan,phase3_12c_matched_reset_no_phase4_no_cps
ddpm_mean,0,hidden_high_friction,312000,phase312_seed_block,0,8,0.16666666666666666,0.125,-0.04166666666666666,0,-0.04166666666666666,0.03160984814167023,0.0667990893125534,0.034115806221961975,hidden_breakaway_pin,0,-1,-1,,nan,nan,nan,0.2719464898109436,0.0,0.0797913670539856,nan,nan,nan,phase3_12c_matched_reset_no_phase4_no_cps
ddpm_mean,0,hidden_high_friction,312000,phase312_seed_block,0,9,0.125,0.125,0.0,0,0.0,0.02915496751666069,0.07115302234888077,0.0338241383433342,hidden_high_friction,1,-1,-1,,nan,nan,nan,0.12030291557312012,0.0,0.053597960621118546,nan,nan,nan,phase3_12c_matched_reset_no_phase4_no_cps
ddpm_mean,0,hidden_high_friction,312000,phase312_seed_block,0,10,0.125,0.125,0.0,0,0.0,0.03400401398539543,0.05351326987147331,0.024830585345625877,hidden_high_friction,1,-1,-1,,nan,nan,nan,0.2721734344959259,0.0,0.020633604377508163,nan,nan,nan,phase3_12c_matched_reset_no_phase4_no_cps
ddpm_mean,0,hidden_high_friction,312000,phase312_seed_block,0,11,0.125,0.125,0.0,0,0.0,0.03674760088324547,0.050975918769836426,0.0225503072142601,hidden_high_friction,1,-1,-1,,nan,nan,nan,0.27638915181159973,0.0,0.041348718106746674,nan,nan,nan,phase3_12c_matched_reset_no_phase4_no_cps
ddpm_mean,0,hidden_high_friction,312000,phase312_seed_block,0,12,0.125,0.125,0.0,0,0.0,0.03759852796792984,0.05100957676768303,0.02390948310494423,hidden_high_friction,1,-1,-1,,nan,nan,nan,0.23208047449588776,0.0,0.008401884697377682,nan,nan,nan,phase3_12c_matched_reset_no_phase4_no_cps
ddpm_mean,0,hidden_high_friction,312000,phase312_seed_block,0,13,0.125,0.125,0.0,0,0.0,0.03768930211663246,0.04965915530920029,0.023235207423567772,hidden_high_friction,1,-1,-1,,nan,nan,nan,0.20082852244377136,0.0,0.037241362035274506,nan,nan,nan,phase3_12c_matched_reset_no_phase4_no_cps
ddpm_mean,0,hidden_high_friction,312000,phase312_seed_block,0,14,0.125,0.125,0.0,0,0.0,0.03809460625052452,0.05007150024175644,0.025874648243188858,hidden_breakaway_pin,0,-1,-1,,nan,nan,nan,0.20452697575092316,0.0,0.041293684393167496,nan,nan,nan,phase3_12c_matched_reset_no_phase4_no_cps
ddpm_mean,0,hidden_high_friction,312000,phase312_seed_block,0,15,0.125,0.625,0.5,0,0.5,0.02994474768638611,0.06813023239374161,0.03306064009666443,hidden_high_friction,1,-1,-1,,nan,nan,nan,0.29173848032951355,0.0,0.07279157638549805,nan,nan,nan,phase3_12c_matched_reset_no_phase4_no_cps
ddpm_mean,0,hidden_high_friction,312001,phase312_seed_block,1,0,0.0,0.125,0.125,0,0.125,0.039492592215538025,0.04199862480163574,0.019253479316830635,hidden_high_friction,1,-1,-1,,nan,nan,nan,0.5862669944763184,0.0,0.441214919090271,nan,nan,nan,phase3_12c_matched_reset_no_phase4_no_cps
ddpm_mean,0,hidden_high_friction,312001,phase312_seed_block,1,1,0.125,0.125,0.0,0,0.0,0.039162684231996536,0.04761567339301109,0.020674915984272957,hidden_high_friction,1,-1,-1,,nan,nan,nan,0.3213553726673126,0.0,0.22775132954120636,nan,nan,nan,phase3_12c_matched_reset_no_phase4_no_cps
ddpm_mean,0,hidden_high_friction,312001,phase312_seed_block,1,2,0.125,0.16666666666666666,0.04166666666666666,0,0.04166666666666666,0.039584193378686905,0.0456383042037487,0.021002544090151787,hidden_high_friction,1,-1,-1,,nan,nan,nan,0.35176464915275574,0.0,0.10304199904203415,nan,nan,nan,phase3_12c_matched_reset_no_phase4_no_cps
ddpm_mean,0,hidden_high_friction,312001,phase312_seed_block,1,3,0.16666666666666666,0.125,-0.04166666666666666,0,-0.04166666666666666,0.03988763317465782,0.046630796045064926,0.021206775680184364,free,0,-1,-1,,nan,nan,nan,0.20342466235160828,0.0,0.018393009901046753,nan,nan,nan,phase3_12c_matched_reset_no_phase4_no_cps
ddpm_mean,0,hidden_high_friction,312001,phase312_seed_block,1,4,0.125,0.125,0.0,0,0.0,0.04000094532966614,0.04369042441248894,0.020269205793738365,hidden_high_friction,1,-1,-1,,nan,nan,nan,0.1461489200592041,0.0,0.019081225618720055,nan,nan,nan,phase3_12c_matched_reset_no_phase4_no_cps
ddpm_mean,0,hidden_high_friction,312001,phase312_seed_block,1,5,0.125,0.16666666666666666,0.04166666666666666,0,0.04166666666666666,0.04011229798197746,0.046193841844797134,0.024249302223324776,hidden_breakaway_pin,0,-1,-1,,nan,nan,nan,0.12273920327425003,0.0,0.007858322001993656,nan,nan,nan,phase3_12c_matched_reset_no_phase4_no_cps
ddpm_mean,0,hidden_high_friction,312001,phase312_seed_block,1,6,0.16666666666666666,0.16666666666666666,0.0,0,0.0,0.039738304913043976,0.044426336884498596,0.019451549276709557,hidden_high_friction,1,-1,-1,,nan,nan,nan,0.14781306684017181,0.0,0.019201897084712982,nan,nan,nan,phase3_12c_matched_reset_no_phase4_no_cps
ddpm_mean,0,hidden_high_friction,312001,phase312_seed_block,1,7,0.16666666666666666,0.375,0.20833333333333334,0,0.20833333333333334,0.04033072665333748,0.04376225173473358,0.018769416958093643,hidden_high_friction,1,-1,-1,,nan,nan,nan,0.23067790269851685,0.0,0.02712196856737137,nan,nan,nan,phase3_12c_matched_reset_no_phase4_no_cps
ddpm_mean,0,hidden_high_friction,312001,phase312_seed_block,1,8,0.375,0.375,0.0,0,0.0,0.03981756418943405,0.047268472611904144,0.024240748956799507,hidden_breakaway_pin,0,-1,-1,,nan,nan,nan,0.08866140991449356,0.0,0.023898938670754433,nan,nan,nan,phase3_12c_matched_reset_no_phase4_no_cps
ddpm_mean,0,hidden_high_friction,312001,phase312_seed_block,1,9,0.375,0.2916666666666667,-0.08333333333333331,0,-0.08333333333333331,0.03982849046587944,0.04199673607945442,0.018903417512774467,hidden_high_friction,1,-1,-1,,nan,nan,nan,0.12834720313549042,0.0,0.01725892536342144,nan,nan,nan,phase3_12c_matched_reset_no_phase4_no_cps
ddpm_mean,0,hidden_high_friction,312001,phase312_seed_block,1,10,0.2916666666666667,0.20833333333333334,-0.08333333333333334,0,-0.08333333333333334,0.03997287154197693,0.04375872388482094,0.019053010269999504,hidden_high_friction,1,-1,-1,,nan,nan,nan,0.1550816297531128,0.0,0.02436840534210205,nan,nan,nan,phase3_12c_matched_reset_no_phase4_no_cps
ddpm_mean,0,hidden_high_friction,312001,phase312_seed_block,1,11,0.20833333333333334,0.20833333333333334,0.0,0,0.0,0.038624804466962814,0.04830006882548332,0.024815961718559265,hidden_breakaway_pin,0,-1,-1,,nan,nan,nan,0.17168301343917847,0.0,0.005119696259498596,nan,nan,nan,phase3_12c_matched_reset_no_phase4_no_cps
ddpm_mean,0,hidden_high_friction,312001,phase312_seed_block,1,12,0.20833333333333334,0.20833333333333334,0.0,0,0.0,0.03541618213057518,0.056359704583883286,0.02620553970336914,hidden_high_friction,1,-1,-1,,nan,nan,nan,0.3021667003631592,0.0,0.03305430710315704,nan,nan,nan,phase3_12c_matched_reset_no_phase4_no_cps
ddpm_mean,0,hidden_high_friction,312001,phase312_seed_block,1,13,0.20833333333333334,0.20833333333333334,0.0,0,0.0,0.035621412098407745,0.057324133813381195,0.029131514951586723,hidden_breakaway_pin,0,-1,-1,,nan,nan,nan,0.2639577090740204,0.0,0.057196732610464096,nan,nan,nan,phase3_12c_matched_reset_no_phase4_no_cps
ddpm_mean,0,hidden_high_friction,312001,phase312_seed_block,1,14,0.20833333333333334,0.20833333333333334,0.0,0,0.0,0.03840543329715729,0.04837474599480629,0.024575605988502502,hidden_breakaway_pin,0,-1,-1,,nan,nan,nan,0.13384418189525604,0.0,0.011576099321246147,nan,nan,nan,phase3_12c_matched_reset_no_phase4_no_cps
ddpm_mean,0,hidden_high_friction,312001,phase312_seed_block,1,15,0.20833333333333334,0.20833333333333334,0.0,0,0.0,0.04046034440398216,0.041531942784786224,0.018533974885940552,hidden_high_friction,1,-1,-1,,nan,nan,nan,0.2335391789674759,0.0,0.03532976284623146,nan,nan,nan,phase3_12c_matched_reset_no_phase4_no_cps
ddpm_mean,0,hidden_high_friction,312002,phase312_seed_block,2,0,0.0,0.0,0.0,0,0.0,0.03710712119936943,0.05410170555114746,0.027446135878562927,hidden_high_friction,1,-1,-1,,nan,nan,nan,0.4307232201099396,0.0,0.22974160313606262,nan,nan,nan,phase3_12c_matched_reset_no_phase4_no_cps
ddpm_mean,0,hidden_high_friction,312002,phase312_seed_block,2,1,0.0,0.0,0.0,0,0.0,0.03790855407714844,0.050684891641139984,0.023688994348049164,hidden_high_friction,1,-1,-1,,nan,nan,nan,0.2747977077960968,0.0,0.12341759353876114,nan,nan,nan,phase3_12c_matched_reset_no_phase4_no_cps
ddpm_mean,0,hidden_high_friction,312002,phase312_seed_block,2,2,0.0,0.0,0.0,0,0.0,0.039052072912454605,0.04828047379851341,0.022323954850435257,hidden_high_friction,1,-1,-1,,nan,nan,nan,0.18928174674510956,0.0,0.06116238236427307,nan,nan,nan,phase3_12c_matched_reset_no_phase4_no_cps
ddpm_mean,0,hidden_high_friction,312002,phase312_seed_block,2,3,0.0,0.0,0.0,0,0.0,0.04039286822080612,0.043053071945905685,0.019710464403033257,hidden_high_friction,1,-1,-1,,nan,nan,nan,0.11254154145717621,0.0,0.01798829436302185,nan,nan,nan,phase3_12c_matched_reset_no_phase4_no_cps
ddpm_mean,0,hidden_high_friction,312002,phase312_seed_block,2,4,0.0,0.0,0.0,0,0.0,0.04022955521941185,0.04584534093737602,0.02382298745214939,hidden_breakaway_pin,0,-1,-1,,nan,nan,nan,0.1825755536556244,0.0,0.03575467690825462,nan,nan,nan,phase3_12c_matched_reset_no_phase4_no_cps
ddpm_mean,0,hidden_high_friction,312002,phase312_seed_block,2,5,0.0,0.0,0.0,0,0.0,0.0367104634642601,0.054208461195230484,0.024314818903803825,hidden_high_friction,1,-1,-1,,nan,nan,nan,0.11227653175592422,0.0,0.05873410776257515,nan,nan,nan,phase3_12c_matched_reset_no_phase4_no_cps
ddpm_mean,0,hidden_high_friction,312002,phase312_seed_block,2,6,0.0,0.0,0.0,0,0.0,0.038190942257642746,0.05257817730307579,0.026285257190465927,hidden_breakaway_pin,0,-1,-1,,nan,nan,nan,0.12216555327177048,0.0,0.014239804819226265,nan,nan,nan,phase3_12c_matched_reset_no_phase4_no_cps
ddpm_mean,0,hidden_high_friction,312002,phase312_seed_block,2,7,0.0,0.0,0.0,0,0.0,0.03902379423379898,0.04884052276611328,0.025209419429302216,hidden_breakaway_pin,0,-1,-1,,nan,nan,nan,0.09402000159025192,0.0,0.02740117907524109,nan,nan,nan,phase3_12c_matched_reset_no_phase4_no_cps
ddpm_mean,0,hidden_high_friction,312002,phase312_seed_block,2,8,0.0,0.0,0.0,0,0.0,0.04034650698304176,0.041076477617025375,0.017672739923000336,hidden_high_friction,1,-1,-1,,nan,nan,nan,0.1504955291748047,0.0,0.03610401600599289,nan,nan,nan,phase3_12c_matched_reset_no_phase4_no_cps
ddpm_mean,0,hidden_high_friction,312002,phase312_seed_block,2,9,0.0,0.0,0.0,0,0.0,0.04045996442437172,0.0419030599296093,0.01799136959016323,hidden_high_friction,1,-1,-1,,nan,nan,nan,0.15594759583473206,0.0,0.021272625774145126,nan,nan,nan,phase3_12c_matched_reset_no_phase4_no_cps
ddpm_mean,0,hidden_high_friction,312002,phase312_seed_block,2,10,0.0,0.0,0.0,0,0.0,0.040022242814302444,0.043845079839229584,0.022320754826068878,hidden_breakaway_pin,0,-1,-1,,nan,nan,nan,0.11115922778844833,0.0,0.014501899480819702,nan,nan,nan,phase3_12c_matched_reset_no_phase4_no_cps
ddpm_mean,0,hidden_high_friction,312002,phase312_seed_block,2,11,0.0,0.0,0.0,0,0.0,0.040347542613744736,0.04206635057926178,0.018953964114189148,hidden_high_friction,1,-1,-1,,nan,nan,nan,0.12983371317386627,0.0,0.01920551061630249,nan,nan,nan,phase3_12c_matched_reset_no_phase4_no_cps
ddpm_mean,0,hidden_high_friction,312002,phase312_seed_block,2,12,0.0,0.0,0.0,0,0.0,0.03973974660038948,0.04476289078593254,0.02362777292728424,hidden_breakaway_pin,0,-1,-1,,nan,nan,nan,0.1095958948135376,0.0,0.007224336266517639,nan,nan,nan,phase3_12c_matched_reset_no_phase4_no_cps
ddpm_mean,0,hidden_high_friction,312002,phase312_seed_block,2,13,0.0,0.0,0.0,0,0.0,0.04031093791127205,0.0426919087767601,0.022612357512116432,hidden_breakaway_pin,0,-1,-1,,nan,nan,nan,0.0916522964835167,0.0,0.023430773988366127,nan,nan,nan,phase3_12c_matched_reset_no_phase4_no_cps
ddpm_mean,0,hidden_high_friction,312002,phase312_seed_block,2,14,0.0,0.0,0.0,0,0.0,0.04091029614210129,0.039515309035778046,0.01748722977936268,hidden_high_friction,1,-1,-1,,nan,nan,nan,0.08948606997728348,0.0,0.02424652688205242,nan,nan,nan,phase3_12c_matched_reset_no_phase4_no_cps
ddpm_mean,0,hidden_high_friction,312002,phase312_seed_block,2,15,0.0,0.0,0.0,0,0.0,0.04059598967432976,0.04388270899653435,0.018831588327884674,hidden_high_friction,1,-1,-1,,nan,nan,nan,0.12059538066387177,0.0,0.01857205107808113,nan,nan,nan,phase3_12c_matched_reset_no_phase4_no_cps
ddpm_mean,0,hidden_high_friction,312003,phase312_seed_block,3,0,0.0,0.0,0.0,0,0.0,0.0399772971868515,0.04497913271188736,0.020081672817468643,hidden_high_friction,1,-1,-1,,nan,nan,nan,0.6381387114524841,0.0,0.45515936613082886,nan,nan,nan,phase3_12c_matched_reset_no_phase4_no_cps
ddpm_mean,0,hidden_high_friction,312003,phase312_seed_block,3,1,0.0,0.0,0.0,0,0.0,0.03983153775334358,0.04643964767456055,0.02075037732720375,hidden_high_friction,1,-1,-1,,nan,nan,nan,0.4478422701358795,0.0,0.2600806951522827,nan,nan,nan,phase3_12c_matched_reset_no_phase4_no_cps
ddpm_mean,0,hidden_high_friction,312003,phase312_seed_block,3,2,0.0,0.0,0.0,0,0.0,0.03967727720737457,0.04401322081685066,0.020998718217015266,hidden_high_friction,1,-1,-1,,nan,nan,nan,0.28605416417121887,0.0,0.12269217520952225,nan,nan,nan,phase3_12c_matched_reset_no_phase4_no_cps
ddpm_mean,0,hidden_high_friction,312003,phase312_seed_block,3,3,0.0,0.0,0.0,0,0.0,0.040200069546699524,0.04566032811999321,0.02392066828906536,hidden_breakaway_pin,0,-1,-1,,nan,nan,nan,0.1307145059108734,0.0,0.0512077622115612,nan,nan,nan,phase3_12c_matched_reset_no_phase4_no_cps
ddpm_mean,0,hidden_high_friction,312003,phase312_seed_block,3,4,0.0,0.0,0.0,0,0.0,0.03972683474421501,0.04484743997454643,0.02349109761416912,hidden_breakaway_pin,0,-1,-1,,nan,nan,nan,0.1865387111902237,0.0,0.046697985380887985,nan,nan,nan,phase3_12c_matched_reset_no_phase4_no_cps
ddpm_mean,0,hidden_high_friction,312003,phase312_seed_block,3,5,0.0,0.0,0.0,0,0.0,0.04067867994308472,0.04449840262532234,0.019311362877488136,hidden_high_friction,1,-1,-1,,nan,nan,nan,0.16824370622634888,0.0,0.022462856024503708,nan,nan,nan,phase3_12c_matched_reset_no_phase4_no_cps
ddpm_mean,0,hidden_high_friction,312003,phase312_seed_block,3,6,0.0,0.0,0.0,0,0.0,0.04019206017255783,0.04600631073117256,0.02383940853178501,hidden_breakaway_pin,0,-1,-1,,nan,nan,nan,0.14245782792568207,0.0,0.024883940815925598,nan,nan,nan,phase3_12c_matched_reset_no_phase4_no_cps
ddpm_mean,0,hidden_high_friction,312003,phase312_seed_block,3,7,0.0,0.0,0.0,0,0.0,0.04026949405670166,0.04166509211063385,0.018111007288098335,hidden_high_friction,1,-1,-1,,nan,nan,nan,0.2010330706834793,0.0,0.03621474280953407,nan,nan,nan,phase3_12c_matched_reset_no_phase4_no_cps
ddpm_mean,0,hidden_high_friction,312003,phase312_seed_block,3,8,0.0,0.0,0.0,0,0.0,0.04042677581310272,0.04223278909921646,0.018465502187609673,hidden_high_friction,1,-1,-1,,nan,nan,nan,0.1448364108800888,0.0,0.024714112281799316,nan,nan,nan,phase3_12c_matched_reset_no_phase4_no_cps
ddpm_mean,0,hidden_high_friction,312003,phase312_seed_block,3,9,0.0,0.0,0.0,0,0.0,0.039748355746269226,0.044241610914468765,0.022657867521047592,hidden_breakaway_pin,0,-1,-1,,nan,nan,nan,0.11380380392074585,0.0,0.02424805983901024,nan,nan,nan,phase3_12c_matched_reset_no_phase4_no_cps
ddpm_mean,0,hidden_high_friction,312003,phase312_seed_block,3,10,0.0,0.0,0.0,0,0.0,0.04010896384716034,0.0425344854593277,0.01937388814985752,hidden_high_friction,1,-1,-1,,nan,nan,nan,0.14496386051177979,0.0,0.047452762722969055,nan,nan,nan,phase3_12c_matched_reset_no_phase4_no_cps
ddpm_mean,0,hidden_high_friction,312003,phase312_seed_block,3,11,0.0,0.0,0.0,0,0.0,0.039612118154764175,0.04510480538010597,0.02373375929892063,hidden_breakaway_pin,0,-1,-1,,nan,nan,nan,0.12596412003040314,0.0,0.03923278674483299,nan,nan,nan,phase3_12c_matched_reset_no_phase4_no_cps
ddpm_mean,0,hidden_high_friction,312003,phase312_seed_block,3,12,0.0,0.0,0.0,0,0.0,0.04005080461502075,0.04415145888924599,0.02345520444214344,hidden_breakaway_pin,0,-1,-1,,nan,nan,nan,0.10621349513530731,0.0,0.013734848238527775,nan,nan,nan,phase3_12c_matched_reset_no_phase4_no_cps
ddpm_mean,0,hidden_high_friction,312003,phase312_seed_block,3,13,0.0,0.0,0.0,0,0.0,0.04042013734579086,0.04032609239220619,0.017761383205652237,hidden_high_friction,1,-1,-1,,nan,nan,nan,0.12407448887825012,0.0,0.015238986350595951,nan,nan,nan,phase3_12c_matched_reset_no_phase4_no_cps
ddpm_mean,0,hidden_high_friction,312003,phase312_seed_block,3,14,0.0,0.0,0.0,0,0.0,0.0402703732252121,0.04451535642147064,0.019543876871466637,hidden_high_friction,1,-1,-1,,nan,nan,nan,0.14737679064273834,0.0,0.01951940357685089,nan,nan,nan,phase3_12c_matched_reset_no_phase4_no_cps
ddpm_mean,0,hidden_high_friction,312003,phase312_seed_block,3,15,0.0,0.0,0.0,0,0.0,0.04030236229300499,0.045252855867147446,0.019501827657222748,hidden_high_friction,1,-1,-1,,nan,nan,nan,0.17197148501873016,0.0,0.02290854975581169,nan,nan,nan,phase3_12c_matched_reset_no_phase4_no_cps
ddpm_mean,0,hidden_high_friction,312500,phase312b_seed_block,4,0,0.0,0.0,0.0,0,0.0,0.04012184962630272,0.04407216235995293,0.01949336752295494,hidden_high_friction,1,-1,-1,,nan,nan,nan,0.5702913403511047,0.0,0.2677585482597351,nan,nan,nan,phase3_12c_matched_reset_no_phase4_no_cps
ddpm_mean,0,hidden_high_friction,312500,phase312b_seed_block,4,1,0.0,0.0,0.0,0,0.0,0.03951852396130562,0.04471786320209503,0.023424861952662468,hidden_breakaway_pin,0,-1,-1,,nan,nan,nan,0.4924382269382477,0.0,0.22737954556941986,nan,nan,nan,phase3_12c_matched_reset_no_phase4_no_cps
ddpm_mean,0,hidden_high_friction,312500,phase312b_seed_block,4,2,0.0,0.0,0.0,0,0.0,0.03507552295923233,0.0564572773873806,0.026184743270277977,hidden_high_friction,1,-1,-1,,nan,nan,nan,0.43661653995513916,0.0,0.14096468687057495,nan,nan,nan,phase3_12c_matched_reset_no_phase4_no_cps
ddpm_mean,0,hidden_high_friction,312500,phase312b_seed_block,4,3,0.0,0.0,0.0,0,0.0,0.0360376201570034,0.05477435886859894,0.0252363383769989,hidden_high_friction,1,-1,-1,,nan,nan,nan,0.4671620726585388,0.0,0.09848417341709137,nan,nan,nan,phase3_12c_matched_reset_no_phase4_no_cps
ddpm_mean,0,hidden_high_friction,312500,phase312b_seed_block,4,4,0.0,0.0,0.0,0,0.0,0.036169737577438354,0.052104219794273376,0.024167414754629135,hidden_high_friction,1,-1,-1,,nan,nan,nan,0.3473132252693176,0.0,0.044933393597602844,nan,nan,nan,phase3_12c_matched_reset_no_phase4_no_cps
ddpm_mean,0,hidden_high_friction,312500,phase312b_seed_block,4,5,0.0,0.0,0.0,0,0.0,0.03819718584418297,0.05128718167543411,0.023248029872775078,hidden_high_friction,1,-1,-1,,nan,nan,nan,0.1838083118200302,0.0,0.01872061938047409,nan,nan,nan,phase3_12c_matched_reset_no_phase4_no_cps
ddpm_mean,0,hidden_high_friction,312500,phase312b_seed_block,4,6,0.0,0.0,0.0,0,0.0,0.030240610241889954,0.06880547851324081,0.03357595577836037,hidden_high_friction,1,-1,-1,,nan,nan,nan,0.22546792030334473,0.0,0.07795543968677521,nan,nan,nan,phase3_12c_matched_reset_no_phase4_no_cps
ddpm_mean,0,hidden_high_friction,312500,phase312b_seed_block,4,7,0.0,0.0,0.0,0,0.0,0.02998209372162819,0.06858675926923752,0.03310147672891617,hidden_high_friction,1,-1,-1,,nan,nan,nan,0.2701195478439331,0.0,0.04585723951458931,nan,nan,nan,phase3_12c_matched_reset_no_phase4_no_cps
ddpm_mean,0,hidden_high_friction,312500,phase312b_seed_block,4,8,0.0,0.0,0.0,0,0.0,0.03133000433444977,0.06864948570728302,0.03164931759238243,hidden_high_friction,1,-1,-1,,nan,nan,nan,0.25970131158828735,0.0,0.018454505130648613,nan,nan,nan,phase3_12c_matched_reset_no_phase4_no_cps
ddpm_mean,0,hidden_high_friction,312500,phase312b_seed_block,4,9,0.0,0.0,0.0,0,0.0,0.03567229583859444,0.055525295436382294,0.025709107518196106,hidden_breakaway_pin,0,-1,-1,,nan,nan,nan,0.3068009316921234,0.0,0.05334769934415817,nan,nan,nan,phase3_12c_matched_reset_no_phase4_no_cps
ddpm_mean,0,hidden_high_friction,312500,phase312b_seed_block,4,10,0.0,0.0,0.0,0,0.0,0.038234416395425797,0.049499381333589554,0.023515256121754646,hidden_high_friction,1,-1,-1,,nan,nan,nan,0.3524918854236603,0.0,0.0580434687435627,nan,nan,nan,phase3_12c_matched_reset_no_phase4_no_cps
ddpm_mean,0,hidden_high_friction,312500,phase312b_seed_block,4,11,0.0,0.0,0.0,0,0.0,0.03149046003818512,0.06584469974040985,0.03378060832619667,hidden_breakaway_pin,0,-1,-1,,nan,nan,nan,0.09176168590784073,0.0,0.06043457239866257,nan,nan,nan,phase3_12c_matched_reset_no_phase4_no_cps
ddpm_mean,0,hidden_high_friction,312500,phase312b_seed_block,4,12,0.0,0.0,0.0,0,0.0,0.02985379286110401,0.07013071328401566,0.034251440316438675,hidden_high_friction,1,-1,-1,,nan,nan,nan,0.19660747051239014,0.0,0.02911306545138359,nan,nan,nan,phase3_12c_matched_reset_no_phase4_no_cps
ddpm_mean,0,hidden_high_friction,312500,phase312b_seed_block,4,13,0.0,0.0,0.0,0,0.0,0.02556164376437664,0.07458797097206116,0.034967999905347824,hidden_high_friction,1,-1,-1,,nan,nan,nan,0.25997596979141235,0.0,0.033724330365657806,nan,nan,nan,phase3_12c_matched_reset_no_phase4_no_cps
ddpm_mean,0,hidden_high_friction,312500,phase312b_seed_block,4,14,0.0,0.0,0.0,0,0.0,0.014196570962667465,0.09471968561410904,0.04798675701022148,hidden_high_friction,1,-1,-1,,nan,nan,nan,0.4882408678531647,0.0,0.0405404157936573,nan,nan,nan,phase3_12c_matched_reset_no_phase4_no_cps
ddpm_mean,0,hidden_high_friction,312500,phase312b_seed_block,4,15,0.0,0.0,0.0,0,0.0,0.013547899201512337,0.098355732858181,0.05174488574266434,hidden_high_friction,1,-1,-1,,nan,nan,nan,0.32798415422439575,0.0,0.036529019474983215,nan,nan,nan,phase3_12c_matched_reset_no_phase4_no_cps
ddpm_mean,0,hidden_high_friction,312501,phase312b_seed_block,5,0,0.0,0.0,0.0,0,0.0,0.039437197148799896,0.04387890547513962,0.020394517108798027,hidden_high_friction,1,-1,-1,,nan,nan,nan,0.5308591723442078,0.0,0.23188842833042145,nan,nan,nan,phase3_12c_matched_reset_no_phase4_no_cps
ddpm_mean,0,hidden_high_friction,312501,phase312b_seed_block,5,1,0.0,0.0,0.0,0,0.0,0.03938682749867439,0.04582982510328293,0.02006196789443493,hidden_high_friction,1,-1,-1,,nan,nan,nan,0.3810895085334778,0.0,0.17682774364948273,nan,nan,nan,phase3_12c_matched_reset_no_phase4_no_cps
ddpm_mean,0,hidden_high_friction,312501,phase312b_seed_block,5,2,0.0,0.0,0.0,0,0.0,0.03961704671382904,0.042442306876182556,0.01880711317062378,hidden_high_friction,1,-1,-1,,nan,nan,nan,0.4596813917160034,0.0,0.1784585416316986,nan,nan,nan,phase3_12c_matched_reset_no_phase4_no_cps
ddpm_mean,0,hidden_high_friction,312501,phase312b_seed_block,5,3,0.0,0.0,0.0,0,0.0,0.038754288107156754,0.04610856994986534,0.021174272522330284,hidden_high_friction,1,-1,-1,,nan,nan,nan,0.4985290467739105,0.0,0.21181443333625793,nan,nan,nan,phase3_12c_matched_reset_no_phase4_no_cps
ddpm_mean,0,hidden_high_friction,312501,phase312b_seed_block,5,4,0.0,0.0,0.0,0,0.0,0.03996264934539795,0.04567606747150421,0.019822798669338226,hidden_high_friction,1,-1,-1,,nan,nan,nan,0.4554823935031891,0.0,0.21867069602012634,nan,nan,nan,phase3_12c_matched_reset_no_phase4_no_cps
ddpm_mean,0,hidden_high_friction,312501,phase312b_seed_block,5,5,0.0,0.0,0.0,0,0.0,0.035674598067998886,0.05783258378505707,0.029827266931533813,hidden_breakaway_pin,0,-1,-1,,nan,nan,nan,0.42474672198295593,0.0,0.2049083262681961,nan,nan,nan,phase3_12c_matched_reset_no_phase4_no_cps
ddpm_mean,0,hidden_high_friction,312501,phase312b_seed_block,5,6,0.0,0.0,0.0,0,0.0,0.034713707864284515,0.05573034659028053,0.026615075767040253,hidden_high_friction,1,-1,-1,,nan,nan,nan,0.42177847027778625,0.0,0.24155470728874207,nan,nan,nan,phase3_12c_matched_reset_no_phase4_no_cps
ddpm_mean,0,hidden_high_friction,312501,phase312b_seed_block,5,7,0.0,0.0,0.0,0,0.0,0.03584810718894005,0.05699600279331207,0.02981480211019516,hidden_breakaway_pin,0,-1,-1,,nan,nan,nan,0.40428462624549866,0.0,0.20365363359451294,nan,nan,nan,phase3_12c_matched_reset_no_phase4_no_cps
ddpm_mean,0,hidden_high_friction,312501,phase312b_seed_block,5,8,0.0,0.0,0.0,0,0.0,0.036665305495262146,0.05376625806093216,0.024628814309835434,hidden_breakaway_pin,0,-1,-1,,nan,nan,nan,0.38168326020240784,0.0,0.1814148873090744,nan,nan,nan,phase3_12c_matched_reset_no_phase4_no_cps
ddpm_mean,0,hidden_high_friction,312501,phase312b_seed_block,5,9,0.0,0.0,0.0,0,0.0,0.04042749106884003,0.043184373527765274,0.022745219990611076,hidden_breakaway_pin,0,-1,-1,,nan,nan,nan,0.45178836584091187,0.0,0.20305822789669037,nan,nan,nan,phase3_12c_matched_reset_no_phase4_no_cps
ddpm_mean,0,hidden_high_friction,312501,phase312b_seed_block,5,10,0.0,0.0,0.0,0,0.0,0.03874999284744263,0.04557756707072258,0.02066006325185299,hidden_high_friction,1,-1,-1,,nan,nan,nan,0.44062331318855286,0.0,0.2091161608695984,nan,nan,nan,phase3_12c_matched_reset_no_phase4_no_cps
ddpm_mean,0,hidden_high_friction,312501,phase312b_seed_block,5,11,0.0,0.0,0.0,0,0.0,0.039740949869155884,0.04631057009100914,0.02428114227950573,hidden_breakaway_pin,0,-1,-1,,nan,nan,nan,0.4366428852081299,0.0,0.1942272037267685,nan,nan,nan,phase3_12c_matched_reset_no_phase4_no_cps
ddpm_mean,0,hidden_high_friction,312501,phase312b_seed_block,5,12,0.0,0.0,0.0,0,0.0,0.03841819986701012,0.04849778115749359,0.021378090605139732,hidden_high_friction,1,-1,-1,,nan,nan,nan,0.4171914756298065,0.0,0.20484313368797302,nan,nan,nan,phase3_12c_matched_reset_no_phase4_no_cps
ddpm_mean,0,hidden_high_friction,312501,phase312b_seed_block,5,13,0.0,0.0,0.0,0,0.0,0.039775338023900986,0.044484224170446396,0.02290591038763523,hidden_breakaway_pin,0,-1,-1,,nan,nan,nan,0.5212239623069763,0.0,0.1947447657585144,nan,nan,nan,phase3_12c_matched_reset_no_phase4_no_cps
ddpm_mean,0,hidden_high_friction,312501,phase312b_seed_block,5,14,0.0,0.0,0.0,0,0.0,0.0398852601647377,0.04364898428320885,0.023127442225813866,hidden_breakaway_pin,0,-1,-1,,nan,nan,nan,0.4732789397239685,0.0,0.19840523600578308,nan,nan,nan,phase3_12c_matched_reset_no_phase4_no_cps
ddpm_mean,0,hidden_high_friction,312501,phase312b_seed_block,5,15,0.0,0.0,0.0,0,0.0,0.03996799513697624,0.045345284044742584,0.019551686942577362,hidden_high_friction,1,-1,-1,,nan,nan,nan,0.474684476852417,0.0,0.1988459974527359,nan,nan,nan,phase3_12c_matched_reset_no_phase4_no_cps
ddpm_mean,0,hidden_high_friction,312502,phase312b_seed_block,6,0,0.0,0.0,0.0,0,0.0,0.039686769247055054,0.04350217431783676,0.01939729042351246,hidden_high_friction,1,-1,-1,,nan,nan,nan,0.4645203948020935,0.0,0.3375781774520874,nan,nan,nan,phase3_12c_matched_reset_no_phase4_no_cps
ddpm_mean,0,hidden_high_friction,312502,phase312b_seed_block,6,1,0.0,0.0,0.0,0,0.0,0.03225890174508095,0.06249060481786728,0.030139505863189697,hidden_high_friction,1,-1,-1,,nan,nan,nan,0.23481862246990204,0.0,0.18369358777999878,nan,nan,nan,phase3_12c_matched_reset_no_phase4_no_cps
ddpm_mean,0,hidden_high_friction,312502,phase312b_seed_block,6,2,0.0,0.0,0.0,0,0.0,0.030282923951745033,0.06577277928590775,0.03280601650476456,hidden_high_friction,1,-1,-1,,nan,nan,nan,0.17148293554782867,0.0,0.10478285700082779,nan,nan,nan,phase3_12c_matched_reset_no_phase4_no_cps
ddpm_mean,0,hidden_high_friction,312502,phase312b_seed_block,6,3,0.0,0.0,0.0,0,0.0,0.028676563873887062,0.07233734428882599,0.035227593034505844,hidden_high_friction,1,-1,-1,,nan,nan,nan,0.15288317203521729,0.0,0.03599141538143158,nan,nan,nan,phase3_12c_matched_reset_no_phase4_no_cps
ddpm_mean,0,hidden_high_friction,312502,phase312b_seed_block,6,4,0.0,0.0,0.0,0,0.0,0.03173688426613808,0.060507018119096756,0.029689157381653786,hidden_high_friction,1,-1,-1,,nan,nan,nan,0.19399142265319824,0.0,0.06675911694765091,nan,nan,nan,phase3_12c_matched_reset_no_phase4_no_cps
ddpm_mean,0,hidden_high_friction,312502,phase312b_seed_block,6,5,0.0,0.0,0.0,0,0.0,0.03625161200761795,0.05505989491939545,0.024869414046406746,hidden_high_friction,1,-1,-1,,nan,nan,nan,0.21255475282669067,0.0,0.052069369703531265,nan,nan,nan,phase3_12c_matched_reset_no_phase4_no_cps
ddpm_mean,0,hidden_high_friction,312502,phase312b_seed_block,6,6,0.0,0.0,0.0,0,0.0,0.03949318826198578,0.0469660647213459,0.024320708587765694,hidden_breakaway_pin,0,-1,-1,,nan,nan,nan,0.06976135820150375,0.0,0.02694229781627655,nan,nan,nan,phase3_12c_matched_reset_no_phase4_no_cps
ddpm_mean,0,hidden_high_friction,312502,phase312b_seed_block,6,7,0.0,0.0,0.0,0,0.0,0.0400102473795414,0.0443585142493248,0.019177112728357315,hidden_high_friction,1,-1,-1,,nan,nan,nan,0.10357610881328583,0.0,0.036353949457407,nan,nan,nan,phase3_12c_matched_reset_no_phase4_no_cps
ddpm_mean,0,hidden_high_friction,312502,phase312b_seed_block,6,8,0.0,0.0,0.0,0,0.0,0.040311578661203384,0.04425869882106781,0.018951527774333954,hidden_high_friction,1,-1,-1,,nan,nan,nan,0.15175685286521912,0.0,0.032534342259168625,nan,nan,nan,phase3_12c_matched_reset_no_phase4_no_cps
ddpm_mean,0,hidden_high_friction,312502,phase312b_seed_block,6,9,0.0,0.0,0.0,0,0.0,0.039839405566453934,0.04403305426239967,0.019977852702140808,hidden_high_friction,1,-1,-1,,nan,nan,nan,0.07339298725128174,0.0,0.03246218338608742,nan,nan,nan,phase3_12c_matched_reset_no_phase4_no_cps
ddpm_mean,0,hidden_high_friction,312502,phase312b_seed_block,6,10,0.0,0.0,0.0,0,0.0,0.038753293454647064,0.048905592411756516,0.022074611857533455,hidden_high_friction,1,-1,-1,,nan,nan,nan,0.19344261288642883,0.0,0.04481949657201767,nan,nan,nan,phase3_12c_matched_reset_no_phase4_no_cps
ddpm_mean,0,hidden_high_friction,312502,phase312b_seed_block,6,11,0.0,0.0,0.0,0,0.0,0.033467791974544525,0.05543125420808792,0.027071412652730942,hidden_high_friction,1,-1,-1,,nan,nan,nan,0.18845325708389282,0.0,0.05075838044285774,nan,nan,nan,phase3_12c_matched_reset_no_phase4_no_cps
ddpm_mean,0,hidden_high_friction,312502,phase312b_seed_block,6,12,0.0,0.0,0.0,0,0.0,0.030905991792678833,0.06449969112873077,0.02961927279829979,hidden_high_friction,1,-1,-1,,nan,nan,nan,0.2318766862154007,0.0,0.05471770837903023,nan,nan,nan,phase3_12c_matched_reset_no_phase4_no_cps
ddpm_mean,0,hidden_high_friction,312502,phase312b_seed_block,6,13,0.0,0.0,0.0,0,0.0,0.02891618199646473,0.07166527956724167,0.034776657819747925,hidden_breakaway_pin,0,-1,-1,,nan,nan,nan,0.2258082926273346,0.0,0.05992160737514496,nan,nan,nan,phase3_12c_matched_reset_no_phase4_no_cps
ddpm_mean,0,hidden_high_friction,312502,phase312b_seed_block,6,14,0.0,0.0,0.0,0,0.0,0.033876076340675354,0.06029340997338295,0.030676862224936485,hidden_breakaway_pin,0,-1,-1,,nan,nan,nan,0.19602085649967194,0.0,0.03541743382811546,nan,nan,nan,phase3_12c_matched_reset_no_phase4_no_cps
ddpm_mean,0,hidden_high_friction,312502,phase312b_seed_block,6,15,0.0,0.0,0.0,0,0.0,0.038697656244039536,0.046214282512664795,0.02164340391755104,hidden_high_friction,1,-1,-1,,nan,nan,nan,0.14534147083759308,0.0,0.03102022595703602,nan,nan,nan,phase3_12c_matched_reset_no_phase4_no_cps
ddpm_mean,0,hidden_high_friction,312503,phase312b_seed_block,7,0,0.0,0.0,0.0,0,0.0,0.03982853516936302,0.043484196066856384,0.018732592463493347,hidden_high_friction,1,-1,-1,,nan,nan,nan,0.4864046275615692,0.0,0.2776801586151123,nan,nan,nan,phase3_12c_matched_reset_no_phase4_no_cps
ddpm_mean,0,hidden_high_friction,312503,phase312b_seed_block,7,1,0.0,0.0,0.0,0,0.0,0.03309527784585953,0.06228430196642876,0.02959737554192543,hidden_high_friction,1,-1,-1,,nan,nan,nan,0.46383705735206604,0.0,0.21907640993595123,nan,nan,nan,phase3_12c_matched_reset_no_phase4_no_cps
ddpm_mean,0,hidden_high_friction,312503,phase312b_seed_block,7,2,0.0,0.0,0.0,0,0.0,0.03134869411587715,0.06707627326250076,0.03214190527796745,hidden_breakaway_pin,0,-1,-1,,nan,nan,nan,0.30993008613586426,0.0,0.11744824051856995,nan,nan,nan,phase3_12c_matched_reset_no_phase4_no_cps
ddpm_mean,0,hidden_high_friction,312503,phase312b_seed_block,7,3,0.0,0.0,0.0,0,0.0,0.025542961433529854,0.07589989900588989,0.03766128793358803,hidden_breakaway_pin,0,-1,-1,,nan,nan,nan,0.4554987847805023,0.0,0.16546355187892914,nan,nan,nan,phase3_12c_matched_reset_no_phase4_no_cps
ddpm_mean,0,hidden_high_friction,312503,phase312b_seed_block,7,4,0.0,0.0,0.0,0,0.0,0.025085562840104103,0.07572506368160248,0.036475032567977905,hidden_high_friction,1,-1,-1,,nan,nan,nan,0.38960742950439453,0.0,0.17530645430088043,nan,nan,nan,phase3_12c_matched_reset_no_phase4_no_cps
ddpm_mean,0,hidden_high_friction,312503,phase312b_seed_block,7,5,0.0,0.0,0.0,0,0.0,0.026468530297279358,0.07192158699035645,0.035042762756347656,hidden_high_friction,1,-1,-1,,nan,nan,nan,0.43273690342903137,0.0,0.030253516510128975,nan,nan,nan,phase3_12c_matched_reset_no_phase4_no_cps
ddpm_mean,0,hidden_high_friction,312503,phase312b_seed_block,7,6,0.0,0.0,0.0,0,0.0,0.039315495640039444,0.04606422781944275,0.0203691478818655,hidden_high_friction,1,-1,-1,,nan,nan,nan,0.25436848402023315,0.0,0.05682191997766495,nan,nan,nan,phase3_12c_matched_reset_no_phase4_no_cps
ddpm_mean,0,hidden_high_friction,312503,phase312b_seed_block,7,7,0.0,0.0,0.0,0,0.0,0.040494997054338455,0.04204050824046135,0.018192406743764877,hidden_high_friction,1,-1,-1,,nan,nan,nan,0.3602903485298157,0.0,0.06505990028381348,nan,nan,nan,phase3_12c_matched_reset_no_phase4_no_cps
ddpm_mean,0,hidden_high_friction,312503,phase312b_seed_block,7,8,0.0,0.0,0.0,0,0.0,0.03993530198931694,0.04217240959405899,0.018897898495197296,hidden_high_friction,1,-1,-1,,nan,nan,nan,0.31087175011634827,0.0,0.05332738161087036,nan,nan,nan,phase3_12c_matched_reset_no_phase4_no_cps
ddpm_mean,0,hidden_high_friction,312503,phase312b_seed_block,7,9,0.0,0.0,0.0,0,0.0,0.04046466946601868,0.04394203796982765,0.02289847657084465,hidden_breakaway_pin,0,-1,-1,,nan,nan,nan,0.266604483127594,0.0,0.057197630405426025,nan,nan,nan,phase3_12c_matched_reset_no_phase4_no_cps
ddpm_mean,0,hidden_high_friction,312503,phase312b_seed_block,7,10,0.0,0.0,0.0,0,0.0,0.040175534784793854,0.040528614073991776,0.0177148524671793,hidden_high_friction,1,-1,-1,,nan,nan,nan,0.26201435923576355,0.0,0.04869990795850754,nan,nan,nan,phase3_12c_matched_reset_no_phase4_no_cps
ddpm_mean,0,hidden_high_friction,312503,phase312b_seed_block,7,11,0.0,0.0,0.0,0,0.0,0.039912447333335876,0.04373135790228844,0.022518174722790718,hidden_breakaway_pin,0,-1,-1,,nan,nan,nan,0.2928987443447113,0.0,0.07862574607133865,nan,nan,nan,phase3_12c_matched_reset_no_phase4_no_cps
ddpm_mean,0,hidden_high_friction,312503,phase312b_seed_block,7,12,0.0,0.0,0.0,0,0.0,0.04052876681089401,0.041488103568553925,0.017991069704294205,hidden_high_friction,1,-1,-1,,nan,nan,nan,0.25872549414634705,0.0,0.0508282333612442,nan,nan,nan,phase3_12c_matched_reset_no_phase4_no_cps
ddpm_mean,0,hidden_high_friction,312503,phase312b_seed_block,7,13,0.0,0.0,0.0,0,0.0,0.040152110159397125,0.04238325357437134,0.01848173886537552,hidden_high_friction,1,-1,-1,,nan,nan,nan,0.2516675591468811,0.0,0.049348458647727966,nan,nan,nan,phase3_12c_matched_reset_no_phase4_no_cps
ddpm_mean,0,hidden_high_friction,312503,phase312b_seed_block,7,14,0.0,0.0,0.0,0,0.0,0.040328506380319595,0.04326473921537399,0.018396154046058655,hidden_high_friction,1,-1,-1,,nan,nan,nan,0.24387045204639435,0.0,0.05532393604516983,nan,nan,nan,phase3_12c_matched_reset_no_phase4_no_cps
ddpm_mean,0,hidden_high_friction,312503,phase312b_seed_block,7,15,0.0,0.0,0.0,0,0.0,0.040043704211711884,0.04566093534231186,0.024016952142119408,hidden_breakaway_pin,0,-1,-1,,nan,nan,nan,0.24856433272361755,0.0,0.06201691925525665,nan,nan,nan,phase3_12c_matched_reset_no_phase4_no_cps
condition_nearest_upper,1,free,312000,phase312_seed_block,0,0,0.375,0.375,0.0,0,0.0,0.04005258530378342,0.0,0.0,free,1,116,116,free,0.014217070303857327,0.014217070303857327,nan,0.44931256771087646,0.0,0.29298490285873413,nan,nan,nan,phase3_12c_matched_reset_no_phase4_no_cps
condition_nearest_upper,1,free,312000,phase312_seed_block,0,1,0.375,0.375,0.0,0,0.0,0.040253251791000366,0.0,0.0,free,1,256,256,free,0.0846610739827156,0.0846610739827156,nan,0.5419092178344727,0.0,0.17407731711864471,nan,nan,nan,phase3_12c_matched_reset_no_phase4_no_cps
condition_nearest_upper,1,free,312000,phase312_seed_block,0,2,0.375,0.0,-0.375,0,-0.375,0.03986488655209541,0.0,0.0,free,1,164,164,free,0.08917731046676636,0.08917731046676636,nan,0.6389948725700378,0.0,0.24719202518463135,nan,nan,nan,phase3_12c_matched_reset_no_phase4_no_cps
condition_nearest_upper,1,free,312000,phase312_seed_block,0,3,0.0,0.0,0.0,0,0.0,0.03991375491023064,0.0,0.0,free,1,264,264,free,0.08633845299482346,0.08633845299482346,nan,0.5894212126731873,0.0,0.14289599657058716,nan,nan,nan,phase3_12c_matched_reset_no_phase4_no_cps
condition_nearest_upper,1,free,312000,phase312_seed_block,0,4,0.0,0.0,0.0,0,0.0,0.0401887372136116,0.0,0.0,free,1,184,184,free,0.07484344393014908,0.07484344393014908,nan,0.3761143386363983,0.0,0.09040698409080505,nan,nan,nan,phase3_12c_matched_reset_no_phase4_no_cps
condition_nearest_upper,1,free,312000,phase312_seed_block,0,5,0.0,0.0,0.0,0,0.0,0.04034430906176567,0.0,0.0,free,1,164,164,free,0.056413959711790085,0.056413959711790085,nan,0.6224308609962463,0.0,0.0240953266620636,nan,nan,nan,phase3_12c_matched_reset_no_phase4_no_cps
condition_nearest_upper,1,free,312000,phase312_seed_block,0,6,0.0,0.0,0.0,0,0.0,0.040510524064302444,0.0,0.0,free,1,328,328,free,0.05663112923502922,0.05663112923502922,nan,0.29228687286376953,0.0,0.16775956749916077,nan,nan,nan,phase3_12c_matched_reset_no_phase4_no_cps
condition_nearest_upper,1,free,312000,phase312_seed_block,0,7,0.0,0.0,0.0,0,0.0,0.03957314044237137,0.0,0.0,free,1,328,328,free,0.059465765953063965,0.059465765953063965,nan,0.30316677689552307,0.0,0.1592462658882141,nan,nan,nan,phase3_12c_matched_reset_no_phase4_no_cps
condition_nearest_upper,1,free,312000,phase312_seed_block,0,8,0.0,0.0,0.0,0,0.0,0.04071735963225365,0.0,0.0,free,1,264,264,free,0.05644607916474342,0.05644607916474342,nan,0.381305068731308,0.0,0.1640062779188156,nan,nan,nan,phase3_12c_matched_reset_no_phase4_no_cps
condition_nearest_upper,1,free,312000,phase312_seed_block,0,9,0.0,0.0,0.0,0,0.0,0.04013197869062424,0.0,0.0,free,1,264,264,free,0.054519180208444595,0.054519180208444595,nan,0.38236990571022034,0.0,0.15513497591018677,nan,nan,nan,phase3_12c_matched_reset_no_phase4_no_cps
condition_nearest_upper,1,free,312000,phase312_seed_block,0,10,0.0,0.0,0.0,0,0.0,0.04018915817141533,0.0,0.0,free,1,264,264,free,0.05648630112409592,0.05648630112409592,nan,0.39432448148727417,0.0,0.15790724754333496,nan,nan,nan,phase3_12c_matched_reset_no_phase4_no_cps
condition_nearest_upper,1,free,312000,phase312_seed_block,0,11,0.0,0.0,0.0,0,0.0,0.04031980410218239,0.0,0.0,free,1,328,328,free,0.05744238197803497,0.05744238197803497,nan,0.302557110786438,0.0,0.16314244270324707,nan,nan,nan,phase3_12c_matched_reset_no_phase4_no_cps
condition_nearest_upper,1,free,312000,phase312_seed_block,0,12,0.0,0.0,0.0,0,0.0,0.03987731784582138,0.0,0.0,free,1,264,264,free,0.05873923376202583,0.05873923376202583,nan,0.38631701469421387,0.0,0.16628113389015198,nan,nan,nan,phase3_12c_matched_reset_no_phase4_no_cps
condition_nearest_upper,1,free,312000,phase312_seed_block,0,13,0.0,0.0,0.0,0,0.0,0.04000835493206978,0.0,0.0,free,1,264,264,free,0.055070940405130386,0.055070940405130386,nan,0.40845030546188354,0.0,0.15908411145210266,nan,nan,nan,phase3_12c_matched_reset_no_phase4_no_cps
condition_nearest_upper,1,free,312000,phase312_seed_block,0,14,0.0,0.0,0.0,0,0.0,0.039554499089717865,0.0,0.0,free,1,264,264,free,0.05674184858798981,0.05674184858798981,nan,0.44790714979171753,0.0,0.15521736443042755,nan,nan,nan,phase3_12c_matched_reset_no_phase4_no_cps
condition_nearest_upper,1,free,312000,phase312_seed_block,0,15,0.0,0.0,0.0,0,0.0,0.040295135229825974,0.0,0.0,free,1,264,264,free,0.057390548288822174,0.057390548288822174,nan,0.4294086694717407,0.0,0.15778900682926178,nan,nan,nan,phase3_12c_matched_reset_no_phase4_no_cps
condition_nearest_upper,1,free,312001,phase312_seed_block,1,0,0.0,0.0,0.0,0,0.0,0.04025295376777649,0.0,0.0,free,1,684,684,free,0.01154069323092699,0.01154069323092699,nan,1.1378365755081177,0.07142857142857142,0.3651937246322632,nan,nan,nan,phase3_12c_matched_reset_no_phase4_no_cps
condition_nearest_upper,1,free,312001,phase312_seed_block,1,1,0.0,0.0,0.0,0,0.0,0.0400606170296669,0.0,0.0,free,1,664,664,free,0.10422787070274353,0.10422787070274353,nan,0.5049499273300171,0.0,0.04113955795764923,nan,nan,nan,phase3_12c_matched_reset_no_phase4_no_cps
condition_nearest_upper,1,free,312001,phase312_seed_block,1,2,0.0,0.0,0.0,0,0.0,0.04025118798017502,0.0,0.0,free,1,656,656,free,0.07998613268136978,0.07998613268136978,nan,0.2917689383029938,0.0,0.07473231852054596,nan,nan,nan,phase3_12c_matched_reset_no_phase4_no_cps
condition_nearest_upper,1,free,312001,phase312_seed_block,1,3,0.0,0.0,0.0,0,0.0,0.040037184953689575,0.0,0.0,free,1,108,108,free,0.05275938659906387,0.05275938659906387,nan,0.24281084537506104,0.0,0.08752546459436417,nan,nan,nan,phase3_12c_matched_reset_no_phase4_no_cps
condition_nearest_upper,1,free,312001,phase312_seed_block,1,4,0.0,0.0,0.0,0,0.0,0.039979904890060425,0.0,0.0,free,1,664,664,free,0.04352179914712906,0.04352179914712906,nan,0.4351344704627991,0.0,0.09901321679353714,nan,nan,nan,phase3_12c_matched_reset_no_phase4_no_cps
condition_nearest_upper,1,free,312001,phase312_seed_block,1,5,0.0,0.0,0.0,0,0.0,0.03965618461370468,0.0,0.0,free,1,664,664,free,0.05340141803026199,0.05340141803026199,nan,0.4522041976451874,0.0,0.11562489718198776,nan,nan,nan,phase3_12c_matched_reset_no_phase4_no_cps
condition_nearest_upper,1,free,312001,phase312_seed_block,1,6,0.0,0.0,0.0,0,0.0,0.03913646191358566,0.0,0.0,free,1,656,656,free,0.05031959339976311,0.05031959339976311,nan,0.23012185096740723,0.0,0.07733552902936935,nan,nan,nan,phase3_12c_matched_reset_no_phase4_no_cps
condition_nearest_upper,1,free,312001,phase312_seed_block,1,7,0.0,0.0,0.0,0,0.0,0.04014187306165695,0.0,0.0,free,1,660,660,free,0.04767855629324913,0.04767855629324913,nan,0.31054404377937317,0.0,0.07525856047868729,nan,nan,nan,phase3_12c_matched_reset_no_phase4_no_cps
condition_nearest_upper,1,free,312001,phase312_seed_block,1,8,0.0,0.0,0.0,0,0.0,0.03975170850753784,0.0,0.0,free,1,664,664,free,0.0470755361020565,0.0470755361020565,nan,0.46283379197120667,0.0,0.11468521505594254,nan,nan,nan,phase3_12c_matched_reset_no_phase4_no_cps
condition_nearest_upper,1,free,312001,phase312_seed_block,1,9,0.0,0.0,0.0,0,0.0,0.04009240120649338,0.0,0.0,free,1,656,656,free,0.05521217733621597,0.05521217733621597,nan,0.27919718623161316,0.0,0.07714279741048813,nan,nan,nan,phase3_12c_matched_reset_no_phase4_no_cps
condition_nearest_upper,1,free,312001,phase312_seed_block,1,10,0.0,0.0,0.0,0,0.0,0.03982190042734146,0.0,0.0,free,1,660,660,free,0.05257771909236908,0.05257771909236908,nan,0.3112674355506897,0.0,0.08844806253910065,nan,nan,nan,phase3_12c_matched_reset_no_phase4_no_cps
condition_nearest_upper,1,free,312001,phase312_seed_block,1,11,0.0,0.0,0.0,0,0.0,0.03947630152106285,0.0,0.0,free,1,664,664,free,0.04716276004910469,0.04716276004910469,nan,0.46177423000335693,0.0,0.11564391851425171,nan,nan,nan,phase3_12c_matched_reset_no_phase4_no_cps
condition_nearest_upper,1,free,312001,phase312_seed_block,1,12,0.0,0.0,0.0,0,0.0,0.03956951946020126,0.0,0.0,free,1,656,656,free,0.05533693730831146,0.05533693730831146,nan,0.2729867994785309,0.0,0.076085664331913,nan,nan,nan,phase3_12c_matched_reset_no_phase4_no_cps
condition_nearest_upper,1,free,312001,phase312_seed_block,1,13,0.0,0.0,0.0,0,0.0,0.039329953491687775,0.0,0.0,free,1,660,660,free,0.052811894565820694,0.052811894565820694,nan,0.3116361200809479,0.0,0.08842343091964722,nan,nan,nan,phase3_12c_matched_reset_no_phase4_no_cps
condition_nearest_upper,1,free,312001,phase312_seed_block,1,14,0.0,0.0,0.0,0,0.0,0.03949890285730362,0.0,0.0,free,1,664,664,free,0.04732349142432213,0.04732349142432213,nan,0.4578578472137451,0.0,0.1154170110821724,nan,nan,nan,phase3_12c_matched_reset_no_phase4_no_cps
condition_nearest_upper,1,free,312001,phase312_seed_block,1,15,0.0,0.0,0.0,0,0.0,0.03942400589585304,0.0,0.0,free,1,656,656,free,0.05551391839981079,0.05551391839981079,nan,0.27761974930763245,0.0,0.07628748565912247,nan,nan,nan,phase3_12c_matched_reset_no_phase4_no_cps
condition_nearest_upper,1,free,312002,phase312_seed_block,2,0,0.0,0.08333333333333333,0.08333333333333333,0,0.08333333333333333,0.0403023324906826,0.0,0.0,free,1,704,704,free,0.014200003817677498,0.014200003817677498,nan,0.6517680883407593,0.0,0.2542538046836853,nan,nan,nan,phase3_12c_matched_reset_no_phase4_no_cps
condition_nearest_upper,1,free,312002,phase312_seed_block,2,1,0.08333333333333333,0.08333333333333333,0.0,0,0.0,0.0402551107108593,0.0,0.0,free,1,264,264,free,0.07483045756816864,0.07483045756816864,nan,0.30799105763435364,0.0,0.14932860434055328,nan,nan,nan,phase3_12c_matched_reset_no_phase4_no_cps
condition_nearest_upper,1,free,312002,phase312_seed_block,2,2,0.08333333333333333,0.08333333333333333,0.0,0,0.0,0.04047789424657822,0.0,0.0,free,1,164,164,free,0.04969087243080139,0.04969087243080139,nan,0.4833458364009857,0.0,0.013094743713736534,nan,nan,nan,phase3_12c_matched_reset_no_phase4_no_cps
condition_nearest_upper,1,free,312002,phase312_seed_block,2,3,0.08333333333333333,0.08333333333333333,0.0,0,0.0,0.04039241746068001,0.0,0.0,free,1,324,324,free,0.05207941681146622,0.05207941681146622,nan,0.6720394492149353,0.0,0.08844900876283646,nan,nan,nan,phase3_12c_matched_reset_no_phase4_no_cps
condition_nearest_upper,1,free,312002,phase312_seed_block,2,4,0.08333333333333333,0.08333333333333333,0.0,0,0.0,0.0403006412088871,0.0,0.0,free,1,328,328,free,0.046713344752788544,0.046713344752788544,nan,0.2533719837665558,0.0,0.0680662989616394,nan,nan,nan,phase3_12c_matched_reset_no_phase4_no_cps
condition_nearest_upper,1,free,312002,phase312_seed_block,2,5,0.08333333333333333,0.08333333333333333,0.0,0,0.0,0.03969039022922516,0.0,0.0,free,1,164,164,free,0.055650435388088226,0.055650435388088226,nan,0.4729364216327667,0.0,0.05477917939424515,nan,nan,nan,phase3_12c_matched_reset_no_phase4_no_cps
condition_nearest_upper,1,free,312002,phase312_seed_block,2,6,0.08333333333333333,0.08333333333333333,0.0,0,0.0,0.04071212187409401,0.0,0.0,free,1,164,164,free,0.03847084566950798,0.03847084566950798,nan,0.4964800775051117,0.0,0.029910162091255188,nan,nan,nan,phase3_12c_matched_reset_no_phase4_no_cps
condition_nearest_upper,1,free,312002,phase312_seed_block,2,7,0.08333333333333333,0.08333333333333333,0.0,0,0.0,0.04035327583551407,0.0,0.0,free,1,328,328,free,0.04683801531791687,0.04683801531791687,nan,0.2479654997587204,0.0,0.09377460181713104,nan,nan,nan,phase3_12c_matched_reset_no_phase4_no_cps
condition_nearest_upper,1,free,312002,phase312_seed_block,2,8,0.08333333333333333,0.041666666666666664,-0.041666666666666664,0,-0.041666666666666664,0.04038429260253906,0.0,0.0,free,1,328,328,free,0.05203460529446602,0.05203460529446602,nan,0.2612594664096832,0.0,0.03189161792397499,nan,nan,nan,phase3_12c_matched_reset_no_phase4_no_cps
condition_nearest_upper,1,free,312002,phase312_seed_block,2,9,0.041666666666666664,0.041666666666666664,0.0,0,0.0,0.040347225964069366,0.0,0.0,free,1,164,164,free,0.03918285667896271,0.03918285667896271,nan,0.4445595443248749,0.0,0.02759118191897869,nan,nan,nan,phase3_12c_matched_reset_no_phase4_no_cps
condition_nearest_upper,1,free,312002,phase312_seed_block,2,10,0.041666666666666664,0.041666666666666664,0.0,0,0.0,0.040107183158397675,0.0,0.0,free,1,324,324,free,0.04164877161383629,0.04164877161383629,nan,0.5938094258308411,0.0,0.04473505914211273,nan,nan,nan,phase3_12c_matched_reset_no_phase4_no_cps
condition_nearest_upper,1,free,312002,phase312_seed_block,2,11,0.041666666666666664,0.041666666666666664,0.0,0,0.0,0.04009297862648964,0.0,0.0,free,1,328,328,free,0.030303342267870903,0.030303342267870903,nan,0.2642435133457184,0.0,0.04332355409860611,nan,nan,nan,phase3_12c_matched_reset_no_phase4_no_cps
condition_nearest_upper,1,free,312002,phase312_seed_block,2,12,0.041666666666666664,0.0,-0.041666666666666664,0,-0.041666666666666664,0.039604153484106064,0.0,0.0,free,1,328,328,free,0.04204223304986954,0.04204223304986954,nan,0.31262117624282837,0.0,0.028354724869132042,nan,nan,nan,phase3_12c_matched_reset_no_phase4_no_cps
condition_nearest_upper,1,free,312002,phase312_seed_block,2,13,0.0,0.0,0.0,0,0.0,0.040325988084077835,0.0,0.0,free,1,164,164,free,0.03585071116685867,0.03585071116685867,nan,0.45655369758605957,0.0,0.04249301925301552,nan,nan,nan,phase3_12c_matched_reset_no_phase4_no_cps
condition_nearest_upper,1,free,312002,phase312_seed_block,2,14,0.0,0.0,0.0,0,0.0,0.04091709852218628,0.0,0.0,free,1,324,324,free,0.0397103913128376,0.0397103913128376,nan,0.6246595978736877,0.0,0.03765592724084854,nan,nan,nan,phase3_12c_matched_reset_no_phase4_no_cps
condition_nearest_upper,1,free,312002,phase312_seed_block,2,15,0.0,0.0,0.0,0,0.0,0.04054335132241249,0.0,0.0,free,1,328,328,free,0.02822289615869522,0.02822289615869522,nan,0.26814836263656616,0.0,0.03769955784082413,nan,nan,nan,phase3_12c_matched_reset_no_phase4_no_cps
condition_nearest_upper,1,free,312003,phase312_seed_block,3,0,0.0,0.0,0.0,0,0.0,0.040091730654239655,0.0,0.0,free,1,688,688,free,0.011790301650762558,0.011790301650762558,nan,0.7367214560508728,0.0,0.4465171992778778,nan,nan,nan,phase3_12c_matched_reset_no_phase4_no_cps
condition_nearest_upper,1,free,312003,phase312_seed_block,3,1,0.0,0.0,0.0,0,0.0,0.04015159234404564,0.0,0.0,free,1,656,656,free,0.12726303935050964,0.12726303935050964,nan,0.6974831819534302,0.0,0.38424065709114075,nan,nan,nan,phase3_12c_matched_reset_no_phase4_no_cps
condition_nearest_upper,1,free,312003,phase312_seed_block,3,2,0.0,0.0,0.0,0,0.0,0.03971771523356438,0.0,0.0,free,1,364,364,free,0.10162419825792313,0.10162419825792313,nan,0.9540161490440369,0.0,0.12391877174377441,nan,nan,nan,phase3_12c_matched_reset_no_phase4_no_cps
condition_nearest_upper,1,free,312003,phase312_seed_block,3,3,0.0,0.0,0.0,0,0.0,0.03981178253889084,0.0,0.0,free,1,652,652,free,0.10617630183696747,0.10617630183696747,nan,0.5859834551811218,0.0,0.05006804317235947,nan,nan,nan,phase3_12c_matched_reset_no_phase4_no_cps
condition_nearest_upper,1,free,312003,phase312_seed_block,3,4,0.0,0.0,0.0,0,0.0,0.03887036815285683,0.0,0.0,free,1,612,612,free,0.06477506458759308,0.06477506458759308,nan,0.32424429059028625,0.0,0.052121780812740326,nan,nan,nan,phase3_12c_matched_reset_no_phase4_no_cps
condition_nearest_upper,1,free,312003,phase312_seed_block,3,5,0.0,0.0,0.0,0,0.0,0.0404241643846035,0.0,0.0,free,1,612,612,free,0.07425518333911896,0.07425518333911896,nan,0.2657090425491333,0.0,0.04557352513074875,nan,nan,nan,phase3_12c_matched_reset_no_phase4_no_cps
condition_nearest_upper,1,free,312003,phase312_seed_block,3,6,0.0,0.0,0.0,0,0.0,0.04013662412762642,0.0,0.0,free,1,304,304,free,0.055656637996435165,0.055656637996435165,nan,0.6571033000946045,0.0,0.017915643751621246,nan,nan,nan,phase3_12c_matched_reset_no_phase4_no_cps
condition_nearest_upper,1,free,312003,phase312_seed_block,3,7,0.0,0.0,0.0,0,0.0,0.04029478132724762,0.0,0.0,free,1,304,304,free,0.04355300962924957,0.04355300962924957,nan,0.7280029058456421,0.0,0.018268652260303497,nan,nan,nan,phase3_12c_matched_reset_no_phase4_no_cps
condition_nearest_upper,1,free,312003,phase312_seed_block,3,8,0.0,0.0,0.0,0,0.0,0.04021529480814934,0.0,0.0,free,1,304,304,free,0.05231447145342827,0.05231447145342827,nan,0.7743866443634033,0.0,0.032432153820991516,nan,nan,nan,phase3_12c_matched_reset_no_phase4_no_cps
condition_nearest_upper,1,free,312003,phase312_seed_block,3,9,0.0,0.0,0.0,0,0.0,0.03956378996372223,0.0,0.0,free,1,304,304,free,0.054783567786216736,0.054783567786216736,nan,0.7991533279418945,0.0,0.045500174164772034,nan,nan,nan,phase3_12c_matched_reset_no_phase4_no_cps
condition_nearest_upper,1,free,312003,phase312_seed_block,3,10,0.0,0.0,0.0,0,0.0,0.040174562484025955,0.0,0.0,free,1,304,304,free,0.05415019765496254,0.05415019765496254,nan,0.7860336899757385,0.0,0.04229401797056198,nan,nan,nan,phase3_12c_matched_reset_no_phase4_no_cps
condition_nearest_upper,1,free,312003,phase312_seed_block,3,11,0.0,0.0,0.0,0,0.0,0.03944725543260574,0.0,0.0,free,1,304,304,free,0.05332423374056816,0.05332423374056816,nan,0.7803745269775391,0.0,0.04112489894032478,nan,nan,nan,phase3_12c_matched_reset_no_phase4_no_cps
condition_nearest_upper,1,free,312003,phase312_seed_block,3,12,0.0,0.0,0.0,0,0.0,0.03995396941900253,0.0,0.0,free,1,304,304,free,0.05311974883079529,0.05311974883079529,nan,0.7820180058479309,0.0,0.041813090443611145,nan,nan,nan,phase3_12c_matched_reset_no_phase4_no_cps
condition_nearest_upper,1,free,312003,phase312_seed_block,3,13,0.0,0.0,0.0,0,0.0,0.04052240401506424,0.0,0.0,free,1,304,304,free,0.05323460325598717,0.05323460325598717,nan,0.7842700481414795,0.0,0.042123571038246155,nan,nan,nan,phase3_12c_matched_reset_no_phase4_no_cps
condition_nearest_upper,1,free,312003,phase312_seed_block,3,14,0.0,0.0,0.0,0,0.0,0.040231842547655106,0.0,0.0,free,1,304,304,free,0.05323060229420662,0.05323060229420662,nan,0.7871515154838562,0.0,0.042032863944768906,nan,nan,nan,phase3_12c_matched_reset_no_phase4_no_cps
condition_nearest_upper,1,free,312003,phase312_seed_block,3,15,0.0,0.0,0.0,0,0.0,0.04017573595046997,0.0,0.0,free,1,304,304,free,0.05321614816784859,0.05321614816784859,nan,0.7855941653251648,0.0,0.04198716953396797,nan,nan,nan,phase3_12c_matched_reset_no_phase4_no_cps
condition_nearest_upper,1,free,312500,phase312b_seed_block,4,0,0.0,0.0,0.0,0,0.0,0.039818670600652695,0.0,0.0,free,1,404,404,free,0.018636416643857956,0.018636416643857956,nan,0.315708190202713,0.0,0.1994008719921112,nan,nan,nan,phase3_12c_matched_reset_no_phase4_no_cps
condition_nearest_upper,1,free,312500,phase312b_seed_block,4,1,0.0,0.0,0.0,0,0.0,0.03987887501716614,0.0,0.0,free,1,264,264,free,0.07323303073644638,0.07323303073644638,nan,0.4091721177101135,0.0,0.19988836348056793,nan,nan,nan,phase3_12c_matched_reset_no_phase4_no_cps
condition_nearest_upper,1,free,312500,phase312b_seed_block,4,2,0.0,0.0,0.0,0,0.0,0.039857830852270126,0.0,0.0,free,1,760,760,free,0.06737247109413147,0.06737247109413147,nan,0.21021807193756104,0.0,0.10966235399246216,nan,nan,nan,phase3_12c_matched_reset_no_phase4_no_cps
condition_nearest_upper,1,free,312500,phase312b_seed_block,4,3,0.0,0.0,0.0,0,0.0,0.04026808589696884,0.0,0.0,free,1,760,760,free,0.047549791634082794,0.047549791634082794,nan,0.1841345876455307,0.0,0.10385353863239288,nan,nan,nan,phase3_12c_matched_reset_no_phase4_no_cps
condition_nearest_upper,1,free,312500,phase312b_seed_block,4,4,0.0,0.0,0.0,0,0.0,0.04006980359554291,0.0,0.0,free,1,760,760,free,0.04105304181575775,0.04105304181575775,nan,0.23134738206863403,0.0,0.09698730707168579,nan,nan,nan,phase3_12c_matched_reset_no_phase4_no_cps
condition_nearest_upper,1,free,312500,phase312b_seed_block,4,5,0.0,0.0,0.0,0,0.0,0.040801480412483215,0.0,0.0,free,1,760,760,free,0.041569340974092484,0.041569340974092484,nan,0.25155261158943176,0.0,0.09033958613872528,nan,nan,nan,phase3_12c_matched_reset_no_phase4_no_cps
condition_nearest_upper,1,free,312500,phase312b_seed_block,4,6,0.0,0.0,0.0,0,0.0,0.03972858935594559,0.0,0.0,free,1,304,304,free,0.03793477267026901,0.03793477267026901,nan,0.45160719752311707,0.0,0.06575661152601242,nan,nan,nan,phase3_12c_matched_reset_no_phase4_no_cps
condition_nearest_upper,1,free,312500,phase312b_seed_block,4,7,0.0,0.0,0.0,0,0.0,0.0398339219391346,0.0,0.0,free,1,304,304,free,0.033610764890909195,0.033610764890909195,nan,0.4439014494419098,0.0,0.06480086594820023,nan,nan,nan,phase3_12c_matched_reset_no_phase4_no_cps
condition_nearest_upper,1,free,312500,phase312b_seed_block,4,8,0.0,0.0,0.0,0,0.0,0.039705853909254074,0.0,0.0,free,1,304,304,free,0.03329215198755264,0.03329215198755264,nan,0.5122604370117188,0.0,0.05583479255437851,nan,nan,nan,phase3_12c_matched_reset_no_phase4_no_cps
condition_nearest_upper,1,free,312500,phase312b_seed_block,4,9,0.0,0.0,0.0,0,0.0,0.040399763733148575,0.0,0.0,free,1,304,304,free,0.034699589014053345,0.034699589014053345,nan,0.5395237803459167,0.0,0.059594567865133286,nan,nan,nan,phase3_12c_matched_reset_no_phase4_no_cps
condition_nearest_upper,1,free,312500,phase312b_seed_block,4,10,0.0,0.0,0.0,0,0.0,0.04045814648270607,0.0,0.0,free,1,304,304,free,0.0357036367058754,0.0357036367058754,nan,0.5488538146018982,0.0,0.05916193500161171,nan,nan,nan,phase3_12c_matched_reset_no_phase4_no_cps
condition_nearest_upper,1,free,312500,phase312b_seed_block,4,11,0.0,0.0,0.0,0,0.0,0.039857614785432816,0.0,0.0,free,1,304,304,free,0.03603289648890495,0.03603289648890495,nan,0.5493075847625732,0.0,0.05968877300620079,nan,nan,nan,phase3_12c_matched_reset_no_phase4_no_cps
condition_nearest_upper,1,free,312500,phase312b_seed_block,4,12,0.0,0.0,0.0,0,0.0,0.04030199721455574,0.0,0.0,free,1,304,304,free,0.036114513874053955,0.036114513874053955,nan,0.5514111518859863,0.0,0.059413108974695206,nan,nan,nan,phase3_12c_matched_reset_no_phase4_no_cps
condition_nearest_upper,1,free,312500,phase312b_seed_block,4,13,0.0,0.0,0.0,0,0.0,0.040067240595817566,0.0,0.0,free,1,304,304,free,0.03608838841319084,0.03608838841319084,nan,0.5492444634437561,0.0,0.05944312363862991,nan,nan,nan,phase3_12c_matched_reset_no_phase4_no_cps
condition_nearest_upper,1,free,312500,phase312b_seed_block,4,14,0.0,0.0,0.0,0,0.0,0.039937641471624374,0.0,0.0,free,1,304,304,free,0.03604371100664139,0.03604371100664139,nan,0.5487603545188904,0.0,0.05912529677152634,nan,nan,nan,phase3_12c_matched_reset_no_phase4_no_cps
condition_nearest_upper,1,free,312500,phase312b_seed_block,4,15,0.0,0.0,0.0,0,0.0,0.04018789157271385,0.0,0.0,free,1,304,304,free,0.036043282598257065,0.036043282598257065,nan,0.5463219881057739,0.0,0.059452254325151443,nan,nan,nan,phase3_12c_matched_reset_no_phase4_no_cps
condition_nearest_upper,1,free,312501,phase312b_seed_block,5,0,0.0,0.125,0.125,0,0.125,0.03906053677201271,0.0,0.0,free,1,764,764,free,0.0100623220205307,0.0100623220205307,nan,0.5431002974510193,0.0,0.330344021320343,nan,nan,nan,phase3_12c_matched_reset_no_phase4_no_cps
condition_nearest_upper,1,free,312501,phase312b_seed_block,5,1,0.125,0.125,0.0,0,0.0,0.03930438682436943,0.0,0.0,free,1,444,444,free,0.08312708884477615,0.08312708884477615,nan,0.5541020631790161,0.0,0.12346083670854568,nan,nan,nan,phase3_12c_matched_reset_no_phase4_no_cps
condition_nearest_upper,1,free,312501,phase312b_seed_block,5,2,0.125,0.125,0.0,0,0.0,0.039780743420124054,0.0,0.0,free,1,444,444,free,0.06998822093009949,0.06998822093009949,nan,0.5455923676490784,0.0,0.06186240166425705,nan,nan,nan,phase3_12c_matched_reset_no_phase4_no_cps
condition_nearest_upper,1,free,312501,phase312b_seed_block,5,3,0.125,0.125,0.0,0,0.0,0.035845108330249786,0.0,0.0,free,1,464,464,free,0.054108940064907074,0.054108940064907074,nan,0.42312195897102356,0.0,0.05155983567237854,nan,nan,nan,phase3_12c_matched_reset_no_phase4_no_cps
condition_nearest_upper,1,free,312501,phase312b_seed_block,5,4,0.125,0.125,0.0,0,0.0,0.03704780340194702,0.0,0.0,free,1,468,468,free,0.05632539466023445,0.05632539466023445,nan,0.5559313297271729,0.0,0.04790357127785683,nan,nan,nan,phase3_12c_matched_reset_no_phase4_no_cps
condition_nearest_upper,1,free,312501,phase312b_seed_block,5,5,0.125,0.125,0.0,0,0.0,0.03637992590665817,0.0,0.0,free,1,468,468,free,0.056194256991147995,0.056194256991147995,nan,0.6215628981590271,0.0,0.03964293748140335,nan,nan,nan,phase3_12c_matched_reset_no_phase4_no_cps
condition_nearest_upper,1,free,312501,phase312b_seed_block,5,6,0.125,0.125,0.0,0,0.0,0.03982691094279289,0.0,0.0,free,1,468,468,free,0.05568055063486099,0.05568055063486099,nan,0.5995088219642639,0.0,0.02705063298344612,nan,nan,nan,phase3_12c_matched_reset_no_phase4_no_cps
condition_nearest_upper,1,free,312501,phase312b_seed_block,5,7,0.125,0.125,0.0,0,0.0,0.039799947291612625,0.0,0.0,free,1,468,468,free,0.05635428428649902,0.05635428428649902,nan,0.6175484657287598,0.0,0.026103129610419273,nan,nan,nan,phase3_12c_matched_reset_no_phase4_no_cps
condition_nearest_upper,1,free,312501,phase312b_seed_block,5,8,0.125,0.125,0.0,0,0.0,0.04044898971915245,0.0,0.0,free,1,468,468,free,0.05695131793618202,0.05695131793618202,nan,0.6475898623466492,0.0,0.02460527792572975,nan,nan,nan,phase3_12c_matched_reset_no_phase4_no_cps
condition_nearest_upper,1,free,312501,phase312b_seed_block,5,9,0.125,0.125,0.0,0,0.0,0.04051290079951286,0.0,0.0,free,1,468,468,free,0.05728204920887947,0.05728204920887947,nan,0.6645916700363159,0.0,0.02334444411098957,nan,nan,nan,phase3_12c_matched_reset_no_phase4_no_cps
condition_nearest_upper,1,free,312501,phase312b_seed_block,5,10,0.125,0.125,0.0,0,0.0,0.03997882828116417,0.0,0.0,free,1,468,468,free,0.05739925429224968,0.05739925429224968,nan,0.6825817823410034,0.0,0.02299564518034458,nan,nan,nan,phase3_12c_matched_reset_no_phase4_no_cps
condition_nearest_upper,1,free,312501,phase312b_seed_block,5,11,0.125,0.125,0.0,0,0.0,0.040381867438554764,0.0,0.0,free,1,468,468,free,0.057544536888599396,0.057544536888599396,nan,0.6888412833213806,0.0,0.023094845935702324,nan,nan,nan,phase3_12c_matched_reset_no_phase4_no_cps
condition_nearest_upper,1,free,312501,phase312b_seed_block,5,12,0.125,0.125,0.0,0,0.0,0.040101878345012665,0.0,0.0,free,1,468,468,free,0.05769142881035805,0.05769142881035805,nan,0.6887218356132507,0.0,0.021814337000250816,nan,nan,nan,phase3_12c_matched_reset_no_phase4_no_cps
condition_nearest_upper,1,free,312501,phase312b_seed_block,5,13,0.125,0.125,0.0,0,0.0,0.03997436538338661,0.0,0.0,free,1,468,468,free,0.05787352845072746,0.05787352845072746,nan,0.68435138463974,0.0,0.021561356261372566,nan,nan,nan,phase3_12c_matched_reset_no_phase4_no_cps
condition_nearest_upper,1,free,312501,phase312b_seed_block,5,14,0.125,0.125,0.0,0,0.0,0.04029877111315727,0.0,0.0,free,1,660,660,free,0.05796588957309723,0.05796588957309723,nan,0.43724361062049866,0.0,0.04318838566541672,nan,nan,nan,phase3_12c_matched_reset_no_phase4_no_cps
condition_nearest_upper,1,free,312501,phase312b_seed_block,5,15,0.125,0.125,0.0,0,0.0,0.0397469624876976,0.0,0.0,free,1,660,660,free,0.05463333800435066,0.05463333800435066,nan,0.4164569675922394,0.0,0.027287453413009644,nan,nan,nan,phase3_12c_matched_reset_no_phase4_no_cps
condition_nearest_upper,1,free,312502,phase312b_seed_block,6,0,0.0,0.0,0.0,0,0.0,0.038705307990312576,0.0,0.0,free,1,212,212,free,0.023739242926239967,0.023739242926239967,nan,0.548804759979248,0.0,0.4382392168045044,nan,nan,nan,phase3_12c_matched_reset_no_phase4_no_cps
condition_nearest_upper,1,free,312502,phase312b_seed_block,6,1,0.0,0.0,0.0,0,0.0,0.03939894214272499,0.0,0.0,free,1,348,348,free,0.10435222834348679,0.10435222834348679,nan,0.7209639549255371,0.0,0.049482475966215134,nan,nan,nan,phase3_12c_matched_reset_no_phase4_no_cps
condition_nearest_upper,1,free,312502,phase312b_seed_block,6,2,0.0,0.0,0.0,0,0.0,0.0390934944152832,0.0,0.0,free,1,348,348,free,0.0971870869398117,0.0971870869398117,nan,0.9005393981933594,0.0,0.08922823518514633,nan,nan,nan,phase3_12c_matched_reset_no_phase4_no_cps
condition_nearest_upper,1,free,312502,phase312b_seed_block,6,3,0.0,0.0,0.0,0,0.0,0.0399736613035202,0.0,0.0,free,1,468,468,free,0.09340082108974457,0.09340082108974457,nan,0.6803216338157654,0.0,0.11221326142549515,nan,nan,nan,phase3_12c_matched_reset_no_phase4_no_cps
condition_nearest_upper,1,free,312502,phase312b_seed_block,6,4,0.0,0.0,0.0,0,0.0,0.03910769149661064,0.0,0.0,free,1,468,468,free,0.08889272809028625,0.08889272809028625,nan,0.565686047077179,0.0,0.11867859959602356,nan,nan,nan,phase3_12c_matched_reset_no_phase4_no_cps
condition_nearest_upper,1,free,312502,phase312b_seed_block,6,5,0.0,0.0,0.0,0,0.0,0.03963793069124222,0.0,0.0,free,1,468,468,free,0.09047775715589523,0.09047775715589523,nan,0.4897564649581909,0.0,0.1183740571141243,nan,nan,nan,phase3_12c_matched_reset_no_phase4_no_cps
condition_nearest_upper,1,free,312502,phase312b_seed_block,6,6,0.0,0.0,0.0,0,0.0,0.03960178419947624,0.0,0.0,free,1,468,468,free,0.08944596350193024,0.08944596350193024,nan,0.5209426283836365,0.0,0.11693615466356277,nan,nan,nan,phase3_12c_matched_reset_no_phase4_no_cps
condition_nearest_upper,1,free,312502,phase312b_seed_block,6,7,0.0,0.0,0.0,0,0.0,0.04008432477712631,0.0,0.0,free,1,468,468,free,0.08807400614023209,0.08807400614023209,nan,0.5431120991706848,0.0,0.11441455036401749,nan,nan,nan,phase3_12c_matched_reset_no_phase4_no_cps
condition_nearest_upper,1,free,312502,phase312b_seed_block,6,8,0.0,0.0,0.0,0,0.0,0.040373794734478,0.0,0.0,free,1,468,468,free,0.08763863891363144,0.08763863891363144,nan,0.5347658395767212,0.0,0.11410903185606003,nan,nan,nan,phase3_12c_matched_reset_no_phase4_no_cps
condition_nearest_upper,1,free,312502,phase312b_seed_block,6,9,0.0,0.0,0.0,0,0.0,0.03953060135245323,0.0,0.0,free,1,468,468,free,0.08778861910104752,0.08778861910104752,nan,0.5265383124351501,0.0,0.11344990879297256,nan,nan,nan,phase3_12c_matched_reset_no_phase4_no_cps
condition_nearest_upper,1,free,312502,phase312b_seed_block,6,10,0.0,0.0,0.0,0,0.0,0.04040626436471939,0.0,0.0,free,1,468,468,free,0.0879213809967041,0.0879213809967041,nan,0.5286284685134888,0.0,0.11428826302289963,nan,nan,nan,phase3_12c_matched_reset_no_phase4_no_cps
condition_nearest_upper,1,free,312502,phase312b_seed_block,6,11,0.0,0.0,0.0,0,0.0,0.04001079499721527,0.0,0.0,free,1,468,468,free,0.08790849894285202,0.08790849894285202,nan,0.5295414924621582,0.0,0.11417370289564133,nan,nan,nan,phase3_12c_matched_reset_no_phase4_no_cps
condition_nearest_upper,1,free,312502,phase312b_seed_block,6,12,0.0,0.0,0.0,0,0.0,0.03978486731648445,0.0,0.0,free,1,468,468,free,0.08783526718616486,0.08783526718616486,nan,0.5251314640045166,0.0,0.11436405777931213,nan,nan,nan,phase3_12c_matched_reset_no_phase4_no_cps
condition_nearest_upper,1,free,312502,phase312b_seed_block,6,13,0.0,0.0,0.0,0,0.0,0.040006328374147415,0.0,0.0,free,1,468,468,free,0.08787897974252701,0.08787897974252701,nan,0.5272657871246338,0.0,0.11430476605892181,nan,nan,nan,phase3_12c_matched_reset_no_phase4_no_cps
condition_nearest_upper,1,free,312502,phase312b_seed_block,6,14,0.0,0.0,0.0,0,0.0,0.03981122002005577,0.0,0.0,free,1,468,468,free,0.0878932774066925,0.0878932774066925,nan,0.5228642225265503,0.0,0.11405903846025467,nan,nan,nan,phase3_12c_matched_reset_no_phase4_no_cps
condition_nearest_upper,1,free,312502,phase312b_seed_block,6,15,0.0,0.0,0.0,0,0.0,0.03997410088777542,0.0,0.0,free,1,468,468,free,0.08784893900156021,0.08784893900156021,nan,0.5302121639251709,0.0,0.11453288048505783,nan,nan,nan,phase3_12c_matched_reset_no_phase4_no_cps
condition_nearest_upper,1,free,312503,phase312b_seed_block,7,0,0.0,0.0,0.0,0,0.0,0.040349554270505905,0.0,0.0,free,1,524,524,free,0.0140517707914114,0.0140517707914114,nan,0.6061505675315857,0.0,0.32694515585899353,nan,nan,nan,phase3_12c_matched_reset_no_phase4_no_cps
condition_nearest_upper,1,free,312503,phase312b_seed_block,7,1,0.0,0.0,0.0,0,0.0,0.039645180106163025,0.0,0.0,free,1,572,572,free,0.07388302683830261,0.07388302683830261,nan,0.5476114749908447,0.0,0.11092294007539749,nan,nan,nan,phase3_12c_matched_reset_no_phase4_no_cps
condition_nearest_upper,1,free,312503,phase312b_seed_block,7,2,0.0,0.0,0.0,0,0.0,0.040563661605119705,0.0,0.0,free,1,260,260,free,0.07881873100996017,0.07881873100996017,nan,0.23605211079120636,0.0,0.15238173305988312,nan,nan,nan,phase3_12c_matched_reset_no_phase4_no_cps
condition_nearest_upper,1,free,312503,phase312b_seed_block,7,3,0.0,0.0,0.0,0,0.0,0.03967669606208801,0.0,0.0,free,1,264,264,free,0.06276874989271164,0.06276874989271164,nan,0.2923835813999176,0.0,0.1577601134777069,nan,nan,nan,phase3_12c_matched_reset_no_phase4_no_cps
condition_nearest_upper,1,free,312503,phase312b_seed_block,7,4,0.0,0.0,0.0,0,0.0,0.039872217923402786,0.0,0.0,free,1,264,264,free,0.058908335864543915,0.058908335864543915,nan,0.3249697983264923,0.0,0.16057786345481873,nan,nan,nan,phase3_12c_matched_reset_no_phase4_no_cps
condition_nearest_upper,1,free,312503,phase312b_seed_block,7,5,0.0,0.0,0.0,0,0.0,0.039757974445819855,0.0,0.0,free,1,264,264,free,0.05994345247745514,0.05994345247745514,nan,0.3071105182170868,0.0,0.1465427130460739,nan,nan,nan,phase3_12c_matched_reset_no_phase4_no_cps
condition_nearest_upper,1,free,312503,phase312b_seed_block,7,6,0.0,0.0,0.0,0,0.0,0.04019564017653465,0.0,0.0,free,1,256,256,free,0.06074046716094017,0.06074046716094017,nan,0.4873308539390564,0.0,0.12120655179023743,nan,nan,nan,phase3_12c_matched_reset_no_phase4_no_cps
condition_nearest_upper,1,free,312503,phase312b_seed_block,7,7,0.0,0.0,0.0,0,0.0,0.0404476560652256,0.0,0.0,free,1,260,260,free,0.05738517642021179,0.05738517642021179,nan,0.30179476737976074,0.0,0.12127953767776489,nan,nan,nan,phase3_12c_matched_reset_no_phase4_no_cps
condition_nearest_upper,1,free,312503,phase312b_seed_block,7,8,0.0,0.0,0.0,0,0.0,0.04001970589160919,0.0,0.0,free,1,264,264,free,0.051669493317604065,0.051669493317604065,nan,0.26072368025779724,0.0,0.14867548644542694,nan,nan,nan,phase3_12c_matched_reset_no_phase4_no_cps
condition_nearest_upper,1,free,312503,phase312b_seed_block,7,9,0.0,0.0,0.0,0,0.0,0.040797993540763855,0.0,0.0,free,1,264,264,free,0.05165800824761391,0.05165800824761391,nan,0.22111432254314423,0.0,0.18263615667819977,nan,nan,nan,phase3_12c_matched_reset_no_phase4_no_cps
condition_nearest_upper,1,free,312503,phase312b_seed_block,7,10,0.0,0.0,0.0,0,0.0,0.04032910615205765,0.0,0.0,free,1,264,264,free,0.05135204270482063,0.05135204270482063,nan,0.21929825842380524,0.0,0.16835620999336243,nan,nan,nan,phase3_12c_matched_reset_no_phase4_no_cps
condition_nearest_upper,1,free,312503,phase312b_seed_block,7,11,0.0,0.0,0.0,0,0.0,0.04023560509085655,0.0,0.0,free,1,264,264,free,0.05144006013870239,0.05144006013870239,nan,0.2247558981180191,0.0,0.16901403665542603,nan,nan,nan,phase3_12c_matched_reset_no_phase4_no_cps
condition_nearest_upper,1,free,312503,phase312b_seed_block,7,12,0.0,0.0,0.0,0,0.0,0.04038526862859726,0.0,0.0,free,1,264,264,free,0.05132404714822769,0.05132404714822769,nan,0.22310693562030792,0.0,0.1702006310224533,nan,nan,nan,phase3_12c_matched_reset_no_phase4_no_cps
condition_nearest_upper,1,free,312503,phase312b_seed_block,7,13,0.0,0.0,0.0,0,0.0,0.04021019488573074,0.0,0.0,free,1,264,264,free,0.05096474289894104,0.05096474289894104,nan,0.22275955975055695,0.0,0.17115452885627747,nan,nan,nan,phase3_12c_matched_reset_no_phase4_no_cps
condition_nearest_upper,1,free,312503,phase312b_seed_block,7,14,0.0,0.0,0.0,0,0.0,0.04050673916935921,0.0,0.0,free,1,264,264,free,0.05094834044575691,0.05094834044575691,nan,0.21948722004890442,0.0,0.17121481895446777,nan,nan,nan,phase3_12c_matched_reset_no_phase4_no_cps
condition_nearest_upper,1,free,312503,phase312b_seed_block,7,15,0.0,0.0,0.0,0,0.0,0.04019201174378395,0.0,0.0,free,1,264,264,free,0.05100284516811371,0.05100284516811371,nan,0.21797558665275574,0.0,0.17106516659259796,nan,nan,nan,phase3_12c_matched_reset_no_phase4_no_cps
condition_nearest_upper,1,hidden_breakaway_pin,312000,phase312_seed_block,0,0,0.20833333333333334,0.0,-0.20833333333333334,0,-0.20833333333333334,0.03968871384859085,0.0,0.0,hidden_breakaway_pin,1,747,747,hidden_breakaway_pin,0.0161869116127491,0.0161869116127491,nan,0.47508832812309265,0.0,0.2858218252658844,nan,nan,nan,phase3_12c_matched_reset_no_phase4_no_cps
condition_nearest_upper,1,hidden_breakaway_pin,312000,phase312_seed_block,0,1,0.0,0.0,0.0,0,0.0,0.03122260794043541,0.0,0.0,hidden_breakaway_pin,1,267,267,hidden_breakaway_pin,0.07921890914440155,0.07921890914440155,nan,0.21193359792232513,0.0,0.09745361655950546,nan,nan,nan,phase3_12c_matched_reset_no_phase4_no_cps
condition_nearest_upper,1,hidden_breakaway_pin,312000,phase312_seed_block,0,2,0.0,0.0,0.0,0,0.0,0.02887064591050148,0.0,0.0,hidden_breakaway_pin,1,447,447,hidden_breakaway_pin,0.0620558001101017,0.0620558001101017,nan,0.13559778034687042,0.0,0.05932962894439697,nan,nan,nan,phase3_12c_matched_reset_no_phase4_no_cps
condition_nearest_upper,1,hidden_breakaway_pin,312000,phase312_seed_block,0,3,0.0,0.0,0.0,0,0.0,0.029318256303668022,0.0,0.0,hidden_breakaway_pin,1,667,667,hidden_breakaway_pin,0.06048842892050743,0.06048842892050743,nan,0.19227130711078644,0.0,0.051505155861377716,nan,nan,nan,phase3_12c_matched_reset_no_phase4_no_cps
condition_nearest_upper,1,hidden_breakaway_pin,312000,phase312_seed_block,0,4,0.0,0.0,0.0,0,0.0,0.04049484431743622,0.0,0.0,hidden_breakaway_pin,1,447,447,hidden_breakaway_pin,0.05105675011873245,0.05105675011873245,nan,0.23159562051296234,0.0,0.0753810778260231,nan,nan,nan,phase3_12c_matched_reset_no_phase4_no_cps
condition_nearest_upper,1,hidden_breakaway_pin,312000,phase312_seed_block,0,5,0.0,0.0,0.0,0,0.0,0.04053686186671257,0.0,0.0,hidden_breakaway_pin,1,447,447,hidden_breakaway_pin,0.0444025956094265,0.0444025956094265,nan,0.21200063824653625,0.0,0.08066404610872269,nan,nan,nan,phase3_12c_matched_reset_no_phase4_no_cps
condition_nearest_upper,1,hidden_breakaway_pin,312000,phase312_seed_block,0,6,0.0,0.0,0.0,0,0.0,0.04025780037045479,0.0,0.0,hidden_breakaway_pin,1,447,447,hidden_breakaway_pin,0.05582290142774582,0.05582290142774582,nan,0.20758630335330963,0.0,0.08313474804162979,nan,nan,nan,phase3_12c_matched_reset_no_phase4_no_cps
condition_nearest_upper,1,hidden_breakaway_pin,312000,phase312_seed_block,0,7,0.0,0.0,0.0,0,0.0,0.039526864886283875,0.0,0.0,hidden_breakaway_pin,1,447,447,hidden_breakaway_pin,0.05244046077132225,0.05244046077132225,nan,0.223174050450325,0.0,0.08634857088327408,nan,nan,nan,phase3_12c_matched_reset_no_phase4_no_cps
condition_nearest_upper,1,hidden_breakaway_pin,312000,phase312_seed_block,0,8,0.0,0.0,0.0,0,0.0,0.04057535156607628,0.0,0.0,hidden_breakaway_pin,1,447,447,hidden_breakaway_pin,0.051294900476932526,0.051294900476932526,nan,0.22369995713233948,0.0,0.08529578149318695,nan,nan,nan,phase3_12c_matched_reset_no_phase4_no_cps
condition_nearest_upper,1,hidden_breakaway_pin,312000,phase312_seed_block,0,9,0.0,0.0,0.0,0,0.0,0.040059130638837814,0.0,0.0,hidden_breakaway_pin,1,447,447,hidden_breakaway_pin,0.05089319124817848,0.05089319124817848,nan,0.21660438179969788,0.0,0.08471747487783432,nan,nan,nan,phase3_12c_matched_reset_no_phase4_no_cps
condition_nearest_upper,1,hidden_breakaway_pin,312000,phase312_seed_block,0,10,0.0,0.0,0.0,0,0.0,0.04018464311957359,0.0,0.0,hidden_breakaway_pin,1,447,447,hidden_breakaway_pin,0.05128663033246994,0.05128663033246994,nan,0.2046864777803421,0.0,0.08365895599126816,nan,nan,nan,phase3_12c_matched_reset_no_phase4_no_cps
condition_nearest_upper,1,hidden_breakaway_pin,312000,phase312_seed_block,0,11,0.0,0.0,0.0,0,0.0,0.04029227793216705,0.0,0.0,hidden_breakaway_pin,1,447,447,hidden_breakaway_pin,0.05129985511302948,0.05129985511302948,nan,0.2071422040462494,0.0,0.08330697566270828,nan,nan,nan,phase3_12c_matched_reset_no_phase4_no_cps
condition_nearest_upper,1,hidden_breakaway_pin,312000,phase312_seed_block,0,12,0.0,0.0,0.0,0,0.0,0.03990025073289871,0.0,0.0,hidden_breakaway_pin,1,447,447,hidden_breakaway_pin,0.051299095153808594,0.051299095153808594,nan,0.20265460014343262,0.0,0.0834217295050621,nan,nan,nan,phase3_12c_matched_reset_no_phase4_no_cps
condition_nearest_upper,1,hidden_breakaway_pin,312000,phase312_seed_block,0,13,0.0,0.0,0.0,0,0.0,0.040207862854003906,0.0,0.0,hidden_breakaway_pin,1,447,447,hidden_breakaway_pin,0.051245708018541336,0.051245708018541336,nan,0.2021300196647644,0.0,0.08319783955812454,nan,nan,nan,phase3_12c_matched_reset_no_phase4_no_cps
condition_nearest_upper,1,hidden_breakaway_pin,312000,phase312_seed_block,0,14,0.0,0.0,0.0,0,0.0,0.03965027630329132,0.0,0.0,hidden_breakaway_pin,1,447,447,hidden_breakaway_pin,0.051236528903245926,0.051236528903245926,nan,0.20188303291797638,0.0,0.08292071521282196,nan,nan,nan,phase3_12c_matched_reset_no_phase4_no_cps
condition_nearest_upper,1,hidden_breakaway_pin,312000,phase312_seed_block,0,15,0.0,0.0,0.0,0,0.0,0.04029634967446327,0.0,0.0,hidden_breakaway_pin,1,447,447,hidden_breakaway_pin,0.051234468817710876,0.051234468817710876,nan,0.20516696572303772,0.0,0.08301445841789246,nan,nan,nan,phase3_12c_matched_reset_no_phase4_no_cps
condition_nearest_upper,1,hidden_breakaway_pin,312001,phase312_seed_block,1,0,0.0,0.0,0.0,0,0.0,0.040069904178380966,0.0,0.0,hidden_breakaway_pin,1,687,687,hidden_breakaway_pin,0.014754481613636017,0.014754481613636017,nan,1.0619579553604126,0.07142857142857142,0.3601950705051422,nan,nan,nan,phase3_12c_matched_reset_no_phase4_no_cps
condition_nearest_upper,1,hidden_breakaway_pin,312001,phase312_seed_block,1,1,0.0,0.0,0.0,0,0.0,0.039853110909461975,0.0,0.0,hidden_breakaway_pin,1,659,659,hidden_breakaway_pin,0.11043039709329605,0.11043039709329605,nan,0.6662595272064209,0.0,0.2044093906879425,nan,nan,nan,phase3_12c_matched_reset_no_phase4_no_cps
condition_nearest_upper,1,hidden_breakaway_pin,312001,phase312_seed_block,1,2,0.0,0.0,0.0,0,0.0,0.03080550953745842,0.0,0.0,hidden_breakaway_pin,1,659,659,hidden_breakaway_pin,0.09862468391656876,0.09862468391656876,nan,0.6621925830841064,0.0,0.08943994343280792,nan,nan,nan,phase3_12c_matched_reset_no_phase4_no_cps
condition_nearest_upper,1,hidden_breakaway_pin,312001,phase312_seed_block,1,3,0.0,0.0,0.0,0,0.0,0.030720489099621773,0.0,0.0,hidden_breakaway_pin,1,663,663,hidden_breakaway_pin,0.08948797732591629,0.08948797732591629,nan,0.8067358136177063,0.0,0.028526468202471733,nan,nan,nan,phase3_12c_matched_reset_no_phase4_no_cps
condition_nearest_upper,1,hidden_breakaway_pin,312001,phase312_seed_block,1,4,0.0,0.0,0.0,0,0.0,0.03089875914156437,0.0,0.0,hidden_breakaway_pin,1,659,659,hidden_breakaway_pin,0.07414368540048599,0.07414368540048599,nan,0.7016574740409851,0.0,0.03443412110209465,nan,nan,nan,phase3_12c_matched_reset_no_phase4_no_cps
condition_nearest_upper,1,hidden_breakaway_pin,312001,phase312_seed_block,1,5,0.0,0.0,0.0,0,0.0,0.03982390835881233,0.0,0.0,hidden_breakaway_pin,1,663,663,hidden_breakaway_pin,0.07409200072288513,0.07409200072288513,nan,0.7207329273223877,0.0,0.022382788360118866,nan,nan,nan,phase3_12c_matched_reset_no_phase4_no_cps
condition_nearest_upper,1,hidden_breakaway_pin,312001,phase312_seed_block,1,6,0.0,0.0,0.0,0,0.0,0.03922500088810921,0.0,0.0,hidden_breakaway_pin,1,663,663,hidden_breakaway_pin,0.07400616258382797,0.07400616258382797,nan,0.7065979242324829,0.0,0.017591720446944237,nan,nan,nan,phase3_12c_matched_reset_no_phase4_no_cps
condition_nearest_upper,1,hidden_breakaway_pin,312001,phase312_seed_block,1,7,0.0,0.0,0.0,0,0.0,0.04025231674313545,0.0,0.0,hidden_breakaway_pin,1,663,663,hidden_breakaway_pin,0.07429205626249313,0.07429205626249313,nan,0.6904926300048828,0.0,0.01898566074669361,nan,nan,nan,phase3_12c_matched_reset_no_phase4_no_cps
condition_nearest_upper,1,hidden_breakaway_pin,312001,phase312_seed_block,1,8,0.0,0.0,0.0,0,0.0,0.039741095155477524,0.0,0.0,hidden_breakaway_pin,1,663,663,hidden_breakaway_pin,0.07254498451948166,0.07254498451948166,nan,0.6850598454475403,0.0,0.018706850707530975,nan,nan,nan,phase3_12c_matched_reset_no_phase4_no_cps
condition_nearest_upper,1,hidden_breakaway_pin,312001,phase312_seed_block,1,9,0.0,0.0,0.0,0,0.0,0.03782358765602112,0.0,0.0,hidden_breakaway_pin,1,663,663,hidden_breakaway_pin,0.07247206568717957,0.07247206568717957,nan,0.686154842376709,0.0,0.02092153951525688,nan,nan,nan,phase3_12c_matched_reset_no_phase4_no_cps
condition_nearest_upper,1,hidden_breakaway_pin,312001,phase312_seed_block,1,10,0.0,0.0,0.0,0,0.0,0.03730366379022598,0.0,0.0,hidden_breakaway_pin,1,663,663,hidden_breakaway_pin,0.07167242467403412,0.07167242467403412,nan,0.6879092454910278,0.0,0.01755138300359249,nan,nan,nan,phase3_12c_matched_reset_no_phase4_no_cps
condition_nearest_upper,1,hidden_breakaway_pin,312001,phase312_seed_block,1,11,0.0,0.0,0.0,0,0.0,0.037492651492357254,0.0,0.0,hidden_breakaway_pin,1,663,663,hidden_breakaway_pin,0.07109882682561874,0.07109882682561874,nan,0.6989179849624634,0.0,0.015397784300148487,nan,nan,nan,phase3_12c_matched_reset_no_phase4_no_cps
condition_nearest_upper,1,hidden_breakaway_pin,312001,phase312_seed_block,1,12,0.0,0.0,0.0,0,0.0,0.0394708514213562,0.0,0.0,hidden_breakaway_pin,1,663,663,hidden_breakaway_pin,0.07094216346740723,0.07094216346740723,nan,0.69283527135849,0.0,0.01590133085846901,nan,nan,nan,phase3_12c_matched_reset_no_phase4_no_cps
condition_nearest_upper,1,hidden_breakaway_pin,312001,phase312_seed_block,1,13,0.0,0.0,0.0,0,0.0,0.03894506394863129,0.0,0.0,hidden_breakaway_pin,1,663,663,hidden_breakaway_pin,0.07020866125822067,0.07020866125822067,nan,0.6973392963409424,0.0,0.015286151319742203,nan,nan,nan,phase3_12c_matched_reset_no_phase4_no_cps
condition_nearest_upper,1,hidden_breakaway_pin,312001,phase312_seed_block,1,14,0.0,0.0,0.0,0,0.0,0.03981580212712288,0.0,0.0,hidden_breakaway_pin,1,663,663,hidden_breakaway_pin,0.0707058385014534,0.0707058385014534,nan,0.6729117631912231,0.0,0.014808254316449165,nan,nan,nan,phase3_12c_matched_reset_no_phase4_no_cps
condition_nearest_upper,1,hidden_breakaway_pin,312001,phase312_seed_block,1,15,0.0,0.0,0.0,0,0.0,0.04036075249314308,0.0,0.0,hidden_breakaway_pin,1,663,663,hidden_breakaway_pin,0.07047624886035919,0.07047624886035919,nan,0.6813670992851257,0.0,0.014210253022611141,nan,nan,nan,phase3_12c_matched_reset_no_phase4_no_cps
condition_nearest_upper,1,hidden_breakaway_pin,312002,phase312_seed_block,2,0,0.0,0.3333333333333333,0.3333333333333333,0,0.3333333333333333,0.04013146832585335,0.0,0.0,hidden_breakaway_pin,1,707,707,hidden_breakaway_pin,0.013412050902843475,0.013412050902843475,nan,0.6354416608810425,0.0,0.26244643330574036,nan,nan,nan,phase3_12c_matched_reset_no_phase4_no_cps
condition_nearest_upper,1,hidden_breakaway_pin,312002,phase312_seed_block,2,1,0.3333333333333333,0.3333333333333333,0.0,0,0.0,0.03134826943278313,0.0,0.0,hidden_breakaway_pin,1,267,267,hidden_breakaway_pin,0.07049498707056046,0.07049498707056046,nan,0.17256379127502441,0.0,0.07126873731613159,nan,nan,nan,phase3_12c_matched_reset_no_phase4_no_cps
condition_nearest_upper,1,hidden_breakaway_pin,312002,phase312_seed_block,2,2,0.3333333333333333,0.041666666666666664,-0.29166666666666663,0,-0.29166666666666663,0.032087087631225586,0.0,0.0,hidden_breakaway_pin,1,267,267,hidden_breakaway_pin,0.05698861554265022,0.05698861554265022,nan,0.3199986219406128,0.0,0.09173954278230667,nan,nan,nan,phase3_12c_matched_reset_no_phase4_no_cps
condition_nearest_upper,1,hidden_breakaway_pin,312002,phase312_seed_block,2,3,0.041666666666666664,0.0,-0.041666666666666664,0,-0.041666666666666664,0.03214750811457634,0.0,0.0,hidden_breakaway_pin,1,187,187,hidden_breakaway_pin,0.04225752130150795,0.04225752130150795,nan,0.2744129002094269,0.0,0.03252556920051575,nan,nan,nan,phase3_12c_matched_reset_no_phase4_no_cps
condition_nearest_upper,1,hidden_breakaway_pin,312002,phase312_seed_block,2,4,0.0,0.0,0.0,0,0.0,0.040480177849531174,0.0,0.0,hidden_breakaway_pin,1,195,195,hidden_breakaway_pin,0.040791451930999756,0.040791451930999756,nan,0.36784106492996216,0.0,0.08495119959115982,nan,nan,nan,phase3_12c_matched_reset_no_phase4_no_cps
condition_nearest_upper,1,hidden_breakaway_pin,312002,phase312_seed_block,2,5,0.0,0.0,0.0,0,0.0,0.03987441584467888,0.0,0.0,hidden_breakaway_pin,1,263,263,hidden_breakaway_pin,0.04420258477330208,0.04420258477330208,nan,0.587080180644989,0.0,0.04543368145823479,nan,nan,nan,phase3_12c_matched_reset_no_phase4_no_cps
condition_nearest_upper,1,hidden_breakaway_pin,312002,phase312_seed_block,2,6,0.0,0.0,0.0,0,0.0,0.040585510432720184,0.0,0.0,hidden_breakaway_pin,1,263,263,hidden_breakaway_pin,0.047385264188051224,0.047385264188051224,nan,0.5544048547744751,0.0,0.06244847923517227,nan,nan,nan,phase3_12c_matched_reset_no_phase4_no_cps
condition_nearest_upper,1,hidden_breakaway_pin,312002,phase312_seed_block,2,7,0.0,0.0,0.0,0,0.0,0.040027741342782974,0.0,0.0,hidden_breakaway_pin,1,267,267,hidden_breakaway_pin,0.04417208209633827,0.04417208209633827,nan,0.14895254373550415,0.0,0.04755165055394173,nan,nan,nan,phase3_12c_matched_reset_no_phase4_no_cps
condition_nearest_upper,1,hidden_breakaway_pin,312002,phase312_seed_block,2,8,0.0,0.0,0.0,0,0.0,0.040072228759527206,0.0,0.0,hidden_breakaway_pin,1,267,267,hidden_breakaway_pin,0.039559900760650635,0.039559900760650635,nan,0.13420894742012024,0.0,0.04864552989602089,nan,nan,nan,phase3_12c_matched_reset_no_phase4_no_cps
condition_nearest_upper,1,hidden_breakaway_pin,312002,phase312_seed_block,2,9,0.0,0.0,0.0,0,0.0,0.04031077399849892,0.0,0.0,hidden_breakaway_pin,1,187,187,hidden_breakaway_pin,0.04674924165010452,0.04674924165010452,nan,0.2126736342906952,0.0,0.07053452730178833,nan,nan,nan,phase3_12c_matched_reset_no_phase4_no_cps
condition_nearest_upper,1,hidden_breakaway_pin,312002,phase312_seed_block,2,10,0.0,0.25,0.25,0,0.25,0.040031980723142624,0.0,0.0,hidden_breakaway_pin,1,195,195,hidden_breakaway_pin,0.043420612812042236,0.043420612812042236,nan,0.34208768606185913,0.0,0.08781883120536804,nan,nan,nan,phase3_12c_matched_reset_no_phase4_no_cps
condition_nearest_upper,1,hidden_breakaway_pin,312002,phase312_seed_block,2,11,0.25,0.25,0.0,0,0.0,0.040214162319898605,0.0,0.0,hidden_breakaway_pin,1,263,263,hidden_breakaway_pin,0.04430929943919182,0.04430929943919182,nan,0.6370908617973328,0.0,0.032186295837163925,nan,nan,nan,phase3_12c_matched_reset_no_phase4_no_cps
condition_nearest_upper,1,hidden_breakaway_pin,312002,phase312_seed_block,2,12,0.25,0.25,0.0,0,0.0,0.039593424648046494,0.0,0.0,hidden_breakaway_pin,1,263,263,hidden_breakaway_pin,0.04390273243188858,0.04390273243188858,nan,0.6603784561157227,0.0,0.05419643595814705,nan,nan,nan,phase3_12c_matched_reset_no_phase4_no_cps
condition_nearest_upper,1,hidden_breakaway_pin,312002,phase312_seed_block,2,13,0.25,0.25,0.0,0,0.0,0.04027896374464035,0.0,0.0,hidden_breakaway_pin,1,267,267,hidden_breakaway_pin,0.043813902884721756,0.043813902884721756,nan,0.11068607866764069,0.0,0.0747719556093216,nan,nan,nan,phase3_12c_matched_reset_no_phase4_no_cps
condition_nearest_upper,1,hidden_breakaway_pin,312002,phase312_seed_block,2,14,0.25,0.25,0.0,0,0.0,0.04075491428375244,0.0,0.0,hidden_breakaway_pin,1,267,267,hidden_breakaway_pin,0.0374968983232975,0.0374968983232975,nan,0.09229809045791626,0.0,0.07012714445590973,nan,nan,nan,phase3_12c_matched_reset_no_phase4_no_cps
condition_nearest_upper,1,hidden_breakaway_pin,312002,phase312_seed_block,2,15,0.25,0.08333333333333333,-0.16666666666666669,0,-0.16666666666666669,0.04046246409416199,0.0,0.0,hidden_breakaway_pin,1,267,267,hidden_breakaway_pin,0.04116484522819519,0.04116484522819519,nan,0.10105471312999725,0.0,0.07299822568893433,nan,nan,nan,phase3_12c_matched_reset_no_phase4_no_cps
condition_nearest_upper,1,hidden_breakaway_pin,312003,phase312_seed_block,3,0,0.0,0.0,0.0,0,0.0,0.04006844758987427,0.0,0.0,hidden_breakaway_pin,1,691,691,hidden_breakaway_pin,0.014349880628287792,0.014349880628287792,nan,0.74837327003479,0.0,0.43869757652282715,nan,nan,nan,phase3_12c_matched_reset_no_phase4_no_cps
condition_nearest_upper,1,hidden_breakaway_pin,312003,phase312_seed_block,3,1,0.0,0.0,0.0,0,0.0,0.040058016777038574,0.0,0.0,hidden_breakaway_pin,1,659,659,hidden_breakaway_pin,0.12667450308799744,0.12667450308799744,nan,0.7785035371780396,0.0,0.30240243673324585,nan,nan,nan,phase3_12c_matched_reset_no_phase4_no_cps
condition_nearest_upper,1,hidden_breakaway_pin,312003,phase312_seed_block,3,2,0.0,0.0,0.0,0,0.0,0.019393321126699448,0.0,0.0,hidden_breakaway_pin,1,367,367,hidden_breakaway_pin,0.10322248190641403,0.10322248190641403,nan,0.860238254070282,0.0,0.11022911220788956,nan,nan,nan,phase3_12c_matched_reset_no_phase4_no_cps
condition_nearest_upper,1,hidden_breakaway_pin,312003,phase312_seed_block,3,3,0.0,0.0,0.0,0,0.0,0.023043746128678322,0.0,0.0,hidden_breakaway_pin,1,655,655,hidden_breakaway_pin,0.09727925807237625,0.09727925807237625,nan,0.655799150466919,0.0,0.028923504054546356,nan,nan,nan,phase3_12c_matched_reset_no_phase4_no_cps
condition_nearest_upper,1,hidden_breakaway_pin,312003,phase312_seed_block,3,4,0.0,0.0,0.0,0,0.0,0.021429026499390602,0.0,0.0,hidden_breakaway_pin,1,663,663,hidden_breakaway_pin,0.06488454341888428,0.06488454341888428,nan,0.756258487701416,0.0,0.015524500980973244,nan,nan,nan,phase3_12c_matched_reset_no_phase4_no_cps
condition_nearest_upper,1,hidden_breakaway_pin,312003,phase312_seed_block,3,5,0.0,0.0,0.0,0,0.0,0.040336478501558304,0.0,0.0,hidden_breakaway_pin,1,663,663,hidden_breakaway_pin,0.06818805634975433,0.06818805634975433,nan,0.6867005228996277,0.0,0.014680713415145874,nan,nan,nan,phase3_12c_matched_reset_no_phase4_no_cps
condition_nearest_upper,1,hidden_breakaway_pin,312003,phase312_seed_block,3,6,0.0,0.0,0.0,0,0.0,0.03966304287314415,0.0,0.0,hidden_breakaway_pin,1,663,663,hidden_breakaway_pin,0.06217726320028305,0.06217726320028305,nan,0.6322439908981323,0.0,0.017447253689169884,nan,nan,nan,phase3_12c_matched_reset_no_phase4_no_cps
condition_nearest_upper,1,hidden_breakaway_pin,312003,phase312_seed_block,3,7,0.0,0.0,0.0,0,0.0,0.040078382939100266,0.0,0.0,hidden_breakaway_pin,1,663,663,hidden_breakaway_pin,0.06151096522808075,0.06151096522808075,nan,0.6347091197967529,0.0,0.017850443720817566,nan,nan,nan,phase3_12c_matched_reset_no_phase4_no_cps
condition_nearest_upper,1,hidden_breakaway_pin,312003,phase312_seed_block,3,8,0.0,0.0,0.0,0,0.0,0.03973700478672981,0.0,0.0,hidden_breakaway_pin,1,663,663,hidden_breakaway_pin,0.06276696920394897,0.06276696920394897,nan,0.6282815933227539,0.0,0.014471649192273617,nan,nan,nan,phase3_12c_matched_reset_no_phase4_no_cps
condition_nearest_upper,1,hidden_breakaway_pin,312003,phase312_seed_block,3,9,0.0,0.0,0.0,0,0.0,0.039485763758420944,0.0,0.0,hidden_breakaway_pin,1,663,663,hidden_breakaway_pin,0.06395598500967026,0.06395598500967026,nan,0.6152148246765137,0.0,0.0115177808329463,nan,nan,nan,phase3_12c_matched_reset_no_phase4_no_cps
condition_nearest_upper,1,hidden_breakaway_pin,312003,phase312_seed_block,3,10,0.0,0.0,0.0,0,0.0,0.04008416831493378,0.0,0.0,hidden_breakaway_pin,1,663,663,hidden_breakaway_pin,0.06603792309761047,0.06603792309761047,nan,0.5997523665428162,0.0,0.011031587608158588,nan,nan,nan,phase3_12c_matched_reset_no_phase4_no_cps
condition_nearest_upper,1,hidden_breakaway_pin,312003,phase312_seed_block,3,11,0.0,0.0,0.0,0,0.0,0.039523571729660034,0.0,0.0,hidden_breakaway_pin,1,663,663,hidden_breakaway_pin,0.06737013161182404,0.06737013161182404,nan,0.6027640104293823,0.0,0.009528606198728085,nan,nan,nan,phase3_12c_matched_reset_no_phase4_no_cps
condition_nearest_upper,1,hidden_breakaway_pin,312003,phase312_seed_block,3,12,0.0,0.0,0.0,0,0.0,0.040011223405599594,0.0,0.0,hidden_breakaway_pin,1,663,663,hidden_breakaway_pin,0.06796129047870636,0.06796129047870636,nan,0.5976177453994751,0.0,0.008732086978852749,nan,nan,nan,phase3_12c_matched_reset_no_phase4_no_cps
condition_nearest_upper,1,hidden_breakaway_pin,312003,phase312_seed_block,3,13,0.0,0.0,0.0,0,0.0,0.04059556499123573,0.0,0.0,hidden_breakaway_pin,1,663,663,hidden_breakaway_pin,0.06831340491771698,0.06831340491771698,nan,0.5950930118560791,0.0,0.008243541233241558,nan,nan,nan,phase3_12c_matched_reset_no_phase4_no_cps
condition_nearest_upper,1,hidden_breakaway_pin,312003,phase312_seed_block,3,14,0.0,0.0,0.0,0,0.0,0.04014836251735687,0.0,0.0,hidden_breakaway_pin,1,663,663,hidden_breakaway_pin,0.06856412440538406,0.06856412440538406,nan,0.5874407887458801,0.0,0.007117558736354113,nan,nan,nan,phase3_12c_matched_reset_no_phase4_no_cps
condition_nearest_upper,1,hidden_breakaway_pin,312003,phase312_seed_block,3,15,0.0,0.0,0.0,0,0.0,0.03961377218365669,0.0,0.0,hidden_breakaway_pin,1,663,663,hidden_breakaway_pin,0.06844665855169296,0.06844665855169296,nan,0.5932914018630981,0.0,0.0049181352369487286,nan,nan,nan,phase3_12c_matched_reset_no_phase4_no_cps
condition_nearest_upper,1,hidden_breakaway_pin,312500,phase312b_seed_block,4,0,0.0,0.0,0.0,0,0.0,0.03970431536436081,0.0,0.0,hidden_breakaway_pin,1,407,407,hidden_breakaway_pin,0.01753012277185917,0.01753012277185917,nan,0.297495573759079,0.0,0.20822571218013763,nan,nan,nan,phase3_12c_matched_reset_no_phase4_no_cps
condition_nearest_upper,1,hidden_breakaway_pin,312500,phase312b_seed_block,4,1,0.0,0.0,0.0,0,0.0,0.040061842650175095,0.0,0.0,hidden_breakaway_pin,1,575,575,hidden_breakaway_pin,0.06884389370679855,0.06884389370679855,nan,0.5892233848571777,0.0,0.07193254679441452,nan,nan,nan,phase3_12c_matched_reset_no_phase4_no_cps
condition_nearest_upper,1,hidden_breakaway_pin,312500,phase312b_seed_block,4,2,0.0,0.0,0.0,0,0.0,0.03977518901228905,0.0,0.0,hidden_breakaway_pin,1,575,575,hidden_breakaway_pin,0.06397750228643417,0.06397750228643417,nan,0.6013500094413757,0.0,0.06653571128845215,nan,nan,nan,phase3_12c_matched_reset_no_phase4_no_cps
condition_nearest_upper,1,hidden_breakaway_pin,312500,phase312b_seed_block,4,3,0.0,0.0,0.0,0,0.0,0.04033083841204643,0.0,0.0,hidden_breakaway_pin,1,575,575,hidden_breakaway_pin,0.06570570170879364,0.06570570170879364,nan,0.6135588884353638,0.0,0.09214149415493011,nan,nan,nan,phase3_12c_matched_reset_no_phase4_no_cps
condition_nearest_upper,1,hidden_breakaway_pin,312500,phase312b_seed_block,4,4,0.0,0.0,0.0,0,0.0,0.03961826488375664,0.0,0.0,hidden_breakaway_pin,1,575,575,hidden_breakaway_pin,0.07187071442604065,0.07187071442604065,nan,0.6333255767822266,0.0,0.10923551768064499,nan,nan,nan,phase3_12c_matched_reset_no_phase4_no_cps
condition_nearest_upper,1,hidden_breakaway_pin,312500,phase312b_seed_block,4,5,0.0,0.0,0.0,0,0.0,0.04030781611800194,0.0,0.0,hidden_breakaway_pin,1,575,575,hidden_breakaway_pin,0.07381078600883484,0.07381078600883484,nan,0.6396283507347107,0.0,0.11080203950405121,nan,nan,nan,phase3_12c_matched_reset_no_phase4_no_cps
condition_nearest_upper,1,hidden_breakaway_pin,312500,phase312b_seed_block,4,6,0.0,0.0,0.0,0,0.0,0.03938015177845955,0.0,0.0,hidden_breakaway_pin,1,575,575,hidden_breakaway_pin,0.0761905163526535,0.0761905163526535,nan,0.6454909443855286,0.0,0.11637891083955765,nan,nan,nan,phase3_12c_matched_reset_no_phase4_no_cps
condition_nearest_upper,1,hidden_breakaway_pin,312500,phase312b_seed_block,4,7,0.0,0.0,0.0,0,0.0,0.03959055244922638,0.0,0.0,hidden_breakaway_pin,1,575,575,hidden_breakaway_pin,0.07784378528594971,0.07784378528594971,nan,0.649409294128418,0.0,0.12077920883893967,nan,nan,nan,phase3_12c_matched_reset_no_phase4_no_cps
condition_nearest_upper,1,hidden_breakaway_pin,312500,phase312b_seed_block,4,8,0.0,0.0,0.0,0,0.0,0.039622675627470016,0.0,0.0,hidden_breakaway_pin,1,575,575,hidden_breakaway_pin,0.07841760665178299,0.07841760665178299,nan,0.6489770412445068,0.0,0.12151253968477249,nan,nan,nan,phase3_12c_matched_reset_no_phase4_no_cps
condition_nearest_upper,1,hidden_breakaway_pin,312500,phase312b_seed_block,4,9,0.0,0.0,0.0,0,0.0,0.04025659337639809,0.0,0.0,hidden_breakaway_pin,1,575,575,hidden_breakaway_pin,0.07885590195655823,0.07885590195655823,nan,0.6509535312652588,0.0,0.12273751199245453,nan,nan,nan,phase3_12c_matched_reset_no_phase4_no_cps
condition_nearest_upper,1,hidden_breakaway_pin,312500,phase312b_seed_block,4,10,0.0,0.0,0.0,0,0.0,0.04000023007392883,0.0,0.0,hidden_breakaway_pin,1,575,575,hidden_breakaway_pin,0.07929627597332001,0.07929627597332001,nan,0.6522688865661621,0.0,0.12353907525539398,nan,nan,nan,phase3_12c_matched_reset_no_phase4_no_cps
condition_nearest_upper,1,hidden_breakaway_pin,312500,phase312b_seed_block,4,11,0.0,0.0,0.0,0,0.0,0.03975445777177811,0.0,0.0,hidden_breakaway_pin,1,575,575,hidden_breakaway_pin,0.07949990779161453,0.07949990779161453,nan,0.6529909372329712,0.0,0.1228346899151802,nan,nan,nan,phase3_12c_matched_reset_no_phase4_no_cps
condition_nearest_upper,1,hidden_breakaway_pin,312500,phase312b_seed_block,4,12,0.0,0.0,0.0,0,0.0,0.040338218212127686,0.0,0.0,hidden_breakaway_pin,1,575,575,hidden_breakaway_pin,0.07960786670446396,0.07960786670446396,nan,0.6495470404624939,0.0,0.12265690416097641,nan,nan,nan,phase3_12c_matched_reset_no_phase4_no_cps
condition_nearest_upper,1,hidden_breakaway_pin,312500,phase312b_seed_block,4,13,0.0,0.0,0.0,0,0.0,0.03994928300380707,0.0,0.0,hidden_breakaway_pin,1,575,575,hidden_breakaway_pin,0.07959110289812088,0.07959110289812088,nan,0.6462474465370178,0.0,0.122347392141819,nan,nan,nan,phase3_12c_matched_reset_no_phase4_no_cps
condition_nearest_upper,1,hidden_breakaway_pin,312500,phase312b_seed_block,4,14,0.0,0.0,0.0,0,0.0,0.0397179014980793,0.0,0.0,hidden_breakaway_pin,1,575,575,hidden_breakaway_pin,0.07945084571838379,0.07945084571838379,nan,0.6435885429382324,0.0,0.12212514132261276,nan,nan,nan,phase3_12c_matched_reset_no_phase4_no_cps
condition_nearest_upper,1,hidden_breakaway_pin,312500,phase312b_seed_block,4,15,0.0,0.0,0.0,0,0.0,0.04006509855389595,0.0,0.0,hidden_breakaway_pin,1,575,575,hidden_breakaway_pin,0.07924016565084457,0.07924016565084457,nan,0.6446889638900757,0.0,0.12208491563796997,nan,nan,nan,phase3_12c_matched_reset_no_phase4_no_cps
condition_nearest_upper,1,hidden_breakaway_pin,312501,phase312b_seed_block,5,0,0.0,0.08333333333333333,0.08333333333333333,0,0.08333333333333333,0.040132924914360046,0.0,0.0,hidden_breakaway_pin,1,767,767,hidden_breakaway_pin,0.011453099548816681,0.011453099548816681,nan,0.5573180913925171,0.0,0.3389698266983032,nan,nan,nan,phase3_12c_matched_reset_no_phase4_no_cps
condition_nearest_upper,1,hidden_breakaway_pin,312501,phase312b_seed_block,5,1,0.08333333333333333,0.08333333333333333,0.0,0,0.0,0.027200303971767426,0.0,0.0,hidden_breakaway_pin,1,447,447,hidden_breakaway_pin,0.08081530779600143,0.08081530779600143,nan,0.3638535141944885,0.0,0.13135918974876404,nan,nan,nan,phase3_12c_matched_reset_no_phase4_no_cps
condition_nearest_upper,1,hidden_breakaway_pin,312501,phase312b_seed_block,5,2,0.08333333333333333,0.08333333333333333,0.0,0,0.0,0.02766444906592369,0.0,0.0,hidden_breakaway_pin,1,447,447,hidden_breakaway_pin,0.06760888546705246,0.06760888546705246,nan,0.27367937564849854,0.0,0.06690149009227753,nan,nan,nan,phase3_12c_matched_reset_no_phase4_no_cps
condition_nearest_upper,1,hidden_breakaway_pin,312501,phase312b_seed_block,5,3,0.08333333333333333,0.08333333333333333,0.0,0,0.0,0.02552768588066101,0.0,0.0,hidden_breakaway_pin,1,423,423,hidden_breakaway_pin,0.05294898897409439,0.05294898897409439,nan,0.4256814420223236,0.0,0.029543425887823105,nan,nan,nan,phase3_12c_matched_reset_no_phase4_no_cps
condition_nearest_upper,1,hidden_breakaway_pin,312501,phase312b_seed_block,5,4,0.08333333333333333,0.08333333333333333,0.0,0,0.0,0.040646299719810486,0.0,0.0,hidden_breakaway_pin,1,427,427,hidden_breakaway_pin,0.04196849465370178,0.04196849465370178,nan,0.39073362946510315,0.0,0.0343005508184433,nan,nan,nan,phase3_12c_matched_reset_no_phase4_no_cps
condition_nearest_upper,1,hidden_breakaway_pin,312501,phase312b_seed_block,5,5,0.08333333333333333,0.08333333333333333,0.0,0,0.0,0.03974001854658127,0.0,0.0,hidden_breakaway_pin,1,611,611,hidden_breakaway_pin,0.041934508830308914,0.041934508830308914,nan,0.27793169021606445,0.0,0.032941658049821854,nan,nan,nan,phase3_12c_matched_reset_no_phase4_no_cps
condition_nearest_upper,1,hidden_breakaway_pin,312501,phase312b_seed_block,5,6,0.08333333333333333,0.08333333333333333,0.0,0,0.0,0.03986433148384094,0.0,0.0,hidden_breakaway_pin,1,303,303,hidden_breakaway_pin,0.046177372336387634,0.046177372336387634,nan,0.4656083583831787,0.0,0.033798541873693466,nan,nan,nan,phase3_12c_matched_reset_no_phase4_no_cps
condition_nearest_upper,1,hidden_breakaway_pin,312501,phase312b_seed_block,5,7,0.08333333333333333,0.08333333333333333,0.0,0,0.0,0.039775993674993515,0.0,0.0,hidden_breakaway_pin,1,307,307,hidden_breakaway_pin,0.038456495851278305,0.038456495851278305,nan,0.2800852060317993,0.0,0.014343861490488052,nan,nan,nan,phase3_12c_matched_reset_no_phase4_no_cps
condition_nearest_upper,1,hidden_breakaway_pin,312501,phase312b_seed_block,5,8,0.08333333333333333,0.08333333333333333,0.0,0,0.0,0.040452100336551666,0.0,0.0,hidden_breakaway_pin,1,303,303,hidden_breakaway_pin,0.04497624561190605,0.04497624561190605,nan,0.46209630370140076,0.0,0.03912847489118576,nan,nan,nan,phase3_12c_matched_reset_no_phase4_no_cps
condition_nearest_upper,1,hidden_breakaway_pin,312501,phase312b_seed_block,5,9,0.08333333333333333,0.08333333333333333,0.0,0,0.0,0.04054681956768036,0.0,0.0,hidden_breakaway_pin,1,307,307,hidden_breakaway_pin,0.04053248092532158,0.04053248092532158,nan,0.2710374891757965,0.0,0.011283628642559052,nan,nan,nan,phase3_12c_matched_reset_no_phase4_no_cps
condition_nearest_upper,1,hidden_breakaway_pin,312501,phase312b_seed_block,5,10,0.08333333333333333,0.08333333333333333,0.0,0,0.0,0.039964236319065094,0.0,0.0,hidden_breakaway_pin,1,303,303,hidden_breakaway_pin,0.04410173371434212,0.04410173371434212,nan,0.46161267161369324,0.0,0.0382690466940403,nan,nan,nan,phase3_12c_matched_reset_no_phase4_no_cps
condition_nearest_upper,1,hidden_breakaway_pin,312501,phase312b_seed_block,5,11,0.08333333333333333,0.08333333333333333,0.0,0,0.0,0.04047160595655441,0.0,0.0,hidden_breakaway_pin,1,307,307,hidden_breakaway_pin,0.04078231006860733,0.04078231006860733,nan,0.2733326256275177,0.0,0.010708431713283062,nan,nan,nan,phase3_12c_matched_reset_no_phase4_no_cps
condition_nearest_upper,1,hidden_breakaway_pin,312501,phase312b_seed_block,5,12,0.08333333333333333,0.08333333333333333,0.0,0,0.0,0.040181685239076614,0.0,0.0,hidden_breakaway_pin,1,303,303,hidden_breakaway_pin,0.043716128915548325,0.043716128915548325,nan,0.46283647418022156,0.0,0.03821609169244766,nan,nan,nan,phase3_12c_matched_reset_no_phase4_no_cps
condition_nearest_upper,1,hidden_breakaway_pin,312501,phase312b_seed_block,5,13,0.08333333333333333,0.08333333333333333,0.0,0,0.0,0.04009651020169258,0.0,0.0,hidden_breakaway_pin,1,307,307,hidden_breakaway_pin,0.04083595052361488,0.04083595052361488,nan,0.2715064287185669,0.0,0.010034836828708649,nan,nan,nan,phase3_12c_matched_reset_no_phase4_no_cps
condition_nearest_upper,1,hidden_breakaway_pin,312501,phase312b_seed_block,5,14,0.08333333333333333,0.08333333333333333,0.0,0,0.0,0.040255356580019,0.0,0.0,hidden_breakaway_pin,1,303,303,hidden_breakaway_pin,0.04383835941553116,0.04383835941553116,nan,0.46204692125320435,0.0,0.038316987454891205,nan,nan,nan,phase3_12c_matched_reset_no_phase4_no_cps
condition_nearest_upper,1,hidden_breakaway_pin,312501,phase312b_seed_block,5,15,0.08333333333333333,0.08333333333333333,0.0,0,0.0,0.0399385541677475,0.0,0.0,hidden_breakaway_pin,1,307,307,hidden_breakaway_pin,0.0408974289894104,0.0408974289894104,nan,0.26864615082740784,0.0,0.010041870176792145,nan,nan,nan,phase3_12c_matched_reset_no_phase4_no_cps
condition_nearest_upper,1,hidden_breakaway_pin,312502,phase312b_seed_block,6,0,0.0,0.0,0.0,0,0.0,0.03996087610721588,0.0,0.0,hidden_breakaway_pin,1,215,215,hidden_breakaway_pin,0.021420523524284363,0.021420523524284363,nan,0.5484132766723633,0.0,0.4367673695087433,nan,nan,nan,phase3_12c_matched_reset_no_phase4_no_cps
condition_nearest_upper,1,hidden_breakaway_pin,312502,phase312b_seed_block,6,1,0.0,0.0,0.0,0,0.0,0.040250226855278015,0.0,0.0,hidden_breakaway_pin,1,351,351,hidden_breakaway_pin,0.10442452877759933,0.10442452877759933,nan,0.7170182466506958,0.0,0.044382303953170776,nan,nan,nan,phase3_12c_matched_reset_no_phase4_no_cps
condition_nearest_upper,1,hidden_breakaway_pin,312502,phase312b_seed_block,6,2,0.0,0.0,0.0,0,0.0,0.03965962678194046,0.0,0.0,hidden_breakaway_pin,1,351,351,hidden_breakaway_pin,0.09807460010051727,0.09807460010051727,nan,0.9775041937828064,0.0,0.08261560648679733,nan,nan,nan,phase3_12c_matched_reset_no_phase4_no_cps
condition_nearest_upper,1,hidden_breakaway_pin,312502,phase312b_seed_block,6,3,0.0,0.0,0.0,0,0.0,0.040270548313856125,0.0,0.0,hidden_breakaway_pin,1,471,471,hidden_breakaway_pin,0.09510522335767746,0.09510522335767746,nan,0.7425378561019897,0.0,0.10922327637672424,nan,nan,nan,phase3_12c_matched_reset_no_phase4_no_cps
condition_nearest_upper,1,hidden_breakaway_pin,312502,phase312b_seed_block,6,4,0.0,0.0,0.0,0,0.0,0.039448946714401245,0.0,0.0,hidden_breakaway_pin,1,471,471,hidden_breakaway_pin,0.08962516486644745,0.08962516486644745,nan,0.5788013339042664,0.0,0.12063764035701752,nan,nan,nan,phase3_12c_matched_reset_no_phase4_no_cps
condition_nearest_upper,1,hidden_breakaway_pin,312502,phase312b_seed_block,6,5,0.0,0.0,0.0,0,0.0,0.03984259068965912,0.0,0.0,hidden_breakaway_pin,1,347,347,hidden_breakaway_pin,0.09039077907800674,0.09039077907800674,nan,0.7760600447654724,0.0,0.08755720406770706,nan,nan,nan,phase3_12c_matched_reset_no_phase4_no_cps
condition_nearest_upper,1,hidden_breakaway_pin,312502,phase312b_seed_block,6,6,0.0,0.0,0.0,0,0.0,0.03973846510052681,0.0,0.0,hidden_breakaway_pin,1,351,351,hidden_breakaway_pin,0.08889138698577881,0.08889138698577881,nan,0.890590250492096,0.0,0.07931744307279587,nan,nan,nan,phase3_12c_matched_reset_no_phase4_no_cps
condition_nearest_upper,1,hidden_breakaway_pin,312502,phase312b_seed_block,6,7,0.0,0.0,0.0,0,0.0,0.040069568902254105,0.0,0.0,hidden_breakaway_pin,1,471,471,hidden_breakaway_pin,0.09333590418100357,0.09333590418100357,nan,0.7121778130531311,0.0,0.10204712301492691,nan,nan,nan,phase3_12c_matched_reset_no_phase4_no_cps
condition_nearest_upper,1,hidden_breakaway_pin,312502,phase312b_seed_block,6,8,0.0,0.0,0.0,0,0.0,0.04030923545360565,0.0,0.0,hidden_breakaway_pin,1,471,471,hidden_breakaway_pin,0.08667618036270142,0.08667618036270142,nan,0.6350693106651306,0.0,0.11661863327026367,nan,nan,nan,phase3_12c_matched_reset_no_phase4_no_cps
condition_nearest_upper,1,hidden_breakaway_pin,312502,phase312b_seed_block,6,9,0.0,0.0,0.0,0,0.0,0.03965030238032341,0.0,0.0,hidden_breakaway_pin,1,347,347,hidden_breakaway_pin,0.09094195067882538,0.09094195067882538,nan,0.8111605048179626,0.0,0.09123115241527557,nan,nan,nan,phase3_12c_matched_reset_no_phase4_no_cps
condition_nearest_upper,1,hidden_breakaway_pin,312502,phase312b_seed_block,6,10,0.0,0.0,0.0,0,0.0,0.0405312106013298,0.0,0.0,hidden_breakaway_pin,1,351,351,hidden_breakaway_pin,0.08909624814987183,0.08909624814987183,nan,0.8953845500946045,0.0,0.08016356825828552,nan,nan,nan,phase3_12c_matched_reset_no_phase4_no_cps
condition_nearest_upper,1,hidden_breakaway_pin,312502,phase312b_seed_block,6,11,0.0,0.0,0.0,0,0.0,0.040067609399557114,0.0,0.0,hidden_breakaway_pin,1,351,351,hidden_breakaway_pin,0.09288064390420914,0.09288064390420914,nan,1.062508225440979,0.0,0.11012723296880722,nan,nan,nan,phase3_12c_matched_reset_no_phase4_no_cps
condition_nearest_upper,1,hidden_breakaway_pin,312502,phase312b_seed_block,6,12,0.0,0.0,0.0,0,0.0,0.039812855422496796,0.0,0.0,hidden_breakaway_pin,1,471,471,hidden_breakaway_pin,0.09200448542833328,0.09200448542833328,nan,0.6953147649765015,0.0,0.11449582874774933,nan,nan,nan,phase3_12c_matched_reset_no_phase4_no_cps
condition_nearest_upper,1,hidden_breakaway_pin,312502,phase312b_seed_block,6,13,0.0,0.0,0.0,0,0.0,0.03996937721967697,0.0,0.0,hidden_breakaway_pin,1,471,471,hidden_breakaway_pin,0.08777845650911331,0.08777845650911331,nan,0.5831961035728455,0.0,0.11960934102535248,nan,nan,nan,phase3_12c_matched_reset_no_phase4_no_cps
condition_nearest_upper,1,hidden_breakaway_pin,312502,phase312b_seed_block,6,14,0.0,0.0,0.0,0,0.0,0.039819229394197464,0.0,0.0,hidden_breakaway_pin,1,471,471,hidden_breakaway_pin,0.08981003612279892,0.08981003612279892,nan,0.5313899517059326,0.0,0.12528616189956665,nan,nan,nan,phase3_12c_matched_reset_no_phase4_no_cps
condition_nearest_upper,1,hidden_breakaway_pin,312502,phase312b_seed_block,6,15,0.0,0.0,0.0,0,0.0,0.04037068411707878,0.0,0.0,hidden_breakaway_pin,1,471,471,hidden_breakaway_pin,0.08882073312997818,0.08882073312997818,nan,0.5558590292930603,0.0,0.11761461198329926,nan,nan,nan,phase3_12c_matched_reset_no_phase4_no_cps
condition_nearest_upper,1,hidden_breakaway_pin,312503,phase312b_seed_block,7,0,0.0,0.0,0.0,0,0.0,0.03983435407280922,0.0,0.0,hidden_breakaway_pin,1,527,527,hidden_breakaway_pin,0.016794592142105103,0.016794592142105103,nan,0.6321839690208435,0.0,0.32829713821411133,nan,nan,nan,phase3_12c_matched_reset_no_phase4_no_cps
condition_nearest_upper,1,hidden_breakaway_pin,312503,phase312b_seed_block,7,1,0.0,0.0,0.0,0,0.0,0.021135980263352394,0.0,0.0,hidden_breakaway_pin,1,575,575,hidden_breakaway_pin,0.07559356093406677,0.07559356093406677,nan,0.7489444613456726,0.0,0.059407126158475876,nan,nan,nan,phase3_12c_matched_reset_no_phase4_no_cps
condition_nearest_upper,1,hidden_breakaway_pin,312503,phase312b_seed_block,7,2,0.0,0.0,0.0,0,0.0,0.021398449316620827,0.0,0.0,hidden_breakaway_pin,1,167,167,hidden_breakaway_pin,0.08850438892841339,0.08850438892841339,nan,0.9295410513877869,0.07142857142857142,0.17500680685043335,nan,nan,nan,phase3_12c_matched_reset_no_phase4_no_cps
condition_nearest_upper,1,hidden_breakaway_pin,312503,phase312b_seed_block,7,3,0.0,0.0,0.0,0,0.0,0.026349831372499466,0.0,0.0,hidden_breakaway_pin,1,763,763,hidden_breakaway_pin,0.08363907039165497,0.08363907039165497,nan,0.6754440665245056,0.0,0.09865354001522064,nan,nan,nan,phase3_12c_matched_reset_no_phase4_no_cps
condition_nearest_upper,1,hidden_breakaway_pin,312503,phase312b_seed_block,7,4,0.0,0.0,0.0,0,0.0,0.03987579420208931,0.0,0.0,hidden_breakaway_pin,1,187,187,hidden_breakaway_pin,0.06817063689231873,0.06817063689231873,nan,0.2691260278224945,0.0,0.04454507678747177,nan,nan,nan,phase3_12c_matched_reset_no_phase4_no_cps
condition_nearest_upper,1,hidden_breakaway_pin,312503,phase312b_seed_block,7,5,0.0,0.0,0.0,0,0.0,0.0399152971804142,0.0,0.0,hidden_breakaway_pin,1,267,267,hidden_breakaway_pin,0.05962313339114189,0.05962313339114189,nan,0.3215334713459015,0.0,0.12594197690486908,nan,nan,nan,phase3_12c_matched_reset_no_phase4_no_cps
condition_nearest_upper,1,hidden_breakaway_pin,312503,phase312b_seed_block,7,6,0.0,0.0,0.0,0,0.0,0.04049736261367798,0.0,0.0,hidden_breakaway_pin,1,267,267,hidden_breakaway_pin,0.058028120547533035,0.058028120547533035,nan,0.32744771242141724,0.0,0.11466208100318909,nan,nan,nan,phase3_12c_matched_reset_no_phase4_no_cps
condition_nearest_upper,1,hidden_breakaway_pin,312503,phase312b_seed_block,7,7,0.0,0.0,0.0,0,0.0,0.04062750190496445,0.0,0.0,hidden_breakaway_pin,1,267,267,hidden_breakaway_pin,0.057054080069065094,0.057054080069065094,nan,0.32854506373405457,0.0,0.11310970038175583,nan,nan,nan,phase3_12c_matched_reset_no_phase4_no_cps
condition_nearest_upper,1,hidden_breakaway_pin,312503,phase312b_seed_block,7,8,0.0,0.0,0.0,0,0.0,0.04012325406074524,0.0,0.0,hidden_breakaway_pin,1,267,267,hidden_breakaway_pin,0.05762457102537155,0.05762457102537155,nan,0.33187055587768555,0.0,0.11342847347259521,nan,nan,nan,phase3_12c_matched_reset_no_phase4_no_cps
condition_nearest_upper,1,hidden_breakaway_pin,312503,phase312b_seed_block,7,9,0.0,0.0,0.0,0,0.0,0.04066121205687523,0.0,0.0,hidden_breakaway_pin,1,267,267,hidden_breakaway_pin,0.057686787098646164,0.057686787098646164,nan,0.3342197835445404,0.0,0.11506849527359009,nan,nan,nan,phase3_12c_matched_reset_no_phase4_no_cps
condition_nearest_upper,1,hidden_breakaway_pin,312503,phase312b_seed_block,7,10,0.0,0.0,0.0,0,0.0,0.0403364896774292,0.0,0.0,hidden_breakaway_pin,1,267,267,hidden_breakaway_pin,0.05766740441322327,0.05766740441322327,nan,0.3330017030239105,0.0,0.11620453000068665,nan,nan,nan,phase3_12c_matched_reset_no_phase4_no_cps
condition_nearest_upper,1,hidden_breakaway_pin,312503,phase312b_seed_block,7,11,0.0,0.0,0.0,0,0.0,0.040241725742816925,0.0,0.0,hidden_breakaway_pin,1,267,267,hidden_breakaway_pin,0.0576188862323761,0.0576188862323761,nan,0.3324393033981323,0.0,0.11567392200231552,nan,nan,nan,phase3_12c_matched_reset_no_phase4_no_cps
condition_nearest_upper,1,hidden_breakaway_pin,312503,phase312b_seed_block,7,12,0.0,0.0,0.0,0,0.0,0.04047899693250656,0.0,0.0,hidden_breakaway_pin,1,267,267,hidden_breakaway_pin,0.05758434161543846,0.05758434161543846,nan,0.3378627300262451,0.0,0.11400818079710007,nan,nan,nan,phase3_12c_matched_reset_no_phase4_no_cps
condition_nearest_upper,1,hidden_breakaway_pin,312503,phase312b_seed_block,7,13,0.0,0.0,0.0,0,0.0,0.04014555737376213,0.0,0.0,hidden_breakaway_pin,1,267,267,hidden_breakaway_pin,0.05757271870970726,0.05757271870970726,nan,0.33550825715065,0.0,0.11349853873252869,nan,nan,nan,phase3_12c_matched_reset_no_phase4_no_cps
condition_nearest_upper,1,hidden_breakaway_pin,312503,phase312b_seed_block,7,14,0.0,0.0,0.0,0,0.0,0.04057469218969345,0.0,0.0,hidden_breakaway_pin,1,267,267,hidden_breakaway_pin,0.057584166526794434,0.057584166526794434,nan,0.333496630191803,0.0,0.11418207734823227,nan,nan,nan,phase3_12c_matched_reset_no_phase4_no_cps
condition_nearest_upper,1,hidden_breakaway_pin,312503,phase312b_seed_block,7,15,0.0,0.0,0.0,0,0.0,0.04018590599298477,0.0,0.0,hidden_breakaway_pin,1,267,267,hidden_breakaway_pin,0.057570554316043854,0.057570554316043854,nan,0.3279077410697937,0.0,0.11500751227140427,nan,nan,nan,phase3_12c_matched_reset_no_phase4_no_cps
condition_nearest_upper,1,hidden_high_friction,312000,phase312_seed_block,0,0,0.2916666666666667,0.2916666666666667,0.0,0,0.0,0.03900878131389618,0.0,0.0,hidden_high_friction,1,118,118,hidden_high_friction,0.017200294882059097,0.017200294882059097,nan,0.4458518326282501,0.0,0.2919345796108246,nan,nan,nan,phase3_12c_matched_reset_no_phase4_no_cps
condition_nearest_upper,1,hidden_high_friction,312000,phase312_seed_block,0,1,0.2916666666666667,0.2916666666666667,0.0,0,0.0,0.03935620188713074,0.0,0.0,hidden_high_friction,1,258,258,hidden_high_friction,0.08135521411895752,0.08135521411895752,nan,0.501425564289093,0.0,0.17992058396339417,nan,nan,nan,phase3_12c_matched_reset_no_phase4_no_cps
condition_nearest_upper,1,hidden_high_friction,312000,phase312_seed_block,0,2,0.2916666666666667,0.2916666666666667,0.0,0,0.0,0.03949848562479019,0.0,0.0,hidden_high_friction,1,166,166,hidden_high_friction,0.08759551495313644,0.08759551495313644,nan,0.5363312363624573,0.0,0.13761018216609955,nan,nan,nan,phase3_12c_matched_reset_no_phase4_no_cps
condition_nearest_upper,1,hidden_high_friction,312000,phase312_seed_block,0,3,0.2916666666666667,0.2916666666666667,0.0,0,0.0,0.03900234028697014,0.0,0.0,hidden_high_friction,1,266,266,hidden_high_friction,0.09497664868831635,0.09497664868831635,nan,0.5228561162948608,0.0,0.2539004385471344,nan,nan,nan,phase3_12c_matched_reset_no_phase4_no_cps
condition_nearest_upper,1,hidden_high_friction,312000,phase312_seed_block,0,4,0.2916666666666667,0.20833333333333334,-0.08333333333333334,0,-0.08333333333333334,0.03413338214159012,0.0,0.0,hidden_high_friction,1,258,258,hidden_high_friction,0.09386593103408813,0.09386593103408813,nan,0.4975906312465668,0.0,0.22984211146831512,nan,nan,nan,phase3_12c_matched_reset_no_phase4_no_cps
condition_nearest_upper,1,hidden_high_friction,312000,phase312_seed_block,0,5,0.20833333333333334,0.20833333333333334,0.0,0,0.0,0.037025704979896545,0.0,0.0,hidden_high_friction,1,258,258,hidden_high_friction,0.08324456959962845,0.08324456959962845,nan,0.4739427864551544,0.0,0.16331617534160614,nan,nan,nan,phase3_12c_matched_reset_no_phase4_no_cps
condition_nearest_upper,1,hidden_high_friction,312000,phase312_seed_block,0,6,0.20833333333333334,0.20833333333333334,0.0,0,0.0,0.035684674978256226,0.0,0.0,hidden_high_friction,1,262,262,hidden_high_friction,0.07921907305717468,0.07921907305717468,nan,0.5279791355133057,0.0,0.12187283486127853,nan,nan,nan,phase3_12c_matched_reset_no_phase4_no_cps
condition_nearest_upper,1,hidden_high_friction,312000,phase312_seed_block,0,7,0.20833333333333334,0.20833333333333334,0.0,0,0.0,0.036693867295980453,0.0,0.0,hidden_high_friction,1,166,166,hidden_high_friction,0.05082974582910538,0.05082974582910538,nan,0.44471463561058044,0.0,0.05422714352607727,nan,nan,nan,phase3_12c_matched_reset_no_phase4_no_cps
condition_nearest_upper,1,hidden_high_friction,312000,phase312_seed_block,0,8,0.20833333333333334,0.20833333333333334,0.0,0,0.0,0.03772352263331413,0.0,0.0,hidden_high_friction,1,166,166,hidden_high_friction,0.06884680688381195,0.06884680688381195,nan,0.389884889125824,0.0,0.049172256141901016,nan,nan,nan,phase3_12c_matched_reset_no_phase4_no_cps
condition_nearest_upper,1,hidden_high_friction,312000,phase312_seed_block,0,9,0.20833333333333334,0.20833333333333334,0.0,0,0.0,0.037817057222127914,0.0,0.0,hidden_high_friction,1,166,166,hidden_high_friction,0.0648576095700264,0.0648576095700264,nan,0.4126359820365906,0.0,0.04497925937175751,nan,nan,nan,phase3_12c_matched_reset_no_phase4_no_cps
condition_nearest_upper,1,hidden_high_friction,312000,phase312_seed_block,0,10,0.20833333333333334,0.20833333333333334,0.0,0,0.0,0.040323156863451004,0.0,0.0,hidden_high_friction,1,166,166,hidden_high_friction,0.06498806923627853,0.06498806923627853,nan,0.43199291825294495,0.0,0.045822370797395706,nan,nan,nan,phase3_12c_matched_reset_no_phase4_no_cps
condition_nearest_upper,1,hidden_high_friction,312000,phase312_seed_block,0,11,0.20833333333333334,0.20833333333333334,0.0,0,0.0,0.04025552421808243,0.0,0.0,hidden_high_friction,1,166,166,hidden_high_friction,0.06543070077896118,0.06543070077896118,nan,0.43013814091682434,0.0,0.0480913445353508,nan,nan,nan,phase3_12c_matched_reset_no_phase4_no_cps
condition_nearest_upper,1,hidden_high_friction,312000,phase312_seed_block,0,12,0.20833333333333334,0.20833333333333334,0.0,0,0.0,0.03999340906739235,0.0,0.0,hidden_high_friction,1,166,166,hidden_high_friction,0.06585096567869186,0.06585096567869186,nan,0.4270772635936737,0.0,0.04914106801152229,nan,nan,nan,phase3_12c_matched_reset_no_phase4_no_cps
condition_nearest_upper,1,hidden_high_friction,312000,phase312_seed_block,0,13,0.20833333333333334,0.25,0.04166666666666666,0,0.04166666666666666,0.03994755819439888,0.0,0.0,hidden_high_friction,1,166,166,hidden_high_friction,0.06633991003036499,0.06633991003036499,nan,0.4192783534526825,0.0,0.049455828964710236,nan,nan,nan,phase3_12c_matched_reset_no_phase4_no_cps
condition_nearest_upper,1,hidden_high_friction,312000,phase312_seed_block,0,14,0.25,0.25,0.0,0,0.0,0.03962911665439606,0.0,0.0,hidden_high_friction,1,166,166,hidden_high_friction,0.06624875962734222,0.06624875962734222,nan,0.4175226092338562,0.0,0.04931751638650894,nan,nan,nan,phase3_12c_matched_reset_no_phase4_no_cps
condition_nearest_upper,1,hidden_high_friction,312000,phase312_seed_block,0,15,0.25,0.25,0.0,0,0.0,0.03983502835035324,0.0,0.0,hidden_high_friction,1,166,166,hidden_high_friction,0.06610047817230225,0.06610047817230225,nan,0.41462764143943787,0.0,0.04901597276329994,nan,nan,nan,phase3_12c_matched_reset_no_phase4_no_cps
condition_nearest_upper,1,hidden_high_friction,312001,phase312_seed_block,1,0,0.0,0.0,0.0,0,0.0,0.039492592215538025,0.0,0.0,hidden_high_friction,1,686,686,hidden_high_friction,0.0134503785520792,0.0134503785520792,nan,1.1559444665908813,0.07142857142857142,0.36555343866348267,nan,nan,nan,phase3_12c_matched_reset_no_phase4_no_cps
condition_nearest_upper,1,hidden_high_friction,312001,phase312_seed_block,1,1,0.0,0.0,0.0,0,0.0,0.03865722194314003,0.0,0.0,hidden_high_friction,1,666,666,hidden_high_friction,0.10976740717887878,0.10976740717887878,nan,0.5231704115867615,0.0,0.11300083994865417,nan,nan,nan,phase3_12c_matched_reset_no_phase4_no_cps
condition_nearest_upper,1,hidden_high_friction,312001,phase312_seed_block,1,2,0.0,0.0,0.0,0,0.0,0.03904706612229347,0.0,0.0,hidden_high_friction,1,470,470,hidden_high_friction,0.09295480698347092,0.09295480698347092,nan,0.40954312682151794,0.0,0.08435969054698944,nan,nan,nan,phase3_12c_matched_reset_no_phase4_no_cps
condition_nearest_upper,1,hidden_high_friction,312001,phase312_seed_block,1,3,0.0,0.0,0.0,0,0.0,0.039633024483919144,0.0,0.0,hidden_high_friction,1,302,302,hidden_high_friction,0.0678124874830246,0.0678124874830246,nan,0.5081879496574402,0.0,0.0780634880065918,nan,nan,nan,phase3_12c_matched_reset_no_phase4_no_cps
condition_nearest_upper,1,hidden_high_friction,312001,phase312_seed_block,1,4,0.0,0.0,0.0,0,0.0,0.040232766419649124,0.0,0.0,hidden_high_friction,1,306,306,hidden_high_friction,0.05882543325424194,0.05882543325424194,nan,0.3068940043449402,0.0,0.061516646295785904,nan,nan,nan,phase3_12c_matched_reset_no_phase4_no_cps
condition_nearest_upper,1,hidden_high_friction,312001,phase312_seed_block,1,5,0.0,0.0,0.0,0,0.0,0.040261827409267426,0.0,0.0,hidden_high_friction,1,306,306,hidden_high_friction,0.06280514597892761,0.06280514597892761,nan,0.34978193044662476,0.0,0.09125568717718124,nan,nan,nan,phase3_12c_matched_reset_no_phase4_no_cps
condition_nearest_upper,1,hidden_high_friction,312001,phase312_seed_block,1,6,0.0,0.0,0.0,0,0.0,0.039667293429374695,0.0,0.0,hidden_high_friction,1,306,306,hidden_high_friction,0.061032362282276154,0.061032362282276154,nan,0.4061773419380188,0.0,0.08466426283121109,nan,nan,nan,phase3_12c_matched_reset_no_phase4_no_cps
condition_nearest_upper,1,hidden_high_friction,312001,phase312_seed_block,1,7,0.0,0.0,0.0,0,0.0,0.04078514128923416,0.0,0.0,hidden_high_friction,1,302,302,hidden_high_friction,0.058745816349983215,0.058745816349983215,nan,0.3962050676345825,0.0,0.09153257310390472,nan,nan,nan,phase3_12c_matched_reset_no_phase4_no_cps
condition_nearest_upper,1,hidden_high_friction,312001,phase312_seed_block,1,8,0.0,0.0,0.0,0,0.0,0.04038684815168381,0.0,0.0,hidden_high_friction,1,306,306,hidden_high_friction,0.05425984039902687,0.05425984039902687,nan,0.33324354887008667,0.0,0.07860182970762253,nan,nan,nan,phase3_12c_matched_reset_no_phase4_no_cps
condition_nearest_upper,1,hidden_high_friction,312001,phase312_seed_block,1,9,0.0,0.0,0.0,0,0.0,0.040394626557826996,0.0,0.0,hidden_high_friction,1,302,302,hidden_high_friction,0.056881435215473175,0.056881435215473175,nan,0.4205928444862366,0.0,0.08594100922346115,nan,nan,nan,phase3_12c_matched_reset_no_phase4_no_cps
condition_nearest_upper,1,hidden_high_friction,312001,phase312_seed_block,1,10,0.0,0.0,0.0,0,0.0,0.040261901915073395,0.0,0.0,hidden_high_friction,1,306,306,hidden_high_friction,0.051994651556015015,0.051994651556015015,nan,0.34558138251304626,0.0,0.07034701108932495,nan,nan,nan,phase3_12c_matched_reset_no_phase4_no_cps
condition_nearest_upper,1,hidden_high_friction,312001,phase312_seed_block,1,11,0.0,0.0,0.0,0,0.0,0.039872922003269196,0.0,0.0,hidden_high_friction,1,302,302,hidden_high_friction,0.05705070123076439,0.05705070123076439,nan,0.42128702998161316,0.0,0.0866919532418251,nan,nan,nan,phase3_12c_matched_reset_no_phase4_no_cps
condition_nearest_upper,1,hidden_high_friction,312001,phase312_seed_block,1,12,0.0,0.0,0.0,0,0.0,0.040161747485399246,0.0,0.0,hidden_high_friction,1,306,306,hidden_high_friction,0.052286505699157715,0.052286505699157715,nan,0.34110599756240845,0.0,0.06970224529504776,nan,nan,nan,phase3_12c_matched_reset_no_phase4_no_cps
condition_nearest_upper,1,hidden_high_friction,312001,phase312_seed_block,1,13,0.0,0.0,0.0,0,0.0,0.0396752655506134,0.0,0.0,hidden_high_friction,1,302,302,hidden_high_friction,0.057255156338214874,0.057255156338214874,nan,0.42198893427848816,0.0,0.08647460490465164,nan,nan,nan,phase3_12c_matched_reset_no_phase4_no_cps
condition_nearest_upper,1,hidden_high_friction,312001,phase312_seed_block,1,14,0.0,0.0,0.0,0,0.0,0.040300965309143066,0.0,0.0,hidden_high_friction,1,306,306,hidden_high_friction,0.052388474345207214,0.052388474345207214,nan,0.34653520584106445,0.0,0.06999418884515762,nan,nan,nan,phase3_12c_matched_reset_no_phase4_no_cps
condition_nearest_upper,1,hidden_high_friction,312001,phase312_seed_block,1,15,0.0,0.0,0.0,0,0.0,0.04084538295865059,0.0,0.0,hidden_high_friction,1,302,302,hidden_high_friction,0.05735422298312187,0.05735422298312187,nan,0.42266660928726196,0.0,0.08745858073234558,nan,nan,nan,phase3_12c_matched_reset_no_phase4_no_cps
condition_nearest_upper,1,hidden_high_friction,312002,phase312_seed_block,2,0,0.0,0.0,0.0,0,0.0,0.03710712119936943,0.0,0.0,hidden_high_friction,1,706,706,hidden_high_friction,0.017207851633429527,0.017207851633429527,nan,0.7190450429916382,0.0,0.2654400169849396,nan,nan,nan,phase3_12c_matched_reset_no_phase4_no_cps
condition_nearest_upper,1,hidden_high_friction,312002,phase312_seed_block,2,1,0.0,0.0,0.0,0,0.0,0.037840332835912704,0.0,0.0,hidden_high_friction,1,266,266,hidden_high_friction,0.07142851501703262,0.07142851501703262,nan,0.37422502040863037,0.0,0.16292206943035126,nan,nan,nan,phase3_12c_matched_reset_no_phase4_no_cps
condition_nearest_upper,1,hidden_high_friction,312002,phase312_seed_block,2,2,0.0,0.0,0.0,0,0.0,0.038640961050987244,0.0,0.0,hidden_high_friction,1,266,266,hidden_high_friction,0.06650509685277939,0.06650509685277939,nan,0.267339825630188,0.0,0.10405747592449188,nan,nan,nan,phase3_12c_matched_reset_no_phase4_no_cps
condition_nearest_upper,1,hidden_high_friction,312002,phase312_seed_block,2,3,0.0,0.0,0.0,0,0.0,0.03814811632037163,0.0,0.0,hidden_high_friction,1,70,70,hidden_high_friction,0.06066659465432167,0.06066659465432167,nan,0.3545267879962921,0.0,0.10052797198295593,nan,nan,nan,phase3_12c_matched_reset_no_phase4_no_cps
condition_nearest_upper,1,hidden_high_friction,312002,phase312_seed_block,2,4,0.0,0.0,0.0,0,0.0,0.036539506167173386,0.0,0.0,hidden_high_friction,1,330,330,hidden_high_friction,0.053304415196180344,0.053304415196180344,nan,0.3206079304218292,0.0,0.08524051308631897,nan,nan,nan,phase3_12c_matched_reset_no_phase4_no_cps
condition_nearest_upper,1,hidden_high_friction,312002,phase312_seed_block,2,5,0.0,0.0,0.0,0,0.0,0.03634652867913246,0.0,0.0,hidden_high_friction,1,426,426,hidden_high_friction,0.054364319890737534,0.054364319890737534,nan,0.4573451578617096,0.0,0.03543538972735405,nan,nan,nan,phase3_12c_matched_reset_no_phase4_no_cps
condition_nearest_upper,1,hidden_high_friction,312002,phase312_seed_block,2,6,0.0,0.0,0.0,0,0.0,0.0388609953224659,0.0,0.0,hidden_high_friction,1,426,426,hidden_high_friction,0.044134195894002914,0.044134195894002914,nan,0.3947162628173828,0.0,0.039113741368055344,nan,nan,nan,phase3_12c_matched_reset_no_phase4_no_cps
condition_nearest_upper,1,hidden_high_friction,312002,phase312_seed_block,2,7,0.0,0.0,0.0,0,0.0,0.039565496146678925,0.0,0.0,hidden_high_friction,1,610,610,hidden_high_friction,0.046716611832380295,0.046716611832380295,nan,0.37862616777420044,0.0,0.08205471932888031,nan,nan,nan,phase3_12c_matched_reset_no_phase4_no_cps
condition_nearest_upper,1,hidden_high_friction,312002,phase312_seed_block,2,8,0.0,0.0,0.0,0,0.0,0.03913018852472305,0.0,0.0,hidden_high_friction,1,194,194,hidden_high_friction,0.05533239245414734,0.05533239245414734,nan,0.5254520773887634,0.0,0.14087258279323578,nan,nan,nan,phase3_12c_matched_reset_no_phase4_no_cps
condition_nearest_upper,1,hidden_high_friction,312002,phase312_seed_block,2,9,0.0,0.0,0.0,0,0.0,0.03873317316174507,0.0,0.0,hidden_high_friction,1,330,330,hidden_high_friction,0.051967911422252655,0.051967911422252655,nan,0.33090895414352417,0.0,0.07438863813877106,nan,nan,nan,phase3_12c_matched_reset_no_phase4_no_cps
condition_nearest_upper,1,hidden_high_friction,312002,phase312_seed_block,2,10,0.0,0.0,0.0,0,0.0,0.03680578991770744,0.0,0.0,hidden_high_friction,1,426,426,hidden_high_friction,0.0523112453520298,0.0523112453520298,nan,0.4674699902534485,0.0,0.03458414599299431,nan,nan,nan,phase3_12c_matched_reset_no_phase4_no_cps
condition_nearest_upper,1,hidden_high_friction,312002,phase312_seed_block,2,11,0.0,0.0,0.0,0,0.0,0.03542928397655487,0.0,0.0,hidden_high_friction,1,426,426,hidden_high_friction,0.046781495213508606,0.046781495213508606,nan,0.42309948801994324,0.0,0.04221584275364876,nan,nan,nan,phase3_12c_matched_reset_no_phase4_no_cps
condition_nearest_upper,1,hidden_high_friction,312002,phase312_seed_block,2,12,0.0,0.0,0.0,0,0.0,0.029750559478998184,0.0,0.0,hidden_high_friction,1,610,610,hidden_high_friction,0.046062860637903214,0.046062860637903214,nan,0.32013195753097534,0.0,0.08897506445646286,nan,nan,nan,phase3_12c_matched_reset_no_phase4_no_cps
condition_nearest_upper,1,hidden_high_friction,312002,phase312_seed_block,2,13,0.0,0.0,0.0,0,0.0,0.030556797981262207,0.0,0.0,hidden_high_friction,1,194,194,hidden_high_friction,0.05456654727458954,0.05456654727458954,nan,0.5530210137367249,0.0,0.15791359543800354,nan,nan,nan,phase3_12c_matched_reset_no_phase4_no_cps
condition_nearest_upper,1,hidden_high_friction,312002,phase312_seed_block,2,14,0.0,0.0,0.0,0,0.0,0.032710857689380646,0.0,0.0,hidden_high_friction,1,330,330,hidden_high_friction,0.05193663761019707,0.05193663761019707,nan,0.33341655135154724,0.0,0.080891914665699,nan,nan,nan,phase3_12c_matched_reset_no_phase4_no_cps
condition_nearest_upper,1,hidden_high_friction,312002,phase312_seed_block,2,15,0.0,0.0,0.0,0,0.0,0.039372824132442474,0.0,0.0,hidden_high_friction,1,426,426,hidden_high_friction,0.052265748381614685,0.052265748381614685,nan,0.4546079635620117,0.0,0.029182689264416695,nan,nan,nan,phase3_12c_matched_reset_no_phase4_no_cps
condition_nearest_upper,1,hidden_high_friction,312003,phase312_seed_block,3,0,0.0,0.0,0.0,0,0.0,0.0399772971868515,0.0,0.0,hidden_high_friction,1,690,690,hidden_high_friction,0.014622684568166733,0.014622684568166733,nan,0.736713171005249,0.0,0.43645182251930237,nan,nan,nan,phase3_12c_matched_reset_no_phase4_no_cps
condition_nearest_upper,1,hidden_high_friction,312003,phase312_seed_block,3,1,0.0,0.0,0.0,0,0.0,0.03644561022520065,0.0,0.0,hidden_high_friction,1,658,658,hidden_high_friction,0.1291494220495224,0.1291494220495224,nan,0.7748327255249023,0.0,0.3811095058917999,nan,nan,nan,phase3_12c_matched_reset_no_phase4_no_cps
condition_nearest_upper,1,hidden_high_friction,312003,phase312_seed_block,3,2,0.0,0.0,0.0,0,0.0,0.037860192358493805,0.0,0.0,hidden_high_friction,1,658,658,hidden_high_friction,0.12858055531978607,0.12858055531978607,nan,0.6371048092842102,0.0,0.2702234983444214,nan,nan,nan,phase3_12c_matched_reset_no_phase4_no_cps
condition_nearest_upper,1,hidden_high_friction,312003,phase312_seed_block,3,3,0.0,0.0,0.0,0,0.0,0.03447658568620682,0.0,0.0,hidden_high_friction,1,662,662,hidden_high_friction,0.13285619020462036,0.13285619020462036,nan,0.7227532267570496,0.0,0.13436011970043182,nan,nan,nan,phase3_12c_matched_reset_no_phase4_no_cps
condition_nearest_upper,1,hidden_high_friction,312003,phase312_seed_block,3,4,0.0,0.0,0.0,0,0.0,0.03644755855202675,0.0,0.0,hidden_high_friction,1,662,662,hidden_high_friction,0.13009725511074066,0.13009725511074066,nan,0.6866218447685242,0.0,0.15759356319904327,nan,nan,nan,phase3_12c_matched_reset_no_phase4_no_cps
condition_nearest_upper,1,hidden_high_friction,312003,phase312_seed_block,3,5,0.0,0.0,0.0,0,0.0,0.037966158241033554,0.0,0.0,hidden_high_friction,1,662,662,hidden_high_friction,0.12868046760559082,0.12868046760559082,nan,0.6761654019355774,0.0,0.16380849480628967,nan,nan,nan,phase3_12c_matched_reset_no_phase4_no_cps
condition_nearest_upper,1,hidden_high_friction,312003,phase312_seed_block,3,6,0.0,0.0,0.0,0,0.0,0.03772763907909393,0.0,0.0,hidden_high_friction,1,662,662,hidden_high_friction,0.12975113093852997,0.12975113093852997,nan,0.737226128578186,0.0,0.1582377403974533,nan,nan,nan,phase3_12c_matched_reset_no_phase4_no_cps
condition_nearest_upper,1,hidden_high_friction,312003,phase312_seed_block,3,7,0.0,0.0,0.0,0,0.0,0.03684896603226662,0.0,0.0,hidden_high_friction,1,662,662,hidden_high_friction,0.1299738734960556,0.1299738734960556,nan,0.7486989498138428,0.0,0.15658436715602875,nan,nan,nan,phase3_12c_matched_reset_no_phase4_no_cps
condition_nearest_upper,1,hidden_high_friction,312003,phase312_seed_block,3,8,0.0,0.0,0.0,0,0.0,0.03708609938621521,0.0,0.0,hidden_high_friction,1,662,662,hidden_high_friction,0.1298966109752655,0.1298966109752655,nan,0.7524123191833496,0.0,0.1570364385843277,nan,nan,nan,phase3_12c_matched_reset_no_phase4_no_cps
condition_nearest_upper,1,hidden_high_friction,312003,phase312_seed_block,3,9,0.0,0.0,0.0,0,0.0,0.03861800953745842,0.0,0.0,hidden_high_friction,1,662,662,hidden_high_friction,0.1295555830001831,0.1295555830001831,nan,0.7325119376182556,0.0,0.15722042322158813,nan,nan,nan,phase3_12c_matched_reset_no_phase4_no_cps
condition_nearest_upper,1,hidden_high_friction,312003,phase312_seed_block,3,10,0.0,0.0,0.0,0,0.0,0.0395839624106884,0.0,0.0,hidden_high_friction,1,662,662,hidden_high_friction,0.12968456745147705,0.12968456745147705,nan,0.7307331562042236,0.0,0.15647485852241516,nan,nan,nan,phase3_12c_matched_reset_no_phase4_no_cps
condition_nearest_upper,1,hidden_high_friction,312003,phase312_seed_block,3,11,0.0,0.0,0.0,0,0.0,0.038104020059108734,0.0,0.0,hidden_high_friction,1,662,662,hidden_high_friction,0.12969808280467987,0.12969808280467987,nan,0.7496812343597412,0.0,0.15570273995399475,nan,nan,nan,phase3_12c_matched_reset_no_phase4_no_cps
condition_nearest_upper,1,hidden_high_friction,312003,phase312_seed_block,3,12,0.0,0.0,0.0,0,0.0,0.03743976354598999,0.0,0.0,hidden_high_friction,1,662,662,hidden_high_friction,0.12970997393131256,0.12970997393131256,nan,0.7389810085296631,0.0,0.15423722565174103,nan,nan,nan,phase3_12c_matched_reset_no_phase4_no_cps
condition_nearest_upper,1,hidden_high_friction,312003,phase312_seed_block,3,13,0.0,0.0,0.0,0,0.0,0.037287209182977676,0.0,0.0,hidden_high_friction,1,662,662,hidden_high_friction,0.12979651987552643,0.12979651987552643,nan,0.7141157388687134,0.0,0.15507426857948303,nan,nan,nan,phase3_12c_matched_reset_no_phase4_no_cps
condition_nearest_upper,1,hidden_high_friction,312003,phase312_seed_block,3,14,0.0,0.0,0.0,0,0.0,0.03872191533446312,0.0,0.0,hidden_high_friction,1,662,662,hidden_high_friction,0.12987397611141205,0.12987397611141205,nan,0.6927315592765808,0.0,0.15487317740917206,nan,nan,nan,phase3_12c_matched_reset_no_phase4_no_cps
condition_nearest_upper,1,hidden_high_friction,312003,phase312_seed_block,3,15,0.0,0.0,0.0,0,0.0,0.038670603185892105,0.0,0.0,hidden_high_friction,1,662,662,hidden_high_friction,0.13035795092582703,0.13035795092582703,nan,0.6886086463928223,0.0,0.1578533947467804,nan,nan,nan,phase3_12c_matched_reset_no_phase4_no_cps
condition_nearest_upper,1,hidden_high_friction,312500,phase312b_seed_block,4,0,0.0,0.0,0.0,0,0.0,0.04012184962630272,0.0,0.0,hidden_high_friction,1,634,634,hidden_high_friction,0.021294083446264267,0.021294083446264267,nan,0.5813854932785034,0.0,0.23431412875652313,nan,nan,nan,phase3_12c_matched_reset_no_phase4_no_cps
condition_nearest_upper,1,hidden_high_friction,312500,phase312b_seed_block,4,1,0.0,0.0,0.0,0,0.0,0.03996288776397705,0.0,0.0,hidden_high_friction,1,570,570,hidden_high_friction,0.07765480130910873,0.07765480130910873,nan,0.7413008809089661,0.0,0.07505089044570923,nan,nan,nan,phase3_12c_matched_reset_no_phase4_no_cps
condition_nearest_upper,1,hidden_high_friction,312500,phase312b_seed_block,4,2,0.0,0.0,0.0,0,0.0,0.03998029604554176,0.0,0.0,hidden_high_friction,1,570,570,hidden_high_friction,0.07051488012075424,0.07051488012075424,nan,0.7834247946739197,0.0,0.06850484013557434,nan,nan,nan,phase3_12c_matched_reset_no_phase4_no_cps
condition_nearest_upper,1,hidden_high_friction,312500,phase312b_seed_block,4,3,0.0,0.0,0.0,0,0.0,0.04025151580572128,0.0,0.0,hidden_high_friction,1,742,742,hidden_high_friction,0.06936026364564896,0.06936026364564896,nan,0.5518855452537537,0.0,0.08691169321537018,nan,nan,nan,phase3_12c_matched_reset_no_phase4_no_cps
condition_nearest_upper,1,hidden_high_friction,312500,phase312b_seed_block,4,4,0.0,0.0,0.0,0,0.0,0.039732594043016434,0.0,0.0,hidden_high_friction,1,570,570,hidden_high_friction,0.0630246177315712,0.0630246177315712,nan,0.8789586424827576,0.0,0.07195401936769485,nan,nan,nan,phase3_12c_matched_reset_no_phase4_no_cps
condition_nearest_upper,1,hidden_high_friction,312500,phase312b_seed_block,4,5,0.0,0.0,0.0,0,0.0,0.04060046747326851,0.0,0.0,hidden_high_friction,1,742,742,hidden_high_friction,0.06661020964384079,0.06661020964384079,nan,0.5506210923194885,0.0,0.11524444818496704,nan,nan,nan,phase3_12c_matched_reset_no_phase4_no_cps
condition_nearest_upper,1,hidden_high_friction,312500,phase312b_seed_block,4,6,0.0,0.0,0.0,0,0.0,0.039731647819280624,0.0,0.0,hidden_high_friction,1,570,570,hidden_high_friction,0.060397468507289886,0.060397468507289886,nan,0.8407818078994751,0.0,0.05656009167432785,nan,nan,nan,phase3_12c_matched_reset_no_phase4_no_cps
condition_nearest_upper,1,hidden_high_friction,312500,phase312b_seed_block,4,7,0.0,0.0,0.0,0,0.0,0.03982430323958397,0.0,0.0,hidden_high_friction,1,742,742,hidden_high_friction,0.06473693251609802,0.06473693251609802,nan,0.5544069409370422,0.0,0.11618125438690186,nan,nan,nan,phase3_12c_matched_reset_no_phase4_no_cps
condition_nearest_upper,1,hidden_high_friction,312500,phase312b_seed_block,4,8,0.0,0.0,0.0,0,0.0,0.03532065451145172,0.0,0.0,hidden_high_friction,1,570,570,hidden_high_friction,0.05540342256426811,0.05540342256426811,nan,0.8823103904724121,0.0,0.05602717772126198,nan,nan,nan,phase3_12c_matched_reset_no_phase4_no_cps
condition_nearest_upper,1,hidden_high_friction,312500,phase312b_seed_block,4,9,0.0,0.0,0.0,0,0.0,0.036777276545763016,0.0,0.0,hidden_high_friction,1,742,742,hidden_high_friction,0.05426322668790817,0.05426322668790817,nan,0.5801253914833069,0.0,0.08626583963632584,nan,nan,nan,phase3_12c_matched_reset_no_phase4_no_cps
condition_nearest_upper,1,hidden_high_friction,312500,phase312b_seed_block,4,10,0.0,0.0,0.0,0,0.0,0.03759363293647766,0.0,0.0,hidden_high_friction,1,570,570,hidden_high_friction,0.039221230894327164,0.039221230894327164,nan,0.8729561567306519,0.0,0.048260968178510666,nan,nan,nan,phase3_12c_matched_reset_no_phase4_no_cps
condition_nearest_upper,1,hidden_high_friction,312500,phase312b_seed_block,4,11,0.0,0.0,0.0,0,0.0,0.03962869942188263,0.0,0.0,hidden_high_friction,1,742,742,hidden_high_friction,0.0548146516084671,0.0548146516084671,nan,0.6029145121574402,0.0,0.07261313498020172,nan,nan,nan,phase3_12c_matched_reset_no_phase4_no_cps
condition_nearest_upper,1,hidden_high_friction,312500,phase312b_seed_block,4,12,0.0,0.0,0.0,0,0.0,0.039323173463344574,0.0,0.0,hidden_high_friction,1,570,570,hidden_high_friction,0.04543085768818855,0.04543085768818855,nan,0.8396930694580078,0.0,0.06385540962219238,nan,nan,nan,phase3_12c_matched_reset_no_phase4_no_cps
condition_nearest_upper,1,hidden_high_friction,312500,phase312b_seed_block,4,13,0.0,0.0,0.0,0,0.0,0.03755500912666321,0.0,0.0,hidden_high_friction,1,742,742,hidden_high_friction,0.0549960695207119,0.0549960695207119,nan,0.5753243565559387,0.0,0.08475759625434875,nan,nan,nan,phase3_12c_matched_reset_no_phase4_no_cps
condition_nearest_upper,1,hidden_high_friction,312500,phase312b_seed_block,4,14,0.0,0.0,0.0,0,0.0,0.03425266221165657,0.0,0.0,hidden_high_friction,1,570,570,hidden_high_friction,0.04484998434782028,0.04484998434782028,nan,0.820866584777832,0.0,0.06072061508893967,nan,nan,nan,phase3_12c_matched_reset_no_phase4_no_cps
condition_nearest_upper,1,hidden_high_friction,312500,phase312b_seed_block,4,15,0.0,0.0,0.0,0,0.0,0.033782217651605606,0.0,0.0,hidden_high_friction,1,742,742,hidden_high_friction,0.051908593624830246,0.051908593624830246,nan,0.555184006690979,0.0,0.07879666984081268,nan,nan,nan,phase3_12c_matched_reset_no_phase4_no_cps
condition_nearest_upper,1,hidden_high_friction,312501,phase312b_seed_block,5,0,0.0,0.08333333333333333,0.08333333333333333,0,0.08333333333333333,0.039437197148799896,0.0,0.0,hidden_high_friction,1,766,766,hidden_high_friction,0.015234106220304966,0.015234106220304966,nan,0.5519899129867554,0.0,0.3326733112335205,nan,nan,nan,phase3_12c_matched_reset_no_phase4_no_cps
condition_nearest_upper,1,hidden_high_friction,312501,phase312b_seed_block,5,1,0.08333333333333333,0.08333333333333333,0.0,0,0.0,0.03923913463950157,0.0,0.0,hidden_high_friction,1,446,446,hidden_high_friction,0.07900530099868774,0.07900530099868774,nan,0.3900778889656067,0.0,0.12421417236328125,nan,nan,nan,phase3_12c_matched_reset_no_phase4_no_cps
condition_nearest_upper,1,hidden_high_friction,312501,phase312b_seed_block,5,2,0.08333333333333333,0.08333333333333333,0.0,0,0.0,0.03972833603620529,0.0,0.0,hidden_high_friction,1,446,446,hidden_high_friction,0.06749442219734192,0.06749442219734192,nan,0.19820915162563324,0.0,0.0319991335272789,nan,nan,nan,phase3_12c_matched_reset_no_phase4_no_cps
condition_nearest_upper,1,hidden_high_friction,312501,phase312b_seed_block,5,3,0.08333333333333333,0.08333333333333333,0.0,0,0.0,0.03973616659641266,0.0,0.0,hidden_high_friction,1,422,422,hidden_high_friction,0.051778946071863174,0.051778946071863174,nan,0.37587034702301025,0.0,0.031128939241170883,nan,nan,nan,phase3_12c_matched_reset_no_phase4_no_cps
condition_nearest_upper,1,hidden_high_friction,312501,phase312b_seed_block,5,4,0.08333333333333333,0.08333333333333333,0.0,0,0.0,0.04067612439393997,0.0,0.0,hidden_high_friction,1,426,426,hidden_high_friction,0.03960913419723511,0.03960913419723511,nan,0.3679679334163666,0.0,0.024757809937000275,nan,nan,nan,phase3_12c_matched_reset_no_phase4_no_cps
condition_nearest_upper,1,hidden_high_friction,312501,phase312b_seed_block,5,5,0.08333333333333333,0.08333333333333333,0.0,0,0.0,0.03979603573679924,0.0,0.0,hidden_high_friction,1,614,614,hidden_high_friction,0.03869035094976425,0.03869035094976425,nan,0.354524165391922,0.0,0.04803801327943802,nan,nan,nan,phase3_12c_matched_reset_no_phase4_no_cps
condition_nearest_upper,1,hidden_high_friction,312501,phase312b_seed_block,5,6,0.08333333333333333,0.08333333333333333,0.0,0,0.0,0.03993324562907219,0.0,0.0,hidden_high_friction,1,302,302,hidden_high_friction,0.048731762915849686,0.048731762915849686,nan,0.6795704364776611,0.0,0.02846490778028965,nan,nan,nan,phase3_12c_matched_reset_no_phase4_no_cps
condition_nearest_upper,1,hidden_high_friction,312501,phase312b_seed_block,5,7,0.08333333333333333,0.08333333333333333,0.0,0,0.0,0.03988855704665184,0.0,0.0,hidden_high_friction,1,306,306,hidden_high_friction,0.038406819105148315,0.038406819105148315,nan,0.3014504313468933,0.0,0.02489498257637024,nan,nan,nan,phase3_12c_matched_reset_no_phase4_no_cps
condition_nearest_upper,1,hidden_high_friction,312501,phase312b_seed_block,5,8,0.08333333333333333,0.08333333333333333,0.0,0,0.0,0.04028055816888809,0.0,0.0,hidden_high_friction,1,302,302,hidden_high_friction,0.042802922427654266,0.042802922427654266,nan,0.6415199041366577,0.0,0.03514159470796585,nan,nan,nan,phase3_12c_matched_reset_no_phase4_no_cps
condition_nearest_upper,1,hidden_high_friction,312501,phase312b_seed_block,5,9,0.08333333333333333,0.08333333333333333,0.0,0,0.0,0.0404968187212944,0.0,0.0,hidden_high_friction,1,306,306,hidden_high_friction,0.04111088439822197,0.04111088439822197,nan,0.29187464714050293,0.0,0.013999403454363346,nan,nan,nan,phase3_12c_matched_reset_no_phase4_no_cps
condition_nearest_upper,1,hidden_high_friction,312501,phase312b_seed_block,5,10,0.08333333333333333,0.08333333333333333,0.0,0,0.0,0.040098123252391815,0.0,0.0,hidden_high_friction,1,302,302,hidden_high_friction,0.04361069202423096,0.04361069202423096,nan,0.6302435994148254,0.0,0.033967241644859314,nan,nan,nan,phase3_12c_matched_reset_no_phase4_no_cps
condition_nearest_upper,1,hidden_high_friction,312501,phase312b_seed_block,5,11,0.08333333333333333,0.08333333333333333,0.0,0,0.0,0.04044678434729576,0.0,0.0,hidden_high_friction,1,306,306,hidden_high_friction,0.04140985757112503,0.04140985757112503,nan,0.2951740324497223,0.0,0.014765906147658825,nan,nan,nan,phase3_12c_matched_reset_no_phase4_no_cps
condition_nearest_upper,1,hidden_high_friction,312501,phase312b_seed_block,5,12,0.08333333333333333,0.08333333333333333,0.0,0,0.0,0.0402216762304306,0.0,0.0,hidden_high_friction,1,302,302,hidden_high_friction,0.04283551871776581,0.04283551871776581,nan,0.6316590905189514,0.0,0.033171940594911575,nan,nan,nan,phase3_12c_matched_reset_no_phase4_no_cps
condition_nearest_upper,1,hidden_high_friction,312501,phase312b_seed_block,5,13,0.08333333333333333,0.08333333333333333,0.0,0,0.0,0.03986481577157974,0.0,0.0,hidden_high_friction,1,306,306,hidden_high_friction,0.04128408804535866,0.04128408804535866,nan,0.2910180687904358,0.0,0.01601129211485386,nan,nan,nan,phase3_12c_matched_reset_no_phase4_no_cps
condition_nearest_upper,1,hidden_high_friction,312501,phase312b_seed_block,5,14,0.08333333333333333,0.08333333333333333,0.0,0,0.0,0.04010467603802681,0.0,0.0,hidden_high_friction,1,302,302,hidden_high_friction,0.04300997778773308,0.04300997778773308,nan,0.6474475860595703,0.0,0.031695686280727386,nan,nan,nan,phase3_12c_matched_reset_no_phase4_no_cps
condition_nearest_upper,1,hidden_high_friction,312501,phase312b_seed_block,5,15,0.08333333333333333,0.08333333333333333,0.0,0,0.0,0.03996465355157852,0.0,0.0,hidden_high_friction,1,306,306,hidden_high_friction,0.04132353514432907,0.04132353514432907,nan,0.2911462187767029,0.0,0.01647765003144741,nan,nan,nan,phase3_12c_matched_reset_no_phase4_no_cps
condition_nearest_upper,1,hidden_high_friction,312502,phase312b_seed_block,6,0,0.0,0.0,0.0,0,0.0,0.039686769247055054,0.0,0.0,hidden_high_friction,1,214,214,hidden_high_friction,0.025237523019313812,0.025237523019313812,nan,0.562877357006073,0.0,0.4511827230453491,nan,nan,nan,phase3_12c_matched_reset_no_phase4_no_cps
condition_nearest_upper,1,hidden_high_friction,312502,phase312b_seed_block,6,1,0.0,0.0,0.0,0,0.0,0.039424099028110504,0.0,0.0,hidden_high_friction,1,350,350,hidden_high_friction,0.10428136587142944,0.10428136587142944,nan,0.7134487628936768,0.0,0.048725955188274384,nan,nan,nan,phase3_12c_matched_reset_no_phase4_no_cps
condition_nearest_upper,1,hidden_high_friction,312502,phase312b_seed_block,6,2,0.0,0.0,0.0,0,0.0,0.037291526794433594,0.0,0.0,hidden_high_friction,1,350,350,hidden_high_friction,0.09778590500354767,0.09778590500354767,nan,0.9553853273391724,0.0,0.09464780986309052,nan,nan,nan,phase3_12c_matched_reset_no_phase4_no_cps
condition_nearest_upper,1,hidden_high_friction,312502,phase312b_seed_block,6,3,0.0,0.0,0.0,0,0.0,0.03627233952283859,0.0,0.0,hidden_high_friction,1,470,470,hidden_high_friction,0.09437689185142517,0.09437689185142517,nan,0.6091399192810059,0.0,0.11958136409521103,nan,nan,nan,phase3_12c_matched_reset_no_phase4_no_cps
condition_nearest_upper,1,hidden_high_friction,312502,phase312b_seed_block,6,4,0.0,0.0,0.0,0,0.0,0.036001842468976974,0.0,0.0,hidden_high_friction,1,470,470,hidden_high_friction,0.08892787992954254,0.08892787992954254,nan,0.4953745901584625,0.0,0.11669214069843292,nan,nan,nan,phase3_12c_matched_reset_no_phase4_no_cps
condition_nearest_upper,1,hidden_high_friction,312502,phase312b_seed_block,6,5,0.0,0.0,0.0,0,0.0,0.03482234477996826,0.0,0.0,hidden_high_friction,1,470,470,hidden_high_friction,0.09113883227109909,0.09113883227109909,nan,0.43983274698257446,0.0,0.11874276399612427,nan,nan,nan,phase3_12c_matched_reset_no_phase4_no_cps
condition_nearest_upper,1,hidden_high_friction,312502,phase312b_seed_block,6,6,0.0,0.0,0.0,0,0.0,0.034857913851737976,0.0,0.0,hidden_high_friction,1,350,350,hidden_high_friction,0.08910493552684784,0.08910493552684784,nan,0.8143287301063538,0.0,0.0908069834113121,nan,nan,nan,phase3_12c_matched_reset_no_phase4_no_cps
condition_nearest_upper,1,hidden_high_friction,312502,phase312b_seed_block,6,7,0.0,0.0,0.0,0,0.0,0.035566795617341995,0.0,0.0,hidden_high_friction,1,350,350,hidden_high_friction,0.09020058810710907,0.09020058810710907,nan,0.9301694631576538,0.0,0.09244689345359802,nan,nan,nan,phase3_12c_matched_reset_no_phase4_no_cps
condition_nearest_upper,1,hidden_high_friction,312502,phase312b_seed_block,6,8,0.0,0.0,0.0,0,0.0,0.03535543382167816,0.0,0.0,hidden_high_friction,1,470,470,hidden_high_friction,0.09256023913621902,0.09256023913621902,nan,0.6488986015319824,0.0,0.10449673235416412,nan,nan,nan,phase3_12c_matched_reset_no_phase4_no_cps
condition_nearest_upper,1,hidden_high_friction,312502,phase312b_seed_block,6,9,0.0,0.0,0.0,0,0.0,0.03672102093696594,0.0,0.0,hidden_high_friction,1,470,470,hidden_high_friction,0.08801694959402084,0.08801694959402084,nan,0.543489396572113,0.0,0.1120772585272789,nan,nan,nan,phase3_12c_matched_reset_no_phase4_no_cps
condition_nearest_upper,1,hidden_high_friction,312502,phase312b_seed_block,6,10,0.0,0.0,0.0,0,0.0,0.03680280223488808,0.0,0.0,hidden_high_friction,1,346,346,hidden_high_friction,0.0911710113286972,0.0911710113286972,nan,0.7699856162071228,0.0,0.08647280186414719,nan,nan,nan,phase3_12c_matched_reset_no_phase4_no_cps
condition_nearest_upper,1,hidden_high_friction,312502,phase312b_seed_block,6,11,0.0,0.0,0.0,0,0.0,0.03473387658596039,0.0,0.0,hidden_high_friction,1,350,350,hidden_high_friction,0.08820047229528427,0.08820047229528427,nan,0.84934002161026,0.0,0.07847075164318085,nan,nan,nan,phase3_12c_matched_reset_no_phase4_no_cps
condition_nearest_upper,1,hidden_high_friction,312502,phase312b_seed_block,6,12,0.0,0.0,0.0,0,0.0,0.03805047273635864,0.0,0.0,hidden_high_friction,1,350,350,hidden_high_friction,0.09209941327571869,0.09209941327571869,nan,1.0293946266174316,0.07142857142857142,0.10760210454463959,nan,nan,nan,phase3_12c_matched_reset_no_phase4_no_cps
condition_nearest_upper,1,hidden_high_friction,312502,phase312b_seed_block,6,13,0.0,0.0,0.0,0,0.0,0.03867800906300545,0.0,0.0,hidden_high_friction,1,470,470,hidden_high_friction,0.09209314733743668,0.09209314733743668,nan,0.6657409071922302,0.0,0.11123873293399811,nan,nan,nan,phase3_12c_matched_reset_no_phase4_no_cps
condition_nearest_upper,1,hidden_high_friction,312502,phase312b_seed_block,6,14,0.0,0.0,0.0,0,0.0,0.03865460678935051,0.0,0.0,hidden_high_friction,1,470,470,hidden_high_friction,0.08833692222833633,0.08833692222833633,nan,0.5541632175445557,0.0,0.10942215472459793,nan,nan,nan,phase3_12c_matched_reset_no_phase4_no_cps
condition_nearest_upper,1,hidden_high_friction,312502,phase312b_seed_block,6,15,0.0,0.0,0.0,0,0.0,0.039504408836364746,0.0,0.0,hidden_high_friction,1,470,470,hidden_high_friction,0.09076420962810516,0.09076420962810516,nan,0.4671369791030884,0.0,0.11514829844236374,nan,nan,nan,phase3_12c_matched_reset_no_phase4_no_cps
condition_nearest_upper,1,hidden_high_friction,312503,phase312b_seed_block,7,0,0.0,0.0,0.0,0,0.0,0.03982853516936302,0.0,0.0,hidden_high_friction,1,526,526,hidden_high_friction,0.017551729455590248,0.017551729455590248,nan,0.6508020758628845,0.0,0.3348386585712433,nan,nan,nan,phase3_12c_matched_reset_no_phase4_no_cps
condition_nearest_upper,1,hidden_high_friction,312503,phase312b_seed_block,7,1,0.0,0.0,0.0,0,0.0,0.03930884972214699,0.0,0.0,hidden_high_friction,1,574,574,hidden_high_friction,0.05610812082886696,0.05610812082886696,nan,0.5304321646690369,0.0,0.08050733059644699,nan,nan,nan,phase3_12c_matched_reset_no_phase4_no_cps
condition_nearest_upper,1,hidden_high_friction,312503,phase312b_seed_block,7,2,0.0,0.0,0.0,0,0.0,0.04044124856591225,0.0,0.0,hidden_high_friction,1,574,574,hidden_high_friction,0.04827083274722099,0.04827083274722099,nan,0.5444524884223938,0.0,0.046070538461208344,nan,nan,nan,phase3_12c_matched_reset_no_phase4_no_cps
condition_nearest_upper,1,hidden_high_friction,312503,phase312b_seed_block,7,3,0.0,0.0,0.0,0,0.0,0.039578888565301895,0.0,0.0,hidden_high_friction,1,574,574,hidden_high_friction,0.044300734996795654,0.044300734996795654,nan,0.521129310131073,0.0,0.06700534373521805,nan,nan,nan,phase3_12c_matched_reset_no_phase4_no_cps
condition_nearest_upper,1,hidden_high_friction,312503,phase312b_seed_block,7,4,0.0,0.0,0.0,0,0.0,0.039391376078128815,0.0,0.0,hidden_high_friction,1,574,574,hidden_high_friction,0.04498787969350815,0.04498787969350815,nan,0.5386374592781067,0.0,0.09052214026451111,nan,nan,nan,phase3_12c_matched_reset_no_phase4_no_cps
condition_nearest_upper,1,hidden_high_friction,312503,phase312b_seed_block,7,5,0.0,0.0,0.0,0,0.0,0.03892962634563446,0.0,0.0,hidden_high_friction,1,574,574,hidden_high_friction,0.045406848192214966,0.045406848192214966,nan,0.5433067679405212,0.0,0.09263384342193604,nan,nan,nan,phase3_12c_matched_reset_no_phase4_no_cps
condition_nearest_upper,1,hidden_high_friction,312503,phase312b_seed_block,7,6,0.0,0.0,0.0,0,0.0,0.03904351219534874,0.0,0.0,hidden_high_friction,1,574,574,hidden_high_friction,0.046147193759679794,0.046147193759679794,nan,0.558212399482727,0.0,0.09648594260215759,nan,nan,nan,phase3_12c_matched_reset_no_phase4_no_cps
condition_nearest_upper,1,hidden_high_friction,312503,phase312b_seed_block,7,7,0.0,0.0,0.0,0,0.0,0.03982563689351082,0.0,0.0,hidden_high_friction,1,574,574,hidden_high_friction,0.04675765708088875,0.04675765708088875,nan,0.55829918384552,0.0,0.09766675531864166,nan,nan,nan,phase3_12c_matched_reset_no_phase4_no_cps
condition_nearest_upper,1,hidden_high_friction,312503,phase312b_seed_block,7,8,0.0,0.0,0.0,0,0.0,0.039644431322813034,0.0,0.0,hidden_high_friction,1,574,574,hidden_high_friction,0.04691329225897789,0.04691329225897789,nan,0.5632653832435608,0.0,0.09749867022037506,nan,nan,nan,phase3_12c_matched_reset_no_phase4_no_cps
condition_nearest_upper,1,hidden_high_friction,312503,phase312b_seed_block,7,9,0.0,0.0,0.0,0,0.0,0.03861376643180847,0.0,0.0,hidden_high_friction,1,574,574,hidden_high_friction,0.046905335038900375,0.046905335038900375,nan,0.5359992980957031,0.0,0.09288115054368973,nan,nan,nan,phase3_12c_matched_reset_no_phase4_no_cps
condition_nearest_upper,1,hidden_high_friction,312503,phase312b_seed_block,7,10,0.0,0.0,0.0,0,0.0,0.036649979650974274,0.0,0.0,hidden_high_friction,1,574,574,hidden_high_friction,0.04696490615606308,0.04696490615606308,nan,0.5362046360969543,0.0,0.09588547050952911,nan,nan,nan,phase3_12c_matched_reset_no_phase4_no_cps
condition_nearest_upper,1,hidden_high_friction,312503,phase312b_seed_block,7,11,0.0,0.0,0.0,0,0.0,0.0354146771132946,0.0,0.0,hidden_high_friction,1,574,574,hidden_high_friction,0.0464257188141346,0.0464257188141346,nan,0.5314064621925354,0.0,0.09465812891721725,nan,nan,nan,phase3_12c_matched_reset_no_phase4_no_cps
condition_nearest_upper,1,hidden_high_friction,312503,phase312b_seed_block,7,12,0.0,0.0,0.0,0,0.0,0.037221815437078476,0.0,0.0,hidden_high_friction,1,574,574,hidden_high_friction,0.04598391056060791,0.04598391056060791,nan,0.5410301685333252,0.0,0.09477557986974716,nan,nan,nan,phase3_12c_matched_reset_no_phase4_no_cps
condition_nearest_upper,1,hidden_high_friction,312503,phase312b_seed_block,7,13,0.0,0.0,0.0,0,0.0,0.03887791559100151,0.0,0.0,hidden_high_friction,1,574,574,hidden_high_friction,0.045942917466163635,0.045942917466163635,nan,0.5400952100753784,0.0,0.09636609256267548,nan,nan,nan,phase3_12c_matched_reset_no_phase4_no_cps
condition_nearest_upper,1,hidden_high_friction,312503,phase312b_seed_block,7,14,0.0,0.0,0.0,0,0.0,0.040235258638858795,0.0,0.0,hidden_high_friction,1,574,574,hidden_high_friction,0.0461716502904892,0.0461716502904892,nan,0.5532000064849854,0.0,0.09802836924791336,nan,nan,nan,phase3_12c_matched_reset_no_phase4_no_cps
condition_nearest_upper,1,hidden_high_friction,312503,phase312b_seed_block,7,15,0.0,0.0,0.0,0,0.0,0.039971061050891876,0.0,0.0,hidden_high_friction,1,574,574,hidden_high_friction,0.04605106636881828,0.04605106636881828,nan,0.5502892732620239,0.0,0.09670901298522949,nan,nan,nan,phase3_12c_matched_reset_no_phase4_no_cps
proxy_state_motion_nn,0,free,312000,phase312_seed_block,0,0,0.375,0.375,0.0,0,0.0,0.04005258530378342,0.0,0.0,hidden_high_friction,0,118,118,hidden_high_friction,0.16426488757133484,0.16426488757133484,nan,0.4553467333316803,0.0,0.2967316508293152,nan,nan,nan,phase3_12c_matched_reset_no_phase4_no_cps
proxy_state_motion_nn,0,free,312000,phase312_seed_block,0,1,0.375,0.4583333333333333,0.08333333333333331,0,0.08333333333333331,0.04024966061115265,0.0,0.0,free,1,576,576,free,0.16693001985549927,0.16693001985549927,nan,0.5823895931243896,0.0,0.3386663794517517,nan,nan,nan,phase3_12c_matched_reset_no_phase4_no_cps
proxy_state_motion_nn,0,free,312000,phase312_seed_block,0,2,0.4583333333333333,0.5,0.041666666666666685,0,0.041666666666666685,0.03979411721229553,0.0,0.0,free,1,172,172,free,0.5954920649528503,0.5954920649528503,nan,0.516979455947876,0.0,0.09078977257013321,nan,nan,nan,phase3_12c_matched_reset_no_phase4_no_cps
proxy_state_motion_nn,0,free,312000,phase312_seed_block,0,3,0.5,0.20833333333333334,-0.29166666666666663,0,-0.29166666666666663,0.040193840861320496,0.0,0.0,hidden_breakaway_pin,0,175,175,hidden_breakaway_pin,0.6004480123519897,0.6004480123519897,nan,0.44218382239341736,0.0,0.05238162353634834,nan,nan,nan,phase3_12c_matched_reset_no_phase4_no_cps
proxy_state_motion_nn,0,free,312000,phase312_seed_block,0,4,0.20833333333333334,0.20833333333333334,0.0,0,0.0,0.040608953684568405,0.0,0.0,hidden_breakaway_pin,0,187,187,hidden_breakaway_pin,0.30460596084594727,0.30460596084594727,nan,0.5018355250358582,0.0,0.030494652688503265,nan,nan,nan,phase3_12c_matched_reset_no_phase4_no_cps
proxy_state_motion_nn,0,free,312000,phase312_seed_block,0,5,0.20833333333333334,0.20833333333333334,0.0,0,0.0,0.040557894855737686,0.0,0.0,free,1,184,184,free,0.2892000675201416,0.2892000675201416,nan,0.4130744934082031,0.0,0.08078933507204056,nan,nan,nan,phase3_12c_matched_reset_no_phase4_no_cps
proxy_state_motion_nn,0,free,312000,phase312_seed_block,0,6,0.20833333333333334,0.20833333333333334,0.0,0,0.0,0.040240202099084854,0.0,0.0,hidden_breakaway_pin,0,191,191,hidden_breakaway_pin,0.2790105640888214,0.2790105640888214,nan,0.3860335350036621,0.0,0.05238257348537445,nan,nan,nan,phase3_12c_matched_reset_no_phase4_no_cps
proxy_state_motion_nn,0,free,312000,phase312_seed_block,0,7,0.20833333333333334,0.20833333333333334,0.0,0,0.0,0.039948441088199615,0.0,0.0,hidden_breakaway_pin,0,191,191,hidden_breakaway_pin,0.2864730954170227,0.2864730954170227,nan,0.4341297745704651,0.0,0.04207412898540497,nan,nan,nan,phase3_12c_matched_reset_no_phase4_no_cps
proxy_state_motion_nn,0,free,312000,phase312_seed_block,0,8,0.20833333333333334,0.20833333333333334,0.0,0,0.0,0.040645781904459,0.0,0.0,hidden_pin,0,189,189,hidden_pin,0.28320246934890747,0.28320246934890747,nan,0.42772507667541504,0.0,0.2475431114435196,nan,nan,nan,phase3_12c_matched_reset_no_phase4_no_cps
proxy_state_motion_nn,0,free,312000,phase312_seed_block,0,9,0.20833333333333334,0.20833333333333334,0.0,0,0.0,0.040236808359622955,0.0,0.0,hidden_breakaway_pin,0,191,191,hidden_breakaway_pin,0.27479052543640137,0.27479052543640137,nan,0.4721600413322449,0.0,0.06171882525086403,nan,nan,nan,phase3_12c_matched_reset_no_phase4_no_cps
proxy_state_motion_nn,0,free,312000,phase312_seed_block,0,10,0.20833333333333334,0.20833333333333334,0.0,0,0.0,0.04021782800555229,0.0,0.0,hidden_breakaway_pin,0,191,191,hidden_breakaway_pin,0.27816250920295715,0.27816250920295715,nan,0.44555193185806274,0.0,0.05490836501121521,nan,nan,nan,phase3_12c_matched_reset_no_phase4_no_cps
proxy_state_motion_nn,0,free,312000,phase312_seed_block,0,11,0.20833333333333334,0.20833333333333334,0.0,0,0.0,0.04025283083319664,0.0,0.0,free,1,188,188,free,0.2753140330314636,0.2753140330314636,nan,0.24971146881580353,0.0,0.004469889681786299,nan,nan,nan,phase3_12c_matched_reset_no_phase4_no_cps
proxy_state_motion_nn,0,free,312000,phase312_seed_block,0,12,0.20833333333333334,0.20833333333333334,0.0,0,0.0,0.040025293827056885,0.0,0.0,hidden_breakaway_pin,0,195,195,hidden_breakaway_pin,0.2721686065196991,0.2721686065196991,nan,0.42420729994773865,0.0,0.0404980443418026,nan,nan,nan,phase3_12c_matched_reset_no_phase4_no_cps
proxy_state_motion_nn,0,free,312000,phase312_seed_block,0,13,0.20833333333333334,0.20833333333333334,0.0,0,0.0,0.04021970182657242,0.0,0.0,hidden_pin,0,185,185,hidden_pin,0.3017367422580719,0.3017367422580719,nan,0.5120095610618591,0.0,0.2565152645111084,nan,nan,nan,phase3_12c_matched_reset_no_phase4_no_cps
proxy_state_motion_nn,0,free,312000,phase312_seed_block,0,14,0.20833333333333334,0.20833333333333334,0.0,0,0.0,0.0394667387008667,0.0,0.0,hidden_high_friction,0,190,190,hidden_high_friction,0.30596256256103516,0.30596256256103516,nan,0.40935465693473816,0.0,0.06975729763507843,nan,nan,nan,phase3_12c_matched_reset_no_phase4_no_cps
proxy_state_motion_nn,0,free,312000,phase312_seed_block,0,15,0.20833333333333334,0.20833333333333334,0.0,0,0.0,0.040232691913843155,0.0,0.0,hidden_high_friction,0,190,190,hidden_high_friction,0.30901145935058594,0.30901145935058594,nan,0.35165566205978394,0.0,0.049889180809259415,nan,nan,nan,phase3_12c_matched_reset_no_phase4_no_cps
proxy_state_motion_nn,0,free,312001,phase312_seed_block,1,0,0.0,0.125,0.125,0,0.125,0.04025295376777649,0.0,0.0,hidden_breakaway_pin,0,631,631,hidden_breakaway_pin,0.18020209670066833,0.18020209670066833,nan,0.7127060890197754,0.0,0.46414458751678467,nan,nan,nan,phase3_12c_matched_reset_no_phase4_no_cps
proxy_state_motion_nn,0,free,312001,phase312_seed_block,1,1,0.125,0.125,0.0,0,0.0,0.04011600464582443,0.0,0.0,free,1,28,28,free,0.6563428640365601,0.6563428640365601,nan,0.6184360384941101,0.0,0.3351444900035858,nan,nan,nan,phase3_12c_matched_reset_no_phase4_no_cps
proxy_state_motion_nn,0,free,312001,phase312_seed_block,1,2,0.125,0.125,0.0,0,0.0,0.04028351232409477,0.0,0.0,free,1,28,28,free,0.6321708559989929,0.6321708559989929,nan,0.6740395426750183,0.0,0.2956949770450592,nan,nan,nan,phase3_12c_matched_reset_no_phase4_no_cps
proxy_state_motion_nn,0,free,312001,phase312_seed_block,1,3,0.125,0.125,0.0,0,0.0,0.04028873145580292,0.0,0.0,hidden_breakaway_pin,0,623,623,hidden_breakaway_pin,0.47506386041641235,0.47506386041641235,nan,0.47362568974494934,0.0,0.1864362508058548,nan,nan,nan,phase3_12c_matched_reset_no_phase4_no_cps
proxy_state_motion_nn,0,free,312001,phase312_seed_block,1,4,0.125,0.125,0.0,0,0.0,0.040308691561222076,0.0,0.0,free,1,620,620,free,0.42714086174964905,0.42714086174964905,nan,0.4869171977043152,0.0,0.17141737043857574,nan,nan,nan,phase3_12c_matched_reset_no_phase4_no_cps
proxy_state_motion_nn,0,free,312001,phase312_seed_block,1,5,0.125,0.125,0.0,0,0.0,0.040240328758955,0.0,0.0,hidden_high_friction,0,622,622,hidden_high_friction,0.4166434705257416,0.4166434705257416,nan,0.5144764184951782,0.0,0.17219586670398712,nan,nan,nan,phase3_12c_matched_reset_no_phase4_no_cps
proxy_state_motion_nn,0,free,312001,phase312_seed_block,1,6,0.125,0.125,0.0,0,0.0,0.039733193814754486,0.0,0.0,free,1,304,304,free,0.4235905110836029,0.4235905110836029,nan,0.5584331750869751,0.0,0.13948161900043488,nan,nan,nan,phase3_12c_matched_reset_no_phase4_no_cps
proxy_state_motion_nn,0,free,312001,phase312_seed_block,1,7,0.125,0.16666666666666666,0.04166666666666666,0,0.04166666666666666,0.04082335904240608,0.0,0.0,hidden_breakaway_pin,0,307,307,hidden_breakaway_pin,0.45042136311531067,0.45042136311531067,nan,0.48726755380630493,0.0,0.07870198041200638,nan,nan,nan,phase3_12c_matched_reset_no_phase4_no_cps
proxy_state_motion_nn,0,free,312001,phase312_seed_block,1,8,0.16666666666666666,0.16666666666666666,0.0,0,0.0,0.040226686745882034,0.0,0.0,hidden_breakaway_pin,0,763,763,hidden_breakaway_pin,0.45540881156921387,0.45540881156921387,nan,0.27436602115631104,0.0,0.08270316570997238,nan,nan,nan,phase3_12c_matched_reset_no_phase4_no_cps
proxy_state_motion_nn,0,free,312001,phase312_seed_block,1,9,0.16666666666666666,0.16666666666666666,0.0,0,0.0,0.04039939492940903,0.0,0.0,hidden_breakaway_pin,0,763,763,hidden_breakaway_pin,0.4394516348838806,0.4394516348838806,nan,0.24091804027557373,0.0,0.07902807742357254,nan,nan,nan,phase3_12c_matched_reset_no_phase4_no_cps
proxy_state_motion_nn,0,free,312001,phase312_seed_block,1,10,0.16666666666666666,0.16666666666666666,0.0,0,0.0,0.04031715914607048,0.0,0.0,hidden_breakaway_pin,0,623,623,hidden_breakaway_pin,0.443582147359848,0.443582147359848,nan,0.47623613476753235,0.0,0.2127193957567215,nan,nan,nan,phase3_12c_matched_reset_no_phase4_no_cps
proxy_state_motion_nn,0,free,312001,phase312_seed_block,1,11,0.16666666666666666,0.16666666666666666,0.0,0,0.0,0.039800453931093216,0.0,0.0,hidden_high_friction,0,358,358,hidden_high_friction,0.6796035766601562,0.6796035766601562,nan,0.693446159362793,0.0,0.27910315990448,nan,nan,nan,phase3_12c_matched_reset_no_phase4_no_cps
proxy_state_motion_nn,0,free,312001,phase312_seed_block,1,12,0.16666666666666666,0.16666666666666666,0.0,0,0.0,0.04015714302659035,0.0,0.0,hidden_breakaway_pin,0,763,763,hidden_breakaway_pin,0.43476545810699463,0.43476545810699463,nan,0.3377710282802582,0.0,0.07568616420030594,nan,nan,nan,phase3_12c_matched_reset_no_phase4_no_cps
proxy_state_motion_nn,0,free,312001,phase312_seed_block,1,13,0.16666666666666666,0.16666666666666666,0.0,0,0.0,0.03962839022278786,0.0,0.0,hidden_breakaway_pin,0,763,763,hidden_breakaway_pin,0.4209222197532654,0.4209222197532654,nan,0.30002638697624207,0.0,0.07703158259391785,nan,nan,nan,phase3_12c_matched_reset_no_phase4_no_cps
proxy_state_motion_nn,0,free,312001,phase312_seed_block,1,14,0.16666666666666666,0.16666666666666666,0.0,0,0.0,0.04002980887889862,0.0,0.0,hidden_breakaway_pin,0,23,23,hidden_breakaway_pin,0.45601484179496765,0.45601484179496765,nan,0.4387477934360504,0.0,0.1725393533706665,nan,nan,nan,phase3_12c_matched_reset_no_phase4_no_cps
proxy_state_motion_nn,0,free,312001,phase312_seed_block,1,15,0.16666666666666666,0.16666666666666666,0.0,0,0.0,0.0408305898308754,0.0,0.0,hidden_breakaway_pin,0,763,763,hidden_breakaway_pin,0.4026079475879669,0.4026079475879669,nan,0.29171472787857056,0.0,0.09022676199674606,nan,nan,nan,phase3_12c_matched_reset_no_phase4_no_cps
proxy_state_motion_nn,0,free,312002,phase312_seed_block,2,0,0.0,0.0,0.0,0,0.0,0.0403023324906826,0.0,0.0,hidden_breakaway_pin,0,483,483,hidden_breakaway_pin,0.3493344485759735,0.3493344485759735,nan,0.5126442909240723,0.0,0.28071051836013794,nan,nan,nan,phase3_12c_matched_reset_no_phase4_no_cps
proxy_state_motion_nn,0,free,312002,phase312_seed_block,2,1,0.0,0.0,0.0,0,0.0,0.04025391489267349,0.0,0.0,hidden_breakaway_pin,0,607,607,hidden_breakaway_pin,0.3978182375431061,0.3978182375431061,nan,0.6287369728088379,0.0,0.06805885583162308,nan,nan,nan,phase3_12c_matched_reset_no_phase4_no_cps
proxy_state_motion_nn,0,free,312002,phase312_seed_block,2,2,0.0,0.0,0.0,0,0.0,0.04028704762458801,0.0,0.0,hidden_high_friction,0,606,606,hidden_high_friction,0.47668012976646423,0.47668012976646423,nan,0.43319064378738403,0.0,0.07473669201135635,nan,nan,nan,phase3_12c_matched_reset_no_phase4_no_cps
proxy_state_motion_nn,0,free,312002,phase312_seed_block,2,3,0.0,0.0,0.0,0,0.0,0.04026511311531067,0.0,0.0,hidden_breakaway_pin,0,327,327,hidden_breakaway_pin,0.2743692696094513,0.2743692696094513,nan,0.7062954902648926,0.0,0.05271070823073387,nan,nan,nan,phase3_12c_matched_reset_no_phase4_no_cps
proxy_state_motion_nn,0,free,312002,phase312_seed_block,2,4,0.0,0.0,0.0,0,0.0,0.040214601904153824,0.0,0.0,hidden_breakaway_pin,0,327,327,hidden_breakaway_pin,0.3689979612827301,0.3689979612827301,nan,0.4277307391166687,0.0,0.06751776486635208,nan,nan,nan,phase3_12c_matched_reset_no_phase4_no_cps
proxy_state_motion_nn,0,free,312002,phase312_seed_block,2,5,0.0,0.0,0.0,0,0.0,0.03975464031100273,0.0,0.0,hidden_high_friction,0,326,326,hidden_high_friction,0.2491663098335266,0.2491663098335266,nan,0.3987462818622589,0.0,0.06632053852081299,nan,nan,nan,phase3_12c_matched_reset_no_phase4_no_cps
proxy_state_motion_nn,0,free,312002,phase312_seed_block,2,6,0.0,0.0,0.0,0,0.0,0.0407656691968441,0.0,0.0,free,1,324,324,free,0.32348859310150146,0.32348859310150146,nan,0.44591066241264343,0.0,0.08961126953363419,nan,nan,nan,phase3_12c_matched_reset_no_phase4_no_cps
proxy_state_motion_nn,0,free,312002,phase312_seed_block,2,7,0.0,0.0,0.0,0,0.0,0.040296610444784164,0.0,0.0,free,1,324,324,free,0.39715376496315,0.39715376496315,nan,0.4579116702079773,0.0,0.07598190009593964,nan,nan,nan,phase3_12c_matched_reset_no_phase4_no_cps
proxy_state_motion_nn,0,free,312002,phase312_seed_block,2,8,0.0,0.0,0.0,0,0.0,0.040336474776268005,0.0,0.0,free,1,324,324,free,0.34770068526268005,0.34770068526268005,nan,0.46330317854881287,0.0,0.07313186675310135,nan,nan,nan,phase3_12c_matched_reset_no_phase4_no_cps
proxy_state_motion_nn,0,free,312002,phase312_seed_block,2,9,0.0,0.0,0.0,0,0.0,0.04039740562438965,0.0,0.0,free,1,324,324,free,0.3288443386554718,0.3288443386554718,nan,0.4497065246105194,0.0,0.0765974149107933,nan,nan,nan,phase3_12c_matched_reset_no_phase4_no_cps
proxy_state_motion_nn,0,free,312002,phase312_seed_block,2,10,0.0,0.0,0.0,0,0.0,0.039988577365875244,0.0,0.0,free,1,324,324,free,0.35116147994995117,0.35116147994995117,nan,0.4442216455936432,0.0,0.07930461317300797,nan,nan,nan,phase3_12c_matched_reset_no_phase4_no_cps
proxy_state_motion_nn,0,free,312002,phase312_seed_block,2,11,0.0,0.0,0.0,0,0.0,0.04004918038845062,0.0,0.0,free,1,324,324,free,0.428134024143219,0.428134024143219,nan,0.44531145691871643,0.0,0.07856560498476028,nan,nan,nan,phase3_12c_matched_reset_no_phase4_no_cps
proxy_state_motion_nn,0,free,312002,phase312_seed_block,2,12,0.0,0.0,0.0,0,0.0,0.039264529943466187,0.0,0.0,free,1,324,324,free,0.43990376591682434,0.43990376591682434,nan,0.4498993456363678,0.0,0.0763564333319664,nan,nan,nan,phase3_12c_matched_reset_no_phase4_no_cps
proxy_state_motion_nn,0,free,312002,phase312_seed_block,2,13,0.0,0.0,0.0,0,0.0,0.03993319720029831,0.0,0.0,free,1,324,324,free,0.38024258613586426,0.38024258613586426,nan,0.4507361054420471,0.0,0.07547183334827423,nan,nan,nan,phase3_12c_matched_reset_no_phase4_no_cps
proxy_state_motion_nn,0,free,312002,phase312_seed_block,2,14,0.0,0.0,0.0,0,0.0,0.04078027978539467,0.0,0.0,hidden_breakaway_pin,0,327,327,hidden_breakaway_pin,0.29642394185066223,0.29642394185066223,nan,0.4470978379249573,0.0,0.07256760448217392,nan,nan,nan,phase3_12c_matched_reset_no_phase4_no_cps
proxy_state_motion_nn,0,free,312002,phase312_seed_block,2,15,0.0,0.0,0.0,0,0.0,0.04027538374066353,0.0,0.0,hidden_breakaway_pin,0,327,327,hidden_breakaway_pin,0.4387333393096924,0.4387333393096924,nan,0.44587430357933044,0.0,0.073817677795887,nan,nan,nan,phase3_12c_matched_reset_no_phase4_no_cps
proxy_state_motion_nn,0,free,312003,phase312_seed_block,3,0,0.0,0.125,0.125,0,0.125,0.040091730654239655,0.0,0.0,hidden_breakaway_pin,0,79,79,hidden_breakaway_pin,0.33843499422073364,0.33843499422073364,nan,0.6675408482551575,0.0,0.5080693960189819,nan,nan,nan,phase3_12c_matched_reset_no_phase4_no_cps
proxy_state_motion_nn,0,free,312003,phase312_seed_block,3,1,0.125,0.125,0.0,0,0.0,0.040224649012088776,0.0,0.0,free,1,28,28,free,0.8526789546012878,0.8526789546012878,nan,0.5765926241874695,0.0,0.27539005875587463,nan,nan,nan,phase3_12c_matched_reset_no_phase4_no_cps
proxy_state_motion_nn,0,free,312003,phase312_seed_block,3,2,0.125,0.125,0.0,0,0.0,0.04037218540906906,0.0,0.0,hidden_pin,0,29,29,hidden_pin,0.8401057124137878,0.8401057124137878,nan,0.4251430630683899,0.0,0.30568739771842957,nan,nan,nan,phase3_12c_matched_reset_no_phase4_no_cps
proxy_state_motion_nn,0,free,312003,phase312_seed_block,3,3,0.125,0.08333333333333333,-0.04166666666666667,0,-0.04166666666666667,0.040213923901319504,0.0,0.0,hidden_breakaway_pin,0,307,307,hidden_breakaway_pin,0.23191803693771362,0.23191803693771362,nan,0.2339252531528473,0.0,0.0373992994427681,nan,nan,nan,phase3_12c_matched_reset_no_phase4_no_cps
proxy_state_motion_nn,0,free,312003,phase312_seed_block,3,4,0.08333333333333333,0.041666666666666664,-0.041666666666666664,0,-0.041666666666666664,0.03978363424539566,0.0,0.0,hidden_breakaway_pin,0,307,307,hidden_breakaway_pin,0.1401916742324829,0.1401916742324829,nan,0.3104773759841919,0.0,0.01751731149852276,nan,nan,nan,phase3_12c_matched_reset_no_phase4_no_cps
proxy_state_motion_nn,0,free,312003,phase312_seed_block,3,5,0.041666666666666664,0.041666666666666664,0.0,0,0.0,0.04069672152400017,0.0,0.0,hidden_breakaway_pin,0,307,307,hidden_breakaway_pin,0.12298358976840973,0.12298358976840973,nan,0.3799508810043335,0.0,0.005431631114333868,nan,nan,nan,phase3_12c_matched_reset_no_phase4_no_cps
proxy_state_motion_nn,0,free,312003,phase312_seed_block,3,6,0.041666666666666664,0.041666666666666664,0.0,0,0.0,0.040333788841962814,0.0,0.0,free,1,304,304,free,0.1510416567325592,0.1510416567325592,nan,0.4607166051864624,0.0,0.05840851739048958,nan,nan,nan,phase3_12c_matched_reset_no_phase4_no_cps
proxy_state_motion_nn,0,free,312003,phase312_seed_block,3,7,0.041666666666666664,0.041666666666666664,0.0,0,0.0,0.0403267964720726,0.0,0.0,hidden_pin,0,305,305,hidden_pin,0.1975819319486618,0.1975819319486618,nan,0.45271995663642883,0.0,0.41142451763153076,nan,nan,nan,phase3_12c_matched_reset_no_phase4_no_cps
proxy_state_motion_nn,0,free,312003,phase312_seed_block,3,8,0.041666666666666664,0.041666666666666664,0.0,0,0.0,0.04032435268163681,0.0,0.0,hidden_pin,0,305,305,hidden_pin,0.199712336063385,0.199712336063385,nan,0.38069990277290344,0.0,0.36486589908599854,nan,nan,nan,phase3_12c_matched_reset_no_phase4_no_cps
proxy_state_motion_nn,0,free,312003,phase312_seed_block,3,9,0.041666666666666664,0.041666666666666664,0.0,0,0.0,0.03980712965130806,0.0,0.0,hidden_breakaway_pin,0,307,307,hidden_breakaway_pin,0.21281050145626068,0.21281050145626068,nan,0.3198251724243164,0.0,0.07309311628341675,nan,nan,nan,phase3_12c_matched_reset_no_phase4_no_cps
proxy_state_motion_nn,0,free,312003,phase312_seed_block,3,10,0.041666666666666664,0.041666666666666664,0.0,0,0.0,0.04027712345123291,0.0,0.0,hidden_breakaway_pin,0,307,307,hidden_breakaway_pin,0.3902726173400879,0.3902726173400879,nan,0.22889935970306396,0.0,0.07281258702278137,nan,nan,nan,phase3_12c_matched_reset_no_phase4_no_cps
proxy_state_motion_nn,0,free,312003,phase312_seed_block,3,11,0.041666666666666664,0.041666666666666664,0.0,0,0.0,0.03982263803482056,0.0,0.0,hidden_high_friction,0,306,306,hidden_high_friction,0.3985569179058075,0.3985569179058075,nan,0.21076606214046478,0.0,0.05555380508303642,nan,nan,nan,phase3_12c_matched_reset_no_phase4_no_cps
proxy_state_motion_nn,0,free,312003,phase312_seed_block,3,12,0.041666666666666664,0.041666666666666664,0.0,0,0.0,0.04046587273478508,0.0,0.0,hidden_high_friction,0,306,306,hidden_high_friction,0.3533669710159302,0.3533669710159302,nan,0.2945975065231323,0.0,0.03137362375855446,nan,nan,nan,phase3_12c_matched_reset_no_phase4_no_cps
proxy_state_motion_nn,0,free,312003,phase312_seed_block,3,13,0.041666666666666664,0.041666666666666664,0.0,0,0.0,0.0408344604074955,0.0,0.0,hidden_breakaway_pin,0,303,303,hidden_breakaway_pin,0.3863120973110199,0.3863120973110199,nan,0.4326283037662506,0.0,0.06836581975221634,nan,nan,nan,phase3_12c_matched_reset_no_phase4_no_cps
proxy_state_motion_nn,0,free,312003,phase312_seed_block,3,14,0.041666666666666664,0.041666666666666664,0.0,0,0.0,0.04050746187567711,0.0,0.0,hidden_high_friction,0,622,622,hidden_high_friction,0.4269983470439911,0.4269983470439911,nan,0.565296471118927,0.0,0.22991369664669037,nan,nan,nan,phase3_12c_matched_reset_no_phase4_no_cps
proxy_state_motion_nn,0,free,312003,phase312_seed_block,3,15,0.041666666666666664,0.041666666666666664,0.0,0,0.0,0.04022197797894478,0.0,0.0,hidden_breakaway_pin,0,99,99,hidden_breakaway_pin,0.4148474633693695,0.4148474633693695,nan,0.1788513958454132,0.0,0.006490891799330711,nan,nan,nan,phase3_12c_matched_reset_no_phase4_no_cps
proxy_state_motion_nn,0,free,312500,phase312b_seed_block,4,0,0.0,0.0,0.0,0,0.0,0.039818670600652695,0.0,0.0,hidden_pin,0,577,577,hidden_pin,0.4709405303001404,0.4709405303001404,nan,0.6274964809417725,0.0,0.3368791341781616,nan,nan,nan,phase3_12c_matched_reset_no_phase4_no_cps
proxy_state_motion_nn,0,free,312500,phase312b_seed_block,4,1,0.0,0.0,0.0,0,0.0,0.03992076218128204,0.0,0.0,free,1,156,156,free,0.664186954498291,0.664186954498291,nan,0.5390612483024597,0.0,0.09718851000070572,nan,nan,nan,phase3_12c_matched_reset_no_phase4_no_cps
proxy_state_motion_nn,0,free,312500,phase312b_seed_block,4,2,0.0,0.0,0.0,0,0.0,0.03991362079977989,0.0,0.0,hidden_pin,0,9,9,hidden_pin,0.6189017295837402,0.6189017295837402,nan,0.7553561925888062,0.0,0.5383943319320679,nan,nan,nan,phase3_12c_matched_reset_no_phase4_no_cps
proxy_state_motion_nn,0,free,312500,phase312b_seed_block,4,3,0.0,0.0,0.0,0,0.0,0.04033183306455612,0.0,0.0,free,1,424,424,free,0.42139777541160583,0.42139777541160583,nan,0.8322497606277466,0.0,0.03190647438168526,nan,nan,nan,phase3_12c_matched_reset_no_phase4_no_cps
proxy_state_motion_nn,0,free,312500,phase312b_seed_block,4,4,0.0,0.0,0.0,0,0.0,0.0397711917757988,0.0,0.0,hidden_breakaway_pin,0,427,427,hidden_breakaway_pin,0.4158988893032074,0.4158988893032074,nan,0.4464051127433777,0.0,0.0919136330485344,nan,nan,nan,phase3_12c_matched_reset_no_phase4_no_cps
proxy_state_motion_nn,0,free,312500,phase312b_seed_block,4,5,0.0,0.0,0.0,0,0.0,0.0403851717710495,0.0,0.0,hidden_breakaway_pin,0,427,427,hidden_breakaway_pin,0.41807296872138977,0.41807296872138977,nan,0.45134609937667847,0.0,0.16123487055301666,nan,nan,nan,phase3_12c_matched_reset_no_phase4_no_cps
proxy_state_motion_nn,0,free,312500,phase312b_seed_block,4,6,0.0,0.0,0.0,0,0.0,0.03987984359264374,0.0,0.0,hidden_pin,0,425,425,hidden_pin,0.42684200406074524,0.42684200406074524,nan,0.7329288721084595,0.0,0.6548560261726379,nan,nan,nan,phase3_12c_matched_reset_no_phase4_no_cps
proxy_state_motion_nn,0,free,312500,phase312b_seed_block,4,7,0.0,0.0,0.0,0,0.0,0.04000420868396759,0.0,0.0,hidden_breakaway_pin,0,427,427,hidden_breakaway_pin,0.42828816175460815,0.42828816175460815,nan,0.524204432964325,0.0,0.0886060893535614,nan,nan,nan,phase3_12c_matched_reset_no_phase4_no_cps
proxy_state_motion_nn,0,free,312500,phase312b_seed_block,4,8,0.0,0.0,0.0,0,0.0,0.039793550968170166,0.0,0.0,free,1,424,424,free,0.4058161675930023,0.4058161675930023,nan,0.473621666431427,0.0,0.0863800123333931,nan,nan,nan,phase3_12c_matched_reset_no_phase4_no_cps
proxy_state_motion_nn,0,free,312500,phase312b_seed_block,4,9,0.0,0.0,0.0,0,0.0,0.0404898077249527,0.0,0.0,hidden_breakaway_pin,0,427,427,hidden_breakaway_pin,0.419426828622818,0.419426828622818,nan,0.45448243618011475,0.0,0.13621586561203003,nan,nan,nan,phase3_12c_matched_reset_no_phase4_no_cps
proxy_state_motion_nn,0,free,312500,phase312b_seed_block,4,10,0.0,0.0,0.0,0,0.0,0.04071245715022087,0.0,0.0,hidden_breakaway_pin,0,427,427,hidden_breakaway_pin,0.42063650488853455,0.42063650488853455,nan,0.3791550397872925,0.0,0.11005110293626785,nan,nan,nan,phase3_12c_matched_reset_no_phase4_no_cps
proxy_state_motion_nn,0,free,312500,phase312b_seed_block,4,11,0.0,0.0,0.0,0,0.0,0.040162406861782074,0.0,0.0,hidden_breakaway_pin,0,427,427,hidden_breakaway_pin,0.41583505272865295,0.41583505272865295,nan,0.36540451645851135,0.0,0.10552077740430832,nan,nan,nan,phase3_12c_matched_reset_no_phase4_no_cps
proxy_state_motion_nn,0,free,312500,phase312b_seed_block,4,12,0.0,0.0,0.0,0,0.0,0.04068341478705406,0.0,0.0,free,1,424,424,free,0.4176146984100342,0.4176146984100342,nan,0.4023241698741913,0.0,0.11520835012197495,nan,nan,nan,phase3_12c_matched_reset_no_phase4_no_cps
proxy_state_motion_nn,0,free,312500,phase312b_seed_block,4,13,0.0,0.0,0.0,0,0.0,0.04029931128025055,0.0,0.0,free,1,424,424,free,0.4224637746810913,0.4224637746810913,nan,0.40263858437538147,0.0,0.11790251731872559,nan,nan,nan,phase3_12c_matched_reset_no_phase4_no_cps
proxy_state_motion_nn,0,free,312500,phase312b_seed_block,4,14,0.0,0.0,0.0,0,0.0,0.04021956026554108,0.0,0.0,hidden_breakaway_pin,0,427,427,hidden_breakaway_pin,0.41345056891441345,0.41345056891441345,nan,0.3759027123451233,0.0,0.10929298400878906,nan,nan,nan,phase3_12c_matched_reset_no_phase4_no_cps
proxy_state_motion_nn,0,free,312500,phase312b_seed_block,4,15,0.0,0.0,0.0,0,0.0,0.04038500040769577,0.0,0.0,hidden_breakaway_pin,0,327,327,hidden_breakaway_pin,0.4260394275188446,0.4260394275188446,nan,0.5179697275161743,0.0,0.049040015786886215,nan,nan,nan,phase3_12c_matched_reset_no_phase4_no_cps
proxy_state_motion_nn,0,free,312501,phase312b_seed_block,5,0,0.0,0.125,0.125,0,0.125,0.03906053677201271,0.0,0.0,hidden_breakaway_pin,0,579,579,hidden_breakaway_pin,1.387405276298523,1.387405276298523,nan,0.5626816153526306,0.0,0.35751453042030334,nan,nan,nan,phase3_12c_matched_reset_no_phase4_no_cps
proxy_state_motion_nn,0,free,312501,phase312b_seed_block,5,1,0.125,0.125,0.0,0,0.0,0.03928089141845703,0.0,0.0,hidden_breakaway_pin,0,315,315,hidden_breakaway_pin,0.8136362433433533,0.8136362433433533,nan,0.4876680374145508,0.0,0.04441648721694946,nan,nan,nan,phase3_12c_matched_reset_no_phase4_no_cps
proxy_state_motion_nn,0,free,312501,phase312b_seed_block,5,2,0.125,0.125,0.0,0,0.0,0.040137432515621185,0.0,0.0,hidden_pin,0,313,313,hidden_pin,0.8476903438568115,0.8476903438568115,nan,0.7447676658630371,0.0,0.5824339985847473,nan,nan,nan,phase3_12c_matched_reset_no_phase4_no_cps
proxy_state_motion_nn,0,free,312501,phase312b_seed_block,5,3,0.125,0.125,0.0,0,0.0,0.039834100753068924,0.0,0.0,hidden_breakaway_pin,0,327,327,hidden_breakaway_pin,0.5048374533653259,0.5048374533653259,nan,0.5333849787712097,0.0,0.048907648772001266,nan,nan,nan,phase3_12c_matched_reset_no_phase4_no_cps
proxy_state_motion_nn,0,free,312501,phase312b_seed_block,5,4,0.125,0.125,0.0,0,0.0,0.04057980328798294,0.0,0.0,free,1,324,324,free,0.419382780790329,0.419382780790329,nan,0.7796376347541809,0.0,0.11974349617958069,nan,nan,nan,phase3_12c_matched_reset_no_phase4_no_cps
proxy_state_motion_nn,0,free,312501,phase312b_seed_block,5,5,0.125,0.125,0.0,0,0.0,0.039265286177396774,0.0,0.0,hidden_pin,0,325,325,hidden_pin,0.39937296509742737,0.39937296509742737,nan,0.8978850841522217,0.0,0.4736603796482086,nan,nan,nan,phase3_12c_matched_reset_no_phase4_no_cps
proxy_state_motion_nn,0,free,312501,phase312b_seed_block,5,6,0.125,0.125,0.0,0,0.0,0.03987829387187958,0.0,0.0,free,1,324,324,free,0.4044208824634552,0.4044208824634552,nan,0.4837164878845215,0.0,0.022146014496684074,nan,nan,nan,phase3_12c_matched_reset_no_phase4_no_cps
proxy_state_motion_nn,0,free,312501,phase312b_seed_block,5,7,0.125,0.125,0.0,0,0.0,0.03961855545639992,0.0,0.0,hidden_breakaway_pin,0,427,427,hidden_breakaway_pin,0.4161575734615326,0.4161575734615326,nan,0.42033588886260986,0.0,0.07690425962209702,nan,nan,nan,phase3_12c_matched_reset_no_phase4_no_cps
proxy_state_motion_nn,0,free,312501,phase312b_seed_block,5,8,0.125,0.125,0.0,0,0.0,0.040389787405729294,0.0,0.0,hidden_breakaway_pin,0,327,327,hidden_breakaway_pin,0.4281542897224426,0.4281542897224426,nan,0.6944589614868164,0.0,0.11574561148881912,nan,nan,nan,phase3_12c_matched_reset_no_phase4_no_cps
proxy_state_motion_nn,0,free,312501,phase312b_seed_block,5,9,0.125,0.125,0.0,0,0.0,0.04049668088555336,0.0,0.0,free,1,324,324,free,0.45045700669288635,0.45045700669288635,nan,0.5196173191070557,0.0,0.031117325648665428,nan,nan,nan,phase3_12c_matched_reset_no_phase4_no_cps
proxy_state_motion_nn,0,free,312501,phase312b_seed_block,5,10,0.125,0.125,0.0,0,0.0,0.04004839435219765,0.0,0.0,hidden_breakaway_pin,0,83,83,hidden_breakaway_pin,0.43137359619140625,0.43137359619140625,nan,0.44633355736732483,0.0,0.21630822122097015,nan,nan,nan,phase3_12c_matched_reset_no_phase4_no_cps
proxy_state_motion_nn,0,free,312501,phase312b_seed_block,5,11,0.125,0.125,0.0,0,0.0,0.040456753224134445,0.0,0.0,free,1,324,324,free,0.43143975734710693,0.43143975734710693,nan,0.5136488080024719,0.0,0.05451085418462753,nan,nan,nan,phase3_12c_matched_reset_no_phase4_no_cps
proxy_state_motion_nn,0,free,312501,phase312b_seed_block,5,12,0.125,0.125,0.0,0,0.0,0.04016498476266861,0.0,0.0,free,1,324,324,free,0.4332568049430847,0.4332568049430847,nan,0.5196437239646912,0.0,0.018894236534833908,nan,nan,nan,phase3_12c_matched_reset_no_phase4_no_cps
proxy_state_motion_nn,0,free,312501,phase312b_seed_block,5,13,0.125,0.125,0.0,0,0.0,0.039889365434646606,0.0,0.0,hidden_breakaway_pin,0,327,327,hidden_breakaway_pin,0.468889057636261,0.468889057636261,nan,0.517801821231842,0.0,0.01999940164387226,nan,nan,nan,phase3_12c_matched_reset_no_phase4_no_cps
proxy_state_motion_nn,0,free,312501,phase312b_seed_block,5,14,0.125,0.125,0.0,0,0.0,0.040155671536922455,0.0,0.0,hidden_high_friction,0,326,326,hidden_high_friction,0.4238150119781494,0.4238150119781494,nan,0.4121638536453247,0.0,0.05500974878668785,nan,nan,nan,phase3_12c_matched_reset_no_phase4_no_cps
proxy_state_motion_nn,0,free,312501,phase312b_seed_block,5,15,0.125,0.125,0.0,0,0.0,0.03991745039820671,0.0,0.0,hidden_breakaway_pin,0,327,327,hidden_breakaway_pin,0.4256429970264435,0.4256429970264435,nan,0.5122087001800537,0.0,0.032430779188871384,nan,nan,nan,phase3_12c_matched_reset_no_phase4_no_cps
proxy_state_motion_nn,0,free,312502,phase312b_seed_block,6,0,0.0,0.20833333333333334,0.20833333333333334,0,0.20833333333333334,0.038705307990312576,0.0,0.0,hidden_breakaway_pin,0,435,435,hidden_breakaway_pin,0.74000084400177,0.74000084400177,nan,0.6881197690963745,0.0,0.4188486635684967,nan,nan,nan,phase3_12c_matched_reset_no_phase4_no_cps
proxy_state_motion_nn,0,free,312502,phase312b_seed_block,6,1,0.20833333333333334,0.20833333333333334,0.0,0,0.0,0.03926888108253479,0.0,0.0,free,1,60,60,free,0.4571966826915741,0.4571966826915741,nan,0.34249094128608704,0.0,0.1072549968957901,nan,nan,nan,phase3_12c_matched_reset_no_phase4_no_cps
proxy_state_motion_nn,0,free,312502,phase312b_seed_block,6,2,0.20833333333333334,0.20833333333333334,0.0,0,0.0,0.039551690220832825,0.0,0.0,hidden_pin,0,437,437,hidden_pin,0.5121725797653198,0.5121725797653198,nan,0.5314725637435913,0.0,0.46876201033592224,nan,nan,nan,phase3_12c_matched_reset_no_phase4_no_cps
proxy_state_motion_nn,0,free,312502,phase312b_seed_block,6,3,0.20833333333333334,0.20833333333333334,0.0,0,0.0,0.04058510810136795,0.0,0.0,free,1,264,264,free,0.4103304445743561,0.4103304445743561,nan,0.17970401048660278,0.0,0.09945198893547058,nan,nan,nan,phase3_12c_matched_reset_no_phase4_no_cps
proxy_state_motion_nn,0,free,312502,phase312b_seed_block,6,4,0.20833333333333334,0.20833333333333334,0.0,0,0.0,0.039656687527894974,0.0,0.0,hidden_breakaway_pin,0,663,663,hidden_breakaway_pin,0.5465841293334961,0.5465841293334961,nan,0.6323549747467041,0.0,0.14401569962501526,nan,nan,nan,phase3_12c_matched_reset_no_phase4_no_cps
proxy_state_motion_nn,0,free,312502,phase312b_seed_block,6,5,0.20833333333333334,0.20833333333333334,0.0,0,0.0,0.03960507735610008,0.0,0.0,hidden_high_friction,0,266,266,hidden_high_friction,0.40109655261039734,0.40109655261039734,nan,0.16732177138328552,0.0,0.09341225028038025,nan,nan,nan,phase3_12c_matched_reset_no_phase4_no_cps
proxy_state_motion_nn,0,free,312502,phase312b_seed_block,6,6,0.20833333333333334,0.125,-0.08333333333333334,0,-0.08333333333333334,0.03985830023884773,0.0,0.0,hidden_breakaway_pin,0,267,267,hidden_breakaway_pin,0.397443950176239,0.397443950176239,nan,0.20676246285438538,0.0,0.04303332790732384,nan,nan,nan,phase3_12c_matched_reset_no_phase4_no_cps
proxy_state_motion_nn,0,free,312502,phase312b_seed_block,6,7,0.125,0.125,0.0,0,0.0,0.04039368778467178,0.0,0.0,hidden_breakaway_pin,0,267,267,hidden_breakaway_pin,0.39694833755493164,0.39694833755493164,nan,0.20621560513973236,0.0,0.034237876534461975,nan,nan,nan,phase3_12c_matched_reset_no_phase4_no_cps
proxy_state_motion_nn,0,free,312502,phase312b_seed_block,6,8,0.125,0.125,0.0,0,0.0,0.040716491639614105,0.0,0.0,free,1,264,264,free,0.3945343792438507,0.3945343792438507,nan,0.16263608634471893,0.0,0.03736397996544838,nan,nan,nan,phase3_12c_matched_reset_no_phase4_no_cps
proxy_state_motion_nn,0,free,312502,phase312b_seed_block,6,9,0.125,0.125,0.0,0,0.0,0.04019514098763466,0.0,0.0,hidden_pin,0,265,265,hidden_pin,0.42496955394744873,0.42496955394744873,nan,0.6590104699134827,0.0,0.5680842399597168,nan,nan,nan,phase3_12c_matched_reset_no_phase4_no_cps
proxy_state_motion_nn,0,free,312502,phase312b_seed_block,6,10,0.125,0.125,0.0,0,0.0,0.04066238924860954,0.0,0.0,hidden_high_friction,0,266,266,hidden_high_friction,0.41427597403526306,0.41427597403526306,nan,0.1190943643450737,0.0,0.10415589064359665,nan,nan,nan,phase3_12c_matched_reset_no_phase4_no_cps
proxy_state_motion_nn,0,free,312502,phase312b_seed_block,6,11,0.125,0.125,0.0,0,0.0,0.04021012410521507,0.0,0.0,hidden_breakaway_pin,0,267,267,hidden_breakaway_pin,0.4093046486377716,0.4093046486377716,nan,0.22190773487091064,0.0,0.07497379928827286,nan,nan,nan,phase3_12c_matched_reset_no_phase4_no_cps
proxy_state_motion_nn,0,free,312502,phase312b_seed_block,6,12,0.125,0.125,0.0,0,0.0,0.03991054370999336,0.0,0.0,free,1,264,264,free,0.4138965904712677,0.4138965904712677,nan,0.10769464820623398,0.0,0.08764452487230301,nan,nan,nan,phase3_12c_matched_reset_no_phase4_no_cps
proxy_state_motion_nn,0,free,312502,phase312b_seed_block,6,13,0.125,0.125,0.0,0,0.0,0.04051680862903595,0.0,0.0,hidden_breakaway_pin,0,267,267,hidden_breakaway_pin,0.41055795550346375,0.41055795550346375,nan,0.1444198042154312,0.0,0.031187713146209717,nan,nan,nan,phase3_12c_matched_reset_no_phase4_no_cps
proxy_state_motion_nn,0,free,312502,phase312b_seed_block,6,14,0.125,0.125,0.0,0,0.0,0.04029523953795433,0.0,0.0,hidden_breakaway_pin,0,263,263,hidden_breakaway_pin,0.38794785737991333,0.38794785737991333,nan,0.48221859335899353,0.0,0.0788722038269043,nan,nan,nan,phase3_12c_matched_reset_no_phase4_no_cps
proxy_state_motion_nn,0,free,312502,phase312b_seed_block,6,15,0.125,0.125,0.0,0,0.0,0.04044734314084053,0.0,0.0,hidden_high_friction,0,266,266,hidden_high_friction,0.388355016708374,0.388355016708374,nan,0.12228532880544662,0.0,0.0291353277862072,nan,nan,nan,phase3_12c_matched_reset_no_phase4_no_cps
proxy_state_motion_nn,0,free,312503,phase312b_seed_block,7,0,0.0,0.0,0.0,0,0.0,0.040349554270505905,0.0,0.0,free,1,632,632,free,0.3669440448284149,0.3669440448284149,nan,0.5889617800712585,0.0,0.13738565146923065,nan,nan,nan,phase3_12c_matched_reset_no_phase4_no_cps
proxy_state_motion_nn,0,free,312503,phase312b_seed_block,7,1,0.0,0.20833333333333334,0.20833333333333334,0,0.20833333333333334,0.03974723815917969,0.0,0.0,hidden_high_friction,0,334,334,hidden_high_friction,0.2331095039844513,0.2331095039844513,nan,0.6055028438568115,0.0,0.5202546715736389,nan,nan,nan,phase3_12c_matched_reset_no_phase4_no_cps
proxy_state_motion_nn,0,free,312503,phase312b_seed_block,7,2,0.20833333333333334,0.20833333333333334,0.0,0,0.0,0.04053265601396561,0.0,0.0,free,1,336,336,free,0.6996562480926514,0.6996562480926514,nan,0.48177820444107056,0.0,0.22938495874404907,nan,nan,nan,phase3_12c_matched_reset_no_phase4_no_cps
proxy_state_motion_nn,0,free,312503,phase312b_seed_block,7,3,0.20833333333333334,0.20833333333333334,0.0,0,0.0,0.03964261710643768,0.0,0.0,free,1,336,336,free,0.6963130235671997,0.6963130235671997,nan,0.6990180015563965,0.0,0.1649104207754135,nan,nan,nan,phase3_12c_matched_reset_no_phase4_no_cps
proxy_state_motion_nn,0,free,312503,phase312b_seed_block,7,4,0.20833333333333334,0.20833333333333334,0.0,0,0.0,0.03961317613720894,0.0,0.0,hidden_breakaway_pin,0,675,675,hidden_breakaway_pin,0.3347894847393036,0.3347894847393036,nan,0.5050780773162842,0.0,0.23035529255867004,nan,nan,nan,phase3_12c_matched_reset_no_phase4_no_cps
proxy_state_motion_nn,0,free,312503,phase312b_seed_block,7,5,0.20833333333333334,0.20833333333333334,0.0,0,0.0,0.039520978927612305,0.0,0.0,hidden_breakaway_pin,0,675,675,hidden_breakaway_pin,0.3537076711654663,0.3537076711654663,nan,0.52251797914505,0.0,0.28700995445251465,nan,nan,nan,phase3_12c_matched_reset_no_phase4_no_cps
proxy_state_motion_nn,0,free,312503,phase312b_seed_block,7,6,0.20833333333333334,0.20833333333333334,0.0,0,0.0,0.0400010421872139,0.0,0.0,hidden_high_friction,0,674,674,hidden_high_friction,0.3780168294906616,0.3780168294906616,nan,0.5285987854003906,0.0,0.26451781392097473,nan,nan,nan,phase3_12c_matched_reset_no_phase4_no_cps
proxy_state_motion_nn,0,free,312503,phase312b_seed_block,7,7,0.20833333333333334,0.20833333333333334,0.0,0,0.0,0.040473032742738724,0.0,0.0,free,1,212,212,free,0.3684685230255127,0.3684685230255127,nan,0.4111357629299164,0.0,0.21756398677825928,nan,nan,nan,phase3_12c_matched_reset_no_phase4_no_cps
proxy_state_motion_nn,0,free,312503,phase312b_seed_block,7,8,0.20833333333333334,0.20833333333333334,0.0,0,0.0,0.03992363438010216,0.0,0.0,hidden_high_friction,0,674,674,hidden_high_friction,0.3301919996738434,0.3301919996738434,nan,0.5149805545806885,0.0,0.2674863636493683,nan,nan,nan,phase3_12c_matched_reset_no_phase4_no_cps
proxy_state_motion_nn,0,free,312503,phase312b_seed_block,7,9,0.20833333333333334,0.20833333333333334,0.0,0,0.0,0.04048106446862221,0.0,0.0,free,1,212,212,free,0.35948505997657776,0.35948505997657776,nan,0.3912193477153778,0.0,0.21236662566661835,nan,nan,nan,phase3_12c_matched_reset_no_phase4_no_cps
proxy_state_motion_nn,0,free,312503,phase312b_seed_block,7,10,0.20833333333333334,0.20833333333333334,0.0,0,0.0,0.04019704833626747,0.0,0.0,hidden_breakaway_pin,0,675,675,hidden_breakaway_pin,0.3137267827987671,0.3137267827987671,nan,0.5190652012825012,0.0,0.2728414833545685,nan,nan,nan,phase3_12c_matched_reset_no_phase4_no_cps
proxy_state_motion_nn,0,free,312503,phase312b_seed_block,7,11,0.20833333333333334,0.20833333333333334,0.0,0,0.0,0.040044233202934265,0.0,0.0,hidden_breakaway_pin,0,675,675,hidden_breakaway_pin,0.32631340622901917,0.32631340622901917,nan,0.5171021223068237,0.0,0.27246832847595215,nan,nan,nan,phase3_12c_matched_reset_no_phase4_no_cps
proxy_state_motion_nn,0,free,312503,phase312b_seed_block,7,12,0.20833333333333334,0.20833333333333334,0.0,0,0.0,0.03994319215416908,0.0,0.0,free,1,212,212,free,0.3612048923969269,0.3612048923969269,nan,0.39697667956352234,0.0,0.2116144746541977,nan,nan,nan,phase3_12c_matched_reset_no_phase4_no_cps
proxy_state_motion_nn,0,free,312503,phase312b_seed_block,7,13,0.20833333333333334,0.20833333333333334,0.0,0,0.0,0.03988584503531456,0.0,0.0,hidden_breakaway_pin,0,587,587,hidden_breakaway_pin,0.3604442775249481,0.3604442775249481,nan,0.5069208741188049,0.0,0.16034874320030212,nan,nan,nan,phase3_12c_matched_reset_no_phase4_no_cps
proxy_state_motion_nn,0,free,312503,phase312b_seed_block,7,14,0.20833333333333334,0.20833333333333334,0.0,0,0.0,0.040177520364522934,0.0,0.0,free,1,212,212,free,0.3315761387348175,0.3315761387348175,nan,0.3781229257583618,0.0,0.2001747488975525,nan,nan,nan,phase3_12c_matched_reset_no_phase4_no_cps
proxy_state_motion_nn,0,free,312503,phase312b_seed_block,7,15,0.20833333333333334,0.20833333333333334,0.0,0,0.0,0.04000850394368172,0.0,0.0,hidden_breakaway_pin,0,675,675,hidden_breakaway_pin,0.31672853231430054,0.31672853231430054,nan,0.5067160129547119,0.0,0.2607291042804718,nan,nan,nan,phase3_12c_matched_reset_no_phase4_no_cps
proxy_state_motion_nn,0,hidden_breakaway_pin,312000,phase312_seed_block,0,0,0.20833333333333334,0.20833333333333334,0.0,0,0.0,0.03968871384859085,0.0,0.0,hidden_breakaway_pin,1,119,119,hidden_breakaway_pin,0.2662490904331207,0.2662490904331207,nan,0.4309956729412079,0.0,0.28979042172431946,nan,nan,nan,phase3_12c_matched_reset_no_phase4_no_cps
proxy_state_motion_nn,0,hidden_breakaway_pin,312000,phase312_seed_block,0,1,0.20833333333333334,0.20833333333333334,0.0,0,0.0,0.040149934589862823,0.0,0.0,hidden_pin,0,117,117,hidden_pin,0.21462589502334595,0.21462589502334595,nan,0.4208126366138458,0.0,0.2732749581336975,nan,nan,nan,phase3_12c_matched_reset_no_phase4_no_cps
proxy_state_motion_nn,0,hidden_breakaway_pin,312000,phase312_seed_block,0,2,0.20833333333333334,0.0,-0.20833333333333334,0,-0.20833333333333334,0.04005088284611702,0.0,0.0,free,0,624,624,free,0.34559476375579834,0.34559476375579834,nan,0.6088268756866455,0.0,0.43509677052497864,nan,nan,nan,phase3_12c_matched_reset_no_phase4_no_cps
proxy_state_motion_nn,0,hidden_breakaway_pin,312000,phase312_seed_block,0,3,0.0,0.0,0.0,0,0.0,0.019929196685552597,0.0,0.0,hidden_high_friction,0,146,146,hidden_high_friction,10.469378471374512,10.469378471374512,nan,0.7029964923858643,0.0,0.10647832602262497,nan,nan,nan,phase3_12c_matched_reset_no_phase4_no_cps
proxy_state_motion_nn,0,hidden_breakaway_pin,312000,phase312_seed_block,0,4,0.0,0.0,0.0,0,0.0,0.021115142852067947,0.0,0.0,hidden_high_friction,0,718,718,hidden_high_friction,0.8514962196350098,0.8514962196350098,nan,0.7273613214492798,0.0,0.019000709056854248,nan,nan,nan,phase3_12c_matched_reset_no_phase4_no_cps
proxy_state_motion_nn,0,hidden_breakaway_pin,312000,phase312_seed_block,0,5,0.0,0.0,0.0,0,0.0,0.01970335654914379,0.0,0.0,free,0,96,96,free,0.2217225730419159,0.2217225730419159,nan,0.6496829390525818,0.0,0.070892333984375,nan,nan,nan,phase3_12c_matched_reset_no_phase4_no_cps
proxy_state_motion_nn,0,hidden_breakaway_pin,312000,phase312_seed_block,0,6,0.0,0.0,0.0,0,0.0,0.04014979675412178,0.0,0.0,hidden_pin,0,97,97,hidden_pin,0.2805352509021759,0.2805352509021759,nan,0.34200313687324524,0.0,0.07207134366035461,nan,nan,nan,phase3_12c_matched_reset_no_phase4_no_cps
proxy_state_motion_nn,0,hidden_breakaway_pin,312000,phase312_seed_block,0,7,0.0,0.0,0.0,0,0.0,0.039420437067747116,0.0,0.0,free,0,96,96,free,0.19131872057914734,0.19131872057914734,nan,0.3691498339176178,0.0,0.10739336907863617,nan,nan,nan,phase3_12c_matched_reset_no_phase4_no_cps
proxy_state_motion_nn,0,hidden_breakaway_pin,312000,phase312_seed_block,0,8,0.0,0.0,0.0,0,0.0,0.04052964597940445,0.0,0.0,free,0,96,96,free,0.196739062666893,0.196739062666893,nan,0.4032811224460602,0.0,0.10350320488214493,nan,nan,nan,phase3_12c_matched_reset_no_phase4_no_cps
proxy_state_motion_nn,0,hidden_breakaway_pin,312000,phase312_seed_block,0,9,0.0,0.0,0.0,0,0.0,0.04028518870472908,0.0,0.0,hidden_breakaway_pin,1,99,99,hidden_breakaway_pin,0.17887988686561584,0.17887988686561584,nan,0.3238372206687927,0.0,0.07686210423707962,nan,nan,nan,phase3_12c_matched_reset_no_phase4_no_cps
proxy_state_motion_nn,0,hidden_breakaway_pin,312000,phase312_seed_block,0,10,0.0,0.0,0.0,0,0.0,0.04019887000322342,0.0,0.0,free,0,96,96,free,0.2696016728878021,0.2696016728878021,nan,0.4115038812160492,0.0,0.10252112150192261,nan,nan,nan,phase3_12c_matched_reset_no_phase4_no_cps
proxy_state_motion_nn,0,hidden_breakaway_pin,312000,phase312_seed_block,0,11,0.0,0.0,0.0,0,0.0,0.040232475847005844,0.0,0.0,hidden_high_friction,0,98,98,hidden_high_friction,0.23750106990337372,0.23750106990337372,nan,0.36761853098869324,0.0,0.07442575693130493,nan,nan,nan,phase3_12c_matched_reset_no_phase4_no_cps
proxy_state_motion_nn,0,hidden_breakaway_pin,312000,phase312_seed_block,0,12,0.0,0.0,0.0,0,0.0,0.03991638123989105,0.0,0.0,hidden_breakaway_pin,1,99,99,hidden_breakaway_pin,0.2320348471403122,0.2320348471403122,nan,0.32408684492111206,0.0,0.0760093480348587,nan,nan,nan,phase3_12c_matched_reset_no_phase4_no_cps
proxy_state_motion_nn,0,hidden_breakaway_pin,312000,phase312_seed_block,0,13,0.0,0.0,0.0,0,0.0,0.04009797051548958,0.0,0.0,hidden_pin,0,97,97,hidden_pin,0.2678951323032379,0.2678951323032379,nan,0.345193475484848,0.0,0.07269231975078583,nan,nan,nan,phase3_12c_matched_reset_no_phase4_no_cps
proxy_state_motion_nn,0,hidden_breakaway_pin,312000,phase312_seed_block,0,14,0.0,0.0,0.0,0,0.0,0.039496444165706635,0.0,0.0,free,0,96,96,free,0.2564420700073242,0.2564420700073242,nan,0.40646371245384216,0.0,0.10278262943029404,nan,nan,nan,phase3_12c_matched_reset_no_phase4_no_cps
proxy_state_motion_nn,0,hidden_breakaway_pin,312000,phase312_seed_block,0,15,0.0,0.0,0.0,0,0.0,0.04005774110555649,0.0,0.0,free,0,96,96,free,0.26934167742729187,0.26934167742729187,nan,0.41697293519973755,0.0,0.1007266417145729,nan,nan,nan,phase3_12c_matched_reset_no_phase4_no_cps
proxy_state_motion_nn,0,hidden_breakaway_pin,312001,phase312_seed_block,1,0,0.0,0.0,0.0,0,0.0,0.040069904178380966,0.0,0.0,hidden_breakaway_pin,1,507,507,hidden_breakaway_pin,0.16394229233264923,0.16394229233264923,nan,0.7064806818962097,0.0,0.2754698693752289,nan,nan,nan,phase3_12c_matched_reset_no_phase4_no_cps
proxy_state_motion_nn,0,hidden_breakaway_pin,312001,phase312_seed_block,1,1,0.0,0.0,0.0,0,0.0,0.032093409448862076,0.0,0.0,hidden_breakaway_pin,1,147,147,hidden_breakaway_pin,2.6627204418182373,2.6627204418182373,nan,0.7672655582427979,0.0,0.22861532866954803,nan,nan,nan,phase3_12c_matched_reset_no_phase4_no_cps
proxy_state_motion_nn,0,hidden_breakaway_pin,312001,phase312_seed_block,1,2,0.0,0.0,0.0,0,0.0,0.03336922824382782,0.0,0.0,hidden_breakaway_pin,1,655,655,hidden_breakaway_pin,0.7453172206878662,0.7453172206878662,nan,0.5134769082069397,0.0,0.057981058955192566,nan,nan,nan,phase3_12c_matched_reset_no_phase4_no_cps
proxy_state_motion_nn,0,hidden_breakaway_pin,312001,phase312_seed_block,1,3,0.0,0.0,0.0,0,0.0,0.033306922763586044,0.0,0.0,free,0,388,388,free,0.33256980776786804,0.33256980776786804,nan,0.7697586417198181,0.0,0.1469258964061737,nan,nan,nan,phase3_12c_matched_reset_no_phase4_no_cps
proxy_state_motion_nn,0,hidden_breakaway_pin,312001,phase312_seed_block,1,4,0.0,0.0,0.0,0,0.0,0.04025428742170334,0.0,0.0,hidden_breakaway_pin,1,391,391,hidden_breakaway_pin,0.3252509832382202,0.3252509832382202,nan,0.648332953453064,0.0,0.22554507851600647,nan,nan,nan,phase3_12c_matched_reset_no_phase4_no_cps
proxy_state_motion_nn,0,hidden_breakaway_pin,312001,phase312_seed_block,1,5,0.0,0.0,0.0,0,0.0,0.040032822638750076,0.0,0.0,hidden_high_friction,0,390,390,hidden_high_friction,0.2828020453453064,0.2828020453453064,nan,0.6297396421432495,0.0,0.32632556557655334,nan,nan,nan,phase3_12c_matched_reset_no_phase4_no_cps
proxy_state_motion_nn,0,hidden_breakaway_pin,312001,phase312_seed_block,1,6,0.0,0.0,0.0,0,0.0,0.03979584202170372,0.0,0.0,hidden_breakaway_pin,1,391,391,hidden_breakaway_pin,0.33452028036117554,0.33452028036117554,nan,0.6411952972412109,0.0,0.3802451491355896,nan,nan,nan,phase3_12c_matched_reset_no_phase4_no_cps
proxy_state_motion_nn,0,hidden_breakaway_pin,312001,phase312_seed_block,1,7,0.0,0.0,0.0,0,0.0,0.040659476071596146,0.0,0.0,hidden_breakaway_pin,1,391,391,hidden_breakaway_pin,0.291271835565567,0.291271835565567,nan,0.6440474390983582,0.0,0.33873096108436584,nan,nan,nan,phase3_12c_matched_reset_no_phase4_no_cps
proxy_state_motion_nn,0,hidden_breakaway_pin,312001,phase312_seed_block,1,8,0.0,0.0,0.0,0,0.0,0.04019420966506004,0.0,0.0,hidden_breakaway_pin,1,15,15,hidden_breakaway_pin,0.2617393136024475,0.2617393136024475,nan,0.33669906854629517,0.0,0.15395888686180115,nan,nan,nan,phase3_12c_matched_reset_no_phase4_no_cps
proxy_state_motion_nn,0,hidden_breakaway_pin,312001,phase312_seed_block,1,9,0.0,0.0,0.0,0,0.0,0.04032078757882118,0.0,0.0,free,0,388,388,free,0.3034440577030182,0.3034440577030182,nan,0.671713650226593,0.0,0.3020261228084564,nan,nan,nan,phase3_12c_matched_reset_no_phase4_no_cps
proxy_state_motion_nn,0,hidden_breakaway_pin,312001,phase312_seed_block,1,10,0.0,0.0,0.0,0,0.0,0.04024079069495201,0.0,0.0,hidden_pin,0,389,389,hidden_pin,0.31002476811408997,0.31002476811408997,nan,0.7227703928947449,0.0,0.5069475769996643,nan,nan,nan,phase3_12c_matched_reset_no_phase4_no_cps
proxy_state_motion_nn,0,hidden_breakaway_pin,312001,phase312_seed_block,1,11,0.0,0.0,0.0,0,0.0,0.039962951093912125,0.0,0.0,hidden_breakaway_pin,1,391,391,hidden_breakaway_pin,0.30574169754981995,0.30574169754981995,nan,0.6507470011711121,0.0,0.26192018389701843,nan,nan,nan,phase3_12c_matched_reset_no_phase4_no_cps
proxy_state_motion_nn,0,hidden_breakaway_pin,312001,phase312_seed_block,1,12,0.0,0.0,0.0,0,0.0,0.04025271162390709,0.0,0.0,free,0,388,388,free,0.3301581144332886,0.3301581144332886,nan,0.6822628974914551,0.0,0.2766522169113159,nan,nan,nan,phase3_12c_matched_reset_no_phase4_no_cps
proxy_state_motion_nn,0,hidden_breakaway_pin,312001,phase312_seed_block,1,13,0.0,0.0,0.0,0,0.0,0.03959491848945618,0.0,0.0,free,0,388,388,free,0.3273110091686249,0.3273110091686249,nan,0.6872570514678955,0.0,0.2732943296432495,nan,nan,nan,phase3_12c_matched_reset_no_phase4_no_cps
proxy_state_motion_nn,0,hidden_breakaway_pin,312001,phase312_seed_block,1,14,0.0,0.0,0.0,0,0.0,0.040272898972034454,0.0,0.0,hidden_breakaway_pin,1,391,391,hidden_breakaway_pin,0.3422538936138153,0.3422538936138153,nan,0.6468160152435303,0.0,0.3594484031200409,nan,nan,nan,phase3_12c_matched_reset_no_phase4_no_cps
proxy_state_motion_nn,0,hidden_breakaway_pin,312001,phase312_seed_block,1,15,0.0,0.0,0.0,0,0.0,0.04079248011112213,0.0,0.0,hidden_pin,0,389,389,hidden_pin,0.3355730473995209,0.3355730473995209,nan,0.7331177592277527,0.0,0.5349336862564087,nan,nan,nan,phase3_12c_matched_reset_no_phase4_no_cps
proxy_state_motion_nn,0,hidden_breakaway_pin,312002,phase312_seed_block,2,0,0.0,0.4166666666666667,0.4166666666666667,0,0.4166666666666667,0.04013146832585335,0.0,0.0,hidden_high_friction,0,234,234,hidden_high_friction,0.29981696605682373,0.29981696605682373,nan,0.554417610168457,0.0,0.2709167003631592,nan,nan,nan,phase3_12c_matched_reset_no_phase4_no_cps
proxy_state_motion_nn,0,hidden_breakaway_pin,312002,phase312_seed_block,2,1,0.4166666666666667,0.4166666666666667,0.0,0,0.0,0.03579059988260269,0.0,0.0,free,0,0,0,free,2.808190107345581,2.808190107345581,nan,0.498346209526062,0.0,0.06925646960735321,nan,nan,nan,phase3_12c_matched_reset_no_phase4_no_cps
proxy_state_motion_nn,0,hidden_breakaway_pin,312002,phase312_seed_block,2,2,0.4166666666666667,0.4166666666666667,0.0,0,0.0,0.03392793610692024,0.0,0.0,hidden_breakaway_pin,1,119,119,hidden_breakaway_pin,0.9267974495887756,0.9267974495887756,nan,0.31260547041893005,0.0,0.11528285592794418,nan,nan,nan,phase3_12c_matched_reset_no_phase4_no_cps
proxy_state_motion_nn,0,hidden_breakaway_pin,312002,phase312_seed_block,2,3,0.4166666666666667,0.0,-0.4166666666666667,0,-0.4166666666666667,0.033247821033000946,0.0,0.0,hidden_high_friction,0,146,146,hidden_high_friction,1.4611470699310303,1.4611470699310303,nan,0.574385404586792,0.0,0.27564865350723267,nan,nan,nan,phase3_12c_matched_reset_no_phase4_no_cps
proxy_state_motion_nn,0,hidden_breakaway_pin,312002,phase312_seed_block,2,4,0.0,0.0,0.0,0,0.0,0.03896566852927208,0.0,0.0,hidden_breakaway_pin,1,679,679,hidden_breakaway_pin,0.7756950259208679,0.7756950259208679,nan,0.7558690905570984,0.0,0.21983709931373596,nan,nan,nan,phase3_12c_matched_reset_no_phase4_no_cps
proxy_state_motion_nn,0,hidden_breakaway_pin,312002,phase312_seed_block,2,5,0.0,0.0,0.0,0,0.0,0.03823385015130043,0.0,0.0,free,0,672,672,free,0.7380627393722534,0.7380627393722534,nan,0.5657817721366882,0.0,0.1826036423444748,nan,nan,nan,phase3_12c_matched_reset_no_phase4_no_cps
proxy_state_motion_nn,0,hidden_breakaway_pin,312002,phase312_seed_block,2,6,0.0,0.0,0.0,0,0.0,0.039890188723802567,0.0,0.0,hidden_breakaway_pin,1,711,711,hidden_breakaway_pin,0.37026190757751465,0.37026190757751465,nan,0.4474181830883026,0.0,0.22970975935459137,nan,nan,nan,phase3_12c_matched_reset_no_phase4_no_cps
proxy_state_motion_nn,0,hidden_breakaway_pin,312002,phase312_seed_block,2,7,0.0,0.0,0.0,0,0.0,0.03990424796938896,0.0,0.0,hidden_high_friction,0,282,282,hidden_high_friction,0.3313673138618469,0.3313673138618469,nan,0.6201756596565247,0.0,0.25177741050720215,nan,nan,nan,phase3_12c_matched_reset_no_phase4_no_cps
proxy_state_motion_nn,0,hidden_breakaway_pin,312002,phase312_seed_block,2,8,0.0,0.0,0.0,0,0.0,0.03998478129506111,0.0,0.0,hidden_breakaway_pin,1,283,283,hidden_breakaway_pin,0.5099673271179199,0.5099673271179199,nan,0.6610630750656128,0.0,0.2663551867008209,nan,nan,nan,phase3_12c_matched_reset_no_phase4_no_cps
proxy_state_motion_nn,0,hidden_breakaway_pin,312002,phase312_seed_block,2,9,0.0,0.0,0.0,0,0.0,0.040043823421001434,0.0,0.0,hidden_breakaway_pin,1,711,711,hidden_breakaway_pin,0.2820684015750885,0.2820684015750885,nan,0.4386523365974426,0.0,0.21088957786560059,nan,nan,nan,phase3_12c_matched_reset_no_phase4_no_cps
proxy_state_motion_nn,0,hidden_breakaway_pin,312002,phase312_seed_block,2,10,0.0,0.0,0.0,0,0.0,0.03978508710861206,0.0,0.0,hidden_breakaway_pin,1,283,283,hidden_breakaway_pin,0.2502826452255249,0.2502826452255249,nan,0.6084051728248596,0.0,0.2368713766336441,nan,nan,nan,phase3_12c_matched_reset_no_phase4_no_cps
proxy_state_motion_nn,0,hidden_breakaway_pin,312002,phase312_seed_block,2,11,0.0,0.0,0.0,0,0.0,0.03991470858454704,0.0,0.0,free,0,672,672,free,0.2450047880411148,0.2450047880411148,nan,0.48432421684265137,0.0,0.21680864691734314,nan,nan,nan,phase3_12c_matched_reset_no_phase4_no_cps
proxy_state_motion_nn,0,hidden_breakaway_pin,312002,phase312_seed_block,2,12,0.0,0.0,0.0,0,0.0,0.0394236221909523,0.0,0.0,free,0,584,584,free,0.1839965432882309,0.1839965432882309,nan,0.4494810700416565,0.0,0.2031673789024353,nan,nan,nan,phase3_12c_matched_reset_no_phase4_no_cps
proxy_state_motion_nn,0,hidden_breakaway_pin,312002,phase312_seed_block,2,13,0.0,0.0,0.0,0,0.0,0.03986050561070442,0.0,0.0,free,0,216,216,free,0.31421780586242676,0.31421780586242676,nan,0.6614551544189453,0.0,0.19676601886749268,nan,nan,nan,phase3_12c_matched_reset_no_phase4_no_cps
proxy_state_motion_nn,0,hidden_breakaway_pin,312002,phase312_seed_block,2,14,0.0,0.0,0.0,0,0.0,0.04082554578781128,0.0,0.0,hidden_breakaway_pin,1,767,767,hidden_breakaway_pin,0.30863431096076965,0.30863431096076965,nan,0.49435827136039734,0.0,0.1977696418762207,nan,nan,nan,phase3_12c_matched_reset_no_phase4_no_cps
proxy_state_motion_nn,0,hidden_breakaway_pin,312002,phase312_seed_block,2,15,0.0,0.0,0.0,0,0.0,0.04032127559185028,0.0,0.0,hidden_breakaway_pin,1,675,675,hidden_breakaway_pin,0.2700808644294739,0.2700808644294739,nan,0.4758390784263611,0.0,0.2114417999982834,nan,nan,nan,phase3_12c_matched_reset_no_phase4_no_cps
proxy_state_motion_nn,0,hidden_breakaway_pin,312003,phase312_seed_block,3,0,0.0,0.0,0.0,0,0.0,0.04006844758987427,0.0,0.0,hidden_high_friction,0,78,78,hidden_high_friction,0.3260233402252197,0.3260233402252197,nan,0.6660927534103394,0.0,0.5022426843643188,nan,nan,nan,phase3_12c_matched_reset_no_phase4_no_cps
proxy_state_motion_nn,0,hidden_breakaway_pin,312003,phase312_seed_block,3,1,0.0,0.0,0.0,0,0.0,0.03791351243853569,0.0,0.0,hidden_pin,0,277,277,hidden_pin,1.7331856489181519,1.7331856489181519,nan,0.841697096824646,0.0,0.2656596601009369,nan,nan,nan,phase3_12c_matched_reset_no_phase4_no_cps
proxy_state_motion_nn,0,hidden_breakaway_pin,312003,phase312_seed_block,3,2,0.0,0.0,0.0,0,0.0,0.037558384239673615,0.0,0.0,free,0,28,28,free,1.2837871313095093,1.2837871313095093,nan,0.6041385531425476,0.0,0.1767091155052185,nan,nan,nan,phase3_12c_matched_reset_no_phase4_no_cps
proxy_state_motion_nn,0,hidden_breakaway_pin,312003,phase312_seed_block,3,3,0.0,0.0,0.0,0,0.0,0.037045493721961975,0.0,0.0,hidden_breakaway_pin,1,43,43,hidden_breakaway_pin,0.8348219990730286,0.8348219990730286,nan,0.519723117351532,0.0,0.15496164560317993,nan,nan,nan,phase3_12c_matched_reset_no_phase4_no_cps
proxy_state_motion_nn,0,hidden_breakaway_pin,312003,phase312_seed_block,3,4,0.0,0.0,0.0,0,0.0,0.038152892142534256,0.0,0.0,hidden_breakaway_pin,1,383,383,hidden_breakaway_pin,0.329041987657547,0.329041987657547,nan,0.5661153197288513,0.0,0.13334397971630096,nan,nan,nan,phase3_12c_matched_reset_no_phase4_no_cps
proxy_state_motion_nn,0,hidden_breakaway_pin,312003,phase312_seed_block,3,5,0.0,0.0,0.0,0,0.0,0.03971310332417488,0.0,0.0,hidden_breakaway_pin,1,383,383,hidden_breakaway_pin,0.38491126894950867,0.38491126894950867,nan,0.5868412256240845,0.0,0.17747598886489868,nan,nan,nan,phase3_12c_matched_reset_no_phase4_no_cps
proxy_state_motion_nn,0,hidden_breakaway_pin,312003,phase312_seed_block,3,6,0.0,0.0,0.0,0,0.0,0.039889320731163025,0.0,0.0,hidden_pin,0,21,21,hidden_pin,0.2760877311229706,0.2760877311229706,nan,0.5731244087219238,0.0,0.24393822252750397,nan,nan,nan,phase3_12c_matched_reset_no_phase4_no_cps
proxy_state_motion_nn,0,hidden_breakaway_pin,312003,phase312_seed_block,3,7,0.0,0.0,0.0,0,0.0,0.04013723134994507,0.0,0.0,hidden_breakaway_pin,1,363,363,hidden_breakaway_pin,0.6028223633766174,0.6028223633766174,nan,0.4037700593471527,0.0,0.10789217054843903,nan,nan,nan,phase3_12c_matched_reset_no_phase4_no_cps
proxy_state_motion_nn,0,hidden_breakaway_pin,312003,phase312_seed_block,3,8,0.0,0.0,0.0,0,0.0,0.04042361304163933,0.0,0.0,hidden_high_friction,0,362,362,hidden_high_friction,0.6026772260665894,0.6026772260665894,nan,0.37642210721969604,0.0,0.12992897629737854,nan,nan,nan,phase3_12c_matched_reset_no_phase4_no_cps
proxy_state_motion_nn,0,hidden_breakaway_pin,312003,phase312_seed_block,3,9,0.0,0.0,0.0,0,0.0,0.039926353842020035,0.0,0.0,hidden_breakaway_pin,1,303,303,hidden_breakaway_pin,0.3827034831047058,0.3827034831047058,nan,0.7260475158691406,0.0,0.05599544569849968,nan,nan,nan,phase3_12c_matched_reset_no_phase4_no_cps
proxy_state_motion_nn,0,hidden_breakaway_pin,312003,phase312_seed_block,3,10,0.0,0.0,0.0,0,0.0,0.040252912789583206,0.0,0.0,hidden_breakaway_pin,1,303,303,hidden_breakaway_pin,0.3799772560596466,0.3799772560596466,nan,0.7887595891952515,0.0,0.0790046975016594,nan,nan,nan,phase3_12c_matched_reset_no_phase4_no_cps
proxy_state_motion_nn,0,hidden_breakaway_pin,312003,phase312_seed_block,3,11,0.0,0.0,0.0,0,0.0,0.039561618119478226,0.0,0.0,hidden_breakaway_pin,1,303,303,hidden_breakaway_pin,0.3736018240451813,0.3736018240451813,nan,0.8080258369445801,0.0,0.07387479394674301,nan,nan,nan,phase3_12c_matched_reset_no_phase4_no_cps
proxy_state_motion_nn,0,hidden_breakaway_pin,312003,phase312_seed_block,3,12,0.0,0.0,0.0,0,0.0,0.04007945582270622,0.0,0.0,hidden_breakaway_pin,1,303,303,hidden_breakaway_pin,0.3800627291202545,0.3800627291202545,nan,0.7903610467910767,0.0,0.06901240348815918,nan,nan,nan,phase3_12c_matched_reset_no_phase4_no_cps
proxy_state_motion_nn,0,hidden_breakaway_pin,312003,phase312_seed_block,3,13,0.0,0.0,0.0,0,0.0,0.04056163132190704,0.0,0.0,hidden_high_friction,0,302,302,hidden_high_friction,0.37774521112442017,0.37774521112442017,nan,0.9705164432525635,0.0,0.07387276738882065,nan,nan,nan,phase3_12c_matched_reset_no_phase4_no_cps
proxy_state_motion_nn,0,hidden_breakaway_pin,312003,phase312_seed_block,3,14,0.0,0.0,0.0,0,0.0,0.04026501998305321,0.0,0.0,hidden_high_friction,0,302,302,hidden_high_friction,0.377142995595932,0.377142995595932,nan,0.9750274419784546,0.0,0.07529225945472717,nan,nan,nan,phase3_12c_matched_reset_no_phase4_no_cps
proxy_state_motion_nn,0,hidden_breakaway_pin,312003,phase312_seed_block,3,15,0.0,0.0,0.0,0,0.0,0.040105871856212616,0.0,0.0,hidden_high_friction,0,302,302,hidden_high_friction,0.37581494450569153,0.37581494450569153,nan,0.97248774766922,0.0,0.07547413557767868,nan,nan,nan,phase3_12c_matched_reset_no_phase4_no_cps
proxy_state_motion_nn,0,hidden_breakaway_pin,312500,phase312b_seed_block,4,0,0.0,0.0,0.0,0,0.0,0.03970431536436081,0.0,0.0,hidden_breakaway_pin,1,371,371,hidden_breakaway_pin,0.37762004137039185,0.37762004137039185,nan,0.6959121823310852,0.0,0.24685560166835785,nan,nan,nan,phase3_12c_matched_reset_no_phase4_no_cps
proxy_state_motion_nn,0,hidden_breakaway_pin,312500,phase312b_seed_block,4,1,0.0,0.0,0.0,0,0.0,0.04002143815159798,0.0,0.0,free,0,404,404,free,0.23221619427204132,0.23221619427204132,nan,0.29773834347724915,0.0,0.17879575490951538,nan,nan,nan,phase3_12c_matched_reset_no_phase4_no_cps
proxy_state_motion_nn,0,hidden_breakaway_pin,312500,phase312b_seed_block,4,2,0.0,0.0,0.0,0,0.0,0.03990454971790314,0.0,0.0,hidden_high_friction,0,494,494,hidden_high_friction,0.2077246904373169,0.2077246904373169,nan,0.6047048568725586,0.0,0.3363477289676666,nan,nan,nan,phase3_12c_matched_reset_no_phase4_no_cps
proxy_state_motion_nn,0,hidden_breakaway_pin,312500,phase312b_seed_block,4,3,0.0,0.0,0.0,0,0.0,0.028181036934256554,0.0,0.0,hidden_breakaway_pin,1,127,127,hidden_breakaway_pin,4.024394989013672,4.024394989013672,nan,0.4154632091522217,0.0,0.2086641788482666,nan,nan,nan,phase3_12c_matched_reset_no_phase4_no_cps
proxy_state_motion_nn,0,hidden_breakaway_pin,312500,phase312b_seed_block,4,4,0.0,0.0,0.0,0,0.0,0.031661953777074814,0.0,0.0,hidden_high_friction,0,110,110,hidden_high_friction,0.7078850865364075,0.7078850865364075,nan,0.21282097697257996,0.0,0.10559608787298203,nan,nan,nan,phase3_12c_matched_reset_no_phase4_no_cps
proxy_state_motion_nn,0,hidden_breakaway_pin,312500,phase312b_seed_block,4,5,0.0,0.0,0.0,0,0.0,0.030951429158449173,0.0,0.0,hidden_high_friction,0,586,586,hidden_high_friction,0.4470382630825043,0.4470382630825043,nan,0.45699790120124817,0.0,0.14599494636058807,nan,nan,nan,phase3_12c_matched_reset_no_phase4_no_cps
proxy_state_motion_nn,0,hidden_breakaway_pin,312500,phase312b_seed_block,4,6,0.0,0.0,0.0,0,0.0,0.03950343653559685,0.0,0.0,hidden_breakaway_pin,1,587,587,hidden_breakaway_pin,0.46519872546195984,0.46519872546195984,nan,0.5339987874031067,0.0,0.17593121528625488,nan,nan,nan,phase3_12c_matched_reset_no_phase4_no_cps
proxy_state_motion_nn,0,hidden_breakaway_pin,312500,phase312b_seed_block,4,7,0.0,0.0,0.0,0,0.0,0.039783086627721786,0.0,0.0,hidden_breakaway_pin,1,267,267,hidden_breakaway_pin,0.4686071276664734,0.4686071276664734,nan,0.170143723487854,0.0,0.10937689244747162,nan,nan,nan,phase3_12c_matched_reset_no_phase4_no_cps
proxy_state_motion_nn,0,hidden_breakaway_pin,312500,phase312b_seed_block,4,8,0.0,0.0,0.0,0,0.0,0.039602454751729965,0.0,0.0,hidden_high_friction,0,266,266,hidden_high_friction,0.4645823836326599,0.4645823836326599,nan,0.15445633232593536,0.0,0.1054009348154068,nan,nan,nan,phase3_12c_matched_reset_no_phase4_no_cps
proxy_state_motion_nn,0,hidden_breakaway_pin,312500,phase312b_seed_block,4,9,0.0,0.0,0.0,0,0.0,0.0402606762945652,0.0,0.0,free,0,584,584,free,0.4493618309497833,0.4493618309497833,nan,0.5141833424568176,0.0,0.17955619096755981,nan,nan,nan,phase3_12c_matched_reset_no_phase4_no_cps
proxy_state_motion_nn,0,hidden_breakaway_pin,312500,phase312b_seed_block,4,10,0.0,0.0,0.0,0,0.0,0.040464844554662704,0.0,0.0,free,0,264,264,free,0.45873549580574036,0.45873549580574036,nan,0.19388876855373383,0.0,0.09832803159952164,nan,nan,nan,phase3_12c_matched_reset_no_phase4_no_cps
proxy_state_motion_nn,0,hidden_breakaway_pin,312500,phase312b_seed_block,4,11,0.0,0.0,0.0,0,0.0,0.04014551267027855,0.0,0.0,hidden_breakaway_pin,1,119,119,hidden_breakaway_pin,0.4642469882965088,0.4642469882965088,nan,0.3913247585296631,0.0,0.13574235141277313,nan,nan,nan,phase3_12c_matched_reset_no_phase4_no_cps
proxy_state_motion_nn,0,hidden_breakaway_pin,312500,phase312b_seed_block,4,12,0.0,0.0,0.0,0,0.0,0.04060571640729904,0.0,0.0,free,0,584,584,free,0.4517882168292999,0.4517882168292999,nan,0.5126073360443115,0.0,0.184043288230896,nan,nan,nan,phase3_12c_matched_reset_no_phase4_no_cps
proxy_state_motion_nn,0,hidden_breakaway_pin,312500,phase312b_seed_block,4,13,0.0,0.0,0.0,0,0.0,0.04016430303454399,0.0,0.0,hidden_pin,0,585,585,hidden_pin,0.4181230664253235,0.4181230664253235,nan,0.4477275609970093,0.0,0.23170863091945648,nan,nan,nan,phase3_12c_matched_reset_no_phase4_no_cps
proxy_state_motion_nn,0,hidden_breakaway_pin,312500,phase312b_seed_block,4,14,0.0,0.0,0.0,0,0.0,0.04011320695281029,0.0,0.0,free,0,584,584,free,0.4562795162200928,0.4562795162200928,nan,0.47492021322250366,0.0,0.1778133511543274,nan,nan,nan,phase3_12c_matched_reset_no_phase4_no_cps
proxy_state_motion_nn,0,hidden_breakaway_pin,312500,phase312b_seed_block,4,15,0.0,0.0,0.0,0,0.0,0.040265124291181564,0.0,0.0,hidden_high_friction,0,586,586,hidden_high_friction,0.4400627613067627,0.4400627613067627,nan,0.4847327470779419,0.0,0.16124579310417175,nan,nan,nan,phase3_12c_matched_reset_no_phase4_no_cps
proxy_state_motion_nn,0,hidden_breakaway_pin,312501,phase312b_seed_block,5,0,0.0,0.0,0.0,0,0.0,0.040132924914360046,0.0,0.0,hidden_breakaway_pin,1,587,587,hidden_breakaway_pin,0.16833575069904327,0.16833575069904327,nan,0.5878587961196899,0.0,0.32766953110694885,nan,nan,nan,phase3_12c_matched_reset_no_phase4_no_cps
proxy_state_motion_nn,0,hidden_breakaway_pin,312501,phase312b_seed_block,5,1,0.0,0.0,0.0,0,0.0,0.03990403190255165,0.0,0.0,free,0,584,584,free,0.1521327644586563,0.1521327644586563,nan,0.502100944519043,0.0,0.2801603376865387,nan,nan,nan,phase3_12c_matched_reset_no_phase4_no_cps
proxy_state_motion_nn,0,hidden_breakaway_pin,312501,phase312b_seed_block,5,2,0.0,0.0,0.0,0,0.0,0.04029496759176254,0.0,0.0,hidden_breakaway_pin,1,587,587,hidden_breakaway_pin,0.28008371591567993,0.28008371591567993,nan,0.650446891784668,0.0,0.25747841596603394,nan,nan,nan,phase3_12c_matched_reset_no_phase4_no_cps
proxy_state_motion_nn,0,hidden_breakaway_pin,312501,phase312b_seed_block,5,3,0.0,0.0,0.0,0,0.0,0.03952154889702797,0.0,0.0,hidden_pin,0,709,709,hidden_pin,0.21144509315490723,0.21144509315490723,nan,0.5775624513626099,0.0,0.30742767453193665,nan,nan,nan,phase3_12c_matched_reset_no_phase4_no_cps
proxy_state_motion_nn,0,hidden_breakaway_pin,312501,phase312b_seed_block,5,4,0.0,0.0,0.0,0,0.0,0.04027365893125534,0.0,0.0,hidden_breakaway_pin,1,587,587,hidden_breakaway_pin,0.16559351980686188,0.16559351980686188,nan,0.6280888915061951,0.0,0.26634323596954346,nan,nan,nan,phase3_12c_matched_reset_no_phase4_no_cps
proxy_state_motion_nn,0,hidden_breakaway_pin,312501,phase312b_seed_block,5,5,0.0,0.0,0.0,0,0.0,0.03966508060693741,0.0,0.0,hidden_breakaway_pin,1,543,543,hidden_breakaway_pin,0.2513279616832733,0.2513279616832733,nan,0.5894920229911804,0.0,0.2916819155216217,nan,nan,nan,phase3_12c_matched_reset_no_phase4_no_cps
proxy_state_motion_nn,0,hidden_breakaway_pin,312501,phase312b_seed_block,5,6,0.0,0.0,0.0,0,0.0,0.040061287581920624,0.0,0.0,hidden_breakaway_pin,1,283,283,hidden_breakaway_pin,0.2775249481201172,0.2775249481201172,nan,0.7439055442810059,0.0,0.3145959675312042,nan,nan,nan,phase3_12c_matched_reset_no_phase4_no_cps
proxy_state_motion_nn,0,hidden_breakaway_pin,312501,phase312b_seed_block,5,7,0.0,0.0,0.0,0,0.0,0.039741065353155136,0.0,0.0,hidden_breakaway_pin,1,543,543,hidden_breakaway_pin,0.1686324179172516,0.1686324179172516,nan,0.5789417624473572,0.0,0.287169486284256,nan,nan,nan,phase3_12c_matched_reset_no_phase4_no_cps
proxy_state_motion_nn,0,hidden_breakaway_pin,312501,phase312b_seed_block,5,8,0.0,0.0,0.0,0,0.0,0.040541037917137146,0.0,0.0,free,0,708,708,free,0.2005418837070465,0.2005418837070465,nan,0.5301589369773865,0.0,0.29007449746131897,nan,nan,nan,phase3_12c_matched_reset_no_phase4_no_cps
proxy_state_motion_nn,0,hidden_breakaway_pin,312501,phase312b_seed_block,5,9,0.0,0.0,0.0,0,0.0,0.04040224105119705,0.0,0.0,free,0,708,708,free,0.2931026816368103,0.2931026816368103,nan,0.5166131854057312,0.0,0.27348974347114563,nan,nan,nan,phase3_12c_matched_reset_no_phase4_no_cps
proxy_state_motion_nn,0,hidden_breakaway_pin,312501,phase312b_seed_block,5,10,0.0,0.0,0.0,0,0.0,0.039773404598236084,0.0,0.0,hidden_breakaway_pin,1,767,767,hidden_breakaway_pin,0.1460251659154892,0.1460251659154892,nan,0.5967719554901123,0.0,0.29483720660209656,nan,nan,nan,phase3_12c_matched_reset_no_phase4_no_cps
proxy_state_motion_nn,0,hidden_breakaway_pin,312501,phase312b_seed_block,5,11,0.0,0.0,0.0,0,0.0,0.04047954082489014,0.0,0.0,hidden_breakaway_pin,1,767,767,hidden_breakaway_pin,0.1422020047903061,0.1422020047903061,nan,0.5690173506736755,0.0,0.289331316947937,nan,nan,nan,phase3_12c_matched_reset_no_phase4_no_cps
proxy_state_motion_nn,0,hidden_breakaway_pin,312501,phase312b_seed_block,5,12,0.0,0.0,0.0,0,0.0,0.04023287072777748,0.0,0.0,hidden_high_friction,0,586,586,hidden_high_friction,0.17161671817302704,0.17161671817302704,nan,0.5749772787094116,0.0,0.2613489329814911,nan,nan,nan,phase3_12c_matched_reset_no_phase4_no_cps
proxy_state_motion_nn,0,hidden_breakaway_pin,312501,phase312b_seed_block,5,13,0.0,0.0,0.0,0,0.0,0.04010556638240814,0.0,0.0,free,0,584,584,free,0.22568835318088531,0.22568835318088531,nan,0.5589874982833862,0.0,0.2530900537967682,nan,nan,nan,phase3_12c_matched_reset_no_phase4_no_cps
proxy_state_motion_nn,0,hidden_breakaway_pin,312501,phase312b_seed_block,5,14,0.0,0.0,0.0,0,0.0,0.040109824389219284,0.0,0.0,free,0,584,584,free,0.23228831589221954,0.23228831589221954,nan,0.5593091249465942,0.0,0.25074076652526855,nan,nan,nan,phase3_12c_matched_reset_no_phase4_no_cps
proxy_state_motion_nn,0,hidden_breakaway_pin,312501,phase312b_seed_block,5,15,0.0,0.0,0.0,0,0.0,0.03996219113469124,0.0,0.0,hidden_breakaway_pin,1,587,587,hidden_breakaway_pin,0.22361250221729279,0.22361250221729279,nan,0.586056113243103,0.0,0.2503959834575653,nan,nan,nan,phase3_12c_matched_reset_no_phase4_no_cps
proxy_state_motion_nn,0,hidden_breakaway_pin,312502,phase312b_seed_block,6,0,0.0,0.0,0.0,0,0.0,0.03996087610721588,0.0,0.0,hidden_pin,0,389,389,hidden_pin,0.3314513564109802,0.3314513564109802,nan,0.7501991391181946,0.0,0.6468526721000671,nan,nan,nan,phase3_12c_matched_reset_no_phase4_no_cps
proxy_state_motion_nn,0,hidden_breakaway_pin,312502,phase312b_seed_block,6,1,0.0,0.0,0.0,0,0.0,0.03231543302536011,0.0,0.0,hidden_high_friction,0,42,42,hidden_high_friction,5.633085250854492,5.633085250854492,nan,0.5351951122283936,0.0,0.18530942499637604,nan,nan,nan,phase3_12c_matched_reset_no_phase4_no_cps
proxy_state_motion_nn,0,hidden_breakaway_pin,312502,phase312b_seed_block,6,2,0.0,0.0,0.0,0,0.0,0.030602963641285896,0.0,0.0,hidden_pin,0,49,49,hidden_pin,0.9791275262832642,0.9791275262832642,nan,0.764431893825531,0.0,0.6001530885696411,nan,nan,nan,phase3_12c_matched_reset_no_phase4_no_cps
proxy_state_motion_nn,0,hidden_breakaway_pin,312502,phase312b_seed_block,6,3,0.0,0.0,0.0,0,0.0,0.03294368088245392,0.0,0.0,free,0,492,492,free,0.3956131637096405,0.3956131637096405,nan,0.5933525562286377,0.0,0.2783016264438629,nan,nan,nan,phase3_12c_matched_reset_no_phase4_no_cps
proxy_state_motion_nn,0,hidden_breakaway_pin,312502,phase312b_seed_block,6,4,0.0,0.0,0.0,0,0.0,0.03940931707620621,0.0,0.0,hidden_high_friction,0,494,494,hidden_high_friction,0.3928501009941101,0.3928501009941101,nan,0.6820587515830994,0.0,0.3271639347076416,nan,nan,nan,phase3_12c_matched_reset_no_phase4_no_cps
proxy_state_motion_nn,0,hidden_breakaway_pin,312502,phase312b_seed_block,6,5,0.0,0.0,0.0,0,0.0,0.03916749730706215,0.0,0.0,hidden_pin,0,493,493,hidden_pin,0.3869909942150116,0.3869909942150116,nan,0.6801896095275879,0.0,0.4172070324420929,nan,nan,nan,phase3_12c_matched_reset_no_phase4_no_cps
proxy_state_motion_nn,0,hidden_breakaway_pin,312502,phase312b_seed_block,6,6,0.0,0.0,0.0,0,0.0,0.039521969854831696,0.0,0.0,hidden_breakaway_pin,1,495,495,hidden_breakaway_pin,0.4017455577850342,0.4017455577850342,nan,0.561210036277771,0.0,0.3265726864337921,nan,nan,nan,phase3_12c_matched_reset_no_phase4_no_cps
proxy_state_motion_nn,0,hidden_breakaway_pin,312502,phase312b_seed_block,6,7,0.0,0.0,0.0,0,0.0,0.04006347060203552,0.0,0.0,hidden_high_friction,0,494,494,hidden_high_friction,0.3778954744338989,0.3778954744338989,nan,0.576893150806427,0.0,0.3374587297439575,nan,nan,nan,phase3_12c_matched_reset_no_phase4_no_cps
proxy_state_motion_nn,0,hidden_breakaway_pin,312502,phase312b_seed_block,6,8,0.0,0.0,0.0,0,0.0,0.04022984206676483,0.0,0.0,hidden_pin,0,493,493,hidden_pin,0.37713420391082764,0.37713420391082764,nan,0.5548853874206543,0.0,0.35369378328323364,nan,nan,nan,phase3_12c_matched_reset_no_phase4_no_cps
proxy_state_motion_nn,0,hidden_breakaway_pin,312502,phase312b_seed_block,6,9,0.0,0.0,0.0,0,0.0,0.039720915257930756,0.0,0.0,hidden_breakaway_pin,1,531,531,hidden_breakaway_pin,0.4173603653907776,0.4173603653907776,nan,0.6016076803207397,0.0,0.223091259598732,nan,nan,nan,phase3_12c_matched_reset_no_phase4_no_cps
proxy_state_motion_nn,0,hidden_breakaway_pin,312502,phase312b_seed_block,6,10,0.0,0.0,0.0,0,0.0,0.040337301790714264,0.0,0.0,hidden_breakaway_pin,1,495,495,hidden_breakaway_pin,0.4091392457485199,0.4091392457485199,nan,0.5896658301353455,0.0,0.3325747549533844,nan,nan,nan,phase3_12c_matched_reset_no_phase4_no_cps
proxy_state_motion_nn,0,hidden_breakaway_pin,312502,phase312b_seed_block,6,11,0.0,0.0,0.0,0,0.0,0.039968255907297134,0.0,0.0,hidden_breakaway_pin,1,495,495,hidden_breakaway_pin,0.3915131092071533,0.3915131092071533,nan,0.6119365692138672,0.0,0.35426947474479675,nan,nan,nan,phase3_12c_matched_reset_no_phase4_no_cps
proxy_state_motion_nn,0,hidden_breakaway_pin,312502,phase312b_seed_block,6,12,0.0,0.0,0.0,0,0.0,0.03970053046941757,0.0,0.0,free,0,492,492,free,0.37588754296302795,0.37588754296302795,nan,0.5673063397407532,0.0,0.3504481315612793,nan,nan,nan,phase3_12c_matched_reset_no_phase4_no_cps
proxy_state_motion_nn,0,hidden_breakaway_pin,312502,phase312b_seed_block,6,13,0.0,0.0,0.0,0,0.0,0.03985166922211647,0.0,0.0,hidden_breakaway_pin,1,495,495,hidden_breakaway_pin,0.4146628677845001,0.4146628677845001,nan,0.5655761361122131,0.0,0.34907612204551697,nan,nan,nan,phase3_12c_matched_reset_no_phase4_no_cps
proxy_state_motion_nn,0,hidden_breakaway_pin,312502,phase312b_seed_block,6,14,0.0,0.0,0.0,0,0.0,0.03957264870405197,0.0,0.0,free,0,492,492,free,0.3701232969760895,0.3701232969760895,nan,0.5510330200195312,0.0,0.3515801429748535,nan,nan,nan,phase3_12c_matched_reset_no_phase4_no_cps
proxy_state_motion_nn,0,hidden_breakaway_pin,312502,phase312b_seed_block,6,15,0.0,0.0,0.0,0,0.0,0.04010902717709541,0.0,0.0,hidden_pin,0,493,493,hidden_pin,0.3689820170402527,0.3689820170402527,nan,0.5519934892654419,0.0,0.3477487564086914,nan,nan,nan,phase3_12c_matched_reset_no_phase4_no_cps
proxy_state_motion_nn,0,hidden_breakaway_pin,312503,phase312b_seed_block,7,0,0.0,0.0,0.0,0,0.0,0.03983435407280922,0.0,0.0,hidden_breakaway_pin,1,527,527,hidden_breakaway_pin,0.31002146005630493,0.31002146005630493,nan,0.6321839690208435,0.0,0.32829713821411133,nan,nan,nan,phase3_12c_matched_reset_no_phase4_no_cps
proxy_state_motion_nn,0,hidden_breakaway_pin,312503,phase312b_seed_block,7,1,0.0,0.0,0.0,0,0.0,0.021504703909158707,0.0,0.0,hidden_breakaway_pin,1,707,707,hidden_breakaway_pin,8.471498489379883,8.471498489379883,nan,0.6291303038597107,0.0,0.05853639170527458,nan,nan,nan,phase3_12c_matched_reset_no_phase4_no_cps
proxy_state_motion_nn,0,hidden_breakaway_pin,312503,phase312b_seed_block,7,2,0.0,0.2916666666666667,0.2916666666666667,0,0.2916666666666667,0.022176526486873627,0.0,0.0,hidden_pin,0,337,337,hidden_pin,0.6543322205543518,0.6543322205543518,nan,0.7034010887145996,0.0,0.4783945083618164,nan,nan,nan,phase3_12c_matched_reset_no_phase4_no_cps
proxy_state_motion_nn,0,hidden_breakaway_pin,312503,phase312b_seed_block,7,3,0.2916666666666667,0.2916666666666667,0.0,0,0.0,0.026992391794919968,0.0,0.0,hidden_high_friction,0,646,646,hidden_high_friction,0.8448494076728821,0.8448494076728821,nan,0.4607612192630768,0.0,0.11659122258424759,nan,nan,nan,phase3_12c_matched_reset_no_phase4_no_cps
proxy_state_motion_nn,0,hidden_breakaway_pin,312503,phase312b_seed_block,7,4,0.2916666666666667,0.2916666666666667,0.0,0,0.0,0.04004649072885513,0.0,0.0,hidden_breakaway_pin,1,647,647,hidden_breakaway_pin,0.8473454117774963,0.8473454117774963,nan,0.3919941484928131,0.0,0.09117768704891205,nan,nan,nan,phase3_12c_matched_reset_no_phase4_no_cps
proxy_state_motion_nn,0,hidden_breakaway_pin,312503,phase312b_seed_block,7,5,0.2916666666666667,0.2916666666666667,0.0,0,0.0,0.03980552405118942,0.0,0.0,hidden_high_friction,0,214,214,hidden_high_friction,0.4209555387496948,0.4209555387496948,nan,0.3368481397628784,0.0,0.19418013095855713,nan,nan,nan,phase3_12c_matched_reset_no_phase4_no_cps
proxy_state_motion_nn,0,hidden_breakaway_pin,312503,phase312b_seed_block,7,6,0.2916666666666667,0.0,-0.2916666666666667,0,-0.2916666666666667,0.04049598425626755,0.0,0.0,free,0,216,216,free,0.3933727443218231,0.3933727443218231,nan,0.76314377784729,0.0,0.1709345430135727,nan,nan,nan,phase3_12c_matched_reset_no_phase4_no_cps
proxy_state_motion_nn,0,hidden_breakaway_pin,312503,phase312b_seed_block,7,7,0.0,0.0,0.0,0,0.0,0.039022043347358704,0.0,0.0,free,0,356,356,free,1.0438966751098633,1.0438966751098633,nan,0.6457407474517822,0.0,0.1656823456287384,nan,nan,nan,phase3_12c_matched_reset_no_phase4_no_cps
proxy_state_motion_nn,0,hidden_breakaway_pin,312503,phase312b_seed_block,7,8,0.0,0.0,0.0,0,0.0,0.0385129451751709,0.0,0.0,hidden_high_friction,0,678,678,hidden_high_friction,0.631372332572937,0.631372332572937,nan,0.6322206854820251,0.0,0.16446232795715332,nan,nan,nan,phase3_12c_matched_reset_no_phase4_no_cps
proxy_state_motion_nn,0,hidden_breakaway_pin,312503,phase312b_seed_block,7,9,0.0,0.0,0.0,0,0.0,0.03900563716888428,0.0,0.0,hidden_pin,0,389,389,hidden_pin,0.22945056855678558,0.22945056855678558,nan,0.7886857390403748,0.0,0.3856181204319,nan,nan,nan,phase3_12c_matched_reset_no_phase4_no_cps
proxy_state_motion_nn,0,hidden_breakaway_pin,312503,phase312b_seed_block,7,10,0.0,0.0,0.0,0,0.0,0.039706986397504807,0.0,0.0,hidden_high_friction,0,86,86,hidden_high_friction,0.40970417857170105,0.40970417857170105,nan,0.3413139283657074,0.0,0.1644553393125534,nan,nan,nan,phase3_12c_matched_reset_no_phase4_no_cps
proxy_state_motion_nn,0,hidden_breakaway_pin,312503,phase312b_seed_block,7,11,0.0,0.0,0.0,0,0.0,0.038673631846904755,0.0,0.0,hidden_breakaway_pin,1,15,15,hidden_breakaway_pin,0.7091200351715088,0.7091200351715088,nan,0.42321738600730896,0.0,0.08713590353727341,nan,nan,nan,phase3_12c_matched_reset_no_phase4_no_cps
proxy_state_motion_nn,0,hidden_breakaway_pin,312503,phase312b_seed_block,7,12,0.0,0.0,0.0,0,0.0,0.0383843258023262,0.0,0.0,hidden_breakaway_pin,1,15,15,hidden_breakaway_pin,0.14205709099769592,0.14205709099769592,nan,0.39389482140541077,0.0,0.11632523685693741,nan,nan,nan,phase3_12c_matched_reset_no_phase4_no_cps
proxy_state_motion_nn,0,hidden_breakaway_pin,312503,phase312b_seed_block,7,13,0.0,0.0,0.0,0,0.0,0.038627851754426956,0.0,0.0,hidden_breakaway_pin,1,215,215,hidden_breakaway_pin,0.26357534527778625,0.26357534527778625,nan,0.46735072135925293,0.0,0.16748593747615814,nan,nan,nan,phase3_12c_matched_reset_no_phase4_no_cps
proxy_state_motion_nn,0,hidden_breakaway_pin,312503,phase312b_seed_block,7,14,0.0,0.20833333333333334,0.20833333333333334,0,0.20833333333333334,0.039408691227436066,0.0,0.0,hidden_pin,0,85,85,hidden_pin,0.4799547791481018,0.4799547791481018,nan,0.4098333716392517,0.0,0.18839825689792633,nan,nan,nan,phase3_12c_matched_reset_no_phase4_no_cps
proxy_state_motion_nn,0,hidden_breakaway_pin,312503,phase312b_seed_block,7,15,0.20833333333333334,0.20833333333333334,0.0,0,0.0,0.03812883421778679,0.0,0.0,hidden_breakaway_pin,1,19,19,hidden_breakaway_pin,0.5996054410934448,0.5996054410934448,nan,0.4351615905761719,0.0,0.09098949283361435,nan,nan,nan,phase3_12c_matched_reset_no_phase4_no_cps
proxy_state_motion_nn,0,hidden_high_friction,312000,phase312_seed_block,0,0,0.2916666666666667,0.2916666666666667,0.0,0,0.0,0.03900878131389618,0.0,0.0,hidden_high_friction,1,634,634,hidden_high_friction,0.4881454110145569,0.4881454110145569,nan,0.6400600671768188,0.0,0.3047005534172058,nan,nan,nan,phase3_12c_matched_reset_no_phase4_no_cps
proxy_state_motion_nn,0,hidden_high_friction,312000,phase312_seed_block,0,1,0.2916666666666667,0.0,-0.2916666666666667,0,-0.2916666666666667,0.03937836363911629,0.0,0.0,free,0,624,624,free,0.2488328516483307,0.2488328516483307,nan,0.6159405708312988,0.0,0.4847228229045868,nan,nan,nan,phase3_12c_matched_reset_no_phase4_no_cps
proxy_state_motion_nn,0,hidden_high_friction,312000,phase312_seed_block,0,2,0.0,0.0,0.0,0,0.0,0.03971902281045914,0.0,0.0,hidden_high_friction,1,414,414,hidden_high_friction,0.8146248459815979,0.8146248459815979,nan,0.5712576508522034,0.0,0.04002442583441734,nan,nan,nan,phase3_12c_matched_reset_no_phase4_no_cps
proxy_state_motion_nn,0,hidden_high_friction,312000,phase312_seed_block,0,3,0.0,0.0,0.0,0,0.0,0.03967100381851196,0.0,0.0,free,0,412,412,free,0.603992223739624,0.603992223739624,nan,0.5545405149459839,0.0,0.021898800507187843,nan,nan,nan,phase3_12c_matched_reset_no_phase4_no_cps
proxy_state_motion_nn,0,hidden_high_friction,312000,phase312_seed_block,0,4,0.0,0.0,0.0,0,0.0,0.04027234762907028,0.0,0.0,hidden_high_friction,1,306,306,hidden_high_friction,0.4093620777130127,0.4093620777130127,nan,0.35501977801322937,0.0,0.052874501794576645,nan,nan,nan,phase3_12c_matched_reset_no_phase4_no_cps
proxy_state_motion_nn,0,hidden_high_friction,312000,phase312_seed_block,0,5,0.0,0.0,0.0,0,0.0,0.04030826687812805,0.0,0.0,hidden_pin,0,305,305,hidden_pin,0.27055060863494873,0.27055060863494873,nan,0.42214447259902954,0.0,0.3285585045814514,nan,nan,nan,phase3_12c_matched_reset_no_phase4_no_cps
proxy_state_motion_nn,0,hidden_high_friction,312000,phase312_seed_block,0,6,0.0,0.0,0.0,0,0.0,0.04022398963570595,0.0,0.0,hidden_breakaway_pin,0,307,307,hidden_breakaway_pin,0.3205834627151489,0.3205834627151489,nan,0.34948670864105225,0.0,0.09650127589702606,nan,nan,nan,phase3_12c_matched_reset_no_phase4_no_cps
proxy_state_motion_nn,0,hidden_high_friction,312000,phase312_seed_block,0,7,0.0,0.0,0.0,0,0.0,0.03967144340276718,0.0,0.0,hidden_pin,0,305,305,hidden_pin,0.2759072780609131,0.2759072780609131,nan,0.31030064821243286,0.0,0.2382054477930069,nan,nan,nan,phase3_12c_matched_reset_no_phase4_no_cps
proxy_state_motion_nn,0,hidden_high_friction,312000,phase312_seed_block,0,8,0.0,0.0,0.0,0,0.0,0.04069890081882477,0.0,0.0,hidden_pin,0,305,305,hidden_pin,0.2419898808002472,0.2419898808002472,nan,0.26776406168937683,0.0,0.1609746366739273,nan,nan,nan,phase3_12c_matched_reset_no_phase4_no_cps
proxy_state_motion_nn,0,hidden_high_friction,312000,phase312_seed_block,0,9,0.0,0.0,0.0,0,0.0,0.04024317115545273,0.0,0.0,free,0,304,304,free,0.24489282071590424,0.24489282071590424,nan,0.5828272104263306,0.0,0.02176179736852646,nan,nan,nan,phase3_12c_matched_reset_no_phase4_no_cps
proxy_state_motion_nn,0,hidden_high_friction,312000,phase312_seed_block,0,10,0.0,0.0,0.0,0,0.0,0.04018501564860344,0.0,0.0,hidden_pin,0,305,305,hidden_pin,0.2553412914276123,0.2553412914276123,nan,0.3166753053665161,0.0,0.2135201096534729,nan,nan,nan,phase3_12c_matched_reset_no_phase4_no_cps
proxy_state_motion_nn,0,hidden_high_friction,312000,phase312_seed_block,0,11,0.0,0.0,0.0,0,0.0,0.04029799625277519,0.0,0.0,hidden_high_friction,1,306,306,hidden_high_friction,0.24034665524959564,0.24034665524959564,nan,0.27176713943481445,0.0,0.13557903468608856,nan,nan,nan,phase3_12c_matched_reset_no_phase4_no_cps
proxy_state_motion_nn,0,hidden_high_friction,312000,phase312_seed_block,0,12,0.0,0.0,0.0,0,0.0,0.037998419255018234,0.0,0.0,hidden_high_friction,1,490,490,hidden_high_friction,0.7805536985397339,0.7805536985397339,nan,0.35521575808525085,0.0,0.09463480114936829,nan,nan,nan,phase3_12c_matched_reset_no_phase4_no_cps
proxy_state_motion_nn,0,hidden_high_friction,312000,phase312_seed_block,0,13,0.0,0.0,0.0,0,0.0,0.03932051360607147,0.0,0.0,free,0,304,304,free,0.4900314509868622,0.4900314509868622,nan,0.4422304034233093,0.0,0.05160517990589142,nan,nan,nan,phase3_12c_matched_reset_no_phase4_no_cps
proxy_state_motion_nn,0,hidden_high_friction,312000,phase312_seed_block,0,14,0.0,0.0,0.0,0,0.0,0.03839743882417679,0.0,0.0,hidden_breakaway_pin,0,307,307,hidden_breakaway_pin,0.3166501224040985,0.3166501224040985,nan,0.2678366005420685,0.0,0.017745744436979294,nan,nan,nan,phase3_12c_matched_reset_no_phase4_no_cps
proxy_state_motion_nn,0,hidden_high_friction,312000,phase312_seed_block,0,15,0.0,0.0,0.0,0,0.0,0.03884086012840271,0.0,0.0,hidden_high_friction,1,74,74,hidden_high_friction,0.7305420637130737,0.7305420637130737,nan,0.30872806906700134,0.0,0.01623515412211418,nan,nan,nan,phase3_12c_matched_reset_no_phase4_no_cps
proxy_state_motion_nn,0,hidden_high_friction,312001,phase312_seed_block,1,0,0.0,0.0,0.0,0,0.0,0.039492592215538025,0.0,0.0,hidden_high_friction,1,694,694,hidden_high_friction,0.39150482416152954,0.39150482416152954,nan,0.7590633630752563,0.0,0.47503262758255005,nan,nan,nan,phase3_12c_matched_reset_no_phase4_no_cps
proxy_state_motion_nn,0,hidden_high_friction,312001,phase312_seed_block,1,1,0.0,0.0,0.0,0,0.0,0.03929316624999046,0.0,0.0,hidden_breakaway_pin,0,387,387,hidden_breakaway_pin,0.5934465527534485,0.5934465527534485,nan,0.458351731300354,0.0,0.2940601110458374,nan,nan,nan,phase3_12c_matched_reset_no_phase4_no_cps
proxy_state_motion_nn,0,hidden_high_friction,312001,phase312_seed_block,1,2,0.0,0.0,0.0,0,0.0,0.03980979323387146,0.0,0.0,free,0,696,696,free,0.5205585956573486,0.5205585956573486,nan,0.5120006203651428,0.0,0.21160493791103363,nan,nan,nan,phase3_12c_matched_reset_no_phase4_no_cps
proxy_state_motion_nn,0,hidden_high_friction,312001,phase312_seed_block,1,3,0.0,0.0,0.0,0,0.0,0.040280845016241074,0.0,0.0,free,0,112,112,free,0.4717103838920593,0.4717103838920593,nan,0.26250773668289185,0.0,0.07766213268041611,nan,nan,nan,phase3_12c_matched_reset_no_phase4_no_cps
proxy_state_motion_nn,0,hidden_high_friction,312001,phase312_seed_block,1,4,0.0,0.0,0.0,0,0.0,0.04013509303331375,0.0,0.0,hidden_high_friction,1,114,114,hidden_high_friction,0.47489628195762634,0.47489628195762634,nan,0.38690224289894104,0.0,0.1251746565103531,nan,nan,nan,phase3_12c_matched_reset_no_phase4_no_cps
proxy_state_motion_nn,0,hidden_high_friction,312001,phase312_seed_block,1,5,0.0,0.0,0.0,0,0.0,0.04027894139289856,0.0,0.0,hidden_high_friction,1,114,114,hidden_high_friction,0.46978268027305603,0.46978268027305603,nan,0.3886980712413788,0.0,0.12336484342813492,nan,nan,nan,phase3_12c_matched_reset_no_phase4_no_cps
proxy_state_motion_nn,0,hidden_high_friction,312001,phase312_seed_block,1,6,0.0,0.0,0.0,0,0.0,0.03976571187376976,0.0,0.0,free,0,264,264,free,0.483489990234375,0.483489990234375,nan,0.32959896326065063,0.0,0.11758984625339508,nan,nan,nan,phase3_12c_matched_reset_no_phase4_no_cps
proxy_state_motion_nn,0,hidden_high_friction,312001,phase312_seed_block,1,7,0.0,0.0,0.0,0,0.0,0.04049932584166527,0.0,0.0,hidden_pin,0,113,113,hidden_pin,0.4604959189891815,0.4604959189891815,nan,0.3528680205345154,0.0,0.08871863037347794,nan,nan,nan,phase3_12c_matched_reset_no_phase4_no_cps
proxy_state_motion_nn,0,hidden_high_friction,312001,phase312_seed_block,1,8,0.0,0.0,0.0,0,0.0,0.04018561169505119,0.0,0.0,hidden_high_friction,1,114,114,hidden_high_friction,0.47669970989227295,0.47669970989227295,nan,0.3974618911743164,0.0,0.11975741386413574,nan,nan,nan,phase3_12c_matched_reset_no_phase4_no_cps
proxy_state_motion_nn,0,hidden_high_friction,312001,phase312_seed_block,1,9,0.0,0.0,0.0,0,0.0,0.040266022086143494,0.0,0.0,hidden_high_friction,1,114,114,hidden_high_friction,0.4768927991390228,0.4768927991390228,nan,0.3904351592063904,0.0,0.12037061899900436,nan,nan,nan,phase3_12c_matched_reset_no_phase4_no_cps
proxy_state_motion_nn,0,hidden_high_friction,312001,phase312_seed_block,1,10,0.0,0.0,0.0,0,0.0,0.040341567248106,0.0,0.0,hidden_breakaway_pin,0,115,115,hidden_breakaway_pin,0.4803367555141449,0.4803367555141449,nan,0.2568771243095398,0.0,0.07788743078708649,nan,nan,nan,phase3_12c_matched_reset_no_phase4_no_cps
proxy_state_motion_nn,0,hidden_high_friction,312001,phase312_seed_block,1,11,0.0,0.0,0.0,0,0.0,0.039893921464681625,0.0,0.0,free,0,112,112,free,0.4832441508769989,0.4832441508769989,nan,0.23320205509662628,0.0,0.07269822806119919,nan,nan,nan,phase3_12c_matched_reset_no_phase4_no_cps
proxy_state_motion_nn,0,hidden_high_friction,312001,phase312_seed_block,1,12,0.0,0.0,0.0,0,0.0,0.04004352539777756,0.0,0.0,free,0,112,112,free,0.47828221321105957,0.47828221321105957,nan,0.24446871876716614,0.0,0.08042038977146149,nan,nan,nan,phase3_12c_matched_reset_no_phase4_no_cps
proxy_state_motion_nn,0,hidden_high_friction,312001,phase312_seed_block,1,13,0.0,0.0,0.0,0,0.0,0.03961782157421112,0.0,0.0,hidden_pin,0,113,113,hidden_pin,0.46185097098350525,0.46185097098350525,nan,0.3487079441547394,0.0,0.10096904635429382,nan,nan,nan,phase3_12c_matched_reset_no_phase4_no_cps
proxy_state_motion_nn,0,hidden_high_friction,312001,phase312_seed_block,1,14,0.0,0.0,0.0,0,0.0,0.04023275524377823,0.0,0.0,free,0,112,112,free,0.5485220551490784,0.5485220551490784,nan,0.25118494033813477,0.0,0.08844239264726639,nan,nan,nan,phase3_12c_matched_reset_no_phase4_no_cps
proxy_state_motion_nn,0,hidden_high_friction,312001,phase312_seed_block,1,15,0.0,0.0,0.0,0,0.0,0.04065193980932236,0.0,0.0,free,0,112,112,free,0.4770790934562683,0.4770790934562683,nan,0.2515142858028412,0.0,0.08363834023475647,nan,nan,nan,phase3_12c_matched_reset_no_phase4_no_cps
proxy_state_motion_nn,0,hidden_high_friction,312002,phase312_seed_block,2,0,0.0,0.0,0.0,0,0.0,0.03710712119936943,0.0,0.0,hidden_pin,0,277,277,hidden_pin,0.9631145000457764,0.9631145000457764,nan,0.8776229023933411,0.0,0.09998560696840286,nan,nan,nan,phase3_12c_matched_reset_no_phase4_no_cps
proxy_state_motion_nn,0,hidden_high_friction,312002,phase312_seed_block,2,1,0.0,0.0,0.0,0,0.0,0.03790372982621193,0.0,0.0,hidden_breakaway_pin,0,487,487,hidden_breakaway_pin,0.4797920882701874,0.4797920882701874,nan,0.9314559698104858,0.0,0.24155063927173615,nan,nan,nan,phase3_12c_matched_reset_no_phase4_no_cps
proxy_state_motion_nn,0,hidden_high_friction,312002,phase312_seed_block,2,2,0.0,0.0,0.0,0,0.0,0.03717464208602905,0.0,0.0,hidden_breakaway_pin,0,359,359,hidden_breakaway_pin,1.2074147462844849,1.2074147462844849,nan,0.8227822780609131,0.0,0.35242798924446106,nan,nan,nan,phase3_12c_matched_reset_no_phase4_no_cps
proxy_state_motion_nn,0,hidden_high_friction,312002,phase312_seed_block,2,3,0.0,0.0,0.0,0,0.0,0.0372195802628994,0.0,0.0,hidden_breakaway_pin,0,727,727,hidden_breakaway_pin,0.8881176114082336,0.8881176114082336,nan,0.2664812207221985,0.0,0.07107434421777725,nan,nan,nan,phase3_12c_matched_reset_no_phase4_no_cps
proxy_state_motion_nn,0,hidden_high_friction,312002,phase312_seed_block,2,4,0.0,0.0,0.0,0,0.0,0.03691646456718445,0.0,0.0,free,0,72,72,free,0.5613272190093994,0.5613272190093994,nan,0.5156233906745911,0.0,0.03946683928370476,nan,nan,nan,phase3_12c_matched_reset_no_phase4_no_cps
proxy_state_motion_nn,0,hidden_high_friction,312002,phase312_seed_block,2,5,0.0,0.0,0.0,0,0.0,0.03817078843712807,0.0,0.0,hidden_breakaway_pin,0,355,355,hidden_breakaway_pin,0.5990957617759705,0.5990957617759705,nan,0.6255431175231934,0.0,0.12374052405357361,nan,nan,nan,phase3_12c_matched_reset_no_phase4_no_cps
proxy_state_motion_nn,0,hidden_high_friction,312002,phase312_seed_block,2,6,0.0,0.0,0.0,0,0.0,0.037430811673402786,0.0,0.0,hidden_high_friction,1,58,58,hidden_high_friction,0.6330115795135498,0.6330115795135498,nan,0.8340994715690613,0.0,0.13547079265117645,nan,nan,nan,phase3_12c_matched_reset_no_phase4_no_cps
proxy_state_motion_nn,0,hidden_high_friction,312002,phase312_seed_block,2,7,0.0,0.0,0.0,0,0.0,0.03527284413576126,0.0,0.0,hidden_breakaway_pin,0,279,279,hidden_breakaway_pin,1.1313467025756836,1.1313467025756836,nan,0.6123666763305664,0.0,0.13244523108005524,nan,nan,nan,phase3_12c_matched_reset_no_phase4_no_cps
proxy_state_motion_nn,0,hidden_high_friction,312002,phase312_seed_block,2,8,0.0,0.0,0.0,0,0.0,0.03657567873597145,0.0,0.0,free,0,80,80,free,0.6199542880058289,0.6199542880058289,nan,0.5723216533660889,0.0,0.19451120495796204,nan,nan,nan,phase3_12c_matched_reset_no_phase4_no_cps
proxy_state_motion_nn,0,hidden_high_friction,312002,phase312_seed_block,2,9,0.0,0.0,0.0,0,0.0,0.038899388164281845,0.0,0.0,free,0,80,80,free,0.3333618938922882,0.3333618938922882,nan,0.6004371643066406,0.0,0.20061340928077698,nan,nan,nan,phase3_12c_matched_reset_no_phase4_no_cps
proxy_state_motion_nn,0,hidden_high_friction,312002,phase312_seed_block,2,10,0.0,0.0,0.0,0,0.0,0.04003101587295532,0.0,0.0,hidden_high_friction,1,82,82,hidden_high_friction,0.3510487973690033,0.3510487973690033,nan,0.531111478805542,0.0,0.21705834567546844,nan,nan,nan,phase3_12c_matched_reset_no_phase4_no_cps
proxy_state_motion_nn,0,hidden_high_friction,312002,phase312_seed_block,2,11,0.0,0.0,0.0,0,0.0,0.04032030329108238,0.0,0.0,hidden_pin,0,81,81,hidden_pin,0.35354551672935486,0.35354551672935486,nan,0.4580519497394562,0.0,0.23044337332248688,nan,nan,nan,phase3_12c_matched_reset_no_phase4_no_cps
proxy_state_motion_nn,0,hidden_high_friction,312002,phase312_seed_block,2,12,0.0,0.0,0.0,0,0.0,0.039659056812524796,0.0,0.0,hidden_pin,0,81,81,hidden_pin,0.33745938539505005,0.33745938539505005,nan,0.4656040370464325,0.0,0.23136909306049347,nan,nan,nan,phase3_12c_matched_reset_no_phase4_no_cps
proxy_state_motion_nn,0,hidden_high_friction,312002,phase312_seed_block,2,13,0.0,0.0,0.0,0,0.0,0.040174808353185654,0.0,0.0,free,0,80,80,free,0.3692147433757782,0.3692147433757782,nan,0.6103881001472473,0.0,0.20119670033454895,nan,nan,nan,phase3_12c_matched_reset_no_phase4_no_cps
proxy_state_motion_nn,0,hidden_high_friction,312002,phase312_seed_block,2,14,0.0,0.0,0.0,0,0.0,0.03878974914550781,0.0,0.0,hidden_breakaway_pin,0,359,359,hidden_breakaway_pin,1.346160888671875,1.346160888671875,nan,0.779938817024231,0.0,0.30286818742752075,nan,nan,nan,phase3_12c_matched_reset_no_phase4_no_cps
proxy_state_motion_nn,0,hidden_high_friction,312002,phase312_seed_block,2,15,0.0,0.0,0.0,0,0.0,0.03775159642100334,0.0,0.0,free,0,296,296,free,0.7178888916969299,0.7178888916969299,nan,0.31338316202163696,0.0,0.056536927819252014,nan,nan,nan,phase3_12c_matched_reset_no_phase4_no_cps
proxy_state_motion_nn,0,hidden_high_friction,312003,phase312_seed_block,3,0,0.0,0.0,0.0,0,0.0,0.0399772971868515,0.0,0.0,hidden_breakaway_pin,0,379,379,hidden_breakaway_pin,1.0786867141723633,1.0786867141723633,nan,0.8340438604354858,0.0,0.5407359004020691,nan,nan,nan,phase3_12c_matched_reset_no_phase4_no_cps
proxy_state_motion_nn,0,hidden_high_friction,312003,phase312_seed_block,3,1,0.0,0.0,0.0,0,0.0,0.039683252573013306,0.0,0.0,free,0,28,28,free,0.7209728360176086,0.7209728360176086,nan,0.5610171556472778,0.0,0.3202035129070282,nan,nan,nan,phase3_12c_matched_reset_no_phase4_no_cps
proxy_state_motion_nn,0,hidden_high_friction,312003,phase312_seed_block,3,2,0.0,0.0,0.0,0,0.0,0.039581265300512314,0.0,0.0,hidden_breakaway_pin,0,31,31,hidden_breakaway_pin,0.7068240642547607,0.7068240642547607,nan,0.7424737215042114,0.0,0.3095639944076538,nan,nan,nan,phase3_12c_matched_reset_no_phase4_no_cps
proxy_state_motion_nn,0,hidden_high_friction,312003,phase312_seed_block,3,3,0.0,0.0,0.0,0,0.0,0.03962769731879234,0.0,0.0,free,0,84,84,free,0.4054309129714966,0.4054309129714966,nan,0.20702508091926575,0.0,0.12063058465719223,nan,nan,nan,phase3_12c_matched_reset_no_phase4_no_cps
proxy_state_motion_nn,0,hidden_high_friction,312003,phase312_seed_block,3,4,0.0,0.0,0.0,0,0.0,0.03488615155220032,0.0,0.0,free,0,376,376,free,0.8564273715019226,0.8564273715019226,nan,0.505864679813385,0.0,0.05626704543828964,nan,nan,nan,phase3_12c_matched_reset_no_phase4_no_cps
proxy_state_motion_nn,0,hidden_high_friction,312003,phase312_seed_block,3,5,0.0,0.0,0.0,0,0.0,0.03743741661310196,0.0,0.0,hidden_breakaway_pin,0,587,587,hidden_breakaway_pin,0.32782214879989624,0.32782214879989624,nan,0.4108136296272278,0.0,0.19144955277442932,nan,nan,nan,phase3_12c_matched_reset_no_phase4_no_cps
proxy_state_motion_nn,0,hidden_high_friction,312003,phase312_seed_block,3,6,0.0,0.0,0.0,0,0.0,0.03612970560789108,0.0,0.0,free,0,584,584,free,0.3149886131286621,0.3149886131286621,nan,0.44067689776420593,0.0,0.1897636353969574,nan,nan,nan,phase3_12c_matched_reset_no_phase4_no_cps
proxy_state_motion_nn,0,hidden_high_friction,312003,phase312_seed_block,3,7,0.0,0.0,0.0,0,0.0,0.04022667557001114,0.0,0.0,hidden_pin,0,21,21,hidden_pin,0.340013712644577,0.340013712644577,nan,0.4962083697319031,0.0,0.22810520231723785,nan,nan,nan,phase3_12c_matched_reset_no_phase4_no_cps
proxy_state_motion_nn,0,hidden_high_friction,312003,phase312_seed_block,3,8,0.0,0.0,0.0,0,0.0,0.04015457630157471,0.0,0.0,hidden_breakaway_pin,0,587,587,hidden_breakaway_pin,0.34663403034210205,0.34663403034210205,nan,0.39076006412506104,0.0,0.1903553307056427,nan,nan,nan,phase3_12c_matched_reset_no_phase4_no_cps
proxy_state_motion_nn,0,hidden_high_friction,312003,phase312_seed_block,3,9,0.0,0.0,0.0,0,0.0,0.03979157283902168,0.0,0.0,hidden_pin,0,97,97,hidden_pin,0.33870550990104675,0.33870550990104675,nan,0.22386659681797028,0.0,0.07221078127622604,nan,nan,nan,phase3_12c_matched_reset_no_phase4_no_cps
proxy_state_motion_nn,0,hidden_high_friction,312003,phase312_seed_block,3,10,0.0,0.0,0.0,0,0.0,0.04016144573688507,0.0,0.0,free,0,96,96,free,0.3429279327392578,0.3429279327392578,nan,0.28004756569862366,0.0,0.0772453173995018,nan,nan,nan,phase3_12c_matched_reset_no_phase4_no_cps
proxy_state_motion_nn,0,hidden_high_friction,312003,phase312_seed_block,3,11,0.0,0.0,0.0,0,0.0,0.03962104767560959,0.0,0.0,hidden_pin,0,97,97,hidden_pin,0.3633805215358734,0.3633805215358734,nan,0.1978234201669693,0.0,0.0744510069489479,nan,nan,nan,phase3_12c_matched_reset_no_phase4_no_cps
proxy_state_motion_nn,0,hidden_high_friction,312003,phase312_seed_block,3,12,0.0,0.0,0.0,0,0.0,0.0402168370783329,0.0,0.0,hidden_breakaway_pin,0,587,587,hidden_breakaway_pin,0.36729076504707336,0.36729076504707336,nan,0.4780150055885315,0.0,0.19306999444961548,nan,nan,nan,phase3_12c_matched_reset_no_phase4_no_cps
proxy_state_motion_nn,0,hidden_high_friction,312003,phase312_seed_block,3,13,0.0,0.0,0.0,0,0.0,0.04086069017648697,0.0,0.0,hidden_breakaway_pin,0,587,587,hidden_breakaway_pin,0.36070623993873596,0.36070623993873596,nan,0.4493575394153595,0.0,0.19496233761310577,nan,nan,nan,phase3_12c_matched_reset_no_phase4_no_cps
proxy_state_motion_nn,0,hidden_high_friction,312003,phase312_seed_block,3,14,0.0,0.0,0.0,0,0.0,0.04055142402648926,0.0,0.0,free,0,584,584,free,0.316189169883728,0.316189169883728,nan,0.3999720513820648,0.0,0.19061118364334106,nan,nan,nan,phase3_12c_matched_reset_no_phase4_no_cps
proxy_state_motion_nn,0,hidden_high_friction,312003,phase312_seed_block,3,15,0.0,0.0,0.0,0,0.0,0.040363263338804245,0.0,0.0,free,0,584,584,free,0.2933090627193451,0.2933090627193451,nan,0.3822166621685028,0.0,0.1813584268093109,nan,nan,nan,phase3_12c_matched_reset_no_phase4_no_cps
proxy_state_motion_nn,0,hidden_high_friction,312500,phase312b_seed_block,4,0,0.0,0.0,0.0,0,0.0,0.04012184962630272,0.0,0.0,hidden_breakaway_pin,0,527,527,hidden_breakaway_pin,0.4456453025341034,0.4456453025341034,nan,0.5739988684654236,0.0,0.31160828471183777,nan,nan,nan,phase3_12c_matched_reset_no_phase4_no_cps
proxy_state_motion_nn,0,hidden_high_friction,312500,phase312b_seed_block,4,1,0.0,0.0,0.0,0,0.0,0.030092893168330193,0.0,0.0,hidden_breakaway_pin,0,147,147,hidden_breakaway_pin,5.064956188201904,5.064956188201904,nan,0.601260244846344,0.0,0.36965036392211914,nan,nan,nan,phase3_12c_matched_reset_no_phase4_no_cps
proxy_state_motion_nn,0,hidden_high_friction,312500,phase312b_seed_block,4,2,0.0,0.0,0.0,0,0.0,0.028694676235318184,0.0,0.0,free,0,336,336,free,0.9468281865119934,0.9468281865119934,nan,0.5413047075271606,0.0,0.2890213131904602,nan,nan,nan,phase3_12c_matched_reset_no_phase4_no_cps
proxy_state_motion_nn,0,hidden_high_friction,312500,phase312b_seed_block,4,3,0.0,0.0,0.0,0,0.0,0.02630084753036499,0.0,0.0,free,0,336,336,free,0.7836129665374756,0.7836129665374756,nan,0.7604828476905823,0.0,0.28039979934692383,nan,nan,nan,phase3_12c_matched_reset_no_phase4_no_cps
proxy_state_motion_nn,0,hidden_high_friction,312500,phase312b_seed_block,4,4,0.0,0.0,0.0,0,0.0,0.03867174685001373,0.0,0.0,hidden_breakaway_pin,0,491,491,hidden_breakaway_pin,0.7496616244316101,0.7496616244316101,nan,0.312346875667572,0.0,0.17306819558143616,nan,nan,nan,phase3_12c_matched_reset_no_phase4_no_cps
proxy_state_motion_nn,0,hidden_high_friction,312500,phase312b_seed_block,4,5,0.0,0.0,0.0,0,0.0,0.0401957705616951,0.0,0.0,hidden_breakaway_pin,0,131,131,hidden_breakaway_pin,1.0826412439346313,1.0826412439346313,nan,0.7311386466026306,0.0,0.21145817637443542,nan,nan,nan,phase3_12c_matched_reset_no_phase4_no_cps
proxy_state_motion_nn,0,hidden_high_friction,312500,phase312b_seed_block,4,6,0.0,0.0,0.0,0,0.0,0.03920230269432068,0.0,0.0,free,0,88,88,free,0.5003800988197327,0.5003800988197327,nan,0.5346904397010803,0.0,0.2099146991968155,nan,nan,nan,phase3_12c_matched_reset_no_phase4_no_cps
proxy_state_motion_nn,0,hidden_high_friction,312500,phase312b_seed_block,4,7,0.0,0.0,0.0,0,0.0,0.03985745459794998,0.0,0.0,free,0,424,424,free,0.4268122911453247,0.4268122911453247,nan,0.7236377596855164,0.0,0.07694598287343979,nan,nan,nan,phase3_12c_matched_reset_no_phase4_no_cps
proxy_state_motion_nn,0,hidden_high_friction,312500,phase312b_seed_block,4,8,0.0,0.0,0.0,0,0.0,0.03986818343400955,0.0,0.0,hidden_breakaway_pin,0,427,427,hidden_breakaway_pin,0.4255136549472809,0.4255136549472809,nan,0.5593950152397156,0.0,0.08772263675928116,nan,nan,nan,phase3_12c_matched_reset_no_phase4_no_cps
proxy_state_motion_nn,0,hidden_high_friction,312500,phase312b_seed_block,4,9,0.0,0.0,0.0,0,0.0,0.040504273027181625,0.0,0.0,free,0,424,424,free,0.4255477786064148,0.4255477786064148,nan,0.5652970671653748,0.0,0.0805799588561058,nan,nan,nan,phase3_12c_matched_reset_no_phase4_no_cps
proxy_state_motion_nn,0,hidden_high_friction,312500,phase312b_seed_block,4,10,0.0,0.0,0.0,0,0.0,0.04069597274065018,0.0,0.0,hidden_breakaway_pin,0,427,427,hidden_breakaway_pin,0.42983976006507874,0.42983976006507874,nan,0.4549906253814697,0.0,0.07114969193935394,nan,nan,nan,phase3_12c_matched_reset_no_phase4_no_cps
proxy_state_motion_nn,0,hidden_high_friction,312500,phase312b_seed_block,4,11,0.0,0.0,0.0,0,0.0,0.0401715524494648,0.0,0.0,hidden_breakaway_pin,0,427,427,hidden_breakaway_pin,0.4309481978416443,0.4309481978416443,nan,0.4751416742801666,0.0,0.06926541775465012,nan,nan,nan,phase3_12c_matched_reset_no_phase4_no_cps
proxy_state_motion_nn,0,hidden_high_friction,312500,phase312b_seed_block,4,12,0.0,0.0,0.0,0,0.0,0.04078458249568939,0.0,0.0,hidden_breakaway_pin,0,427,427,hidden_breakaway_pin,0.43525052070617676,0.43525052070617676,nan,0.4765752851963043,0.0,0.07032348960638046,nan,nan,nan,phase3_12c_matched_reset_no_phase4_no_cps
proxy_state_motion_nn,0,hidden_high_friction,312500,phase312b_seed_block,4,13,0.0,0.0,0.0,0,0.0,0.040341056883335114,0.0,0.0,hidden_breakaway_pin,0,427,427,hidden_breakaway_pin,0.43478143215179443,0.43478143215179443,nan,0.4876633286476135,0.0,0.07069054991006851,nan,nan,nan,phase3_12c_matched_reset_no_phase4_no_cps
proxy_state_motion_nn,0,hidden_high_friction,312500,phase312b_seed_block,4,14,0.0,0.0,0.0,0,0.0,0.040292661637067795,0.0,0.0,hidden_high_friction,1,426,426,hidden_high_friction,0.43080374598503113,0.43080374598503113,nan,0.5361928939819336,0.0,0.07424397766590118,nan,nan,nan,phase3_12c_matched_reset_no_phase4_no_cps
proxy_state_motion_nn,0,hidden_high_friction,312500,phase312b_seed_block,4,15,0.0,0.0,0.0,0,0.0,0.0404190756380558,0.0,0.0,hidden_high_friction,1,426,426,hidden_high_friction,0.4317432641983032,0.4317432641983032,nan,0.5246904492378235,0.0,0.07385571300983429,nan,nan,nan,phase3_12c_matched_reset_no_phase4_no_cps
proxy_state_motion_nn,0,hidden_high_friction,312501,phase312b_seed_block,5,0,0.0,0.125,0.125,0,0.125,0.039437197148799896,0.0,0.0,free,0,220,220,free,0.3902970850467682,0.3902970850467682,nan,0.5364645719528198,0.0,0.32166779041290283,nan,nan,nan,phase3_12c_matched_reset_no_phase4_no_cps
proxy_state_motion_nn,0,hidden_high_friction,312501,phase312b_seed_block,5,1,0.125,0.125,0.0,0,0.0,0.03942853584885597,0.0,0.0,hidden_pin,0,521,521,hidden_pin,0.34031251072883606,0.34031251072883606,nan,0.5958854556083679,0.0,0.2386414259672165,nan,nan,nan,phase3_12c_matched_reset_no_phase4_no_cps
proxy_state_motion_nn,0,hidden_high_friction,312501,phase312b_seed_block,5,2,0.125,0.125,0.0,0,0.0,0.040103729814291,0.0,0.0,hidden_breakaway_pin,0,523,523,hidden_breakaway_pin,0.38291117548942566,0.38291117548942566,nan,0.48041391372680664,0.0,0.0314960815012455,nan,nan,nan,phase3_12c_matched_reset_no_phase4_no_cps
proxy_state_motion_nn,0,hidden_high_friction,312501,phase312b_seed_block,5,3,0.125,0.125,0.0,0,0.0,0.03960904851555824,0.0,0.0,free,0,324,324,free,0.34638604521751404,0.34638604521751404,nan,0.543369472026825,0.0,0.015632513910531998,nan,nan,nan,phase3_12c_matched_reset_no_phase4_no_cps
proxy_state_motion_nn,0,hidden_high_friction,312501,phase312b_seed_block,5,4,0.125,0.125,0.0,0,0.0,0.040388207882642746,0.0,0.0,hidden_breakaway_pin,0,327,327,hidden_breakaway_pin,0.3661620616912842,0.3661620616912842,nan,0.8686742782592773,0.0,0.02960287593305111,nan,nan,nan,phase3_12c_matched_reset_no_phase4_no_cps
proxy_state_motion_nn,0,hidden_high_friction,312501,phase312b_seed_block,5,5,0.125,0.125,0.0,0,0.0,0.03957165777683258,0.0,0.0,hidden_pin,0,325,325,hidden_pin,0.3465966284275055,0.3465966284275055,nan,0.9225267767906189,0.0,0.583617091178894,nan,nan,nan,phase3_12c_matched_reset_no_phase4_no_cps
proxy_state_motion_nn,0,hidden_high_friction,312501,phase312b_seed_block,5,6,0.125,0.125,0.0,0,0.0,0.03954749554395676,0.0,0.0,hidden_pin,0,325,325,hidden_pin,0.3458910286426544,0.3458910286426544,nan,0.7705190777778625,0.0,0.6061123013496399,nan,nan,nan,phase3_12c_matched_reset_no_phase4_no_cps
proxy_state_motion_nn,0,hidden_high_friction,312501,phase312b_seed_block,5,7,0.125,0.125,0.0,0,0.0,0.03922569006681442,0.0,0.0,hidden_breakaway_pin,0,327,327,hidden_breakaway_pin,0.34389764070510864,0.34389764070510864,nan,0.5159845948219299,0.0,0.06138480082154274,nan,nan,nan,phase3_12c_matched_reset_no_phase4_no_cps
proxy_state_motion_nn,0,hidden_high_friction,312501,phase312b_seed_block,5,8,0.125,0.125,0.0,0,0.0,0.03940766304731369,0.0,0.0,hidden_pin,0,325,325,hidden_pin,0.34361201524734497,0.34361201524734497,nan,0.696428120136261,0.0,0.4861546456813812,nan,nan,nan,phase3_12c_matched_reset_no_phase4_no_cps
proxy_state_motion_nn,0,hidden_high_friction,312501,phase312b_seed_block,5,9,0.125,0.125,0.0,0,0.0,0.039567068219184875,0.0,0.0,hidden_high_friction,1,326,326,hidden_high_friction,0.344303160905838,0.344303160905838,nan,0.32722532749176025,0.0,0.05790427699685097,nan,nan,nan,phase3_12c_matched_reset_no_phase4_no_cps
proxy_state_motion_nn,0,hidden_high_friction,312501,phase312b_seed_block,5,10,0.125,0.125,0.0,0,0.0,0.03986893966794014,0.0,0.0,free,0,324,324,free,0.3394380807876587,0.3394380807876587,nan,0.5693253874778748,0.0,0.04724130406975746,nan,nan,nan,phase3_12c_matched_reset_no_phase4_no_cps
proxy_state_motion_nn,0,hidden_high_friction,312501,phase312b_seed_block,5,11,0.125,0.125,0.0,0,0.0,0.04004491865634918,0.0,0.0,hidden_breakaway_pin,0,327,327,hidden_breakaway_pin,0.3381207287311554,0.3381207287311554,nan,0.7861126065254211,0.0,0.03664412349462509,nan,nan,nan,phase3_12c_matched_reset_no_phase4_no_cps
proxy_state_motion_nn,0,hidden_high_friction,312501,phase312b_seed_block,5,12,0.125,0.125,0.0,0,0.0,0.04004477709531784,0.0,0.0,hidden_pin,0,325,325,hidden_pin,0.3259291648864746,0.3259291648864746,nan,0.8910924196243286,0.0,0.5882565379142761,nan,nan,nan,phase3_12c_matched_reset_no_phase4_no_cps
proxy_state_motion_nn,0,hidden_high_friction,312501,phase312b_seed_block,5,13,0.125,0.125,0.0,0,0.0,0.039786841720342636,0.0,0.0,hidden_pin,0,325,325,hidden_pin,0.33561602234840393,0.33561602234840393,nan,0.7660132050514221,0.0,0.6075247526168823,nan,nan,nan,phase3_12c_matched_reset_no_phase4_no_cps
proxy_state_motion_nn,0,hidden_high_friction,312501,phase312b_seed_block,5,14,0.125,0.125,0.0,0,0.0,0.0397881455719471,0.0,0.0,free,0,324,324,free,0.3553782105445862,0.3553782105445862,nan,0.528242826461792,0.0,0.06271656602621078,nan,nan,nan,phase3_12c_matched_reset_no_phase4_no_cps
proxy_state_motion_nn,0,hidden_high_friction,312501,phase312b_seed_block,5,15,0.125,0.125,0.0,0,0.0,0.039315734058618546,0.0,0.0,hidden_pin,0,325,325,hidden_pin,0.32906579971313477,0.32906579971313477,nan,0.6859434843063354,0.0,0.4826989769935608,nan,nan,nan,phase3_12c_matched_reset_no_phase4_no_cps
proxy_state_motion_nn,0,hidden_high_friction,312502,phase312b_seed_block,6,0,0.0,0.0,0.0,0,0.0,0.039686769247055054,0.0,0.0,hidden_breakaway_pin,0,215,215,hidden_breakaway_pin,0.5130908489227295,0.5130908489227295,nan,0.5487594604492188,0.0,0.43045273423194885,nan,nan,nan,phase3_12c_matched_reset_no_phase4_no_cps
proxy_state_motion_nn,0,hidden_high_friction,312502,phase312b_seed_block,6,1,0.0,0.0,0.0,0,0.0,0.03979504853487015,0.0,0.0,hidden_breakaway_pin,0,679,679,hidden_breakaway_pin,0.3682616949081421,0.3682616949081421,nan,0.9151692390441895,0.0,0.24605675041675568,nan,nan,nan,phase3_12c_matched_reset_no_phase4_no_cps
proxy_state_motion_nn,0,hidden_high_friction,312502,phase312b_seed_block,6,2,0.0,0.0,0.0,0,0.0,0.039174050092697144,0.0,0.0,free,0,356,356,free,1.277171015739441,1.277171015739441,nan,0.680213987827301,0.0,0.19387416541576385,nan,nan,nan,phase3_12c_matched_reset_no_phase4_no_cps
proxy_state_motion_nn,0,hidden_high_friction,312502,phase312b_seed_block,6,3,0.0,0.0,0.0,0,0.0,0.039496589452028275,0.0,0.0,hidden_breakaway_pin,0,91,91,hidden_breakaway_pin,0.5348889231681824,0.5348889231681824,nan,0.6808683276176453,0.0,0.06095104292035103,nan,nan,nan,phase3_12c_matched_reset_no_phase4_no_cps
proxy_state_motion_nn,0,hidden_high_friction,312502,phase312b_seed_block,6,4,0.0,0.0,0.0,0,0.0,0.03926607221364975,0.0,0.0,free,0,300,300,free,0.482856810092926,0.482856810092926,nan,0.4319629371166229,0.0,0.021502075716853142,nan,nan,nan,phase3_12c_matched_reset_no_phase4_no_cps
proxy_state_motion_nn,0,hidden_high_friction,312502,phase312b_seed_block,6,5,0.0,0.0,0.0,0,0.0,0.0399145632982254,0.0,0.0,hidden_breakaway_pin,0,303,303,hidden_breakaway_pin,0.48217716813087463,0.48217716813087463,nan,0.5497276782989502,0.0,0.05284572020173073,nan,nan,nan,phase3_12c_matched_reset_no_phase4_no_cps
proxy_state_motion_nn,0,hidden_high_friction,312502,phase312b_seed_block,6,6,0.0,0.0,0.0,0,0.0,0.039823926985263824,0.0,0.0,hidden_breakaway_pin,0,303,303,hidden_breakaway_pin,0.4832381308078766,0.4832381308078766,nan,0.7012256979942322,0.0,0.061427827924489975,nan,nan,nan,phase3_12c_matched_reset_no_phase4_no_cps
proxy_state_motion_nn,0,hidden_high_friction,312502,phase312b_seed_block,6,7,0.0,0.0,0.0,0,0.0,0.04040231183171272,0.0,0.0,hidden_high_friction,1,302,302,hidden_high_friction,0.48428279161453247,0.48428279161453247,nan,0.9119482636451721,0.0,0.04719952493906021,nan,nan,nan,phase3_12c_matched_reset_no_phase4_no_cps
proxy_state_motion_nn,0,hidden_high_friction,312502,phase312b_seed_block,6,8,0.0,0.0,0.0,0,0.0,0.04047468677163124,0.0,0.0,free,0,300,300,free,0.48118793964385986,0.48118793964385986,nan,0.5260924696922302,0.0,0.017567651346325874,nan,nan,nan,phase3_12c_matched_reset_no_phase4_no_cps
proxy_state_motion_nn,0,hidden_high_friction,312502,phase312b_seed_block,6,9,0.0,0.0,0.0,0,0.0,0.03997598588466644,0.0,0.0,hidden_breakaway_pin,0,99,99,hidden_breakaway_pin,0.47939392924308777,0.47939392924308777,nan,0.36994534730911255,0.0,0.09950010478496552,nan,nan,nan,phase3_12c_matched_reset_no_phase4_no_cps
proxy_state_motion_nn,0,hidden_high_friction,312502,phase312b_seed_block,6,10,0.0,0.0,0.0,0,0.0,0.04045312851667404,0.0,0.0,hidden_breakaway_pin,0,99,99,hidden_breakaway_pin,0.4936281144618988,0.4936281144618988,nan,0.37437134981155396,0.0,0.0974595695734024,nan,nan,nan,phase3_12c_matched_reset_no_phase4_no_cps
proxy_state_motion_nn,0,hidden_high_friction,312502,phase312b_seed_block,6,11,0.0,0.0,0.0,0,0.0,0.04026544839143753,0.0,0.0,free,0,300,300,free,0.4921662211418152,0.4921662211418152,nan,0.45438697934150696,0.0,0.022240502759814262,nan,nan,nan,phase3_12c_matched_reset_no_phase4_no_cps
proxy_state_motion_nn,0,hidden_high_friction,312502,phase312b_seed_block,6,12,0.0,0.0,0.0,0,0.0,0.04013488441705704,0.0,0.0,hidden_pin,0,13,13,hidden_pin,0.49443691968917847,0.49443691968917847,nan,0.2633398771286011,0.0,0.1873452216386795,nan,nan,nan,phase3_12c_matched_reset_no_phase4_no_cps
proxy_state_motion_nn,0,hidden_high_friction,312502,phase312b_seed_block,6,13,0.0,0.0,0.0,0,0.0,0.04010508581995964,0.0,0.0,hidden_high_friction,1,74,74,hidden_high_friction,0.5167949795722961,0.5167949795722961,nan,0.33234989643096924,0.0,0.08391183614730835,nan,nan,nan,phase3_12c_matched_reset_no_phase4_no_cps
proxy_state_motion_nn,0,hidden_high_friction,312502,phase312b_seed_block,6,14,0.0,0.0,0.0,0,0.0,0.03938499838113785,0.0,0.0,free,0,356,356,free,0.7639236450195312,0.7639236450195312,nan,0.8519957661628723,0.0,0.12484870105981827,nan,nan,nan,phase3_12c_matched_reset_no_phase4_no_cps
proxy_state_motion_nn,0,hidden_high_friction,312502,phase312b_seed_block,6,15,0.0,0.0,0.0,0,0.0,0.037835560739040375,0.0,0.0,free,0,0,0,free,1.8449079990386963,1.8449079990386963,nan,0.47990599274635315,0.0,0.044707849621772766,nan,nan,nan,phase3_12c_matched_reset_no_phase4_no_cps
proxy_state_motion_nn,0,hidden_high_friction,312503,phase312b_seed_block,7,0,0.0,0.0,0.0,0,0.0,0.03982853516936302,0.0,0.0,hidden_pin,0,525,525,hidden_pin,0.4004690945148468,0.4004690945148468,nan,0.6332473158836365,0.0,0.32672518491744995,nan,nan,nan,phase3_12c_matched_reset_no_phase4_no_cps
proxy_state_motion_nn,0,hidden_high_friction,312503,phase312b_seed_block,7,1,0.0,0.0,0.0,0,0.0,0.031512029469013214,0.0,0.0,free,0,0,0,free,2.533221483230591,2.533221483230591,nan,0.5223466157913208,0.0,0.20167888700962067,nan,nan,nan,phase3_12c_matched_reset_no_phase4_no_cps
proxy_state_motion_nn,0,hidden_high_friction,312503,phase312b_seed_block,7,2,0.0,0.0,0.0,0,0.0,0.03150847554206848,0.0,0.0,hidden_pin,0,357,357,hidden_pin,1.5874531269073486,1.5874531269073486,nan,0.9325695633888245,0.0,0.4033547341823578,nan,nan,nan,phase3_12c_matched_reset_no_phase4_no_cps
proxy_state_motion_nn,0,hidden_high_friction,312503,phase312b_seed_block,7,3,0.0,0.0,0.0,0,0.0,0.03001985140144825,0.0,0.0,hidden_breakaway_pin,0,279,279,hidden_breakaway_pin,1.0869605541229248,1.0869605541229248,nan,0.7212262749671936,0.0,0.32432618737220764,nan,nan,nan,phase3_12c_matched_reset_no_phase4_no_cps
proxy_state_motion_nn,0,hidden_high_friction,312503,phase312b_seed_block,7,4,0.0,0.0,0.0,0,0.0,0.036170266568660736,0.0,0.0,hidden_pin,0,577,577,hidden_pin,0.6563613414764404,0.6563613414764404,nan,0.6853876113891602,0.0,0.3524429202079773,nan,nan,nan,phase3_12c_matched_reset_no_phase4_no_cps
proxy_state_motion_nn,0,hidden_high_friction,312503,phase312b_seed_block,7,5,0.0,0.16666666666666666,0.16666666666666666,0,0.16666666666666666,0.03680097684264183,0.0,0.0,free,0,584,584,free,0.531438410282135,0.531438410282135,nan,0.7502054572105408,0.0,0.33268770575523376,nan,nan,nan,phase3_12c_matched_reset_no_phase4_no_cps
proxy_state_motion_nn,0,hidden_high_friction,312503,phase312b_seed_block,7,6,0.16666666666666666,0.16666666666666666,0.0,0,0.0,0.03954683244228363,0.0,0.0,free,0,4,4,free,0.8904274702072144,0.8904274702072144,nan,0.5036994218826294,0.0,0.03390859067440033,nan,nan,nan,phase3_12c_matched_reset_no_phase4_no_cps
proxy_state_motion_nn,0,hidden_high_friction,312503,phase312b_seed_block,7,7,0.16666666666666666,0.16666666666666666,0.0,0,0.0,0.03990040346980095,0.0,0.0,free,0,4,4,free,0.8175427913665771,0.8175427913665771,nan,0.5239608883857727,0.0,0.05114520713686943,nan,nan,nan,phase3_12c_matched_reset_no_phase4_no_cps
proxy_state_motion_nn,0,hidden_high_friction,312503,phase312b_seed_block,7,8,0.16666666666666666,0.125,-0.04166666666666666,0,-0.04166666666666666,0.039887454360723495,0.0,0.0,hidden_breakaway_pin,0,383,383,hidden_breakaway_pin,0.3730160892009735,0.3730160892009735,nan,0.5007124543190002,0.0,0.18943654000759125,nan,nan,nan,phase3_12c_matched_reset_no_phase4_no_cps
proxy_state_motion_nn,0,hidden_high_friction,312503,phase312b_seed_block,7,9,0.125,0.125,0.0,0,0.0,0.03989482671022415,0.0,0.0,free,0,356,356,free,0.7346432209014893,0.7346432209014893,nan,0.7102453708648682,0.0,0.2184031456708908,nan,nan,nan,phase3_12c_matched_reset_no_phase4_no_cps
proxy_state_motion_nn,0,hidden_high_friction,312503,phase312b_seed_block,7,10,0.125,0.125,0.0,0,0.0,0.039555974304676056,0.0,0.0,hidden_breakaway_pin,0,623,623,hidden_breakaway_pin,0.39995142817497253,0.39995142817497253,nan,0.5053359270095825,0.0,0.20526692271232605,nan,nan,nan,phase3_12c_matched_reset_no_phase4_no_cps
proxy_state_motion_nn,0,hidden_high_friction,312503,phase312b_seed_block,7,11,0.125,0.125,0.0,0,0.0,0.03923407942056656,0.0,0.0,hidden_pin,0,205,205,hidden_pin,0.4244089424610138,0.4244089424610138,nan,0.4673934280872345,0.0,0.20470455288887024,nan,nan,nan,phase3_12c_matched_reset_no_phase4_no_cps
proxy_state_motion_nn,0,hidden_high_friction,312503,phase312b_seed_block,7,12,0.125,0.125,0.0,0,0.0,0.0399027094244957,0.0,0.0,hidden_pin,0,57,57,hidden_pin,0.5342122316360474,0.5342122316360474,nan,0.4653535485267639,0.0,0.19299617409706116,nan,nan,nan,phase3_12c_matched_reset_no_phase4_no_cps
proxy_state_motion_nn,0,hidden_high_friction,312503,phase312b_seed_block,7,13,0.125,0.125,0.0,0,0.0,0.039825163781642914,0.0,0.0,hidden_breakaway_pin,0,207,207,hidden_breakaway_pin,0.3599051833152771,0.3599051833152771,nan,0.4551624357700348,0.0,0.18474642932415009,nan,nan,nan,phase3_12c_matched_reset_no_phase4_no_cps
proxy_state_motion_nn,0,hidden_high_friction,312503,phase312b_seed_block,7,14,0.125,0.125,0.0,0,0.0,0.040019918233156204,0.0,0.0,hidden_breakaway_pin,0,23,23,hidden_breakaway_pin,0.4605678915977478,0.4605678915977478,nan,0.5890253186225891,0.0,0.1297469139099121,nan,nan,nan,phase3_12c_matched_reset_no_phase4_no_cps
proxy_state_motion_nn,0,hidden_high_friction,312503,phase312b_seed_block,7,15,0.125,0.125,0.0,0,0.0,0.03939300775527954,0.0,0.0,hidden_pin,0,473,473,hidden_pin,0.7256025671958923,0.7256025671958923,nan,0.42496275901794434,0.0,0.17754216492176056,nan,nan,nan,phase3_12c_matched_reset_no_phase4_no_cps
proxy_combined_topk_action_geom,0,free,312000,phase312_seed_block,0,0,0.375,0.375,0.0,0,0.0,0.04005258530378342,0.0,0.0,hidden_breakaway_pin,0,119,119,hidden_breakaway_pin,0.12723903357982635,0.12723903357982635,0.2799519684165716,0.44336017966270447,0.0,0.29165810346603394,0.2555699348449707,0.003508142661303282,0.009346808306872845,phase3_12c_matched_reset_no_phase4_no_cps
proxy_combined_topk_action_geom,0,free,312000,phase312_seed_block,0,1,0.375,0.08333333333333333,-0.2916666666666667,0,-0.2916666666666667,0.04011230915784836,0.0,0.0,hidden_pin,0,757,757,hidden_pin,1.3436634540557861,1.3436634540557861,1.4988352827727796,0.41854554414749146,0.0,0.281764954328537,0.2538066804409027,0.009118362329900265,0.02671041153371334,phase3_12c_matched_reset_no_phase4_no_cps
proxy_combined_topk_action_geom,0,free,312000,phase312_seed_block,0,2,0.08333333333333333,0.08333333333333333,0.0,0,0.0,0.03960642218589783,0.0,0.0,hidden_breakaway_pin,0,751,751,hidden_breakaway_pin,0.7809159755706787,0.7809159755706787,0.9585742935538292,0.3725396990776062,0.0,0.13754276931285858,0.17482727766036987,0.011802086606621742,0.024320563301444054,phase3_12c_matched_reset_no_phase4_no_cps
proxy_combined_topk_action_geom,0,free,312000,phase312_seed_block,0,3,0.08333333333333333,0.08333333333333333,0.0,0,0.0,0.03976210951805115,0.0,0.0,hidden_high_friction,0,754,754,hidden_high_friction,0.6182408928871155,0.6182408928871155,0.7948255628347397,0.42963555455207825,0.0,0.13666152954101562,0.0893135517835617,0.004360845312476158,0.01192999817430973,phase3_12c_matched_reset_no_phase4_no_cps
proxy_combined_topk_action_geom,0,free,312000,phase312_seed_block,0,4,0.08333333333333333,0.08333333333333333,0.0,0,0.0,0.04039155691862106,0.0,0.0,hidden_pin,0,761,761,hidden_pin,0.6277399063110352,0.6277399063110352,0.8210060022771358,0.46288663148880005,0.0,0.29511335492134094,0.24947009980678558,0.008136647753417492,0.01808510720729828,phase3_12c_matched_reset_no_phase4_no_cps
proxy_combined_topk_action_geom,0,free,312000,phase312_seed_block,0,5,0.08333333333333333,0.08333333333333333,0.0,0,0.0,0.04047032818198204,0.0,0.0,hidden_pin,0,761,761,hidden_pin,0.7134465575218201,0.7134465575218201,0.8565024465322495,0.4002314507961273,0.0,0.2729479968547821,0.24947009980678558,0.00901634432375431,0.02131747640669346,phase3_12c_matched_reset_no_phase4_no_cps
proxy_combined_topk_action_geom,0,free,312000,phase312_seed_block,0,6,0.08333333333333333,0.08333333333333333,0.0,0,0.0,0.040338899940252304,0.0,0.0,hidden_pin,0,761,761,hidden_pin,0.7504867911338806,0.7504867911338806,0.8853893093764782,0.4056549072265625,0.0,0.268223375082016,0.24947009980678558,0.009136932902038097,0.02098526433110237,phase3_12c_matched_reset_no_phase4_no_cps
proxy_combined_topk_action_geom,0,free,312000,phase312_seed_block,0,7,0.08333333333333333,0.08333333333333333,0.0,0,0.0,0.039721179753541946,0.0,0.0,hidden_pin,0,761,761,hidden_pin,0.8053613901138306,0.8053613901138306,0.953206242620945,0.4086453318595886,0.0,0.27277523279190063,0.24947009980678558,0.009984446689486504,0.023112112656235695,phase3_12c_matched_reset_no_phase4_no_cps
proxy_combined_topk_action_geom,0,free,312000,phase312_seed_block,0,8,0.08333333333333333,0.125,0.04166666666666667,0,0.04166666666666667,0.04076242819428444,0.0,0.0,hidden_pin,0,761,761,hidden_pin,0.8024385571479797,0.8024385571479797,0.9631058029830456,0.42105337977409363,0.0,0.2782455384731293,0.24947009980678558,0.009989590384066105,0.023909367620944977,phase3_12c_matched_reset_no_phase4_no_cps
proxy_combined_topk_action_geom,0,free,312000,phase312_seed_block,0,9,0.125,0.125,0.0,0,0.0,0.0402783639729023,0.0,0.0,hidden_pin,0,761,761,hidden_pin,0.8155087828636169,0.8155087828636169,0.9773556239902973,0.42508476972579956,0.0,0.27827391028404236,0.24947009980678558,0.010119126178324223,0.0242097619920969,phase3_12c_matched_reset_no_phase4_no_cps
proxy_combined_topk_action_geom,0,free,312000,phase312_seed_block,0,10,0.125,0.0,-0.125,0,-0.125,0.040158022195100784,0.0,0.0,hidden_pin,0,761,761,hidden_pin,0.8238504528999329,0.8238504528999329,0.9898269660770893,0.4296773672103882,0.0,0.279695063829422,0.24947009980678558,0.010268745012581348,0.024697843939065933,phase3_12c_matched_reset_no_phase4_no_cps
proxy_combined_topk_action_geom,0,free,312000,phase312_seed_block,0,11,0.0,0.0,0.0,0,0.0,0.03569525107741356,0.0,0.0,hidden_breakaway_pin,0,755,755,hidden_breakaway_pin,1.346461296081543,1.346461296081543,1.4461187744885682,0.3781442642211914,0.0,0.07578196376562119,0.06660914421081543,0.004038531798869371,0.008173719048500061,phase3_12c_matched_reset_no_phase4_no_cps
proxy_combined_topk_action_geom,0,free,312000,phase312_seed_block,0,12,0.0,0.0,0.0,0,0.0,0.0352136492729187,0.0,0.0,hidden_breakaway_pin,0,111,111,hidden_breakaway_pin,0.7031365633010864,0.7031365633010864,0.855839063078165,0.19513602554798126,0.0,0.03325428068637848,0.04177044704556465,0.003227081149816513,0.007207948248833418,phase3_12c_matched_reset_no_phase4_no_cps
proxy_combined_topk_action_geom,0,free,312000,phase312_seed_block,0,13,0.0,0.0,0.0,0,0.0,0.03517796844244003,0.0,0.0,free,1,112,112,free,0.47740256786346436,0.47740256786346436,0.5920984581485391,0.1626369208097458,0.0,0.05717356503009796,0.03837202116847038,0.001761098625138402,0.004173220135271549,phase3_12c_matched_reset_no_phase4_no_cps
proxy_combined_topk_action_geom,0,free,312000,phase312_seed_block,0,14,0.0,0.0,0.0,0,0.0,0.03964950516819954,0.0,0.0,hidden_breakaway_pin,0,115,115,hidden_breakaway_pin,0.48213523626327515,0.48213523626327515,0.5944612570479513,0.14147183299064636,0.0,0.04314203932881355,0.04748205840587616,0.002177321584895253,0.004814728628844023,phase3_12c_matched_reset_no_phase4_no_cps
proxy_combined_topk_action_geom,0,free,312000,phase312_seed_block,0,15,0.0,0.0,0.0,0,0.0,0.04017342999577522,0.0,0.0,free,1,112,112,free,0.48875346779823303,0.48875346779823303,0.6089551659673452,0.1529819816350937,0.0,0.0675509050488472,0.03837202116847038,0.0034996108151972294,0.00692198658362031,phase3_12c_matched_reset_no_phase4_no_cps
proxy_combined_topk_action_geom,0,free,312001,phase312_seed_block,1,0,0.0,0.125,0.125,0,0.125,0.04025295376777649,0.0,0.0,hidden_breakaway_pin,0,631,631,hidden_breakaway_pin,0.13958394527435303,0.13958394527435303,0.3707328293472528,0.7127060890197754,0.0,0.46414458751678467,0.5154398679733276,0.005413102451711893,0.016029246151447296,phase3_12c_matched_reset_no_phase4_no_cps
proxy_combined_topk_action_geom,0,free,312001,phase312_seed_block,1,1,0.125,0.125,0.0,0,0.0,0.03665512055158615,0.0,0.0,hidden_breakaway_pin,0,31,31,hidden_breakaway_pin,1.2602059841156006,1.2602059841156006,1.412197047472,0.6234902739524841,0.0,0.326312780380249,0.30264002084732056,0.0027805007994174957,0.0054647731594741344,phase3_12c_matched_reset_no_phase4_no_cps
proxy_combined_topk_action_geom,0,free,312001,phase312_seed_block,1,2,0.125,0.125,0.0,0,0.0,0.03814796358346939,0.0,0.0,hidden_pin,0,69,69,hidden_pin,1.1031967401504517,1.1031967401504517,1.2276250660419463,0.38141778111457825,0.0,0.2914527952671051,0.2790546715259552,0.010604852810502052,0.020666098222136497,phase3_12c_matched_reset_no_phase4_no_cps
proxy_combined_topk_action_geom,0,free,312001,phase312_seed_block,1,3,0.125,0.125,0.0,0,0.0,0.03830209746956825,0.0,0.0,hidden_high_friction,0,102,102,hidden_high_friction,1.0125550031661987,1.0125550031661987,1.1086313553154468,0.38713476061820984,0.0,0.19704630970954895,0.1954975426197052,0.008727150969207287,0.017784178256988525,phase3_12c_matched_reset_no_phase4_no_cps
proxy_combined_topk_action_geom,0,free,312001,phase312_seed_block,1,4,0.125,0.125,0.0,0,0.0,0.040389303117990494,0.0,0.0,hidden_breakaway_pin,0,763,763,hidden_breakaway_pin,0.6938269138336182,0.6938269138336182,0.8752238629758359,0.29813241958618164,0.0,0.07462192326784134,0.027666477486491203,0.0080025102943182,0.017158636823296547,phase3_12c_matched_reset_no_phase4_no_cps
proxy_combined_topk_action_geom,0,free,312001,phase312_seed_block,1,5,0.125,0.125,0.0,0,0.0,0.040313925594091415,0.0,0.0,hidden_breakaway_pin,0,115,115,hidden_breakaway_pin,0.5423439145088196,0.5423439145088196,0.6698134383559228,0.16216640174388885,0.0,0.07189786434173584,0.04748205840587616,0.009527170099318027,0.019173093140125275,phase3_12c_matched_reset_no_phase4_no_cps
proxy_combined_topk_action_geom,0,free,312001,phase312_seed_block,1,6,0.125,0.125,0.0,0,0.0,0.03966382518410683,0.0,0.0,hidden_pin,0,761,761,hidden_pin,0.4486217200756073,0.4486217200756073,0.5700659357011318,0.4281467795372009,0.0,0.2654353976249695,0.24947009980678558,0.006322900764644146,0.016075260937213898,phase3_12c_matched_reset_no_phase4_no_cps
proxy_combined_topk_action_geom,0,free,312001,phase312_seed_block,1,7,0.125,0.125,0.0,0,0.0,0.04072355851531029,0.0,0.0,hidden_pin,0,761,761,hidden_pin,0.5949352383613586,0.5949352383613586,0.6954194732010365,0.4160449504852295,0.0,0.25169751048088074,0.24947009980678558,0.00840566772967577,0.018761152401566505,phase3_12c_matched_reset_no_phase4_no_cps
proxy_combined_topk_action_geom,0,free,312001,phase312_seed_block,1,8,0.125,0.125,0.0,0,0.0,0.040181901305913925,0.0,0.0,hidden_pin,0,761,761,hidden_pin,0.6361020803451538,0.6361020803451538,0.7516214638948441,0.4338566064834595,0.0,0.25752148032188416,0.24947009980678558,0.008584532886743546,0.019970811903476715,phase3_12c_matched_reset_no_phase4_no_cps
proxy_combined_topk_action_geom,0,free,312001,phase312_seed_block,1,9,0.125,0.125,0.0,0,0.0,0.04023575037717819,0.0,0.0,hidden_pin,0,761,761,hidden_pin,0.7304208278656006,0.7304208278656006,0.8420212171971798,0.41688835620880127,0.0,0.2535751163959503,0.24947009980678558,0.010214275680482388,0.022655127570033073,phase3_12c_matched_reset_no_phase4_no_cps
proxy_combined_topk_action_geom,0,free,312001,phase312_seed_block,1,10,0.125,0.125,0.0,0,0.0,0.04028381034731865,0.0,0.0,hidden_pin,0,761,761,hidden_pin,0.7271735072135925,0.7271735072135925,0.8464926548302174,0.42506900429725647,0.0,0.25645533204078674,0.24947009980678558,0.01039708312600851,0.02334822341799736,phase3_12c_matched_reset_no_phase4_no_cps
proxy_combined_topk_action_geom,0,free,312001,phase312_seed_block,1,11,0.125,0.125,0.0,0,0.0,0.039922747761011124,0.0,0.0,hidden_pin,0,761,761,hidden_pin,0.7293448448181152,0.7293448448181152,0.8526583530008793,0.4285321831703186,0.0,0.25770464539527893,0.24947009980678558,0.010641147382557392,0.023968258872628212,phase3_12c_matched_reset_no_phase4_no_cps
proxy_combined_topk_action_geom,0,free,312001,phase312_seed_block,1,12,0.125,0.125,0.0,0,0.0,0.04031248390674591,0.0,0.0,hidden_pin,0,761,761,hidden_pin,0.7362169623374939,0.7362169623374939,0.8666467785835266,0.437356561422348,0.0,0.26056498289108276,0.24947009980678558,0.010659141466021538,0.024351097643375397,phase3_12c_matched_reset_no_phase4_no_cps
proxy_combined_topk_action_geom,0,free,312001,phase312_seed_block,1,13,0.125,0.125,0.0,0,0.0,0.03974359482526779,0.0,0.0,hidden_pin,0,761,761,hidden_pin,0.7429571747779846,0.7429571747779846,0.8760818012058735,0.440348356962204,0.0,0.26138776540756226,0.24947009980678558,0.010809260420501232,0.024797631427645683,phase3_12c_matched_reset_no_phase4_no_cps
proxy_combined_topk_action_geom,0,free,312001,phase312_seed_block,1,14,0.125,0.125,0.0,0,0.0,0.04025395214557648,0.0,0.0,hidden_pin,0,761,761,hidden_pin,0.7512396574020386,0.7512396574020386,0.8855137884616852,0.4413464069366455,0.0,0.26167166233062744,0.24947009980678558,0.010917261242866516,0.02504301816225052,phase3_12c_matched_reset_no_phase4_no_cps
proxy_combined_topk_action_geom,0,free,312001,phase312_seed_block,1,15,0.125,0.125,0.0,0,0.0,0.04072098806500435,0.0,0.0,hidden_pin,0,761,761,hidden_pin,0.754149854183197,0.754149854183197,0.8894830211997032,0.4413912296295166,0.0,0.26205548644065857,0.24947009980678558,0.010988427326083183,0.025180209428071976,phase3_12c_matched_reset_no_phase4_no_cps
proxy_combined_topk_action_geom,0,free,312002,phase312_seed_block,2,0,0.0,0.0,0.0,0,0.0,0.0403023324906826,0.0,0.0,hidden_breakaway_pin,0,483,483,hidden_breakaway_pin,0.2705932855606079,0.2705932855606079,0.38985818475484846,0.5126442909240723,0.0,0.28071051836013794,0.28168347477912903,0.010105585679411888,0.029349027201533318,phase3_12c_matched_reset_no_phase4_no_cps
proxy_combined_topk_action_geom,0,free,312002,phase312_seed_block,2,1,0.0,0.0,0.0,0,0.0,0.04022601619362831,0.0,0.0,hidden_high_friction,0,606,606,hidden_high_friction,0.8669449090957642,0.8669449090957642,1.0203535421192647,0.4789886474609375,0.0,0.053092554211616516,0.055145587772130966,0.005909844301640987,0.01090241502970457,phase3_12c_matched_reset_no_phase4_no_cps
proxy_combined_topk_action_geom,0,free,312002,phase312_seed_block,2,2,0.0,0.0,0.0,0,0.0,0.04045281559228897,0.0,0.0,hidden_high_friction,0,606,606,hidden_high_friction,0.5640487670898438,0.5640487670898438,0.6919857316091657,0.42636263370513916,0.0,0.07583296298980713,0.055145587772130966,0.003568436251953244,0.011310160160064697,phase3_12c_matched_reset_no_phase4_no_cps
proxy_combined_topk_action_geom,0,free,312002,phase312_seed_block,2,3,0.0,0.0,0.0,0,0.0,0.040312640368938446,0.0,0.0,hidden_pin,0,609,609,hidden_pin,0.4117945432662964,0.4117945432662964,0.5602466285228729,0.6675593852996826,0.0,0.4968754053115845,0.4827934503555298,0.005038566887378693,0.011115958914160728,phase3_12c_matched_reset_no_phase4_no_cps
proxy_combined_topk_action_geom,0,free,312002,phase312_seed_block,2,4,0.0,0.0,0.0,0,0.0,0.04020174965262413,0.0,0.0,hidden_high_friction,0,422,422,hidden_high_friction,1.0233570337295532,1.0233570337295532,1.1828083875030277,0.4817204773426056,0.0,0.07102138549089432,0.05002646893262863,0.0068115550093352795,0.019355105236172676,phase3_12c_matched_reset_no_phase4_no_cps
proxy_combined_topk_action_geom,0,free,312002,phase312_seed_block,2,5,0.0,0.0,0.0,0,0.0,0.039608921855688095,0.0,0.0,hidden_breakaway_pin,0,423,423,hidden_breakaway_pin,0.5610705614089966,0.5610705614089966,0.7596696919202804,0.3624144494533539,0.0,0.030884157866239548,0.04189469292759895,0.005996052175760269,0.01232689805328846,phase3_12c_matched_reset_no_phase4_no_cps
proxy_combined_topk_action_geom,0,free,312002,phase312_seed_block,2,6,0.0,0.0,0.0,0,0.0,0.04073901101946831,0.0,0.0,hidden_high_friction,0,610,610,hidden_high_friction,0.6207832098007202,0.6207832098007202,0.7535323279350996,0.2377563863992691,0.0,0.05149363353848457,0.04478893056511879,0.00666588032618165,0.015205299481749535,phase3_12c_matched_reset_no_phase4_no_cps
proxy_combined_topk_action_geom,0,free,312002,phase312_seed_block,2,7,0.0,0.0,0.0,0,0.0,0.040218643844127655,0.0,0.0,hidden_pin,0,325,325,hidden_pin,0.41772696375846863,0.41772696375846863,0.5646508980542422,0.7171325087547302,0.0,0.5356370806694031,0.5260486602783203,0.005044304300099611,0.009295569732785225,phase3_12c_matched_reset_no_phase4_no_cps
proxy_combined_topk_action_geom,0,free,312002,phase312_seed_block,2,8,0.0,0.0,0.0,0,0.0,0.04023284837603569,0.0,0.0,hidden_pin,0,185,185,hidden_pin,1.1172940731048584,1.1172940731048584,1.2326845563948154,0.4867860674858093,0.0,0.2608194947242737,0.25663602352142334,0.008501407690346241,0.018457889556884766,phase3_12c_matched_reset_no_phase4_no_cps
proxy_combined_topk_action_geom,0,free,312002,phase312_seed_block,2,9,0.0,0.0,0.0,0,0.0,0.03989165648818016,0.0,0.0,free,1,320,320,free,0.8205713629722595,0.8205713629722595,1.0326139113306998,0.5277015566825867,0.0,0.04251156002283096,0.03222856670618057,0.009336112067103386,0.025095155462622643,phase3_12c_matched_reset_no_phase4_no_cps
proxy_combined_topk_action_geom,0,free,312002,phase312_seed_block,2,10,0.0,0.0,0.0,0,0.0,0.039204444736242294,0.0,0.0,hidden_pin,0,741,741,hidden_pin,0.5983000993728638,0.5983000993728638,0.8409103944897651,0.7216967940330505,0.0,0.561943531036377,0.6122847199440002,0.008418349549174309,0.01908136159181595,phase3_12c_matched_reset_no_phase4_no_cps
proxy_combined_topk_action_geom,0,free,312002,phase312_seed_block,2,11,0.0,0.16666666666666666,0.16666666666666666,0,0.16666666666666666,0.03957724571228027,0.0,0.0,hidden_high_friction,0,322,322,hidden_high_friction,1.179002046585083,1.179002046585083,1.3593076130747794,0.28063416481018066,0.0,0.0459115244448185,0.05852759629487991,0.01120033673942089,0.022417495027184486,phase3_12c_matched_reset_no_phase4_no_cps
proxy_combined_topk_action_geom,0,free,312002,phase312_seed_block,2,12,0.16666666666666666,0.16666666666666666,0.0,0,0.0,0.03951941058039665,0.0,0.0,hidden_pin,0,165,165,hidden_pin,0.5958488583564758,0.5958488583564758,0.6986956130713224,0.528242290019989,0.0,0.10864077508449554,0.10418421775102615,0.0036743241362273693,0.008186250925064087,phase3_12c_matched_reset_no_phase4_no_cps
proxy_combined_topk_action_geom,0,free,312002,phase312_seed_block,2,13,0.16666666666666666,0.16666666666666666,0.0,0,0.0,0.04003998637199402,0.0,0.0,hidden_pin,0,741,741,hidden_pin,0.5957353711128235,0.5957353711128235,0.7618337456136942,0.7607555985450745,0.0,0.6018733382225037,0.6122847199440002,0.007790567819029093,0.01684074103832245,phase3_12c_matched_reset_no_phase4_no_cps
proxy_combined_topk_action_geom,0,free,312002,phase312_seed_block,2,14,0.16666666666666666,0.16666666666666666,0.0,0,0.0,0.040784742683172226,0.0,0.0,hidden_high_friction,0,322,322,hidden_high_friction,1.1872801780700684,1.1872801780700684,1.2950865967571734,0.24097445607185364,0.0,0.06285308301448822,0.05852759629487991,0.00717886071652174,0.015339728444814682,phase3_12c_matched_reset_no_phase4_no_cps
proxy_combined_topk_action_geom,0,free,312002,phase312_seed_block,2,15,0.16666666666666666,0.16666666666666666,0.0,0,0.0,0.04050523787736893,0.0,0.0,hidden_high_friction,0,742,742,hidden_high_friction,0.5593843460083008,0.5593843460083008,0.759621956050396,0.3880550265312195,0.0,0.07021845877170563,0.03171461448073387,0.011364646255970001,0.02128349058330059,phase3_12c_matched_reset_no_phase4_no_cps
proxy_combined_topk_action_geom,0,free,312003,phase312_seed_block,3,0,0.0,0.08333333333333333,0.08333333333333333,0,0.08333333333333333,0.040091730654239655,0.0,0.0,free,1,76,76,free,0.2621506154537201,0.2621506154537201,0.4020114211365581,0.6792688965797424,0.0,0.518372654914856,0.5314504504203796,0.0029537200462073088,0.007777239661663771,phase3_12c_matched_reset_no_phase4_no_cps
proxy_combined_topk_action_geom,0,free,312003,phase312_seed_block,3,1,0.08333333333333333,0.08333333333333333,0.0,0,0.0,0.03991159051656723,0.0,0.0,hidden_breakaway_pin,0,31,31,hidden_breakaway_pin,1.2880209684371948,1.2880209684371948,1.5036486461758614,0.5852103233337402,0.0,0.25865229964256287,0.30264002084732056,0.00996767170727253,0.02735872194170952,phase3_12c_matched_reset_no_phase4_no_cps
proxy_combined_topk_action_geom,0,free,312003,phase312_seed_block,3,2,0.08333333333333333,0.08333333333333333,0.0,0,0.0,0.0402197428047657,0.0,0.0,free,1,700,700,free,1.2365679740905762,1.2365679740905762,1.3720577582716942,0.26664167642593384,0.0,0.09007835388183594,0.054469626396894455,0.006069019436836243,0.01590006984770298,phase3_12c_matched_reset_no_phase4_no_cps
proxy_combined_topk_action_geom,0,free,312003,phase312_seed_block,3,3,0.08333333333333333,0.041666666666666664,-0.041666666666666664,0,-0.041666666666666664,0.04009190946817398,0.0,0.0,hidden_high_friction,0,610,610,hidden_high_friction,0.8363296985626221,0.8363296985626221,0.949242964796722,0.22542676329612732,0.0,0.05662049353122711,0.04478893056511879,0.0021692782174795866,0.004653691314160824,phase3_12c_matched_reset_no_phase4_no_cps
proxy_combined_topk_action_geom,0,free,312003,phase312_seed_block,3,4,0.041666666666666664,0.041666666666666664,0.0,0,0.0,0.03968968987464905,0.0,0.0,hidden_high_friction,0,302,302,hidden_high_friction,0.43189045786857605,0.43189045786857605,0.6196266111359,0.5781825184822083,0.0,0.04198463633656502,0.04702604562044144,0.0037238074000924826,0.007577808108180761,phase3_12c_matched_reset_no_phase4_no_cps
proxy_combined_topk_action_geom,0,free,312003,phase312_seed_block,3,5,0.041666666666666664,0.041666666666666664,0.0,0,0.0,0.040630340576171875,0.0,0.0,hidden_pin,0,305,305,hidden_pin,0.22610950469970703,0.22610950469970703,0.3473268223926425,0.4765269458293915,0.0,0.4518597722053528,0.4333556890487671,0.0031825273763388395,0.006786244455724955,phase3_12c_matched_reset_no_phase4_no_cps
proxy_combined_topk_action_geom,0,free,312003,phase312_seed_block,3,6,0.041666666666666664,0.041666666666666664,0.0,0,0.0,0.0401591956615448,0.0,0.0,hidden_pin,0,749,749,hidden_pin,0.9116169214248657,0.9116169214248657,1.045652896538377,0.45205631852149963,0.0,0.2695043683052063,0.2518869638442993,0.007748179603368044,0.014717522077262402,phase3_12c_matched_reset_no_phase4_no_cps
proxy_combined_topk_action_geom,0,free,312003,phase312_seed_block,3,7,0.041666666666666664,0.041666666666666664,0.0,0,0.0,0.0400654673576355,0.0,0.0,hidden_breakaway_pin,0,423,423,hidden_breakaway_pin,0.6662241816520691,0.6662241816520691,0.8822658812999725,0.4525339901447296,0.0,0.029670093208551407,0.04189469292759895,0.00576314702630043,0.012750476598739624,phase3_12c_matched_reset_no_phase4_no_cps
proxy_combined_topk_action_geom,0,free,312003,phase312_seed_block,3,8,0.041666666666666664,0.041666666666666664,0.0,0,0.0,0.04040107876062393,0.0,0.0,hidden_high_friction,0,298,298,hidden_high_friction,0.5121943950653076,0.5121943950653076,0.6845632626116276,0.5098348259925842,0.0,0.07878515124320984,0.04953331872820854,0.008740070275962353,0.017937997356057167,phase3_12c_matched_reset_no_phase4_no_cps
proxy_combined_topk_action_geom,0,free,312003,phase312_seed_block,3,9,0.041666666666666664,0.041666666666666664,0.0,0,0.0,0.0398993156850338,0.0,0.0,hidden_pin,0,761,761,hidden_pin,0.4284067451953888,0.4284067451953888,0.5253174832090736,0.4384765625,0.0,0.25925683975219727,0.24947009980678558,0.0028914434369653463,0.007768416777253151,phase3_12c_matched_reset_no_phase4_no_cps
proxy_combined_topk_action_geom,0,free,312003,phase312_seed_block,3,10,0.041666666666666664,0.041666666666666664,0.0,0,0.0,0.0401463583111763,0.0,0.0,hidden_pin,0,425,425,hidden_pin,0.5872331261634827,0.5872331261634827,0.725739998742938,0.7137057185173035,0.0,0.6343225836753845,0.6253779530525208,0.003390438389033079,0.006246582139283419,phase3_12c_matched_reset_no_phase4_no_cps
proxy_combined_topk_action_geom,0,free,312003,phase312_seed_block,3,11,0.041666666666666664,0.041666666666666664,0.0,0,0.0,0.03963182866573334,0.0,0.0,hidden_pin,0,749,749,hidden_pin,1.1908235549926758,1.1908235549926758,1.3079607658088208,0.41050443053245544,0.0,0.25677576661109924,0.2518869638442993,0.011445985175669193,0.023411324247717857,phase3_12c_matched_reset_no_phase4_no_cps
proxy_combined_topk_action_geom,0,free,312003,phase312_seed_block,3,12,0.041666666666666664,0.041666666666666664,0.0,0,0.0,0.040075261145830154,0.0,0.0,hidden_high_friction,0,422,422,hidden_high_friction,0.702873706817627,0.702873706817627,0.9230090849101543,0.7422389984130859,0.0,0.08176763355731964,0.05002646893262863,0.01132929977029562,0.024965452030301094,phase3_12c_matched_reset_no_phase4_no_cps
proxy_combined_topk_action_geom,0,free,312003,phase312_seed_block,3,13,0.041666666666666664,0.0,-0.041666666666666664,0,-0.041666666666666664,0.040355384349823,0.0,0.0,hidden_high_friction,0,422,422,hidden_high_friction,0.5337246656417847,0.5337246656417847,0.6849094489961863,0.4654653072357178,0.0,0.0758264809846878,0.05002646893262863,0.005354481283575296,0.01458877231925726,phase3_12c_matched_reset_no_phase4_no_cps
proxy_combined_topk_action_geom,0,free,312003,phase312_seed_block,3,14,0.0,0.0,0.0,0,0.0,0.04063551872968674,0.0,0.0,hidden_pin,0,761,761,hidden_pin,0.5895571708679199,0.5895571708679199,0.7005124472081661,0.4218754470348358,0.0,0.23778222501277924,0.24947009980678558,0.006074552424252033,0.013311462476849556,phase3_12c_matched_reset_no_phase4_no_cps
proxy_combined_topk_action_geom,0,free,312003,phase312_seed_block,3,15,0.0,0.0,0.0,0,0.0,0.04029566049575806,0.0,0.0,hidden_pin,0,425,425,hidden_pin,0.5799276828765869,0.5799276828765869,0.7053937109187245,0.6941323280334473,0.0,0.6306565403938293,0.6253779530525208,0.0026972510386258364,0.005387451034039259,phase3_12c_matched_reset_no_phase4_no_cps
proxy_combined_topk_action_geom,0,free,312500,phase312b_seed_block,4,0,0.0,0.0,0.0,0,0.0,0.039818670600652695,0.0,0.0,free,1,576,576,free,0.3647889792919159,0.3647889792919159,0.4827407240867615,0.5911741256713867,0.0,0.3452915847301483,0.349986732006073,0.004971332848072052,0.011643421836197376,phase3_12c_matched_reset_no_phase4_no_cps
proxy_combined_topk_action_geom,0,free,312500,phase312b_seed_block,4,1,0.0,0.0,0.0,0,0.0,0.03987085446715355,0.0,0.0,hidden_breakaway_pin,0,755,755,hidden_breakaway_pin,1.2155652046203613,1.2155652046203613,1.3487883724272252,0.2751503586769104,0.0,0.09349080175161362,0.06660914421081543,0.009546824730932713,0.022403422743082047,phase3_12c_matched_reset_no_phase4_no_cps
proxy_combined_topk_action_geom,0,free,312500,phase312b_seed_block,4,2,0.0,0.0,0.0,0,0.0,0.0395403690636158,0.0,0.0,hidden_pin,0,757,757,hidden_pin,0.8485202789306641,0.8485202789306641,0.9587559513747692,0.3135661780834198,0.0,0.24567469954490662,0.2538066804409027,0.011734195984899998,0.022042682394385338,phase3_12c_matched_reset_no_phase4_no_cps
proxy_combined_topk_action_geom,0,free,312500,phase312b_seed_block,4,3,0.0,0.0,0.0,0,0.0,0.040233537554740906,0.0,0.0,hidden_pin,0,189,189,hidden_pin,0.8195691704750061,0.8195691704750061,0.9444226365536451,0.552635133266449,0.0,0.24386532604694366,0.2567327320575714,0.004055846016854048,0.007566630840301514,phase3_12c_matched_reset_no_phase4_no_cps
proxy_combined_topk_action_geom,0,free,312500,phase312b_seed_block,4,4,0.0,0.0,0.0,0,0.0,0.039840761572122574,0.0,0.0,hidden_pin,0,185,185,hidden_pin,0.6156445145606995,0.6156445145606995,0.752646622620523,0.582413911819458,0.0,0.27454298734664917,0.25663602352142334,0.003456523409113288,0.008037698455154896,phase3_12c_matched_reset_no_phase4_no_cps
proxy_combined_topk_action_geom,0,free,312500,phase312b_seed_block,4,5,0.0,0.0,0.0,0,0.0,0.040568117052316666,0.0,0.0,hidden_pin,0,185,185,hidden_pin,0.698921263217926,0.698921263217926,0.8006388016045094,0.4916748106479645,0.0,0.25727102160453796,0.25663602352142334,0.006674080155789852,0.013137946836650372,phase3_12c_matched_reset_no_phase4_no_cps
proxy_combined_topk_action_geom,0,free,312500,phase312b_seed_block,4,6,0.0,0.0,0.0,0,0.0,0.03928763046860695,0.0,0.0,hidden_pin,0,185,185,hidden_pin,0.8194110989570618,0.8194110989570618,0.9428403280675411,0.4491015374660492,0.0,0.26886019110679626,0.25663602352142334,0.007903915829956532,0.01809460110962391,phase3_12c_matched_reset_no_phase4_no_cps
proxy_combined_topk_action_geom,0,free,312500,phase312b_seed_block,4,7,0.0,0.0,0.0,0,0.0,0.03963102400302887,0.0,0.0,free,1,184,184,free,0.88621586561203,0.88621586561203,1.0340803045779468,0.4094217121601105,0.0,0.0840863510966301,0.05046733841300011,0.004803289193660021,0.014011557213962078,phase3_12c_matched_reset_no_phase4_no_cps
proxy_combined_topk_action_geom,0,free,312500,phase312b_seed_block,4,8,0.0,0.0,0.0,0,0.0,0.03958515450358391,0.0,0.0,hidden_high_friction,0,186,186,hidden_high_friction,0.6448545455932617,0.6448545455932617,0.7862165203690529,0.5008869171142578,0.0,0.0752987340092659,0.0638379231095314,0.008476195856928825,0.01782318204641342,phase3_12c_matched_reset_no_phase4_no_cps
proxy_combined_topk_action_geom,0,free,312500,phase312b_seed_block,4,9,0.0,0.0,0.0,0,0.0,0.04018626734614372,0.0,0.0,hidden_pin,0,189,189,hidden_pin,0.521191418170929,0.521191418170929,0.6651293948292732,0.393550306558609,0.0,0.2249114066362381,0.2567327320575714,0.005315694957971573,0.01470620185136795,phase3_12c_matched_reset_no_phase4_no_cps
proxy_combined_topk_action_geom,0,free,312500,phase312b_seed_block,4,10,0.0,0.0,0.0,0,0.0,0.04049065336585045,0.0,0.0,hidden_high_friction,0,186,186,hidden_high_friction,0.5756071209907532,0.5756071209907532,0.7251086464524269,0.5628483295440674,0.0,0.06676587462425232,0.0638379231095314,0.008187530562281609,0.017339754849672318,phase3_12c_matched_reset_no_phase4_no_cps
proxy_combined_topk_action_geom,0,free,312500,phase312b_seed_block,4,11,0.0,0.0,0.0,0,0.0,0.03985291346907616,0.0,0.0,hidden_high_friction,0,190,190,hidden_high_friction,0.42128199338912964,0.42128199338912964,0.5913602253794671,0.3198438584804535,0.0,0.070040762424469,0.041023995727300644,0.011037411168217659,0.025262106209993362,phase3_12c_matched_reset_no_phase4_no_cps
proxy_combined_topk_action_geom,0,free,312500,phase312b_seed_block,4,12,0.0,0.0,0.0,0,0.0,0.04045027121901512,0.0,0.0,hidden_pin,0,193,193,hidden_pin,0.496415376663208,0.496415376663208,0.6264131139963866,0.40599605441093445,0.0,0.23519331216812134,0.2603689432144165,0.004686766769737005,0.013338551856577396,phase3_12c_matched_reset_no_phase4_no_cps
proxy_combined_topk_action_geom,0,free,312500,phase312b_seed_block,4,13,0.0,0.0,0.0,0,0.0,0.04014081880450249,0.0,0.0,hidden_pin,0,185,185,hidden_pin,0.5796985626220703,0.5796985626220703,0.7289369340986014,0.594258725643158,0.0,0.28112170100212097,0.25663602352142334,0.002782051917165518,0.007028183434158564,phase3_12c_matched_reset_no_phase4_no_cps
proxy_combined_topk_action_geom,0,free,312500,phase312b_seed_block,4,14,0.0,0.0,0.0,0,0.0,0.04003195837140083,0.0,0.0,hidden_pin,0,185,185,hidden_pin,0.7022531628608704,0.7022531628608704,0.8129809949547052,0.5050873160362244,0.0,0.2609768509864807,0.25663602352142334,0.006570769939571619,0.013054296374320984,phase3_12c_matched_reset_no_phase4_no_cps
proxy_combined_topk_action_geom,0,free,312500,phase312b_seed_block,4,15,0.0,0.0,0.0,0,0.0,0.0402456633746624,0.0,0.0,hidden_pin,0,185,185,hidden_pin,0.8516626358032227,0.8516626358032227,0.972978962957859,0.44582629203796387,0.0,0.2678980529308319,0.25663602352142334,0.007979581132531166,0.01859443075954914,phase3_12c_matched_reset_no_phase4_no_cps
proxy_combined_topk_action_geom,0,free,312501,phase312b_seed_block,5,0,0.0,0.0,0.0,0,0.0,0.03906053677201271,0.0,0.0,free,1,576,576,free,1.0746794939041138,1.0746794939041138,1.2717893302440644,0.5510960221290588,0.0,0.33100590109825134,0.349986732006073,0.019120942801237106,0.054970335215330124,phase3_12c_matched_reset_no_phase4_no_cps
proxy_combined_topk_action_geom,0,free,312501,phase312b_seed_block,5,1,0.0,0.0,0.0,0,0.0,0.03937374800443649,0.0,0.0,hidden_pin,0,445,445,hidden_pin,1.3098176717758179,1.3098176717758179,1.4548291511833669,0.5534093976020813,0.0,0.38257360458374023,0.39724117517471313,0.008166232146322727,0.01861690916121006,phase3_12c_matched_reset_no_phase4_no_cps
proxy_combined_topk_action_geom,0,free,312501,phase312b_seed_block,5,2,0.0,0.0,0.0,0,0.0,0.03996964916586876,0.0,0.0,hidden_pin,0,445,445,hidden_pin,1.1742217540740967,1.1742217540740967,1.3594086796045304,0.5294568538665771,0.0,0.3600251376628876,0.39724117517471313,0.00783408060669899,0.01831125281751156,phase3_12c_matched_reset_no_phase4_no_cps
proxy_combined_topk_action_geom,0,free,312501,phase312b_seed_block,5,3,0.0,0.0,0.0,0,0.0,0.03951235115528107,0.0,0.0,hidden_pin,0,181,181,hidden_pin,1.207086443901062,1.207086443901062,1.330561763048172,0.45101532340049744,0.0,0.26622888445854187,0.2629486918449402,0.012315658852458,0.028209403157234192,phase3_12c_matched_reset_no_phase4_no_cps
proxy_combined_topk_action_geom,0,free,312501,phase312b_seed_block,5,4,0.0,0.0,0.0,0,0.0,0.04022335261106491,0.0,0.0,hidden_pin,0,445,445,hidden_pin,1.0503815412521362,1.0503815412521362,1.2835320197045803,0.6267046928405762,0.0,0.35309043526649475,0.39724117517471313,0.01271082367748022,0.025184882804751396,phase3_12c_matched_reset_no_phase4_no_cps
proxy_combined_topk_action_geom,0,free,312501,phase312b_seed_block,5,5,0.0,0.0,0.0,0,0.0,0.039407093077898026,0.0,0.0,hidden_pin,0,445,445,hidden_pin,1.1488792896270752,1.1488792896270752,1.354402271658182,0.6060812473297119,0.0,0.36645835638046265,0.39724117517471313,0.013261289335787296,0.024815090000629425,phase3_12c_matched_reset_no_phase4_no_cps
proxy_combined_topk_action_geom,0,free,312501,phase312b_seed_block,5,6,0.0,0.0,0.0,0,0.0,0.03964883089065552,0.0,0.0,hidden_pin,0,445,445,hidden_pin,1.1800761222839355,1.1800761222839355,1.4010234981775285,0.6100361943244934,0.0,0.36117425560951233,0.39724117517471313,0.014327026903629303,0.02737676538527012,phase3_12c_matched_reset_no_phase4_no_cps
proxy_combined_topk_action_geom,0,free,312501,phase312b_seed_block,5,7,0.0,0.0,0.0,0,0.0,0.03901922330260277,0.0,0.0,hidden_pin,0,445,445,hidden_pin,1.2044012546539307,1.2044012546539307,1.4398045912384987,0.6328520178794861,0.0,0.35771623253822327,0.39724117517471313,0.015356412157416344,0.029204947873950005,phase3_12c_matched_reset_no_phase4_no_cps
proxy_combined_topk_action_geom,0,free,312501,phase312b_seed_block,5,8,0.0,0.0,0.0,0,0.0,0.039957355707883835,0.0,0.0,hidden_pin,0,445,445,hidden_pin,1.2246013879776,1.2246013879776,1.4538088381290435,0.6499484777450562,0.0,0.36311134696006775,0.39724117517471313,0.015863880515098572,0.030227843672037125,phase3_12c_matched_reset_no_phase4_no_cps
proxy_combined_topk_action_geom,0,free,312501,phase312b_seed_block,5,9,0.0,0.0,0.0,0,0.0,0.04024785757064819,0.0,0.0,hidden_pin,0,445,445,hidden_pin,1.2162864208221436,1.2162864208221436,1.44146478921175,0.6671535968780518,0.0,0.36707422137260437,0.39724117517471313,0.016192855313420296,0.030725589022040367,phase3_12c_matched_reset_no_phase4_no_cps
proxy_combined_topk_action_geom,0,free,312501,phase312b_seed_block,5,10,0.0,0.0,0.0,0,0.0,0.03949090465903282,0.0,0.0,hidden_pin,0,445,445,hidden_pin,1.2440396547317505,1.2440396547317505,1.467186838388443,0.6786471605300903,0.0,0.3701203763484955,0.39724117517471313,0.016777127981185913,0.03171364217996597,phase3_12c_matched_reset_no_phase4_no_cps
proxy_combined_topk_action_geom,0,free,312501,phase312b_seed_block,5,11,0.0,0.0,0.0,0,0.0,0.03966711089015007,0.0,0.0,hidden_pin,0,445,445,hidden_pin,1.2460658550262451,1.2460658550262451,1.4650533139705657,0.6855917572975159,0.0,0.3733389973640442,0.39724117517471313,0.017086084932088852,0.03228706493973732,phase3_12c_matched_reset_no_phase4_no_cps
proxy_combined_topk_action_geom,0,free,312501,phase312b_seed_block,5,12,0.0,0.0,0.0,0,0.0,0.03952144831418991,0.0,0.0,hidden_pin,0,445,445,hidden_pin,1.3031024932861328,1.3031024932861328,1.521085298061371,0.6936042904853821,0.0,0.3747285306453705,0.39724117517471313,0.017229218035936356,0.03252621367573738,phase3_12c_matched_reset_no_phase4_no_cps
proxy_combined_topk_action_geom,0,free,312501,phase312b_seed_block,5,13,0.0,0.0,0.0,0,0.0,0.03881922736763954,0.0,0.0,hidden_pin,0,445,445,hidden_pin,1.2527294158935547,1.2527294158935547,1.4701771453022956,0.6981078386306763,0.0,0.37580740451812744,0.39724117517471313,0.017466003075242043,0.03294867277145386,phase3_12c_matched_reset_no_phase4_no_cps
proxy_combined_topk_action_geom,0,free,312501,phase312b_seed_block,5,14,0.0,0.0,0.0,0,0.0,0.039516180753707886,0.0,0.0,hidden_pin,0,445,445,hidden_pin,1.2774341106414795,1.2774341106414795,1.4941580519080162,0.6988808512687683,0.0,0.3765014410018921,0.39724117517471313,0.017603086307644844,0.033328354358673096,phase3_12c_matched_reset_no_phase4_no_cps
proxy_combined_topk_action_geom,0,free,312501,phase312b_seed_block,5,15,0.0,0.0,0.0,0,0.0,0.0392654724419117,0.0,0.0,hidden_pin,0,445,445,hidden_pin,1.2606558799743652,1.2606558799743652,1.4757020741701126,0.697320282459259,0.0,0.3774060308933258,0.39724117517471313,0.017694465816020966,0.033494897186756134,phase3_12c_matched_reset_no_phase4_no_cps
proxy_combined_topk_action_geom,0,free,312502,phase312b_seed_block,6,0,0.0,0.041666666666666664,0.041666666666666664,0,0.041666666666666664,0.038705307990312576,0.0,0.0,hidden_pin,0,433,433,hidden_pin,0.5732021927833557,0.5732021927833557,0.731561865657568,0.524992048740387,0.0,0.4283009171485901,0.44744208455085754,0.010332132689654827,0.025539390742778778,phase3_12c_matched_reset_no_phase4_no_cps
proxy_combined_topk_action_geom,0,free,312502,phase312b_seed_block,6,1,0.041666666666666664,0.041666666666666664,0.0,0,0.0,0.039429232478141785,0.0,0.0,hidden_pin,0,61,61,hidden_pin,1.044359803199768,1.044359803199768,1.1647617910057306,0.5819079279899597,0.0,0.2957865595817566,0.2968564033508301,0.007744027767330408,0.019398069009184837,phase3_12c_matched_reset_no_phase4_no_cps
proxy_combined_topk_action_geom,0,free,312502,phase312b_seed_block,6,2,0.041666666666666664,0.041666666666666664,0.0,0,0.0,0.03967762365937233,0.0,0.0,hidden_pin,0,17,17,hidden_pin,1.0078973770141602,1.0078973770141602,1.0970574505627155,0.2643127739429474,0.0,0.2180912345647812,0.2301042526960373,0.006371780298650265,0.013019980862736702,phase3_12c_matched_reset_no_phase4_no_cps
proxy_combined_topk_action_geom,0,free,312502,phase312b_seed_block,6,3,0.041666666666666664,0.041666666666666664,0.0,0,0.0,0.04082585126161575,0.0,0.0,hidden_pin,0,185,185,hidden_pin,0.783976137638092,0.783976137638092,0.8915897432714701,0.43106314539909363,0.0,0.26718270778656006,0.25663602352142334,0.005465191323310137,0.009889637120068073,phase3_12c_matched_reset_no_phase4_no_cps
proxy_combined_topk_action_geom,0,free,312502,phase312b_seed_block,6,4,0.041666666666666664,0.041666666666666664,0.0,0,0.0,0.03982200846076012,0.0,0.0,hidden_pin,0,185,185,hidden_pin,0.7936995625495911,0.7936995625495911,0.935787707939744,0.45742207765579224,0.0,0.2828356921672821,0.25663602352142334,0.005268874112516642,0.012593808583915234,phase3_12c_matched_reset_no_phase4_no_cps
proxy_combined_topk_action_geom,0,free,312502,phase312b_seed_block,6,5,0.041666666666666664,0.041666666666666664,0.0,0,0.0,0.04007628560066223,0.0,0.0,hidden_high_friction,0,446,446,hidden_high_friction,0.8542619943618774,0.8542619943618774,0.9775433535128832,0.2863312363624573,0.0,0.05846071615815163,0.051188886165618896,0.005677361506968737,0.012328168377280235,phase3_12c_matched_reset_no_phase4_no_cps
proxy_combined_topk_action_geom,0,free,312502,phase312b_seed_block,6,6,0.041666666666666664,0.041666666666666664,0.0,0,0.0,0.03987433388829231,0.0,0.0,hidden_high_friction,0,262,262,hidden_high_friction,0.640367865562439,0.640367865562439,0.771696831136942,0.3350151777267456,0.0,0.07521147280931473,0.05782794952392578,0.009183146990835667,0.021992916241288185,phase3_12c_matched_reset_no_phase4_no_cps
proxy_combined_topk_action_geom,0,free,312502,phase312b_seed_block,6,7,0.041666666666666664,0.041666666666666664,0.0,0,0.0,0.04059521108865738,0.0,0.0,hidden_high_friction,0,262,262,hidden_high_friction,0.44221729040145874,0.44221729040145874,0.5667477677017451,0.355629026889801,0.0,0.06833083927631378,0.05782794952392578,0.006710505578666925,0.01376329269260168,phase3_12c_matched_reset_no_phase4_no_cps
proxy_combined_topk_action_geom,0,free,312502,phase312b_seed_block,6,8,0.041666666666666664,0.041666666666666664,0.0,0,0.0,0.04063744097948074,0.0,0.0,hidden_pin,0,261,261,hidden_pin,0.4440373182296753,0.4440373182296753,0.5923844933509826,0.6640308499336243,0.0,0.5932634472846985,0.5783615112304688,0.004734668880701065,0.009297284297645092,phase3_12c_matched_reset_no_phase4_no_cps
proxy_combined_topk_action_geom,0,free,312502,phase312b_seed_block,6,9,0.041666666666666664,0.041666666666666664,0.0,0,0.0,0.040120817720890045,0.0,0.0,hidden_pin,0,17,17,hidden_pin,1.044518232345581,1.044518232345581,1.1265259124338627,0.28641536831855774,0.0,0.23473095893859863,0.2301042526960373,0.0074479905888438225,0.01790018379688263,phase3_12c_matched_reset_no_phase4_no_cps
proxy_combined_topk_action_geom,0,free,312502,phase312b_seed_block,6,10,0.041666666666666664,0.041666666666666664,0.0,0,0.0,0.04057423025369644,0.0,0.0,hidden_pin,0,185,185,hidden_pin,0.80494624376297,0.80494624376297,0.9302929997444153,0.3723592460155487,0.0,0.24219471216201782,0.25663602352142334,0.010152561590075493,0.01957744173705578,phase3_12c_matched_reset_no_phase4_no_cps
proxy_combined_topk_action_geom,0,free,312502,phase312b_seed_block,6,11,0.041666666666666664,0.041666666666666664,0.0,0,0.0,0.03999929875135422,0.0,0.0,hidden_high_friction,0,446,446,hidden_high_friction,0.8368126153945923,0.8368126153945923,0.9542152179777622,0.22706496715545654,0.0,0.065578892827034,0.051188886165618896,0.006430157460272312,0.014353147707879543,phase3_12c_matched_reset_no_phase4_no_cps
proxy_combined_topk_action_geom,0,free,312502,phase312b_seed_block,6,12,0.041666666666666664,0.041666666666666664,0.0,0,0.0,0.04019172862172127,0.0,0.0,hidden_high_friction,0,262,262,hidden_high_friction,0.5812323093414307,0.5812323093414307,0.7073690576851368,0.3323594629764557,0.0,0.06667924672365189,0.05782794952392578,0.007984681986272335,0.020109981298446655,phase3_12c_matched_reset_no_phase4_no_cps
proxy_combined_topk_action_geom,0,free,312502,phase312b_seed_block,6,13,0.041666666666666664,0.041666666666666664,0.0,0,0.0,0.040270399302244186,0.0,0.0,hidden_high_friction,0,262,262,hidden_high_friction,0.4133394956588745,0.4133394956588745,0.5391101958602668,0.36869314312934875,0.0,0.06900905072689056,0.05782794952392578,0.006530656944960356,0.013801497407257557,phase3_12c_matched_reset_no_phase4_no_cps
proxy_combined_topk_action_geom,0,free,312502,phase312b_seed_block,6,14,0.041666666666666664,0.041666666666666664,0.0,0,0.0,0.04018586501479149,0.0,0.0,hidden_pin,0,261,261,hidden_pin,0.43751540780067444,0.43751540780067444,0.5816019512712955,0.6634646654129028,0.0,0.5911773443222046,0.5783615112304688,0.004733794368803501,0.009216398932039738,phase3_12c_matched_reset_no_phase4_no_cps
proxy_combined_topk_action_geom,0,free,312502,phase312b_seed_block,6,15,0.041666666666666664,0.041666666666666664,0.0,0,0.0,0.04042653739452362,0.0,0.0,hidden_pin,0,17,17,hidden_pin,1.0578457117080688,1.0578457117080688,1.1403513513505459,0.2896466851234436,0.0,0.23496879637241364,0.2301042526960373,0.007332387380301952,0.018071020022034645,phase3_12c_matched_reset_no_phase4_no_cps
proxy_combined_topk_action_geom,0,free,312503,phase312b_seed_block,7,0,0.0,0.0,0.0,0,0.0,0.040349554270505905,0.0,0.0,hidden_pin,0,633,633,hidden_pin,0.28423362970352173,0.28423362970352173,0.6103293143212796,0.5606417059898376,0.0,0.14655132591724396,0.24553067982196808,0.011010180227458477,0.024188656359910965,phase3_12c_matched_reset_no_phase4_no_cps
proxy_combined_topk_action_geom,0,free,312503,phase312b_seed_block,7,1,0.0,0.0,0.0,0,0.0,0.03965991362929344,0.0,0.0,hidden_breakaway_pin,0,639,639,hidden_breakaway_pin,0.6762661337852478,0.6762661337852478,0.793623810634017,0.5416777729988098,0.0,0.21216897666454315,0.22100704908370972,0.0046074665151536465,0.009790097363293171,phase3_12c_matched_reset_no_phase4_no_cps
proxy_combined_topk_action_geom,0,free,312503,phase312b_seed_block,7,2,0.0,0.0,0.0,0,0.0,0.04078496992588043,0.0,0.0,hidden_breakaway_pin,0,163,163,hidden_breakaway_pin,0.6923907399177551,0.6923907399177551,0.8569798356294632,0.35208165645599365,0.0,0.04839450120925903,0.04965988174080849,0.011508772149682045,0.03019297681748867,phase3_12c_matched_reset_no_phase4_no_cps
proxy_combined_topk_action_geom,0,free,312503,phase312b_seed_block,7,3,0.0,0.0,0.0,0,0.0,0.039929650723934174,0.0,0.0,hidden_pin,0,165,165,hidden_pin,0.5361461043357849,0.5361461043357849,0.7020346681028605,0.4599640965461731,0.0,0.07519756257534027,0.10418421775102615,0.007328941021114588,0.014898966997861862,phase3_12c_matched_reset_no_phase4_no_cps
proxy_combined_topk_action_geom,0,free,312503,phase312b_seed_block,7,4,0.0,0.0,0.0,0,0.0,0.040101923048496246,0.0,0.0,hidden_high_friction,0,574,574,hidden_high_friction,0.5204952359199524,0.5204952359199524,0.7159482641518117,0.5417705774307251,0.0,0.06759592890739441,0.04419996961951256,0.01064684521406889,0.019946295768022537,phase3_12c_matched_reset_no_phase4_no_cps
proxy_combined_topk_action_geom,0,free,312503,phase312b_seed_block,7,5,0.0,0.0,0.0,0,0.0,0.03995364159345627,0.0,0.0,hidden_high_friction,0,574,574,hidden_high_friction,0.37072253227233887,0.37072253227233887,0.5491428299248219,0.5480849742889404,0.0,0.057728204876184464,0.04419996961951256,0.0061518726870417595,0.011973357759416103,phase3_12c_matched_reset_no_phase4_no_cps
proxy_combined_topk_action_geom,0,free,312503,phase312b_seed_block,7,6,0.0,0.0,0.0,0,0.0,0.04059629887342453,0.0,0.0,hidden_pin,0,569,569,hidden_pin,0.32048922777175903,0.32048922777175903,0.4753545697778463,0.8614258766174316,0.0,0.7562344670295715,0.7583823204040527,0.005338938441127539,0.011225011199712753,phase3_12c_matched_reset_no_phase4_no_cps
proxy_combined_topk_action_geom,0,free,312503,phase312b_seed_block,7,7,0.0,0.0,0.0,0,0.0,0.04029752314090729,0.0,0.0,hidden_high_friction,0,438,438,hidden_high_friction,1.3559398651123047,1.3559398651123047,1.5379180416464806,0.24360772967338562,0.0,0.16770976781845093,0.17140163481235504,0.03451332077383995,0.07702181488275528,phase3_12c_matched_reset_no_phase4_no_cps
proxy_combined_topk_action_geom,0,free,312503,phase312b_seed_block,7,8,0.0,0.0,0.0,0,0.0,0.03955896571278572,0.0,0.0,free,1,740,740,free,0.766882061958313,0.766882061958313,1.1269372291862965,0.6613099575042725,0.0,0.1336105614900589,0.032486848533153534,0.014652811922132969,0.03463245928287506,phase3_12c_matched_reset_no_phase4_no_cps
proxy_combined_topk_action_geom,0,free,312503,phase312b_seed_block,7,9,0.0,0.0,0.0,0,0.0,0.03958018869161606,0.0,0.0,hidden_pin,0,565,565,hidden_pin,0.5933164358139038,0.5933164358139038,0.80768578723073,1.03965425491333,0.0,0.7362779974937439,0.7380852699279785,0.013701667077839375,0.03320077434182167,phase3_12c_matched_reset_no_phase4_no_cps
proxy_combined_topk_action_geom,0,free,312503,phase312b_seed_block,7,10,0.0,0.0,0.0,0,0.0,0.039639849215745926,0.0,0.0,hidden_pin,0,17,17,hidden_pin,1.5236929655075073,1.5236929655075073,1.6332545004785062,0.3252425193786621,0.0,0.23081210255622864,0.2301042526960373,0.01483986433595419,0.030091360211372375,phase3_12c_matched_reset_no_phase4_no_cps
proxy_combined_topk_action_geom,0,free,312503,phase312b_seed_block,7,11,0.0,0.0,0.0,0,0.0,0.039202023297548294,0.0,0.0,hidden_pin,0,565,565,hidden_pin,0.7686725854873657,0.7686725854873657,1.0207842249423265,0.8187080025672913,0.0,0.6883981227874756,0.7380852699279785,0.007482786197215319,0.015110664069652557,phase3_12c_matched_reset_no_phase4_no_cps
proxy_combined_topk_action_geom,0,free,312503,phase312b_seed_block,7,12,0.0,0.0,0.0,0,0.0,0.038714852184057236,0.0,0.0,hidden_high_friction,0,250,250,hidden_high_friction,1.683644413948059,1.683644413948059,1.825686564296484,0.20878641307353973,0.0,0.16139695048332214,0.16073112189769745,0.02734813280403614,0.0633169412612915,phase3_12c_matched_reset_no_phase4_no_cps
proxy_combined_topk_action_geom,0,free,312503,phase312b_seed_block,7,13,0.0,0.0,0.0,0,0.0,0.04003452882170677,0.0,0.0,hidden_pin,0,565,565,hidden_pin,0.7480596899986267,0.7480596899986267,1.0237414821982385,0.8788126111030579,0.0,0.6832054853439331,0.7380852699279785,0.008525082841515541,0.01792668178677559,phase3_12c_matched_reset_no_phase4_no_cps
proxy_combined_topk_action_geom,0,free,312503,phase312b_seed_block,7,14,0.0,0.0,0.0,0,0.0,0.039841149002313614,0.0,0.0,hidden_high_friction,0,546,546,hidden_high_friction,1.5574887990951538,1.5574887990951538,1.7093846812844276,0.25543874502182007,0.0,0.1380770355463028,0.13828447461128235,0.02829129807651043,0.061036013066768646,phase3_12c_matched_reset_no_phase4_no_cps
proxy_combined_topk_action_geom,0,free,312503,phase312b_seed_block,7,15,0.0,0.0,0.0,0,0.0,0.03994614630937576,0.0,0.0,free,1,740,740,free,0.650146484375,0.650146484375,0.9284261360764503,0.6508074998855591,0.0,0.09999682754278183,0.032486848533153534,0.011409642174839973,0.028018489480018616,phase3_12c_matched_reset_no_phase4_no_cps
proxy_combined_topk_action_geom,0,hidden_breakaway_pin,312000,phase312_seed_block,0,0,0.20833333333333334,0.20833333333333334,0.0,0,0.0,0.03968871384859085,0.0,0.0,hidden_breakaway_pin,1,119,119,hidden_breakaway_pin,0.20623566210269928,0.20623566210269928,0.3533935518935323,0.4309956729412079,0.0,0.28979042172431946,0.2555699348449707,0.003516891272738576,0.008910237811505795,phase3_12c_matched_reset_no_phase4_no_cps
proxy_combined_topk_action_geom,0,hidden_breakaway_pin,312000,phase312_seed_block,0,1,0.20833333333333334,0.0,-0.20833333333333334,0,-0.20833333333333334,0.040147166699171066,0.0,0.0,hidden_pin,0,757,757,hidden_pin,1.166185975074768,1.166185975074768,1.319952303916216,0.4117845892906189,0.0,0.28138044476509094,0.2538066804409027,0.009212777949869633,0.026062732562422752,phase3_12c_matched_reset_no_phase4_no_cps
proxy_combined_topk_action_geom,0,hidden_breakaway_pin,312000,phase312_seed_block,0,2,0.0,0.0,0.0,0,0.0,0.03639732673764229,0.0,0.0,hidden_pin,0,125,125,hidden_pin,1.9177160263061523,1.9177160263061523,2.1609862349927424,0.5074900984764099,0.0,0.22117170691490173,0.2854427993297577,0.009651127271354198,0.020411228761076927,phase3_12c_matched_reset_no_phase4_no_cps
proxy_combined_topk_action_geom,0,hidden_breakaway_pin,312000,phase312_seed_block,0,3,0.0,0.0,0.0,0,0.0,0.036690566688776016,0.0,0.0,hidden_high_friction,0,754,754,hidden_high_friction,1.304874062538147,1.304874062538147,1.4391542175784706,0.3460221588611603,0.0,0.12272382527589798,0.0893135517835617,0.0038890710566192865,0.009005391970276833,phase3_12c_matched_reset_no_phase4_no_cps
proxy_combined_topk_action_geom,0,hidden_breakaway_pin,312000,phase312_seed_block,0,4,0.0,0.0,0.0,0,0.0,0.03659791499376297,0.0,0.0,hidden_breakaway_pin,1,115,115,hidden_breakaway_pin,0.9799265265464783,0.9799265265464783,1.0991351401805878,0.14462807774543762,0.0,0.06761885434389114,0.04748205840587616,0.008119629696011543,0.015288537368178368,phase3_12c_matched_reset_no_phase4_no_cps
proxy_combined_topk_action_geom,0,hidden_breakaway_pin,312000,phase312_seed_block,0,5,0.0,0.0,0.0,0,0.0,0.040203068405389786,0.0,0.0,hidden_pin,0,761,761,hidden_pin,0.5159953236579895,0.5159953236579895,0.630409463122487,0.4783983826637268,0.0,0.2566392421722412,0.24947009980678558,0.007079024333506823,0.018075348809361458,phase3_12c_matched_reset_no_phase4_no_cps
proxy_combined_topk_action_geom,0,hidden_breakaway_pin,312000,phase312_seed_block,0,6,0.0,0.0,0.0,0,0.0,0.04028529301285744,0.0,0.0,hidden_pin,0,761,761,hidden_pin,0.6537491083145142,0.6537491083145142,0.7760636039078236,0.4462178647518158,0.0,0.24040716886520386,0.24947009980678558,0.009313988499343395,0.022169942036271095,phase3_12c_matched_reset_no_phase4_no_cps
proxy_combined_topk_action_geom,0,hidden_breakaway_pin,312000,phase312_seed_block,0,7,0.0,0.0,0.0,0,0.0,0.03978091478347778,0.0,0.0,hidden_pin,0,761,761,hidden_pin,0.6949989795684814,0.6949989795684814,0.8110093519091606,0.4614390730857849,0.0,0.2441074401140213,0.24947009980678558,0.009017297998070717,0.02182813547551632,phase3_12c_matched_reset_no_phase4_no_cps
proxy_combined_topk_action_geom,0,hidden_breakaway_pin,312000,phase312_seed_block,0,8,0.0,0.0,0.0,0,0.0,0.04073246940970421,0.0,0.0,hidden_pin,0,761,761,hidden_pin,0.784555971622467,0.784555971622467,0.8974709860980511,0.44961071014404297,0.0,0.2477739155292511,0.24947009980678558,0.010520259849727154,0.02404640056192875,phase3_12c_matched_reset_no_phase4_no_cps
proxy_combined_topk_action_geom,0,hidden_breakaway_pin,312000,phase312_seed_block,0,9,0.0,0.0,0.0,0,0.0,0.040164701640605927,0.0,0.0,hidden_pin,0,761,761,hidden_pin,0.7851464748382568,0.7851464748382568,0.8973970308899879,0.4525253474712372,0.0,0.2505010664463043,0.24947009980678558,0.010577455163002014,0.024375194683670998,phase3_12c_matched_reset_no_phase4_no_cps
proxy_combined_topk_action_geom,0,hidden_breakaway_pin,312000,phase312_seed_block,0,10,0.0,0.0,0.0,0,0.0,0.04030955582857132,0.0,0.0,hidden_pin,0,761,761,hidden_pin,0.7906168103218079,0.7906168103218079,0.9038188800215721,0.45391517877578735,0.0,0.2507520914077759,0.24947009980678558,0.01063770242035389,0.024544863030314445,phase3_12c_matched_reset_no_phase4_no_cps
proxy_combined_topk_action_geom,0,hidden_breakaway_pin,312000,phase312_seed_block,0,11,0.0,0.0,0.0,0,0.0,0.0403226800262928,0.0,0.0,hidden_pin,0,761,761,hidden_pin,0.8034265637397766,0.8034265637397766,0.9218490026891232,0.4595572352409363,0.0,0.2530113160610199,0.24947009980678558,0.010601605288684368,0.024646228179335594,phase3_12c_matched_reset_no_phase4_no_cps
proxy_combined_topk_action_geom,0,hidden_breakaway_pin,312000,phase312_seed_block,0,12,0.0,0.0,0.0,0,0.0,0.04002624750137329,0.0,0.0,hidden_pin,0,761,761,hidden_pin,0.8061583638191223,0.8061583638191223,0.9251736529171467,0.46137145161628723,0.0,0.25310707092285156,0.24947009980678558,0.010633907280862331,0.0247187502682209,phase3_12c_matched_reset_no_phase4_no_cps
proxy_combined_topk_action_geom,0,hidden_breakaway_pin,312000,phase312_seed_block,0,13,0.0,0.0,0.0,0,0.0,0.040230944752693176,0.0,0.0,hidden_pin,0,761,761,hidden_pin,0.806591272354126,0.806591272354126,0.9256856761872768,0.4625035226345062,0.0,0.25304457545280457,0.24947009980678558,0.010642481036484241,0.02472606860101223,phase3_12c_matched_reset_no_phase4_no_cps
proxy_combined_topk_action_geom,0,hidden_breakaway_pin,312000,phase312_seed_block,0,14,0.0,0.0,0.0,0,0.0,0.039536070078611374,0.0,0.0,hidden_pin,0,761,761,hidden_pin,0.8076128959655762,0.8076128959655762,0.927548062056303,0.4646402597427368,0.0,0.25330856442451477,0.24947009980678558,0.010640549473464489,0.02472091093659401,phase3_12c_matched_reset_no_phase4_no_cps
proxy_combined_topk_action_geom,0,hidden_breakaway_pin,312000,phase312_seed_block,0,15,0.0,0.0,0.0,0,0.0,0.04022519290447235,0.0,0.0,hidden_pin,0,761,761,hidden_pin,0.8070844411849976,0.8070844411849976,0.9275723345577717,0.46660327911376953,0.0,0.253472238779068,0.24947009980678558,0.010623280890285969,0.024682508781552315,phase3_12c_matched_reset_no_phase4_no_cps
proxy_combined_topk_action_geom,0,hidden_breakaway_pin,312001,phase312_seed_block,1,0,0.0,0.0,0.0,0,0.0,0.040069904178380966,0.0,0.0,hidden_breakaway_pin,1,507,507,hidden_breakaway_pin,0.12698915600776672,0.12698915600776672,0.24669033233076332,0.7064806818962097,0.0,0.2754698693752289,0.27532002329826355,0.0033573454711586237,0.008469708263874054,phase3_12c_matched_reset_no_phase4_no_cps
proxy_combined_topk_action_geom,0,hidden_breakaway_pin,312001,phase312_seed_block,1,1,0.0,0.0,0.0,0,0.0,0.029822971671819687,0.0,0.0,hidden_pin,0,93,93,hidden_pin,3.8351712226867676,3.8351712226867676,4.017889380455017,0.5220136046409607,0.0,0.40280893445014954,0.3857468068599701,0.01757296547293663,0.03320001810789108,phase3_12c_matched_reset_no_phase4_no_cps
proxy_combined_topk_action_geom,0,hidden_breakaway_pin,312001,phase312_seed_block,1,2,0.0,0.0,0.0,0,0.0,0.029799658805131912,0.0,0.0,hidden_breakaway_pin,1,31,31,hidden_breakaway_pin,1.1270627975463867,1.1270627975463867,1.2737971484661101,0.6362411975860596,0.0,0.28769588470458984,0.30264002084732056,0.005352474749088287,0.011606781743466854,phase3_12c_matched_reset_no_phase4_no_cps
proxy_combined_topk_action_geom,0,hidden_breakaway_pin,312001,phase312_seed_block,1,3,0.0,0.0,0.0,0,0.0,0.031202401965856552,0.0,0.0,hidden_high_friction,0,322,322,hidden_high_friction,1.0726481676101685,1.0726481676101685,1.193979011103511,0.23374316096305847,0.0,0.08643867075443268,0.05852759629487991,0.007611805107444525,0.017284780740737915,phase3_12c_matched_reset_no_phase4_no_cps
proxy_combined_topk_action_geom,0,hidden_breakaway_pin,312001,phase312_seed_block,1,4,0.0,0.0,0.0,0,0.0,0.04009370505809784,0.0,0.0,hidden_pin,0,185,185,hidden_pin,0.8319388031959534,0.8319388031959534,0.962065202742815,0.5950314402580261,0.0,0.2624131143093109,0.25663602352142334,0.007329375483095646,0.012833132408559322,phase3_12c_matched_reset_no_phase4_no_cps
proxy_combined_topk_action_geom,0,hidden_breakaway_pin,312001,phase312_seed_block,1,5,0.0,0.0,0.0,0,0.0,0.04000323265790939,0.0,0.0,hidden_pin,0,445,445,hidden_pin,0.9145597219467163,0.9145597219467163,1.0215110551565885,0.5040643215179443,0.0,0.3946938216686249,0.39724117517471313,0.00656174449250102,0.013760579749941826,phase3_12c_matched_reset_no_phase4_no_cps
proxy_combined_topk_action_geom,0,hidden_breakaway_pin,312001,phase312_seed_block,1,6,0.0,0.0,0.0,0,0.0,0.03941350057721138,0.0,0.0,hidden_pin,0,445,445,hidden_pin,1.0454410314559937,1.0454410314559937,1.1672358147799968,0.5518313050270081,0.0,0.3945505619049072,0.39724117517471313,0.008409715257585049,0.01741809956729412,phase3_12c_matched_reset_no_phase4_no_cps
proxy_combined_topk_action_geom,0,hidden_breakaway_pin,312001,phase312_seed_block,1,7,0.0,0.0,0.0,0,0.0,0.04044407978653908,0.0,0.0,hidden_pin,0,445,445,hidden_pin,1.1309105157852173,1.1309105157852173,1.2794174417853355,0.6122640371322632,0.0,0.3916308879852295,0.39724117517471313,0.011361686512827873,0.024746447801589966,phase3_12c_matched_reset_no_phase4_no_cps
proxy_combined_topk_action_geom,0,hidden_breakaway_pin,312001,phase312_seed_block,1,8,0.0,0.0,0.0,0,0.0,0.039546504616737366,0.0,0.0,hidden_pin,0,445,445,hidden_pin,1.1819654703140259,1.1819654703140259,1.3375529810786246,0.6576958894729614,0.0,0.4008372724056244,0.39724117517471313,0.01243523322045803,0.027783578261733055,phase3_12c_matched_reset_no_phase4_no_cps
proxy_combined_topk_action_geom,0,hidden_breakaway_pin,312001,phase312_seed_block,1,9,0.0,0.0,0.0,0,0.0,0.039431989192962646,0.0,0.0,hidden_pin,0,445,445,hidden_pin,1.206009030342102,1.206009030342102,1.3806819818913936,0.6673688292503357,0.0,0.40846243500709534,0.39724117517471313,0.013031276874244213,0.028675343841314316,phase3_12c_matched_reset_no_phase4_no_cps
proxy_combined_topk_action_geom,0,hidden_breakaway_pin,312001,phase312_seed_block,1,10,0.0,0.0,0.0,0,0.0,0.039283011108636856,0.0,0.0,hidden_pin,0,445,445,hidden_pin,1.2417758703231812,1.2417758703231812,1.4246760919690131,0.6731159090995789,0.0,0.41043925285339355,0.39724117517471313,0.013884169980883598,0.0300271138548851,phase3_12c_matched_reset_no_phase4_no_cps
proxy_combined_topk_action_geom,0,hidden_breakaway_pin,312001,phase312_seed_block,1,11,0.0,0.0,0.0,0,0.0,0.038978319615125656,0.0,0.0,hidden_pin,0,445,445,hidden_pin,1.2598865032196045,1.2598865032196045,1.4491586573421955,0.6759282946586609,0.0,0.412563294172287,0.39724117517471313,0.014309667982161045,0.030817987397313118,phase3_12c_matched_reset_no_phase4_no_cps
proxy_combined_topk_action_geom,0,hidden_breakaway_pin,312001,phase312_seed_block,1,12,0.0,0.0,0.0,0,0.0,0.039055462926626205,0.0,0.0,hidden_pin,0,445,445,hidden_pin,1.285650610923767,1.285650610923767,1.479523565620184,0.679219663143158,0.0,0.41429340839385986,0.39724117517471313,0.014471384696662426,0.03108079358935356,phase3_12c_matched_reset_no_phase4_no_cps
proxy_combined_topk_action_geom,0,hidden_breakaway_pin,312001,phase312_seed_block,1,13,0.0,0.0,0.0,0,0.0,0.038288384675979614,0.0,0.0,hidden_pin,0,445,445,hidden_pin,1.2807327508926392,1.2807327508926392,1.476948980987072,0.6802411675453186,0.0,0.4150713384151459,0.39724117517471313,0.01462993212044239,0.031295157968997955,phase3_12c_matched_reset_no_phase4_no_cps
proxy_combined_topk_action_geom,0,hidden_breakaway_pin,312001,phase312_seed_block,1,14,0.0,0.0,0.0,0,0.0,0.03907275199890137,0.0,0.0,hidden_pin,0,445,445,hidden_pin,1.3031643629074097,1.3031643629074097,1.5002886280417442,0.680827796459198,0.0,0.41527605056762695,0.39724117517471313,0.014732586219906807,0.03142743930220604,phase3_12c_matched_reset_no_phase4_no_cps
proxy_combined_topk_action_geom,0,hidden_breakaway_pin,312001,phase312_seed_block,1,15,0.0,0.0,0.0,0,0.0,0.03945602849125862,0.0,0.0,hidden_pin,0,445,445,hidden_pin,1.3076200485229492,1.3076200485229492,1.5047860875725747,0.6810443997383118,0.0,0.41521841287612915,0.39724117517471313,0.01476372592151165,0.031462568789720535,phase3_12c_matched_reset_no_phase4_no_cps
proxy_combined_topk_action_geom,0,hidden_breakaway_pin,312002,phase312_seed_block,2,0,0.0,0.2916666666666667,0.2916666666666667,0,0.2916666666666667,0.04013146832585335,0.0,0.0,free,0,232,232,free,0.23223721981048584,0.23223721981048584,0.3800955407321453,0.6144721508026123,0.0,0.2849246561527252,0.2944026589393616,0.00918287318199873,0.026901070028543472,phase3_12c_matched_reset_no_phase4_no_cps
proxy_combined_topk_action_geom,0,hidden_breakaway_pin,312002,phase312_seed_block,2,1,0.2916666666666667,0.25,-0.041666666666666685,0,-0.041666666666666685,0.0236982312053442,0.0,0.0,free,0,144,144,free,3.844975471496582,3.844975471496582,4.126315525919199,0.6093100905418396,0.0,0.27127277851104736,0.2026798129081726,0.013189402408897877,0.038811095058918,phase3_12c_matched_reset_no_phase4_no_cps
proxy_combined_topk_action_geom,0,hidden_breakaway_pin,312002,phase312_seed_block,2,2,0.25,0.25,0.0,0,0.0,0.02756219357252121,0.0,0.0,hidden_high_friction,0,610,610,hidden_high_friction,1.0851030349731445,1.0851030349731445,1.2377725405991076,0.2990070581436157,0.0,0.06865916401147842,0.04478893056511879,0.009349077008664608,0.019478844478726387,phase3_12c_matched_reset_no_phase4_no_cps
proxy_combined_topk_action_geom,0,hidden_breakaway_pin,312002,phase312_seed_block,2,3,0.25,0.25,0.0,0,0.0,0.026965685188770294,0.0,0.0,hidden_high_friction,0,610,610,hidden_high_friction,0.6955432891845703,0.6955432891845703,0.8575505203008652,0.28917402029037476,0.0,0.05865710601210594,0.04478893056511879,0.012052247300744057,0.024442128837108612,phase3_12c_matched_reset_no_phase4_no_cps
proxy_combined_topk_action_geom,0,hidden_breakaway_pin,312002,phase312_seed_block,2,4,0.25,0.25,0.0,0,0.0,0.039755646139383316,0.0,0.0,hidden_pin,0,301,301,hidden_pin,0.5117558836936951,0.5117558836936951,0.6366388760507107,0.5266079306602478,0.0,0.43344587087631226,0.4235059916973114,0.006503011099994183,0.012974483892321587,phase3_12c_matched_reset_no_phase4_no_cps
proxy_combined_topk_action_geom,0,hidden_breakaway_pin,312002,phase312_seed_block,2,5,0.25,0.25,0.0,0,0.0,0.0384918674826622,0.0,0.0,hidden_pin,0,749,749,hidden_pin,0.9423139095306396,0.9423139095306396,1.056650397926569,0.3340037763118744,0.0,0.23846007883548737,0.2518869638442993,0.00934553798288107,0.019161783158779144,phase3_12c_matched_reset_no_phase4_no_cps
proxy_combined_topk_action_geom,0,hidden_breakaway_pin,312002,phase312_seed_block,2,6,0.25,0.25,0.0,0,0.0,0.03862343728542328,0.0,0.0,hidden_breakaway_pin,1,423,423,hidden_breakaway_pin,0.7708127498626709,0.7708127498626709,0.9522107884287834,0.3903217911720276,0.0,0.0816580131649971,0.04189469292759895,0.010830782353878021,0.02127349004149437,phase3_12c_matched_reset_no_phase4_no_cps
proxy_combined_topk_action_geom,0,hidden_breakaway_pin,312002,phase312_seed_block,2,7,0.25,0.25,0.0,0,0.0,0.03699493780732155,0.0,0.0,hidden_breakaway_pin,1,423,423,hidden_breakaway_pin,0.748365581035614,0.748365581035614,0.9836999870836735,0.442749947309494,0.0,0.10462507605552673,0.04189469292759895,0.01086528692394495,0.0217413492500782,phase3_12c_matched_reset_no_phase4_no_cps
proxy_combined_topk_action_geom,0,hidden_breakaway_pin,312002,phase312_seed_block,2,8,0.25,0.25,0.0,0,0.0,0.0377962552011013,0.0,0.0,hidden_pin,0,761,761,hidden_pin,0.650181233882904,0.650181233882904,0.7322561837732792,0.287769079208374,0.0,0.24376629292964935,0.24947009980678558,0.006875493563711643,0.0135493203997612,phase3_12c_matched_reset_no_phase4_no_cps
proxy_combined_topk_action_geom,0,hidden_breakaway_pin,312002,phase312_seed_block,2,9,0.25,0.25,0.0,0,0.0,0.03871577978134155,0.0,0.0,hidden_pin,0,761,761,hidden_pin,0.7357232570648193,0.7357232570648193,0.849622854217887,0.3415883779525757,0.0,0.2330770492553711,0.24947009980678558,0.007468809839338064,0.01609097048640251,phase3_12c_matched_reset_no_phase4_no_cps
proxy_combined_topk_action_geom,0,hidden_breakaway_pin,312002,phase312_seed_block,2,10,0.25,0.0,-0.25,0,-0.25,0.03754289075732231,0.0,0.0,hidden_pin,0,761,761,hidden_pin,0.836263120174408,0.836263120174408,0.9630996380001307,0.29424846172332764,0.0,0.22235065698623657,0.24947009980678558,0.007115090731531382,0.01574915274977684,phase3_12c_matched_reset_no_phase4_no_cps
proxy_combined_topk_action_geom,0,hidden_breakaway_pin,312002,phase312_seed_block,2,11,0.0,0.0,0.0,0,0.0,0.03849336877465248,0.0,0.0,hidden_pin,0,749,749,hidden_pin,0.7731015682220459,0.7731015682220459,0.8919426411390304,0.35716482996940613,0.0,0.2673816978931427,0.2518869638442993,0.008569220080971718,0.01706184446811676,phase3_12c_matched_reset_no_phase4_no_cps
proxy_combined_topk_action_geom,0,hidden_breakaway_pin,312002,phase312_seed_block,2,12,0.0,0.0,0.0,0,0.0,0.03846528008580208,0.0,0.0,hidden_pin,0,749,749,hidden_pin,0.7545961141586304,0.7545961141586304,0.8869165360927582,0.44668805599212646,0.0,0.26590391993522644,0.2518869638442993,0.009320825338363647,0.019976016134023666,phase3_12c_matched_reset_no_phase4_no_cps
proxy_combined_topk_action_geom,0,hidden_breakaway_pin,312002,phase312_seed_block,2,13,0.0,0.0,0.0,0,0.0,0.04018987715244293,0.0,0.0,hidden_pin,0,761,761,hidden_pin,0.7971376180648804,0.7971376180648804,0.934056245163083,0.48005157709121704,0.0,0.26669836044311523,0.24947009980678558,0.007613592315465212,0.015817904844880104,phase3_12c_matched_reset_no_phase4_no_cps
proxy_combined_topk_action_geom,0,hidden_breakaway_pin,312002,phase312_seed_block,2,14,0.0,0.0,0.0,0,0.0,0.04083201661705971,0.0,0.0,hidden_pin,0,761,761,hidden_pin,0.7990822196006775,0.7990822196006775,0.909769881516695,0.4041196405887604,0.0,0.2400946319103241,0.24947009980678558,0.007829695008695126,0.016854438930749893,phase3_12c_matched_reset_no_phase4_no_cps
proxy_combined_topk_action_geom,0,hidden_breakaway_pin,312002,phase312_seed_block,2,15,0.0,0.0,0.0,0,0.0,0.040559861809015274,0.0,0.0,hidden_pin,0,761,761,hidden_pin,0.746483325958252,0.746483325958252,0.8455858998000622,0.40863925218582153,0.0,0.2454008311033249,0.24947009980678558,0.0074170371517539024,0.016335541382431984,phase3_12c_matched_reset_no_phase4_no_cps
proxy_combined_topk_action_geom,0,hidden_breakaway_pin,312003,phase312_seed_block,3,0,0.0,0.0,0.0,0,0.0,0.04006844758987427,0.0,0.0,free,0,76,76,free,0.2525365948677063,0.2525365948677063,0.40220205672085285,0.6736013293266296,0.0,0.5127161741256714,0.5314504504203796,0.002789177466183901,0.007928784005343914,phase3_12c_matched_reset_no_phase4_no_cps
proxy_combined_topk_action_geom,0,hidden_breakaway_pin,312003,phase312_seed_block,3,1,0.0,0.0,0.0,0,0.0,0.03994251787662506,0.0,0.0,hidden_pin,0,697,697,hidden_pin,1.8214308023452759,1.8214308023452759,2.034389214962721,0.6436830163002014,0.0,0.3985636234283447,0.35875216126441956,0.00919575896114111,0.019484110176563263,phase3_12c_matched_reset_no_phase4_no_cps
proxy_combined_topk_action_geom,0,hidden_breakaway_pin,312003,phase312_seed_block,3,2,0.0,0.0,0.0,0,0.0,0.03966839984059334,0.0,0.0,hidden_breakaway_pin,1,699,699,hidden_breakaway_pin,1.502675175666809,1.502675175666809,1.6344426639378071,0.6436229944229126,0.0,0.23515494167804718,0.23470498621463776,0.008581032045185566,0.02146153524518013,phase3_12c_matched_reset_no_phase4_no_cps
proxy_combined_topk_action_geom,0,hidden_breakaway_pin,312003,phase312_seed_block,3,3,0.0,0.0,0.0,0,0.0,0.03985041752457619,0.0,0.0,hidden_pin,0,69,69,hidden_pin,1.4052146673202515,1.4052146673202515,1.5334037132561207,0.5070561170578003,0.0,0.2786511778831482,0.2790546715259552,0.01283091027289629,0.025967998430132866,phase3_12c_matched_reset_no_phase4_no_cps
proxy_combined_topk_action_geom,0,hidden_breakaway_pin,312003,phase312_seed_block,3,4,0.0,0.0,0.0,0,0.0,0.03962625563144684,0.0,0.0,free,0,364,364,free,1.142185926437378,1.142185926437378,1.393726634979248,1.043763279914856,0.0,0.10380667448043823,0.0916643813252449,0.017672907561063766,0.03402913361787796,phase3_12c_matched_reset_no_phase4_no_cps
proxy_combined_topk_action_geom,0,hidden_breakaway_pin,312003,phase312_seed_block,3,5,0.0,0.0,0.0,0,0.0,0.04021655023097992,0.0,0.0,free,0,364,364,free,0.9696676135063171,0.9696676135063171,1.1872003868222236,0.9653412103652954,0.0,0.09380003064870834,0.0916643813252449,0.017115073278546333,0.03307183086872101,phase3_12c_matched_reset_no_phase4_no_cps
proxy_combined_topk_action_geom,0,hidden_breakaway_pin,312003,phase312_seed_block,3,6,0.0,0.0,0.0,0,0.0,0.03983393684029579,0.0,0.0,hidden_pin,0,361,361,hidden_pin,0.8951599597930908,0.8951599597930908,1.0297822911292314,0.5854485034942627,0.0,0.16856279969215393,0.1597788780927658,0.007309303153306246,0.016589658334851265,phase3_12c_matched_reset_no_phase4_no_cps
proxy_combined_topk_action_geom,0,hidden_breakaway_pin,312003,phase312_seed_block,3,7,0.0,0.0,0.0,0,0.0,0.039643872529268265,0.0,0.0,hidden_breakaway_pin,1,303,303,hidden_breakaway_pin,0.8280010223388672,0.8280010223388672,1.063289847075939,0.8113649487495422,0.0,0.07763082534074783,0.04734010994434357,0.012066075578331947,0.02280677855014801,phase3_12c_matched_reset_no_phase4_no_cps
proxy_combined_topk_action_geom,0,hidden_breakaway_pin,312003,phase312_seed_block,3,8,0.0,0.0,0.0,0,0.0,0.03983466699719429,0.0,0.0,hidden_pin,0,361,361,hidden_pin,0.8699474334716797,0.8699474334716797,1.0485323294997215,0.6093078851699829,0.0,0.18529264628887177,0.1597788780927658,0.009040294215083122,0.017876867204904556,phase3_12c_matched_reset_no_phase4_no_cps
proxy_combined_topk_action_geom,0,hidden_breakaway_pin,312003,phase312_seed_block,3,9,0.0,0.0,0.0,0,0.0,0.039620768278837204,0.0,0.0,free,0,364,364,free,0.9079486727714539,0.9079486727714539,1.1315618827939034,0.9402567148208618,0.0,0.08045466989278793,0.0916643813252449,0.01503881998360157,0.028966857120394707,phase3_12c_matched_reset_no_phase4_no_cps
proxy_combined_topk_action_geom,0,hidden_breakaway_pin,312003,phase312_seed_block,3,10,0.0,0.0,0.0,0,0.0,0.040065113455057144,0.0,0.0,hidden_pin,0,361,361,hidden_pin,0.8431118726730347,0.8431118726730347,1.0427303604781628,0.5934728384017944,0.0,0.1966383159160614,0.1597788780927658,0.009219671599566936,0.01741766557097435,phase3_12c_matched_reset_no_phase4_no_cps
proxy_combined_topk_action_geom,0,hidden_breakaway_pin,312003,phase312_seed_block,3,11,0.0,0.0,0.0,0,0.0,0.039427500218153,0.0,0.0,hidden_breakaway_pin,1,303,303,hidden_breakaway_pin,0.8946843147277832,0.8946843147277832,1.1327923499047756,0.7825440168380737,0.0,0.0838552713394165,0.04734010994434357,0.01192402746528387,0.027601590380072594,phase3_12c_matched_reset_no_phase4_no_cps
proxy_combined_topk_action_geom,0,hidden_breakaway_pin,312003,phase312_seed_block,3,12,0.0,0.0,0.0,0,0.0,0.03991985321044922,0.0,0.0,hidden_pin,0,361,361,hidden_pin,0.8800224661827087,0.8800224661827087,1.0537639670073986,0.6158772110939026,0.0,0.18291424214839935,0.1597788780927658,0.008772297762334347,0.017684629186987877,phase3_12c_matched_reset_no_phase4_no_cps
proxy_combined_topk_action_geom,0,hidden_breakaway_pin,312003,phase312_seed_block,3,13,0.0,0.0,0.0,0,0.0,0.040523648262023926,0.0,0.0,free,0,364,364,free,0.9209880232810974,0.9209880232810974,1.1393712386488914,0.9461894631385803,0.0,0.0841250941157341,0.0916643813252449,0.015344055369496346,0.029063323512673378,phase3_12c_matched_reset_no_phase4_no_cps
proxy_combined_topk_action_geom,0,hidden_breakaway_pin,312003,phase312_seed_block,3,14,0.0,0.0,0.0,0,0.0,0.040340643376111984,0.0,0.0,hidden_pin,0,361,361,hidden_pin,0.8581584095954895,0.8581584095954895,1.0517976835370064,0.5967063903808594,0.0,0.19371411204338074,0.1597788780927658,0.009065711870789528,0.017157474532723427,phase3_12c_matched_reset_no_phase4_no_cps
proxy_combined_topk_action_geom,0,hidden_breakaway_pin,312003,phase312_seed_block,3,15,0.0,0.0,0.0,0,0.0,0.04001016169786453,0.0,0.0,hidden_breakaway_pin,1,303,303,hidden_breakaway_pin,0.8728452324867249,0.8728452324867249,1.1140667751431466,0.7744727730751038,0.0,0.08565748482942581,0.04734010994434357,0.012103969231247902,0.028168344870209694,phase3_12c_matched_reset_no_phase4_no_cps
proxy_combined_topk_action_geom,0,hidden_breakaway_pin,312500,phase312b_seed_block,4,0,0.0,0.0,0.0,0,0.0,0.03970431536436081,0.0,0.0,hidden_breakaway_pin,1,407,407,hidden_breakaway_pin,0.2993885576725006,0.2993885576725006,0.3700741296634078,0.297495573759079,0.0,0.20822571218013763,0.21535399556159973,0.0029511672910302877,0.005848605651408434,phase3_12c_matched_reset_no_phase4_no_cps
proxy_combined_topk_action_geom,0,hidden_breakaway_pin,312500,phase312b_seed_block,4,1,0.0,0.0,0.0,0,0.0,0.0400618314743042,0.0,0.0,hidden_pin,0,405,405,hidden_pin,0.9804561734199524,0.9804561734199524,1.0702596291899682,0.3565981388092041,0.0,0.20496617257595062,0.21535776555538177,0.003882637247443199,0.007614165544509888,phase3_12c_matched_reset_no_phase4_no_cps
proxy_combined_topk_action_geom,0,hidden_breakaway_pin,312500,phase312b_seed_block,4,2,0.0,0.0,0.0,0,0.0,0.0396110974252224,0.0,0.0,free,0,748,748,free,0.8173248767852783,0.8173248767852783,0.9750241674482822,0.358036607503891,0.0,0.1453462839126587,0.17494449019432068,0.011199346743524075,0.023443616926670074,phase3_12c_matched_reset_no_phase4_no_cps
proxy_combined_topk_action_geom,0,hidden_breakaway_pin,312500,phase312b_seed_block,4,3,0.0,0.0,0.0,0,0.0,0.040228717029094696,0.0,0.0,hidden_pin,0,753,753,hidden_pin,0.6659223437309265,0.6659223437309265,0.7493230264633894,0.2966381311416626,0.0,0.2656954228878021,0.25695592164993286,0.005356490146368742,0.01280837133526802,phase3_12c_matched_reset_no_phase4_no_cps
proxy_combined_topk_action_geom,0,hidden_breakaway_pin,312500,phase312b_seed_block,4,4,0.0,0.0,0.0,0,0.0,0.03982827067375183,0.0,0.0,hidden_pin,0,761,761,hidden_pin,0.8196004629135132,0.8196004629135132,0.8936563979834318,0.2894023358821869,0.0,0.2453250139951706,0.24947009980678558,0.005588853266090155,0.012508250772953033,phase3_12c_matched_reset_no_phase4_no_cps
proxy_combined_topk_action_geom,0,hidden_breakaway_pin,312500,phase312b_seed_block,4,5,0.0,0.0,0.0,0,0.0,0.04064757749438286,0.0,0.0,hidden_pin,0,761,761,hidden_pin,0.7749742269515991,0.7749742269515991,0.8482023160904646,0.2595411241054535,0.0,0.24379225075244904,0.24947009980678558,0.005735305603593588,0.011817862279713154,phase3_12c_matched_reset_no_phase4_no_cps
proxy_combined_topk_action_geom,0,hidden_breakaway_pin,312500,phase312b_seed_block,4,6,0.0,0.0,0.0,0,0.0,0.039634089916944504,0.0,0.0,hidden_pin,0,761,761,hidden_pin,0.8603315949440002,0.8603315949440002,0.9377526838332415,0.2801036536693573,0.0,0.2556254267692566,0.24947009980678558,0.005773721728473902,0.01077320147305727,phase3_12c_matched_reset_no_phase4_no_cps
proxy_combined_topk_action_geom,0,hidden_breakaway_pin,312500,phase312b_seed_block,4,7,0.0,0.0,0.0,0,0.0,0.03983272239565849,0.0,0.0,hidden_pin,0,761,761,hidden_pin,0.9006447196006775,0.9006447196006775,0.970627536252141,0.27320918440818787,0.0,0.2523321509361267,0.24947009980678558,0.005819334182888269,0.01094269659370184,phase3_12c_matched_reset_no_phase4_no_cps
proxy_combined_topk_action_geom,0,hidden_breakaway_pin,312500,phase312b_seed_block,4,8,0.0,0.0,0.0,0,0.0,0.039602745324373245,0.0,0.0,hidden_pin,0,761,761,hidden_pin,1.0216466188430786,1.0216466188430786,1.0901287391781807,0.2709740698337555,0.0,0.2517385184764862,0.24947009980678558,0.005824793130159378,0.011049089953303337,phase3_12c_matched_reset_no_phase4_no_cps
proxy_combined_topk_action_geom,0,hidden_breakaway_pin,312500,phase312b_seed_block,4,9,0.0,0.0,0.0,0,0.0,0.04023561254143715,0.0,0.0,hidden_pin,0,761,761,hidden_pin,0.8821166157722473,0.8821166157722473,0.9509362734854221,0.2716546058654785,0.0,0.25174546241760254,0.24947009980678558,0.005880185402929783,0.011228210292756557,phase3_12c_matched_reset_no_phase4_no_cps
proxy_combined_topk_action_geom,0,hidden_breakaway_pin,312500,phase312b_seed_block,4,10,0.0,0.0,0.0,0,0.0,0.04022637754678726,0.0,0.0,hidden_pin,0,761,761,hidden_pin,0.8817195296287537,0.8817195296287537,0.9459394223988056,0.2663387656211853,0.0,0.2497912347316742,0.24947009980678558,0.005906702019274235,0.01133937481790781,phase3_12c_matched_reset_no_phase4_no_cps
proxy_combined_topk_action_geom,0,hidden_breakaway_pin,312500,phase312b_seed_block,4,11,0.0,0.0,0.0,0,0.0,0.03981191664934158,0.0,0.0,hidden_pin,0,761,761,hidden_pin,0.8107380270957947,0.8107380270957947,0.8823236092925072,0.2764715850353241,0.0,0.25258147716522217,0.24947009980678558,0.005973022431135178,0.011339533142745495,phase3_12c_matched_reset_no_phase4_no_cps
proxy_combined_topk_action_geom,0,hidden_breakaway_pin,312500,phase312b_seed_block,4,12,0.0,0.0,0.0,0,0.0,0.04029890149831772,0.0,0.0,hidden_pin,0,761,761,hidden_pin,0.8186548352241516,0.8186548352241516,0.8929059114307165,0.28103888034820557,0.0,0.25362828373908997,0.24947009980678558,0.005944719072431326,0.01126235444098711,phase3_12c_matched_reset_no_phase4_no_cps
proxy_combined_topk_action_geom,0,hidden_breakaway_pin,312500,phase312b_seed_block,4,13,0.0,0.0,0.0,0,0.0,0.04020069167017937,0.0,0.0,hidden_pin,0,761,761,hidden_pin,0.8276250958442688,0.8276250958442688,0.9061207305639982,0.2878446877002716,0.0,0.25517961382865906,0.24947009980678558,0.005974975880235434,0.011250991374254227,phase3_12c_matched_reset_no_phase4_no_cps
proxy_combined_topk_action_geom,0,hidden_breakaway_pin,312500,phase312b_seed_block,4,14,0.0,0.0,0.0,0,0.0,0.040015190839767456,0.0,0.0,hidden_pin,0,761,761,hidden_pin,0.8176507949829102,0.8176507949829102,0.8958274830132723,0.28568407893180847,0.0,0.2551334500312805,0.24947009980678558,0.005999343935400248,0.011304865591228008,phase3_12c_matched_reset_no_phase4_no_cps
proxy_combined_topk_action_geom,0,hidden_breakaway_pin,312500,phase312b_seed_block,4,15,0.0,0.0,0.0,0,0.0,0.04017643257975578,0.0,0.0,hidden_pin,0,761,761,hidden_pin,0.8282392024993896,0.8282392024993896,0.9056001827120781,0.2821783721446991,0.0,0.2549373507499695,0.24947009980678558,0.006024930626153946,0.011352281086146832,phase3_12c_matched_reset_no_phase4_no_cps
proxy_combined_topk_action_geom,0,hidden_breakaway_pin,312501,phase312b_seed_block,5,0,0.0,0.0,0.0,0,0.0,0.040132924914360046,0.0,0.0,free,0,584,584,free,0.13039231300354004,0.13039231300354004,0.2680757500231266,0.5806844234466553,0.0,0.32434067130088806,0.3083553910255432,0.004652553237974644,0.01059782039374113,phase3_12c_matched_reset_no_phase4_no_cps
proxy_combined_topk_action_geom,0,hidden_breakaway_pin,312501,phase312b_seed_block,5,1,0.0,0.0,0.0,0,0.0,0.03993581607937813,0.0,0.0,hidden_pin,0,445,445,hidden_pin,1.3161619901657104,1.3161619901657104,1.4332017529755832,0.5081200003623962,0.0,0.3907528221607208,0.39724117517471313,0.006961264181882143,0.015400419011712074,phase3_12c_matched_reset_no_phase4_no_cps
proxy_combined_topk_action_geom,0,hidden_breakaway_pin,312501,phase312b_seed_block,5,2,0.0,0.0,0.0,0,0.0,0.040167614817619324,0.0,0.0,hidden_pin,0,445,445,hidden_pin,1.211247205734253,1.211247205734253,1.3950608186423779,0.5159249901771545,0.0,0.35992544889450073,0.39724117517471313,0.007948352955281734,0.017327984794974327,phase3_12c_matched_reset_no_phase4_no_cps
proxy_combined_topk_action_geom,0,hidden_breakaway_pin,312501,phase312b_seed_block,5,3,0.0,0.0,0.0,0,0.0,0.03960961848497391,0.0,0.0,hidden_pin,0,181,181,hidden_pin,1.2106879949569702,1.2106879949569702,1.3414484813809395,0.45544129610061646,0.0,0.2676410377025604,0.2629486918449402,0.01326490007340908,0.02961280383169651,phase3_12c_matched_reset_no_phase4_no_cps
proxy_combined_topk_action_geom,0,hidden_breakaway_pin,312501,phase312b_seed_block,5,4,0.0,0.0,0.0,0,0.0,0.040271829813718796,0.0,0.0,hidden_pin,0,445,445,hidden_pin,1.0786857604980469,1.0786857604980469,1.2992725625634194,0.6250168085098267,0.0,0.3593439757823944,0.39724117517471313,0.012759970501065254,0.024394847452640533,phase3_12c_matched_reset_no_phase4_no_cps
proxy_combined_topk_action_geom,0,hidden_breakaway_pin,312501,phase312b_seed_block,5,5,0.0,0.0,0.0,0,0.0,0.03934342786669731,0.0,0.0,hidden_pin,0,445,445,hidden_pin,1.1837762594223022,1.1837762594223022,1.376881507784128,0.6153828501701355,0.0,0.3733308017253876,0.39724117517471313,0.013244268484413624,0.024306364357471466,phase3_12c_matched_reset_no_phase4_no_cps
proxy_combined_topk_action_geom,0,hidden_breakaway_pin,312501,phase312b_seed_block,5,6,0.0,0.0,0.0,0,0.0,0.03984012454748154,0.0,0.0,hidden_pin,0,445,445,hidden_pin,1.1945030689239502,1.1945030689239502,1.4057707145810128,0.6267194151878357,0.0,0.3678732216358185,0.39724117517471313,0.014630956575274467,0.027193183079361916,phase3_12c_matched_reset_no_phase4_no_cps
proxy_combined_topk_action_geom,0,hidden_breakaway_pin,312501,phase312b_seed_block,5,7,0.0,0.0,0.0,0,0.0,0.03934285044670105,0.0,0.0,hidden_pin,0,17,17,hidden_pin,1.4562197923660278,1.4562197923660278,1.6454155176877976,0.5373282432556152,0.0,0.2268310934305191,0.2301042526960373,0.025512542575597763,0.056018225848674774,phase3_12c_matched_reset_no_phase4_no_cps
proxy_combined_topk_action_geom,0,hidden_breakaway_pin,312501,phase312b_seed_block,5,8,0.0,0.0,0.0,0,0.0,0.03963062912225723,0.0,0.0,hidden_pin,0,445,445,hidden_pin,1.1460164785385132,1.1460164785385132,1.370857686549425,0.6101964712142944,0.0,0.3611099123954773,0.39724117517471313,0.015262302942574024,0.02802385203540325,phase3_12c_matched_reset_no_phase4_no_cps
proxy_combined_topk_action_geom,0,hidden_breakaway_pin,312501,phase312b_seed_block,5,9,0.0,0.0,0.0,0,0.0,0.03966904804110527,0.0,0.0,hidden_pin,0,445,445,hidden_pin,1.1407397985458374,1.1407397985458374,1.3079128243029117,0.5985844731330872,0.0,0.3845245838165283,0.39724117517471313,0.012988043017685413,0.02443723753094673,phase3_12c_matched_reset_no_phase4_no_cps
proxy_combined_topk_action_geom,0,hidden_breakaway_pin,312501,phase312b_seed_block,5,10,0.0,0.0,0.0,0,0.0,0.0398811399936676,0.0,0.0,hidden_pin,0,445,445,hidden_pin,1.178016185760498,1.178016185760498,1.3911641925573348,0.6403178572654724,0.0,0.36474230885505676,0.39724117517471313,0.013025648891925812,0.024527618661522865,phase3_12c_matched_reset_no_phase4_no_cps
proxy_combined_topk_action_geom,0,hidden_breakaway_pin,312501,phase312b_seed_block,5,11,0.0,0.0,0.0,0,0.0,0.04038424789905548,0.0,0.0,hidden_pin,0,445,445,hidden_pin,1.2445148229599,1.2445148229599,1.4772207751870154,0.6551614999771118,0.0,0.36314836144447327,0.39724117517471313,0.01656152494251728,0.030544355511665344,phase3_12c_matched_reset_no_phase4_no_cps
proxy_combined_topk_action_geom,0,hidden_breakaway_pin,312501,phase312b_seed_block,5,12,0.0,0.0,0.0,0,0.0,0.03991406783461571,0.0,0.0,hidden_pin,0,445,445,hidden_pin,1.228507161140442,1.228507161140442,1.4412959650158883,0.6735348105430603,0.0,0.37425655126571655,0.39724117517471313,0.016447333618998528,0.031015625223517418,phase3_12c_matched_reset_no_phase4_no_cps
proxy_combined_topk_action_geom,0,hidden_breakaway_pin,312501,phase312b_seed_block,5,13,0.0,0.0,0.0,0,0.0,0.03977588936686516,0.0,0.0,hidden_pin,0,445,445,hidden_pin,1.293527364730835,1.293527364730835,1.5085455462336541,0.689484715461731,0.0,0.37375935912132263,0.39724117517471313,0.016157960519194603,0.03006412833929062,phase3_12c_matched_reset_no_phase4_no_cps
proxy_combined_topk_action_geom,0,hidden_breakaway_pin,312501,phase312b_seed_block,5,14,0.0,0.0,0.0,0,0.0,0.03944391384720802,0.0,0.0,hidden_pin,0,445,445,hidden_pin,1.2695369720458984,1.2695369720458984,1.4789866298437118,0.6924889087677002,0.0,0.37891045212745667,0.39724117517471313,0.01722871884703636,0.03197935223579407,phase3_12c_matched_reset_no_phase4_no_cps
proxy_combined_topk_action_geom,0,hidden_breakaway_pin,312501,phase312b_seed_block,5,15,0.0,0.0,0.0,0,0.0,0.03954147547483444,0.0,0.0,hidden_pin,0,445,445,hidden_pin,1.2720022201538086,1.2720022201538086,1.4767000287771226,0.6987255215644836,0.0,0.3819528818130493,0.39724117517471313,0.01732809841632843,0.03242809325456619,phase3_12c_matched_reset_no_phase4_no_cps
proxy_combined_topk_action_geom,0,hidden_breakaway_pin,312502,phase312b_seed_block,6,0,0.0,0.0,0.0,0,0.0,0.03996087610721588,0.0,0.0,hidden_pin,0,433,433,hidden_pin,0.2989809811115265,0.2989809811115265,0.44913806319236754,0.502875566482544,0.0,0.4319225549697876,0.44744208455085754,0.010921671986579895,0.025581838563084602,phase3_12c_matched_reset_no_phase4_no_cps
proxy_combined_topk_action_geom,0,hidden_breakaway_pin,312502,phase312b_seed_block,6,1,0.0,0.0,0.0,0,0.0,0.026960056275129318,0.0,0.0,hidden_high_friction,0,146,146,hidden_high_friction,4.689423561096191,4.689423561096191,4.99528079777956,0.560468852519989,0.0,0.12837591767311096,0.2026812583208084,0.01829405687749386,0.04562053456902504,phase3_12c_matched_reset_no_phase4_no_cps
proxy_combined_topk_action_geom,0,hidden_breakaway_pin,312502,phase312b_seed_block,6,2,0.0,0.0,0.0,0,0.0,0.022976534441113472,0.0,0.0,hidden_pin,0,53,53,hidden_pin,0.8180175423622131,0.8180175423622131,0.9710781183093786,0.652095377445221,0.0,0.6112302541732788,0.6316218972206116,0.003615745808929205,0.007141544949263334,phase3_12c_matched_reset_no_phase4_no_cps
proxy_combined_topk_action_geom,0,hidden_breakaway_pin,312502,phase312b_seed_block,6,3,0.0,0.0,0.0,0,0.0,0.025253823027014732,0.0,0.0,hidden_high_friction,0,18,18,hidden_high_friction,1.1630299091339111,1.1630299091339111,1.3992238767445087,0.550144374370575,0.0,0.0844026431441307,0.14550668001174927,0.007866059429943562,0.01807493343949318,phase3_12c_matched_reset_no_phase4_no_cps
proxy_combined_topk_action_geom,0,hidden_breakaway_pin,312502,phase312b_seed_block,6,4,0.0,0.0,0.0,0,0.0,0.03968022018671036,0.0,0.0,hidden_pin,0,185,185,hidden_pin,0.7994958162307739,0.7994958162307739,0.9708746038377285,0.39935827255249023,0.0,0.22571203112602234,0.25663602352142334,0.01240676548331976,0.023654364049434662,phase3_12c_matched_reset_no_phase4_no_cps
proxy_combined_topk_action_geom,0,hidden_breakaway_pin,312502,phase312b_seed_block,6,5,0.0,0.0,0.0,0,0.0,0.039683274924755096,0.0,0.0,hidden_high_friction,0,446,446,hidden_high_friction,0.831826388835907,0.831826388835907,0.9696463888883591,0.3248595595359802,0.0,0.06825719773769379,0.051188886165618896,0.007867209613323212,0.016430580988526344,phase3_12c_matched_reset_no_phase4_no_cps
proxy_combined_topk_action_geom,0,hidden_breakaway_pin,312502,phase312b_seed_block,6,6,0.0,0.0,0.0,0,0.0,0.03989362344145775,0.0,0.0,hidden_breakaway_pin,1,115,115,hidden_breakaway_pin,0.543062686920166,0.543062686920166,0.6838670937716961,0.24877826869487762,0.0,0.05168533697724342,0.04748205840587616,0.009612945839762688,0.019163768738508224,phase3_12c_matched_reset_no_phase4_no_cps
proxy_combined_topk_action_geom,0,hidden_breakaway_pin,312502,phase312b_seed_block,6,7,0.0,0.0,0.0,0,0.0,0.04047980532050133,0.0,0.0,hidden_pin,0,761,761,hidden_pin,0.4531794488430023,0.4531794488430023,0.6061121728271246,0.4732471704483032,0.0,0.2764674425125122,0.24947009980678558,0.0069877407513558865,0.014254661276936531,phase3_12c_matched_reset_no_phase4_no_cps
proxy_combined_topk_action_geom,0,hidden_breakaway_pin,312502,phase312b_seed_block,6,8,0.0,0.0,0.0,0,0.0,0.04067011550068855,0.0,0.0,hidden_pin,0,761,761,hidden_pin,0.6540665626525879,0.6540665626525879,0.7710191316902637,0.4125407636165619,0.0,0.2346251904964447,0.24947009980678558,0.006345408968627453,0.015026628039777279,phase3_12c_matched_reset_no_phase4_no_cps
proxy_combined_topk_action_geom,0,hidden_breakaway_pin,312502,phase312b_seed_block,6,9,0.0,0.0,0.0,0,0.0,0.04003922641277313,0.0,0.0,hidden_pin,0,761,761,hidden_pin,0.6590719819068909,0.6590719819068909,0.7774586848914623,0.4058506488800049,0.0,0.23419030010700226,0.24947009980678558,0.0067373765632510185,0.015780141577124596,phase3_12c_matched_reset_no_phase4_no_cps
proxy_combined_topk_action_geom,0,hidden_breakaway_pin,312502,phase312b_seed_block,6,10,0.0,0.0,0.0,0,0.0,0.04063589125871658,0.0,0.0,hidden_pin,0,761,761,hidden_pin,0.744060218334198,0.744060218334198,0.8781468592584133,0.3857536017894745,0.0,0.22738178074359894,0.24947009980678558,0.008011740632355213,0.01721257157623768,phase3_12c_matched_reset_no_phase4_no_cps
proxy_combined_topk_action_geom,0,hidden_breakaway_pin,312502,phase312b_seed_block,6,11,0.0,0.0,0.0,0,0.0,0.040292639285326004,0.0,0.0,hidden_pin,0,761,761,hidden_pin,0.7278788089752197,0.7278788089752197,0.8546254429966211,0.39284035563468933,0.0,0.2309509515762329,0.24947009980678558,0.007695571053773165,0.016816481947898865,phase3_12c_matched_reset_no_phase4_no_cps
proxy_combined_topk_action_geom,0,hidden_breakaway_pin,312502,phase312b_seed_block,6,12,0.0,0.0,0.0,0,0.0,0.04002588242292404,0.0,0.0,hidden_pin,0,761,761,hidden_pin,0.7139356732368469,0.7139356732368469,0.8378893069922924,0.40450024604797363,0.0,0.23300449550151825,0.24947009980678558,0.007586847059428692,0.01674484834074974,phase3_12c_matched_reset_no_phase4_no_cps
proxy_combined_topk_action_geom,0,hidden_breakaway_pin,312502,phase312b_seed_block,6,13,0.0,0.0,0.0,0,0.0,0.04037603735923767,0.0,0.0,hidden_pin,0,761,761,hidden_pin,0.7188733816146851,0.7188733816146851,0.8374869275838137,0.40959519147872925,0.0,0.2357649952173233,0.24947009980678558,0.007441014517098665,0.016586104407906532,phase3_12c_matched_reset_no_phase4_no_cps
proxy_combined_topk_action_geom,0,hidden_breakaway_pin,312502,phase312b_seed_block,6,14,0.0,0.0,0.0,0,0.0,0.04013779014348984,0.0,0.0,hidden_pin,0,761,761,hidden_pin,0.7313722372055054,0.7313722372055054,0.8523670997470617,0.40388891100883484,0.0,0.23433060944080353,0.24947009980678558,0.007533136289566755,0.016684427857398987,phase3_12c_matched_reset_no_phase4_no_cps
proxy_combined_topk_action_geom,0,hidden_breakaway_pin,312502,phase312b_seed_block,6,15,0.0,0.0,0.0,0,0.0,0.04051180183887482,0.0,0.0,hidden_pin,0,761,761,hidden_pin,0.7225304841995239,0.7225304841995239,0.8438633907586336,0.3960425555706024,0.0,0.2337189018726349,0.24947009980678558,0.007606031838804483,0.016793319955468178,phase3_12c_matched_reset_no_phase4_no_cps
proxy_combined_topk_action_geom,0,hidden_breakaway_pin,312503,phase312b_seed_block,7,0,0.0,0.0,0.0,0,0.0,0.03983435407280922,0.0,0.0,hidden_pin,0,525,525,hidden_pin,0.2401416003704071,0.2401416003704071,0.40544084291905164,0.6138105392456055,0.0,0.32709717750549316,0.2959190607070923,0.002717857016250491,0.006804835982620716,phase3_12c_matched_reset_no_phase4_no_cps
proxy_combined_topk_action_geom,0,hidden_breakaway_pin,312503,phase312b_seed_block,7,1,0.0,0.0,0.0,0,0.0,0.03969674929976463,0.0,0.0,hidden_pin,0,301,301,hidden_pin,1.1253031492233276,1.1253031492233276,1.3286955013871193,0.5705104470252991,0.0,0.4605109691619873,0.4235059916973114,0.010951457545161247,0.0286119282245636,phase3_12c_matched_reset_no_phase4_no_cps
proxy_combined_topk_action_geom,0,hidden_breakaway_pin,312503,phase312b_seed_block,7,2,0.0,0.0,0.0,0,0.0,0.04044998064637184,0.0,0.0,hidden_pin,0,725,725,hidden_pin,1.2374045848846436,1.2374045848846436,1.3995266750454902,0.463228702545166,0.0,0.3148649036884308,0.3270743191242218,0.017054738476872444,0.043944139033555984,phase3_12c_matched_reset_no_phase4_no_cps
proxy_combined_topk_action_geom,0,hidden_breakaway_pin,312503,phase312b_seed_block,7,3,0.0,0.0,0.0,0,0.0,0.0398014672100544,0.0,0.0,hidden_pin,0,761,761,hidden_pin,1.2278916835784912,1.2278916835784912,1.3410861000418663,0.4224456548690796,0.0,0.24739789962768555,0.24947009980678558,0.01142079196870327,0.027319053187966347,phase3_12c_matched_reset_no_phase4_no_cps
proxy_combined_topk_action_geom,0,hidden_breakaway_pin,312503,phase312b_seed_block,7,4,0.0,0.0,0.0,0,0.0,0.03980708122253418,0.0,0.0,hidden_pin,0,761,761,hidden_pin,1.0637717247009277,1.0637717247009277,1.2214765429496766,0.4125383198261261,0.0,0.27466198801994324,0.24947009980678558,0.01136007346212864,0.0243020448833704,phase3_12c_matched_reset_no_phase4_no_cps
proxy_combined_topk_action_geom,0,hidden_breakaway_pin,312503,phase312b_seed_block,7,5,0.0,0.0,0.0,0,0.0,0.03986239433288574,0.0,0.0,hidden_pin,0,189,189,hidden_pin,1.0219539403915405,1.0219539403915405,1.1836918503046037,0.4415879547595978,0.0,0.23527085781097412,0.2567327320575714,0.0131439920514822,0.03286498039960861,phase3_12c_matched_reset_no_phase4_no_cps
proxy_combined_topk_action_geom,0,hidden_breakaway_pin,312503,phase312b_seed_block,7,6,0.0,0.0,0.0,0,0.0,0.04042154923081398,0.0,0.0,hidden_pin,0,185,185,hidden_pin,0.9228387475013733,0.9228387475013733,1.0501502081751823,0.445781946182251,0.0,0.24346089363098145,0.25663602352142334,0.008523477241396904,0.021940751001238823,phase3_12c_matched_reset_no_phase4_no_cps
proxy_combined_topk_action_geom,0,hidden_breakaway_pin,312503,phase312b_seed_block,7,7,0.0,0.0,0.0,0,0.0,0.040524378418922424,0.0,0.0,hidden_pin,0,185,185,hidden_pin,0.9288057684898376,0.9288057684898376,1.0817286558449268,0.38993358612060547,0.0,0.23107588291168213,0.25663602352142334,0.010828142054378986,0.026453934609889984,phase3_12c_matched_reset_no_phase4_no_cps
proxy_combined_topk_action_geom,0,hidden_breakaway_pin,312503,phase312b_seed_block,7,8,0.0,0.0,0.0,0,0.0,0.039969198405742645,0.0,0.0,hidden_pin,0,185,185,hidden_pin,1.0064278841018677,1.0064278841018677,1.1305110178887845,0.4455968141555786,0.0,0.25272268056869507,0.25663602352142334,0.01235423143953085,0.03158419951796532,phase3_12c_matched_reset_no_phase4_no_cps
proxy_combined_topk_action_geom,0,hidden_breakaway_pin,312503,phase312b_seed_block,7,9,0.0,0.0,0.0,0,0.0,0.04056624695658684,0.0,0.0,hidden_pin,0,185,185,hidden_pin,1.0403218269348145,1.0403218269348145,1.1826309502124785,0.47513893246650696,0.0,0.2668364942073822,0.25663602352142334,0.012659335508942604,0.030537500977516174,phase3_12c_matched_reset_no_phase4_no_cps
proxy_combined_topk_action_geom,0,hidden_breakaway_pin,312503,phase312b_seed_block,7,10,0.0,0.0,0.0,0,0.0,0.040232352912425995,0.0,0.0,hidden_pin,0,185,185,hidden_pin,1.0924643278121948,1.0924643278121948,1.2363685742020607,0.4647630453109741,0.0,0.2701428532600403,0.25663602352142334,0.011794032528996468,0.0287524051964283,phase3_12c_matched_reset_no_phase4_no_cps
proxy_combined_topk_action_geom,0,hidden_breakaway_pin,312503,phase312b_seed_block,7,11,0.0,0.0,0.0,0,0.0,0.0401521734893322,0.0,0.0,hidden_breakaway_pin,1,259,259,hidden_breakaway_pin,1.0831935405731201,1.0831935405731201,1.2615406671911478,0.4310625493526459,0.0,0.07747641950845718,0.03607448562979698,0.006459178868681192,0.015277368016541004,phase3_12c_matched_reset_no_phase4_no_cps
proxy_combined_topk_action_geom,0,hidden_breakaway_pin,312503,phase312b_seed_block,7,12,0.0,0.0,0.0,0,0.0,0.03535083681344986,0.0,0.0,hidden_pin,0,125,125,hidden_pin,1.2482898235321045,1.2482898235321045,1.43926852196455,0.581534206867218,0.0,0.26972654461860657,0.2854427993297577,0.018079014495015144,0.04462958499789238,phase3_12c_matched_reset_no_phase4_no_cps
proxy_combined_topk_action_geom,0,hidden_breakaway_pin,312503,phase312b_seed_block,7,13,0.0,0.0,0.0,0,0.0,0.03554573282599449,0.0,0.0,hidden_pin,0,761,761,hidden_pin,0.8395699262619019,0.8395699262619019,1.0519338503479958,0.4241895377635956,0.0,0.3021160364151001,0.24947009980678558,0.010860905051231384,0.024918170645833015,phase3_12c_matched_reset_no_phase4_no_cps
proxy_combined_topk_action_geom,0,hidden_breakaway_pin,312503,phase312b_seed_block,7,14,0.0,0.0,0.0,0,0.0,0.03641536831855774,0.0,0.0,hidden_pin,0,761,761,hidden_pin,0.9819203019142151,0.9819203019142151,1.1258949257433415,0.31809818744659424,0.0,0.27057746052742004,0.24947009980678558,0.013511293567717075,0.026895448565483093,phase3_12c_matched_reset_no_phase4_no_cps
proxy_combined_topk_action_geom,0,hidden_breakaway_pin,312503,phase312b_seed_block,7,15,0.0,0.0,0.0,0,0.0,0.03833743557333946,0.0,0.0,hidden_pin,0,717,717,hidden_pin,1.2293076515197754,1.2293076515197754,1.3859621904790402,0.4111161231994629,0.0,0.29668697714805603,0.32790297269821167,0.00813878234475851,0.019537504762411118,phase3_12c_matched_reset_no_phase4_no_cps
proxy_combined_topk_action_geom,0,hidden_high_friction,312000,phase312_seed_block,0,0,0.2916666666666667,0.75,0.4583333333333333,0,0.4583333333333333,0.03900878131389618,0.0,0.0,hidden_high_friction,1,578,578,hidden_high_friction,0.39687013626098633,0.39687013626098633,0.5178654160350561,0.6434350609779358,0.0,0.35256457328796387,0.34997910261154175,0.004827269818633795,0.01225525513291359,phase3_12c_matched_reset_no_phase4_no_cps
proxy_combined_topk_action_geom,0,hidden_high_friction,312000,phase312_seed_block,0,1,0.75,0.7083333333333334,-0.04166666666666663,0,-0.04166666666666663,0.03937595337629318,0.0,0.0,hidden_pin,0,157,157,hidden_pin,1.278745174407959,1.278745174407959,1.3816821422427892,0.48525577783584595,0.0,0.11962254345417023,0.12394401431083679,0.0053764148615300655,0.010836741887032986,phase3_12c_matched_reset_no_phase4_no_cps
proxy_combined_topk_action_geom,0,hidden_high_friction,312000,phase312_seed_block,0,2,0.7083333333333334,0.5,-0.20833333333333337,0,-0.20833333333333337,0.03998139873147011,0.0,0.0,hidden_high_friction,1,158,158,hidden_high_friction,0.9369147419929504,0.9369147419929504,1.0549466221034527,0.48573219776153564,0.0,0.07420475035905838,0.06782101839780807,0.0052035218104720116,0.011857251636683941,phase3_12c_matched_reset_no_phase4_no_cps
proxy_combined_topk_action_geom,0,hidden_high_friction,312000,phase312_seed_block,0,3,0.5,0.5,0.0,0,0.0,0.04026857018470764,0.0,0.0,hidden_pin,0,165,165,hidden_pin,0.4865844249725342,0.4865844249725342,0.5876397307962179,0.40570059418678284,0.0,0.11563482880592346,0.10418421775102615,0.004324748646467924,0.008698447607457638,phase3_12c_matched_reset_no_phase4_no_cps
proxy_combined_topk_action_geom,0,hidden_high_friction,312000,phase312_seed_block,0,4,0.5,0.5,0.0,0,0.0,0.04040352255105972,0.0,0.0,hidden_pin,0,165,165,hidden_pin,0.3386387228965759,0.3386387228965759,0.45884608663618565,0.5948257446289062,0.0,0.09324190765619278,0.10418421775102615,0.002274720463901758,0.005750571843236685,phase3_12c_matched_reset_no_phase4_no_cps
proxy_combined_topk_action_geom,0,hidden_high_friction,312000,phase312_seed_block,0,5,0.5,0.5,0.0,0,0.0,0.04034780338406563,0.0,0.0,hidden_pin,0,165,165,hidden_pin,0.33878955245018005,0.33878955245018005,0.45917800813913345,0.6575831770896912,0.0,0.10014916211366653,0.10418421775102615,0.0034202169626951218,0.00833476148545742,phase3_12c_matched_reset_no_phase4_no_cps
proxy_combined_topk_action_geom,0,hidden_high_friction,312000,phase312_seed_block,0,6,0.5,0.5,0.0,0,0.0,0.040306005626916885,0.0,0.0,hidden_pin,0,165,165,hidden_pin,0.4971523582935333,0.4971523582935333,0.5933151010423898,0.46347084641456604,0.0,0.11271750926971436,0.10418421775102615,0.0023938831873238087,0.004607451613992453,phase3_12c_matched_reset_no_phase4_no_cps
proxy_combined_topk_action_geom,0,hidden_high_friction,312000,phase312_seed_block,0,7,0.5,0.5,0.0,0,0.0,0.03958740085363388,0.0,0.0,hidden_pin,0,165,165,hidden_pin,0.5044925808906555,0.5044925808906555,0.6058695096522569,0.45038068294525146,0.0,0.11384414881467819,0.10418421775102615,0.003624991048127413,0.006808531004935503,phase3_12c_matched_reset_no_phase4_no_cps
proxy_combined_topk_action_geom,0,hidden_high_friction,312000,phase312_seed_block,0,8,0.5,0.5,0.0,0,0.0,0.040611930191516876,0.0,0.0,hidden_pin,0,165,165,hidden_pin,0.5279841423034668,0.5279841423034668,0.6196874905377626,0.46613210439682007,0.0,0.11020208150148392,0.10418421775102615,0.002436951268464327,0.004516313783824444,phase3_12c_matched_reset_no_phase4_no_cps
proxy_combined_topk_action_geom,0,hidden_high_friction,312000,phase312_seed_block,0,9,0.5,0.5,0.0,0,0.0,0.04031766578555107,0.0,0.0,hidden_pin,0,165,165,hidden_pin,0.5522682070732117,0.5522682070732117,0.6389440014958382,0.47605058550834656,0.0,0.10799030214548111,0.10418421775102615,0.00191400945186615,0.003980122972279787,phase3_12c_matched_reset_no_phase4_no_cps
proxy_combined_topk_action_geom,0,hidden_high_friction,312000,phase312_seed_block,0,10,0.5,0.5,0.0,0,0.0,0.040315013378858566,0.0,0.0,hidden_pin,0,165,165,hidden_pin,0.5299122333526611,0.5299122333526611,0.6180507997050881,0.4738825559616089,0.0,0.10864205658435822,0.10418421775102615,0.0020351263228803873,0.00410875491797924,phase3_12c_matched_reset_no_phase4_no_cps
proxy_combined_topk_action_geom,0,hidden_high_friction,312000,phase312_seed_block,0,11,0.5,0.5,0.0,0,0.0,0.04029155895113945,0.0,0.0,hidden_pin,0,165,165,hidden_pin,0.5328830480575562,0.5328830480575562,0.6226931994780898,0.46985360980033875,0.0,0.10924544930458069,0.10418421775102615,0.002302411710843444,0.004360302351415157,phase3_12c_matched_reset_no_phase4_no_cps
proxy_combined_topk_action_geom,0,hidden_high_friction,312000,phase312_seed_block,0,12,0.5,0.5,0.0,0,0.0,0.0400051549077034,0.0,0.0,hidden_pin,0,165,165,hidden_pin,0.523104190826416,0.523104190826416,0.6129030654206872,0.4684467017650604,0.0,0.10929261147975922,0.10418421775102615,0.0023287704680114985,0.004365055356174707,phase3_12c_matched_reset_no_phase4_no_cps
proxy_combined_topk_action_geom,0,hidden_high_friction,312000,phase312_seed_block,0,13,0.5,0.5,0.0,0,0.0,0.040220923721790314,0.0,0.0,hidden_pin,0,165,165,hidden_pin,0.5122342705726624,0.5122342705726624,0.6020505813881755,0.4707303047180176,0.0,0.10934021323919296,0.10418421775102615,0.0022236935328692198,0.004237363580614328,phase3_12c_matched_reset_no_phase4_no_cps
proxy_combined_topk_action_geom,0,hidden_high_friction,312000,phase312_seed_block,0,14,0.5,0.5,0.0,0,0.0,0.0395788848400116,0.0,0.0,hidden_pin,0,165,165,hidden_pin,0.5309798121452332,0.5309798121452332,0.6200442099943757,0.46984925866127014,0.0,0.10909043997526169,0.10418421775102615,0.00219364115037024,0.0042394911870360374,phase3_12c_matched_reset_no_phase4_no_cps
proxy_combined_topk_action_geom,0,hidden_high_friction,312000,phase312_seed_block,0,15,0.5,0.5,0.0,0,0.0,0.039899613708257675,0.0,0.0,hidden_pin,0,165,165,hidden_pin,0.7477642297744751,0.7477642297744751,0.8375575806945562,0.46862804889678955,0.0,0.10939671844244003,0.10418421775102615,0.002268535550683737,0.004365501459687948,phase3_12c_matched_reset_no_phase4_no_cps
proxy_combined_topk_action_geom,0,hidden_high_friction,312001,phase312_seed_block,1,0,0.0,0.0,0.0,0,0.0,0.039492592215538025,0.0,0.0,hidden_high_friction,1,506,506,hidden_high_friction,0.3483230769634247,0.3483230769634247,0.47678818367421627,0.7035088539123535,0.0,0.27932435274124146,0.2753169536590576,0.003730995114892721,0.009524504654109478,phase3_12c_matched_reset_no_phase4_no_cps
proxy_combined_topk_action_geom,0,hidden_high_friction,312001,phase312_seed_block,1,1,0.0,0.0,0.0,0,0.0,0.039023399353027344,0.0,0.0,hidden_high_friction,1,30,30,hidden_high_friction,1.473346471786499,1.473346471786499,1.593519726023078,0.5059148073196411,0.0,0.3644450306892395,0.3743215501308441,0.0061332485638558865,0.01393294706940651,phase3_12c_matched_reset_no_phase4_no_cps
proxy_combined_topk_action_geom,0,hidden_high_friction,312001,phase312_seed_block,1,2,0.0,0.0,0.0,0,0.0,0.03967634588479996,0.0,0.0,hidden_high_friction,1,726,726,hidden_high_friction,1.1351178884506226,1.1351178884506226,1.2783011086285114,0.4129354655742645,0.0,0.08564257621765137,0.0971287190914154,0.014567653648555279,0.029951194301247597,phase3_12c_matched_reset_no_phase4_no_cps
proxy_combined_topk_action_geom,0,hidden_high_friction,312001,phase312_seed_block,1,3,0.0,0.0,0.0,0,0.0,0.04001777991652489,0.0,0.0,hidden_high_friction,1,466,466,hidden_high_friction,0.7503244876861572,0.7503244876861572,0.936027336716652,0.3543733060359955,0.0,0.06540470570325851,0.030932562425732613,0.008602994494140148,0.018509233370423317,phase3_12c_matched_reset_no_phase4_no_cps
proxy_combined_topk_action_geom,0,hidden_high_friction,312001,phase312_seed_block,1,4,0.0,0.0,0.0,0,0.0,0.04041255638003349,0.0,0.0,hidden_breakaway_pin,0,351,351,hidden_breakaway_pin,0.6120718121528625,0.6120718121528625,0.7744529949873686,0.6942192316055298,0.0,0.06799748539924622,0.05932687595486641,0.004225512500852346,0.010694708675146103,phase3_12c_matched_reset_no_phase4_no_cps
proxy_combined_topk_action_geom,0,hidden_high_friction,312001,phase312_seed_block,1,5,0.0,0.0,0.0,0,0.0,0.0401809886097908,0.0,0.0,hidden_breakaway_pin,0,351,351,hidden_breakaway_pin,0.4357541799545288,0.4357541799545288,0.6194972413033247,0.7941821217536926,0.0,0.0651182010769844,0.05932687595486641,0.005817373748868704,0.012214798480272293,phase3_12c_matched_reset_no_phase4_no_cps
proxy_combined_topk_action_geom,0,hidden_high_friction,312001,phase312_seed_block,1,6,0.0,0.0,0.0,0,0.0,0.03968501091003418,0.0,0.0,free,0,348,348,free,0.4639655351638794,0.4639655351638794,0.7022937934845686,0.9375335574150085,0.0,0.08932700753211975,0.05381050705909729,0.0066663059405982494,0.013781432993710041,phase3_12c_matched_reset_no_phase4_no_cps
proxy_combined_topk_action_geom,0,hidden_high_friction,312001,phase312_seed_block,1,7,0.0,0.0,0.0,0,0.0,0.040448419749736786,0.0,0.0,free,0,468,468,free,0.5003840923309326,0.5003840923309326,0.6915266264230013,0.4693700075149536,0.0,0.08019566535949707,0.033005788922309875,0.00658932002261281,0.01614517718553543,phase3_12c_matched_reset_no_phase4_no_cps
proxy_combined_topk_action_geom,0,hidden_high_friction,312001,phase312_seed_block,1,8,0.0,0.0,0.0,0,0.0,0.04002881050109863,0.0,0.0,free,0,468,468,free,0.4251057505607605,0.4251057505607605,0.6141452877223492,0.4263036549091339,0.0,0.07560756802558899,0.033005788922309875,0.007776391692459583,0.019478633999824524,phase3_12c_matched_reset_no_phase4_no_cps
proxy_combined_topk_action_geom,0,hidden_high_friction,312001,phase312_seed_block,1,9,0.0,0.0,0.0,0,0.0,0.040186356753110886,0.0,0.0,free,0,468,468,free,0.4503476023674011,0.4503476023674011,0.6432140184938908,0.36783209443092346,0.0,0.07744399458169937,0.033005788922309875,0.010925794951617718,0.024348359555006027,phase3_12c_matched_reset_no_phase4_no_cps
proxy_combined_topk_action_geom,0,hidden_high_friction,312001,phase312_seed_block,1,10,0.0,0.0,0.0,0,0.0,0.04026840254664421,0.0,0.0,free,0,468,468,free,0.4749867618083954,0.4749867618083954,0.667601048797369,0.38083702325820923,0.0,0.07254038006067276,0.033005788922309875,0.010375077836215496,0.02312176674604416,phase3_12c_matched_reset_no_phase4_no_cps
proxy_combined_topk_action_geom,0,hidden_high_friction,312001,phase312_seed_block,1,11,0.0,0.0,0.0,0,0.0,0.03995208442211151,0.0,0.0,free,0,468,468,free,0.47082430124282837,0.47082430124282837,0.6612496002018452,0.38857728242874146,0.0,0.07084313035011292,0.033005788922309875,0.009537571109831333,0.02183389663696289,phase3_12c_matched_reset_no_phase4_no_cps
proxy_combined_topk_action_geom,0,hidden_high_friction,312001,phase312_seed_block,1,12,0.0,0.0,0.0,0,0.0,0.04029682278633118,0.0,0.0,free,0,468,468,free,0.47340449690818787,0.47340449690818787,0.6635815820097923,0.3846099376678467,0.0,0.07150160521268845,0.033005788922309875,0.009624293074011803,0.022241763770580292,phase3_12c_matched_reset_no_phase4_no_cps
proxy_combined_topk_action_geom,0,hidden_high_friction,312001,phase312_seed_block,1,13,0.0,0.0,0.0,0,0.0,0.039651013910770416,0.0,0.0,free,0,468,468,free,0.45824483036994934,0.45824483036994934,0.6489534868299961,0.38312363624572754,0.0,0.07141222059726715,0.033005788922309875,0.009812922216951847,0.022463012486696243,phase3_12c_matched_reset_no_phase4_no_cps
proxy_combined_topk_action_geom,0,hidden_high_friction,312001,phase312_seed_block,1,14,0.0,0.0,0.0,0,0.0,0.04022844135761261,0.0,0.0,free,0,468,468,free,0.45499977469444275,0.45499977469444275,0.6459258905053139,0.3845280408859253,0.0,0.07111016660928726,0.033005788922309875,0.00981462188065052,0.022370517253875732,phase3_12c_matched_reset_no_phase4_no_cps
proxy_combined_topk_action_geom,0,hidden_high_friction,312001,phase312_seed_block,1,15,0.0,0.0,0.0,0,0.0,0.04076021537184715,0.0,0.0,free,0,468,468,free,0.4564129114151001,0.4564129114151001,0.6474841727316379,0.38681986927986145,0.0,0.07119175046682358,0.033005788922309875,0.009764964692294598,0.022349316626787186,phase3_12c_matched_reset_no_phase4_no_cps
proxy_combined_topk_action_geom,0,hidden_high_friction,312002,phase312_seed_block,2,0,0.0,0.0,0.0,0,0.0,0.03710712119936943,0.0,0.0,hidden_high_friction,1,238,238,hidden_high_friction,0.8086628317832947,0.8086628317832947,0.9726601056754589,0.7600295543670654,0.0,0.47941163182258606,0.48404645919799805,0.01018079649657011,0.026950115337967873,phase3_12c_matched_reset_no_phase4_no_cps
proxy_combined_topk_action_geom,0,hidden_high_friction,312002,phase312_seed_block,2,1,0.0,0.0,0.0,0,0.0,0.03759727627038956,0.0,0.0,free,0,288,288,free,1.2527724504470825,1.2527724504470825,1.3558230347931386,0.31862327456474304,0.0,0.1506263017654419,0.14508023858070374,0.011041241697967052,0.03658308461308479,phase3_12c_matched_reset_no_phase4_no_cps
proxy_combined_topk_action_geom,0,hidden_high_friction,312002,phase312_seed_block,2,2,0.0,0.0,0.0,0,0.0,0.038754209876060486,0.0,0.0,free,0,648,648,free,0.8939485549926758,0.8939485549926758,1.0168933624774217,0.33611834049224854,0.0,0.06819269061088562,0.057049836963415146,0.006656682584434748,0.015119708143174648,phase3_12c_matched_reset_no_phase4_no_cps
proxy_combined_topk_action_geom,0,hidden_high_friction,312002,phase312_seed_block,2,3,0.0,0.0,0.0,0,0.0,0.04000730812549591,0.0,0.0,hidden_high_friction,1,654,654,hidden_high_friction,0.6273868680000305,0.6273868680000305,0.8122125609219074,0.40822046995162964,0.0,0.07618467509746552,0.03564842417836189,0.008722367696464062,0.024282529950141907,phase3_12c_matched_reset_no_phase4_no_cps
proxy_combined_topk_action_geom,0,hidden_high_friction,312002,phase312_seed_block,2,4,0.0,0.0,0.0,0,0.0,0.040187057107686996,0.0,0.0,free,0,300,300,free,0.5984243154525757,0.5984243154525757,0.788854475170374,0.4826125204563141,0.0,0.05430813878774643,0.043827883899211884,0.011423512361943722,0.026039080694317818,phase3_12c_matched_reset_no_phase4_no_cps
proxy_combined_topk_action_geom,0,hidden_high_friction,312002,phase312_seed_block,2,5,0.0,0.0,0.0,0,0.0,0.039522070437669754,0.0,0.0,hidden_high_friction,1,662,662,hidden_high_friction,0.5777263045310974,0.5777263045310974,0.7848035468161106,0.5390989780426025,0.0,0.04503720626235008,0.033432893455028534,0.008269545622169971,0.01880607381463051,phase3_12c_matched_reset_no_phase4_no_cps
proxy_combined_topk_action_geom,0,hidden_high_friction,312002,phase312_seed_block,2,6,0.0,0.0,0.0,0,0.0,0.03982578590512276,0.0,0.0,hidden_pin,0,305,305,hidden_pin,0.7759535908699036,0.7759535908699036,0.9599062968045473,0.5141958594322205,0.0,0.3928517997264862,0.4333556890487671,0.006453887093812227,0.012793195433914661,phase3_12c_matched_reset_no_phase4_no_cps
proxy_combined_topk_action_geom,0,hidden_high_friction,312002,phase312_seed_block,2,7,0.0,0.0,0.0,0,0.0,0.03880828619003296,0.0,0.0,free,0,296,296,free,0.9691835641860962,0.9691835641860962,1.138808057308197,0.2195412963628769,0.0,0.07389650493860245,0.034175626933574677,0.011261138133704662,0.030641654506325722,phase3_12c_matched_reset_no_phase4_no_cps
proxy_combined_topk_action_geom,0,hidden_high_friction,312002,phase312_seed_block,2,8,0.0,0.0,0.0,0,0.0,0.039631180465221405,0.0,0.0,free,0,300,300,free,0.6595269441604614,0.6595269441604614,0.8478378055989743,0.509856641292572,0.0,0.043204713612794876,0.043827883899211884,0.009248862974345684,0.019069286063313484,phase3_12c_matched_reset_no_phase4_no_cps
proxy_combined_topk_action_geom,0,hidden_high_friction,312002,phase312_seed_block,2,9,0.0,0.0,0.0,0,0.0,0.040104031562805176,0.0,0.0,hidden_breakaway_pin,0,655,655,hidden_breakaway_pin,0.6996179223060608,0.6996179223060608,0.9100798478722573,0.5476996302604675,0.0,0.051766976714134216,0.03575681895017624,0.009955154731869698,0.019448867067694664,phase3_12c_matched_reset_no_phase4_no_cps
proxy_combined_topk_action_geom,0,hidden_high_friction,312002,phase312_seed_block,2,10,0.0,0.0,0.0,0,0.0,0.03946174308657646,0.0,0.0,free,0,656,656,free,0.5183815956115723,0.5183815956115723,0.7054769857227803,0.3444789946079254,0.0,0.07170940190553665,0.03494838997721672,0.011330080218613148,0.026965733617544174,phase3_12c_matched_reset_no_phase4_no_cps
proxy_combined_topk_action_geom,0,hidden_high_friction,312002,phase312_seed_block,2,11,0.0,0.0,0.0,0,0.0,0.03977285325527191,0.0,0.0,hidden_pin,0,305,305,hidden_pin,0.4876355230808258,0.4876355230808258,0.6327933970838785,0.4953494071960449,0.0,0.40808141231536865,0.4333556890487671,0.0050767273642122746,0.010640889406204224,phase3_12c_matched_reset_no_phase4_no_cps
proxy_combined_topk_action_geom,0,hidden_high_friction,312002,phase312_seed_block,2,12,0.0,0.0,0.0,0,0.0,0.039178162813186646,0.0,0.0,free,0,296,296,free,0.9992762804031372,0.9992762804031372,1.166290179491043,0.2055646777153015,0.0,0.07163694500923157,0.034175626933574677,0.011132612824440002,0.02844090759754181,phase3_12c_matched_reset_no_phase4_no_cps
proxy_combined_topk_action_geom,0,hidden_high_friction,312002,phase312_seed_block,2,13,0.0,0.0,0.0,0,0.0,0.03957786038517952,0.0,0.0,hidden_high_friction,1,298,298,hidden_high_friction,0.8007239103317261,0.8007239103317261,0.9726915454864502,0.49862587451934814,0.0,0.05805598199367523,0.04953331872820854,0.009060097858309746,0.021261652931571007,phase3_12c_matched_reset_no_phase4_no_cps
proxy_combined_topk_action_geom,0,hidden_high_friction,312002,phase312_seed_block,2,14,0.0,0.0,0.0,0,0.0,0.040123458951711655,0.0,0.0,hidden_high_friction,1,298,298,hidden_high_friction,0.8448360562324524,0.8448360562324524,1.013681842982769,0.4094896912574768,0.0,0.07708136737346649,0.04953331872820854,0.011622242629528046,0.025913717225193977,phase3_12c_matched_reset_no_phase4_no_cps
proxy_combined_topk_action_geom,0,hidden_high_friction,312002,phase312_seed_block,2,15,0.0,0.0,0.0,0,0.0,0.03940852731466293,0.0,0.0,free,0,660,660,free,0.8720216751098633,0.8720216751098633,1.0671644507348537,0.27957141399383545,0.0,0.0758117064833641,0.030160270631313324,0.013381901197135448,0.03032493032515049,phase3_12c_matched_reset_no_phase4_no_cps
proxy_combined_topk_action_geom,0,hidden_high_friction,312003,phase312_seed_block,3,0,0.0,0.0,0.0,0,0.0,0.0399772971868515,0.0,0.0,hidden_pin,0,689,689,hidden_pin,1.0100769996643066,1.0100769996643066,1.1612571774050593,0.7363097667694092,0.0,0.44534265995025635,0.4588020443916321,0.003453735960647464,0.00670973677188158,phase3_12c_matched_reset_no_phase4_no_cps
proxy_combined_topk_action_geom,0,hidden_high_friction,312003,phase312_seed_block,3,1,0.0,0.0,0.0,0,0.0,0.039293188601732254,0.0,0.0,hidden_breakaway_pin,0,31,31,hidden_breakaway_pin,1.3370532989501953,1.3370532989501953,1.4696514256298543,0.5252020955085754,0.0,0.2933119833469391,0.30264002084732056,0.008790434338152409,0.01947975903749466,phase3_12c_matched_reset_no_phase4_no_cps
proxy_combined_topk_action_geom,0,hidden_high_friction,312003,phase312_seed_block,3,2,0.0,0.0,0.0,0,0.0,0.03959423676133156,0.0,0.0,hidden_pin,0,701,701,hidden_pin,1.183168888092041,1.183168888092041,1.2966321997344494,0.3397302031517029,0.0,0.2556566894054413,0.26140764355659485,0.012750468216836452,0.027867261320352554,phase3_12c_matched_reset_no_phase4_no_cps
proxy_combined_topk_action_geom,0,hidden_high_friction,312003,phase312_seed_block,3,3,0.0,0.0,0.0,0,0.0,0.039910126477479935,0.0,0.0,hidden_high_friction,1,610,610,hidden_high_friction,0.9666129350662231,0.9666129350662231,1.1086232638359068,0.3119768798351288,0.0,0.054642293602228165,0.04478893056511879,0.006197914481163025,0.013683400116860867,phase3_12c_matched_reset_no_phase4_no_cps
proxy_combined_topk_action_geom,0,hidden_high_friction,312003,phase312_seed_block,3,4,0.0,0.0,0.0,0,0.0,0.03966105356812477,0.0,0.0,hidden_pin,0,185,185,hidden_pin,0.6037941575050354,0.6037941575050354,0.7310602530837059,0.5309397578239441,0.0,0.2498762309551239,0.25663602352142334,0.008526386693120003,0.01536587718874216,phase3_12c_matched_reset_no_phase4_no_cps
proxy_combined_topk_action_geom,0,hidden_high_friction,312003,phase312_seed_block,3,5,0.0,0.0,0.0,0,0.0,0.04041609168052673,0.0,0.0,free,0,112,112,free,0.7290396094322205,0.7290396094322205,0.8601559602096677,0.26686611771583557,0.0,0.04977041110396385,0.03837202116847038,0.0019576188642531633,0.004308671690523624,phase3_12c_matched_reset_no_phase4_no_cps
proxy_combined_topk_action_geom,0,hidden_high_friction,312003,phase312_seed_block,3,6,0.0,0.0,0.0,0,0.0,0.04015569016337395,0.0,0.0,free,0,112,112,free,0.48833775520324707,0.48833775520324707,0.6467175865918399,0.33842962980270386,0.0,0.0443597175180912,0.03837202116847038,0.006089857313781977,0.014186285436153412,phase3_12c_matched_reset_no_phase4_no_cps
proxy_combined_topk_action_geom,0,hidden_high_friction,312003,phase312_seed_block,3,7,0.0,0.0,0.0,0,0.0,0.04025827720761299,0.0,0.0,hidden_breakaway_pin,0,115,115,hidden_breakaway_pin,0.480806440114975,0.480806440114975,0.5895502865687013,0.22319969534873962,0.0,0.04869474098086357,0.04748205840587616,0.002557002240791917,0.004827671218663454,phase3_12c_matched_reset_no_phase4_no_cps
proxy_combined_topk_action_geom,0,hidden_high_friction,312003,phase312_seed_block,3,8,0.0,0.0,0.0,0,0.0,0.04038446769118309,0.0,0.0,hidden_breakaway_pin,0,115,115,hidden_breakaway_pin,0.4952438473701477,0.4952438473701477,0.6101558922231197,0.21724435687065125,0.0,0.058282267302274704,0.04748205840587616,0.004322377033531666,0.010369515977799892,phase3_12c_matched_reset_no_phase4_no_cps
proxy_combined_topk_action_geom,0,hidden_high_friction,312003,phase312_seed_block,3,9,0.0,0.0,0.0,0,0.0,0.03970986232161522,0.0,0.0,hidden_breakaway_pin,0,427,427,hidden_breakaway_pin,0.5808551907539368,0.5808551907539368,0.7381083565205336,0.3411206305027008,0.0,0.03989263251423836,0.039826348423957825,0.006434442009776831,0.014081521891057491,phase3_12c_matched_reset_no_phase4_no_cps
proxy_combined_topk_action_geom,0,hidden_high_friction,312003,phase312_seed_block,3,10,0.0,0.0,0.0,0,0.0,0.03993330895900726,0.0,0.0,hidden_high_friction,1,306,306,hidden_high_friction,0.46462348103523254,0.46462348103523254,0.5759415736794472,0.22315852344036102,0.0,0.06408613920211792,0.05285131558775902,0.005886736325919628,0.013081503100693226,phase3_12c_matched_reset_no_phase4_no_cps
proxy_combined_topk_action_geom,0,hidden_high_friction,312003,phase312_seed_block,3,11,0.0,0.0,0.0,0,0.0,0.039671048521995544,0.0,0.0,hidden_pin,0,301,301,hidden_pin,0.5354450941085815,0.5354450941085815,0.6397132314741611,0.5372118949890137,0.0,0.4197392761707306,0.4235059916973114,0.004038230516016483,0.007367564830929041,phase3_12c_matched_reset_no_phase4_no_cps
proxy_combined_topk_action_geom,0,hidden_high_friction,312003,phase312_seed_block,3,12,0.0,0.0,0.0,0,0.0,0.040104299783706665,0.0,0.0,hidden_breakaway_pin,0,115,115,hidden_breakaway_pin,0.9082009792327881,0.9082009792327881,1.030363089069724,0.21413500607013702,0.0,0.055196940898895264,0.04748205840587616,0.006251493934541941,0.012980393134057522,phase3_12c_matched_reset_no_phase4_no_cps
proxy_combined_topk_action_geom,0,hidden_high_friction,312003,phase312_seed_block,3,13,0.0,0.0,0.0,0,0.0,0.0406692810356617,0.0,0.0,hidden_breakaway_pin,0,115,115,hidden_breakaway_pin,0.5429837703704834,0.5429837703704834,0.6775423588603735,0.30109772086143494,0.0,0.050577420741319656,0.04748205840587616,0.006089511793106794,0.012949494644999504,phase3_12c_matched_reset_no_phase4_no_cps
proxy_combined_topk_action_geom,0,hidden_high_friction,312003,phase312_seed_block,3,14,0.0,0.0,0.0,0,0.0,0.04051663354039192,0.0,0.0,hidden_breakaway_pin,0,115,115,hidden_breakaway_pin,0.5422806143760681,0.5422806143760681,0.7156776437908411,0.26408734917640686,0.0,0.03573113679885864,0.04748205840587616,0.005436089355498552,0.011456986889243126,phase3_12c_matched_reset_no_phase4_no_cps
proxy_combined_topk_action_geom,0,hidden_high_friction,312003,phase312_seed_block,3,15,0.0,0.0,0.0,0,0.0,0.04032783955335617,0.0,0.0,free,0,112,112,free,0.508461594581604,0.508461594581604,0.6345587779209018,0.20993183553218842,0.0,0.06525096297264099,0.03837202116847038,0.0028378625866025686,0.006827429868280888,phase3_12c_matched_reset_no_phase4_no_cps
proxy_combined_topk_action_geom,0,hidden_high_friction,312500,phase312b_seed_block,4,0,0.0,0.0,0.0,0,0.0,0.04012184962630272,0.0,0.0,hidden_pin,0,525,525,hidden_pin,0.34519538283348083,0.34519538283348083,0.45906692519783976,0.544883668422699,0.0,0.29355841875076294,0.2959190607070923,0.006854427047073841,0.016411153599619865,phase3_12c_matched_reset_no_phase4_no_cps
proxy_combined_topk_action_geom,0,hidden_high_friction,312500,phase312b_seed_block,4,1,0.0,0.0,0.0,0,0.0,0.03904922679066658,0.0,0.0,hidden_pin,0,1,1,hidden_pin,1.3442803621292114,1.3442803621292114,1.50994604639709,0.7689818739891052,0.0,0.5177918672561646,0.5322536826133728,0.005348693113774061,0.010108358226716518,phase3_12c_matched_reset_no_phase4_no_cps
proxy_combined_topk_action_geom,0,hidden_high_friction,312500,phase312b_seed_block,4,2,0.0,0.0,0.0,0,0.0,0.038124192506074905,0.0,0.0,hidden_pin,0,277,277,hidden_pin,1.749992847442627,1.749992847442627,1.9565870493650437,0.7552747130393982,0.0,0.292361855506897,0.3096373677253723,0.014687992632389069,0.03382913023233414,phase3_12c_matched_reset_no_phase4_no_cps
proxy_combined_topk_action_geom,0,hidden_high_friction,312500,phase312b_seed_block,4,3,0.0,0.0,0.0,0,0.0,0.03769316524267197,0.0,0.0,hidden_pin,0,261,261,hidden_pin,1.22780442237854,1.22780442237854,1.4095733672380448,0.737881600856781,0.0,0.5861169695854187,0.5783615112304688,0.013893947005271912,0.029835814610123634,phase3_12c_matched_reset_no_phase4_no_cps
proxy_combined_topk_action_geom,0,hidden_high_friction,312500,phase312b_seed_block,4,4,0.0,0.0,0.0,0,0.0,0.03705890104174614,0.0,0.0,hidden_pin,0,257,257,hidden_pin,1.8530702590942383,1.8530702590942383,2.2221192121505737,0.9266892075538635,0.0,0.6174483299255371,0.5446386933326721,0.021106574684381485,0.050605371594429016,phase3_12c_matched_reset_no_phase4_no_cps
proxy_combined_topk_action_geom,0,hidden_high_friction,312500,phase312b_seed_block,4,5,0.0,0.0,0.0,0,0.0,0.0377834178507328,0.0,0.0,hidden_pin,0,257,257,hidden_pin,1.8468765020370483,1.8468765020370483,2.1461128801107408,0.8928796052932739,0.0,0.5885588526725769,0.5446386933326721,0.019366029649972916,0.04568935185670853,phase3_12c_matched_reset_no_phase4_no_cps
proxy_combined_topk_action_geom,0,hidden_high_friction,312500,phase312b_seed_block,4,6,0.0,0.0,0.0,0,0.0,0.03544257581233978,0.0,0.0,hidden_pin,0,257,257,hidden_pin,1.92908775806427,1.92908775806427,2.3045116037130358,1.1349468231201172,0.0,0.5961925983428955,0.5446386933326721,0.025518503040075302,0.0623653419315815,phase3_12c_matched_reset_no_phase4_no_cps
proxy_combined_topk_action_geom,0,hidden_high_friction,312500,phase312b_seed_block,4,7,0.0,0.0,0.0,0,0.0,0.031338032335042953,0.0,0.0,free,0,276,276,free,2.64043927192688,2.64043927192688,2.957685121148825,1.1288933753967285,0.0,0.36443009972572327,0.3096291124820709,0.009577467106282711,0.01809053309261799,phase3_12c_matched_reset_no_phase4_no_cps
proxy_combined_topk_action_geom,0,hidden_high_friction,312500,phase312b_seed_block,4,8,0.0,0.0,0.0,0,0.0,0.03234448656439781,0.0,0.0,hidden_pin,0,565,565,hidden_pin,1.4241576194763184,1.4241576194763184,1.6843185886740684,1.2110064029693604,0.0,0.7389271855354309,0.7380852699279785,0.019206544384360313,0.04044929891824722,phase3_12c_matched_reset_no_phase4_no_cps
proxy_combined_topk_action_geom,0,hidden_high_friction,312500,phase312b_seed_block,4,9,0.0,0.0,0.0,0,0.0,0.03409228101372719,0.0,0.0,hidden_breakaway_pin,0,251,251,hidden_breakaway_pin,1.9376765489578247,1.9376765489578247,2.338510036468506,0.7812383770942688,0.0,0.2661173939704895,0.18806612491607666,0.03188629820942879,0.06899623572826385,phase3_12c_matched_reset_no_phase4_no_cps
proxy_combined_topk_action_geom,0,hidden_high_friction,312500,phase312b_seed_block,4,10,0.0,0.0,0.0,0,0.0,0.0376117043197155,0.0,0.0,hidden_pin,0,257,257,hidden_pin,1.435799479484558,1.435799479484558,1.6906572714447976,0.7739388346672058,0.0,0.5127310752868652,0.5446386933326721,0.018737932667136192,0.03657067194581032,phase3_12c_matched_reset_no_phase4_no_cps
proxy_combined_topk_action_geom,0,hidden_high_friction,312500,phase312b_seed_block,4,11,0.0,0.0,0.0,0,0.0,0.03607805073261261,0.0,0.0,hidden_pin,0,257,257,hidden_pin,1.5725680589675903,1.5725680589675903,1.8940264672040938,1.0135737657546997,0.0,0.5847234129905701,0.5446386933326721,0.022313226014375687,0.0555136613547802,phase3_12c_matched_reset_no_phase4_no_cps
proxy_combined_topk_action_geom,0,hidden_high_friction,312500,phase312b_seed_block,4,12,0.0,0.0,0.0,0,0.0,0.037612028419971466,0.0,0.0,hidden_pin,0,257,257,hidden_pin,1.4480944871902466,1.4480944871902466,1.7433968052268027,0.8748233914375305,0.0,0.5900572538375854,0.5446386933326721,0.018310422077775,0.04430197924375534,phase3_12c_matched_reset_no_phase4_no_cps
proxy_combined_topk_action_geom,0,hidden_high_friction,312500,phase312b_seed_block,4,13,0.0,0.0,0.0,0,0.0,0.036183737218379974,0.0,0.0,hidden_pin,0,257,257,hidden_pin,1.6860076189041138,1.6860076189041138,2.0478123649954796,1.0604244470596313,0.0,0.59843909740448,0.5446386933326721,0.023785067722201347,0.05972617492079735,phase3_12c_matched_reset_no_phase4_no_cps
proxy_combined_topk_action_geom,0,hidden_high_friction,312500,phase312b_seed_block,4,14,0.0,0.0,0.0,0,0.0,0.033505879342556,0.0,0.0,hidden_pin,0,257,257,hidden_pin,1.8680031299591064,1.8680031299591064,2.2716872543096542,1.150820255279541,0.0,0.6041321754455566,0.5446386933326721,0.0280185304582119,0.06797211617231369,phase3_12c_matched_reset_no_phase4_no_cps
proxy_combined_topk_action_geom,0,hidden_high_friction,312500,phase312b_seed_block,4,15,0.0,0.0,0.0,0,0.0,0.03270861133933067,0.0,0.0,hidden_pin,0,257,257,hidden_pin,2.006899833679199,2.006899833679199,2.4180677101016044,1.1566481590270996,0.0,0.6073875427246094,0.5446386933326721,0.028043238446116447,0.06769747287034988,phase3_12c_matched_reset_no_phase4_no_cps
proxy_combined_topk_action_geom,0,hidden_high_friction,312501,phase312b_seed_block,5,0,0.0,0.08333333333333333,0.08333333333333333,0,0.08333333333333333,0.039437197148799896,0.0,0.0,hidden_pin,0,221,221,hidden_pin,0.3023228347301483,0.3023228347301483,0.5182574167847633,0.6155392527580261,0.0,0.34247487783432007,0.3845086097717285,0.009884057566523552,0.020445410162210464,phase3_12c_matched_reset_no_phase4_no_cps
proxy_combined_topk_action_geom,0,hidden_high_friction,312501,phase312b_seed_block,5,1,0.08333333333333333,0.08333333333333333,0.0,0,0.0,0.03953471779823303,0.0,0.0,hidden_pin,0,521,521,hidden_pin,1.124860167503357,1.124860167503357,1.2612209253013134,0.5866568088531494,0.0,0.23791560530662537,0.2321086823940277,0.009187097661197186,0.017421642318367958,phase3_12c_matched_reset_no_phase4_no_cps
proxy_combined_topk_action_geom,0,hidden_high_friction,312501,phase312b_seed_block,5,2,0.08333333333333333,0.08333333333333333,0.0,0,0.0,0.03986277058720589,0.0,0.0,hidden_pin,0,681,681,hidden_pin,1.002203106880188,1.002203106880188,1.1334130171686412,0.5465611219406128,0.0,0.11448243260383606,0.09960770606994629,0.0048690722323954105,0.009352173656225204,phase3_12c_matched_reset_no_phase4_no_cps
proxy_combined_topk_action_geom,0,hidden_high_friction,312501,phase312b_seed_block,5,3,0.08333333333333333,0.08333333333333333,0.0,0,0.0,0.039620306342840195,0.0,0.0,hidden_breakaway_pin,0,167,167,hidden_breakaway_pin,0.8574716448783875,0.8574716448783875,1.0155486522614956,0.40020161867141724,0.0,0.05781405046582222,0.04749302566051483,0.008258203975856304,0.017830420285463333,phase3_12c_matched_reset_no_phase4_no_cps
proxy_combined_topk_action_geom,0,hidden_high_friction,312501,phase312b_seed_block,5,4,0.08333333333333333,0.08333333333333333,0.0,0,0.0,0.04030287638306618,0.0,0.0,hidden_pin,0,165,165,hidden_pin,0.45629578828811646,0.45629578828811646,0.6321110997349024,0.7231305241584778,0.0,0.12545789778232574,0.10418421775102615,0.006199593190103769,0.013569110073149204,phase3_12c_matched_reset_no_phase4_no_cps
proxy_combined_topk_action_geom,0,hidden_high_friction,312501,phase312b_seed_block,5,5,0.08333333333333333,0.08333333333333333,0.0,0,0.0,0.03954898193478584,0.0,0.0,free,0,328,328,free,0.4792034327983856,0.4792034327983856,0.6398900497704745,0.2950712740421295,0.0,0.08158676326274872,0.035728566348552704,0.006177383009344339,0.016370045021176338,phase3_12c_matched_reset_no_phase4_no_cps
proxy_combined_topk_action_geom,0,hidden_high_friction,312501,phase312b_seed_block,5,6,0.08333333333333333,0.08333333333333333,0.0,0,0.0,0.039832163602113724,0.0,0.0,hidden_pin,0,165,165,hidden_pin,0.45523715019226074,0.45523715019226074,0.59267503246665,0.5126937627792358,0.0,0.11867976188659668,0.10418421775102615,0.00788568239659071,0.017163526266813278,phase3_12c_matched_reset_no_phase4_no_cps
proxy_combined_topk_action_geom,0,hidden_high_friction,312501,phase312b_seed_block,5,7,0.08333333333333333,0.08333333333333333,0.0,0,0.0,0.03968614712357521,0.0,0.0,hidden_pin,0,165,165,hidden_pin,0.4510466158390045,0.4510466158390045,0.5608144801110029,0.5994205474853516,0.0,0.10667591542005539,0.10418421775102615,0.0037178467027843,0.00886226911097765,phase3_12c_matched_reset_no_phase4_no_cps
proxy_combined_topk_action_geom,0,hidden_high_friction,312501,phase312b_seed_block,5,8,0.08333333333333333,0.08333333333333333,0.0,0,0.0,0.04027567431330681,0.0,0.0,hidden_pin,0,165,165,hidden_pin,0.44397735595703125,0.44397735595703125,0.559770380705595,0.6395757794380188,0.0,0.10601586848497391,0.10418421775102615,0.00404833909124136,0.007858570665121078,phase3_12c_matched_reset_no_phase4_no_cps
proxy_combined_topk_action_geom,0,hidden_high_friction,312501,phase312b_seed_block,5,9,0.08333333333333333,0.125,0.04166666666666667,0,0.04166666666666667,0.04034872353076935,0.0,0.0,hidden_high_friction,1,330,330,hidden_high_friction,0.48729798197746277,0.48729798197746277,0.6713448146730662,0.3885376453399658,0.0,0.07441779971122742,0.031854771077632904,0.007368932012468576,0.020081840455532074,phase3_12c_matched_reset_no_phase4_no_cps
proxy_combined_topk_action_geom,0,hidden_high_friction,312501,phase312b_seed_block,5,10,0.125,0.125,0.0,0,0.0,0.03933698683977127,0.0,0.0,hidden_pin,0,365,365,hidden_pin,1.3170298337936401,1.3170298337936401,1.4798343691974878,0.5443980097770691,0.0,0.10294365137815475,0.06930336356163025,0.00346606457605958,0.007581913378089666,phase3_12c_matched_reset_no_phase4_no_cps
proxy_combined_topk_action_geom,0,hidden_high_friction,312501,phase312b_seed_block,5,11,0.125,0.125,0.0,0,0.0,0.03952790051698685,0.0,0.0,hidden_high_friction,1,614,614,hidden_high_friction,0.5958558917045593,0.5958558917045593,0.7551539922505618,0.35472747683525085,0.0,0.038925766944885254,0.03708638250827789,0.0050654360093176365,0.011168833822011948,phase3_12c_matched_reset_no_phase4_no_cps
proxy_combined_topk_action_geom,0,hidden_high_friction,312501,phase312b_seed_block,5,12,0.125,0.125,0.0,0,0.0,0.03844951093196869,0.0,0.0,hidden_high_friction,1,326,326,hidden_high_friction,0.6582388281822205,0.6582388281822205,0.8145687314122916,0.40492942929267883,0.0,0.07559165358543396,0.041225556284189224,0.004510400351136923,0.009450116194784641,phase3_12c_matched_reset_no_phase4_no_cps
proxy_combined_topk_action_geom,0,hidden_high_friction,312501,phase312b_seed_block,5,13,0.125,0.125,0.0,0,0.0,0.03937568888068199,0.0,0.0,hidden_high_friction,1,326,326,hidden_high_friction,0.3254370093345642,0.3254370093345642,0.48347674109041694,0.44815123081207275,0.0,0.06630075722932816,0.041225556284189224,0.0033170399256050587,0.008851342834532261,phase3_12c_matched_reset_no_phase4_no_cps
proxy_combined_topk_action_geom,0,hidden_high_friction,312501,phase312b_seed_block,5,14,0.125,0.125,0.0,0,0.0,0.03895637392997742,0.0,0.0,free,0,328,328,free,0.5673708319664001,0.5673708319664001,0.715650725029409,0.3270024061203003,0.0,0.046524934470653534,0.035728566348552704,0.0026716662105172873,0.004447595216333866,phase3_12c_matched_reset_no_phase4_no_cps
proxy_combined_topk_action_geom,0,hidden_high_friction,312501,phase312b_seed_block,5,15,0.125,0.125,0.0,0,0.0,0.03954746946692467,0.0,0.0,hidden_pin,0,329,329,hidden_pin,0.47299811244010925,0.47299811244010925,0.6115059066563845,0.7731590270996094,0.0,0.5636694431304932,0.5661302804946899,0.0044030663557350636,0.008571360260248184,phase3_12c_matched_reset_no_phase4_no_cps
proxy_combined_topk_action_geom,0,hidden_high_friction,312502,phase312b_seed_block,6,0,0.0,0.0,0.0,0,0.0,0.039686769247055054,0.0,0.0,hidden_pin,0,213,213,hidden_pin,0.3974384665489197,0.3974384665489197,0.509991011582315,0.5257609486579895,0.0,0.41938647627830505,0.40780404210090637,0.0026308835949748755,0.006762308068573475,phase3_12c_matched_reset_no_phase4_no_cps
proxy_combined_topk_action_geom,0,hidden_high_friction,312502,phase312b_seed_block,6,1,0.0,0.0,0.0,0,0.0,0.037215083837509155,0.0,0.0,hidden_breakaway_pin,0,491,491,hidden_breakaway_pin,1.89445161819458,1.89445161819458,1.991546193882823,0.3728395998477936,0.0,0.2712123692035675,0.26239433884620667,0.005883143749088049,0.01244944054633379,phase3_12c_matched_reset_no_phase4_no_cps
proxy_combined_topk_action_geom,0,hidden_high_friction,312502,phase312b_seed_block,6,2,0.0,0.0,0.0,0,0.0,0.036890674382448196,0.0,0.0,hidden_pin,0,445,445,hidden_pin,1.0837160348892212,1.0837160348892212,1.255733233317733,0.5217262506484985,0.0,0.3657907247543335,0.39724117517471313,0.0077143399976193905,0.0177558995783329,phase3_12c_matched_reset_no_phase4_no_cps
proxy_combined_topk_action_geom,0,hidden_high_friction,312502,phase312b_seed_block,6,3,0.0,0.0,0.0,0,0.0,0.03648984059691429,0.0,0.0,hidden_pin,0,445,445,hidden_pin,1.1982381343841553,1.1982381343841553,1.3772772893309593,0.6330304145812988,0.0,0.3769580125808716,0.39724117517471313,0.01087956689298153,0.02480001375079155,phase3_12c_matched_reset_no_phase4_no_cps
proxy_combined_topk_action_geom,0,hidden_high_friction,312502,phase312b_seed_block,6,4,0.0,0.0,0.0,0,0.0,0.03913125768303871,0.0,0.0,hidden_pin,0,445,445,hidden_pin,1.1833319664001465,1.1833319664001465,1.3487456746399402,0.6521909236907959,0.0,0.38740167021751404,0.39724117517471313,0.01197651494294405,0.026041390374302864,phase3_12c_matched_reset_no_phase4_no_cps
proxy_combined_topk_action_geom,0,hidden_high_friction,312502,phase312b_seed_block,6,5,0.0,0.0,0.0,0,0.0,0.03890945017337799,0.0,0.0,hidden_pin,0,445,445,hidden_pin,1.272649884223938,1.272649884223938,1.4369268283247947,0.6713072061538696,0.0,0.3932279348373413,0.39724117517471313,0.013888595625758171,0.02923784777522087,phase3_12c_matched_reset_no_phase4_no_cps
proxy_combined_topk_action_geom,0,hidden_high_friction,312502,phase312b_seed_block,6,6,0.0,0.0,0.0,0,0.0,0.03916206583380699,0.0,0.0,hidden_pin,0,445,445,hidden_pin,1.3666162490844727,1.3666162490844727,1.5311716236174107,0.6856539845466614,0.0,0.3986985385417938,0.39724117517471313,0.014698137529194355,0.030316490679979324,phase3_12c_matched_reset_no_phase4_no_cps
proxy_combined_topk_action_geom,0,hidden_high_friction,312502,phase312b_seed_block,6,7,0.0,0.0,0.0,0,0.0,0.038916826248168945,0.0,0.0,hidden_pin,0,445,445,hidden_pin,1.320617914199829,1.320617914199829,1.4922874666750432,0.6957378387451172,0.0,0.40109941363334656,0.39724117517471313,0.014898099936544895,0.030721768736839294,phase3_12c_matched_reset_no_phase4_no_cps
proxy_combined_topk_action_geom,0,hidden_high_friction,312502,phase312b_seed_block,6,8,0.0,0.0,0.0,0,0.0,0.039024267345666885,0.0,0.0,hidden_pin,0,445,445,hidden_pin,1.3615695238113403,1.3615695238113403,1.5362472787499428,0.6972659826278687,0.0,0.4018928110599518,0.39724117517471313,0.015196146443486214,0.03128882497549057,phase3_12c_matched_reset_no_phase4_no_cps
proxy_combined_topk_action_geom,0,hidden_high_friction,312502,phase312b_seed_block,6,9,0.0,0.0,0.0,0,0.0,0.03814292326569557,0.0,0.0,hidden_pin,0,445,445,hidden_pin,1.612661361694336,1.612661361694336,1.7906817711889744,0.6956551671028137,0.0,0.40347805619239807,0.39724117517471313,0.015299593098461628,0.03159832954406738,phase3_12c_matched_reset_no_phase4_no_cps
proxy_combined_topk_action_geom,0,hidden_high_friction,312502,phase312b_seed_block,6,10,0.0,0.0,0.0,0,0.0,0.03794996812939644,0.0,0.0,hidden_pin,0,445,445,hidden_pin,1.5201376676559448,1.5201376676559448,1.6999834142625332,0.6910857558250427,0.0,0.4050087332725525,0.39724117517471313,0.015161941759288311,0.03150513023138046,phase3_12c_matched_reset_no_phase4_no_cps
proxy_combined_topk_action_geom,0,hidden_high_friction,312502,phase312b_seed_block,6,11,0.0,0.0,0.0,0,0.0,0.03690230846405029,0.0,0.0,hidden_pin,0,445,445,hidden_pin,1.5366464853286743,1.5366464853286743,1.7205640085041523,0.6884382963180542,0.0,0.40719297528266907,0.39724117517471313,0.015187044627964497,0.03154212608933449,phase3_12c_matched_reset_no_phase4_no_cps
proxy_combined_topk_action_geom,0,hidden_high_friction,312502,phase312b_seed_block,6,12,0.0,0.0,0.0,0,0.0,0.03817713260650635,0.0,0.0,hidden_pin,0,445,445,hidden_pin,1.4603644609451294,1.4603644609451294,1.6492948569357395,0.6993147730827332,0.0,0.40818512439727783,0.39724117517471313,0.015536320395767689,0.03179987892508507,phase3_12c_matched_reset_no_phase4_no_cps
proxy_combined_topk_action_geom,0,hidden_high_friction,312502,phase312b_seed_block,6,13,0.0,0.0,0.0,0,0.0,0.03686270862817764,0.0,0.0,hidden_pin,0,445,445,hidden_pin,1.7099345922470093,1.7099345922470093,1.8975788310170174,0.710191547870636,0.0,0.40603676438331604,0.39724117517471313,0.01588108204305172,0.03216925263404846,phase3_12c_matched_reset_no_phase4_no_cps
proxy_combined_topk_action_geom,0,hidden_high_friction,312502,phase312b_seed_block,6,14,0.0,0.0,0.0,0,0.0,0.03734937310218811,0.0,0.0,hidden_pin,0,445,445,hidden_pin,1.3437871932983398,1.3437871932983398,1.5281014129519463,0.7054799199104309,0.0,0.40499982237815857,0.39724117517471313,0.015743734315037727,0.032122716307640076,phase3_12c_matched_reset_no_phase4_no_cps
proxy_combined_topk_action_geom,0,hidden_high_friction,312502,phase312b_seed_block,6,15,0.0,0.0,0.0,0,0.0,0.038744546473026276,0.0,0.0,hidden_pin,0,445,445,hidden_pin,1.3671132326126099,1.3671132326126099,1.549621732532978,0.7036510705947876,0.0,0.4044024646282196,0.39724117517471313,0.01565956510603428,0.0318535715341568,phase3_12c_matched_reset_no_phase4_no_cps
proxy_combined_topk_action_geom,0,hidden_high_friction,312503,phase312b_seed_block,7,0,0.0,0.0,0.0,0,0.0,0.03982853516936302,0.0,0.0,hidden_pin,0,525,525,hidden_pin,0.310202032327652,0.310202032327652,0.4787485033273697,0.6332473158836365,0.0,0.32672518491744995,0.2959190607070923,0.0029867812991142273,0.006710310000926256,phase3_12c_matched_reset_no_phase4_no_cps
proxy_combined_topk_action_geom,0,hidden_high_friction,312503,phase312b_seed_block,7,1,0.0,0.0,0.0,0,0.0,0.03776000067591667,0.0,0.0,hidden_breakaway_pin,0,751,751,hidden_breakaway_pin,1.8421440124511719,1.8421440124511719,1.9681673143059015,0.45534655451774597,0.0,0.1576991081237793,0.17482727766036987,0.005866244900971651,0.011166118085384369,phase3_12c_matched_reset_no_phase4_no_cps
proxy_combined_topk_action_geom,0,hidden_high_friction,312503,phase312b_seed_block,7,2,0.0,0.0,0.0,0,0.0,0.033971354365348816,0.0,0.0,hidden_pin,0,125,125,hidden_pin,1.632684350013733,1.632684350013733,1.8166665978729726,0.5683671832084656,0.0,0.2513512074947357,0.2854427993297577,0.007635996676981449,0.015088632702827454,phase3_12c_matched_reset_no_phase4_no_cps
proxy_combined_topk_action_geom,0,hidden_high_friction,312503,phase312b_seed_block,7,3,0.0,0.0,0.0,0,0.0,0.02822692133486271,0.0,0.0,hidden_pin,0,125,125,hidden_pin,2.4390316009521484,2.4390316009521484,2.586801189556718,0.5625093579292297,0.0,0.30431124567985535,0.2854427993297577,0.0064140730537474155,0.015442397445440292,phase3_12c_matched_reset_no_phase4_no_cps
proxy_combined_topk_action_geom,0,hidden_high_friction,312503,phase312b_seed_block,7,4,0.0,0.0,0.0,0,0.0,0.03022468090057373,0.0,0.0,hidden_pin,0,757,757,hidden_pin,1.1711757183074951,1.1711757183074951,1.3310776188969613,0.42943352460861206,0.0,0.2782372534275055,0.2538066804409027,0.01165643148124218,0.031337540596723557,phase3_12c_matched_reset_no_phase4_no_cps
proxy_combined_topk_action_geom,0,hidden_high_friction,312503,phase312b_seed_block,7,5,0.0,0.0,0.0,0,0.0,0.03254842385649681,0.0,0.0,hidden_pin,0,125,125,hidden_pin,1.4375916719436646,1.4375916719436646,1.5477159447968005,0.49536368250846863,0.0,0.2893476188182831,0.2854427993297577,0.007002520374953747,0.015291564166545868,phase3_12c_matched_reset_no_phase4_no_cps
proxy_combined_topk_action_geom,0,hidden_high_friction,312503,phase312b_seed_block,7,6,0.0,0.0,0.0,0,0.0,0.0382138267159462,0.0,0.0,hidden_pin,0,757,757,hidden_pin,1.2275464534759521,1.2275464534759521,1.4440369233489037,0.46499282121658325,0.0,0.3017089068889618,0.2538066804409027,0.012734273448586464,0.03104601614177227,phase3_12c_matched_reset_no_phase4_no_cps
proxy_combined_topk_action_geom,0,hidden_high_friction,312503,phase312b_seed_block,7,7,0.0,0.0,0.0,0,0.0,0.037454068660736084,0.0,0.0,hidden_pin,0,749,749,hidden_pin,1.3465298414230347,1.3465298414230347,1.5844639226794244,0.5264478325843811,0.0,0.29299604892730713,0.2518869638442993,0.019187184050679207,0.04590485244989395,phase3_12c_matched_reset_no_phase4_no_cps
proxy_combined_topk_action_geom,0,hidden_high_friction,312503,phase312b_seed_block,7,8,0.0,0.125,0.125,0,0.125,0.0374416746199131,0.0,0.0,hidden_pin,0,125,125,hidden_pin,1.5523204803466797,1.5523204803466797,1.6964619554579259,0.5554443001747131,0.0,0.3016735315322876,0.2854427993297577,0.007090841419994831,0.01586233638226986,phase3_12c_matched_reset_no_phase4_no_cps
proxy_combined_topk_action_geom,0,hidden_high_friction,312503,phase312b_seed_block,7,9,0.125,0.125,0.0,0,0.0,0.03826828673481941,0.0,0.0,hidden_pin,0,521,521,hidden_pin,1.1508060693740845,1.1508060693740845,1.3103057987987996,0.6106373071670532,0.0,0.22414740920066833,0.2321086823940277,0.012995396740734577,0.026370437815785408,phase3_12c_matched_reset_no_phase4_no_cps
proxy_combined_topk_action_geom,0,hidden_high_friction,312503,phase312b_seed_block,7,10,0.125,0.125,0.0,0,0.0,0.03847566246986389,0.0,0.0,hidden_pin,0,681,681,hidden_pin,0.9147076606750488,0.9147076606750488,1.0571390010416508,0.5081237554550171,0.0,0.1139557883143425,0.09960770606994629,0.00937915313988924,0.017242375761270523,phase3_12c_matched_reset_no_phase4_no_cps
proxy_combined_topk_action_geom,0,hidden_high_friction,312503,phase312b_seed_block,7,11,0.125,0.125,0.0,0,0.0,0.039795782417058945,0.0,0.0,hidden_high_friction,1,422,422,hidden_high_friction,0.835688591003418,0.835688591003418,0.9723308334127069,0.3535982072353363,0.0,0.08568409830331802,0.05002646893262863,0.0030718131456524134,0.0073380498215556145,phase3_12c_matched_reset_no_phase4_no_cps
proxy_combined_topk_action_geom,0,hidden_high_friction,312503,phase312b_seed_block,7,12,0.125,0.125,0.0,0,0.0,0.04000186547636986,0.0,0.0,free,0,612,612,free,0.5349315404891968,0.5349315404891968,0.6914399596303702,0.27149295806884766,0.0,0.062180280685424805,0.034231171011924744,0.006061704363673925,0.014744733460247517,phase3_12c_matched_reset_no_phase4_no_cps
proxy_combined_topk_action_geom,0,hidden_high_friction,312503,phase312b_seed_block,7,13,0.125,0.125,0.0,0,0.0,0.040202412754297256,0.0,0.0,hidden_breakaway_pin,0,427,427,hidden_breakaway_pin,0.3705861270427704,0.3705861270427704,0.5345437594130635,0.454266756772995,0.0,0.038416944444179535,0.039826348423957825,0.0024581749457865953,0.004885833244770765,phase3_12c_matched_reset_no_phase4_no_cps
proxy_combined_topk_action_geom,0,hidden_high_friction,312503,phase312b_seed_block,7,14,0.125,0.125,0.0,0,0.0,0.04040113463997841,0.0,0.0,hidden_pin,0,425,425,hidden_pin,0.22049067914485931,0.22049067914485931,0.3493582922965288,0.7493102550506592,0.0,0.628591001033783,0.6253779530525208,0.002511244732886553,0.006662037689238787,phase3_12c_matched_reset_no_phase4_no_cps
proxy_combined_topk_action_geom,0,hidden_high_friction,312503,phase312b_seed_block,7,15,0.125,0.125,0.0,0,0.0,0.0401107594370842,0.0,0.0,hidden_pin,0,749,749,hidden_pin,1.1745107173919678,1.1745107173919678,1.2969572685658932,0.3847928047180176,0.0,0.26570209860801697,0.2518869638442993,0.009274340234696865,0.017446236684918404,phase3_12c_matched_reset_no_phase4_no_cps
