diverged,eligible,final_fraction_abs_diff,future_final_xy_chamfer,normalized_prefix_mae,split,success_diff,visible_seed,window_t
True,True,0.9583333134651184,0.0796617716550827,0.0,train,True,400000,0
True,True,0.9583333134651184,0.0796617716550827,0.02469916674890154,train,True,400000,1
False,False,0.9583333134651184,0.0796617716550827,0.06458094761054324,train,True,400000,2
True,True,0.5833333730697632,0.01704714633524418,0.0,train,True,400001,0
True,True,0.5833333730697632,0.01704714633524418,0.004010199819905739,train,True,400001,1
True,True,0.5833333730697632,0.01704714633524418,0.01492559902427037,train,True,400001,2
True,True,0.4166666865348816,0.02454889565706253,0.0,train,True,400002,0
False,False,0.4166666865348816,0.02454889565706253,0.05218560769491211,train,True,400002,1
False,False,0.4166666865348816,0.02454889565706253,0.06708836551160305,train,True,400002,2
False,False,0.4166666865348816,0.02454889565706253,0.07973715244440913,train,True,400002,3
True,True,1.0,0.0029643394518643618,0.0,train,False,400003,0
True,True,1.0,0.0038668857887387276,0.0008114999797082289,train,False,400003,1
True,True,1.0,0.004404804203659296,0.00120115778720305,train,False,400003,2
True,True,1.0,0.008213350549340248,0.002036403651021195,train,False,400003,3
True,True,1.0,0.007279622368514538,0.002337548438826419,train,False,400003,4
True,True,1.0,0.0072090597823262215,0.00285021747858451,train,False,400003,5
True,True,1.0,0.0072090597823262215,0.0032118947798691084,train,False,400003,6
True,True,1.0,0.0072090597823262215,0.0493992140766429,train,False,400003,7
False,False,1.0,0.0072090597823262215,0.1034244368531036,train,False,400003,8
False,True,0.0,0.002104903571307659,0.0,train,False,400004,0
False,True,0.0,0.002596829552203417,0.00037568019548084053,train,False,400004,1
True,True,0.0,0.0031442546751350164,0.0010751303561307983,train,False,400004,2
True,True,0.0,0.0031442546751350164,0.001688700843903014,train,False,400004,3
True,True,0.0,0.0031442546751350164,0.049245303593304826,train,False,400004,4
True,True,0.0,0.0031442546751350164,0.047690677117849425,train,False,400004,5
True,True,0.75,0.04345492646098137,0.0,train,True,400005,0
True,True,0.75,0.04345492646098137,0.001324318828441995,train,True,400005,1
True,True,0.75,0.04345492646098137,0.017105114948703464,train,True,400005,2
True,True,0.75,0.04345492646098137,0.028671618901961977,train,True,400005,3
True,True,1.0,0.021014105528593063,0.0,train,False,400006,0
True,True,1.0,0.021014105528593063,0.0030081282233014794,train,False,400006,1
True,True,1.0,0.005746203940361738,0.0,train,False,400007,0
True,True,1.0,0.006992060225456953,0.0012204699549415922,train,False,400007,1
True,True,1.0,0.006992060225456953,0.002506172130686325,train,False,400007,2
True,True,1.0,0.006992060225456953,0.004140049439903738,train,False,400007,3
True,True,1.0,0.006992060225456953,0.004581079826096558,train,False,400007,4
True,True,1.0,0.00897401012480259,0.0,train,False,400008,0
True,True,1.0,0.004491343628615141,0.0011949966424186016,train,False,400008,1
True,True,1.0,0.005666461307555437,0.0027915858563392314,train,False,400008,2
True,True,1.0,0.004719523247331381,0.004359046941627251,train,False,400008,3
True,True,1.0,0.004719523247331381,0.006981954491520449,train,False,400008,4
True,True,1.0,0.004719523247331381,0.006665833710188538,train,False,400008,5
True,True,1.0,0.004719523247331381,0.006707192912859742,train,False,400008,6
True,True,0.0,0.005717048887163401,0.0,train,False,400009,0
True,True,0.0,0.005024051293730736,0.001112799459396154,train,False,400009,1
True,True,0.0,0.0068864114582538605,0.0020806955831172607,train,False,400009,2
True,True,0.0,0.0068864114582538605,0.003004715636607043,train,False,400009,3
True,True,0.0,0.0068864114582538605,0.003522681663339314,train,False,400009,4
True,True,0.0,0.0068864114582538605,0.003911466043463408,train,False,400009,5
True,True,1.0,0.006894929800182581,0.0,train,False,400010,0
True,True,1.0,0.006894929800182581,0.0005143864457839793,train,False,400010,1
True,True,1.0,0.006894929800182581,0.002266398882360834,train,False,400010,2
False,False,1.0,0.006894929800182581,0.05213187980107659,train,False,400010,3
True,True,0.625,0.02274577133357525,0.0,train,True,400011,0
True,True,0.625,0.02274577133357525,0.0031644875626399933,train,True,400011,1
True,True,0.8333333134651184,0.08475242555141449,0.0,train,True,400012,0
True,True,0.8333333134651184,0.08475242555141449,0.004093429601188004,train,True,400012,1
True,True,0.8333333134651184,0.08475242555141449,0.03341833367167865,train,True,400012,2
False,False,0.8333333134651184,0.08475242555141449,0.10222389816076577,train,True,400012,3
True,True,1.0,0.006375923752784729,0.0,train,False,400013,0
True,True,1.0,0.0035636438988149166,0.0005595876673249532,train,False,400013,1
True,True,1.0,0.002953760791569948,0.0016214922435475471,train,False,400013,2
True,True,1.0,0.002953760791569948,0.002945261845467314,train,False,400013,3
False,False,1.0,0.002953760791569948,0.0522457817441634,train,False,400013,4
False,False,1.0,0.002953760791569948,0.05100456264120989,train,False,400013,5
True,True,0.6666666269302368,0.04157223552465439,0.0,train,True,400014,0
True,True,0.6666666269302368,0.04157223552465439,0.0010330799626700124,train,True,400014,1
False,False,0.6666666269302368,0.04157223552465439,0.07507643704349767,train,True,400014,2
False,False,0.6666666269302368,0.04157223552465439,0.09136518538998377,train,True,400014,3
True,True,0.9583333134651184,0.07139825820922852,0.0,train,True,400015,0
True,True,0.9583333134651184,0.07277904450893402,0.0028788091542776475,train,True,400015,1
True,True,0.9583333134651184,0.07277904450893402,0.0265544274288736,train,True,400015,2
True,True,0.9583333134651184,0.07277904450893402,0.04734340760698014,train,True,400015,3
False,False,0.9583333134651184,0.07277904450893402,0.06522243691650365,train,True,400015,4
True,True,0.0,0.003348652273416519,0.0,train,False,400016,0
True,True,0.0,0.0037690431345254183,0.0009707726875117126,train,False,400016,1
True,True,0.0,0.0037690431345254183,0.0016051390684927776,train,False,400016,2
True,True,0.0,0.0037690431345254183,0.0026971840065323767,train,False,400016,3
True,True,0.0,0.0037690431345254183,0.002807554132569051,train,False,400016,4
True,True,0.8333333134651184,0.04990319907665253,0.0,train,True,400017,0
True,True,0.8333333134651184,0.04990319907665253,0.02591732848509737,train,True,400017,1
True,True,0.04166668653488159,0.003167436458170414,0.0,train,True,400018,0
True,True,0.04166668653488159,0.003374817781150341,0.0007118208388400582,train,True,400018,1
True,True,0.04166668653488159,0.003374817781150341,0.001293851038069782,train,True,400018,2
True,True,0.04166668653488159,0.003374817781150341,0.0017108569607471348,train,True,400018,3
True,True,0.04166668653488159,0.003374817781150341,0.001740128423791975,train,True,400018,4
True,True,0.0,0.007176698185503483,0.0,train,False,400019,0
True,True,0.0,0.007176698185503483,0.0007725679945237702,train,False,400019,1
True,True,0.4583333134651184,0.03505988419055939,0.0,train,True,400020,0
True,True,0.4583333134651184,0.03505988419055939,0.008426597051047077,train,True,400020,1
True,True,0.4583333134651184,0.03505988419055939,0.026886299351876135,train,True,400020,2
True,True,0.4583333134651184,0.03505988419055939,0.038979607816001904,train,True,400020,3
True,True,0.2083333134651184,0.0061607034876942635,0.0,train,True,400021,0
True,True,0.2083333134651184,0.008127117529511452,0.0011373325458656398,train,True,400021,1
True,True,0.2083333134651184,0.01026775874197483,0.0026506053875661128,train,True,400021,2
True,True,0.2083333134651184,0.01026775874197483,0.004009488637928323,train,True,400021,3
True,True,0.2083333134651184,0.01026775874197483,0.004466263153817441,train,True,400021,4
True,True,0.2083333134651184,0.01026775874197483,0.0072891652595488575,train,True,400021,5
False,True,0.0,0.002167627215385437,0.0,train,False,400022,0
False,True,0.0,0.002167627215385437,0.04887328672525726,train,False,400022,1
True,True,0.8333333134651184,0.06676358729600906,0.0,train,True,400023,0
True,True,0.8333333134651184,0.06305831670761108,0.0024625092583039597,train,True,400023,1
False,False,0.8333333134651184,0.06284971535205841,0.08002618392540146,train,True,400023,2
False,False,0.8333333134651184,0.06853845715522766,0.10171247097838346,train,True,400023,3
False,False,0.8333333134651184,0.07064651697874069,0.12228377931369307,train,True,400023,4
False,False,0.8333333134651184,0.0794452652335167,0.0679287985447974,train,True,400023,5
False,False,0.8333333134651184,0.0794452652335167,0.06543975045395922,train,True,400023,6
False,False,0.8333333134651184,0.0794452652335167,0.06516218877000494,train,True,400023,7
False,False,0.8333333134651184,0.0794452652335167,0.06228827980870646,train,True,400023,8
True,True,0.04166668653488159,0.009761575609445572,0.0,train,True,400024,0
True,True,0.04166668653488159,0.010178438387811184,0.0011551260594310012,train,True,400024,1
False,False,0.04166668653488159,0.012441537342965603,0.05243993908072145,train,True,400024,2
False,False,0.04166668653488159,0.009560336358845234,0.054772748227744396,train,True,400024,3
False,False,0.04166668653488159,0.009560336358845234,0.05584875502178458,train,True,400024,4
True,True,0.04166668653488159,0.009560336358845234,0.008787854169657116,train,True,400024,5
True,True,0.04166668653488159,0.009560336358845234,0.019547763590708846,train,True,400024,6
True,True,0.2083333134651184,0.017310846596956253,0.0,train,True,400025,0
True,True,0.2083333134651184,0.017310846596956253,0.004904680138959084,train,True,400025,1
True,True,0.2083333134651184,0.017310846596956253,0.013563784050619867,train,True,400025,2
True,True,0.2083333134651184,0.017310846596956253,0.022171484151445625,train,True,400025,3
True,True,0.04166668653488159,0.0040890309028327465,0.0,train,True,400026,0
True,True,0.04166668653488159,0.0040890309028327465,0.0007293243153158616,train,True,400026,1
True,True,0.04166668653488159,0.0040890309028327465,0.0012612067361645188,train,True,400026,2
True,True,0.04166668653488159,0.0040890309028327465,0.002133173595996641,train,True,400026,3
True,True,0.04166668653488159,0.006069983821362257,0.0,train,True,400027,0
True,True,0.04166668653488159,0.006069983821362257,0.0009632010346987559,train,True,400027,1
True,True,0.04166668653488159,0.006069983821362257,0.0020684432025011774,train,True,400027,2
True,True,0.04166668653488159,0.006069983821362257,0.0034821701091602244,train,True,400027,3
True,True,1.0,0.0024645323865115643,0.0,train,False,400028,0
True,True,1.0,0.0032217754051089287,0.0005031874422537049,train,False,400028,1
True,True,1.0,0.007498137652873993,0.001097337564338837,train,False,400028,2
True,True,1.0,0.008338657207787037,0.0018401257386062985,train,False,400028,3
True,True,1.0,0.007947837933897972,0.001944210243038696,train,False,400028,4
True,True,1.0,0.007947837933897972,0.0022315150785454083,train,False,400028,5
True,True,1.0,0.007947837933897972,0.005314107320289581,train,False,400028,6
True,True,1.0,0.007947837933897972,0.007012415304259028,train,False,400028,7
True,True,1.0,0.00903733354061842,0.0,train,False,400029,0
True,True,1.0,0.006358969025313854,0.0013613917219129426,train,False,400029,1
True,True,1.0,0.005295222625136375,0.005094559354095906,train,False,400029,2
True,True,1.0,0.005295222625136375,0.010816726277107046,train,False,400029,3
True,True,1.0,0.005295222625136375,0.013849485795010531,train,False,400029,4
True,True,1.0,0.005295222625136375,0.018566265462732753,train,False,400029,5
True,True,0.0,0.005933044012635946,0.0,train,False,400030,0
True,True,0.0,0.005132599733769894,0.0005204923713447452,train,False,400030,1
True,True,0.0,0.005132599733769894,0.002314724033921727,train,False,400030,2
True,True,0.0,0.005132599733769894,0.012066207477374944,train,False,400030,3
True,True,0.0,0.005132599733769894,0.0146037731674807,train,False,400030,4
True,True,0.9166666865348816,0.11106546968221664,0.0,train,True,400031,0
True,True,0.9166666865348816,0.11160918325185776,0.0029242246551914076,train,True,400031,1
True,True,0.9166666865348816,0.11019256711006165,0.03776061141845855,train,True,400031,2
False,False,0.9166666865348816,0.10815149545669556,0.0648072258629066,train,True,400031,3
False,False,0.9166666865348816,0.11398299038410187,0.08999129713107204,train,True,400031,4
False,False,0.9166666865348816,0.11398299038410187,0.07905093802352883,train,True,400031,5
False,False,0.9166666865348816,0.11398299038410187,0.0776589294533589,train,True,400031,6
False,False,0.9166666865348816,0.11398299038410187,0.0759765450514807,train,True,400031,7
True,True,0.04166668653488159,0.0034417430870234966,0.0,train,True,400032,0
True,True,0.0,0.0030928978230804205,0.0,train,False,400033,0
True,True,0.0,0.003921341150999069,0.0005152789916955777,train,False,400033,1
True,True,0.0,0.004726744256913662,0.0008577629910868998,train,False,400033,2
True,True,0.0,0.004726744256913662,0.0014364767717276038,train,False,400033,3
True,True,0.0,0.004726744256913662,0.0022062651301657434,train,False,400033,4
True,True,0.0,0.004726744256913662,0.002705887466949913,train,False,400033,5
True,True,0.375,0.035304125398397446,0.0,train,True,400034,0
True,True,0.375,0.035452570766210556,0.01023588991236179,train,True,400034,1
True,True,0.375,0.035452570766210556,0.030631811846027115,train,True,400034,2
True,True,0.375,0.035452570766210556,0.04801390843861712,train,True,400034,3
False,False,0.375,0.035452570766210556,0.0561168242701683,train,True,400034,4
True,True,0.875,0.13217419385910034,0.0,train,True,400035,0
True,True,0.875,0.13080504536628723,0.0016150673008938062,train,True,400035,1
False,False,0.875,0.13080504536628723,0.051610534477440774,train,True,400035,2
False,False,0.875,0.13080504536628723,0.09576833452200315,train,True,400035,3
False,False,0.875,0.13080504536628723,0.13513780370889053,train,True,400035,4
True,True,0.0,0.004122000653296709,0.0,train,False,400036,0
True,True,0.0,0.004122000653296709,0.0009718231811311363,train,False,400036,1
True,True,1.0,0.004270182456821203,0.0,train,False,400037,0
True,True,1.0,0.009070235304534435,0.0004696172594509268,train,False,400037,1
True,True,1.0,0.006757299415767193,0.0014600371309373957,train,False,400037,2
True,True,1.0,0.006757299415767193,0.00306340074819178,train,False,400037,3
True,True,1.0,0.006757299415767193,0.003756303094415172,train,False,400037,4
True,True,1.0,0.006757299415767193,0.007503240840343978,train,False,400037,5
True,True,0.9583333134651184,0.1183132529258728,0.0,train,True,400038,0
True,True,0.9583333134651184,0.10607290267944336,0.00441690312980374,train,True,400038,1
True,True,0.9583333134651184,0.10254193842411041,0.03914259248721207,train,True,400038,2
False,False,0.9583333134651184,0.11258584260940552,0.06513655829494887,train,True,400038,3
False,False,0.9583333134651184,0.11258584260940552,0.08500742971601716,train,True,400038,4
False,False,0.9583333134651184,0.11258584260940552,0.07323348967216221,train,True,400038,5
False,False,0.9583333134651184,0.11258584260940552,0.07089401873191467,train,True,400038,6
True,True,0.125,0.0034298859536647797,0.0,train,True,400039,0
True,True,0.125,0.003706748364493251,0.0006291726318587698,train,True,400039,1
True,True,0.125,0.003976723644882441,0.0012651698485123231,train,True,400039,2
True,True,0.125,0.003976723644882441,0.0022318204784164816,train,True,400039,3
True,True,0.125,0.003976723644882441,0.002610943577622159,train,True,400039,4
True,True,0.125,0.003976723644882441,0.002759776529697092,train,True,400039,5
True,True,1.0,0.0030526816844940186,0.0,train,False,400040,0
True,True,1.0,0.0032831912394613028,0.000510376017456273,train,False,400040,1
True,True,1.0,0.0032831912394613028,0.0011441064104842948,train,False,400040,2
True,True,1.0,0.0032831912394613028,0.0017301071122691628,train,False,400040,3
True,True,1.0,0.0032831912394613028,0.002117215202482709,train,False,400040,4
True,True,0.375,0.03191467002034187,0.0,train,True,400041,0
True,True,0.375,0.03191467002034187,0.007237761398132086,train,True,400041,1
True,True,0.875,0.11468593031167984,0.0,train,True,400042,0
True,True,0.875,0.11825686693191528,0.0016305417326652983,train,True,400042,1
True,True,0.875,0.11825686693191528,0.040170807403489536,train,True,400042,2
False,False,0.875,0.11825686693191528,0.07366872563894629,train,True,400042,3
False,False,0.875,0.11825686693191528,0.10428986367916045,train,True,400042,4
False,True,0.0,0.002202077070251107,0.0,train,False,400043,0
False,True,0.0,0.002202077070251107,0.0005564654277681534,train,False,400043,1
True,True,0.0,0.004554199054837227,0.0,train,False,400044,0
True,True,0.0,0.004554199054837227,0.0010669466608009064,train,False,400044,1
True,True,0.0,0.004554199054837227,0.0017397119364328788,train,False,400044,2
True,True,0.0,0.004554199054837227,0.0027767081969727386,train,False,400044,3
True,True,0.7916666865348816,0.06883610039949417,0.0,train,True,400045,0
True,True,0.7916666865348816,0.06516192108392715,0.005654980920293287,train,True,400045,1
True,True,0.7916666865348816,0.0683150440454483,0.03329459894104553,train,True,400045,2
False,False,0.7916666865348816,0.0683150440454483,0.055263300021850925,train,True,400045,3
False,False,0.7916666865348816,0.0683150440454483,0.07179351022354279,train,True,400045,4
False,False,0.7916666865348816,0.0683150440454483,0.06811212334879628,train,True,400045,5
True,True,0.04166668653488159,0.00520519632846117,0.0,train,True,400046,0
True,True,0.04166668653488159,0.00520519632846117,0.0016629982520997432,train,True,400046,1
True,True,0.0,0.0031064851209521294,0.0,train,False,400047,0
True,True,0.0,0.005525369197130203,0.0,train,False,400048,0
True,True,0.0,0.003910777624696493,0.0009468068640835321,train,False,400048,1
True,True,0.0,0.004707701504230499,0.0015896404654721036,train,False,400048,2
True,True,0.0,0.004707701504230499,0.0024190234564481043,train,False,400048,3
True,True,0.0,0.004707701504230499,0.0028215924590465533,train,False,400048,4
True,True,0.0,0.004707701504230499,0.0030845769775885066,train,False,400048,5
True,True,0.7083333730697632,0.07296145707368851,0.0,train,True,400049,0
True,True,0.7083333730697632,0.07518036663532257,0.0031859495089737984,train,True,400049,1
True,True,0.7083333730697632,0.07777470350265503,0.03296883924927556,train,True,400049,2
False,False,0.7083333730697632,0.07797591388225555,0.05358962586758763,train,True,400049,3
False,False,0.7083333730697632,0.07797591388225555,0.07199796782340362,train,True,400049,4
False,False,0.7083333730697632,0.07797591388225555,0.06375922909550301,train,True,400049,5
False,False,0.7083333730697632,0.07797591388225555,0.06755918789366411,train,True,400049,6
True,True,0.1666666865348816,0.00486148614436388,0.0,train,True,400050,0
True,True,0.1666666865348816,0.009450654499232769,0.0006532352862254122,train,True,400050,1
True,True,0.1666666865348816,0.009450654499232769,0.0012276218295996517,train,True,400050,2
True,True,0.1666666865348816,0.009450654499232769,0.0017949715442282601,train,True,400050,3
True,True,0.1666666865348816,0.009450654499232769,0.002526920386497538,train,True,400050,4
True,True,1.0,0.0051971906796097755,0.0,train,False,400051,0
True,True,1.0,0.004588489420711994,0.0006809512527107162,train,False,400051,1
True,True,1.0,0.004588489420711994,0.002087450516497628,train,False,400051,2
True,True,1.0,0.004588489420711994,0.0030590406478276048,train,False,400051,3
True,True,1.0,0.004588489420711994,0.0038194927033652795,train,False,400051,4
False,True,0.0,0.002932460280135274,0.0,train,False,400052,0
False,True,0.0,0.002932460280135274,0.000625898607493925,train,False,400052,1
False,True,0.0,0.002932460280135274,0.0011434624095866778,train,False,400052,2
False,True,0.0,0.002932460280135274,0.0017416368052568037,train,False,400052,3
True,True,1.0,0.003065881785005331,0.0,train,False,400053,0
True,True,1.0,0.007332345005124807,0.001488752173562887,train,False,400053,1
True,True,1.0,0.007332345005124807,0.002465308209720544,train,False,400053,2
True,True,1.0,0.007332345005124807,0.003366775718186597,train,False,400053,3
True,True,1.0,0.007332345005124807,0.002631954338056559,train,False,400053,4
True,True,0.125,0.004920917563140392,0.0,train,True,400054,0
True,True,0.125,0.004351460374891758,0.00020236851315125982,train,True,400054,1
True,True,0.125,0.004351460374891758,0.0012984621605545222,train,True,400054,2
True,True,0.125,0.004351460374891758,0.002138285552295341,train,True,400054,3
True,True,0.125,0.004351460374891758,0.0034315196518336913,train,True,400054,4
True,True,0.8333333134651184,0.05273279547691345,0.0,train,True,400055,0
True,True,0.8333333134651184,0.05273279547691345,0.007975251659363492,train,True,400055,1
True,True,0.8333333134651184,0.05273279547691345,0.03355502927632689,train,True,400055,2
True,True,1.0,0.010568582452833652,0.0,train,False,400056,0
True,True,1.0,0.011848481371998787,0.0006347921693715181,train,False,400056,1
True,True,1.0,0.012619733810424805,0.0014305453432678266,train,False,400056,2
True,True,1.0,0.011964290402829647,0.003001216454575636,train,False,400056,3
True,True,1.0,0.011964290402829647,0.006713321585651756,train,False,400056,4
True,True,1.0,0.011964290402829647,0.008859939834032843,train,False,400056,5
False,False,1.0,0.011964290402829647,0.05698233240007055,train,False,400056,6
True,True,0.04166668653488159,0.0054617952555418015,0.0,train,True,400057,0
True,True,0.04166668653488159,0.0054617952555418015,0.0008319974574349711,train,True,400057,1
True,True,0.04166668653488159,0.0034226952120661736,0.0,train,True,400058,0
True,True,0.04166668653488159,0.0034226952120661736,0.0006415541442230739,train,True,400058,1
True,True,0.04166668653488159,0.0034226952120661736,0.0013023924214004478,train,True,400058,2
True,True,0.04166668653488159,0.0034226952120661736,0.0021220634490411545,train,True,400058,3
True,True,0.125,0.0032702579628676176,0.0,train,True,400059,0
True,True,0.125,0.012776186689734459,0.0006770344575578424,train,True,400059,1
True,True,0.125,0.01125277578830719,0.0013199360912881594,train,True,400059,2
True,True,0.125,0.009799996390938759,0.0022603363933628587,train,True,400059,3
True,True,0.125,0.009728537872433662,0.002774667729149562,train,True,400059,4
True,True,0.125,0.010556643828749657,0.010459989442026892,train,True,400059,5
True,True,0.125,0.009907488711178303,0.01708311344471006,train,True,400059,6
True,True,0.125,0.009907488711178303,0.02316231220556813,train,True,400059,7
True,True,0.125,0.009907488711178303,0.02113079750792377,train,True,400059,8
True,True,0.125,0.009907488711178303,0.020522593510746815,train,True,400059,9
True,True,0.9166666865348816,0.12142014503479004,0.0,train,True,400060,0
True,True,0.9166666865348816,0.12682980298995972,0.0026355417605650523,train,True,400060,1
True,True,0.9166666865348816,0.12682980298995972,0.04553220733472693,train,True,400060,2
False,False,0.9166666865348816,0.12682980298995972,0.0783908146892526,train,True,400060,3
False,False,0.9166666865348816,0.12682980298995972,0.10801089892327934,train,True,400060,4
True,True,0.625,0.018733641132712364,0.0,train,True,400061,0
True,True,0.625,0.018733641132712364,0.007777830830809248,train,True,400061,1
True,True,0.625,0.018733641132712364,0.020951594909646376,train,True,400061,2
True,True,0.0,0.00403355760499835,0.0,train,False,400062,0
True,True,0.0,0.00403355760499835,0.0008371503359007783,train,False,400062,1
True,True,0.0,0.00403355760499835,0.0018885096682767597,train,False,400062,2
True,True,0.0,0.004094267729669809,0.0,train,False,400063,0
True,True,0.0,0.005514546297490597,0.0011737267401836344,train,False,400063,1
True,True,0.0,0.006275915075093508,0.0023080001222816884,train,False,400063,2
True,True,0.0,0.006275915075093508,0.003281171807571663,train,False,400063,3
True,True,0.0,0.006275915075093508,0.003037810841039206,train,False,400063,4
True,True,0.0,0.006275915075093508,0.0030863064144116326,train,False,400063,5
True,True,0.875,0.11205640435218811,0.0,train,True,400064,0
True,True,0.875,0.10352947562932968,0.009154793298576804,train,True,400064,1
True,True,0.875,0.10352947562932968,0.039845208389294604,train,True,400064,2
False,False,0.875,0.10352947562932968,0.06254265002628237,train,True,400064,3
False,False,0.875,0.10352947562932968,0.07539144113972955,train,True,400064,4
True,True,0.875,0.03807412087917328,0.0,train,True,400065,0
True,True,0.875,0.04344341903924942,0.0009437875821224469,train,True,400065,1
True,True,0.875,0.04344341903924942,0.01626365266574947,train,True,400065,2
True,True,0.875,0.04344341903924942,0.028898952866447666,train,True,400065,3
True,True,0.875,0.04344341903924942,0.03793497053344241,train,True,400065,4
True,True,0.0,0.006223201286047697,0.0,train,False,400066,0
True,True,0.625,0.034328263252973557,0.0,train,True,400067,0
True,True,0.625,0.034328263252973557,0.004057432395191351,train,True,400067,1
True,True,1.0,0.08565467596054077,0.0,train,True,400068,0
True,True,1.0,0.08536931872367859,0.03168865397959117,train,True,400068,1
False,False,1.0,0.07447870075702667,0.057267206380248924,train,True,400068,2
False,False,1.0,0.07447870075702667,0.10381018370442553,train,True,400068,3
False,False,1.0,0.07447870075702667,0.10223474558740797,train,True,400068,4
False,False,1.0,0.07447870075702667,0.1118492504120103,train,True,400068,5
True,True,0.0,0.010646527633070946,0.0,train,False,400069,0
True,True,0.0,0.009833201766014099,0.0008305920036340902,train,False,400069,1
True,True,0.0,0.009833201766014099,0.004856356511862895,train,False,400069,2
True,True,0.0,0.009833201766014099,0.010321665280944324,train,False,400069,3
True,True,0.0,0.009833201766014099,0.01440826469018794,train,False,400069,4
True,True,0.8333333134651184,0.07306154817342758,0.0,train,True,400070,0
True,True,0.8333333134651184,0.07648308575153351,0.004689246734955274,train,True,400070,1
True,True,0.8333333134651184,0.07318668067455292,0.031080938531527432,train,True,400070,2
False,False,0.8333333134651184,0.08133804798126221,0.05265606601209395,train,True,400070,3
False,False,0.8333333134651184,0.08133804798126221,0.06937323426833851,train,True,400070,4
False,False,0.8333333134651184,0.08133804798126221,0.06258840555530525,train,True,400070,5
False,False,0.8333333134651184,0.08133804798126221,0.06038822445002729,train,True,400070,6
True,True,1.0,0.0042022825218737125,0.0,train,False,400071,0
True,True,1.0,0.008531508035957813,0.00039833244243976223,train,False,400071,1
True,True,1.0,0.00877224002033472,0.000864568827592092,train,False,400071,2
True,True,1.0,0.00799055490642786,0.0018340814047203096,train,False,400071,3
True,True,1.0,0.00799055490642786,0.002623362910892092,train,False,400071,4
True,True,1.0,0.00799055490642786,0.007498911215786646,train,False,400071,5
True,True,1.0,0.00799055490642786,0.009303335470780542,train,False,400071,6
True,True,0.08333331346511841,0.012316670268774033,0.0,train,True,400072,0
True,True,0.08333331346511841,0.012316670268774033,0.0007661167043013824,train,True,400072,1
True,True,0.04166668653488159,0.003731353208422661,0.0,train,True,400073,0
True,True,0.04166668653488159,0.0049742646515369415,0.00045449639639664715,train,True,400073,1
True,True,0.04166668653488159,0.0049742646515369415,0.0010188868913605844,train,True,400073,2
True,True,0.04166668653488159,0.0049742646515369415,0.0021905965022613392,train,True,400073,3
True,True,0.04166668653488159,0.0049742646515369415,0.0028328931327434217,train,True,400073,4
True,True,0.04166668653488159,0.0028660031966865063,0.0,train,True,400074,0
True,True,0.04166668653488159,0.008603055961430073,0.0012537452105984873,train,True,400074,1
True,True,0.04166668653488159,0.0065549155697226524,0.0018667213114107273,train,True,400074,2
True,True,0.04166668653488159,0.0065549155697226524,0.0025278572108676004,train,True,400074,3
True,True,0.04166668653488159,0.0065549155697226524,0.002139841476830597,train,True,400074,4
True,True,0.04166668653488159,0.0065549155697226524,0.008484591384240932,train,True,400074,5
True,True,0.04166668653488159,0.007050816901028156,0.0,train,True,400075,0
True,True,0.04166668653488159,0.006987054832279682,0.001150281739439629,train,True,400075,1
True,True,0.04166668653488159,0.006987054832279682,0.0036912915736438934,train,True,400075,2
True,True,0.04166668653488159,0.006987054832279682,0.006182824065235635,train,True,400075,3
True,True,0.04166668653488159,0.006987054832279682,0.008003462830158585,train,True,400075,4
True,True,0.8333333134651184,0.05702788382768631,0.0,train,True,400076,0
True,True,0.8333333134651184,0.05702788382768631,0.00246235491702892,train,True,400076,1
True,True,0.8333333134651184,0.05702788382768631,0.021283889710164053,train,True,400076,2
True,True,0.8333333134651184,0.05702788382768631,0.039336775385209174,train,True,400076,3
True,True,0.875,0.1207616776227951,0.0,train,True,400077,0
True,True,0.875,0.1207616776227951,0.00203492885121165,train,True,400077,1
True,True,0.875,0.1207616776227951,0.04656235329659398,train,True,400077,2
False,False,0.875,0.1207616776227951,0.08244491565785793,train,True,400077,3
True,True,0.04166668653488159,0.004857250954955816,0.0,train,True,400078,0
True,True,0.04166668653488159,0.0064997924491763115,0.00023037103571328158,train,True,400078,1
True,True,0.04166668653488159,0.0064997924491763115,0.0006086360308009762,train,True,400078,2
True,True,0.04166668653488159,0.0064997924491763115,0.0014951708816965958,train,True,400078,3
True,True,0.04166668653488159,0.0064997924491763115,0.002291488506648121,train,True,400078,4
True,True,0.9166666865348816,0.11834387481212616,0.0,train,True,400079,0
True,True,0.9166666865348816,0.12317384034395218,0.0018641349374766466,train,True,400079,1
True,True,0.9166666865348816,0.13118019700050354,0.04347988272368899,train,True,400079,2
False,False,0.9166666865348816,0.13118019700050354,0.07383574763784002,train,True,400079,3
False,False,0.9166666865348816,0.13118019700050354,0.10299481424193103,train,True,400079,4
False,False,0.9166666865348816,0.13118019700050354,0.09238920520731378,train,True,400079,5
True,True,0.0,0.0031485012732446194,0.0,train,False,400080,0
False,True,0.0,0.0027024303562939167,0.049951426930681775,train,False,400080,1
False,False,0.0,0.004056145437061787,0.050596138044749016,train,False,400080,2
False,False,0.0,0.004056145437061787,0.052425801287553156,train,False,400080,3
True,True,0.0,0.004056145437061787,0.002454058246944572,train,False,400080,4
True,True,0.0,0.004056145437061787,0.0026077414393871744,train,False,400080,5
True,True,0.125,0.012830175459384918,0.0,train,True,400081,0
True,True,0.125,0.012830175459384918,0.03680798854484836,train,True,400081,1
True,True,0.0,0.003332996740937233,0.0,train,False,400082,0
True,True,0.0,0.003332996740937233,0.0003025317451995084,train,False,400082,1
True,True,0.25,0.00472201406955719,0.0,train,True,400083,0
True,True,0.25,0.008646363392472267,0.000301799567962817,train,True,400083,1
True,True,0.25,0.008646363392472267,0.0008335474826634257,train,True,400083,2
True,True,0.25,0.008646363392472267,0.0017451681434965474,train,True,400083,3
True,True,0.25,0.008646363392472267,0.0028006962714281023,train,True,400083,4
True,True,0.25,0.005587770137935877,0.0,train,True,400084,0
True,True,0.25,0.007711378857493401,0.0005599857432603727,train,True,400084,1
True,True,0.25,0.008099531754851341,0.0017274207068768061,train,True,400084,2
True,True,0.25,0.008099531754851341,0.003060997428325455,train,True,400084,3
True,True,0.25,0.008099531754851341,0.00398641182956591,train,True,400084,4
True,True,0.25,0.008099531754851341,0.008008873735597314,train,True,400084,5
True,True,0.0,0.003487675916403532,0.0,train,False,400085,0
True,True,0.0,0.004465195350348949,0.0004717755891428322,train,False,400085,1
True,True,0.0,0.004465195350348949,0.0009539900695577579,train,False,400085,2
True,True,0.0,0.004465195350348949,0.0015459377435415116,train,False,400085,3
True,True,0.0,0.004465195350348949,0.001920099108309804,train,False,400085,4
True,True,0.04166668653488159,0.008363566361367702,0.0,train,True,400086,0
True,True,0.04166668653488159,0.008363566361367702,0.002501641006654551,train,True,400086,1
True,True,0.04166668653488159,0.008363566361367702,0.004952026600329583,train,True,400086,2
True,True,1.0,0.005081121809780598,0.0,train,False,400087,0
True,True,1.0,0.006571116857230663,0.00037439329408618015,train,False,400087,1
True,True,1.0,0.005666052922606468,0.0010260333124128885,train,False,400087,2
True,True,1.0,0.005666052922606468,0.0018984846325134231,train,False,400087,3
True,True,1.0,0.005666052922606468,0.0028357835996089794,train,False,400087,4
True,True,1.0,0.005666052922606468,0.0037562526139179415,train,False,400087,5
True,True,0.1666666865348816,0.003540788311511278,0.0,train,True,400088,0
True,True,0.1666666865348816,0.004081347957253456,0.00041272129413703814,train,True,400088,1
True,True,0.1666666865348816,0.004081347957253456,0.00086276084739461,train,True,400088,2
True,True,0.1666666865348816,0.004081347957253456,0.0014522649502395465,train,True,400088,3
True,True,0.1666666865348816,0.004081347957253456,0.0019529061045833968,train,True,400088,4
True,True,0.04166668653488159,0.008929524570703506,0.0,train,True,400089,0
True,True,0.04166668653488159,0.008929524570703506,0.000704676702259692,train,True,400089,1
True,True,0.04166668653488159,0.008929524570703506,0.0027191474637613673,train,True,400089,2
True,True,0.04166668653488159,0.008929524570703506,0.0046580571847201525,train,True,400089,3
True,True,0.04166668653488159,0.00792179349809885,0.0,train,True,400090,0
True,True,0.04166668653488159,0.00792179349809885,0.0009234079711067585,train,True,400090,1
True,True,0.04166668653488159,0.00792179349809885,0.004043135662197263,train,True,400090,2
True,True,0.0,0.00522531196475029,0.0,train,False,400091,0
True,True,0.0,0.005234540440142155,0.0008017455253829759,train,False,400091,1
True,True,0.0,0.005234540440142155,0.0020729597079022365,train,False,400091,2
True,True,0.0,0.005234540440142155,0.0028984858258979005,train,False,400091,3
True,True,0.0,0.005234540440142155,0.003431827312690256,train,False,400091,4
True,True,0.5,0.03726835548877716,0.0,train,True,400092,0
True,True,0.5,0.03672703728079796,0.004527659939523386,train,True,400092,1
True,True,0.5,0.03467888385057449,0.009151624025535248,train,True,400092,2
True,True,0.5,0.03467888385057449,0.03662841878573877,train,True,400092,3
True,True,0.5,0.03467888385057449,0.04956072232226344,train,True,400092,4
False,False,0.5,0.03467888385057449,0.060987170279000816,train,True,400092,5
True,True,0.04166668653488159,0.0037841449957340956,0.0,train,True,400093,0
True,True,0.04166668653488159,0.0037841449957340956,0.000762835005650888,train,True,400093,1
True,True,0.04166668653488159,0.0037841449957340956,0.00173374113079117,train,True,400093,2
True,True,1.0,0.006311132572591305,0.0,train,False,400094,0
True,True,1.0,0.007154365535825491,0.0009161291282972369,train,False,400094,1
True,True,1.0,0.005948344245553017,0.003568060656739781,train,False,400094,2
True,True,1.0,0.005948344245553017,0.006143540876725221,train,False,400094,3
True,True,1.0,0.005948344245553017,0.007498602254695444,train,False,400094,4
False,False,1.0,0.005948344245553017,0.05998348522372097,train,False,400094,5
True,True,0.125,0.007563563995063305,0.0,train,True,400095,0
True,True,0.125,0.007895343005657196,0.0010118624513988405,train,True,400095,1
True,True,0.125,0.007895343005657196,0.004080764745716121,train,True,400095,2
True,True,0.125,0.007895343005657196,0.007304304436620735,train,True,400095,3
True,True,0.125,0.007895343005657196,0.009791773751251526,train,True,400095,4
True,True,0.8333333134651184,0.041999075561761856,0.0,train,True,400096,0
True,True,0.8333333134651184,0.04094647988677025,0.008491406541244039,train,True,400096,1
True,True,0.8333333134651184,0.04094647988677025,0.02378160553527305,train,True,400096,2
True,True,0.8333333134651184,0.04094647988677025,0.0333521289373008,train,True,400096,3
True,True,0.8333333134651184,0.04094647988677025,0.034706678239250166,train,True,400096,4
True,True,0.0,0.0053423671051859856,0.0,train,False,400097,0
True,True,0.0,0.0053423671051859856,0.0010360414086095068,train,False,400097,1
True,True,0.875,0.12078708410263062,0.0,train,True,400098,0
True,True,0.875,0.1118544340133667,0.0028683330158416577,train,True,400098,1
True,True,0.875,0.12480281293392181,0.0356200322839006,train,True,400098,2
False,False,0.875,0.12480281293392181,0.06076834247124254,train,True,400098,3
False,False,0.875,0.12480281293392181,0.08319061951394134,train,True,400098,4
False,False,0.875,0.12480281293392181,0.07601272287763798,train,True,400098,5
True,True,1.0,0.006661077030003071,0.0,train,False,400099,0
True,True,1.0,0.0063790492713451385,0.0007976011964468013,train,False,400099,1
True,True,1.0,0.0063790492713451385,0.002072361527039419,train,False,400099,2
True,True,1.0,0.0063790492713451385,0.00370603667189872,train,False,400099,3
True,True,1.0,0.0063790492713451385,0.004471021162508871,train,False,400099,4
True,True,0.1666666865348816,0.011929294094443321,0.0,train,True,400100,0
True,True,0.1666666865348816,0.010347878560423851,0.0006319054322762062,train,True,400100,1
True,True,0.1666666865348816,0.0116205345839262,0.001946230314853435,train,True,400100,2
True,True,0.1666666865348816,0.012718885205686092,0.0036019307436793635,train,True,400100,3
True,True,0.1666666865348816,0.011320782825350761,0.008206737447600001,train,True,400100,4
True,True,0.1666666865348816,0.011320782825350761,0.009669391030871562,train,True,400100,5
True,True,0.1666666865348816,0.011320782825350761,0.0124821403201338,train,True,400100,6
True,True,0.1666666865348816,0.011320782825350761,0.012392827628369784,train,True,400100,7
False,True,0.0,0.0020253132097423077,0.0,train,False,400101,0
False,True,0.0,0.0020253132097423077,0.0010593207030371876,train,False,400101,1
True,True,0.7083333730697632,0.09179375320672989,0.0,train,True,400102,0
True,True,0.7083333730697632,0.09403682500123978,0.00204676817537825,train,True,400102,1
True,True,0.7083333730697632,0.09740268439054489,0.03900355643752781,train,True,400102,2
False,False,0.7083333730697632,0.09740268439054489,0.06639992120172664,train,True,400102,3
False,False,0.7083333730697632,0.09740268439054489,0.09159631545790609,train,True,400102,4
False,False,0.7083333730697632,0.09740268439054489,0.08180180553191306,train,True,400102,5
True,True,0.7083333730697632,0.04955931007862091,0.0,train,True,400103,0
True,True,0.7083333730697632,0.06337212026119232,0.0023993449105675912,train,True,400103,1
True,True,0.7083333730697632,0.06337212026119232,0.030434587117247093,train,True,400103,2
False,False,0.7083333730697632,0.06337212026119232,0.06405565635023315,train,True,400103,3
False,False,0.7083333730697632,0.06337212026119232,0.09487480565741674,train,True,400103,4
False,True,0.0,0.002007836941629648,0.0,train,False,400104,0
False,True,0.0,0.002007836941629648,0.00030247123763980303,train,False,400104,1
False,True,0.0,0.002007836941629648,0.0008936496905184101,train,False,400104,2
True,True,0.7916666865348816,0.0339764729142189,0.0,train,True,400105,0
True,True,0.7916666865348816,0.0339764729142189,0.002346306156195415,train,True,400105,1
True,True,0.7916666865348816,0.0339764729142189,0.01657491128527091,train,True,400105,2
True,True,0.0,0.005320994183421135,0.0,train,False,400106,0
True,True,0.0,0.005765127949416637,0.0006029350244793917,train,False,400106,1
True,True,0.0,0.005489411763846874,0.0014082575029866252,train,False,400106,2
True,True,0.0,0.005489411763846874,0.002583734209809754,train,False,400106,3
True,True,0.0,0.005489411763846874,0.003302497579827666,train,False,400106,4
True,True,0.0,0.005489411763846874,0.0036559590519613322,train,False,400106,5
True,True,0.5416666269302368,0.007080709096044302,0.0,train,True,400107,0
True,True,0.2083333134651184,0.009619981050491333,0.0,train,True,400108,0
True,True,0.2083333134651184,0.011261552572250366,0.003959290117920072,train,True,400108,1
True,True,0.2083333134651184,0.011786960996687412,0.008500875062525965,train,True,400108,2
True,True,0.2083333134651184,0.011786960996687412,0.016444342283638,train,True,400108,3
True,True,0.2083333134651184,0.011786960996687412,0.015917091501252582,train,True,400108,4
True,True,0.2083333134651184,0.011786960996687412,0.022392053898515545,train,True,400108,5
True,True,0.9166666865348816,0.058296579867601395,0.0,train,True,400109,0
True,True,0.9166666865348816,0.058296579867601395,0.02101200012369062,train,True,400109,1
True,True,1.0,0.008720755577087402,0.0,train,False,400110,0
True,True,1.0,0.008720755577087402,0.0012151377751870589,train,False,400110,1
True,True,0.7916666865348816,0.09985565394163132,0.0,train,True,400111,0
True,True,0.7916666865348816,0.10217104852199554,0.026815693472924753,train,True,400111,1
False,False,0.7916666865348816,0.10528910160064697,0.07806865884298761,train,True,400111,2
False,False,0.7916666865348816,0.10528910160064697,0.11489185315593098,train,True,400111,3
False,False,0.7916666865348816,0.10528910160064697,0.12805633753566137,train,True,400111,4
False,False,0.7916666865348816,0.10528910160064697,0.11389096988612205,train,True,400111,5
True,True,0.125,0.005124148912727833,0.0,train,True,400112,0
True,True,0.125,0.005124148912727833,0.0004808088359655671,train,True,400112,1
True,True,0.125,0.005124148912727833,0.0015186843371333225,train,True,400112,2
True,True,0.125,0.005124148912727833,0.002952202788445554,train,True,400112,3
True,True,0.125,0.006250391714274883,0.0,train,True,400113,0
True,True,0.125,0.006612693890929222,0.000895397911950508,train,True,400113,1
True,True,0.125,0.007163442671298981,0.002061601110801492,train,True,400113,2
True,True,0.125,0.011170757934451103,0.0032716049753066545,train,True,400113,3
True,True,0.125,0.007458171807229519,0.003993369132470914,train,True,400113,4
True,True,0.125,0.007458171807229519,0.004652516543324719,train,True,400113,5
True,True,0.125,0.007458171807229519,0.005554137070603538,train,True,400113,6
True,True,0.125,0.007458171807229519,0.009930188086382161,train,True,400113,7
True,True,0.1666666865348816,0.01433919370174408,0.0,train,True,400114,0
True,True,0.1666666865348816,0.012731647118926048,0.0004604983559591287,train,True,400114,1
True,True,0.1666666865348816,0.012731647118926048,0.0013606827397835749,train,True,400114,2
True,True,0.1666666865348816,0.012731647118926048,0.00353485060633557,train,True,400114,3
True,True,0.1666666865348816,0.012731647118926048,0.010019135013127706,train,True,400114,4
True,True,0.25,0.008428883738815784,0.0,train,True,400115,0
True,True,0.25,0.008428883738815784,0.0018469267969818746,train,True,400115,1
True,True,0.25,0.008428883738815784,0.004900060403979415,train,True,400115,2
True,True,0.25,0.008428883738815784,0.00794683933444509,train,True,400115,3
True,True,0.5833333730697632,0.004985258914530277,0.0,train,True,400116,0
True,True,0.5833333730697632,0.0103958360850811,0.00038906298846132995,train,True,400116,1
True,True,0.5833333730697632,0.0103958360850811,0.0019942416302851772,train,True,400116,2
True,True,0.5833333730697632,0.0103958360850811,0.013313757490833548,train,True,400116,3
True,True,0.5833333730697632,0.0103958360850811,0.01638508047893546,train,True,400116,4
True,True,0.9166666865348816,0.11050235480070114,0.0,train,True,400117,0
True,True,0.9166666865348816,0.10717363655567169,0.0010553123026985731,train,True,400117,1
True,True,0.9166666865348816,0.11442618072032928,0.03190774243760003,train,True,400117,2
False,False,0.9166666865348816,0.11442618072032928,0.06049056619415907,train,True,400117,3
False,False,0.9166666865348816,0.11442618072032928,0.0855767632815347,train,True,400117,4
False,False,0.9166666865348816,0.11442618072032928,0.08239469729855516,train,True,400117,5
True,True,0.08333331346511841,0.006951598450541496,0.0,train,True,400118,0
True,True,0.08333331346511841,0.00955271627753973,0.0005870905045499947,train,True,400118,1
True,True,0.08333331346511841,0.0057733990252017975,0.0020976057801044903,train,True,400118,2
True,True,0.08333331346511841,0.0057733990252017975,0.0037521019256873673,train,True,400118,3
True,True,0.08333331346511841,0.0057733990252017975,0.005085966876442341,train,True,400118,4
True,True,0.08333331346511841,0.0057733990252017975,0.010381081290602386,train,True,400118,5
True,True,0.9166666865348816,0.10495029389858246,0.0,train,True,400119,0
True,True,0.9166666865348816,0.10184599459171295,0.004093022231827601,train,True,400119,1
True,True,0.9166666865348816,0.1100441962480545,0.03899436776403816,train,True,400119,2
False,False,0.9166666865348816,0.1100441962480545,0.06641067051061529,train,True,400119,3
False,False,0.9166666865348816,0.1100441962480545,0.09064183043172684,train,True,400119,4
False,False,0.9166666865348816,0.1100441962480545,0.0861867511185838,train,True,400119,5
True,True,0.5833333730697632,0.01922527514398098,0.0,train,True,400120,0
True,True,0.5833333730697632,0.021650156006217003,0.03237846041573932,train,True,400120,1
False,False,0.5833333730697632,0.02229548804461956,0.06281239549269375,train,True,400120,2
False,False,0.5833333730697632,0.020000692456960678,0.08976675336772966,train,True,400120,3
False,False,0.5833333730697632,0.02452704682946205,0.08794134967445408,train,True,400120,4
False,False,0.5833333730697632,0.02452704682946205,0.08539922542010747,train,True,400120,5
False,False,0.5833333730697632,0.02452704682946205,0.08566968940912241,train,True,400120,6
False,False,0.5833333730697632,0.02452704682946205,0.12756476783482754,train,True,400120,7
True,True,0.4583333134651184,0.0058078342117369175,0.0,train,True,400121,0
True,True,0.4583333134651184,0.0058078342117369175,0.0015216996758832349,train,True,400121,1
True,True,0.1666666865348816,0.00496126152575016,0.0,train,True,400122,0
True,True,0.1666666865348816,0.007759769447147846,0.0016045174675033429,train,True,400122,1
True,True,0.1666666865348816,0.007483874447643757,0.0027844921744890256,train,True,400122,2
True,True,0.1666666865348816,0.007385855540633202,0.0040034223276681205,train,True,400122,3
True,True,0.1666666865348816,0.009135397151112556,0.0035472931214208235,train,True,400122,4
True,True,0.1666666865348816,0.01172037422657013,0.004334875116900955,train,True,400122,5
True,True,0.1666666865348816,0.01172037422657013,0.005378465878705045,train,True,400122,6
True,True,0.1666666865348816,0.01172037422657013,0.006043633230969459,train,True,400122,7
True,True,0.1666666865348816,0.01172037422657013,0.006640380389723486,train,True,400122,8
True,True,0.875,0.06496860086917877,0.0,train,True,400123,0
True,True,0.875,0.06679894775152206,0.030167641358955662,train,True,400123,1
False,False,0.875,0.06679894775152206,0.056398546368166096,train,True,400123,2
False,False,0.875,0.06679894775152206,0.10641228926380732,train,True,400123,3
False,False,0.875,0.06679894775152206,0.10777065111417015,train,True,400123,4
False,True,0.0,0.002445719437673688,0.0,train,False,400124,0
False,True,0.0,0.0022881138138473034,0.0006016003745436065,train,False,400124,1
False,True,0.0,0.002809054683893919,0.0011253160742007529,train,False,400124,2
False,True,0.0,0.002809054683893919,0.0017134550192857204,train,False,400124,3
False,True,0.0,0.002809054683893919,0.0017581520498217997,train,False,400124,4
False,True,0.0,0.002809054683893919,0.0020093142552130927,train,False,400124,5
True,True,1.0,0.005380862392485142,0.0,train,False,400125,0
True,True,1.0,0.005357515066862106,0.0002805537219590038,train,False,400125,1
True,True,1.0,0.005929392762482166,0.0009709097732710257,train,False,400125,2
True,True,1.0,0.005929392762482166,0.0020096625583722167,train,False,400125,3
True,True,1.0,0.005929392762482166,0.002892694429089505,train,False,400125,4
True,True,1.0,0.005929392762482166,0.003180621431680354,train,False,400125,5
True,True,0.0,0.009213372133672237,0.0,train,False,400126,0
True,True,0.0,0.009213372133672237,0.0011169650760339948,train,False,400126,1
True,True,0.0,0.009213372133672237,0.0026080716372153955,train,False,400126,2
True,True,0.0,0.009213372133672237,0.004649737119640969,train,False,400126,3
True,True,0.0,0.00582107761874795,0.0,train,False,400127,0
True,True,0.0,0.00582107761874795,0.0011959907975673783,train,False,400127,1
True,True,0.0,0.00582107761874795,0.002468229632105803,train,False,400127,2
True,True,0.0,0.00582107761874795,0.0037935413586099595,train,False,400127,3
True,True,0.125,0.005920065566897392,0.0,train,True,400128,0
True,True,0.125,0.005920065566897392,0.001146350135708001,train,True,400128,1
True,True,0.04166668653488159,0.004451609216630459,0.0,train,True,400129,0
True,True,0.04166668653488159,0.007199232000857592,0.00040224430874746776,train,True,400129,1
True,True,0.04166668653488159,0.008775007911026478,0.0009206806206365035,train,True,400129,2
True,True,0.04166668653488159,0.008775007911026478,0.0016104948970725123,train,True,400129,3
True,True,0.04166668653488159,0.008775007911026478,0.0025563488172775655,train,True,400129,4
True,True,0.04166668653488159,0.008775007911026478,0.004043692723073369,train,True,400129,5
True,True,0.0,0.0061620185151696205,0.0,train,False,400130,0
True,True,0.875,0.08571694791316986,0.0,train,True,400131,0
True,True,0.875,0.08542505651712418,0.00462553069250244,train,True,400131,1
True,True,0.875,0.09120588004589081,0.03166403394807665,train,True,400131,2
False,False,0.875,0.09120588004589081,0.053314062255317755,train,True,400131,3
False,False,0.875,0.09120588004589081,0.0701639149798534,train,True,400131,4
False,False,0.875,0.09120588004589081,0.06173381685834096,train,True,400131,5
True,True,0.7083333730697632,0.03812665492296219,0.0,train,True,400132,0
True,True,0.7083333730697632,0.037636302411556244,0.025642733293444173,train,True,400132,1
False,False,0.7083333730697632,0.04454970732331276,0.06510448896809502,train,True,400132,2
False,False,0.7083333730697632,0.04454970732331276,0.09500631312054607,train,True,400132,3
False,False,0.7083333730697632,0.04454970732331276,0.10200406958162861,train,True,400132,4
False,False,0.7083333730697632,0.04454970732331276,0.09494716069472746,train,True,400132,5
True,True,0.7083333730697632,0.02448093518614769,0.0,train,True,400133,0
True,True,0.7083333730697632,0.02448093518614769,0.0007422164806612094,train,True,400133,1
True,True,0.7083333730697632,0.02448093518614769,0.003657496119359434,train,True,400133,2
True,True,0.7083333730697632,0.02448093518614769,0.011439363019450755,train,True,400133,3
True,True,0.875,0.09592834115028381,0.0,train,True,400134,0
True,True,0.875,0.09906551241874695,0.0004890086419156876,train,True,400134,1
True,True,0.875,0.09846083074808121,0.0013914907408707092,train,True,400134,2
True,True,0.875,0.09846083074808121,0.03556446918150662,train,True,400134,3
False,False,0.875,0.09846083074808121,0.06382307173125193,train,True,400134,4
False,False,0.875,0.09846083074808121,0.08970974642791514,train,True,400134,5
False,True,0.0,0.0011677076108753681,0.0,train,False,400135,0
False,True,0.0,0.0011677076108753681,0.0003710842675822746,train,False,400135,1
True,True,0.5833333730697632,0.028859227895736694,0.0,train,True,400136,0
True,True,0.5833333730697632,0.028859227895736694,0.0013225074577470444,train,True,400136,1
True,True,0.5833333730697632,0.028859227895736694,0.013838710008716278,train,True,400136,2
True,True,0.5833333730697632,0.028859227895736694,0.02518574643279036,train,True,400136,3
True,True,0.0,0.005791465751826763,0.0,train,False,400137,0
True,True,0.0,0.006529984995722771,0.0012388164336868462,train,False,400137,1
True,True,0.0,0.006011466030031443,0.003258038458597343,train,False,400137,2
True,True,0.0,0.006011466030031443,0.005458592470063207,train,False,400137,3
True,True,0.0,0.006011466030031443,0.006340710028712844,train,False,400137,4
True,True,0.0,0.006011466030031443,0.00973390901974827,train,False,400137,5
True,True,0.9166666865348816,0.12470006942749023,0.0,train,True,400138,0
True,True,0.9166666865348816,0.12975719571113586,0.0010037976943058668,train,True,400138,1
True,True,0.9166666865348816,0.12975719571113586,0.046055097736726974,train,True,400138,2
False,False,0.9166666865348816,0.12975719571113586,0.07977313910795866,train,True,400138,3
False,False,0.9166666865348816,0.12975719571113586,0.11188569641286718,train,True,400138,4
True,True,0.04166668653488159,0.003544036764651537,0.0,train,True,400139,0
True,True,0.04166668653488159,0.003544036764651537,0.0016791363115516164,train,True,400139,1
True,True,0.04166668653488159,0.003544036764651537,0.002699724308950943,train,True,400139,2
True,True,0.04166668653488159,0.003544036764651537,0.0036782514808464837,train,True,400139,3
True,True,0.0,0.0034052859991788864,0.0,train,False,400140,0
True,True,0.0,0.0034052859991788864,0.0005841410905221661,train,False,400140,1
True,True,0.0,0.0034052859991788864,0.0012801562477254154,train,False,400140,2
True,True,0.0,0.0034052859991788864,0.002372688556167589,train,False,400140,3
True,True,0.0,0.005206397734582424,0.0,train,False,400141,0
True,True,0.0,0.005840484984219074,0.00024717861284414064,train,False,400141,1
True,True,0.0,0.004331700503826141,0.0005752967000351784,train,False,400141,2
True,True,0.0,0.004331700503826141,0.0019157856592017318,train,False,400141,3
True,True,0.0,0.004331700503826141,0.003026088581321889,train,False,400141,4
True,True,0.0,0.004331700503826141,0.004373336351943801,train,False,400141,5
True,True,0.625,0.05594077706336975,0.0,train,True,400142,0
True,True,0.625,0.05421969294548035,0.0017685143023058573,train,True,400142,1
True,True,0.625,0.056871186941862106,0.025953610100184817,train,True,400142,2
True,True,0.625,0.056871186941862106,0.044081267492021035,train,True,400142,3
False,False,0.625,0.056871186941862106,0.05909535563061211,train,True,400142,4
False,False,0.625,0.056871186941862106,0.057328703329804956,train,True,400142,5
True,True,0.875,0.1101960688829422,0.0,train,True,400143,0
True,True,0.875,0.111406609416008,0.0022710580708484958,train,True,400143,1
True,True,0.875,0.11903532594442368,0.04103728336565546,train,True,400143,2
False,False,0.875,0.11903532594442368,0.0735323061527819,train,True,400143,3
False,False,0.875,0.11903532594442368,0.10047565214690508,train,True,400143,4
False,False,0.875,0.11903532594442368,0.09192677979077177,train,True,400143,5
True,True,1.0,0.00518155237659812,0.0,train,False,400144,0
True,True,1.0,0.0060051195323467255,0.0009366391002821921,train,False,400144,1
True,True,1.0,0.006478603929281235,0.0020262292294942834,train,False,400144,2
True,True,1.0,0.005450019612908363,0.0032159967163117383,train,False,400144,3
True,True,1.0,0.00718350987881422,0.0036849793658485564,train,False,400144,4
True,True,1.0,0.00718350987881422,0.004012623686690947,train,False,400144,5
True,True,1.0,0.00718350987881422,0.0044396031400503275,train,False,400144,6
False,False,1.0,0.00718350987881422,0.05534797075603324,train,False,400144,7
True,True,0.04166668653488159,0.005924827419221401,0.0,train,True,400145,0
True,True,0.04166668653488159,0.006860756780952215,0.0007319033978650255,train,True,400145,1
True,True,0.04166668653488159,0.006680482532829046,0.00176500417379829,train,True,400145,2
True,True,0.04166668653488159,0.006680482532829046,0.003177231181689564,train,True,400145,3
True,True,0.04166668653488159,0.006680482532829046,0.0036355390851682432,train,True,400145,4
True,True,0.04166668653488159,0.006680482532829046,0.005352885998498808,train,True,400145,5
False,True,0.0,0.0014823287492617965,0.0,train,False,400146,0
True,True,0.9166666865348816,0.11406421661376953,0.0,train,True,400147,0
True,True,0.9166666865348816,0.11435601115226746,0.001793789078670468,train,True,400147,1
True,True,0.9166666865348816,0.11435601115226746,0.039202756023102865,train,True,400147,2
False,False,0.9166666865348816,0.11435601115226746,0.069926970375609,train,True,400147,3
False,False,0.9166666865348816,0.11435601115226746,0.096608284723618,train,True,400147,4
True,True,0.5833333730697632,0.045031674206256866,0.0,train,True,400148,0
True,True,0.5833333730697632,0.05239205062389374,0.013625711358734997,train,True,400148,1
True,True,0.5833333730697632,0.05239205062389374,0.02404287893972381,train,True,400148,2
False,False,0.5833333730697632,0.05239205062389374,0.05494911194532028,train,True,400148,3
False,False,0.5833333730697632,0.05239205062389374,0.0643625202984708,train,True,400148,4
True,True,0.75,0.06694437563419342,0.0,train,True,400149,0
True,True,0.75,0.06782275438308716,0.0011715044287304757,train,True,400149,1
True,True,0.75,0.07226231694221497,0.019925877418441935,train,True,400149,2
True,True,0.75,0.07226231694221497,0.03468233988914904,train,True,400149,3
True,True,0.75,0.07226231694221497,0.04765565994678187,train,True,400149,4
True,True,0.75,0.07226231694221497,0.04008526818520979,train,True,400149,5
True,True,0.5833333730697632,0.050471656024456024,0.0,train,True,400150,0
True,True,0.5833333730697632,0.04933571815490723,0.0016493095293158848,train,True,400150,1
True,True,0.5833333730697632,0.05350106954574585,0.019544066143241272,train,True,400150,2
True,True,0.5833333730697632,0.05350106954574585,0.03450059326159941,train,True,400150,3
True,True,0.5833333730697632,0.05350106954574585,0.0461712117177126,train,True,400150,4
True,True,0.5833333730697632,0.05350106954574585,0.04275498252520874,train,True,400150,5
True,True,0.0,0.003552219597622752,0.0,train,False,400151,0
True,True,0.0,0.003552219597622752,0.0005040204368220927,train,False,400151,1
True,True,0.0,0.003552219597622752,0.0009635891622282822,train,False,400151,2
True,True,0.04166668653488159,0.006822243332862854,0.0,train,True,400152,0
True,True,0.04166668653488159,0.006273578852415085,0.00023138463267189223,train,True,400152,1
True,True,0.04166668653488159,0.006273578852415085,0.0017302842164013418,train,True,400152,2
True,True,0.04166668653488159,0.006273578852415085,0.003091546408575153,train,True,400152,3
True,True,0.04166668653488159,0.006273578852415085,0.004508691864827793,train,True,400152,4
True,True,0.5,0.009434051811695099,0.0,train,True,400153,0
True,True,0.5,0.009360246360301971,0.0010573771479983065,train,True,400153,1
True,True,0.5,0.015652669593691826,0.0023027830031785794,train,True,400153,2
True,True,0.5,0.015652669593691826,0.004504195739930483,train,True,400153,3
True,True,0.5,0.015652669593691826,0.005314297612105373,train,True,400153,4
True,True,0.5,0.015652669593691826,0.006285759878840988,train,True,400153,5
True,True,0.0,0.00383948115631938,0.0,train,False,400154,0
True,True,0.0,0.00338453846052289,0.0004456114119829621,train,False,400154,1
True,True,0.0,0.0040281908586621284,0.001010029694386393,train,False,400154,2
True,True,0.0,0.0040281908586621284,0.0020033427364539334,train,False,400154,3
True,True,0.0,0.0040281908586621284,0.0026499754301632632,train,False,400154,4
True,True,0.0,0.0040281908586621284,0.0029191976591132784,train,False,400154,5
True,True,0.875,0.08083933591842651,0.0,train,True,400155,0
True,True,0.875,0.08241338282823563,0.0012205558463679756,train,True,400155,1
True,True,0.875,0.09005783498287201,0.02687717223969559,train,True,400155,2
True,True,0.875,0.09005783498287201,0.04908900249049679,train,True,400155,3
False,False,0.875,0.09005783498287201,0.06790194858384012,train,True,400155,4
False,False,0.875,0.09005783498287201,0.06207669352372859,train,True,400155,5
True,True,0.5,0.04282595217227936,0.0,train,True,400156,0
True,True,0.5,0.040304459631443024,0.0061362888383893295,train,True,400156,1
True,True,0.5,0.04567311704158783,0.03751618232476793,train,True,400156,2
False,False,0.5,0.04567311704158783,0.05849663283361258,train,True,400156,3
False,False,0.5,0.04567311704158783,0.07377493838662805,train,True,400156,4
False,False,0.5,0.04567311704158783,0.0647783553138302,train,True,400156,5
True,True,0.7083333730697632,0.02243438921868801,0.0,train,True,400157,0
True,True,0.7083333730697632,0.02243438921868801,0.0011012701933196547,train,True,400157,1
True,True,0.7083333730697632,0.02243438921868801,0.0031239657866141105,train,True,400157,2
True,True,0.7083333730697632,0.02243438921868801,0.009095291756710186,train,True,400157,3
True,True,0.0,0.003889966057613492,0.0,train,False,400158,0
True,True,0.0,0.004635008051991463,0.0006548258053145179,train,False,400158,1
True,True,0.0,0.005462744273245335,0.0013236787003648794,train,False,400158,2
True,True,0.0,0.005462744273245335,0.0017640552743677154,train,False,400158,3
True,True,0.0,0.005462744273245335,0.0019708939128521095,train,False,400158,4
True,True,0.0,0.005462744273245335,0.0022436589503082058,train,False,400158,5
True,True,0.375,0.007947158999741077,0.0,train,True,400159,0
True,True,0.375,0.007115076296031475,0.000933959710344702,train,True,400159,1
True,True,0.375,0.007115076296031475,0.002652541750840807,train,True,400159,2
True,True,0.375,0.007115076296031475,0.004929334623869907,train,True,400159,3
True,True,0.375,0.007115076296031475,0.005966581648530868,train,True,400159,4
True,True,0.125,0.006666137836873531,0.0,train,True,400160,0
True,True,0.125,0.010717629455029964,0.0008916157158039029,train,True,400160,1
True,True,0.125,0.011021386831998825,0.004788667788048284,train,True,400160,2
True,True,0.125,0.011021386831998825,0.009384571999925491,train,True,400160,3
True,True,0.125,0.011021386831998825,0.012973198352334995,train,True,400160,4
True,True,0.125,0.011021386831998825,0.021720629533056892,train,True,400160,5
True,True,0.9166666865348816,0.06859570741653442,0.0,train,True,400161,0
True,True,0.9166666865348816,0.06926543265581131,0.0009162591074801075,train,True,400161,1
True,True,0.9166666865348816,0.07611241191625595,0.022205615121378277,train,True,400161,2
True,True,0.9166666865348816,0.07611241191625595,0.040950955576111905,train,True,400161,3
False,False,0.9166666865348816,0.07611241191625595,0.059815654722683534,train,True,400161,4
False,False,0.9166666865348816,0.07611241191625595,0.05509591722631913,train,True,400161,5
True,True,0.25,0.013414489105343819,0.0,train,True,400162,0
True,True,0.25,0.013626845553517342,0.0011993950815605212,train,True,400162,1
True,True,0.25,0.012119786813855171,0.003088434063530823,train,True,400162,2
True,True,0.25,0.012119786813855171,0.005478197899771014,train,True,400162,3
True,True,0.25,0.012119786813855171,0.011336793666497555,train,True,400162,4
True,True,0.25,0.012119786813855171,0.016037757303654428,train,True,400162,5
True,True,0.0,0.006304388865828514,0.0,train,False,400163,0
True,True,0.0,0.006304388865828514,0.0015490816923935254,train,False,400163,1
True,True,0.5,0.02189081534743309,0.0,train,True,400164,0
True,True,0.5,0.02189081534743309,0.0031592781179145837,train,True,400164,1
True,True,0.5,0.02189081534743309,0.013940699214605891,train,True,400164,2
True,True,1.0,0.007437167689204216,0.0,train,False,400165,0
True,True,1.0,0.007437167689204216,0.000532089627077904,train,False,400165,1
True,True,1.0,0.007437167689204216,0.0014505605843614332,train,False,400165,2
True,True,1.0,0.007437167689204216,0.0033181139847297137,train,False,400165,3
True,True,0.625,0.027218038216233253,0.0,train,True,400166,0
True,True,0.625,0.027090920135378838,0.004168878490462001,train,True,400166,1
True,True,0.625,0.030364425852894783,0.01816116824589785,train,True,400166,2
True,True,0.625,0.030364425852894783,0.02772198828022124,train,True,400166,3
True,True,0.625,0.030364425852894783,0.033075174702672856,train,True,400166,4
True,True,0.625,0.030364425852894783,0.027713415542470046,train,True,400166,5
True,True,0.5416666269302368,0.024299558252096176,0.0,train,True,400167,0
True,True,0.5416666269302368,0.024299558252096176,0.0015538563414227897,train,True,400167,1
True,True,0.5416666269302368,0.024299558252096176,0.02135210884986819,train,True,400167,2
True,True,0.375,0.021893704310059547,0.0,train,True,400168,0
True,True,0.375,0.029890894889831543,0.0017031300444028655,train,True,400168,1
True,True,0.375,0.03488093987107277,0.01889669878912422,train,True,400168,2
True,True,0.375,0.03488093987107277,0.039030707429439725,train,True,400168,3
False,False,0.375,0.03488093987107277,0.05897957503660536,train,True,400168,4
False,False,0.375,0.03488093987107277,0.06709505827268415,train,True,400168,5
True,True,0.08333331346511841,0.004542041569948196,0.0,train,True,400169,0
True,True,0.08333331346511841,0.004542041569948196,0.0005210352001733077,train,True,400169,1
True,True,0.08333331346511841,0.004542041569948196,0.0015903858398664571,train,True,400169,2
True,True,0.08333331346511841,0.004542041569948196,0.002741894541267151,train,True,400169,3
True,True,0.08333331346511841,0.004618125036358833,0.0,train,True,400170,0
True,True,0.08333331346511841,0.004618125036358833,0.0009845317587927206,train,True,400170,1
True,True,0.08333331346511841,0.004618125036358833,0.0020922068658324024,train,True,400170,2
True,True,1.0,0.004156365990638733,0.0,train,False,400171,0
True,True,1.0,0.006527179852128029,0.0006500194495463896,train,False,400171,1
True,True,1.0,0.005710235796868801,0.0015426198719159995,train,False,400171,2
True,True,1.0,0.005710235796868801,0.002459698766922929,train,False,400171,3
True,True,1.0,0.005710235796868801,0.002873350797014647,train,False,400171,4
True,True,1.0,0.005710235796868801,0.009519672028534357,train,False,400171,5
True,True,0.0,0.0034818344283849,0.0,train,False,400172,0
True,True,0.0,0.0048810336738824844,0.0004617447150025361,train,False,400172,1
True,True,0.0,0.006507536396384239,0.00108392839106593,train,False,400172,2
True,True,0.0,0.006507536396384239,0.0020582331232431982,train,False,400172,3
True,True,0.0,0.006507536396384239,0.0023565289637535276,train,False,400172,4
True,True,0.0,0.006507536396384239,0.0031993275744825076,train,False,400172,5
True,True,0.875,0.07556649297475815,0.0,train,True,400173,0
True,True,0.875,0.07143567502498627,0.0007817566813514063,train,True,400173,1
True,True,0.875,0.07143567502498627,0.02667499343201449,train,True,400173,2
True,True,0.875,0.07143567502498627,0.048250275248236794,train,True,400173,3
False,False,0.875,0.07143567502498627,0.06760057360235389,train,True,400173,4
True,True,0.04166668653488159,0.004020911641418934,0.0,train,True,400174,0
True,True,0.04166668653488159,0.004248827695846558,0.0006232814221213195,train,True,400174,1
True,True,0.04166668653488159,0.0050889672711491585,0.0012947791921364671,train,True,400174,2
True,True,0.04166668653488159,0.0050889672711491585,0.001981950039416619,train,True,400174,3
True,True,0.04166668653488159,0.0050889672711491585,0.002344048075897877,train,True,400174,4
True,True,0.04166668653488159,0.0050889672711491585,0.0027514112977327448,train,True,400174,5
True,True,0.04166668653488159,0.0062462445348501205,0.0,train,True,400175,0
True,True,0.04166668653488159,0.006720118224620819,0.001040046216828947,train,True,400175,1
True,True,0.04166668653488159,0.007398589979857206,0.0021412316445568067,train,True,400175,2
True,True,0.04166668653488159,0.007398589979857206,0.0032655568990991456,train,True,400175,3
True,True,0.04166668653488159,0.007398589979857206,0.003637359873438784,train,True,400175,4
True,True,0.04166668653488159,0.007398589979857206,0.00394893224106629,train,True,400175,5
False,True,0.0,0.0017539069522172213,0.0,train,False,400176,0
True,True,0.125,0.003550351597368717,0.0,train,True,400177,0
True,True,0.125,0.003780474653467536,0.0008065035229677435,train,True,400177,1
True,True,0.125,0.008173427544534206,0.0011936997425407232,train,True,400177,2
True,True,0.125,0.009756505489349365,0.0016322490877798046,train,True,400177,3
True,True,0.125,0.009756505489349365,0.0018296323441882804,train,True,400177,4
True,True,0.125,0.009756505489349365,0.002359902674590909,train,True,400177,5
True,True,0.125,0.009756505489349365,0.003722486422833495,train,True,400177,6
True,True,0.9583333134651184,0.05092873051762581,0.0,train,True,400178,0
True,True,0.9583333134651184,0.05092873051762581,0.03149434735179916,train,True,400178,1
True,True,0.9583333134651184,0.05092873051762581,0.04375025175377565,train,True,400178,2
True,True,0.04166668653488159,0.011297504417598248,0.0,train,True,400179,0
True,True,0.04166668653488159,0.010373693890869617,0.0011586900392974461,train,True,400179,1
True,True,0.04166668653488159,0.011593600735068321,0.0028205463090659787,train,True,400179,2
True,True,0.04166668653488159,0.015080779790878296,0.009740082158457671,train,True,400179,3
True,True,0.04166668653488159,0.015080779790878296,0.011986432128688825,train,True,400179,4
True,True,0.04166668653488159,0.015080779790878296,0.013242989954646203,train,True,400179,5
True,True,0.04166668653488159,0.015080779790878296,0.011158520974262792,train,True,400179,6
True,True,0.0,0.004646067973226309,0.0,train,False,400180,0
True,True,0.0,0.004646067973226309,0.001117135056743438,train,False,400180,1
True,True,0.0,0.004646067973226309,0.0017148454625182607,train,False,400180,2
True,True,0.0,0.004646067973226309,0.002547510538209499,train,False,400180,3
True,True,0.9166666865348816,0.08479930460453033,0.0,train,True,400181,0
True,True,0.9166666865348816,0.08743681758642197,0.009009310496824999,train,True,400181,1
True,True,0.9166666865348816,0.08743681758642197,0.04767931184000868,train,True,400181,2
False,False,0.9166666865348816,0.08743681758642197,0.07974721716160815,train,True,400181,3
False,False,0.9166666865348816,0.08743681758642197,0.09972400284533733,train,True,400181,4
True,True,0.04166668653488159,0.01858198642730713,0.0,train,True,400182,0
True,True,0.04166668653488159,0.01858198642730713,0.0032606659427211974,train,True,400182,1
True,True,0.04166668653488159,0.01858198642730713,0.030429386738354998,train,True,400182,2
True,True,0.875,0.07802889496088028,0.0,train,True,400183,0
True,True,0.875,0.08237624913454056,0.03069404650169248,train,True,400183,1
False,False,0.875,0.08237624913454056,0.06648593352562653,train,True,400183,2
False,False,0.875,0.08237624913454056,0.09088749247026028,train,True,400183,3
False,False,0.875,0.08237624913454056,0.0783865154721041,train,True,400183,4
True,True,0.0,0.004260594490915537,0.0,train,False,400184,0
True,True,0.0,0.004260594490915537,0.0012339285288329614,train,False,400184,1
True,True,0.0,0.004260594490915537,0.0023192517665923756,train,False,400184,2
True,True,0.125,0.007447549141943455,0.0,train,True,400185,0
True,True,0.125,0.007447549141943455,0.00037622971774612724,train,True,400185,1
True,True,0.125,0.007447549141943455,0.0018902042922063532,train,True,400185,2
True,True,0.8333333134651184,0.0633033886551857,0.0,train,True,400186,0
True,True,0.8333333134651184,0.06292599439620972,0.0030836185427283425,train,True,400186,1
True,True,0.8333333134651184,0.06632783263921738,0.024610199287923955,train,True,400186,2
True,True,0.8333333134651184,0.06632783263921738,0.04016232464122113,train,True,400186,3
False,False,0.8333333134651184,0.06632783263921738,0.053324259529030235,train,True,400186,4
True,True,0.8333333134651184,0.06632783263921738,0.04882912464367534,train,True,400186,5
True,True,0.875,0.09571491181850433,0.0,train,True,400187,0
True,True,0.875,0.09571491181850433,0.01605505219996438,train,True,400187,1
False,False,0.875,0.09571491181850433,0.054102788497264645,train,True,400187,2
True,True,1.0,0.0036409683525562286,0.0,train,False,400188,0
True,True,1.0,0.008643720299005508,0.0006444580447054137,train,False,400188,1
True,True,1.0,0.005946477875113487,0.0013415973855535953,train,False,400188,2
True,True,1.0,0.005946477875113487,0.00200502432393382,train,False,400188,3
True,True,1.0,0.005946477875113487,0.0021840306006595134,train,False,400188,4
False,False,1.0,0.005946477875113487,0.05869099094876748,train,False,400188,5
True,True,1.0,0.005950191058218479,0.0,train,False,400189,0
True,True,1.0,0.00553395040333271,0.0005879371983739015,train,False,400189,1
True,True,1.0,0.006045093759894371,0.001433722661140517,train,False,400189,2
True,True,1.0,0.007426091935485601,0.0023940569967036912,train,False,400189,3
True,True,1.0,0.007426091935485601,0.0031685691749375557,train,False,400189,4
True,True,1.0,0.007426091935485601,0.003439824579692216,train,False,400189,5
True,True,1.0,0.007426091935485601,0.04866993474353954,train,False,400189,6
True,True,0.7083333730697632,0.07922440022230148,0.0,train,True,400190,0
True,True,0.7083333730697632,0.07239626348018646,0.0011973021675500382,train,True,400190,1
True,True,0.7083333730697632,0.07239626348018646,0.027139704812561942,train,True,400190,2
False,False,0.7083333730697632,0.07239626348018646,0.050814050331044455,train,True,400190,3
False,False,0.7083333730697632,0.07239626348018646,0.07164184029970974,train,True,400190,4
True,True,0.875,0.10618749260902405,0.0,train,True,400191,0
True,True,0.875,0.10223080217838287,0.006328630498615348,train,True,400191,1
True,True,0.875,0.10223080217838287,0.04106482991920549,train,True,400191,2
False,False,0.875,0.10223080217838287,0.06733388744821853,train,True,400191,3
False,False,0.875,0.10223080217838287,0.08859144507055647,train,True,400191,4
True,True,0.6666666269302368,0.028929097577929497,0.0,train,True,400192,0
True,True,0.6666666269302368,0.028929097577929497,0.032188340931616606,train,True,400192,1
False,False,0.6666666269302368,0.028929097577929497,0.060814031263922576,train,True,400192,2
True,True,0.9166666865348816,0.13229936361312866,0.0,train,True,400193,0
True,True,0.9166666865348816,0.1328466683626175,0.004540264796466852,train,True,400193,1
False,False,0.9166666865348816,0.13036084175109863,0.0515387237523515,train,True,400193,2
False,False,0.9166666865348816,0.13830570876598358,0.08515734965618313,train,True,400193,3
False,False,0.9166666865348816,0.13830570876598358,0.11487055420386842,train,True,400193,4
False,False,0.9166666865348816,0.13830570876598358,0.10171525184188453,train,True,400193,5
False,False,0.9166666865348816,0.13830570876598358,0.10214326144123446,train,True,400193,6
True,True,0.875,0.07417106628417969,0.0,train,True,400194,0
True,True,0.875,0.07417106628417969,0.026471318998857882,train,True,400194,1
False,True,0.0,0.0026619117707014084,0.0,train,False,400195,0
False,True,0.0,0.0026619117707014084,0.0006592922029662742,train,False,400195,1
True,True,0.9166666865348816,0.1002267450094223,0.0,train,True,400196,0
True,True,0.9166666865348816,0.10375888645648956,0.0015666850473376208,train,True,400196,1
True,True,0.9166666865348816,0.10375888645648956,0.03271195043230034,train,True,400196,2
False,False,0.9166666865348816,0.10375888645648956,0.057299687965899425,train,True,400196,3
False,False,0.9166666865348816,0.10375888645648956,0.08030679479888221,train,True,400196,4
True,True,0.08333331346511841,0.00545415049418807,0.0,train,True,400197,0
True,True,0.08333331346511841,0.00545415049418807,0.0013212928440246474,train,True,400197,1
True,True,0.08333331346511841,0.00545415049418807,0.005277955338765711,train,True,400197,2
True,True,1.0,0.0043032472021877766,0.0,train,False,400198,0
True,True,1.0,0.0043032472021877766,0.0008388020061519377,train,False,400198,1
True,True,1.0,0.0043032472021877766,0.001955052028552299,train,False,400198,2
True,True,1.0,0.0043032472021877766,0.0029049165941030302,train,False,400198,3
True,True,0.875,0.14347660541534424,0.0,train,True,400199,0
True,True,0.875,0.13336868584156036,0.0011536204439434176,train,True,400199,1
True,True,0.875,0.14024707674980164,0.04986392095339753,train,True,400199,2
False,False,0.875,0.14024707674980164,0.0922987058531831,train,True,400199,3
False,False,0.875,0.14024707674980164,0.13259017256039698,train,True,400199,4
False,False,0.875,0.14024707674980164,0.12448253267136988,train,True,400199,5
True,True,0.2083333134651184,0.0023027868010103703,0.0,train,True,400200,0
True,True,0.2083333134651184,0.0023027868010103703,0.00023012030216584207,train,True,400200,1
True,True,0.2083333134651184,0.0023027868010103703,0.0011893769462005418,train,True,400200,2
False,True,0.0,0.002642420819029212,0.0,train,False,400201,0
False,True,0.0,0.002642420819029212,0.0005115056933747816,train,False,400201,1
True,True,0.04166668653488159,0.005928599741309881,0.0,train,True,400202,0
True,True,0.04166668653488159,0.0064516933634877205,0.0009607255087422174,train,True,400202,1
True,True,0.04166668653488159,0.0064516933634877205,0.0022347065384444964,train,True,400202,2
True,True,0.04166668653488159,0.0064516933634877205,0.003496036688838098,train,True,400202,3
True,True,0.04166668653488159,0.0064516933634877205,0.0038848190381995753,train,True,400202,4
True,True,0.5,0.03344610705971718,0.0,train,True,400203,0
True,True,0.5,0.033728644251823425,0.025177407776901504,train,True,400203,1
False,False,0.5,0.033728644251823425,0.06373791848549892,train,True,400203,2
False,False,0.5,0.033728644251823425,0.08120032010218689,train,True,400203,3
False,False,0.5,0.033728644251823425,0.07363639231958967,train,True,400203,4
True,True,0.7083333730697632,0.022399991750717163,0.0,train,True,400204,0
True,True,0.7083333730697632,0.024887219071388245,0.0034703122490812965,train,True,400204,1
True,True,0.7083333730697632,0.024887219071388245,0.012839351465297223,train,True,400204,2
True,True,0.7083333730697632,0.024887219071388245,0.01890246864416889,train,True,400204,3
True,True,0.7083333730697632,0.024887219071388245,0.023794294221007418,train,True,400204,4
True,True,1.0,0.007795225828886032,0.0,train,False,400205,0
True,True,1.0,0.008875550702214241,0.0015125961405951954,train,False,400205,1
True,True,1.0,0.008592652156949043,0.003946411346745994,train,False,400205,2
True,True,1.0,0.008592652156949043,0.0071762141079030894,train,False,400205,3
True,True,1.0,0.008592652156949043,0.009897515130988929,train,False,400205,4
True,True,1.0,0.008592652156949043,0.00924628423773776,train,False,400205,5
True,True,0.0,0.005483977496623993,0.0,train,False,400206,0
True,True,0.0,0.008427189663052559,0.0009320098859793618,train,False,400206,1
True,True,0.0,0.006036106031388044,0.0016510197101415644,train,False,400206,2
True,True,0.0,0.006036106031388044,0.002913505971197704,train,False,400206,3
True,True,0.0,0.006036106031388044,0.003143778794691228,train,False,400206,4
True,True,0.0,0.006036106031388044,0.009663305595188309,train,False,400206,5
True,True,1.0,0.006337154656648636,0.0,train,False,400207,0
True,True,1.0,0.006337154656648636,0.0013691609029557036,train,False,400207,1
True,True,1.0,0.006337154656648636,0.0040755872504604435,train,False,400207,2
True,True,1.0,0.006337154656648636,0.006133519897967037,train,False,400207,3
True,True,0.5,0.02739911898970604,0.0,train,True,400208,0
True,True,0.5,0.02739911898970604,0.018669171579109585,train,True,400208,1
False,False,0.5,0.02739911898970604,0.059840898585925284,train,True,400208,2
False,False,0.5,0.02739911898970604,0.07980628692773242,train,True,400208,3
True,True,0.9166666865348816,0.0690370500087738,0.0,train,True,400209,0
True,True,0.9166666865348816,0.06884707510471344,0.0034241381283642573,train,True,400209,1
True,True,0.9166666865348816,0.07637336850166321,0.02301009377928545,train,True,400209,2
True,True,0.9166666865348816,0.07637336850166321,0.03905883677983622,train,True,400209,3
False,False,0.9166666865348816,0.07637336850166321,0.05147606062258727,train,True,400209,4
True,True,0.9166666865348816,0.07637336850166321,0.04514770865802761,train,True,400209,5
True,True,0.5416666269302368,0.026093997061252594,0.0,train,True,400210,0
True,True,0.5416666269302368,0.02803831920027733,0.002407102551000611,train,True,400210,1
True,True,0.5416666269302368,0.03280482068657875,0.020121898263665276,train,True,400210,2
True,True,0.5416666269302368,0.03280482068657875,0.04048492100396088,train,True,400210,3
False,False,0.5416666269302368,0.03280482068657875,0.06048175929167848,train,True,400210,4
False,False,0.5416666269302368,0.03280482068657875,0.0671781333352543,train,True,400210,5
True,True,0.0,0.02054876834154129,0.0,train,False,400211,0
True,True,0.75,0.08546500653028488,0.0,train,True,400212,0
True,True,0.75,0.0909913182258606,0.030396011857515007,train,True,400212,1
False,False,0.75,0.09341743588447571,0.05809219389745354,train,True,400212,2
False,False,0.75,0.09341743588447571,0.10580656229507585,train,True,400212,3
False,False,0.75,0.09341743588447571,0.115204688904094,train,True,400212,4
False,False,0.75,0.09341743588447571,0.12716319212531793,train,True,400212,5
True,True,0.0,0.005069930572062731,0.0,train,False,400213,0
True,True,0.0,0.0030097048729658127,0.0011292465224651965,train,False,400213,1
True,True,0.0,0.0030097048729658127,0.0015852744162838384,train,False,400213,2
True,True,0.0,0.0030097048729658127,0.002747772313583984,train,False,400213,3
True,True,0.0,0.0030097048729658127,0.0032794672274573714,train,False,400213,4
True,True,0.0,0.0057953279465436935,0.0,train,False,400214,0
True,True,0.0,0.0067694662138819695,0.0002649452844994144,train,False,400214,1
True,True,0.0,0.0057312967255711555,0.0005240942386505355,train,False,400214,2
True,True,0.0,0.0057312967255711555,0.0013541397889422655,train,False,400214,3
True,True,0.0,0.0057312967255711555,0.0025611692905360703,train,False,400214,4
True,True,0.0,0.0057312967255711555,0.003673001869956733,train,False,400214,5
True,True,0.0,0.003932335879653692,0.0,train,False,400215,0
True,True,0.4166666865348816,0.03141577169299126,0.0,train,True,400216,0
True,True,0.4166666865348816,0.03141577169299126,0.011095259230483039,train,True,400216,1
True,True,0.9583333134651184,0.08069529384374619,0.0,train,True,400217,0
True,True,0.9583333134651184,0.08335186541080475,0.00654834801580993,train,True,400217,1
True,True,0.9583333134651184,0.08725111186504364,0.03900048484147113,train,True,400217,2
False,False,0.9583333134651184,0.08725111186504364,0.06671592536002136,train,True,400217,3
False,False,0.9583333134651184,0.08725111186504364,0.08628035391968515,train,True,400217,4
False,False,0.9583333134651184,0.08725111186504364,0.08318360601211558,train,True,400217,5
True,True,0.8333333134651184,0.09343172609806061,0.0,train,True,400218,0
True,True,0.8333333134651184,0.08353840559720993,0.0017617622239525324,train,True,400218,1
True,True,0.8333333134651184,0.08644980937242508,0.039863788399726895,train,True,400218,2
False,False,0.8333333134651184,0.0874912440776825,0.07147877743386856,train,True,400218,3
False,False,0.8333333134651184,0.0874912440776825,0.09689594088422035,train,True,400218,4
False,False,0.8333333134651184,0.0874912440776825,0.0825015514676907,train,True,400218,5
False,False,0.8333333134651184,0.0874912440776825,0.08095722036492083,train,True,400218,6
False,True,0.0,0.0024934338871389627,0.0,train,False,400219,0
False,True,0.0,0.0024934338871389627,0.0005036491532676622,train,False,400219,1
True,True,0.08333331346511841,0.009560154750943184,0.0,train,True,400220,0
True,True,0.08333331346511841,0.011214111931622028,0.0011399788006498973,train,True,400220,1
True,True,0.08333331346511841,0.011214111931622028,0.0038001008180421057,train,True,400220,2
True,True,0.08333331346511841,0.011214111931622028,0.010167522716612592,train,True,400220,3
True,True,0.08333331346511841,0.011214111931622028,0.012663678989230442,train,True,400220,4
True,True,0.875,0.025380190461874008,0.0,train,True,400221,0
True,True,0.875,0.036909524351358414,0.027120188011754465,train,True,400221,1
False,False,0.875,0.036909524351358414,0.10325549134809996,train,True,400221,2
False,False,0.875,0.036909524351358414,0.1245367870329347,train,True,400221,3
False,False,0.875,0.036909524351358414,0.11149506917288307,train,True,400221,4
True,True,0.08333331346511841,0.003916225396096706,0.0,train,True,400222,0
True,True,0.08333331346511841,0.003916225396096706,0.0005381176061050883,train,True,400222,1
True,True,0.08333331346511841,0.003916225396096706,0.0012043325612698156,train,True,400222,2
True,True,0.04166668653488159,0.00738817173987627,0.0,train,True,400223,0
True,True,0.04166668653488159,0.007713670842349529,0.0007365941830003854,train,True,400223,1
True,True,0.04166668653488159,0.010354900732636452,0.002598963392109043,train,True,400223,2
True,True,0.04166668653488159,0.008645258843898773,0.003589529997304348,train,True,400223,3
True,True,0.04166668653488159,0.009660910815000534,0.0046279411553494946,train,True,400223,4
True,True,0.04166668653488159,0.009660910815000534,0.0044563556046366805,train,True,400223,5
True,True,0.04166668653488159,0.009660910815000534,0.0074784909741567665,train,True,400223,6
True,True,0.04166668653488159,0.009660910815000534,0.00789580233658556,train,True,400223,7
True,True,0.0,0.00470251590013504,0.0,train,False,400224,0
True,True,0.0,0.00470251590013504,0.002144264660573733,train,False,400224,1
True,True,0.0,0.00470251590013504,0.0031871446567295694,train,False,400224,2
True,True,0.0,0.00470251590013504,0.004379465954971439,train,False,400224,3
True,True,0.2083333134651184,0.011420566588640213,0.0,train,True,400225,0
True,True,0.2083333134651184,0.011003134772181511,0.00045366696972612023,train,True,400225,1
True,True,0.2083333134651184,0.011003134772181511,0.0012931758161567096,train,True,400225,2
True,True,0.2083333134651184,0.011003134772181511,0.0026309849412563557,train,True,400225,3
True,True,0.2083333134651184,0.011003134772181511,0.007637073779071147,train,True,400225,4
True,True,0.8333333134651184,0.06017405539751053,0.0,train,True,400226,0
True,True,0.8333333134651184,0.06017405539751053,0.03274042648106312,train,True,400226,1
True,True,0.8333333134651184,0.06017405539751053,0.04751823040591166,train,True,400226,2
False,False,0.8333333134651184,0.06017405539751053,0.07944367706197197,train,True,400226,3
True,True,0.7916666865348816,0.057397592812776566,0.0,train,True,400227,0
True,True,0.7916666865348816,0.058790192008018494,0.0022643714830953544,train,True,400227,1
True,True,0.7916666865348816,0.050639182329177856,0.025422955504369432,train,True,400227,2
True,True,0.7916666865348816,0.05944815278053284,0.04201843393260845,train,True,400227,3
False,False,0.7916666865348816,0.05944815278053284,0.057214742995262954,train,True,400227,4
True,True,0.7916666865348816,0.05944815278053284,0.04990722304311737,train,True,400227,5
True,True,0.7916666865348816,0.05944815278053284,0.04627049260719745,train,True,400227,6
True,True,0.04166668653488159,0.004354104399681091,0.0,train,True,400228,0
True,True,0.04166668653488159,0.004354104399681091,0.0005123517366050548,train,True,400228,1
True,True,0.04166668653488159,0.004354104399681091,0.0013954191473786136,train,True,400228,2
True,True,0.0,0.004344326443970203,0.0,train,False,400229,0
True,True,0.0,0.0038288626819849014,0.00043418009561920753,train,False,400229,1
True,True,0.0,0.0038288626819849014,0.0013185270901971704,train,False,400229,2
True,True,0.0,0.0038288626819849014,0.002366443279739766,train,False,400229,3
True,True,0.0,0.0038288626819849014,0.0029497016934088853,train,False,400229,4
True,True,0.5833333730697632,0.016856040805578232,0.0,train,True,400230,0
True,True,0.5833333730697632,0.02022252418100834,0.0013747787081522748,train,True,400230,1
True,True,0.5833333730697632,0.03209233283996582,0.014671459979330084,train,True,400230,2
True,True,0.5833333730697632,0.02550210990011692,0.029249416290922554,train,True,400230,3
True,True,0.5833333730697632,0.032465361058712006,0.04312219236716921,train,True,400230,4
True,True,0.5833333730697632,0.032465361058712006,0.04774535439931916,train,True,400230,5
False,False,0.5833333730697632,0.032465361058712006,0.05709538192688815,train,True,400230,6
False,False,0.5833333730697632,0.032465361058712006,0.056660369399171524,train,True,400230,7
True,True,0.3333333134651184,0.015167199075222015,0.0,train,True,400231,0
True,True,0.3333333134651184,0.015167199075222015,0.0015820417282987871,train,True,400231,1
True,True,0.3333333134651184,0.015167199075222015,0.00876258495641322,train,True,400231,2
True,True,0.2083333134651184,0.003241667291149497,0.0,train,True,400232,0
True,True,0.2083333134651184,0.003808438079431653,0.000482638253047149,train,True,400232,1
True,True,0.2083333134651184,0.003808438079431653,0.001165056089092462,train,True,400232,2
True,True,0.2083333134651184,0.003808438079431653,0.0019233729873054687,train,True,400232,3
True,True,0.2083333134651184,0.003808438079431653,0.0021052369027780514,train,True,400232,4
True,True,0.875,0.09835515916347504,0.0,train,True,400233,0
True,True,0.875,0.09835515916347504,0.001444580024577511,train,True,400233,1
True,True,0.875,0.09835515916347504,0.043985370699780146,train,True,400233,2
False,False,0.875,0.09835515916347504,0.07077772266040136,train,True,400233,3
True,True,0.875,0.07958736270666122,0.0,train,True,400234,0
True,True,0.875,0.08086634427309036,0.004175553475416632,train,True,400234,1
True,True,0.875,0.08814465254545212,0.03360154693799703,train,True,400234,2
False,False,0.875,0.08990836143493652,0.05576345731709485,train,True,400234,3
False,False,0.875,0.08967345952987671,0.07168594133720457,train,True,400234,4
False,False,0.875,0.08967345952987671,0.0617682204165042,train,True,400234,5
False,False,0.875,0.08967345952987671,0.060993386268597745,train,True,400234,6
False,False,0.875,0.08967345952987671,0.06145789395060075,train,True,400234,7
True,True,0.04166668653488159,0.006178440060466528,0.0,train,True,400235,0
True,True,0.04166668653488159,0.011804793030023575,0.0016556272103062152,train,True,400235,1
True,True,0.04166668653488159,0.009247645735740662,0.004837283774277111,train,True,400235,2
True,True,0.04166668653488159,0.009247645735740662,0.008350587473240169,train,True,400235,3
True,True,0.04166668653488159,0.009247645735740662,0.011594730375656389,train,True,400235,4
True,True,0.04166668653488159,0.009247645735740662,0.017031522840352704,train,True,400235,5
True,True,0.125,0.002634521573781967,0.0,train,True,400236,0
True,True,0.125,0.003322415752336383,0.00033144033957384193,train,True,400236,1
True,True,0.125,0.004441536031663418,0.000813210601788942,train,True,400236,2
True,True,0.125,0.004441536031663418,0.0013226689634613445,train,True,400236,3
True,True,0.125,0.004441536031663418,0.0016461550620607735,train,True,400236,4
True,True,0.125,0.004441536031663418,0.001993400489411769,train,True,400236,5
True,True,0.0,0.004000067710876465,0.0,train,False,400237,0
True,True,0.0,0.005638240370899439,0.00038022326567624506,train,False,400237,1
True,True,0.0,0.008024610579013824,0.0010691558913315637,train,False,400237,2
True,True,0.0,0.008024610579013824,0.0017437731117405815,train,False,400237,3
True,True,0.0,0.008024610579013824,0.0022346884954690506,train,False,400237,4
True,True,0.0,0.008024610579013824,0.002794620655987238,train,False,400237,5
True,True,1.0,0.0026608030311763287,0.0,train,False,400238,0
True,True,1.0,0.010189536958932877,0.0005434154098860321,train,False,400238,1
True,True,1.0,0.006552596110850573,0.0009391531904755382,train,False,400238,2
True,True,1.0,0.00831577554345131,0.001875975622263777,train,False,400238,3
True,True,1.0,0.00831577554345131,0.0019364796183463618,train,False,400238,4
True,True,1.0,0.00831577554345131,0.010705280469571905,train,False,400238,5
True,True,1.0,0.00831577554345131,0.019221749093852866,train,False,400238,6
True,True,0.08333331346511841,0.0047167097218334675,0.0,train,True,400239,0
True,True,0.08333331346511841,0.005543839186429977,0.0005485201480940907,train,True,400239,1
True,True,0.08333331346511841,0.005735635291785002,0.0014073003370940736,train,True,400239,2
True,True,0.08333331346511841,0.005735635291785002,0.0027405309674147773,train,True,400239,3
True,True,0.08333331346511841,0.005735635291785002,0.00322715739298194,train,True,400239,4
True,True,0.08333331346511841,0.005735635291785002,0.003717460093691524,train,True,400239,5
True,True,0.3333333134651184,0.018988121300935745,0.0,train,True,400240,0
True,True,0.3333333134651184,0.018988121300935745,0.0013948278236069278,train,True,400240,1
True,True,0.3333333134651184,0.018988121300935745,0.01779094153080743,train,True,400240,2
True,True,0.04166668653488159,0.004275227431207895,0.0,train,True,400241,0
True,True,0.04166668653488159,0.006238293834030628,0.0006886343836256463,train,True,400241,1
True,True,0.04166668653488159,0.009283164516091347,0.0010153208599560058,train,True,400241,2
True,True,0.04166668653488159,0.008999060839414597,0.0020437024372617738,train,True,400241,3
True,True,0.04166668653488159,0.008999060839414597,0.0024402191841345834,train,True,400241,4
True,True,0.04166668653488159,0.008999060839414597,0.0036754862936362992,train,True,400241,5
True,True,0.04166668653488159,0.008999060839414597,0.005496258968617714,train,True,400241,6
True,True,0.8333333134651184,0.09084336459636688,0.0,train,True,400242,0
True,True,0.8333333134651184,0.09084336459636688,0.0015560043691472483,train,True,400242,1
True,True,0.8333333134651184,0.09084336459636688,0.03935951492903377,train,True,400242,2
False,False,0.8333333134651184,0.09084336459636688,0.064110432869227,train,True,400242,3
True,True,1.0,0.003062678501009941,0.0,train,False,400243,0
True,True,1.0,0.0029295291751623154,0.0006358896223863244,train,False,400243,1
True,True,1.0,0.004627962131053209,0.0011711289959111231,train,False,400243,2
True,True,1.0,0.004514847416430712,0.0018666220061414,train,False,400243,3
True,True,1.0,0.004514847416430712,0.001985188413523056,train,False,400243,4
True,True,1.0,0.004514847416430712,0.0021224789084141058,train,False,400243,5
True,True,1.0,0.004514847416430712,0.002544063848005916,train,False,400243,6
True,True,0.6666666269302368,0.04508305341005325,0.0,train,True,400244,0
True,True,0.6666666269302368,0.03757127374410629,0.0017348336098099583,train,True,400244,1
True,True,0.6666666269302368,0.04167119786143303,0.012989117372907713,train,True,400244,2
True,True,0.6666666269302368,0.04167119786143303,0.023694954514422214,train,True,400244,3
True,True,0.6666666269302368,0.04167119786143303,0.033339331232144734,train,True,400244,4
True,True,0.6666666269302368,0.04167119786143303,0.031808327401920126,train,True,400244,5
True,True,0.0,0.003435420570895076,0.0,train,False,400245,0
True,True,0.0,0.003435420570895076,0.0004188506190153095,train,False,400245,1
True,True,0.0,0.006366798188537359,0.0,train,False,400246,0
True,True,0.0,0.0060382382944226265,0.0009067560821318505,train,False,400246,1
True,True,0.0,0.0060382382944226265,0.0021871029902198113,train,False,400246,2
True,True,0.0,0.0060382382944226265,0.0035980336932596698,train,False,400246,3
True,True,0.0,0.0060382382944226265,0.004006926598980881,train,False,400246,4
True,True,0.8333333134651184,0.07550012320280075,0.0,train,True,400247,0
True,True,0.8333333134651184,0.07843658328056335,0.02705094486842231,train,True,400247,1
False,False,0.8333333134651184,0.07843658328056335,0.07285441960172752,train,True,400247,2
False,False,0.8333333134651184,0.07843658328056335,0.10539537714529786,train,True,400247,3
False,False,0.8333333134651184,0.07843658328056335,0.10938481629588462,train,True,400247,4
True,True,0.9583333134651184,0.1000312939286232,0.0,train,True,400248,0
True,True,0.9583333134651184,0.1000312939286232,0.038668631869167275,train,True,400248,1
False,False,0.9583333134651184,0.1000312939286232,0.08531390418905144,train,True,400248,2
False,False,0.9583333134651184,0.1000312939286232,0.13493691884212278,train,True,400248,3
True,True,0.04166668653488159,0.004181328695267439,0.0,train,True,400249,0
True,True,0.04166668653488159,0.006682390347123146,0.0014168167422149555,train,True,400249,1
True,True,0.04166668653488159,0.004831612575799227,0.0020038213569485096,train,True,400249,2
True,True,0.04166668653488159,0.004831612575799227,0.003060112801830138,train,True,400249,3
True,True,0.04166668653488159,0.004831612575799227,0.0026324369543416627,train,True,400249,4
True,True,0.04166668653488159,0.004831612575799227,0.0037954459171679693,train,True,400249,5
True,True,1.0,0.0030731260776519775,0.0,train,False,400250,0
True,True,1.0,0.010628286749124527,0.0004498723362479363,train,False,400250,1
True,True,1.0,0.01067018136382103,0.000958634585457926,train,False,400250,2
True,True,1.0,0.01067018136382103,0.0016066265391313618,train,False,400250,3
True,True,1.0,0.01067018136382103,0.00193104348191239,train,False,400250,4
True,True,1.0,0.01067018136382103,0.005920637988123866,train,False,400250,5
True,True,0.875,0.07976866513490677,0.0,train,True,400251,0
True,True,0.875,0.0805732011795044,0.029049026023780393,train,True,400251,1
False,False,0.875,0.07233771681785583,0.05458503277101214,train,True,400251,2
False,False,0.875,0.08219712972640991,0.09967325022545641,train,True,400251,3
False,False,0.875,0.08815157413482666,0.10362729502976449,train,True,400251,4
False,False,0.875,0.08815157413482666,0.114151088500132,train,True,400251,5
False,False,0.875,0.08815157413482666,0.10254106547961894,train,True,400251,6
False,False,0.875,0.08815157413482666,0.10228597645364274,train,True,400251,7
True,True,0.08333331346511841,0.004952114541083574,0.0,train,True,400252,0
True,True,0.08333331346511841,0.007577253505587578,0.0005260138690442202,train,True,400252,1
True,True,0.08333331346511841,0.007577253505587578,0.0016598920945399848,train,True,400252,2
True,True,0.08333331346511841,0.007577253505587578,0.002970668019336375,train,True,400252,3
True,True,0.08333331346511841,0.007577253505587578,0.00353404885708119,train,True,400252,4
True,True,0.7083333730697632,0.07190826535224915,0.0,train,True,400253,0
True,True,0.7083333730697632,0.07266736030578613,0.002384899774567515,train,True,400253,1
True,True,0.7083333730697632,0.07739748060703278,0.03567385841162253,train,True,400253,2
False,False,0.7083333730697632,0.07739748060703278,0.05959095369792131,train,True,400253,3
False,False,0.7083333730697632,0.07739748060703278,0.07631295627351883,train,True,400253,4
False,False,0.7083333730697632,0.07739748060703278,0.06342258230683445,train,True,400253,5
True,True,0.0,0.004884115885943174,0.0,train,False,400254,0
True,True,0.0,0.005282781086862087,0.0005633118387622308,train,False,400254,1
True,True,0.0,0.005282781086862087,0.0011746500615514453,train,False,400254,2
True,True,0.0,0.005282781086862087,0.0018540184960468612,train,False,400254,3
True,True,0.0,0.005282781086862087,0.0024661825523679577,train,False,400254,4
False,True,0.0,0.001679870649240911,0.0,train,False,400255,0
True,True,1.0,0.0019642373081296682,0.0,val,False,410000,0
True,True,1.0,0.002687650267034769,0.0006136225025531261,val,False,410000,1
False,False,1.0,0.003804238513112068,0.06148386666967878,val,False,410000,2
False,False,1.0,0.003804238513112068,0.06615232451014724,val,False,410000,3
False,False,1.0,0.003804238513112068,0.06654076727401309,val,False,410000,4
False,False,1.0,0.003804238513112068,0.05117599846010152,val,False,410000,5
True,True,0.625,0.08182984590530396,0.0,val,True,410001,0
True,True,0.625,0.07487555593252182,0.0007055029300741113,val,True,410001,1
True,True,0.625,0.0714944452047348,0.0032140627718452767,val,True,410001,2
False,False,0.625,0.0741601437330246,0.07846464621020643,val,True,410001,3
False,False,0.625,0.0741601437330246,0.09746873754648525,val,True,410001,4
False,False,0.625,0.0741601437330246,0.11430501408556415,val,True,410001,5
False,False,0.625,0.0741601437330246,0.10345939496302071,val,True,410001,6
True,True,0.0,0.0031237180810421705,0.0,val,False,410002,0
True,True,1.0,0.008849716745316982,0.0,val,False,410003,0
True,True,1.0,0.008849716745316982,0.0017965327821835761,val,False,410003,1
True,True,0.7916666865348816,0.045585356652736664,0.0,val,True,410004,0
True,True,0.7916666865348816,0.045585356652736664,0.025818137884207247,val,True,410004,1
True,True,1.0,0.004749714862555265,0.0,val,False,410005,0
True,True,1.0,0.007849214598536491,0.0009984752843949386,val,False,410005,1
True,True,1.0,0.007753265090286732,0.00189647205442711,val,False,410005,2
True,True,1.0,0.007753265090286732,0.0026862448722716177,val,False,410005,3
True,True,1.0,0.007753265090286732,0.003226545653985077,val,False,410005,4
True,True,1.0,0.007753265090286732,0.007522872258965321,val,False,410005,5
True,True,0.75,0.046096161007881165,0.0,val,True,410006,0
True,True,0.75,0.04904007911682129,0.02753232245555991,val,True,410006,1
False,False,0.75,0.04995923861861229,0.08046034674062671,val,True,410006,2
False,False,0.75,0.05259830504655838,0.10991806445363865,val,True,410006,3
False,False,0.75,0.05259830504655838,0.10022393083453342,val,True,410006,4
False,False,0.75,0.05259830504655838,0.06828948715394789,val,True,410006,5
False,False,0.75,0.05259830504655838,0.05993121668398865,val,True,410006,6
True,True,0.04166668653488159,0.00302147027105093,0.0,val,True,410007,0
True,True,0.04166668653488159,0.0028598264325410128,0.0005168188142337638,val,True,410007,1
True,True,0.04166668653488159,0.0044205933809280396,0.0016375643747763076,val,True,410007,2
True,True,0.04166668653488159,0.0044205933809280396,0.002911642103663083,val,True,410007,3
True,True,0.04166668653488159,0.0044205933809280396,0.003131456435266813,val,True,410007,4
True,True,0.04166668653488159,0.0044205933809280396,0.0026657795094439246,val,True,410007,5
True,True,0.9166666865348816,0.1445215940475464,0.0,val,True,410008,0
True,True,0.9166666865348816,0.14655788242816925,0.0011858503126058754,val,True,410008,1
False,False,0.9166666865348816,0.14655788242816925,0.09735521139081063,val,True,410008,2
False,False,0.9166666865348816,0.14655788242816925,0.13416765321114218,val,True,410008,3
False,False,0.9166666865348816,0.14655788242816925,0.205430830955851,val,True,410008,4
True,True,0.375,0.033214472234249115,0.0,val,True,410009,0
True,True,0.375,0.033214472234249115,0.003982184631570198,val,True,410009,1
True,True,0.375,0.033214472234249115,0.036115500461119394,val,True,410009,2
False,False,0.375,0.033214472234249115,0.05001607935250876,val,True,410009,3
True,True,1.0,0.003438859013840556,0.0,val,False,410010,0
True,True,1.0,0.004784945398569107,0.0003818545388764937,val,False,410010,1
True,True,1.0,0.004784945398569107,0.0011863805038213801,val,False,410010,2
True,True,1.0,0.004784945398569107,0.001948502402583037,val,False,410010,3
True,True,1.0,0.004784945398569107,0.0024653766050634226,val,False,410010,4
True,True,0.9166666865348816,0.09248989075422287,0.0,val,True,410011,0
True,True,0.9166666865348816,0.09289487451314926,0.003621994087253733,val,True,410011,1
True,True,0.9166666865348816,0.09722939133644104,0.03866550376959596,val,True,410011,2
False,False,0.9166666865348816,0.09722939133644104,0.06738895939156248,val,True,410011,3
False,False,0.9166666865348816,0.09722939133644104,0.09254076023343495,val,True,410011,4
False,False,0.9166666865348816,0.09722939133644104,0.08835699338618364,val,True,410011,5
True,True,0.25,0.010983491316437721,0.0,val,True,410012,0
True,True,0.25,0.00951302982866764,0.000779580649445083,val,True,410012,1
True,True,0.25,0.012941064313054085,0.00582955381587058,val,True,410012,2
True,True,0.25,0.012438604608178139,0.010875221543927406,val,True,410012,3
True,True,0.25,0.016683153808116913,0.01897242036200825,val,True,410012,4
True,True,0.25,0.016683153808116913,0.021279665908673712,val,True,410012,5
True,True,0.25,0.016683153808116913,0.021803841164742134,val,True,410012,6
True,True,0.25,0.016683153808116913,0.01953016595739926,val,True,410012,7
True,True,1.0,0.005497080739587545,0.0,val,False,410013,0
True,True,1.0,0.005125784315168858,0.0012197225845836108,val,False,410013,1
True,True,1.0,0.005125430412590504,0.0019715583282029787,val,False,410013,2
True,True,1.0,0.006688812281936407,0.0030950099562339238,val,False,410013,3
False,False,1.0,0.006688812281936407,0.05391391551338221,val,False,410013,4
True,True,1.0,0.006688812281936407,0.04940456149313311,val,False,410013,5
True,True,1.0,0.006688812281936407,0.049252688143363366,val,False,410013,6
True,True,0.08333331346511841,0.0035685424227267504,0.0,val,True,410014,0
True,True,0.08333331346511841,0.0035685424227267504,0.0010131356935366954,val,True,410014,1
True,True,0.08333331346511841,0.0035685424227267504,0.046988293079947965,val,True,410014,2
True,True,0.08333331346511841,0.0035685424227267504,0.04788745541248282,val,True,410014,3
True,True,0.7916666865348816,0.026992948725819588,0.0,val,True,410015,0
True,True,0.7916666865348816,0.026992948725819588,0.0046387282651615715,val,True,410015,1
True,True,0.7916666865348816,0.026992948725819588,0.01663126575206822,val,True,410015,2
True,True,0.7916666865348816,0.026992948725819588,0.027056279411985306,val,True,410015,3
True,True,0.04166668653488159,0.005297772586345673,0.0,val,True,410016,0
True,True,0.04166668653488159,0.006643521599471569,0.00043177694081714477,val,True,410016,1
True,True,0.04166668653488159,0.006643521599471569,0.0018614177423840856,val,True,410016,2
True,True,0.04166668653488159,0.006643521599471569,0.0030719023939625063,val,True,410016,3
True,True,0.04166668653488159,0.006643521599471569,0.00421866900071267,val,True,410016,4
True,True,0.8333333134651184,0.10138608515262604,0.0,val,True,410017,0
True,True,0.8333333134651184,0.10138608515262604,0.01025129366157079,val,True,410017,1
True,True,0.8333333134651184,0.10138608515262604,0.04853104102867254,val,True,410017,2
False,False,0.8333333134651184,0.10138608515262604,0.07970578746701071,val,True,410017,3
True,True,1.0,0.0019086780957877636,0.0,val,False,410018,0
True,True,1.0,0.010709544643759727,0.0004072432240068708,val,False,410018,1
True,True,1.0,0.010453961789608002,0.0010146751410749103,val,False,410018,2
True,True,1.0,0.007771708071231842,0.0014612602614243607,val,False,410018,3
True,True,1.0,0.0052076419815421104,0.0016251851561036297,val,False,410018,4
True,True,1.0,0.0052076419815421104,0.006843891050957864,val,False,410018,5
False,False,1.0,0.0052076419815421104,0.06195446170851822,val,False,410018,6
False,False,1.0,0.0052076419815421104,0.10974402735159015,val,False,410018,7
True,True,1.0,0.015910090878605843,0.0,val,False,410019,0
True,True,1.0,0.008840050548315048,0.001417342686146852,val,False,410019,1
True,True,1.0,0.0072880820371210575,0.004296674887426984,val,False,410019,2
True,True,1.0,0.0072880820371210575,0.011597932008469545,val,False,410019,3
True,True,1.0,0.0072880820371210575,0.01875208422735144,val,False,410019,4
True,True,1.0,0.0072880820371210575,0.022028313481939406,val,False,410019,5
True,True,1.0,0.007550571113824844,0.0,val,False,410020,0
True,True,1.0,0.007514564320445061,0.0010662217539859492,val,False,410020,1
True,True,1.0,0.007302415557205677,0.002709191593469122,val,False,410020,2
True,True,1.0,0.007302415557205677,0.004766752584955807,val,False,410020,3
True,True,1.0,0.007302415557205677,0.005647214709940711,val,False,410020,4
True,True,1.0,0.007302415557205677,0.005991927353302873,val,False,410020,5
True,True,1.0,0.0555650070309639,0.0,val,False,410021,0
False,False,1.0,0.0555650070309639,0.053533996890622625,val,False,410021,1
False,False,1.0,0.0555650070309639,0.12380331815542242,val,False,410021,2
False,False,1.0,0.0555650070309639,0.14221784024002487,val,False,410021,3
True,True,0.04166668653488159,0.0036438019014894962,0.0,val,True,410022,0
True,True,0.04166668653488159,0.004015962593257427,0.0005163829903531631,val,True,410022,1
True,True,0.04166668653488159,0.005652616266161203,0.0010131386819352466,val,True,410022,2
True,True,0.04166668653488159,0.005652616266161203,0.0017620386116280662,val,True,410022,3
True,True,0.04166668653488159,0.005652616266161203,0.002415494086826668,val,True,410022,4
True,True,0.04166668653488159,0.005652616266161203,0.0031937029107537976,val,True,410022,5
True,True,0.7083333730697632,0.07859961688518524,0.0,val,True,410023,0
True,True,0.7083333730697632,0.06779029220342636,0.0012789448925362322,val,True,410023,1
True,True,0.7083333730697632,0.06779029220342636,0.029993866031487876,val,True,410023,2
False,False,0.7083333730697632,0.06779029220342636,0.05171786302397986,val,True,410023,3
False,False,0.7083333730697632,0.06779029220342636,0.07295488918412843,val,True,410023,4
True,True,0.04166668653488159,0.0041989474557340145,0.0,val,True,410024,0
True,True,0.04166668653488159,0.007064619101583958,0.0004772146053182106,val,True,410024,1
True,True,0.04166668653488159,0.007687757723033428,0.0010922438813814293,val,True,410024,2
True,True,0.04166668653488159,0.007687757723033428,0.0021798766219228156,val,True,410024,3
True,True,0.04166668653488159,0.007687757723033428,0.002797670024026622,val,True,410024,4
True,True,0.04166668653488159,0.007687757723033428,0.003816966892002113,val,True,410024,5
True,True,0.7916666865348816,0.0897371768951416,0.0,val,True,410025,0
True,True,0.7916666865348816,0.0897371768951416,0.005582482654657099,val,True,410025,1
True,True,0.7916666865348816,0.0897371768951416,0.04216090604945282,val,True,410025,2
False,False,0.7916666865348816,0.0897371768951416,0.06731495336792376,val,True,410025,3
True,True,0.75,0.07265697419643402,0.0,val,True,410026,0
True,True,0.75,0.07265697419643402,0.0015674155608884155,val,True,410026,1
True,True,0.75,0.07265697419643402,0.0324710852522594,val,True,410026,2
False,False,0.75,0.07265697419643402,0.05588303419689373,val,True,410026,3
False,True,0.0,0.0010163147235289216,0.0,val,False,410027,0
False,True,0.0,0.0010163147235289216,0.0006413178680213076,val,False,410027,1
True,True,0.0,0.003458172082901001,0.0,val,False,410028,0
True,True,0.0,0.003458172082901001,0.0008876115325266064,val,False,410028,1
True,True,0.0,0.003458172082901001,0.0014217032003773617,val,False,410028,2
True,True,0.0,0.003458172082901001,0.002356067661009403,val,False,410028,3
True,True,0.0,0.004902250599116087,0.0,val,False,410029,0
True,True,0.0,0.004307514987885952,0.0007634807386820772,val,False,410029,1
True,True,0.0,0.0045812008902430534,0.0015422532012757206,val,False,410029,2
True,True,0.0,0.0045812008902430534,0.0026419485721015917,val,False,410029,3
True,True,0.0,0.0045812008902430534,0.003000269615971104,val,False,410029,4
True,True,0.0,0.0045812008902430534,0.0032371783883243057,val,False,410029,5
True,True,0.0,0.005437988787889481,0.0,val,False,410030,0
True,True,0.0,0.005437988787889481,0.0012974136319131866,val,False,410030,1
True,True,0.0,0.004083880223333836,0.0,val,False,410031,0
True,True,0.0,0.005705982446670532,0.0008102934637124525,val,False,410031,1
True,True,0.0,0.005766227841377258,0.0014797790917953468,val,False,410031,2
True,True,0.0,0.005766227841377258,0.0033217729773052343,val,False,410031,3
True,True,0.0,0.005766227841377258,0.003523667168292924,val,False,410031,4
True,True,0.0,0.005766227841377258,0.006215912156312618,val,False,410031,5
True,True,0.08333331346511841,0.023686233907938004,0.0,val,True,410032,0
True,True,0.08333331346511841,0.023686233907938004,0.0025625976424929913,val,True,410032,1
True,True,0.08333331346511841,0.023686233907938004,0.008577355457718056,val,True,410032,2
True,True,0.0,0.0032269502989947796,0.0,val,False,410033,0
True,True,0.0,0.0032269502989947796,0.0005927277245195707,val,False,410033,1
True,True,0.0,0.0032269502989947796,0.0009908349888628947,val,False,410033,2
True,True,0.0,0.0032269502989947796,0.0017178007538286662,val,False,410033,3
True,True,0.04166668653488159,0.00216862210072577,0.0,val,True,410034,0
True,True,0.04166668653488159,0.00216862210072577,0.046048007873460035,val,True,410034,1
True,True,0.04166668653488159,0.00216862210072577,0.04678241709631406,val,True,410034,2
True,True,0.8333333134651184,0.08612026274204254,0.0,val,True,410035,0
True,True,0.8333333134651184,0.08108144998550415,0.0016249156972408198,val,True,410035,1
False,False,0.8333333134651184,0.08520747721195221,0.07419693928292108,val,True,410035,2
False,False,0.8333333134651184,0.08520747721195221,0.13825937198830388,val,True,410035,3
False,False,0.8333333134651184,0.08520747721195221,0.15538539418553293,val,True,410035,4
False,False,0.8333333134651184,0.08520747721195221,0.11248965328918736,val,True,410035,5
True,True,0.0,0.00433744490146637,0.0,val,False,410036,0
True,True,0.0,0.004411156754940748,0.00096495732049205,val,False,410036,1
True,True,0.0,0.009692399762570858,0.004309409646482633,val,False,410036,2
True,True,0.0,0.008377652615308762,0.00731924363792477,val,False,410036,3
True,True,0.0,0.008377652615308762,0.009199590851451863,val,False,410036,4
True,True,0.0,0.008377652615308762,0.00849605521210591,val,False,410036,5
True,True,0.0,0.008377652615308762,0.014512066852742134,val,False,410036,6
True,True,0.04166668653488159,0.004114226438105106,0.0,val,True,410037,0
True,True,0.04166668653488159,0.004620940424501896,0.0005536241028819878,val,True,410037,1
True,True,0.04166668653488159,0.005843225866556168,0.0011323885841406584,val,True,410037,2
True,True,0.04166668653488159,0.005843225866556168,0.0021777515770093525,val,True,410037,3
True,True,0.04166668653488159,0.005843225866556168,0.0025047371597793308,val,True,410037,4
True,True,0.04166668653488159,0.005843225866556168,0.003060487788092558,val,True,410037,5
True,True,1.0,0.004360334016382694,0.0,val,False,410038,0
True,True,1.0,0.006102974526584148,0.0006288867629915439,val,False,410038,1
True,True,1.0,0.006102974526584148,0.00203008100299781,val,False,410038,2
True,True,1.0,0.006102974526584148,0.00337692271041445,val,False,410038,3
True,True,1.0,0.006102974526584148,0.003783447939355753,val,False,410038,4
True,True,1.0,0.0060410527512431145,0.0,val,False,410039,0
True,True,1.0,0.0060410527512431145,0.0015334435359264718,val,False,410039,1
True,True,1.0,0.0060410527512431145,0.002734222572743872,val,False,410039,2
True,True,1.0,0.0060410527512431145,0.004584474583918601,val,False,410039,3
True,True,1.0,0.008251732215285301,0.0,val,False,410040,0
True,True,1.0,0.008251732215285301,0.0014839698127565146,val,False,410040,1
True,True,1.0,0.008251732215285301,0.006944835166295846,val,False,410040,2
True,True,1.0,0.006878787651658058,0.0,val,False,410041,0
True,True,1.0,0.006011985242366791,0.0004936865981653481,val,False,410041,1
True,True,1.0,0.00719965947791934,0.0012997204599166621,val,False,410041,2
True,True,1.0,0.00719965947791934,0.0025242984622359833,val,False,410041,3
True,True,1.0,0.00719965947791934,0.004061132562530023,val,False,410041,4
True,True,1.0,0.00719965947791934,0.005910842592043965,val,False,410041,5
True,True,0.0,0.006482044700533152,0.0,val,False,410042,0
True,True,0.08333331346511841,0.010428248904645443,0.0,val,True,410043,0
True,True,0.08333331346511841,0.009388303384184837,0.005746673124375438,val,True,410043,1
True,True,0.08333331346511841,0.009388303384184837,0.011889096881990087,val,True,410043,2
True,True,0.08333331346511841,0.009388303384184837,0.019412779157197767,val,True,410043,3
True,True,0.08333331346511841,0.009388303384184837,0.022251890330512048,val,True,410043,4
False,True,0.0,0.0017665390623733401,0.0,val,False,410044,0
True,True,0.875,0.12179119884967804,0.0,val,True,410045,0
True,True,0.875,0.11700895428657532,0.009957351346723743,val,True,410045,1
False,False,0.875,0.12496163696050644,0.051356053151816815,val,True,410045,2
False,False,0.875,0.12803250551223755,0.08684756843892552,val,True,410045,3
False,False,0.875,0.12803250551223755,0.11066699042510802,val,True,410045,4
False,False,0.875,0.12803250551223755,0.10425635405441577,val,True,410045,5
False,False,0.875,0.12803250551223755,0.10252025077596823,val,True,410045,6
True,True,0.04166668653488159,0.003870521206408739,0.0,val,True,410046,0
True,True,0.04166668653488159,0.003953149542212486,0.0004776161616155324,val,True,410046,1
True,True,0.04166668653488159,0.006127409636974335,0.0013704769893009196,val,True,410046,2
True,True,0.04166668653488159,0.00972125306725502,0.0022304262447388297,val,True,410046,3
True,True,0.04166668653488159,0.00688020046800375,0.0029236739889664937,val,True,410046,4
True,True,0.04166668653488159,0.00688020046800375,0.003174512137659448,val,True,410046,5
True,True,0.04166668653488159,0.00688020046800375,0.005299933981273997,val,True,410046,6
True,True,0.04166668653488159,0.00688020046800375,0.007547658017911948,val,True,410046,7
True,True,0.04166668653488159,0.00800403207540512,0.0,val,True,410047,0
True,True,0.04166668653488159,0.00800403207540512,0.0009814201487492057,val,True,410047,1
True,True,0.04166668653488159,0.00800403207540512,0.036263261750374344,val,True,410047,2
False,False,0.04166668653488159,0.00800403207540512,0.05497341400116386,val,True,410047,3
True,True,0.0,0.00859365426003933,0.0,val,False,410048,0
True,True,0.0,0.00859365426003933,0.0016231231855329412,val,False,410048,1
True,True,0.0,0.00859365426003933,0.005750866474183789,val,False,410048,2
True,True,0.7083333730697632,0.08364686369895935,0.0,val,True,410049,0
True,True,0.7083333730697632,0.08718247711658478,0.005359229336862489,val,True,410049,1
True,True,0.7083333730697632,0.08718247711658478,0.0402016921193472,val,True,410049,2
False,False,0.7083333730697632,0.08718247711658478,0.06617915416084927,val,True,410049,3
False,False,0.7083333730697632,0.08718247711658478,0.08722980808030012,val,True,410049,4
True,True,0.0,0.00501192407682538,0.0,val,False,410050,0
True,True,0.0,0.00501192407682538,0.0011234104086391265,val,False,410050,1
True,True,0.0,0.00501192407682538,0.0019373585182945274,val,False,410050,2
True,True,0.0,0.00501192407682538,0.0031610029069781935,val,False,410050,3
False,True,0.0,0.0023450064472854137,0.0,val,False,410051,0
False,True,0.0,0.0025263174902647734,0.0004791563303497517,val,False,410051,1
True,True,0.0,0.0031116888858377934,0.0009523368783759262,val,False,410051,2
True,True,0.0,0.0031116888858377934,0.0013638210187865397,val,False,410051,3
True,True,0.0,0.0031116888858377934,0.0016940509293876056,val,False,410051,4
True,True,0.0,0.0031116888858377934,0.0019332011924141643,val,False,410051,5
True,True,0.6666666269302368,0.014881642535328865,0.0,val,True,410052,0
True,True,0.6666666269302368,0.014881642535328865,0.001682625889815744,val,True,410052,1
True,True,0.6666666269302368,0.014881642535328865,0.0036042261910307883,val,True,410052,2
True,True,0.6666666269302368,0.014881642535328865,0.007131507751453281,val,True,410052,3
True,True,0.08333331346511841,0.004329218994826078,0.0,val,True,410053,0
True,True,0.08333331346511841,0.004329218994826078,0.0012825789902873488,val,True,410053,1
True,True,0.08333331346511841,0.004329218994826078,0.0023272380743033266,val,True,410053,2
True,True,0.0,0.007855190895497799,0.0,val,False,410054,0
True,True,0.0,0.009349481202661991,0.00043255799223600796,val,False,410054,1
True,True,0.0,0.006963417865335941,0.002335214181011607,val,False,410054,2
True,True,0.0,0.006963417865335941,0.00422404281359893,val,False,410054,3
True,True,0.0,0.006963417865335941,0.005612866332722377,val,False,410054,4
True,True,0.0,0.006963417865335941,0.006482529129890029,val,False,410054,5
True,True,0.0,0.008110945113003254,0.0,val,False,410055,0
True,True,0.0,0.006896833423525095,0.001186898684986013,val,False,410055,1
True,True,0.0,0.007290848530828953,0.003340106667745635,val,False,410055,2
True,True,0.0,0.007290848530828953,0.005992016542099044,val,False,410055,3
True,True,0.0,0.007290848530828953,0.006925711897800169,val,False,410055,4
True,True,0.0,0.007290848530828953,0.009382446099435325,val,False,410055,5
True,True,0.2083333134651184,0.0066022444516420364,0.0,val,True,410056,0
True,True,0.2083333134651184,0.006804114207625389,0.0013268851592707226,val,True,410056,1
True,True,0.2083333134651184,0.006340730469673872,0.0029187788336471018,val,True,410056,2
True,True,0.2083333134651184,0.006340730469673872,0.004596863987436101,val,True,410056,3
True,True,0.2083333134651184,0.006340730469673872,0.005088101773384034,val,True,410056,4
True,True,0.2083333134651184,0.006340730469673872,0.005393572524789504,val,True,410056,5
True,True,0.0,0.0033830758184194565,0.0,val,False,410057,0
True,True,0.0,0.0035906836856156588,0.00033739731529433916,val,False,410057,1
True,True,0.0,0.0035906836856156588,0.0010060728727947037,val,False,410057,2
True,True,0.0,0.0035906836856156588,0.0018514778969189103,val,False,410057,3
True,True,0.0,0.0035906836856156588,0.0023350028723405857,val,False,410057,4
True,True,0.8333333134651184,0.1142062395811081,0.0,val,True,410058,0
True,True,0.8333333134651184,0.1142062395811081,0.002021538931799728,val,True,410058,1
True,True,0.8333333134651184,0.1142062395811081,0.042096938095451966,val,True,410058,2
False,False,0.8333333134651184,0.1142062395811081,0.0756336151595922,val,True,410058,3
True,True,0.125,0.003357331035658717,0.0,val,True,410059,0
True,True,0.125,0.003357331035658717,0.0003312326379953275,val,True,410059,1
True,True,0.125,0.003357331035658717,0.001383419009891746,val,True,410059,2
True,True,0.125,0.003357331035658717,0.0020352645878041896,val,True,410059,3
True,True,0.04166668653488159,0.0319560207426548,0.0,val,True,410060,0
True,True,0.04166668653488159,0.0319560207426548,0.00033675325485555356,val,True,410060,1
True,True,0.04166668653488159,0.0319560207426548,0.0013151850358212984,val,True,410060,2
True,True,0.04166668653488159,0.0319560207426548,0.044411532569627585,val,True,410060,3
False,True,0.0,0.0018178649479523301,0.0,val,False,410061,0
False,True,0.0,0.0018178649479523301,0.0005470730846396087,val,False,410061,1
True,True,0.9166666865348816,0.06096632033586502,0.0,val,True,410062,0
True,True,0.9166666865348816,0.06794887036085129,0.001961690263126449,val,True,410062,1
True,True,0.9166666865348816,0.0676438957452774,0.02078397588080468,val,True,410062,2
False,False,0.9166666865348816,0.07151712477207184,0.08228047620594829,val,True,410062,3
False,False,0.9166666865348816,0.07151712477207184,0.09474008972323683,val,True,410062,4
False,False,0.9166666865348816,0.07151712477207184,0.09349190537888535,val,True,410062,5
True,True,0.9166666865348816,0.07151712477207184,0.04820598670072578,val,True,410062,6
True,True,0.2083333134651184,0.004350067116320133,0.0,val,True,410063,0
False,False,0.2083333134651184,0.004350067116320133,0.051043876389314964,val,True,410063,1
False,False,0.2083333134651184,0.004350067116320133,0.05250515140139628,val,True,410063,2
False,False,0.2083333134651184,0.004350067116320133,0.05351849829554514,val,True,410063,3
False,True,0.0,0.002825853880494833,0.0,test,False,420000,0
False,True,0.0,0.002825853880494833,0.0006509975535087557,test,False,420000,1
False,True,0.0,0.002825853880494833,0.04641111785413466,test,False,420000,2
False,True,0.0,0.002825853880494833,0.046937092453070074,test,False,420000,3
True,True,0.1666666865348816,0.0030378412920981646,0.0,test,True,420001,0
True,True,0.1666666865348816,0.0030378412920981646,0.001007041730249007,test,True,420001,1
True,True,0.1666666865348816,0.0030378412920981646,0.0017055508492274378,test,True,420001,2
True,True,0.1666666865348816,0.0030378412920981646,0.002689987834260977,test,True,420001,3
True,True,0.08333331346511841,0.006345379166305065,0.0,test,True,420002,0
False,False,0.08333331346511841,0.008380564860999584,0.050002874629165195,test,True,420002,1
False,False,0.08333331346511841,0.009088358841836452,0.050089737269317106,test,True,420002,2
False,False,0.08333331346511841,0.009088358841836452,0.05077634853173802,test,True,420002,3
True,True,0.08333331346511841,0.009088358841836452,0.004276673163180924,test,True,420002,4
True,True,0.08333331346511841,0.009088358841836452,0.006584146491477176,test,True,420002,5
True,True,0.5833333730697632,0.06651298701763153,0.0,test,True,420003,0
True,True,0.5833333730697632,0.062032170593738556,0.048827290374297734,test,True,420003,1
False,False,0.5833333730697632,0.05797954648733139,0.073572105774817,test,True,420003,2
False,False,0.5833333730697632,0.065076544880867,0.13890688213682706,test,True,420003,3
False,False,0.5833333730697632,0.065076544880867,0.15314145519396205,test,True,420003,4
False,False,0.5833333730697632,0.065076544880867,0.14694855024971526,test,True,420003,5
False,False,0.5833333730697632,0.065076544880867,0.14563276172645245,test,True,420003,6
True,True,0.2083333134651184,0.005360656417906284,0.0,test,True,420004,0
True,True,0.2083333134651184,0.004206845071166754,0.0008481179307807197,test,True,420004,1
True,True,0.2083333134651184,0.004935234319418669,0.027452881377192248,test,True,420004,2
False,False,0.2083333134651184,0.009350476786494255,0.08404626358218316,test,True,420004,3
False,False,0.2083333134651184,0.009350476786494255,0.08617868371661132,test,True,420004,4
False,False,0.2083333134651184,0.009350476786494255,0.05911922686957191,test,True,420004,5
True,True,0.2083333134651184,0.009350476786494255,0.004289555035763893,test,True,420004,6
True,True,0.5,0.044140081852674484,0.0,test,True,420005,0
True,True,0.5,0.044140081852674484,0.0004766200359531111,test,True,420005,1
True,True,0.5,0.044140081852674484,0.03472835427433859,test,True,420005,2
False,False,0.5,0.044140081852674484,0.05523869897859638,test,True,420005,3
True,True,1.0,0.007207252085208893,0.0,test,False,420006,0
True,True,1.0,0.007704379968345165,0.0010644147367796094,test,False,420006,1
True,True,1.0,0.008968764916062355,0.002494197954601443,test,False,420006,2
True,True,1.0,0.009802614338696003,0.005323144001040513,test,False,420006,3
True,True,1.0,0.007135116495192051,0.006611985577384134,test,False,420006,4
True,True,1.0,0.007135116495192051,0.008178981611836425,test,False,420006,5
False,False,1.0,0.007135116495192051,0.057982411928007634,test,False,420006,6
False,False,1.0,0.007135116495192051,0.1065386662788064,test,False,420006,7
True,True,1.0,0.00483591016381979,0.0,test,False,420007,0
True,True,1.0,0.0055287000723183155,0.0010403288808564545,test,False,420007,1
True,True,1.0,0.0055287000723183155,0.0018246049714904793,test,False,420007,2
True,True,1.0,0.0055287000723183155,0.002609554641144311,test,False,420007,3
True,True,1.0,0.0055287000723183155,0.0032028783946557267,test,False,420007,4
True,True,1.0,0.003455227706581354,0.0,test,False,420008,0
True,True,1.0,0.007348141632974148,0.0465422965576076,test,False,420008,1
True,True,1.0,0.007348141632974148,0.04834744533925986,test,False,420008,2
False,False,1.0,0.007348141632974148,0.052130474319375106,test,False,420008,3
True,True,1.0,0.007348141632974148,0.0033727920786936682,test,False,420008,4
True,True,0.5,0.013144595548510551,0.0,test,True,420009,0
True,True,0.5,0.013144595548510551,0.049395218994425345,test,True,420009,1
False,False,0.5,0.013144595548510551,0.050616291033365624,test,True,420009,2
True,True,0.875,0.0660371333360672,0.0,test,True,420010,0
True,True,0.875,0.07052735239267349,0.0013328582173305857,test,True,420010,1
False,False,0.875,0.07912179827690125,0.08492664893609272,test,True,420010,2
False,False,0.875,0.07912179827690125,0.10685585203749372,test,True,420010,3
False,False,0.875,0.07912179827690125,0.17258314520535953,test,True,420010,4
False,False,0.875,0.07912179827690125,0.12622913133678285,test,True,420010,5
True,True,0.0,0.0058163790963590145,0.0,test,False,420011,0
True,True,0.0,0.0058163790963590145,0.0006149503688425169,test,False,420011,1
True,True,0.7916666865348816,0.09417371451854706,0.0,test,True,420012,0
True,True,0.7916666865348816,0.09491439908742905,0.0016401140532992583,test,True,420012,1
True,True,0.7916666865348816,0.10219176858663559,0.038565727484730326,test,True,420012,2
False,False,0.7916666865348816,0.10390625894069672,0.06799643088686222,test,True,420012,3
False,False,0.7916666865348816,0.09918475151062012,0.09339856032232753,test,True,420012,4
False,False,0.7916666865348816,0.09918475151062012,0.0803958258998785,test,True,420012,5
False,False,0.7916666865348816,0.09918475151062012,0.08180591358269074,test,True,420012,6
False,False,0.7916666865348816,0.09918475151062012,0.08569763894021762,test,True,420012,7
True,True,0.0,0.004328050650656223,0.0,test,False,420013,0
True,True,0.0,0.005018054973334074,0.0002996048128309311,test,False,420013,1
True,True,0.0,0.005018054973334074,0.0009483132290118207,test,False,420013,2
True,True,0.0,0.005018054973334074,0.0020024301897817744,test,False,420013,3
True,True,0.0,0.005018054973334074,0.002715262521462868,test,False,420013,4
True,True,0.5416666269302368,0.017887134104967117,0.0,test,True,420014,0
True,True,0.5416666269302368,0.017887134104967117,0.0033779120619534435,test,True,420014,1
True,True,0.5416666269302368,0.017887134104967117,0.02058797928206888,test,True,420014,2
True,True,0.5416666269302368,0.017887134104967117,0.0429422880294095,test,True,420014,3
True,True,0.0,0.003020823234692216,0.0,test,False,420015,0
True,True,1.0,0.005905004683881998,0.0,test,False,420016,0
True,True,1.0,0.006698043085634708,0.0009134261365466646,test,False,420016,1
True,True,1.0,0.006732357665896416,0.0021811789131302344,test,False,420016,2
True,True,1.0,0.006732357665896416,0.003786299112513326,test,False,420016,3
True,True,1.0,0.006732357665896416,0.004405171823455464,test,False,420016,4
False,False,1.0,0.006732357665896416,0.053948650186387115,test,False,420016,5
True,True,0.9166666865348816,0.11555739492177963,0.0,test,True,420017,0
True,True,0.9166666865348816,0.103512242436409,0.002078483096027045,test,True,420017,1
True,True,0.9166666865348816,0.11746765673160553,0.039352060117620914,test,True,420017,2
False,False,0.9166666865348816,0.1224924772977829,0.07149447600933069,test,True,420017,3
False,False,0.9166666865348816,0.1224924772977829,0.09871203613581978,test,True,420017,4
False,False,0.9166666865348816,0.1224924772977829,0.08749449888723884,test,True,420017,5
False,False,0.9166666865348816,0.1224924772977829,0.08648697112496408,test,True,420017,6
True,True,0.04166668653488159,0.007277564145624638,0.0,test,True,420018,0
True,True,0.04166668653488159,0.007277564145624638,0.0018854522994994323,test,True,420018,1
True,True,0.3333333134651184,0.005180706270039082,0.0,test,True,420019,0
False,False,0.3333333134651184,0.0071537084877491,0.05024625117041353,test,True,420019,1
True,True,0.3333333134651184,0.0071537084877491,0.0496316395777231,test,True,420019,2
True,True,0.3333333134651184,0.0071537084877491,0.04970248181403183,test,True,420019,3
True,True,0.3333333134651184,0.0071537084877491,0.002783237046925709,test,True,420019,4
True,True,1.0,0.11091358959674835,0.0,test,True,420020,0
True,True,1.0,0.12195184826850891,0.0075702041274715364,test,True,420020,1
False,False,1.0,0.12195184826850891,0.10197390789911755,test,True,420020,2
False,False,1.0,0.12195184826850891,0.13626867837305326,test,True,420020,3
False,False,1.0,0.12195184826850891,0.16247574224223668,test,True,420020,4
True,True,0.2083333134651184,0.03006536327302456,0.0,test,True,420021,0
True,True,0.2083333134651184,0.03006536327302456,0.0015329461847396766,test,True,420021,1
True,True,0.2083333134651184,0.03006536327302456,0.028916784073275897,test,True,420021,2
True,True,0.75,0.04809589684009552,0.0,test,True,420022,0
True,True,0.75,0.048543281853199005,0.005352650160048153,test,True,420022,1
True,True,0.75,0.04330262169241905,0.027091188651848154,test,True,420022,2
True,True,0.75,0.05062650889158249,0.04484354447525338,test,True,420022,3
False,False,0.75,0.05062650889158249,0.057147503924915695,test,True,420022,4
False,False,0.75,0.05062650889158249,0.0515185825440093,test,True,420022,5
True,True,0.75,0.05062650889158249,0.04946995022921542,test,True,420022,6
True,True,0.375,0.02044316753745079,0.0,test,True,420023,0
True,True,0.375,0.01971723884344101,0.002246659873607425,test,True,420023,1
True,True,0.375,0.01971723884344101,0.019831463116566625,test,True,420023,2
True,True,0.375,0.01971723884344101,0.029389885034454003,test,True,420023,3
True,True,0.375,0.01971723884344101,0.03768475105539327,test,True,420023,4
True,True,0.9166666865348816,0.07508917152881622,0.0,test,True,420024,0
True,True,0.9166666865348816,0.07218895852565765,0.0025055080489363576,test,True,420024,1
True,True,0.9166666865348816,0.07218895852565765,0.03008414044658993,test,True,420024,2
False,False,0.9166666865348816,0.07218895852565765,0.051047689420380044,test,True,420024,3
False,False,0.9166666865348816,0.07218895852565765,0.06858276523887966,test,True,420024,4
True,True,0.875,0.08715885132551193,0.0,test,True,420025,0
True,True,0.875,0.08681513369083405,0.0026671587430079826,test,True,420025,1
True,True,0.875,0.07549625635147095,0.03227327656203396,test,True,420025,2
False,False,0.875,0.08754515647888184,0.053531281466900046,test,True,420025,3
False,False,0.875,0.08754515647888184,0.07340313661355977,test,True,420025,4
False,False,0.875,0.08754515647888184,0.06484751836772164,test,True,420025,5
False,False,0.875,0.08754515647888184,0.10260043628940389,test,True,420025,6
True,True,0.25,0.0041244435124099255,0.0,test,True,420026,0
True,True,0.25,0.009486638009548187,0.0010371251675638446,test,True,420026,1
True,True,0.25,0.009486638009548187,0.0017112792280313167,test,True,420026,2
True,True,0.25,0.009486638009548187,0.0024420084863232216,test,True,420026,3
True,True,0.25,0.009486638009548187,0.00259139827376461,test,True,420026,4
False,True,0.0,0.002264253096655011,0.0,test,False,420027,0
True,True,0.0,0.003496189136058092,0.0003343395257261629,test,False,420027,1
True,True,0.0,0.003496189136058092,0.001218134310767872,test,False,420027,2
True,True,0.0,0.003496189136058092,0.0018440843858892723,test,False,420027,3
True,True,0.0,0.003496189136058092,0.002138159580853378,test,False,420027,4
True,True,0.04166668653488159,0.002903611632063985,0.0,test,True,420028,0
True,True,0.04166668653488159,0.002903611632063985,0.0005516963245545833,test,True,420028,1
True,True,0.7083333730697632,0.039740368723869324,0.0,test,True,420029,0
True,True,0.7083333730697632,0.039740368723869324,0.001372708073043541,test,True,420029,1
True,True,0.7083333730697632,0.039740368723869324,0.023181500818935556,test,True,420029,2
True,True,0.7083333730697632,0.039740368723869324,0.0400335407254212,test,True,420029,3
True,True,0.9166666865348816,0.09753638505935669,0.0,test,True,420030,0
True,True,0.9166666865348816,0.09106671810150146,0.00388292153955389,test,True,420030,1
True,True,0.9166666865348816,0.10476379841566086,0.029575956661124905,test,True,420030,2
False,False,0.9166666865348816,0.10583339631557465,0.0507620745151754,test,True,420030,3
False,False,0.9166666865348816,0.10583339631557465,0.06739536604037512,test,True,420030,4
False,False,0.9166666865348816,0.10583339631557465,0.06317657606441913,test,True,420030,5
False,False,0.9166666865348816,0.10583339631557465,0.06362705611420291,test,True,420030,6
False,True,0.0,0.0021437571849673986,0.0,test,False,420031,0
False,True,0.0,0.0021437571849673986,0.0004530316288404549,test,False,420031,1
True,True,0.04166668653488159,0.004905070178210735,0.0,test,True,420032,0
True,True,0.04166668653488159,0.005292988382279873,0.0006249863859910449,test,True,420032,1
True,True,0.04166668653488159,0.006048275623470545,0.0016095725518309443,test,True,420032,2
True,True,0.04166668653488159,0.006048275623470545,0.002585014414555827,test,True,420032,3
True,True,0.04166668653488159,0.006048275623470545,0.0035237344326443116,test,True,420032,4
True,True,0.04166668653488159,0.006048275623470545,0.004261224888381664,test,True,420032,5
True,True,0.0,0.005285182967782021,0.0,test,False,420033,0
True,True,0.0,0.004781804513186216,0.0005012184963727643,test,False,420033,1
True,True,0.0,0.004781804513186216,0.0009287358565687293,test,False,420033,2
True,True,0.0,0.004781804513186216,0.0018673428679273495,test,False,420033,3
True,True,0.0,0.004781804513186216,0.002597582971807107,test,False,420033,4
True,True,0.0,0.0057153538800776005,0.0,test,False,420034,0
True,True,0.0,0.0057153538800776005,0.0005599179280237969,test,False,420034,1
False,False,0.0,0.0057153538800776005,0.050992889231471085,test,False,420034,2
False,False,0.0,0.0057153538800776005,0.05127104744061571,test,False,420034,3
True,True,0.875,0.07284864783287048,0.0,test,True,420035,0
True,True,0.875,0.0650855153799057,0.0014221305252865044,test,True,420035,1
True,True,0.875,0.07765626907348633,0.021915491168433724,test,True,420035,2
True,True,0.875,0.07765626907348633,0.037272228092997454,test,True,420035,3
False,False,0.875,0.07765626907348633,0.0930276891960073,test,True,420035,4
False,False,0.875,0.07765626907348633,0.08762319812534686,test,True,420035,5
True,True,0.04166668653488159,0.006766672246158123,0.0,test,True,420036,0
True,True,0.04166668653488159,0.006766672246158123,0.0007302886081731553,test,True,420036,1
True,True,1.0,0.0038983256090432405,0.0,test,False,420037,0
True,True,1.0,0.0035440605133771896,0.0003828114976898376,test,False,420037,1
True,True,1.0,0.0035440605133771896,0.0015699928157543648,test,False,420037,2
True,True,1.0,0.0035440605133771896,0.0027461643692580345,test,False,420037,3
True,True,1.0,0.0035440605133771896,0.0032923149383830837,test,False,420037,4
True,True,0.08333331346511841,0.004000054206699133,0.0,test,True,420038,0
True,True,0.08333331346511841,0.003641635412350297,0.0005976501701665703,test,True,420038,1
True,True,0.08333331346511841,0.003641635412350297,0.0015492259615087704,test,True,420038,2
True,True,0.08333331346511841,0.003641635412350297,0.002889050971199425,test,True,420038,3
True,True,0.08333331346511841,0.003641635412350297,0.0030496832523569757,test,True,420038,4
True,True,0.08333331346511841,0.003619836177676916,0.0,test,True,420039,0
True,True,0.08333331346511841,0.003603694960474968,0.0009709684512678074,test,True,420039,1
True,True,0.08333331346511841,0.004365681204944849,0.0014218700293897285,test,True,420039,2
True,True,0.08333331346511841,0.004365681204944849,0.002082764568975426,test,True,420039,3
True,True,0.08333331346511841,0.004365681204944849,0.002088437258436054,test,True,420039,4
True,True,0.08333331346511841,0.004365681204944849,0.0024490848545338883,test,True,420039,5
True,True,0.625,0.025284018367528915,0.0,test,True,420040,0
True,True,0.625,0.025284018367528915,0.004573489730281364,test,True,420040,1
True,True,0.625,0.025284018367528915,0.018868190175303758,test,True,420040,2
True,True,0.625,0.025284018367528915,0.02659832942219754,test,True,420040,3
True,True,0.0,0.0050197490490973,0.0,test,False,420041,0
True,True,0.0,0.0050197490490973,0.001014289394391587,test,False,420041,1
True,True,0.2916666865348816,0.00801698025316,0.0,test,True,420042,0
True,True,0.2916666865348816,0.00801698025316,0.0016842612878474412,test,True,420042,1
True,True,0.2916666865348816,0.00801698025316,0.003091725441180608,test,True,420042,2
True,True,0.2916666865348816,0.00801698025316,0.004939570665097222,test,True,420042,3
True,True,0.0,0.005254372954368591,0.0,test,False,420043,0
True,True,0.0,0.004720256198197603,0.0006006526788794051,test,False,420043,1
True,True,0.0,0.004720256198197603,0.0022604845724316347,test,False,420043,2
True,True,0.0,0.004720256198197603,0.0034478443046657425,test,False,420043,3
True,True,0.0,0.004720256198197603,0.003942469137288188,test,False,420043,4
True,True,0.9166666865348816,0.0663430467247963,0.0,test,True,420044,0
True,True,0.9166666865348816,0.0690082311630249,0.011962549866017472,test,True,420044,1
True,True,0.9166666865348816,0.07246987521648407,0.03951886818592206,test,True,420044,2
False,False,0.9166666865348816,0.07246987521648407,0.06462943196770268,test,True,420044,3
False,False,0.9166666865348816,0.07246987521648407,0.07612987564003401,test,True,420044,4
False,False,0.9166666865348816,0.07246987521648407,0.11848782443171314,test,True,420044,5
True,True,0.04166668653488159,0.004534550476819277,0.0,test,True,420045,0
True,True,0.04166668653488159,0.006950258277356625,0.001325316255162111,test,True,420045,1
True,True,0.04166668653488159,0.006950258277356625,0.002968032943314654,test,True,420045,2
True,True,0.04166668653488159,0.006950258277356625,0.004019395403714694,test,True,420045,3
True,True,0.04166668653488159,0.006950258277356625,0.003922885745441588,test,True,420045,4
True,True,0.4583333134651184,0.012770840898156166,0.0,test,True,420046,0
True,True,0.4583333134651184,0.012770840898156166,0.0006046195078913398,test,True,420046,1
True,True,0.4583333134651184,0.012770840898156166,0.005461180741965197,test,True,420046,2
False,True,0.0,0.0025819505099207163,0.0,test,False,420047,0
True,True,1.0,0.005574158858507872,0.0,test,False,420048,0
True,True,1.0,0.005086156073957682,0.0008024660088663694,test,False,420048,1
True,True,1.0,0.005086156073957682,0.002374988942573134,test,False,420048,2
True,True,1.0,0.005086156073957682,0.0035019422910382374,test,False,420048,3
True,True,1.0,0.005086156073957682,0.004133927119309099,test,False,420048,4
True,True,0.0,0.004936143755912781,0.0,test,False,420049,0
True,True,0.0,0.004936143755912781,0.0003076949042325005,test,False,420049,1
True,True,0.0,0.004936143755912781,0.0013907539031475045,test,False,420049,2
True,True,0.0,0.004936143755912781,0.0024617239482629173,test,False,420049,3
True,True,0.04166668653488159,0.0036357457283884287,0.0,test,True,420050,0
True,True,0.04166668653488159,0.0036357457283884287,0.0002889339420920752,test,True,420050,1
True,True,0.04166668653488159,0.0036357457283884287,0.0012691510773268349,test,True,420050,2
True,True,0.04166668653488159,0.009190265089273453,0.0,test,True,420051,0
True,True,0.04166668653488159,0.009190265089273453,0.001357680852083991,test,True,420051,1
True,True,0.04166668653488159,0.009190265089273453,0.005287824828581809,test,True,420051,2
True,True,0.04166668653488159,0.009190265089273453,0.010298836482572958,test,True,420051,3
True,True,0.04166668653488159,0.005483172833919525,0.0,test,True,420052,0
True,True,0.04166668653488159,0.005979469977319241,0.00031253803832198643,test,True,420052,1
True,True,0.04166668653488159,0.005916678346693516,0.002179103193154128,test,True,420052,2
True,True,0.04166668653488159,0.005916678346693516,0.003437111932372148,test,True,420052,3
True,True,0.04166668653488159,0.005916678346693516,0.004525632571727437,test,True,420052,4
True,True,0.04166668653488159,0.005916678346693516,0.004215108487229918,test,True,420052,5
True,True,0.08333331346511841,0.008508254773914814,0.0,test,True,420053,0
True,True,0.08333331346511841,0.007977592758834362,0.0012064710481855374,test,True,420053,1
True,True,0.08333331346511841,0.007451754529029131,0.001978829744018795,test,True,420053,2
True,True,0.08333331346511841,0.007451754529029131,0.0038434278224444935,test,True,420053,3
True,True,0.08333331346511841,0.007451754529029131,0.0061360162435538474,test,True,420053,4
True,True,0.08333331346511841,0.007451754529029131,0.010184099536085445,test,True,420053,5
True,True,0.0,0.006386092863976955,0.0,test,False,420054,0
True,True,0.0,0.00728935282677412,0.0023901609833926005,test,False,420054,1
True,True,0.0,0.00728935282677412,0.004707308935808649,test,False,420054,2
True,True,0.0,0.00728935282677412,0.009737171775696206,test,False,420054,3
True,True,0.0,0.00728935282677412,0.00900919118521619,test,False,420054,4
True,True,0.125,0.02959933876991272,0.0,test,True,420055,0
True,True,0.125,0.02959933876991272,0.0018576213526367547,test,True,420055,1
True,True,1.0,0.007531909272074699,0.0,test,False,420056,0
True,True,1.0,0.010039705783128738,0.000776987817476667,test,False,420056,1
True,True,1.0,0.009016947820782661,0.0019449773649037408,test,False,420056,2
True,True,1.0,0.00880785658955574,0.0034725270435108637,test,False,420056,3
True,True,1.0,0.00880785658955574,0.004832222133093888,test,False,420056,4
True,True,1.0,0.00880785658955574,0.008301936190940088,test,False,420056,5
False,False,1.0,0.00880785658955574,0.05715980292071857,test,False,420056,6
True,True,0.5833333730697632,0.03203953802585602,0.0,test,True,420057,0
True,True,0.5833333730697632,0.03203953802585602,0.0010078804418557357,test,True,420057,1
True,True,0.5833333730697632,0.03203953802585602,0.016786813517484723,test,True,420057,2
True,True,0.5833333730697632,0.03203953802585602,0.030407811569544144,test,True,420057,3
True,True,0.5,0.010802151635289192,0.0,test,True,420058,0
True,True,0.5,0.01501164585351944,0.0008556635445926396,test,True,420058,1
True,True,0.5,0.019232995808124542,0.0022046153649993715,test,True,420058,2
True,True,0.5,0.019232995808124542,0.004361397805346624,test,True,420058,3
True,True,0.5,0.019232995808124542,0.006133600380154586,test,True,420058,4
True,True,0.5,0.019232995808124542,0.010605850964819316,test,True,420058,5
False,True,0.0,0.0018879557028412819,0.0,test,False,420059,0
False,True,0.0,0.0018879557028412819,0.00032250607803242803,test,False,420059,1
True,True,0.5416666269302368,0.009158708155155182,0.0,test,True,420060,0
True,True,0.5416666269302368,0.016002368181943893,0.003950346174338973,test,True,420060,1
True,True,0.5416666269302368,0.016002368181943893,0.007340055401456878,test,True,420060,2
True,True,0.5416666269302368,0.016002368181943893,0.01164003248949452,test,True,420060,3
True,True,0.5416666269302368,0.016002368181943893,0.014373254907677543,test,True,420060,4
True,True,1.0,0.00522482069209218,0.0,test,False,420061,0
True,True,1.0,0.006676713936030865,0.0007911105457263787,test,False,420061,1
True,True,1.0,0.006676713936030865,0.0017713210282429394,test,False,420061,2
True,True,1.0,0.006676713936030865,0.0027411796015823805,test,False,420061,3
True,True,1.0,0.006676713936030865,0.04885217797883944,test,False,420061,4
True,True,0.04166668653488159,0.0053367153741419315,0.0,test,True,420062,0
True,True,0.04166668653488159,0.0071177976205945015,0.0010890314698018945,test,True,420062,1
True,True,0.04166668653488159,0.008503017947077751,0.0033165700980064784,test,True,420062,2
True,True,0.04166668653488159,0.008503017947077751,0.005564524362445096,test,True,420062,3
True,True,0.04166668653488159,0.008503017947077751,0.006927813019546661,test,True,420062,4
True,True,0.04166668653488159,0.008503017947077751,0.009241063766322381,test,True,420062,5
True,True,0.0,0.006516617722809315,0.0,test,False,420063,0
True,True,0.0,0.006516617722809315,0.001999977641855662,test,False,420063,1
True,True,0.3333333134651184,0.024452269077301025,0.0,test,True,420064,0
True,True,0.3333333134651184,0.024452269077301025,0.025669156121973808,test,True,420064,1
False,False,0.3333333134651184,0.024452269077301025,0.06592867339201161,test,True,420064,2
False,False,0.3333333134651184,0.024452269077301025,0.09216684178453433,test,True,420064,3
False,True,0.0,0.0023651348892599344,0.0,test,False,420065,0
False,True,0.0,0.0023651348892599344,0.0004176225663032566,test,False,420065,1
False,True,0.0,0.0023651348892599344,0.000987054727950789,test,False,420065,2
False,True,0.0,0.0023651348892599344,0.0015621908291805005,test,False,420065,3
True,True,0.25,0.006436651572585106,0.0,test,True,420066,0
True,True,0.25,0.00620377529412508,0.00046912749493112826,test,True,420066,1
True,True,0.25,0.010403485968708992,0.003744757717915859,test,True,420066,2
True,True,0.25,0.010403485968708992,0.006860864915896029,test,True,420066,3
True,True,0.25,0.010403485968708992,0.009803834198235054,test,True,420066,4
True,True,0.25,0.010403485968708992,0.009326010740090356,test,True,420066,5
True,True,0.875,0.13629600405693054,0.0,test,True,420067,0
True,True,0.875,0.14162161946296692,0.009752328551565685,test,True,420067,1
False,False,0.875,0.14162161946296692,0.05453264462228798,test,True,420067,2
False,False,0.875,0.14162161946296692,0.09202755310243858,test,True,420067,3
False,False,0.875,0.14162161946296692,0.15793058373982735,test,True,420067,4
True,True,1.0,0.009169787168502808,0.0,test,False,420068,0
True,True,1.0,0.00799155980348587,0.0005845094141318766,test,False,420068,1
True,True,1.0,0.00928498525172472,0.0013366766931639602,test,False,420068,2
True,True,1.0,0.00928498525172472,0.0020949576696355264,test,False,420068,3
True,True,1.0,0.00928498525172472,0.003937201224698908,test,False,420068,4
True,True,1.0,0.00928498525172472,0.004747192256971872,test,False,420068,5
True,True,0.4583333134651184,0.025122130289673805,0.0,test,True,420069,0
True,True,0.4583333134651184,0.025122130289673805,0.0019070310695450516,test,True,420069,1
True,True,0.4583333134651184,0.025122130289673805,0.01595335506208164,test,True,420069,2
True,True,0.0,0.008580680005252361,0.0,test,False,420070,0
True,True,0.0,0.012372737750411034,0.0008302559130486783,test,False,420070,1
True,True,0.0,0.012372737750411034,0.005256406283597272,test,False,420070,2
True,True,0.0,0.012372737750411034,0.014297029217204962,test,False,420070,3
True,True,0.0,0.012372737750411034,0.02459639055224645,test,False,420070,4
True,True,0.9166666865348816,0.12091049551963806,0.0,test,True,420071,0
True,True,0.9166666865348816,0.10299043357372284,0.0021809559467785822,test,True,420071,1
True,True,0.9166666865348816,0.10299043357372284,0.039080666909091205,test,True,420071,2
False,False,0.9166666865348816,0.10299043357372284,0.06743244186179702,test,True,420071,3
False,False,0.9166666865348816,0.10299043357372284,0.0910963561534051,test,True,420071,4
True,True,0.7083333730697632,0.04693995416164398,0.0,test,True,420072,0
True,True,0.7083333730697632,0.04741226136684418,0.003172321929912246,test,True,420072,1
True,True,0.7083333730697632,0.04741226136684418,0.03167993541445548,test,True,420072,2
False,False,0.7083333730697632,0.04741226136684418,0.05239068855783904,test,True,420072,3
False,False,0.7083333730697632,0.04741226136684418,0.07044336074144435,test,True,420072,4
True,True,0.5416666269302368,0.02707994356751442,0.0,test,True,420073,0
True,True,0.5416666269302368,0.02707994356751442,0.0015718829451381291,test,True,420073,1
True,True,0.5416666269302368,0.02707994356751442,0.011430109876327648,test,True,420073,2
True,True,0.5416666269302368,0.02707994356751442,0.0202506393453513,test,True,420073,3
True,True,1.0,0.004880326800048351,0.0,test,False,420074,0
True,True,1.0,0.005592279136180878,0.0009443555581343084,test,False,420074,1
True,True,1.0,0.005446129012852907,0.0015245932398720741,test,False,420074,2
True,True,1.0,0.005446129012852907,0.00226889755041618,test,False,420074,3
True,True,1.0,0.005446129012852907,0.002520290907790916,test,False,420074,4
False,False,1.0,0.005446129012852907,0.05164022202327835,test,False,420074,5
True,True,0.0,0.004874579608440399,0.0,test,False,420075,0
True,True,0.7083333730697632,0.03277110680937767,0.0,test,True,420076,0
True,True,0.7083333730697632,0.03277110680937767,0.0020398416280083868,test,True,420076,1
True,True,0.7083333730697632,0.03277110680937767,0.020412809640951917,test,True,420076,2
True,True,0.7083333730697632,0.03277110680937767,0.03444544452440247,test,True,420076,3
True,True,0.875,0.08755756914615631,0.0,test,True,420077,0
True,True,0.875,0.08755756914615631,0.022793388662910634,test,True,420077,1
False,False,0.875,0.08755756914615631,0.07160866004261769,test,True,420077,2
True,True,0.5833333730697632,0.027304042130708694,0.0,test,True,420078,0
True,True,0.5833333730697632,0.027304042130708694,0.007384088699298765,test,True,420078,1
True,True,0.5833333730697632,0.027304042130708694,0.020910594052465575,test,True,420078,2
True,True,0.5833333730697632,0.027304042130708694,0.03272575170230255,test,True,420078,3
True,True,0.75,0.0650763288140297,0.0,test,True,420079,0
True,True,0.75,0.07045581936836243,0.0008463465419161131,test,True,420079,1
True,True,0.75,0.07045581936836243,0.03526187467371959,test,True,420079,2
False,False,0.75,0.07045581936836243,0.05451135826394982,test,True,420079,3
False,False,0.75,0.07045581936836243,0.08051291573157941,test,True,420079,4
True,True,0.0,0.004900407046079636,0.0,test,False,420080,0
True,True,0.0,0.004614721983671188,0.0005601521603436477,test,False,420080,1
True,True,0.0,0.004614721983671188,0.001536705066067353,test,False,420080,2
True,True,0.0,0.004614721983671188,0.002201421299197336,test,False,420080,3
True,True,0.0,0.004614721983671188,0.003175198981736073,test,False,420080,4
True,True,1.0,0.0036876555532217026,0.0,test,False,420081,0
True,True,1.0,0.003916226793080568,0.0008882643069404041,test,False,420081,1
True,True,1.0,0.005013580434024334,0.0015326108219825825,test,False,420081,2
True,True,1.0,0.005013580434024334,0.0025379967710288543,test,False,420081,3
True,True,1.0,0.005013580434024334,0.00264098929759266,test,False,420081,4
False,False,1.0,0.005013580434024334,0.05532961490522225,test,False,420081,5
True,True,1.0,0.007249339949339628,0.0,test,False,420082,0
True,True,1.0,0.006069507449865341,0.001439535939081054,test,False,420082,1
True,True,1.0,0.006069507449865341,0.003058042594392079,test,False,420082,2
True,True,1.0,0.006069507449865341,0.005606484356587574,test,False,420082,3
True,True,1.0,0.006069507449865341,0.006909778218279302,test,False,420082,4
True,True,0.75,0.07077862322330475,0.0,test,True,420083,0
True,True,0.75,0.07077862322330475,0.00516938598904649,test,True,420083,1
True,True,0.75,0.07077862322330475,0.037072464350950594,test,True,420083,2
False,False,0.75,0.07077862322330475,0.0638866643578444,test,True,420083,3
True,True,0.875,0.1156022846698761,0.0,test,True,420084,0
True,True,0.875,0.11391851305961609,0.0013854786296994964,test,True,420084,1
True,True,0.875,0.11773589253425598,0.040668882971977724,test,True,420084,2
False,False,0.875,0.11773589253425598,0.06807782532866599,test,True,420084,3
False,False,0.875,0.11773589253425598,0.09178145438208435,test,True,420084,4
False,False,0.875,0.11773589253425598,0.07512760977954072,test,True,420084,5
True,True,0.375,0.01318158209323883,0.0,test,True,420085,0
True,True,0.375,0.01318158209323883,0.0009850380771860288,test,True,420085,1
True,True,0.04166668653488159,0.005293559283018112,0.0,test,True,420086,0
True,True,0.04166668653488159,0.004548117984086275,0.0008335737901656269,test,True,420086,1
True,True,0.04166668653488159,0.004548117984086275,0.0019198087610419056,test,True,420086,2
True,True,0.04166668653488159,0.004548117984086275,0.0031273243221817577,test,True,420086,3
True,True,0.04166668653488159,0.004548117984086275,0.003586760887907757,test,True,420086,4
True,True,0.5416666269302368,0.041400011628866196,0.0,test,True,420087,0
True,True,0.5416666269302368,0.044789623469114304,0.001790684682728249,test,True,420087,1
True,True,0.5416666269302368,0.044789623469114304,0.03737553356917548,test,True,420087,2
False,False,0.5416666269302368,0.044789623469114304,0.0570183225067767,test,True,420087,3
False,False,0.5416666269302368,0.044789623469114304,0.07742940775615391,test,True,420087,4
True,True,0.0,0.003787123365327716,0.0,test,False,420088,0
True,True,0.0,0.003787123365327716,0.0002623566181197205,test,False,420088,1
True,True,0.0,0.003787123365327716,0.0007871614369380259,test,False,420088,2
True,True,0.75,0.08716151118278503,0.0,test,True,420089,0
True,True,0.75,0.0865553468465805,0.0016146992032343738,test,True,420089,1
True,True,0.75,0.07553495466709137,0.03129977093696073,test,True,420089,2
False,False,0.75,0.07553495466709137,0.05587009215699878,test,True,420089,3
False,False,0.75,0.07553495466709137,0.07718024984935418,test,True,420089,4
False,False,0.75,0.07553495466709137,0.07027915658051537,test,True,420089,5
True,True,0.0,0.004564844071865082,0.0,test,False,420090,0
True,True,0.0,0.004564844071865082,0.0008961129307146424,test,False,420090,1
True,True,0.0,0.004564844071865082,0.0019091617626439269,test,False,420090,2
True,True,0.0,0.004564844071865082,0.0035303907648198568,test,False,420090,3
True,True,0.04166668653488159,0.006973502226173878,0.0,test,True,420091,0
True,True,0.04166668653488159,0.006973502226173878,0.0006345460470749758,test,True,420091,1
True,True,0.04166668653488159,0.006973502226173878,0.0015301365863617674,test,True,420091,2
True,True,0.04166668653488159,0.006973502226173878,0.004044638871852885,test,True,420091,3
True,True,0.625,0.03581511974334717,0.0,test,True,420092,0
True,True,0.625,0.03581511974334717,0.0006837123945831982,test,True,420092,1
True,True,0.625,0.03581511974334717,0.01489269481705665,test,True,420092,2
True,True,0.625,0.03581511974334717,0.026792533709364606,test,True,420092,3
True,True,0.2916666865348816,0.012730379588901997,0.0,test,True,420093,0
True,True,0.2916666865348816,0.012730379588901997,0.0016798353525580084,test,True,420093,1
True,True,0.2916666865348816,0.012730379588901997,0.009192990522882942,test,True,420093,2
True,True,1.0,0.0038733109831809998,0.0,test,False,420094,0
True,True,1.0,0.0038733109831809998,0.0004049716747670074,test,False,420094,1
True,True,1.0,0.0038733109831809998,0.0012519927913431086,test,False,420094,2
True,True,1.0,0.0038733109831809998,0.049522849149347015,test,False,420094,3
True,True,1.0,0.006058496423065662,0.0,test,False,420095,0
True,True,1.0,0.007070524618029594,0.0006294567675724816,test,False,420095,1
True,True,1.0,0.011034493334591389,0.002465393069650233,test,False,420095,2
True,True,1.0,0.011034493334591389,0.004319732257390352,test,False,420095,3
True,True,1.0,0.011034493334591389,0.005324974720454061,test,False,420095,4
False,False,1.0,0.011034493334591389,0.05883383994537126,test,False,420095,5
True,True,0.7916666865348816,0.10987918078899384,0.0,test,True,420096,0
True,True,0.7916666865348816,0.11204701662063599,0.003198185570993917,test,True,420096,1
True,True,0.7916666865348816,0.11353781819343567,0.04788006964719125,test,True,420096,2
False,False,0.7916666865348816,0.11353781819343567,0.08019635282730943,test,True,420096,3
False,False,0.7916666865348816,0.11353781819343567,0.10836077195706195,test,True,420096,4
False,False,0.7916666865348816,0.11353781819343567,0.09695402335607586,test,True,420096,5
True,True,0.9166666865348816,0.10094641149044037,0.0,test,True,420097,0
True,True,0.9166666865348816,0.10734246671199799,0.006667868754832383,test,True,420097,1
True,True,0.9166666865348816,0.10734246671199799,0.04528765537883233,test,True,420097,2
False,False,0.9166666865348816,0.10734246671199799,0.07514642470113485,test,True,420097,3
False,False,0.9166666865348816,0.10734246671199799,0.09654435338466705,test,True,420097,4
True,True,0.125,0.0043669696897268295,0.0,test,True,420098,0
True,True,0.125,0.007123891264200211,0.0003351627983894035,test,True,420098,1
True,True,0.125,0.009515966288745403,0.0007881247029951438,test,True,420098,2
True,True,0.125,0.009515966288745403,0.0018159105981948543,test,True,420098,3
True,True,0.125,0.009515966288745403,0.0031035079660527024,test,True,420098,4
True,True,0.125,0.009515966288745403,0.007717079511606349,test,True,420098,5
True,True,0.4583333134651184,0.013962805271148682,0.0,test,True,420099,0
True,True,0.4583333134651184,0.013962805271148682,0.001964743617838796,test,True,420099,1
True,True,0.0,0.004399711731821299,0.0,test,False,420100,0
True,True,0.0,0.004399711731821299,0.0005163597387673766,test,False,420100,1
True,True,0.0,0.004399711731821299,0.0012061171077183154,test,False,420100,2
True,True,0.0,0.004399711731821299,0.002079661327552388,test,False,420100,3
True,True,1.0,0.003329044673591852,0.0,test,False,420101,0
True,True,1.0,0.003131335135549307,0.000476317167806534,test,False,420101,1
True,True,1.0,0.003521521110087633,0.0013300570109609341,test,False,420101,2
True,True,1.0,0.0033239955082535744,0.0023413880336084682,test,False,420101,3
True,True,1.0,0.0037737470120191574,0.00266455945578981,test,False,420101,4
True,True,1.0,0.004264860413968563,0.0025010528253704718,test,False,420101,5
True,True,1.0,0.004264860413968563,0.0024584178734351793,test,False,420101,6
True,True,1.0,0.004264860413968563,0.002398782596445523,test,False,420101,7
False,False,1.0,0.004264860413968563,0.05400520402899359,test,False,420101,8
True,True,0.7083333730697632,0.031221823766827583,0.0,test,True,420102,0
True,True,0.7083333730697632,0.031221823766827583,0.001369561012330709,test,True,420102,1
True,True,0.0,0.004147645086050034,0.0,test,False,420103,0
True,True,0.0,0.004806379787623882,0.0002447983103285582,test,False,420103,1
True,True,0.0,0.00643377099186182,0.0006593416220742356,test,False,420103,2
True,True,0.0,0.00643377099186182,0.001422078867553181,test,False,420103,3
True,True,0.0,0.00643377099186182,0.002212731212365578,test,False,420103,4
True,True,0.0,0.00643377099186182,0.005033737106891628,test,False,420103,5
True,True,0.0,0.003185667097568512,0.0,test,False,420104,0
True,True,0.5833333730697632,0.011987928301095963,0.0,test,True,420105,0
True,True,0.5833333730697632,0.012496020644903183,0.0003557502862806111,test,True,420105,1
True,True,0.5833333730697632,0.012340275570750237,0.004893113350455445,test,True,420105,2
True,True,0.5833333730697632,0.012340275570750237,0.009655614288274394,test,True,420105,3
True,True,0.5833333730697632,0.012340275570750237,0.01460228555032984,test,True,420105,4
True,True,0.5833333730697632,0.012340275570750237,0.014099635834327155,test,True,420105,5
True,True,0.875,0.11134165525436401,0.0,test,True,420106,0
True,True,0.875,0.10240364074707031,0.0081878078893718,test,True,420106,1
True,True,0.875,0.09565144777297974,0.04800880690856345,test,True,420106,2
False,False,0.875,0.10257168114185333,0.07624999044034692,test,True,420106,3
False,False,0.875,0.10559068620204926,0.09544933178898511,test,True,420106,4
False,False,0.875,0.10594028234481812,0.08105579450215473,test,True,420106,5
False,False,0.875,0.11117275059223175,0.07750279024829045,test,True,420106,6
False,False,0.875,0.10965003073215485,0.07728617411105873,test,True,420106,7
False,False,0.875,0.10965003073215485,0.07884813948417395,test,True,420106,8
False,False,0.875,0.10965003073215485,0.08147963397355511,test,True,420106,9
False,False,0.875,0.10965003073215485,0.0834653071643751,test,True,420106,10
True,True,0.125,0.004119211807847023,0.0,test,True,420107,0
True,True,0.125,0.005645062308758497,0.0006879663813531351,test,True,420107,1
True,True,0.125,0.005370220635086298,0.0015967867321637693,test,True,420107,2
True,True,0.125,0.005370220635086298,0.002527505719505966,test,True,420107,3
True,True,0.125,0.005370220635086298,0.002691390946035326,test,True,420107,4
True,True,0.125,0.005370220635086298,0.0028339597089505385,test,True,420107,5
True,True,0.0,0.015452840365469456,0.0,test,False,420108,0
True,True,0.0,0.0076521411538124084,0.0004730992242351611,test,False,420108,1
True,True,0.0,0.0076521411538124084,0.0014321711915260646,test,False,420108,2
True,True,0.0,0.0076521411538124084,0.0030606762948522702,test,False,420108,3
True,True,0.0,0.0076521411538124084,0.011212598409525338,test,False,420108,4
True,True,0.375,0.00907834805548191,0.0,test,True,420109,0
True,True,0.375,0.011143682524561882,0.0010586962763063522,test,True,420109,1
True,True,0.375,0.011143682524561882,0.0029897945640488155,test,True,420109,2
True,True,0.375,0.011143682524561882,0.010483306439964191,test,True,420109,3
True,True,0.375,0.011143682524561882,0.011286206768800957,test,True,420109,4
True,True,1.0,0.008913852274417877,0.0,test,False,420110,0
True,True,1.0,0.007520466111600399,0.00029600096969050236,test,False,420110,1
True,True,1.0,0.007277877070009708,0.0017129213015558546,test,False,420110,2
True,True,1.0,0.007277877070009708,0.00907817346534224,test,False,420110,3
True,True,1.0,0.007277877070009708,0.011405258529329759,test,False,420110,4
True,True,1.0,0.007277877070009708,0.01730165313990084,test,False,420110,5
True,True,0.1666666865348816,0.0061018215492367744,0.0,test,True,420111,0
True,True,0.1666666865348816,0.010474873706698418,0.000230428470778313,test,True,420111,1
True,True,0.1666666865348816,0.010474873706698418,0.0010089004217923984,test,True,420111,2
True,True,0.1666666865348816,0.010474873706698418,0.0020663385269190093,test,True,420111,3
True,True,0.1666666865348816,0.010474873706698418,0.0033303631543972704,test,True,420111,4
True,True,1.0,0.006664596498012543,0.0,test,False,420112,0
True,True,1.0,0.0065072448924183846,0.0012157727459330833,test,False,420112,1
True,True,1.0,0.0065072448924183846,0.04752447655806288,test,False,420112,2
False,False,1.0,0.0065072448924183846,0.06658263191825498,test,False,420112,3
False,False,1.0,0.0065072448924183846,0.0689224010458755,test,False,420112,4
True,True,0.125,0.00920965988188982,0.0,test,True,420113,0
True,True,0.125,0.011307232081890106,0.0010099596193404892,test,True,420113,1
True,True,0.125,0.012827247381210327,0.0020944825557471045,test,True,420113,2
False,False,0.125,0.012827247381210327,0.05373963728173034,test,True,420113,3
False,False,0.125,0.012827247381210327,0.05520770897883515,test,True,420113,4
False,False,0.125,0.012827247381210327,0.057982026044391455,test,True,420113,5
True,True,0.7916666865348816,0.09992744028568268,0.0,test,True,420114,0
True,True,0.7916666865348816,0.09992744028568268,0.003609556923239196,test,True,420114,1
True,True,0.7916666865348816,0.09992744028568268,0.04110259937473665,test,True,420114,2
False,False,0.7916666865348816,0.09992744028568268,0.0648356396014299,test,True,420114,3
True,True,0.0,0.008130654692649841,0.0,test,False,420115,0
True,True,0.0,0.008130654692649841,0.0034057660184995692,test,False,420115,1
True,True,0.0,0.008130654692649841,0.011804320160828859,test,False,420115,2
True,True,0.0,0.008130654692649841,0.018399845952009306,test,False,420115,3
True,True,1.0,0.0062202150002121925,0.0,test,False,420116,0
True,True,1.0,0.007321147248148918,0.0007069928868292815,test,False,420116,1
True,True,1.0,0.008006894960999489,0.0019078353302250054,test,False,420116,2
True,True,1.0,0.0077539412304759026,0.0032983710192100676,test,False,420116,3
True,True,1.0,0.0077539412304759026,0.004154356473481632,test,False,420116,4
False,False,1.0,0.0077539412304759026,0.052870502064145196,test,False,420116,5
False,False,1.0,0.0077539412304759026,0.09758541682158055,test,False,420116,6
True,True,1.0,0.0036396984942257404,0.0,test,False,420117,0
True,True,1.0,0.0036396984942257404,0.0006898859413055947,test,False,420117,1
True,True,1.0,0.0036396984942257404,0.0015382605572512485,test,False,420117,2
True,True,1.0,0.0036396984942257404,0.0026402238422806932,test,False,420117,3
True,True,1.0,0.0045621395111083984,0.0,test,False,420118,0
True,True,1.0,0.0045621395111083984,0.0010562113122559837,test,False,420118,1
True,True,1.0,0.0045621395111083984,0.0017578787922469653,test,False,420118,2
True,True,1.0,0.0045621395111083984,0.0027292076393879423,test,False,420118,3
True,True,0.0,0.004637620877474546,0.0,test,False,420119,0
True,True,0.0,0.005916431546211243,0.0007346889794988763,test,False,420119,1
True,True,0.0,0.005756224971264601,0.0016042717125744775,test,False,420119,2
True,True,0.0,0.006398548372089863,0.0027572745587380715,test,False,420119,3
True,True,0.0,0.006398548372089863,0.0029974280883111287,test,False,420119,4
True,True,0.0,0.006398548372089863,0.0034653676657148214,test,False,420119,5
True,True,0.0,0.006398548372089863,0.003443979212176197,test,False,420119,6
True,True,1.0,0.00989900715649128,0.0,test,False,420120,0
True,True,1.0,0.00989900715649128,0.00962406098823322,test,False,420120,1
True,True,1.0,0.0030409952159971,0.0,test,False,420121,0
True,True,1.0,0.0032479846850037575,0.0008538011261449807,test,False,420121,1
True,True,1.0,0.0032479846850037575,0.0015314945505842704,test,False,420121,2
True,True,1.0,0.0032479846850037575,0.0021508640732358225,test,False,420121,3
True,True,1.0,0.0032479846850037575,0.0021312082929314225,test,False,420121,4
True,True,0.6666666269302368,0.04840410500764847,0.0,test,True,420122,0
True,True,0.6666666269302368,0.04840410500764847,0.0009012140022967982,test,True,420122,1
True,True,0.6666666269302368,0.04840410500764847,0.03540631237416816,test,True,420122,2
False,False,0.6666666269302368,0.04840410500764847,0.054653210714337465,test,True,420122,3
True,True,0.7083333730697632,0.04832642897963524,0.0,test,True,420123,0
True,True,0.7083333730697632,0.04555179923772812,0.03192539053613821,test,True,420123,1
False,False,0.7083333730697632,0.046011436730623245,0.07577586235842347,test,True,420123,2
False,False,0.7083333730697632,0.04572787135839462,0.11209152741069632,test,True,420123,3
False,False,0.7083333730697632,0.04572787135839462,0.11298139186052286,test,True,420123,4
False,False,0.7083333730697632,0.04572787135839462,0.10317183563550858,test,True,420123,5
False,False,0.7083333730697632,0.04572787135839462,0.10333064046061226,test,True,420123,6
True,True,0.7083333730697632,0.04984664171934128,0.0,test,True,420124,0
True,True,0.7083333730697632,0.04984664171934128,0.0007763970770023287,test,True,420124,1
True,True,0.7083333730697632,0.04984664171934128,0.023422445988581522,test,True,420124,2
True,True,0.7083333730697632,0.04984664171934128,0.03871456636447824,test,True,420124,3
True,True,0.4583333134651184,0.006769991479814053,0.0,test,True,420125,0
True,True,0.4583333134651184,0.006084938067942858,0.0008215229834401239,test,True,420125,1
True,True,0.4583333134651184,0.011140497401356697,0.0022224532527310246,test,True,420125,2
True,True,0.4583333134651184,0.011140497401356697,0.0035172428454308315,test,True,420125,3
True,True,0.4583333134651184,0.011140497401356697,0.004232410666376883,test,True,420125,4
True,True,0.4583333134651184,0.011140497401356697,0.006424482877352816,test,True,420125,5
True,True,0.625,0.056335851550102234,0.0,test,True,420126,0
True,True,0.625,0.050960756838321686,0.0014599055378828165,test,True,420126,1
True,True,0.625,0.052789680659770966,0.02051459264325369,test,True,420126,2
True,True,0.625,0.052789680659770966,0.03837056125083104,test,True,420126,3
False,False,0.625,0.052789680659770966,0.05028806406094207,test,True,420126,4
True,True,0.625,0.052789680659770966,0.0474177832409573,test,True,420126,5
True,True,0.875,0.06289160996675491,0.0,test,True,420127,0
True,True,0.875,0.04749526083469391,0.012557644588644775,test,True,420127,1
True,True,0.875,0.04749526083469391,0.04225151451796036,test,True,420127,2
False,False,0.875,0.04749526083469391,0.06463814414205289,test,True,420127,3
False,False,0.875,0.04749526083469391,0.07510289625000104,test,True,420127,4
