selector,uses_condition_label,condition,visible_seed,episode_idx,step_idx,fraction_before,fraction_after,fraction_delta,done_after,reward,model_x_ood_l2,model_x_ood_abs,future_std_mean,future_nn_l2,future_nn_mae,future_nearest_condition,future_condition_match,input_nn_l2,selected_train_index,selected_window_idx,selected_condition,selected_context_l2,selected_score,score_context,score_action_ood,score_clip,score_action_mae,score_pull_diff,action_ood,clip_frac,pose0_x,pose0_y,pose1_x,pose1_y,pull_len,source_pull_len,action_mae_to_source,action_l2_to_source,scope
ddpm_mean,0,free,312000,0,0,0.0,0.0,0.0,0,0.0,nan,nan,0.03985761106014252,0.041999608278274536,0.01874680072069168,hidden_high_friction,0,nan,-1,-1,,nan,nan,nan,nan,nan,nan,nan,0.6762548685073853,0.0,0.31372392177581787,0.3645209074020386,0.5390331745147705,-0.02975328639149666,0.4541105628013611,nan,nan,nan,phase3_12_compat_selection_no_phase4_no_cps
ddpm_mean,0,free,312000,0,1,0.0,0.0,0.0,0,0.0,nan,nan,0.03996701166033745,0.04171542823314667,0.018872397020459175,hidden_high_friction,0,nan,-1,-1,,nan,nan,nan,nan,nan,nan,nan,0.424279123544693,0.0,0.46985796093940735,0.17680388689041138,0.5668160915374756,0.015175506472587585,0.18847975134849548,nan,nan,nan,phase3_12_compat_selection_no_phase4_no_cps
ddpm_mean,0,free,312000,0,2,0.0,0.0,0.0,0,0.0,nan,nan,0.03984425216913223,0.04394284263253212,0.02287803590297699,hidden_breakaway_pin,0,nan,-1,-1,,nan,nan,nan,nan,nan,nan,nan,0.29565495252609253,0.0,0.4854958951473236,0.09205467998981476,0.5539380311965942,-0.03364904597401619,0.14312843978405,nan,nan,nan,phase3_12_compat_selection_no_phase4_no_cps
ddpm_mean,0,free,312000,0,3,0.0,0.0,0.0,0,0.0,nan,nan,0.03020366095006466,0.06641054153442383,0.03418198600411415,hidden_high_friction,0,nan,-1,-1,,nan,nan,nan,nan,nan,nan,nan,0.19360865652561188,0.0,0.5233572125434875,-0.0030793510377407074,0.5379655361175537,-0.04818427562713623,0.04741157218813896,nan,nan,nan,phase3_12_compat_selection_no_phase4_no_cps
ddpm_mean,0,free,312000,0,4,0.0,0.0,0.0,0,0.0,nan,nan,0.02716437168419361,0.07315433025360107,0.03640687093138695,hidden_high_friction,0,nan,-1,-1,,nan,nan,nan,nan,nan,nan,nan,0.194141685962677,0.0,0.5296216607093811,-0.00580887496471405,0.45515960454940796,0.005064409226179123,0.0752517506480217,nan,nan,nan,phase3_12_compat_selection_no_phase4_no_cps
ddpm_mean,0,free,312000,0,5,0.0,0.0,0.0,0,0.0,nan,nan,0.028735658153891563,0.06415605545043945,0.03157496452331543,hidden_high_friction,0,nan,-1,-1,,nan,nan,nan,nan,nan,nan,nan,0.25047358870506287,0.0,0.5162049531936646,0.056194715201854706,0.5052636861801147,0.1075727790594101,0.05253015086054802,nan,nan,nan,phase3_12_compat_selection_no_phase4_no_cps
ddpm_mean,0,free,312000,0,6,0.0,0.0,0.0,0,0.0,nan,nan,0.03714340925216675,0.05271973833441734,0.024845466017723083,hidden_high_friction,0,nan,-1,-1,,nan,nan,nan,nan,nan,nan,nan,0.16479575634002686,0.0,0.5179619193077087,0.01577131636440754,0.5099725723266602,0.03166072070598602,0.017784904688596725,nan,nan,nan,phase3_12_compat_selection_no_phase4_no_cps
ddpm_mean,0,free,312000,0,7,0.0,0.0,0.0,0,0.0,nan,nan,0.03337164968252182,0.06258141249418259,0.02892961911857128,hidden_high_friction,0,nan,-1,-1,,nan,nan,nan,nan,nan,nan,nan,0.18643485009670258,0.0,0.5087412595748901,-0.012612871825695038,0.546383261680603,-0.06530500203371048,0.06475631892681122,nan,nan,nan,phase3_12_compat_selection_no_phase4_no_cps
ddpm_mean,0,free,312000,0,8,0.0,0.0,0.0,0,0.0,nan,nan,0.031959958374500275,0.06377000361680984,0.030387677252292633,hidden_breakaway_pin,0,nan,-1,-1,,nan,nan,nan,nan,nan,nan,nan,0.22871781885623932,0.0,0.5072554349899292,-0.007848811335861683,0.5231052041053772,-0.02137768641114235,0.020838560536503792,nan,nan,nan,phase3_12_compat_selection_no_phase4_no_cps
ddpm_mean,0,free,312000,0,9,0.0,0.0,0.0,0,0.0,nan,nan,0.03031337819993496,0.06842247396707535,0.03196163848042488,hidden_breakaway_pin,0,nan,-1,-1,,nan,nan,nan,nan,nan,nan,nan,0.3077824115753174,0.0,0.46576008200645447,-0.04101710766553879,0.44229114055633545,-0.09383503347635269,0.05779726803302765,nan,nan,nan,phase3_12_compat_selection_no_phase4_no_cps
ddpm_mean,0,free,312000,0,10,0.0,0.0,0.0,0,0.0,nan,nan,0.028867414221167564,0.0681069865822792,0.03436287119984627,hidden_high_friction,0,nan,-1,-1,,nan,nan,nan,nan,nan,nan,nan,0.2197464555501938,0.0,0.5350068211555481,0.02431523986160755,0.5159853100776672,0.03882633149623871,0.02392466738820076,nan,nan,nan,phase3_12_compat_selection_no_phase4_no_cps
ddpm_mean,0,free,312000,0,11,0.0,0.0,0.0,0,0.0,nan,nan,0.024544790387153625,0.08134409040212631,0.03968798369169235,hidden_breakaway_pin,0,nan,-1,-1,,nan,nan,nan,nan,nan,nan,nan,0.3472515642642975,0.0,0.5390158295631409,-0.010907045565545559,0.594651997089386,-0.07202769815921783,0.0826505720615387,nan,nan,nan,phase3_12_compat_selection_no_phase4_no_cps
ddpm_mean,0,free,312000,0,12,0.0,0.0,0.0,0,0.0,nan,nan,0.019392268732190132,0.08692321926355362,0.04426312446594238,hidden_high_friction,0,nan,-1,-1,,nan,nan,nan,nan,nan,nan,nan,0.39695850014686584,0.0,0.5035825371742249,-0.0523468554019928,0.43709802627563477,-0.19411715865135193,0.1565854698419571,nan,nan,nan,phase3_12_compat_selection_no_phase4_no_cps
ddpm_mean,0,free,312000,0,13,0.0,0.0,0.0,0,0.0,nan,nan,0.02702164091169834,0.07926033437252045,0.04025554656982422,hidden_breakaway_pin,0,nan,-1,-1,,nan,nan,nan,nan,nan,nan,nan,0.1404266506433487,0.0,0.510593593120575,-0.02367754653096199,0.5191618800163269,-0.05557198077440262,0.03302530199289322,nan,nan,nan,phase3_12_compat_selection_no_phase4_no_cps
ddpm_mean,0,free,312000,0,14,0.0,0.0,0.0,0,0.0,nan,nan,0.02180754393339157,0.08134664595127106,0.041914086788892746,hidden_breakaway_pin,0,nan,-1,-1,,nan,nan,nan,nan,nan,nan,nan,0.2958385944366455,0.0,0.5635818839073181,0.006524557247757912,0.6054120063781738,-0.04443921521306038,0.06593228131532669,nan,nan,nan,phase3_12_compat_selection_no_phase4_no_cps
ddpm_mean,0,free,312000,0,15,0.0,0.0,0.0,0,0.0,nan,nan,0.038369596004486084,0.04936870560050011,0.02569715492427349,hidden_breakaway_pin,0,nan,-1,-1,,nan,nan,nan,nan,nan,nan,nan,0.16949810087680817,0.0,0.5056947469711304,-0.03801875561475754,0.5126457810401917,-0.07244973629713058,0.035125620663166046,nan,nan,nan,phase3_12_compat_selection_no_phase4_no_cps
ddpm_mean,0,free,312001,1,0,0.0,0.0,0.0,0,0.0,nan,nan,0.03973274305462837,0.042739056050777435,0.018756665289402008,hidden_high_friction,0,nan,-1,-1,,nan,nan,nan,nan,nan,nan,nan,0.5876636505126953,0.0,0.34569573402404785,-0.32188230752944946,0.5596386194229126,0.04606743901968002,0.4256272614002228,nan,nan,nan,phase3_12_compat_selection_no_phase4_no_cps
ddpm_mean,0,free,312001,1,1,0.0,0.125,0.125,0,0.125,nan,nan,0.03932111710309982,0.046424150466918945,0.024444065988063812,hidden_breakaway_pin,0,nan,-1,-1,,nan,nan,nan,nan,nan,nan,nan,0.6671766638755798,0.0,0.35720017552375793,-0.3073607087135315,0.5601692199707031,-0.02222278341650963,0.3500000834465027,nan,nan,nan,phase3_12_compat_selection_no_phase4_no_cps
ddpm_mean,0,free,312001,1,2,0.125,0.125,0.0,0,0.0,nan,nan,0.03971166908740997,0.04707746580243111,0.02488476037979126,hidden_breakaway_pin,0,nan,-1,-1,,nan,nan,nan,nan,nan,nan,nan,0.34697169065475464,0.0,0.4298408627510071,-0.16962407529354095,0.48671016097068787,-0.07662254571914673,0.10901101678609848,nan,nan,nan,phase3_12_compat_selection_no_phase4_no_cps
ddpm_mean,0,free,312001,1,3,0.125,0.125,0.0,0,0.0,nan,nan,0.04015021026134491,0.04612777754664421,0.020289652049541473,free,1,nan,-1,-1,,nan,nan,nan,nan,nan,nan,nan,0.397277295589447,0.0,0.4817706048488617,-0.07503724098205566,0.486785352230072,-0.031101856380701065,0.04422064870595932,nan,nan,nan,phase3_12_compat_selection_no_phase4_no_cps
ddpm_mean,0,free,312001,1,4,0.125,0.125,0.0,0,0.0,nan,nan,0.04035468399524689,0.04368315637111664,0.020051784813404083,hidden_high_friction,0,nan,-1,-1,,nan,nan,nan,nan,nan,nan,nan,0.20186924934387207,0.0,0.4957956075668335,-0.06560009717941284,0.5123236775398254,-0.03685085475444794,0.03316166624426842,nan,nan,nan,phase3_12_compat_selection_no_phase4_no_cps
ddpm_mean,0,free,312001,1,5,0.125,0.08333333333333333,-0.04166666666666667,0,-0.04166666666666667,nan,nan,0.040306154638528824,0.045799240469932556,0.024008292704820633,hidden_breakaway_pin,0,nan,-1,-1,,nan,nan,nan,nan,nan,nan,nan,0.18061700463294983,0.0,0.5130595564842224,-0.08659516274929047,0.5151861906051636,-0.06301131844520569,0.02367953211069107,nan,nan,nan,phase3_12_compat_selection_no_phase4_no_cps
ddpm_mean,0,free,312001,1,6,0.08333333333333333,0.08333333333333333,0.0,0,0.0,nan,nan,0.0396868996322155,0.04505220428109169,0.023389527574181557,hidden_breakaway_pin,0,nan,-1,-1,,nan,nan,nan,nan,nan,nan,nan,0.19907940924167633,0.0,0.49819621443748474,-0.09800707548856735,0.5300081372261047,-0.07421587407588959,0.03972429782152176,nan,nan,nan,phase3_12_compat_selection_no_phase4_no_cps
ddpm_mean,0,free,312001,1,7,0.08333333333333333,0.08333333333333333,0.0,0,0.0,nan,nan,0.04002922400832176,0.04657804220914841,0.020947245880961418,hidden_high_friction,0,nan,-1,-1,,nan,nan,nan,nan,nan,nan,nan,0.2657684087753296,0.0,0.5185574889183044,-0.06017781049013138,0.5312712788581848,-0.018824180588126183,0.04326387494802475,nan,nan,nan,phase3_12_compat_selection_no_phase4_no_cps
ddpm_mean,0,free,312001,1,8,0.08333333333333333,0.08333333333333333,0.0,0,0.0,nan,nan,0.03952331468462944,0.047755252569913864,0.021571073681116104,hidden_high_friction,0,nan,-1,-1,,nan,nan,nan,nan,nan,nan,nan,0.2378617376089096,0.0,0.5171520113945007,-0.050352443009614944,0.5225943922996521,-0.017895277589559555,0.032910291105508804,nan,nan,nan,phase3_12_compat_selection_no_phase4_no_cps
ddpm_mean,0,free,312001,1,9,0.08333333333333333,0.08333333333333333,0.0,0,0.0,nan,nan,0.039392054080963135,0.045694734901189804,0.019693007692694664,hidden_high_friction,0,nan,-1,-1,,nan,nan,nan,nan,nan,nan,nan,0.18807153403759003,0.0,0.5157445669174194,-0.045959070324897766,0.5354469418525696,-0.027872778475284576,0.02674504742026329,nan,nan,nan,phase3_12_compat_selection_no_phase4_no_cps
ddpm_mean,0,free,312001,1,10,0.08333333333333333,0.08333333333333333,0.0,0,0.0,nan,nan,0.03939257189631462,0.045938439667224884,0.020181460306048393,hidden_high_friction,0,nan,-1,-1,,nan,nan,nan,nan,nan,nan,nan,0.16989021003246307,0.0,0.5177779197692871,-0.054701462388038635,0.5316910147666931,-0.025510843843221664,0.0323367640376091,nan,nan,nan,phase3_12_compat_selection_no_phase4_no_cps
ddpm_mean,0,free,312001,1,11,0.08333333333333333,0.08333333333333333,0.0,0,0.0,nan,nan,0.03968158736824989,0.04467695578932762,0.022717295214533806,hidden_breakaway_pin,0,nan,-1,-1,,nan,nan,nan,nan,nan,nan,nan,0.14946451783180237,0.0,0.5120313763618469,-0.07092974334955215,0.528481662273407,-0.05217859894037247,0.024944284930825233,nan,nan,nan,phase3_12_compat_selection_no_phase4_no_cps
ddpm_mean,0,free,312001,1,12,0.08333333333333333,0.08333333333333333,0.0,0,0.0,nan,nan,0.040028687566518784,0.04332084581255913,0.019407860934734344,hidden_high_friction,0,nan,-1,-1,,nan,nan,nan,nan,nan,nan,nan,0.15663106739521027,0.0,0.5099202990531921,-0.05224984884262085,0.5350598096847534,-0.014057165011763573,0.04572391137480736,nan,nan,nan,phase3_12_compat_selection_no_phase4_no_cps
ddpm_mean,0,free,312001,1,13,0.08333333333333333,0.08333333333333333,0.0,0,0.0,nan,nan,0.039220090955495834,0.046150222420692444,0.024156183004379272,hidden_breakaway_pin,0,nan,-1,-1,,nan,nan,nan,nan,nan,nan,nan,0.12349063903093338,0.0,0.5076453685760498,-0.04623729735612869,0.5117430686950684,-0.011690065264701843,0.03478940203785896,nan,nan,nan,phase3_12_compat_selection_no_phase4_no_cps
ddpm_mean,0,free,312001,1,14,0.08333333333333333,0.08333333333333333,0.0,0,0.0,nan,nan,0.03969213739037514,0.044024016708135605,0.0229470394551754,hidden_breakaway_pin,0,nan,-1,-1,,nan,nan,nan,nan,nan,nan,nan,0.14233428239822388,0.0,0.5055108070373535,-0.07057515531778336,0.4991648197174072,-0.05334285646677017,0.018363650888204575,nan,nan,nan,phase3_12_compat_selection_no_phase4_no_cps
ddpm_mean,0,free,312001,1,15,0.08333333333333333,0.08333333333333333,0.0,0,0.0,nan,nan,0.04038677737116814,0.042150892317295074,0.01828758791089058,hidden_high_friction,0,nan,-1,-1,,nan,nan,nan,nan,nan,nan,nan,0.16123472154140472,0.0,0.5042514204978943,-0.05662044882774353,0.5037739872932434,-0.042803987860679626,0.013824707828462124,nan,nan,nan,phase3_12_compat_selection_no_phase4_no_cps
ddpm_mean,0,free,312002,2,0,0.0,0.0,0.0,0,0.0,nan,nan,0.039653655141592026,0.045287229120731354,0.023805532604455948,hidden_breakaway_pin,0,nan,-1,-1,,nan,nan,nan,nan,nan,nan,nan,0.7566337585449219,0.0,0.735414445400238,-0.16829760372638702,0.4930826425552368,0.05222956836223602,0.3276536762714386,nan,nan,nan,phase3_12_compat_selection_no_phase4_no_cps
ddpm_mean,0,free,312002,2,1,0.0,0.0,0.0,0,0.0,nan,nan,0.03955887630581856,0.04608295112848282,0.020526988431811333,hidden_high_friction,0,nan,-1,-1,,nan,nan,nan,nan,nan,nan,nan,0.5536996722221375,0.0,0.6933808326721191,-0.10389364510774612,0.5005005598068237,0.04346127808094025,0.24272674322128296,nan,nan,nan,phase3_12_compat_selection_no_phase4_no_cps
ddpm_mean,0,free,312002,2,2,0.0,0.0,0.0,0,0.0,nan,nan,0.039693254977464676,0.04590938985347748,0.0207673367112875,free,1,nan,-1,-1,,nan,nan,nan,nan,nan,nan,nan,0.49507611989974976,0.0,0.6578877568244934,-0.061947301030159,0.45375165343284607,0.03016785904765129,0.22395703196525574,nan,nan,nan,phase3_12_compat_selection_no_phase4_no_cps
ddpm_mean,0,free,312002,2,3,0.0,0.0,0.0,0,0.0,nan,nan,0.039926838129758835,0.04412602633237839,0.02022230625152588,hidden_high_friction,0,nan,-1,-1,,nan,nan,nan,nan,nan,nan,nan,0.5359666347503662,0.0,0.6875260472297668,-0.02063065767288208,0.44317907094955444,0.032676294445991516,0.25009411573410034,nan,nan,nan,phase3_12_compat_selection_no_phase4_no_cps
ddpm_mean,0,free,312002,2,4,0.0,0.0,0.0,0,0.0,nan,nan,0.03959419205784798,0.04798112437129021,0.02469729259610176,hidden_breakaway_pin,0,nan,-1,-1,,nan,nan,nan,nan,nan,nan,nan,0.6248548030853271,0.0,0.705439567565918,-0.06971728801727295,0.4808078408241272,-0.0017611011862754822,0.23468586802482605,nan,nan,nan,phase3_12_compat_selection_no_phase4_no_cps
ddpm_mean,0,free,312002,2,5,0.0,0.0,0.0,0,0.0,nan,nan,0.039292506873607635,0.04537280276417732,0.021343057975172997,hidden_breakaway_pin,0,nan,-1,-1,,nan,nan,nan,nan,nan,nan,nan,0.6084727048873901,0.0,0.6867576241493225,-0.07524469494819641,0.4750577509403229,-0.015023352578282356,0.22009871900081635,nan,nan,nan,phase3_12_compat_selection_no_phase4_no_cps
ddpm_mean,0,free,312002,2,6,0.0,0.0,0.0,0,0.0,nan,nan,0.040191151201725006,0.046955469995737076,0.020542943850159645,hidden_high_friction,0,nan,-1,-1,,nan,nan,nan,nan,nan,nan,nan,0.5705481767654419,0.0,0.6868017911911011,-0.04873757064342499,0.4627481698989868,0.04377957433462143,0.24240349233150482,nan,nan,nan,phase3_12_compat_selection_no_phase4_no_cps
ddpm_mean,0,free,312002,2,7,0.0,0.0,0.0,0,0.0,nan,nan,0.03981354460120201,0.04749881848692894,0.024655014276504517,hidden_breakaway_pin,0,nan,-1,-1,,nan,nan,nan,nan,nan,nan,nan,0.5634307861328125,0.0,0.6842709183692932,-0.05816385895013809,0.4507477283477783,0.0027016066014766693,0.24132485687732697,nan,nan,nan,phase3_12_compat_selection_no_phase4_no_cps
ddpm_mean,0,free,312002,2,8,0.0,0.0,0.0,0,0.0,nan,nan,0.039837732911109924,0.04517751932144165,0.019544467329978943,hidden_high_friction,0,nan,-1,-1,,nan,nan,nan,nan,nan,nan,nan,0.560133695602417,0.0,0.6961129903793335,-0.06851812452077866,0.4730992913246155,0.005509581416845322,0.23497916758060455,nan,nan,nan,phase3_12_compat_selection_no_phase4_no_cps
ddpm_mean,0,free,312002,2,9,0.0,0.0,0.0,0,0.0,nan,nan,0.03982960805296898,0.04552028328180313,0.019533202052116394,hidden_high_friction,0,nan,-1,-1,,nan,nan,nan,nan,nan,nan,nan,0.5799059867858887,0.0,0.6969084739685059,-0.04965563490986824,0.4700182378292084,0.048660553991794586,0.24727566540241241,nan,nan,nan,phase3_12_compat_selection_no_phase4_no_cps
ddpm_mean,0,free,312002,2,10,0.0,0.0,0.0,0,0.0,nan,nan,0.039249487221241,0.04589952901005745,0.023223211988806725,hidden_breakaway_pin,0,nan,-1,-1,,nan,nan,nan,nan,nan,nan,nan,0.5436328649520874,0.0,0.690782368183136,-0.05695231258869171,0.46867817640304565,0.02468898519873619,0.23663383722305298,nan,nan,nan,phase3_12_compat_selection_no_phase4_no_cps
ddpm_mean,0,free,312002,2,11,0.0,0.0,0.0,0,0.0,nan,nan,0.03992718830704689,0.04620686173439026,0.020585784688591957,hidden_high_friction,0,nan,-1,-1,,nan,nan,nan,nan,nan,nan,nan,0.5342377424240112,0.0,0.6871086359024048,-0.04723339527845383,0.4552520215511322,0.032128870487213135,0.24506297707557678,nan,nan,nan,phase3_12_compat_selection_no_phase4_no_cps
ddpm_mean,0,free,312002,2,12,0.0,0.0,0.0,0,0.0,nan,nan,0.03908013179898262,0.046698231250047684,0.02421434409916401,hidden_breakaway_pin,0,nan,-1,-1,,nan,nan,nan,nan,nan,nan,nan,0.5223819613456726,0.0,0.6952571868896484,-0.05019771307706833,0.4601019620895386,0.03145143762230873,0.2489268183708191,nan,nan,nan,phase3_12_compat_selection_no_phase4_no_cps
ddpm_mean,0,free,312002,2,13,0.0,0.0,0.0,0,0.0,nan,nan,0.039795197546482086,0.04410899430513382,0.023420484736561775,hidden_breakaway_pin,0,nan,-1,-1,,nan,nan,nan,nan,nan,nan,nan,0.5360071659088135,0.0,0.6880737543106079,-0.059761643409729004,0.4565362334251404,0.01896706596016884,0.24455639719963074,nan,nan,nan,phase3_12_compat_selection_no_phase4_no_cps
ddpm_mean,0,free,312002,2,14,0.0,0.0,0.0,0,0.0,nan,nan,0.040453724563121796,0.0420413576066494,0.018071340397000313,hidden_high_friction,0,nan,-1,-1,,nan,nan,nan,nan,nan,nan,nan,0.5432891249656677,0.0,0.6838092803955078,-0.04866130277514458,0.4470435082912445,0.03193002566695213,0.25010597705841064,nan,nan,nan,phase3_12_compat_selection_no_phase4_no_cps
ddpm_mean,0,free,312002,2,15,0.0,0.0,0.0,0,0.0,nan,nan,0.040340397506952286,0.045739542692899704,0.019649922847747803,hidden_high_friction,0,nan,-1,-1,,nan,nan,nan,nan,nan,nan,nan,0.5114079117774963,0.0,0.6911014318466187,-0.04236981272697449,0.4527064561843872,0.038796745240688324,0.25183361768722534,nan,nan,nan,phase3_12_compat_selection_no_phase4_no_cps
ddpm_mean,0,hidden_breakaway_pin,312000,0,0,0.0,0.16666666666666666,0.16666666666666666,0,0.16666666666666666,nan,nan,0.03977394104003906,0.04128481075167656,0.01834806054830551,hidden_high_friction,0,nan,-1,-1,,nan,nan,nan,nan,nan,nan,nan,0.49994292855262756,0.0,0.41115838289260864,-0.32234418392181396,0.5259996652603149,0.06751842796802521,0.4064251184463501,nan,nan,nan,phase3_12_compat_selection_no_phase4_no_cps
ddpm_mean,0,hidden_breakaway_pin,312000,0,1,0.16666666666666666,0.16666666666666666,0.0,0,0.0,nan,nan,0.03974701836705208,0.04297551140189171,0.0194444227963686,hidden_high_friction,0,nan,-1,-1,,nan,nan,nan,nan,nan,nan,nan,0.3403974175453186,0.0,0.4324358105659485,-0.1850222945213318,0.5352370738983154,0.012770764529705048,0.2229129821062088,nan,nan,nan,phase3_12_compat_selection_no_phase4_no_cps
ddpm_mean,0,hidden_breakaway_pin,312000,0,2,0.16666666666666666,0.20833333333333334,0.041666666666666685,0,0.041666666666666685,nan,nan,0.03895139321684837,0.04762643575668335,0.025362730026245117,hidden_breakaway_pin,1,nan,-1,-1,,nan,nan,nan,nan,nan,nan,nan,0.33337876200675964,0.0,0.4525913596153259,-0.09824056178331375,0.5686551928520203,-0.04881957918405533,0.12614771723747253,nan,nan,nan,phase3_12_compat_selection_no_phase4_no_cps
ddpm_mean,0,hidden_breakaway_pin,312000,0,3,0.20833333333333334,0.20833333333333334,0.0,0,0.0,nan,nan,0.039728403091430664,0.04747689515352249,0.02091144397854805,hidden_high_friction,0,nan,-1,-1,,nan,nan,nan,nan,nan,nan,nan,0.17270730435848236,0.0,0.5143001675605774,0.008978433907032013,0.5307554602622986,-0.025298945605754852,0.038022566586732864,nan,nan,nan,phase3_12_compat_selection_no_phase4_no_cps
ddpm_mean,0,hidden_breakaway_pin,312000,0,4,0.20833333333333334,0.20833333333333334,0.0,0,0.0,nan,nan,0.04041630029678345,0.04506060108542442,0.019298823550343513,hidden_high_friction,0,nan,-1,-1,,nan,nan,nan,nan,nan,nan,nan,0.16448725759983063,0.0,0.5405316948890686,0.048590704798698425,0.5079222917556763,0.03304973244667053,0.036123331636190414,nan,nan,nan,phase3_12_compat_selection_no_phase4_no_cps
ddpm_mean,0,hidden_breakaway_pin,312000,0,5,0.20833333333333334,0.20833333333333334,0.0,0,0.0,nan,nan,0.040477219969034195,0.04282350838184357,0.019857170060276985,hidden_high_friction,0,nan,-1,-1,,nan,nan,nan,nan,nan,nan,nan,0.21263419091701508,0.0,0.5433225035667419,0.018479054793715477,0.5168765783309937,0.012926135212182999,0.027022618800401688,nan,nan,nan,phase3_12_compat_selection_no_phase4_no_cps
ddpm_mean,0,hidden_breakaway_pin,312000,0,6,0.20833333333333334,0.20833333333333334,0.0,0,0.0,nan,nan,0.040224723517894745,0.04611503332853317,0.020240914076566696,hidden_high_friction,0,nan,-1,-1,,nan,nan,nan,nan,nan,nan,nan,0.19668442010879517,0.0,0.5406666994094849,0.0005712434649467468,0.5290025472640991,-0.001330360770225525,0.011818144470453262,nan,nan,nan,phase3_12_compat_selection_no_phase4_no_cps
ddpm_mean,0,hidden_breakaway_pin,312000,0,7,0.20833333333333334,0.20833333333333334,0.0,0,0.0,nan,nan,0.039895229041576385,0.044809333980083466,0.019161807373166084,hidden_high_friction,0,nan,-1,-1,,nan,nan,nan,nan,nan,nan,nan,0.20780372619628906,0.0,0.541454553604126,-0.012277449481189251,0.537135124206543,-0.02419959381222725,0.012680497020483017,nan,nan,nan,phase3_12_compat_selection_no_phase4_no_cps
ddpm_mean,0,hidden_breakaway_pin,312000,0,8,0.20833333333333334,0.20833333333333334,0.0,0,0.0,nan,nan,0.04066828638315201,0.04412949085235596,0.019093934446573257,hidden_high_friction,0,nan,-1,-1,,nan,nan,nan,nan,nan,nan,nan,0.20516332983970642,0.0,0.5516552329063416,0.02784784324467182,0.5430700778961182,0.033309198915958405,0.010175032541155815,nan,nan,nan,phase3_12_compat_selection_no_phase4_no_cps
ddpm_mean,0,hidden_breakaway_pin,312000,0,9,0.20833333333333334,0.20833333333333334,0.0,0,0.0,nan,nan,0.040355898439884186,0.04511270299553871,0.023443125188350677,hidden_breakaway_pin,1,nan,-1,-1,,nan,nan,nan,nan,nan,nan,nan,0.20090340077877045,0.0,0.5399147868156433,0.0048373788595199585,0.5245970487594604,-0.005570234730839729,0.018518950790166855,nan,nan,nan,phase3_12_compat_selection_no_phase4_no_cps
ddpm_mean,0,hidden_breakaway_pin,312000,0,10,0.20833333333333334,0.20833333333333334,0.0,0,0.0,nan,nan,0.04031641036272049,0.040965110063552856,0.017803452908992767,hidden_high_friction,0,nan,-1,-1,,nan,nan,nan,nan,nan,nan,nan,0.19460614025592804,0.0,0.5447018146514893,-0.006060469895601273,0.5359198451042175,-0.017992695793509483,0.014815566129982471,nan,nan,nan,phase3_12_compat_selection_no_phase4_no_cps
ddpm_mean,0,hidden_breakaway_pin,312000,0,11,0.20833333333333334,0.20833333333333334,0.0,0,0.0,nan,nan,0.04034009203314781,0.04210636392235756,0.01835527829825878,hidden_high_friction,0,nan,-1,-1,,nan,nan,nan,nan,nan,nan,nan,0.1778096854686737,0.0,0.5431154370307922,0.02198970504105091,0.5201181173324585,0.028174351900815964,0.023814421147108078,nan,nan,nan,phase3_12_compat_selection_no_phase4_no_cps
ddpm_mean,0,hidden_breakaway_pin,312000,0,12,0.20833333333333334,0.20833333333333334,0.0,0,0.0,nan,nan,0.04007325321435928,0.04374215006828308,0.022391807287931442,hidden_breakaway_pin,1,nan,-1,-1,,nan,nan,nan,nan,nan,nan,nan,0.19749058783054352,0.0,0.5427758693695068,-0.001406041905283928,0.5255241394042969,0.0002490673214197159,0.017330942675471306,nan,nan,nan,phase3_12_compat_selection_no_phase4_no_cps
ddpm_mean,0,hidden_breakaway_pin,312000,0,13,0.20833333333333334,0.20833333333333334,0.0,0,0.0,nan,nan,0.04033037647604942,0.043011873960494995,0.018954649567604065,hidden_high_friction,0,nan,-1,-1,,nan,nan,nan,nan,nan,nan,nan,0.20379720628261566,0.0,0.545640230178833,0.016005782410502434,0.5382724404335022,0.014593619853258133,0.007501901593059301,nan,nan,nan,phase3_12_compat_selection_no_phase4_no_cps
ddpm_mean,0,hidden_breakaway_pin,312000,0,14,0.20833333333333334,0.20833333333333334,0.0,0,0.0,nan,nan,0.03974836692214012,0.04497234895825386,0.023732276633381844,hidden_breakaway_pin,1,nan,-1,-1,,nan,nan,nan,nan,nan,nan,nan,0.17959599196910858,0.0,0.540165901184082,0.014361409470438957,0.516613781452179,0.022587522864341736,0.02494737133383751,nan,nan,nan,phase3_12_compat_selection_no_phase4_no_cps
ddpm_mean,0,hidden_breakaway_pin,312000,0,15,0.20833333333333334,0.20833333333333334,0.0,0,0.0,nan,nan,0.04033007472753525,0.04301536828279495,0.022769296541810036,hidden_breakaway_pin,1,nan,-1,-1,,nan,nan,nan,nan,nan,nan,nan,0.22239995002746582,0.0,0.5239232778549194,-0.0191598329693079,0.5017428398132324,-0.03306717798113823,0.026179879903793335,nan,nan,nan,phase3_12_compat_selection_no_phase4_no_cps
ddpm_mean,0,hidden_breakaway_pin,312001,1,0,0.0,0.0,0.0,0,0.0,nan,nan,0.0401402972638607,0.04222612455487251,0.018689816817641258,hidden_high_friction,0,nan,-1,-1,,nan,nan,nan,nan,nan,nan,nan,0.56495201587677,0.0,0.600513219833374,-0.4425927698612213,0.5054073929786682,0.0684330016374588,0.5198004245758057,nan,nan,nan,phase3_12_compat_selection_no_phase4_no_cps
ddpm_mean,0,hidden_breakaway_pin,312001,1,1,0.0,0.0,0.0,0,0.0,nan,nan,0.03993643820285797,0.045546755194664,0.02385338395833969,hidden_breakaway_pin,1,nan,-1,-1,,nan,nan,nan,nan,nan,nan,nan,0.1620398759841919,0.0,0.5506166219711304,-0.1220974549651146,0.5050426125526428,-0.005022140219807625,0.1256328821182251,nan,nan,nan,phase3_12_compat_selection_no_phase4_no_cps
ddpm_mean,0,hidden_breakaway_pin,312001,1,2,0.0,0.0,0.0,0,0.0,nan,nan,0.0400581955909729,0.045022379606962204,0.01967957615852356,hidden_high_friction,0,nan,-1,-1,,nan,nan,nan,nan,nan,nan,nan,0.19932453334331512,0.0,0.5458319783210754,-0.04125566780567169,0.4989318251609802,0.014431800693273544,0.07280603051185608,nan,nan,nan,phase3_12_compat_selection_no_phase4_no_cps
ddpm_mean,0,hidden_breakaway_pin,312001,1,3,0.0,0.0,0.0,0,0.0,nan,nan,0.040373869240283966,0.044038351625204086,0.019331494346261024,hidden_high_friction,0,nan,-1,-1,,nan,nan,nan,nan,nan,nan,nan,0.11940433084964752,0.0,0.5139390230178833,0.029462279751896858,0.5145958662033081,0.01760585978627205,0.011874600313603878,nan,nan,nan,phase3_12_compat_selection_no_phase4_no_cps
ddpm_mean,0,hidden_breakaway_pin,312001,1,4,0.0,0.0,0.0,0,0.0,nan,nan,0.04044658690690994,0.0423506423830986,0.019639357924461365,hidden_high_friction,0,nan,-1,-1,,nan,nan,nan,nan,nan,nan,nan,0.16622541844844818,0.0,0.5114074945449829,0.024546829983592033,0.5101484656333923,0.011623106896877289,0.012984905391931534,nan,nan,nan,phase3_12_compat_selection_no_phase4_no_cps
ddpm_mean,0,hidden_breakaway_pin,312001,1,5,0.0,0.0,0.0,0,0.0,nan,nan,0.04037397354841232,0.04544453322887421,0.023407818749547005,hidden_breakaway_pin,1,nan,-1,-1,,nan,nan,nan,nan,nan,nan,nan,0.10362258553504944,0.0,0.507481575012207,0.0120451170951128,0.5286528468132019,-0.02084461972117424,0.03911467269062996,nan,nan,nan,phase3_12_compat_selection_no_phase4_no_cps
ddpm_mean,0,hidden_breakaway_pin,312001,1,6,0.0,0.0,0.0,0,0.0,nan,nan,0.039932310581207275,0.04467713087797165,0.023276273161172867,hidden_breakaway_pin,1,nan,-1,-1,,nan,nan,nan,nan,nan,nan,nan,0.13190975785255432,0.0,0.5003390312194824,-0.005890732631087303,0.5366249084472656,-0.05014238506555557,0.0572265088558197,nan,nan,nan,phase3_12_compat_selection_no_phase4_no_cps
ddpm_mean,0,hidden_breakaway_pin,312001,1,7,0.0,0.0,0.0,0,0.0,nan,nan,0.040725354105234146,0.04373488202691078,0.018943384289741516,hidden_high_friction,0,nan,-1,-1,,nan,nan,nan,nan,nan,nan,nan,0.19127920269966125,0.0,0.5311127305030823,0.03701859712600708,0.5486280918121338,0.03484748303890228,0.01764940842986107,nan,nan,nan,phase3_12_compat_selection_no_phase4_no_cps
ddpm_mean,0,hidden_breakaway_pin,312001,1,8,0.0,0.0,0.0,0,0.0,nan,nan,0.04023902490735054,0.04511312395334244,0.023336902260780334,hidden_breakaway_pin,1,nan,-1,-1,,nan,nan,nan,nan,nan,nan,nan,0.09609521925449371,0.0,0.5213919878005981,0.009835595265030861,0.5224605202674866,-0.01220007985830307,0.02206156775355339,nan,nan,nan,phase3_12_compat_selection_no_phase4_no_cps
ddpm_mean,0,hidden_breakaway_pin,312001,1,9,0.0,0.0,0.0,0,0.0,nan,nan,0.04024089500308037,0.041106704622507095,0.017857735976576805,hidden_high_friction,0,nan,-1,-1,,nan,nan,nan,nan,nan,nan,nan,0.14130786061286926,0.0,0.5326724052429199,0.012962808832526207,0.5441005229949951,0.00022603385150432587,0.01711219735443592,nan,nan,nan,phase3_12_compat_selection_no_phase4_no_cps
ddpm_mean,0,hidden_breakaway_pin,312001,1,10,0.0,0.0,0.0,0,0.0,nan,nan,0.04029560461640358,0.04225536808371544,0.01820349134504795,hidden_high_friction,0,nan,-1,-1,,nan,nan,nan,nan,nan,nan,nan,0.17344383895397186,0.0,0.540094256401062,0.031917132437229156,0.5281014442443848,0.03425703942775726,0.01221894845366478,nan,nan,nan,phase3_12_compat_selection_no_phase4_no_cps
ddpm_mean,0,hidden_breakaway_pin,312001,1,11,0.0,0.0,0.0,0,0.0,nan,nan,0.03983898088335991,0.04454544186592102,0.02264353074133396,hidden_breakaway_pin,1,nan,-1,-1,,nan,nan,nan,nan,nan,nan,nan,0.1386282742023468,0.0,0.5327152013778687,0.007656022906303406,0.508617639541626,0.00440649688243866,0.024315671995282173,nan,nan,nan,phase3_12_compat_selection_no_phase4_no_cps
ddpm_mean,0,hidden_breakaway_pin,312001,1,12,0.0,0.0,0.0,0,0.0,nan,nan,0.04013283923268318,0.04283575341105461,0.019208045676350594,hidden_high_friction,0,nan,-1,-1,,nan,nan,nan,nan,nan,nan,nan,0.17272192239761353,0.0,0.5420539379119873,0.027308614924550056,0.5267906785011292,0.03085247054696083,0.015669269487261772,nan,nan,nan,phase3_12_compat_selection_no_phase4_no_cps
ddpm_mean,0,hidden_breakaway_pin,312001,1,13,0.0,0.0,0.0,0,0.0,nan,nan,0.03970896452665329,0.044427160173654556,0.019980210810899734,hidden_high_friction,0,nan,-1,-1,,nan,nan,nan,nan,nan,nan,nan,0.13785220682621002,0.0,0.538277804851532,0.021606801077723503,0.5173104405403137,0.02259582281112671,0.020990677177906036,nan,nan,nan,phase3_12_compat_selection_no_phase4_no_cps
ddpm_mean,0,hidden_breakaway_pin,312001,1,14,0.0,0.0,0.0,0,0.0,nan,nan,0.04013748839497566,0.043028123676776886,0.022360991686582565,hidden_breakaway_pin,1,nan,-1,-1,,nan,nan,nan,nan,nan,nan,nan,0.12593740224838257,0.0,0.527450680732727,-0.001501208171248436,0.513332188129425,-0.014646559953689575,0.019290726631879807,nan,nan,nan,phase3_12_compat_selection_no_phase4_no_cps
ddpm_mean,0,hidden_breakaway_pin,312001,1,15,0.0,0.0,0.0,0,0.0,nan,nan,0.04076473042368889,0.03924763947725296,0.01704850047826767,hidden_high_friction,0,nan,-1,-1,,nan,nan,nan,nan,nan,nan,nan,0.1281294971704483,0.0,0.5254957675933838,0.01726567931473255,0.5075424909591675,0.0020478926599025726,0.02353510633111,nan,nan,nan,phase3_12_compat_selection_no_phase4_no_cps
ddpm_mean,0,hidden_breakaway_pin,312002,2,0,0.0,0.16666666666666666,0.16666666666666666,0,0.16666666666666666,nan,nan,0.039623115211725235,0.04457591846585274,0.02359127812087536,hidden_breakaway_pin,1,nan,-1,-1,,nan,nan,nan,nan,nan,nan,nan,0.5532121658325195,0.0,0.3241642117500305,0.19661258161067963,0.5507821440696716,-0.05027876794338226,0.3351283669471741,nan,nan,nan,phase3_12_compat_selection_no_phase4_no_cps
ddpm_mean,0,hidden_breakaway_pin,312002,2,1,0.16666666666666666,0.16666666666666666,0.0,0,0.0,nan,nan,0.021290818229317665,0.08439972996711731,0.04128414765000343,hidden_breakaway_pin,1,nan,-1,-1,,nan,nan,nan,nan,nan,nan,nan,0.6910696029663086,0.0,0.4208027124404907,0.07270444184541702,0.4802352488040924,-0.101502925157547,0.18406637012958527,nan,nan,nan,phase3_12_compat_selection_no_phase4_no_cps
ddpm_mean,0,hidden_breakaway_pin,312002,2,2,0.16666666666666666,0.16666666666666666,0.0,0,0.0,nan,nan,0.019034193828701973,0.0880407765507698,0.04629754647612572,hidden_high_friction,0,nan,-1,-1,,nan,nan,nan,nan,nan,nan,nan,0.6184139251708984,0.0,0.4613933563232422,0.058805033564567566,0.46802306175231934,-0.03490776941180229,0.09394702315330505,nan,nan,nan,phase3_12_compat_selection_no_phase4_no_cps
ddpm_mean,0,hidden_breakaway_pin,312002,2,3,0.16666666666666666,0.16666666666666666,0.0,0,0.0,nan,nan,0.02378496527671814,0.07967717945575714,0.03967059776186943,hidden_high_friction,0,nan,-1,-1,,nan,nan,nan,nan,nan,nan,nan,0.6487075686454773,0.0,0.48300305008888245,0.022619703784585,0.44845837354660034,-0.059527188539505005,0.08911479264497757,nan,nan,nan,phase3_12_compat_selection_no_phase4_no_cps
ddpm_mean,0,hidden_breakaway_pin,312002,2,4,0.16666666666666666,0.16666666666666666,0.0,0,0.0,nan,nan,0.03973691537976265,0.0464823916554451,0.02412021905183792,hidden_breakaway_pin,1,nan,-1,-1,,nan,nan,nan,nan,nan,nan,nan,0.1930534392595291,0.0,0.5106500387191772,-0.025466762483119965,0.5498514175415039,-0.030667182058095932,0.03954481706023216,nan,nan,nan,phase3_12_compat_selection_no_phase4_no_cps
ddpm_mean,0,hidden_breakaway_pin,312002,2,5,0.16666666666666666,0.16666666666666666,0.0,0,0.0,nan,nan,0.039810068905353546,0.04517628997564316,0.023545097559690475,hidden_breakaway_pin,1,nan,-1,-1,,nan,nan,nan,nan,nan,nan,nan,0.25546926259994507,0.0,0.4977899491786957,-0.03047153726220131,0.5522779822349548,-0.0488106943666935,0.0574914813041687,nan,nan,nan,phase3_12_compat_selection_no_phase4_no_cps
ddpm_mean,0,hidden_breakaway_pin,312002,2,6,0.16666666666666666,0.16666666666666666,0.0,0,0.0,nan,nan,0.04064967483282089,0.04440218582749367,0.019427452236413956,hidden_high_friction,0,nan,-1,-1,,nan,nan,nan,nan,nan,nan,nan,0.23326203227043152,0.0,0.5072394609451294,0.006147969514131546,0.5540972352027893,0.008877739310264587,0.04693721979856491,nan,nan,nan,phase3_12_compat_selection_no_phase4_no_cps
ddpm_mean,0,hidden_breakaway_pin,312002,2,7,0.16666666666666666,0.16666666666666666,0.0,0,0.0,nan,nan,0.040137529373168945,0.046525873243808746,0.02429182082414627,hidden_breakaway_pin,1,nan,-1,-1,,nan,nan,nan,nan,nan,nan,nan,0.23876447975635529,0.0,0.49350398778915405,-0.015349711291491985,0.5325707793235779,-0.03254339471459389,0.04268298298120499,nan,nan,nan,phase3_12_compat_selection_no_phase4_no_cps
ddpm_mean,0,hidden_breakaway_pin,312002,2,8,0.16666666666666666,0.125,-0.04166666666666666,0,-0.04166666666666666,nan,nan,0.04021722823381424,0.04224453121423721,0.018478715792298317,hidden_high_friction,0,nan,-1,-1,,nan,nan,nan,nan,nan,nan,nan,0.22771799564361572,0.0,0.5022038221359253,-0.005293460562825203,0.5526401996612549,-0.03515549749135971,0.05861372873187065,nan,nan,nan,phase3_12_compat_selection_no_phase4_no_cps
ddpm_mean,0,hidden_breakaway_pin,312002,2,9,0.125,0.125,0.0,0,0.0,nan,nan,0.039802856743335724,0.044372498989105225,0.01958192139863968,hidden_high_friction,0,nan,-1,-1,,nan,nan,nan,nan,nan,nan,nan,0.2205599546432495,0.0,0.5202851891517639,0.0028894171118736267,0.5482467412948608,-0.00012916140258312225,0.028124015778303146,nan,nan,nan,phase3_12_compat_selection_no_phase4_no_cps
ddpm_mean,0,hidden_breakaway_pin,312002,2,10,0.125,0.125,0.0,0,0.0,nan,nan,0.0391499400138855,0.045938923954963684,0.022764692083001137,hidden_breakaway_pin,1,nan,-1,-1,,nan,nan,nan,nan,nan,nan,nan,0.15621815621852875,0.0,0.509774386882782,-0.01547115109860897,0.5328563451766968,-0.02490638568997383,0.024935927242040634,nan,nan,nan,phase3_12_compat_selection_no_phase4_no_cps
ddpm_mean,0,hidden_breakaway_pin,312002,2,11,0.125,0.125,0.0,0,0.0,nan,nan,0.04000112786889076,0.04279659315943718,0.019847163930535316,hidden_high_friction,0,nan,-1,-1,,nan,nan,nan,nan,nan,nan,nan,0.212641179561615,0.0,0.5219919681549072,0.009864183142781258,0.5414717197418213,0.004821699112653732,0.02012181282043457,nan,nan,nan,phase3_12_compat_selection_no_phase4_no_cps
ddpm_mean,0,hidden_breakaway_pin,312002,2,12,0.125,0.125,0.0,0,0.0,nan,nan,0.03951298072934151,0.04390321671962738,0.019959213212132454,hidden_high_friction,0,nan,-1,-1,,nan,nan,nan,nan,nan,nan,nan,0.20598001778125763,0.0,0.5158872604370117,-0.0004887450486421585,0.5342085957527161,0.010982979089021683,0.02161647006869316,nan,nan,nan,phase3_12_compat_selection_no_phase4_no_cps
ddpm_mean,0,hidden_breakaway_pin,312002,2,13,0.125,0.125,0.0,0,0.0,nan,nan,0.040368661284446716,0.043256726115942,0.022733818739652634,hidden_breakaway_pin,1,nan,-1,-1,,nan,nan,nan,nan,nan,nan,nan,0.18958717584609985,0.0,0.503611147403717,-0.03201289102435112,0.5156868696212769,-0.038649968802928925,0.013779472559690475,nan,nan,nan,phase3_12_compat_selection_no_phase4_no_cps
ddpm_mean,0,hidden_breakaway_pin,312002,2,14,0.125,0.125,0.0,0,0.0,nan,nan,0.04085512086749077,0.03814147412776947,0.01692681573331356,hidden_high_friction,0,nan,-1,-1,,nan,nan,nan,nan,nan,nan,nan,0.21985118091106415,0.0,0.5150107741355896,-0.001437181606888771,0.5188797116279602,-0.009435683488845825,0.008885083720088005,nan,nan,nan,phase3_12_compat_selection_no_phase4_no_cps
ddpm_mean,0,hidden_breakaway_pin,312002,2,15,0.125,0.125,0.0,0,0.0,nan,nan,0.04049590602517128,0.043673042207956314,0.01899322308599949,hidden_high_friction,0,nan,-1,-1,,nan,nan,nan,nan,nan,nan,nan,0.21090853214263916,0.0,0.5160330533981323,0.010198699310421944,0.5175697207450867,0.018713943660259247,0.008652787655591965,nan,nan,nan,phase3_12_compat_selection_no_phase4_no_cps
ddpm_mean,0,hidden_high_friction,312000,0,0,0.0,0.0,0.0,0,0.0,nan,nan,0.03851219639182091,0.0491049587726593,0.02158004231750965,hidden_high_friction,1,nan,-1,-1,,nan,nan,nan,nan,nan,nan,nan,0.8785303831100464,0.0,0.7794570922851562,-0.1107434555888176,0.4968906342983246,0.0028550103306770325,0.3045462369918823,nan,nan,nan,phase3_12_compat_selection_no_phase4_no_cps
ddpm_mean,0,hidden_high_friction,312000,0,1,0.0,0.0,0.0,0,0.0,nan,nan,0.03456883504986763,0.05983532965183258,0.02797860838472843,hidden_high_friction,1,nan,-1,-1,,nan,nan,nan,nan,nan,nan,nan,0.7500053644180298,0.0,0.7549360394477844,-0.11367890983819962,0.5494826436042786,-0.05028503015637398,0.2150113433599472,nan,nan,nan,phase3_12_compat_selection_no_phase4_no_cps
ddpm_mean,0,hidden_high_friction,312000,0,2,0.0,0.0,0.0,0,0.0,nan,nan,0.033438779413700104,0.06030769273638725,0.02872071973979473,hidden_high_friction,1,nan,-1,-1,,nan,nan,nan,nan,nan,nan,nan,0.7088473439216614,0.0,0.6803174614906311,-0.0675726905465126,0.5191682577133179,-0.06819221377372742,0.16115039587020874,nan,nan,nan,phase3_12_compat_selection_no_phase4_no_cps
ddpm_mean,0,hidden_high_friction,312000,0,3,0.0,0.0,0.0,0,0.0,nan,nan,0.03485926240682602,0.057652223855257034,0.028646079823374748,hidden_breakaway_pin,0,nan,-1,-1,,nan,nan,nan,nan,nan,nan,nan,0.45067018270492554,0.0,0.6555441617965698,-0.017699923366308212,0.42398250102996826,0.0032346025109291077,0.23250603675842285,nan,nan,nan,phase3_12_compat_selection_no_phase4_no_cps
ddpm_mean,0,hidden_high_friction,312000,0,4,0.0,0.0,0.0,0,0.0,nan,nan,0.04017065465450287,0.04522630199790001,0.02009352296590805,free,0,nan,-1,-1,,nan,nan,nan,nan,nan,nan,nan,0.3919018805027008,0.0,0.617398202419281,-0.00759999081492424,0.45849090814590454,0.017474282532930374,0.1608733832836151,nan,nan,nan,phase3_12_compat_selection_no_phase4_no_cps
ddpm_mean,0,hidden_high_friction,312000,0,5,0.0,0.0,0.0,0,0.0,nan,nan,0.04021063446998596,0.04407791793346405,0.02030053362250328,hidden_high_friction,1,nan,-1,-1,,nan,nan,nan,nan,nan,nan,nan,0.3312145173549652,0.0,0.6300520300865173,-0.009418617933988571,0.4516248106956482,0.014959529042243958,0.18008488416671753,nan,nan,nan,phase3_12_compat_selection_no_phase4_no_cps
ddpm_mean,0,hidden_high_friction,312000,0,6,0.0,0.0,0.0,0,0.0,nan,nan,0.040020786225795746,0.04656042531132698,0.024390490725636482,hidden_breakaway_pin,0,nan,-1,-1,,nan,nan,nan,nan,nan,nan,nan,0.3196071684360504,0.0,0.639550507068634,-0.04157435521483421,0.4769555330276489,-0.015138344839215279,0.164730042219162,nan,nan,nan,phase3_12_compat_selection_no_phase4_no_cps
ddpm_mean,0,hidden_high_friction,312000,0,7,0.0,0.0,0.0,0,0.0,nan,nan,0.03971907123923302,0.04493332654237747,0.020712079480290413,hidden_high_friction,1,nan,-1,-1,,nan,nan,nan,nan,nan,nan,nan,0.3378543555736542,0.0,0.6379257440567017,-0.04042549431324005,0.48453667759895325,-0.021225951611995697,0.15458598732948303,nan,nan,nan,phase3_12_compat_selection_no_phase4_no_cps
ddpm_mean,0,hidden_high_friction,312000,0,8,0.0,0.0,0.0,0,0.0,nan,nan,0.04060836136341095,0.04579726606607437,0.02371969446539879,hidden_breakaway_pin,0,nan,-1,-1,,nan,nan,nan,nan,nan,nan,nan,0.31290847063064575,0.0,0.6391633152961731,-0.026446938514709473,0.48437264561653137,0.01274743303656578,0.15967576205730438,nan,nan,nan,phase3_12_compat_selection_no_phase4_no_cps
ddpm_mean,0,hidden_high_friction,312000,0,9,0.0,0.0,0.0,0,0.0,nan,nan,0.04007389768958092,0.046857740730047226,0.024216121062636375,hidden_breakaway_pin,0,nan,-1,-1,,nan,nan,nan,nan,nan,nan,nan,0.30907559394836426,0.0,0.6297639012336731,-0.02409163862466812,0.4680410623550415,-0.009760981425642967,0.16235652565956116,nan,nan,nan,phase3_12_compat_selection_no_phase4_no_cps
ddpm_mean,0,hidden_high_friction,312000,0,10,0.0,0.0,0.0,0,0.0,nan,nan,0.040089480578899384,0.043615952134132385,0.018386244773864746,hidden_high_friction,1,nan,-1,-1,,nan,nan,nan,nan,nan,nan,nan,0.33816248178482056,0.0,0.6395337581634521,-0.03143848478794098,0.48200586438179016,-0.020795851945877075,0.15788699686527252,nan,nan,nan,phase3_12_compat_selection_no_phase4_no_cps
ddpm_mean,0,hidden_high_friction,312000,0,11,0.0,0.0,0.0,0,0.0,nan,nan,0.04021395742893219,0.04282005503773689,0.01884777657687664,hidden_high_friction,1,nan,-1,-1,,nan,nan,nan,nan,nan,nan,nan,0.32684826850891113,0.0,0.6394143104553223,-0.011065671220421791,0.47348707914352417,0.029575251042842865,0.17083187401294708,nan,nan,nan,phase3_12_compat_selection_no_phase4_no_cps
ddpm_mean,0,hidden_high_friction,312000,0,12,0.0,0.0,0.0,0,0.0,nan,nan,0.03972647711634636,0.04423343017697334,0.022502804175019264,hidden_breakaway_pin,0,nan,-1,-1,,nan,nan,nan,nan,nan,nan,nan,0.3348548412322998,0.0,0.6307376027107239,-0.027217663824558258,0.46973422169685364,0.014804482460021973,0.16639696061611176,nan,nan,nan,phase3_12_compat_selection_no_phase4_no_cps
ddpm_mean,0,hidden_high_friction,312000,0,13,0.0,0.0,0.0,0,0.0,nan,nan,0.04012647643685341,0.04429727420210838,0.01978948526084423,hidden_high_friction,1,nan,-1,-1,,nan,nan,nan,nan,nan,nan,nan,0.3452109396457672,0.0,0.6383260488510132,-0.01827244460582733,0.4800052046775818,0.013617921620607376,0.1615007221698761,nan,nan,nan,phase3_12_compat_selection_no_phase4_no_cps
ddpm_mean,0,hidden_high_friction,312000,0,14,0.0,0.0,0.0,0,0.0,nan,nan,0.03955381363630295,0.04576520249247551,0.02412542700767517,hidden_breakaway_pin,0,nan,-1,-1,,nan,nan,nan,nan,nan,nan,nan,0.315030038356781,0.0,0.6301018595695496,-0.01965838298201561,0.4566042125225067,0.02635541558265686,0.1794956922531128,nan,nan,nan,phase3_12_compat_selection_no_phase4_no_cps
ddpm_mean,0,hidden_high_friction,312000,0,15,0.0,0.0,0.0,0,0.0,nan,nan,0.04009342938661575,0.04317842796444893,0.022740410640835762,hidden_breakaway_pin,0,nan,-1,-1,,nan,nan,nan,nan,nan,nan,nan,0.3288278579711914,0.0,0.6289418339729309,-0.025418587028980255,0.4616762697696686,0.01280159130692482,0.17157666385173798,nan,nan,nan,phase3_12_compat_selection_no_phase4_no_cps
ddpm_mean,0,hidden_high_friction,312001,1,0,0.0,0.0,0.0,0,0.0,nan,nan,0.038669321686029434,0.04513992741703987,0.02123572677373886,hidden_high_friction,1,nan,-1,-1,,nan,nan,nan,nan,nan,nan,nan,0.5286264419555664,0.0,0.7327525615692139,0.10592057555913925,0.4889361262321472,-0.0037789419293403625,0.2673582434654236,nan,nan,nan,phase3_12_compat_selection_no_phase4_no_cps
ddpm_mean,0,hidden_high_friction,312001,1,1,0.0,0.0,0.0,0,0.0,nan,nan,0.027878638356924057,0.07108227163553238,0.034890588372945786,hidden_high_friction,1,nan,-1,-1,,nan,nan,nan,nan,nan,nan,nan,0.5033665895462036,0.0,0.7099894881248474,0.07470742613077164,0.4561423659324646,0.08816950768232346,0.25420382618904114,nan,nan,nan,phase3_12_compat_selection_no_phase4_no_cps
ddpm_mean,0,hidden_high_friction,312001,1,2,0.0,0.08333333333333333,0.08333333333333333,0,0.08333333333333333,nan,nan,0.024884626269340515,0.07658175379037857,0.03882777318358421,hidden_high_friction,1,nan,-1,-1,,nan,nan,nan,nan,nan,nan,nan,0.5864219069480896,0.0,0.6645854711532593,0.05107630044221878,0.4469834864139557,0.01075783371925354,0.22130566835403442,nan,nan,nan,phase3_12_compat_selection_no_phase4_no_cps
ddpm_mean,0,hidden_high_friction,312001,1,3,0.08333333333333333,0.08333333333333333,0.0,0,0.0,nan,nan,0.025960611179471016,0.07474604994058609,0.03614717349410057,hidden_high_friction,1,nan,-1,-1,,nan,nan,nan,nan,nan,nan,nan,0.7152605652809143,0.0,0.6139338612556458,0.06878574192523956,0.46614718437194824,0.05282605439424515,0.14864593744277954,nan,nan,nan,phase3_12_compat_selection_no_phase4_no_cps
ddpm_mean,0,hidden_high_friction,312001,1,4,0.08333333333333333,0.5416666666666666,0.4583333333333333,0,0.4583333333333333,nan,nan,0.03881111741065979,0.04789569601416588,0.02231249213218689,hidden_high_friction,1,nan,-1,-1,,nan,nan,nan,nan,nan,nan,nan,0.5075527429580688,0.0,0.5520578622817993,0.037348777055740356,0.42033135890960693,0.0009321831166744232,0.1366676241159439,nan,nan,nan,phase3_12_compat_selection_no_phase4_no_cps
ddpm_mean,0,hidden_high_friction,312001,1,5,0.5416666666666666,0.5416666666666666,0.0,0,0.0,nan,nan,0.030384423211216927,0.07084308564662933,0.03494725376367569,hidden_breakaway_pin,0,nan,-1,-1,,nan,nan,nan,nan,nan,nan,nan,0.33322885632514954,0.0,0.5063089728355408,-0.03073529526591301,0.5147884488105774,-0.10109828412532806,0.07087207585573196,nan,nan,nan,phase3_12_compat_selection_no_phase4_no_cps
ddpm_mean,0,hidden_high_friction,312001,1,6,0.5416666666666666,0.5416666666666666,0.0,0,0.0,nan,nan,0.026614589616656303,0.07217051088809967,0.03584826737642288,hidden_high_friction,1,nan,-1,-1,,nan,nan,nan,nan,nan,nan,nan,0.2332022339105606,0.0,0.47160476446151733,0.031132275238633156,0.48217275738716125,0.022824130952358246,0.013442757539451122,nan,nan,nan,phase3_12_compat_selection_no_phase4_no_cps
ddpm_mean,0,hidden_high_friction,312001,1,7,0.5416666666666666,0.5833333333333334,0.04166666666666674,0,0.04166666666666674,nan,nan,0.02787422575056553,0.07121390849351883,0.03594709932804108,hidden_high_friction,1,nan,-1,-1,,nan,nan,nan,nan,nan,nan,nan,0.24160408973693848,0.0,0.4661826491355896,0.01894967071712017,0.5093876123428345,-0.061520203948020935,0.09133493155241013,nan,nan,nan,phase3_12_compat_selection_no_phase4_no_cps
ddpm_mean,0,hidden_high_friction,312001,1,8,0.5833333333333334,0.0,-0.5833333333333334,0,-0.5833333333333334,nan,nan,0.02704337053000927,0.07210797816514969,0.03662007674574852,hidden_breakaway_pin,0,nan,-1,-1,,nan,nan,nan,nan,nan,nan,nan,0.2724705934524536,0.0,0.4631941020488739,0.040671586990356445,0.582136332988739,-0.05512545630335808,0.1527230441570282,nan,nan,nan,phase3_12_compat_selection_no_phase4_no_cps
ddpm_mean,0,hidden_high_friction,312001,1,9,0.0,0.041666666666666664,0.041666666666666664,0,0.041666666666666664,nan,nan,0.023552803322672844,0.07701830565929413,0.03742479160428047,hidden_breakaway_pin,0,nan,-1,-1,,nan,nan,nan,nan,nan,nan,nan,0.2198735624551773,0.0,0.521763026714325,0.009864931926131248,0.5329865217208862,-0.0013336651027202606,0.01585482433438301,nan,nan,nan,phase3_12_compat_selection_no_phase4_no_cps
ddpm_mean,0,hidden_high_friction,312001,1,10,0.041666666666666664,0.16666666666666666,0.125,0,0.125,nan,nan,0.023400556296110153,0.08141803741455078,0.04000351205468178,free,0,nan,-1,-1,,nan,nan,nan,nan,nan,nan,nan,0.30486026406288147,0.0,0.562408983707428,0.03828727453947067,0.5835153460502625,0.03759254515171051,0.021117793396115303,nan,nan,nan,phase3_12_compat_selection_no_phase4_no_cps
ddpm_mean,0,hidden_high_friction,312001,1,11,0.16666666666666666,0.16666666666666666,0.0,0,0.0,nan,nan,0.02599835954606533,0.0760868564248085,0.037129972130060196,hidden_high_friction,1,nan,-1,-1,,nan,nan,nan,nan,nan,nan,nan,0.14777772128582,0.0,0.5313016176223755,0.015658417716622353,0.48088550567626953,0.044965460896492004,0.05831541121006012,nan,nan,nan,phase3_12_compat_selection_no_phase4_no_cps
ddpm_mean,0,hidden_high_friction,312001,1,12,0.16666666666666666,0.20833333333333334,0.041666666666666685,0,0.041666666666666685,nan,nan,0.035283412784338,0.053097162395715714,0.025774648413062096,hidden_high_friction,1,nan,-1,-1,,nan,nan,nan,nan,nan,nan,nan,0.2384711056947708,0.0,0.5459646582603455,0.023197779431939125,0.5612466931343079,0.05540081113576889,0.03564513847231865,nan,nan,nan,phase3_12_compat_selection_no_phase4_no_cps
ddpm_mean,0,hidden_high_friction,312001,1,13,0.20833333333333334,0.20833333333333334,0.0,0,0.0,nan,nan,0.03778296709060669,0.050446730107069016,0.02252689003944397,hidden_high_friction,1,nan,-1,-1,,nan,nan,nan,nan,nan,nan,nan,0.13202428817749023,0.0,0.5261591672897339,0.011581828817725182,0.5041348338127136,0.03097428008913994,0.029345160350203514,nan,nan,nan,phase3_12_compat_selection_no_phase4_no_cps
ddpm_mean,0,hidden_high_friction,312001,1,14,0.20833333333333334,0.20833333333333334,0.0,0,0.0,nan,nan,0.039570555090904236,0.04651955887675285,0.02409338764846325,hidden_breakaway_pin,0,nan,-1,-1,,nan,nan,nan,nan,nan,nan,nan,0.12657533586025238,0.0,0.5284757614135742,-0.014180569909512997,0.5349674820899963,-0.0007998086512088776,0.014872363768517971,nan,nan,nan,phase3_12_compat_selection_no_phase4_no_cps
ddpm_mean,0,hidden_high_friction,312001,1,15,0.20833333333333334,0.20833333333333334,0.0,0,0.0,nan,nan,0.036521151661872864,0.04885253682732582,0.023055613040924072,hidden_high_friction,1,nan,-1,-1,,nan,nan,nan,nan,nan,nan,nan,0.17065544426441193,0.0,0.5425072908401489,0.031033864244818687,0.5271509289741516,0.03595578670501709,0.01612585410475731,nan,nan,nan,phase3_12_compat_selection_no_phase4_no_cps
ddpm_mean,0,hidden_high_friction,312002,2,0,0.041666666666666664,0.25,0.20833333333333334,0,0.20833333333333334,nan,nan,0.040383100509643555,0.04311276972293854,0.02302100881934166,hidden_breakaway_pin,0,nan,-1,-1,,nan,nan,nan,nan,nan,nan,nan,0.42964106798171997,0.0,0.5551250576972961,0.251701295375824,0.5077191591262817,-0.05445795878767967,0.309807687997818,nan,nan,nan,phase3_12_compat_selection_no_phase4_no_cps
ddpm_mean,0,hidden_high_friction,312002,2,1,0.25,0.0,-0.25,0,-0.25,nan,nan,0.04029621183872223,0.04435301572084427,0.023651771247386932,hidden_breakaway_pin,0,nan,-1,-1,,nan,nan,nan,nan,nan,nan,nan,0.36577460169792175,0.0,0.5436647534370422,0.1402592808008194,0.5231682062149048,-0.0303508210927248,0.17183688282966614,nan,nan,nan,phase3_12_compat_selection_no_phase4_no_cps
ddpm_mean,0,hidden_high_friction,312002,2,2,0.0,0.0,0.0,0,0.0,nan,nan,0.040377162396907806,0.045009762048721313,0.020016934722661972,free,0,nan,-1,-1,,nan,nan,nan,nan,nan,nan,nan,0.17354948818683624,0.0,0.5075706243515015,0.029745453968644142,0.5355628132820129,-0.018064633011817932,0.055401865392923355,nan,nan,nan,phase3_12_compat_selection_no_phase4_no_cps
ddpm_mean,0,hidden_high_friction,312002,2,3,0.0,0.0,0.0,0,0.0,nan,nan,0.03795783966779709,0.050340138375759125,0.02323886752128601,hidden_high_friction,1,nan,-1,-1,,nan,nan,nan,nan,nan,nan,nan,0.17682211101055145,0.0,0.5382540225982666,0.027026137337088585,0.5554031133651733,-0.0010139420628547668,0.032868485897779465,nan,nan,nan,phase3_12_compat_selection_no_phase4_no_cps
ddpm_mean,0,hidden_high_friction,312002,2,4,0.0,0.0,0.0,0,0.0,nan,nan,0.036303725093603134,0.05564774200320244,0.025887584313750267,hidden_high_friction,1,nan,-1,-1,,nan,nan,nan,nan,nan,nan,nan,0.25335294008255005,0.0,0.550194501876831,0.028050387278199196,0.5626301765441895,0.05247873812913895,0.027411499992012978,nan,nan,nan,phase3_12_compat_selection_no_phase4_no_cps
ddpm_mean,0,hidden_high_friction,312002,2,5,0.0,0.0,0.0,0,0.0,nan,nan,0.034431636333465576,0.05857906490564346,0.027138477191329002,hidden_high_friction,1,nan,-1,-1,,nan,nan,nan,nan,nan,nan,nan,0.23895825445652008,0.0,0.5359871983528137,-0.011179977096617222,0.5392430424690247,-0.02301524206995964,0.012274933978915215,nan,nan,nan,phase3_12_compat_selection_no_phase4_no_cps
ddpm_mean,0,hidden_high_friction,312002,2,6,0.0,0.0,0.0,0,0.0,nan,nan,0.039536479860544205,0.049618735909461975,0.025696424767374992,hidden_breakaway_pin,0,nan,-1,-1,,nan,nan,nan,nan,nan,nan,nan,0.07500773668289185,0.0,0.5277906060218811,-0.012178411707282066,0.520022988319397,-0.0341547355055809,0.023308683186769485,nan,nan,nan,phase3_12_compat_selection_no_phase4_no_cps
ddpm_mean,0,hidden_high_friction,312002,2,7,0.0,0.0,0.0,0,0.0,nan,nan,0.03913136199116707,0.04910227656364441,0.025853989645838737,hidden_breakaway_pin,0,nan,-1,-1,,nan,nan,nan,nan,nan,nan,nan,0.12121754884719849,0.0,0.5296579599380493,0.010926926508545876,0.5281254053115845,0.00011783093214035034,0.010917200706899166,nan,nan,nan,phase3_12_compat_selection_no_phase4_no_cps
ddpm_mean,0,hidden_high_friction,312002,2,8,0.0,0.0,0.0,0,0.0,nan,nan,0.03926117345690727,0.0458245612680912,0.01968253403902054,hidden_high_friction,1,nan,-1,-1,,nan,nan,nan,nan,nan,nan,nan,0.08990411460399628,0.0,0.528160572052002,-0.016080787405371666,0.5312767028808594,-0.042039379477500916,0.026144957169890404,nan,nan,nan,phase3_12_compat_selection_no_phase4_no_cps
ddpm_mean,0,hidden_high_friction,312002,2,9,0.0,0.0,0.0,0,0.0,nan,nan,0.03774021565914154,0.04821331053972244,0.022535348311066628,hidden_high_friction,1,nan,-1,-1,,nan,nan,nan,nan,nan,nan,nan,0.1747114062309265,0.0,0.5436830520629883,0.039108991622924805,0.5168846845626831,0.055195458233356476,0.03125583007931709,nan,nan,nan,phase3_12_compat_selection_no_phase4_no_cps
ddpm_mean,0,hidden_high_friction,312002,2,10,0.0,0.0,0.0,0,0.0,nan,nan,0.03700757771730423,0.051567934453487396,0.02300972491502762,hidden_high_friction,1,nan,-1,-1,,nan,nan,nan,nan,nan,nan,nan,0.12433335185050964,0.0,0.5205700993537903,0.0033450573682785034,0.48276954889297485,0.03830777108669281,0.05149051547050476,nan,nan,nan,phase3_12_compat_selection_no_phase4_no_cps
ddpm_mean,0,hidden_high_friction,312002,2,11,0.0,0.0,0.0,0,0.0,nan,nan,0.037144869565963745,0.049130797386169434,0.023113949224352837,hidden_high_friction,1,nan,-1,-1,,nan,nan,nan,nan,nan,nan,nan,0.1625509262084961,0.0,0.5344921350479126,0.017549587413668633,0.5261167883872986,0.050299204885959625,0.033803604543209076,nan,nan,nan,phase3_12_compat_selection_no_phase4_no_cps
ddpm_mean,0,hidden_high_friction,312002,2,12,0.0,0.0,0.0,0,0.0,nan,nan,0.038123950362205505,0.04973752796649933,0.025259356945753098,hidden_breakaway_pin,0,nan,-1,-1,,nan,nan,nan,nan,nan,nan,nan,0.05696950852870941,0.0,0.5116653442382812,-0.02388170175254345,0.5015276074409485,-0.027675243094563484,0.010824263095855713,nan,nan,nan,phase3_12_compat_selection_no_phase4_no_cps
ddpm_mean,0,hidden_high_friction,312002,2,13,0.0,0.0,0.0,0,0.0,nan,nan,0.038431279361248016,0.0493258461356163,0.026200538501143456,hidden_breakaway_pin,0,nan,-1,-1,,nan,nan,nan,nan,nan,nan,nan,0.15982165932655334,0.0,0.5074155330657959,-0.023308314383029938,0.5283475518226624,-0.021859120577573776,0.020982125774025917,nan,nan,nan,phase3_12_compat_selection_no_phase4_no_cps
ddpm_mean,0,hidden_high_friction,312002,2,14,0.0,0.0,0.0,0,0.0,nan,nan,0.038871049880981445,0.0450851209461689,0.020705385133624077,hidden_high_friction,1,nan,-1,-1,,nan,nan,nan,nan,nan,nan,nan,0.15851250290870667,0.0,0.5034925937652588,0.0162151288241148,0.49347180128097534,0.0018697865307331085,0.017498718574643135,nan,nan,nan,phase3_12_compat_selection_no_phase4_no_cps
ddpm_mean,0,hidden_high_friction,312002,2,15,0.0,0.0,0.0,0,0.0,nan,nan,0.038977086544036865,0.049534641206264496,0.022285494953393936,hidden_high_friction,1,nan,-1,-1,,nan,nan,nan,nan,nan,nan,nan,0.1096111610531807,0.0,0.5124523043632507,0.03676258772611618,0.5035882592201233,-0.00011677294969558716,0.03792965039610863,nan,nan,nan,phase3_12_compat_selection_no_phase4_no_cps
input_nearest,0,free,312000,0,0,0.0,0.0,0.0,0,0.0,nan,nan,0.038514234125614166,0.0,0.0,free,1,0.010398908518254757,268,268,free,0.010398908518254757,nan,nan,nan,nan,nan,nan,0.7419835329055786,0.0,0.32437366247177124,0.2456609606742859,0.6592490673065186,0.12770529091358185,0.35504236817359924,nan,nan,nan,phase3_12_compat_selection_no_phase4_no_cps
input_nearest,0,free,312000,0,1,0.0,0.0,0.0,0,0.0,nan,nan,0.038978274911642075,0.0,0.0,free,1,0.08340156078338623,572,572,free,0.08340156078338623,nan,nan,nan,nan,nan,nan,0.7873985767364502,0.0,0.44153347611427307,0.2035188227891922,0.4267812669277191,0.23123542964458466,0.03139805793762207,nan,nan,nan,phase3_12_compat_selection_no_phase4_no_cps
input_nearest,0,free,312000,0,2,0.0,0.0,0.0,0,0.0,nan,nan,0.03922433778643608,0.0,0.0,free,1,0.08156496286392212,572,572,free,0.08156496286392212,nan,nan,nan,nan,nan,nan,0.6270948052406311,0.0,0.5073599815368652,0.19147108495235443,0.4191865921020508,0.25526344776153564,0.10883019864559174,nan,nan,nan,phase3_12_compat_selection_no_phase4_no_cps
input_nearest,0,free,312000,0,3,0.0,0.0,0.0,0,0.0,nan,nan,0.04021638259291649,0.0,0.0,hidden_breakaway_pin,0,0.06391657143831253,571,571,hidden_breakaway_pin,0.06391657143831253,nan,nan,nan,nan,nan,nan,0.5503454208374023,0.0,0.6461596488952637,0.13322706520557404,0.567745566368103,0.17235031723976135,0.08763217180967331,nan,nan,nan,phase3_12_compat_selection_no_phase4_no_cps
input_nearest,0,free,312000,0,4,0.0,0.0,0.0,0,0.0,nan,nan,0.040351882576942444,0.0,0.0,hidden_breakaway_pin,0,0.06290189176797867,575,575,hidden_breakaway_pin,0.06290189176797867,nan,nan,nan,nan,nan,nan,0.5307092666625977,0.0,0.6374729871749878,0.12629765272140503,0.614922285079956,0.15776757895946503,0.03871550410985947,nan,nan,nan,phase3_12_compat_selection_no_phase4_no_cps
input_nearest,0,free,312000,0,5,0.0,0.0,0.0,0,0.0,nan,nan,0.04027959331870079,0.0,0.0,free,1,0.05909726768732071,572,572,free,0.05909726768732071,nan,nan,nan,nan,nan,nan,0.5428759455680847,0.0,0.5354735255241394,0.19069451093673706,0.422931969165802,0.2428361028432846,0.12403365224599838,nan,nan,nan,phase3_12_compat_selection_no_phase4_no_cps
input_nearest,0,free,312000,0,6,0.0,0.0,0.0,0,0.0,nan,nan,0.0398765467107296,0.0,0.0,hidden_breakaway_pin,0,0.06498687714338303,575,575,hidden_breakaway_pin,0.06498687714338303,nan,nan,nan,nan,nan,nan,0.5618316531181335,0.0,0.6499502658843994,0.18463364243507385,0.6040524244308472,0.15073314309120178,0.057060107588768005,nan,nan,nan,phase3_12_compat_selection_no_phase4_no_cps
input_nearest,0,free,312000,0,7,0.0,0.0,0.0,0,0.0,nan,nan,0.03928235545754433,0.0,0.0,hidden_pin,0,0.060277000069618225,569,569,hidden_pin,0.060277000069618225,nan,nan,nan,nan,nan,nan,0.968641459941864,0.0,0.7415879368782043,-0.38698166608810425,0.3706825077533722,0.27022498846054077,0.7546465992927551,nan,nan,nan,phase3_12_compat_selection_no_phase4_no_cps
input_nearest,0,free,312000,0,8,0.0,0.0,0.0,0,0.0,nan,nan,0.03995439410209656,0.0,0.0,hidden_high_friction,0,0.09688665717840195,574,574,hidden_high_friction,0.09688665717840195,nan,nan,nan,nan,nan,nan,0.5683501362800598,0.0,0.6210055947303772,0.19245949387550354,0.5418313145637512,0.15934093296527863,0.08582194149494171,nan,nan,nan,phase3_12_compat_selection_no_phase4_no_cps
input_nearest,0,free,312000,0,9,0.0,0.0,0.0,0,0.0,nan,nan,0.03917023539543152,0.0,0.0,free,1,0.10686460882425308,740,740,free,0.10686460882425308,nan,nan,nan,nan,nan,nan,0.6766125559806824,0.0,0.5433291792869568,0.3262919783592224,0.458591103553772,0.1939571648836136,0.15714021027088165,nan,nan,nan,phase3_12_compat_selection_no_phase4_no_cps
input_nearest,0,free,312000,0,10,0.0,0.0,0.0,0,0.0,nan,nan,0.03860713914036751,0.0,0.0,free,1,0.0980667695403099,568,568,free,0.0980667695403099,nan,nan,nan,nan,nan,nan,0.7652938961982727,0.0,0.7081835269927979,0.2665533721446991,0.6112845540046692,0.17469723522663116,0.13351763784885406,nan,nan,nan,phase3_12_compat_selection_no_phase4_no_cps
input_nearest,0,free,312000,0,11,0.0,0.0,0.0,0,0.0,nan,nan,0.03928283974528313,0.0,0.0,free,1,0.06944824010133743,572,572,free,0.06944824010133743,nan,nan,nan,nan,nan,nan,0.5758644938468933,0.0,0.5403413772583008,0.17385020852088928,0.4159258306026459,0.2586594820022583,0.15057171881198883,nan,nan,nan,phase3_12_compat_selection_no_phase4_no_cps
input_nearest,0,free,312000,0,12,0.0,0.0,0.0,0,0.0,nan,nan,0.039396822452545166,0.0,0.0,hidden_high_friction,0,0.0729389414191246,742,742,hidden_high_friction,0.0729389414191246,nan,nan,nan,nan,nan,nan,0.46333208680152893,0.0,0.6014787554740906,0.1957915723323822,0.5351395606994629,0.14060376584529877,0.08629358559846878,nan,nan,nan,phase3_12_compat_selection_no_phase4_no_cps
input_nearest,0,free,312000,0,13,0.0,0.0,0.0,0,0.0,nan,nan,0.040031060576438904,0.0,0.0,hidden_breakaway_pin,0,0.04803822934627533,571,571,hidden_breakaway_pin,0.04803822934627533,nan,nan,nan,nan,nan,nan,0.5567501187324524,0.0,0.6190468072891235,0.1863289475440979,0.5827838778495789,0.16590994596481323,0.0416165292263031,nan,nan,nan,phase3_12_compat_selection_no_phase4_no_cps
input_nearest,0,free,312000,0,14,0.0,0.0,0.0,0,0.0,nan,nan,0.03964938595890999,0.0,0.0,free,1,0.024249911308288574,572,572,free,0.024249911308288574,nan,nan,nan,nan,nan,nan,0.6121826767921448,0.0,0.4428117573261261,0.21726344525814056,0.4231102466583252,0.248731330037117,0.03712650388479233,nan,nan,nan,phase3_12_compat_selection_no_phase4_no_cps
input_nearest,0,free,312000,0,15,0.0,0.0,0.0,0,0.0,nan,nan,0.04034958407282829,0.0,0.0,hidden_breakaway_pin,0,0.039971835911273956,571,571,hidden_breakaway_pin,0.039971835911273956,nan,nan,nan,nan,nan,nan,0.5229160189628601,0.0,0.6039847731590271,0.21519875526428223,0.5925068259239197,0.16549494862556458,0.05101187899708748,nan,nan,nan,phase3_12_compat_selection_no_phase4_no_cps
input_nearest,0,free,312001,1,0,0.0,0.0,0.0,0,0.0,nan,nan,0.04036582261323929,0.0,0.0,hidden_breakaway_pin,0,0.01820659637451172,283,283,hidden_breakaway_pin,0.01820659637451172,nan,nan,nan,nan,nan,nan,0.7770658731460571,0.0,0.7212954759597778,-0.1901617795228958,0.34696662425994873,-0.3051123023033142,0.3915810286998749,nan,nan,nan,phase3_12_compat_selection_no_phase4_no_cps
input_nearest,0,free,312001,1,1,0.0,0.0,0.0,0,0.0,nan,nan,0.0399957150220871,0.0,0.0,hidden_pin,0,0.1099558025598526,465,465,hidden_pin,0.1099558025598526,nan,nan,nan,nan,nan,nan,0.6985851526260376,0.0,0.7653610706329346,0.2157670557498932,0.4726053774356842,-0.14307932555675507,0.46311619877815247,nan,nan,nan,phase3_12_compat_selection_no_phase4_no_cps
input_nearest,0,free,312001,1,2,0.0,0.0,0.0,0,0.0,nan,nan,0.03948762267827988,0.0,0.0,hidden_pin,0,0.12271704524755478,465,465,hidden_pin,0.12271704524755478,nan,nan,nan,nan,nan,nan,0.8500611186027527,0.0,0.772293746471405,0.27484285831451416,0.4600704312324524,-0.12151867896318436,0.5045650005340576,nan,nan,nan,phase3_12_compat_selection_no_phase4_no_cps
input_nearest,0,free,312001,1,3,0.0,0.0,0.0,0,0.0,nan,nan,0.038501620292663574,0.0,0.0,hidden_high_friction,0,0.14651477336883545,470,470,hidden_high_friction,0.14651477336883545,nan,nan,nan,nan,nan,nan,0.9851471185684204,0.07142857142857142,0.6299117803573608,-0.08527200669050217,0.3292787969112396,-0.0792289674282074,0.30069372057914734,nan,nan,nan,phase3_12_compat_selection_no_phase4_no_cps
input_nearest,0,free,312001,1,4,0.0,0.0,0.0,0,0.0,nan,nan,0.03854319080710411,0.0,0.0,hidden_breakaway_pin,0,0.13648119568824768,471,471,hidden_breakaway_pin,0.13648119568824768,nan,nan,nan,nan,nan,nan,0.9903385639190674,0.07142857142857142,0.6528347730636597,-0.09097368270158768,0.34340694546699524,-0.11978140473365784,0.31076592206954956,nan,nan,nan,phase3_12_compat_selection_no_phase4_no_cps
input_nearest,0,free,312001,1,5,0.0,0.0,0.0,0,0.0,nan,nan,0.038907334208488464,0.0,0.0,free,1,0.11828150600194931,460,460,free,0.11828150600194931,nan,nan,nan,nan,nan,nan,0.6822627782821655,0.0,0.7476457357406616,-0.16606515645980835,0.5250440835952759,-0.18459931015968323,0.22337190806865692,nan,nan,nan,phase3_12_compat_selection_no_phase4_no_cps
input_nearest,0,free,312001,1,6,0.0,0.0,0.0,0,0.0,nan,nan,0.03913367912173271,0.0,0.0,free,1,0.10698417574167252,464,464,free,0.10698417574167252,nan,nan,nan,nan,nan,nan,0.39125746488571167,0.0,0.6559301018714905,-0.11332504451274872,0.44473782181739807,-0.0906478688120842,0.21240629255771637,nan,nan,nan,phase3_12_compat_selection_no_phase4_no_cps
input_nearest,0,free,312001,1,7,0.0,0.0,0.0,0,0.0,nan,nan,0.040101587772369385,0.0,0.0,hidden_high_friction,0,0.10074865072965622,470,470,hidden_high_friction,0.10074865072965622,nan,nan,nan,nan,nan,nan,0.72038334608078,0.0,0.6087377667427063,-0.0784272626042366,0.3893318176269531,-0.09781761467456818,0.2202611118555069,nan,nan,nan,phase3_12_compat_selection_no_phase4_no_cps
input_nearest,0,free,312001,1,8,0.0,0.0,0.0,0,0.0,nan,nan,0.03957630693912506,0.0,0.0,hidden_breakaway_pin,0,0.10206817835569382,471,471,hidden_breakaway_pin,0.10206817835569382,nan,nan,nan,nan,nan,nan,0.5670508742332458,0.0,0.6661863327026367,-0.10440856963396072,0.41099870204925537,-0.09810936450958252,0.25526535511016846,nan,nan,nan,phase3_12_compat_selection_no_phase4_no_cps
input_nearest,0,free,312001,1,9,0.0,0.0,0.0,0,0.0,nan,nan,0.04003419354557991,0.0,0.0,hidden_breakaway_pin,0,0.0992734357714653,471,471,hidden_breakaway_pin,0.0992734357714653,nan,nan,nan,nan,nan,nan,0.4645444452762604,0.0,0.6615310311317444,-0.10438337922096252,0.42535078525543213,-0.09043461084365845,0.23659178614616394,nan,nan,nan,phase3_12_compat_selection_no_phase4_no_cps
input_nearest,0,free,312001,1,10,0.0,0.0,0.0,0,0.0,nan,nan,0.040117595344781876,0.0,0.0,hidden_breakaway_pin,0,0.09752105176448822,471,471,hidden_breakaway_pin,0.09752105176448822,nan,nan,nan,nan,nan,nan,0.5330081582069397,0.0,0.645927369594574,-0.09669241309165955,0.4216409921646118,-0.09413817524909973,0.22430092096328735,nan,nan,nan,phase3_12_compat_selection_no_phase4_no_cps
input_nearest,0,free,312001,1,11,0.0,0.0,0.0,0,0.0,nan,nan,0.039698727428913116,0.0,0.0,hidden_pin,0,0.09748360514640808,469,469,hidden_pin,0.09748360514640808,nan,nan,nan,nan,nan,nan,0.8290089964866638,0.0,0.7635311484336853,0.31666332483291626,0.45221245288848877,-0.17878462374210358,0.585139274597168,nan,nan,nan,phase3_12_compat_selection_no_phase4_no_cps
input_nearest,0,free,312001,1,12,0.0,0.0,0.0,0,0.0,nan,nan,0.03951636701822281,0.0,0.0,hidden_pin,0,0.12975898385047913,465,465,hidden_pin,0.12975898385047913,nan,nan,nan,nan,nan,nan,0.9449661374092102,0.0,0.8009363412857056,0.30347272753715515,0.4698896110057831,-0.14037910103797913,0.553711473941803,nan,nan,nan,phase3_12_compat_selection_no_phase4_no_cps
input_nearest,0,free,312001,1,13,0.0,0.0,0.0,0,0.0,nan,nan,0.03747011721134186,0.0,0.0,hidden_pin,0,0.15365087985992432,465,465,hidden_pin,0.15365087985992432,nan,nan,nan,nan,nan,nan,1.00447416305542,0.0,0.8081967234611511,0.2962540090084076,0.4609760046005249,-0.11293439567089081,0.5366538763046265,nan,nan,nan,phase3_12_compat_selection_no_phase4_no_cps
input_nearest,0,free,312001,1,14,0.0,0.0,0.0,0,0.0,nan,nan,0.036170873790979385,0.0,0.0,hidden_high_friction,0,0.1759873628616333,470,470,hidden_high_friction,0.1759873628616333,nan,nan,nan,nan,nan,nan,1.052283525466919,0.07142857142857142,0.6549772620201111,-0.09492471814155579,0.2783859968185425,-0.08256062865257263,0.3767941892147064,nan,nan,nan,phase3_12_compat_selection_no_phase4_no_cps
input_nearest,0,free,312001,1,15,0.0,0.0,0.0,0,0.0,nan,nan,0.03681033104658127,0.0,0.0,free,1,0.15079905092716217,468,468,free,0.15079905092716217,nan,nan,nan,nan,nan,nan,1.0357977151870728,0.07142857142857142,0.6771777868270874,-0.05804430693387985,0.3293587267398834,-0.13114818930625916,0.35541847348213196,nan,nan,nan,phase3_12_compat_selection_no_phase4_no_cps
input_nearest,0,free,312002,2,0,0.0,0.0,0.0,0,0.0,nan,nan,0.04004320502281189,0.0,0.0,free,1,0.012091310694813728,392,392,free,0.012091310694813728,nan,nan,nan,nan,nan,nan,0.5947186946868896,0.0,0.3845828175544739,-0.26883068680763245,0.6345505714416504,0.0805092304944992,0.42956051230430603,nan,nan,nan,phase3_12_compat_selection_no_phase4_no_cps
input_nearest,0,free,312002,2,1,0.0,0.0,0.0,0,0.0,nan,nan,0.04016530141234398,0.0,0.0,hidden_breakaway_pin,0,0.09379193931818008,659,659,hidden_breakaway_pin,0.09379193931818008,nan,nan,nan,nan,nan,nan,0.6835991144180298,0.0,0.35899674892425537,-0.36674320697784424,0.503341794013977,-0.21994860470294952,0.20587410032749176,nan,nan,nan,phase3_12_compat_selection_no_phase4_no_cps
input_nearest,0,free,312002,2,2,0.0,0.0,0.0,0,0.0,nan,nan,0.03983687609434128,0.0,0.0,hidden_breakaway_pin,0,0.08922481536865234,659,659,hidden_breakaway_pin,0.08922481536865234,nan,nan,nan,nan,nan,nan,0.6902396082878113,0.0,0.3800472617149353,-0.34318506717681885,0.4735872149467468,-0.25073859095573425,0.1315145343542099,nan,nan,nan,phase3_12_compat_selection_no_phase4_no_cps
input_nearest,0,free,312002,2,3,0.0,0.0,0.0,0,0.0,nan,nan,0.03988872095942497,0.0,0.0,free,1,0.08665339648723602,660,660,free,0.08665339648723602,nan,nan,nan,nan,nan,nan,0.3636651635169983,0.0,0.47473880648612976,-0.19131435453891754,0.5402811169624329,-0.11906740069389343,0.09754699468612671,nan,nan,nan,phase3_12_compat_selection_no_phase4_no_cps
input_nearest,0,free,312002,2,4,0.0,0.0,0.0,0,0.0,nan,nan,0.03986293822526932,0.0,0.0,hidden_high_friction,0,0.0794496014714241,662,662,hidden_high_friction,0.0794496014714241,nan,nan,nan,nan,nan,nan,0.581011950969696,0.0,0.422198086977005,-0.2834760844707489,0.4752964675426483,-0.273315966129303,0.05406168848276138,nan,nan,nan,phase3_12_compat_selection_no_phase4_no_cps
input_nearest,0,free,312002,2,5,0.0,0.0,0.0,0,0.0,nan,nan,0.03952232003211975,0.0,0.0,hidden_breakaway_pin,0,0.07151510566473007,663,663,hidden_breakaway_pin,0.07151510566473007,nan,nan,nan,nan,nan,nan,0.6999263763427734,0.0,0.4254383444786072,-0.30982622504234314,0.4409219026565552,-0.28112316131591797,0.03261297941207886,nan,nan,nan,phase3_12_compat_selection_no_phase4_no_cps
input_nearest,0,free,312002,2,6,0.0,0.0,0.0,0,0.0,nan,nan,0.03993704542517662,0.0,0.0,free,1,0.06901093572378159,656,656,free,0.06901093572378159,nan,nan,nan,nan,nan,nan,0.3207015097141266,0.0,0.4930589199066162,-0.17844566702842712,0.5301868915557861,-0.10908333212137222,0.07867413759231567,nan,nan,nan,phase3_12_compat_selection_no_phase4_no_cps
input_nearest,0,free,312002,2,7,0.0,0.0,0.0,0,0.0,nan,nan,0.03972206637263298,0.0,0.0,hidden_pin,0,0.06545042991638184,661,661,hidden_pin,0.06545042991638184,nan,nan,nan,nan,nan,nan,0.5354790091514587,0.0,0.36587798595428467,0.21715641021728516,0.4966568350791931,-0.18391667306423187,0.4218562841415405,nan,nan,nan,phase3_12_compat_selection_no_phase4_no_cps
input_nearest,0,free,312002,2,8,0.0,0.0,0.0,0,0.0,nan,nan,0.03786154091358185,0.0,0.0,hidden_breakaway_pin,0,0.08019851893186569,667,667,hidden_breakaway_pin,0.08019851893186569,nan,nan,nan,nan,nan,nan,0.4046628177165985,0.0,0.44772806763648987,-0.24132847785949707,0.5208439826965332,-0.1239713728427887,0.13827012479305267,nan,nan,nan,phase3_12_compat_selection_no_phase4_no_cps
input_nearest,0,free,312002,2,9,0.0,0.0,0.0,0,0.0,nan,nan,0.037920139729976654,0.0,0.0,hidden_high_friction,0,0.08514215052127838,654,654,hidden_high_friction,0.08514215052127838,nan,nan,nan,nan,nan,nan,0.40228819847106934,0.0,0.4355400800704956,-0.2568255364894867,0.5425956845283508,-0.11962522566318512,0.17402537167072296,nan,nan,nan,phase3_12_compat_selection_no_phase4_no_cps
input_nearest,0,free,312002,2,10,0.0,0.0,0.0,0,0.0,nan,nan,0.03770932927727699,0.0,0.0,hidden_pin,0,0.07329968363046646,657,657,hidden_pin,0.07329968363046646,nan,nan,nan,nan,nan,nan,0.38628724217414856,0.0,0.4010607600212097,0.0936875194311142,0.4759261906147003,-0.14859707653522491,0.2535875737667084,nan,nan,nan,phase3_12_compat_selection_no_phase4_no_cps
input_nearest,0,free,312002,2,11,0.0,0.0,0.0,0,0.0,nan,nan,0.040024351328611374,0.0,0.0,hidden_breakaway_pin,0,0.051605474203825,667,667,hidden_breakaway_pin,0.051605474203825,nan,nan,nan,nan,nan,nan,0.29741138219833374,0.0,0.48319244384765625,-0.1789531260728836,0.5255782008171082,-0.12548357248306274,0.06823156028985977,nan,nan,nan,phase3_12_compat_selection_no_phase4_no_cps
input_nearest,0,free,312002,2,12,0.0,0.0,0.0,0,0.0,nan,nan,0.039691198617219925,0.0,0.0,free,1,0.050738375633955,664,664,free,0.050738375633955,nan,nan,nan,nan,nan,nan,0.5563474297523499,0.0,0.4712226092815399,-0.2638406455516815,0.4391261339187622,-0.27359330654144287,0.033545464277267456,nan,nan,nan,phase3_12_compat_selection_no_phase4_no_cps
input_nearest,0,free,312002,2,13,0.0,0.0,0.0,0,0.0,nan,nan,0.04016631469130516,0.0,0.0,free,1,0.03954170271754265,656,656,free,0.03954170271754265,nan,nan,nan,nan,nan,nan,0.28628841042518616,0.0,0.528023362159729,-0.15515856444835663,0.5361438989639282,-0.10872115939855576,0.04714208096265793,nan,nan,nan,phase3_12_compat_selection_no_phase4_no_cps
input_nearest,0,free,312002,2,14,0.0,0.0,0.0,0,0.0,nan,nan,0.04068615660071373,0.0,0.0,hidden_breakaway_pin,0,0.02446303889155388,663,663,hidden_breakaway_pin,0.02446303889155388,nan,nan,nan,nan,nan,nan,0.8751079440116882,0.0,0.4532352387905121,-0.291707307100296,0.42389771342277527,-0.30185025930404663,0.031041420996189117,nan,nan,nan,phase3_12_compat_selection_no_phase4_no_cps
input_nearest,0,free,312002,2,15,0.0,0.0,0.0,0,0.0,nan,nan,0.04020882025361061,0.0,0.0,free,1,0.04527677595615387,664,664,free,0.04527677595615387,nan,nan,nan,nan,nan,nan,0.5450057983398438,0.0,0.44911691546440125,-0.2592427730560303,0.4505881071090698,-0.26668787002563477,0.007589062675833702,nan,nan,nan,phase3_12_compat_selection_no_phase4_no_cps
input_nearest,0,hidden_breakaway_pin,312000,0,0,0.0,0.0,0.0,0,0.0,nan,nan,0.03947902098298073,0.0,0.0,hidden_breakaway_pin,1,0.012113059870898724,247,247,hidden_breakaway_pin,0.012113059870898724,nan,nan,nan,nan,nan,nan,0.7415379285812378,0.0,0.7315980792045593,-0.2913293242454529,0.5051095485687256,0.22416405379772186,0.563054621219635,nan,nan,nan,phase3_12_compat_selection_no_phase4_no_cps
input_nearest,0,hidden_breakaway_pin,312000,0,1,0.0,0.0,0.0,0,0.0,nan,nan,0.039966244250535965,0.0,0.0,hidden_breakaway_pin,1,0.12304136157035828,251,251,hidden_breakaway_pin,0.12304136157035828,nan,nan,nan,nan,nan,nan,0.5218431353569031,0.0,0.6929742097854614,-0.04375376179814339,0.47832173109054565,-0.07787790149450302,0.21734797954559326,nan,nan,nan,phase3_12_compat_selection_no_phase4_no_cps
input_nearest,0,hidden_breakaway_pin,312000,0,2,0.0,0.0,0.0,0,0.0,nan,nan,0.03976540267467499,0.0,0.0,hidden_breakaway_pin,1,0.11053027957677841,255,255,hidden_breakaway_pin,0.11053027957677841,nan,nan,nan,nan,nan,nan,0.4589429199695587,0.0,0.6478256583213806,0.10181685537099838,0.4817177653312683,0.09547023475170135,0.16622909903526306,nan,nan,nan,phase3_12_compat_selection_no_phase4_no_cps
input_nearest,0,hidden_breakaway_pin,312000,0,3,0.0,0.0,0.0,0,0.0,nan,nan,0.04006994143128395,0.0,0.0,hidden_high_friction,0,0.08095230162143707,762,762,hidden_high_friction,0.08095230162143707,nan,nan,nan,nan,nan,nan,0.5018300414085388,0.0,0.600939154624939,0.050950393080711365,0.4846385717391968,-0.09171456843614578,0.18406280875205994,nan,nan,nan,phase3_12_compat_selection_no_phase4_no_cps
input_nearest,0,hidden_breakaway_pin,312000,0,4,0.0,0.0,0.0,0,0.0,nan,nan,0.04032688960433006,0.0,0.0,hidden_high_friction,0,0.083364337682724,762,762,hidden_high_friction,0.083364337682724,nan,nan,nan,nan,nan,nan,0.6166647672653198,0.0,0.5941848754882812,0.047265343368053436,0.4768267869949341,-0.09550756961107254,0.18481619656085968,nan,nan,nan,phase3_12_compat_selection_no_phase4_no_cps
input_nearest,0,hidden_breakaway_pin,312000,0,5,0.0,0.0,0.0,0,0.0,nan,nan,0.04039895907044411,0.0,0.0,hidden_breakaway_pin,1,0.07085064798593521,763,763,hidden_breakaway_pin,0.07085064798593521,nan,nan,nan,nan,nan,nan,0.5337356925010681,0.0,0.6187129616737366,0.12645970284938812,0.4385354518890381,0.08205050975084305,0.18556968867778778,nan,nan,nan,phase3_12_compat_selection_no_phase4_no_cps
input_nearest,0,hidden_breakaway_pin,312000,0,6,0.0,0.0,0.0,0,0.0,nan,nan,0.040245287120342255,0.0,0.0,hidden_breakaway_pin,1,0.07498297095298767,763,763,hidden_breakaway_pin,0.07498297095298767,nan,nan,nan,nan,nan,nan,0.5149393677711487,0.0,0.6170338988304138,0.12769703567028046,0.44547638297080994,0.09228724986314774,0.17517372965812683,nan,nan,nan,phase3_12_compat_selection_no_phase4_no_cps
input_nearest,0,hidden_breakaway_pin,312000,0,7,0.0,0.0,0.0,0,0.0,nan,nan,0.03982441499829292,0.0,0.0,hidden_pin,0,0.07888253778219223,761,761,hidden_pin,0.07888253778219223,nan,nan,nan,nan,nan,nan,0.5100485682487488,0.0,0.6239849328994751,0.11524785310029984,0.5159847140312195,-0.13915567100048065,0.2763787508010864,nan,nan,nan,phase3_12_compat_selection_no_phase4_no_cps
input_nearest,0,hidden_breakaway_pin,312000,0,8,0.0,0.0,0.0,0,0.0,nan,nan,0.04080487787723541,0.0,0.0,hidden_breakaway_pin,1,0.07761943340301514,763,763,hidden_breakaway_pin,0.07761943340301514,nan,nan,nan,nan,nan,nan,0.5163407921791077,0.0,0.6180410981178284,0.12538082897663116,0.42681607604026794,0.08361964672803879,0.1957319676876068,nan,nan,nan,phase3_12_compat_selection_no_phase4_no_cps
input_nearest,0,hidden_breakaway_pin,312000,0,9,0.0,0.0,0.0,0,0.0,nan,nan,0.04019629955291748,0.0,0.0,hidden_breakaway_pin,1,0.07817259430885315,763,763,hidden_breakaway_pin,0.07817259430885315,nan,nan,nan,nan,nan,nan,0.514907717704773,0.0,0.61726975440979,0.12513858079910278,0.4269479513168335,0.0833844244480133,0.19484813511371613,nan,nan,nan,phase3_12_compat_selection_no_phase4_no_cps
input_nearest,0,hidden_breakaway_pin,312000,0,10,0.0,0.0,0.0,0,0.0,nan,nan,0.040230561047792435,0.0,0.0,hidden_breakaway_pin,1,0.07993095368146896,763,763,hidden_breakaway_pin,0.07993095368146896,nan,nan,nan,nan,nan,nan,0.5148410201072693,0.0,0.6177901029586792,0.12624961137771606,0.4267006516456604,0.08425842225551605,0.19564875960350037,nan,nan,nan,phase3_12_compat_selection_no_phase4_no_cps
input_nearest,0,hidden_breakaway_pin,312000,0,11,0.0,0.0,0.0,0,0.0,nan,nan,0.040416866540908813,0.0,0.0,hidden_breakaway_pin,1,0.07853725552558899,763,763,hidden_breakaway_pin,0.07853725552558899,nan,nan,nan,nan,nan,nan,0.5095115303993225,0.0,0.6186226010322571,0.12545619904994965,0.42717304825782776,0.08371534943580627,0.19594700634479523,nan,nan,nan,phase3_12_compat_selection_no_phase4_no_cps
input_nearest,0,hidden_breakaway_pin,312000,0,12,0.0,0.0,0.0,0,0.0,nan,nan,0.040002595633268356,0.0,0.0,hidden_breakaway_pin,1,0.07855986058712006,763,763,hidden_breakaway_pin,0.07855986058712006,nan,nan,nan,nan,nan,nan,0.5097378492355347,0.0,0.6184748411178589,0.12538737058639526,0.4271213412284851,0.08376622200012207,0.1958276778459549,nan,nan,nan,phase3_12_compat_selection_no_phase4_no_cps
input_nearest,0,hidden_breakaway_pin,312000,0,13,0.0,0.0,0.0,0,0.0,nan,nan,0.04032199829816818,0.0,0.0,hidden_breakaway_pin,1,0.0785883367061615,763,763,hidden_breakaway_pin,0.0785883367061615,nan,nan,nan,nan,nan,nan,0.5136534571647644,0.0,0.6184549927711487,0.12570197880268097,0.4267445504665375,0.08347753435373306,0.19630537927150726,nan,nan,nan,phase3_12_compat_selection_no_phase4_no_cps
input_nearest,0,hidden_breakaway_pin,312000,0,14,0.0,0.0,0.0,0,0.0,nan,nan,0.039706867188215256,0.0,0.0,hidden_breakaway_pin,1,0.078638955950737,763,763,hidden_breakaway_pin,0.078638955950737,nan,nan,nan,nan,nan,nan,0.5140619277954102,0.0,0.6183480620384216,0.12568098306655884,0.4266390800476074,0.08358258008956909,0.19627687335014343,nan,nan,nan,phase3_12_compat_selection_no_phase4_no_cps
input_nearest,0,hidden_breakaway_pin,312000,0,15,0.0,0.0,0.0,0,0.0,nan,nan,0.040335722267627716,0.0,0.0,hidden_breakaway_pin,1,0.07863924652338028,763,763,hidden_breakaway_pin,0.07863924652338028,nan,nan,nan,nan,nan,nan,0.5122553706169128,0.0,0.6183295845985413,0.12573494017124176,0.42670655250549316,0.08351411670446396,0.19621922075748444,nan,nan,nan,phase3_12_compat_selection_no_phase4_no_cps
input_nearest,0,hidden_breakaway_pin,312001,1,0,0.0,0.0,0.0,0,0.0,nan,nan,0.040156081318855286,0.0,0.0,free,0,0.02338513173162937,356,356,free,0.02338513173162937,nan,nan,nan,nan,nan,nan,0.8714954257011414,0.0,0.5036593675613403,-0.25830310583114624,0.38716137409210205,-0.3815896511077881,0.16962121427059174,nan,nan,nan,phase3_12_compat_selection_no_phase4_no_cps
input_nearest,0,hidden_breakaway_pin,312001,1,1,0.0,0.0,0.0,0,0.0,nan,nan,0.039874639362096786,0.0,0.0,hidden_breakaway_pin,1,0.08783365786075592,659,659,hidden_breakaway_pin,0.08783365786075592,nan,nan,nan,nan,nan,nan,0.5036094784736633,0.0,0.47245973348617554,-0.31112685799598694,0.48598673939704895,-0.23846322298049927,0.07391200214624405,nan,nan,nan,phase3_12_compat_selection_no_phase4_no_cps
input_nearest,0,hidden_breakaway_pin,312001,1,2,0.0,0.0,0.0,0,0.0,nan,nan,0.03998420387506485,0.0,0.0,hidden_breakaway_pin,1,0.08823886513710022,659,659,hidden_breakaway_pin,0.08823886513710022,nan,nan,nan,nan,nan,nan,0.5469055771827698,0.0,0.45805275440216064,-0.30730071663856506,0.45983242988586426,-0.2629944384098053,0.044342007488012314,nan,nan,nan,phase3_12_compat_selection_no_phase4_no_cps
input_nearest,0,hidden_breakaway_pin,312001,1,3,0.0,0.0,0.0,0,0.0,nan,nan,0.04028797149658203,0.0,0.0,hidden_breakaway_pin,1,0.08929869532585144,351,351,hidden_breakaway_pin,0.08929869532585144,nan,nan,nan,nan,nan,nan,0.9679033160209656,0.0,0.5460726022720337,-0.2790527045726776,0.5942306518554688,-0.37431931495666504,0.10674701631069183,nan,nan,nan,phase3_12_compat_selection_no_phase4_no_cps
input_nearest,0,hidden_breakaway_pin,312001,1,4,0.0,0.0,0.0,0,0.0,nan,nan,0.040354982018470764,0.0,0.0,hidden_breakaway_pin,1,0.08269979804754257,351,351,hidden_breakaway_pin,0.08269979804754257,nan,nan,nan,nan,nan,nan,0.9451679587364197,0.0,0.5400207042694092,-0.28088733553886414,0.5906655788421631,-0.36656510829925537,0.0995268002152443,nan,nan,nan,phase3_12_compat_selection_no_phase4_no_cps
input_nearest,0,hidden_breakaway_pin,312001,1,5,0.0,0.0,0.0,0,0.0,nan,nan,0.04016789421439171,0.0,0.0,free,0,0.07858990132808685,348,348,free,0.07858990132808685,nan,nan,nan,nan,nan,nan,0.8744895458221436,0.0,0.5582554936408997,-0.27442044019699097,0.5747525095939636,-0.35001152753829956,0.0773703008890152,nan,nan,nan,phase3_12_compat_selection_no_phase4_no_cps
input_nearest,0,hidden_breakaway_pin,312001,1,6,0.0,0.0,0.0,0,0.0,nan,nan,0.03961866348981857,0.0,0.0,hidden_high_friction,0,0.0816492885351181,470,470,hidden_high_friction,0.0816492885351181,nan,nan,nan,nan,nan,nan,0.4692992568016052,0.0,0.46525856852531433,-0.159771129488945,0.4404854476451874,-0.1773013323545456,0.030348237603902817,nan,nan,nan,phase3_12_compat_selection_no_phase4_no_cps
input_nearest,0,hidden_breakaway_pin,312001,1,7,0.0,0.0,0.0,0,0.0,nan,nan,0.04051782563328743,0.0,0.0,hidden_pin,0,0.07706080377101898,469,469,hidden_pin,0.07706080377101898,nan,nan,nan,nan,nan,nan,0.7734534740447998,0.0,0.5992046594619751,0.4205054044723511,0.4484979808330536,-0.1827419102191925,0.6217875480651855,nan,nan,nan,phase3_12_compat_selection_no_phase4_no_cps
input_nearest,0,hidden_breakaway_pin,312001,1,8,0.0,0.0,0.0,0,0.0,nan,nan,0.039873361587524414,0.0,0.0,hidden_pin,0,0.10465054959058762,661,661,hidden_pin,0.10465054959058762,nan,nan,nan,nan,nan,nan,0.42927810549736023,0.0,0.3714020848274231,0.10529107600450516,0.491710364818573,-0.14240336418151855,0.27536633610725403,nan,nan,nan,phase3_12_compat_selection_no_phase4_no_cps
input_nearest,0,hidden_breakaway_pin,312001,1,9,0.0,0.0,0.0,0,0.0,nan,nan,0.03982985019683838,0.0,0.0,hidden_breakaway_pin,1,0.10941246151924133,667,667,hidden_breakaway_pin,0.10941246151924133,nan,nan,nan,nan,nan,nan,0.6360119581222534,0.0,0.42670243978500366,-0.28758305311203003,0.49025145173072815,-0.09046686440706253,0.20710690319538116,nan,nan,nan,phase3_12_compat_selection_no_phase4_no_cps
input_nearest,0,hidden_breakaway_pin,312001,1,10,0.0,0.0,0.0,0,0.0,nan,nan,0.03999113664031029,0.0,0.0,hidden_breakaway_pin,1,0.10761131346225739,659,659,hidden_breakaway_pin,0.10761131346225739,nan,nan,nan,nan,nan,nan,0.5749669075012207,0.0,0.4379519522190094,-0.28771477937698364,0.4944744110107422,-0.2059943675994873,0.0993630439043045,nan,nan,nan,phase3_12_compat_selection_no_phase4_no_cps
input_nearest,0,hidden_breakaway_pin,312001,1,11,0.0,0.0,0.0,0,0.0,nan,nan,0.03982503339648247,0.0,0.0,free,0,0.08469801396131516,656,656,free,0.08469801396131516,nan,nan,nan,nan,nan,nan,0.3130798041820526,0.0,0.5025566816329956,-0.25033214688301086,0.5247374773025513,-0.1103314608335495,0.1417468935251236,nan,nan,nan,phase3_12_compat_selection_no_phase4_no_cps
input_nearest,0,hidden_breakaway_pin,312001,1,12,0.0,0.0,0.0,0,0.0,nan,nan,0.03971340134739876,0.0,0.0,hidden_high_friction,0,0.0796961858868599,662,662,hidden_high_friction,0.0796961858868599,nan,nan,nan,nan,nan,nan,0.5956711769104004,0.0,0.4757855236530304,-0.28000879287719727,0.48955681920051575,-0.2713668942451477,0.01625826023519039,nan,nan,nan,phase3_12_compat_selection_no_phase4_no_cps
input_nearest,0,hidden_breakaway_pin,312001,1,13,0.0,0.0,0.0,0,0.0,nan,nan,0.03949526324868202,0.0,0.0,hidden_high_friction,0,0.08044151961803436,350,350,hidden_high_friction,0.08044151961803436,nan,nan,nan,nan,nan,nan,0.8613422513008118,0.0,0.5473148822784424,-0.2725421190261841,0.5868526101112366,-0.355510413646698,0.09190739691257477,nan,nan,nan,phase3_12_compat_selection_no_phase4_no_cps
input_nearest,0,hidden_breakaway_pin,312001,1,14,0.0,0.0,0.0,0,0.0,nan,nan,0.04017672315239906,0.0,0.0,free,0,0.07902294397354126,348,348,free,0.07902294397354126,nan,nan,nan,nan,nan,nan,0.8306821584701538,0.0,0.5633062124252319,-0.27080607414245605,0.5861175656318665,-0.35000306367874146,0.08241675049066544,nan,nan,nan,phase3_12_compat_selection_no_phase4_no_cps
input_nearest,0,hidden_breakaway_pin,312001,1,15,0.0,0.0,0.0,0,0.0,nan,nan,0.040771372616291046,0.0,0.0,hidden_breakaway_pin,1,0.07955081760883331,351,351,hidden_breakaway_pin,0.07955081760883331,nan,nan,nan,nan,nan,nan,1.0239622592926025,0.0,0.5326422452926636,-0.28157979249954224,0.5779216289520264,-0.3669816851615906,0.09666284918785095,nan,nan,nan,phase3_12_compat_selection_no_phase4_no_cps
input_nearest,0,hidden_breakaway_pin,312002,2,0,0.0,0.0,0.0,0,0.0,nan,nan,0.040083929896354675,0.0,0.0,free,0,0.00842229463160038,632,632,free,0.00842229463160038,nan,nan,nan,nan,nan,nan,0.6289575695991516,0.0,0.6264582276344299,0.20806118845939636,0.3643825352191925,0.19792981445789337,0.2622714638710022,nan,nan,nan,phase3_12_compat_selection_no_phase4_no_cps
input_nearest,0,hidden_breakaway_pin,312002,2,1,0.0,0.0,0.0,0,0.0,nan,nan,0.03966688737273216,0.0,0.0,free,0,0.07159650325775146,572,572,free,0.07159650325775146,nan,nan,nan,nan,nan,nan,0.5817191004753113,0.0,0.6107267737388611,0.2310020625591278,0.4265047013759613,0.22633419930934906,0.18428120017051697,nan,nan,nan,phase3_12_compat_selection_no_phase4_no_cps
input_nearest,0,hidden_breakaway_pin,312002,2,2,0.0,0.0,0.0,0,0.0,nan,nan,0.039843589067459106,0.0,0.0,hidden_pin,0,0.06950534880161285,573,573,hidden_pin,0.06950534880161285,nan,nan,nan,nan,nan,nan,0.8382357358932495,0.0,0.7334586977958679,-0.4102388322353363,0.42806556820869446,0.22193680703639984,0.7020761966705322,nan,nan,nan,phase3_12_compat_selection_no_phase4_no_cps
input_nearest,0,hidden_breakaway_pin,312002,2,3,0.0,0.0,0.0,0,0.0,nan,nan,0.03925483673810959,0.0,0.0,free,0,0.09581324458122253,572,572,free,0.09581324458122253,nan,nan,nan,nan,nan,nan,0.5975877046585083,0.0,0.483887255191803,0.23771455883979797,0.4261522591114044,0.24194253981113434,0.05788959562778473,nan,nan,nan,phase3_12_compat_selection_no_phase4_no_cps
input_nearest,0,hidden_breakaway_pin,312002,2,4,0.0,0.0,0.0,0,0.0,nan,nan,0.03913584724068642,0.0,0.0,free,0,0.091972716152668,564,564,free,0.091972716152668,nan,nan,nan,nan,nan,nan,0.5912389755249023,0.0,0.567983090877533,0.3149433732032776,0.5352210998535156,0.19513298571109772,0.12420900911092758,nan,nan,nan,phase3_12_compat_selection_no_phase4_no_cps
input_nearest,0,hidden_breakaway_pin,312002,2,5,0.0,0.0,0.0,0,0.0,nan,nan,0.03785577788949013,0.0,0.0,hidden_pin,0,0.08338669687509537,569,569,hidden_pin,0.08338669687509537,nan,nan,nan,nan,nan,nan,1.087209701538086,0.0,0.8059754371643066,-0.3572869598865509,0.3592449724674225,0.2719340920448303,0.7716782093048096,nan,nan,nan,phase3_12_compat_selection_no_phase4_no_cps
input_nearest,0,hidden_breakaway_pin,312002,2,6,0.0,0.0,0.0,0,0.0,nan,nan,0.03936553746461868,0.0,0.0,free,0,0.08525829017162323,572,572,free,0.08525829017162323,nan,nan,nan,nan,nan,nan,0.5981535315513611,0.0,0.46016305685043335,0.21168182790279388,0.4123796820640564,0.25061696767807007,0.06163761764764786,nan,nan,nan,phase3_12_compat_selection_no_phase4_no_cps
input_nearest,0,hidden_breakaway_pin,312002,2,7,0.0,0.0,0.0,0,0.0,nan,nan,0.03809675946831703,0.0,0.0,hidden_high_friction,0,0.09997923672199249,742,742,hidden_high_friction,0.09997923672199249,nan,nan,nan,nan,nan,nan,0.5111489295959473,0.0,0.5673597455024719,0.28941813111305237,0.5183782577514648,0.16016332805156708,0.13822442293167114,nan,nan,nan,phase3_12_compat_selection_no_phase4_no_cps
input_nearest,0,hidden_breakaway_pin,312002,2,8,0.0,0.0,0.0,0,0.0,nan,nan,0.0376775823533535,0.0,0.0,hidden_high_friction,0,0.08380717039108276,570,570,hidden_high_friction,0.08380717039108276,nan,nan,nan,nan,nan,nan,0.7587617039680481,0.0,0.4968947768211365,0.3174791932106018,0.3674640655517578,0.26986658573150635,0.1379103660583496,nan,nan,nan,phase3_12_compat_selection_no_phase4_no_cps
input_nearest,0,hidden_breakaway_pin,312002,2,9,0.0,0.0,0.0,0,0.0,nan,nan,0.040341295301914215,0.0,0.0,hidden_pin,0,0.0420633889734745,573,573,hidden_pin,0.0420633889734745,nan,nan,nan,nan,nan,nan,0.857991099357605,0.0,0.7121943235397339,-0.4619130790233612,0.4077211618423462,0.25482505559921265,0.7787280678749084,nan,nan,nan,phase3_12_compat_selection_no_phase4_no_cps
input_nearest,0,hidden_breakaway_pin,312002,2,10,0.0,0.0,0.0,0,0.0,nan,nan,0.03938775137066841,0.0,0.0,free,0,0.09108023345470428,572,572,free,0.09108023345470428,nan,nan,nan,nan,nan,nan,0.6113554835319519,0.0,0.45653390884399414,0.2184239625930786,0.41138091683387756,0.25029271841049194,0.055266719311475754,nan,nan,nan,phase3_12_compat_selection_no_phase4_no_cps
input_nearest,0,hidden_breakaway_pin,312002,2,11,0.0,0.0,0.0,0,0.0,nan,nan,0.039214953780174255,0.0,0.0,free,0,0.09775795042514801,740,740,free,0.09775795042514801,nan,nan,nan,nan,nan,nan,0.6608223915100098,0.0,0.4860329329967499,0.32352712750434875,0.4459042251110077,0.22830970585346222,0.10332797467708588,nan,nan,nan,phase3_12_compat_selection_no_phase4_no_cps
input_nearest,0,hidden_breakaway_pin,312002,2,12,0.0,0.0,0.0,0,0.0,nan,nan,0.03781619295477867,0.0,0.0,hidden_high_friction,0,0.08772163093090057,570,570,hidden_high_friction,0.08772163093090057,nan,nan,nan,nan,nan,nan,0.769736647605896,0.0,0.4932272434234619,0.3349992632865906,0.3667871057987213,0.2761184573173523,0.13947780430316925,nan,nan,nan,phase3_12_compat_selection_no_phase4_no_cps
input_nearest,0,hidden_breakaway_pin,312002,2,13,0.0,0.0,0.0,0,0.0,nan,nan,0.04026300087571144,0.0,0.0,hidden_pin,0,0.04428530111908913,573,573,hidden_pin,0.04428530111908913,nan,nan,nan,nan,nan,nan,0.8576604127883911,0.0,0.7129371166229248,-0.4625006318092346,0.4125419557094574,0.25779277086257935,0.7804228663444519,nan,nan,nan,phase3_12_compat_selection_no_phase4_no_cps
input_nearest,0,hidden_breakaway_pin,312002,2,14,0.0,0.0,0.0,0,0.0,nan,nan,0.040064647793769836,0.0,0.0,hidden_high_friction,0,0.09047950059175491,574,574,hidden_high_friction,0.09047950059175491,nan,nan,nan,nan,nan,nan,0.46641209721565247,0.0,0.5791553854942322,0.1726599931716919,0.5561466813087463,0.18063269555568695,0.024350861087441444,nan,nan,nan,phase3_12_compat_selection_no_phase4_no_cps
input_nearest,0,hidden_breakaway_pin,312002,2,15,0.0,0.0,0.0,0,0.0,nan,nan,0.039379000663757324,0.0,0.0,hidden_pin,0,0.09794843196868896,741,741,hidden_pin,0.09794843196868896,nan,nan,nan,nan,nan,nan,0.7428601384162903,0.0,0.6150376796722412,-0.16206768155097961,0.3447992205619812,0.29054582118988037,0.5271506905555725,nan,nan,nan,phase3_12_compat_selection_no_phase4_no_cps
input_nearest,0,hidden_high_friction,312000,0,0,0.0,0.0,0.0,0,0.0,nan,nan,0.0396450012922287,0.0,0.0,hidden_breakaway_pin,0,0.033502914011478424,431,431,hidden_breakaway_pin,0.033502914011478424,nan,nan,nan,nan,nan,nan,0.6131225228309631,0.0,0.3051868677139282,-0.21768352389335632,0.5358739495277405,0.09685608744621277,0.3900662660598755,nan,nan,nan,phase3_12_compat_selection_no_phase4_no_cps
input_nearest,0,hidden_high_friction,312000,0,1,0.0,0.0,0.0,0,0.0,nan,nan,0.03743166849017143,0.0,0.0,hidden_high_friction,1,0.1026558130979538,302,302,hidden_high_friction,0.1026558130979538,nan,nan,nan,nan,nan,nan,0.69280606508255,0.0,0.3543093204498291,-0.16989558935165405,0.4523586928844452,-0.1802360713481903,0.09859313070774078,nan,nan,nan,phase3_12_compat_selection_no_phase4_no_cps
input_nearest,0,hidden_high_friction,312000,0,2,0.0,0.0,0.0,0,0.0,nan,nan,0.03729931265115738,0.0,0.0,free,0,0.08695995062589645,304,304,free,0.08695995062589645,nan,nan,nan,nan,nan,nan,0.5835217833518982,0.0,0.42186376452445984,-0.08215529471635818,0.45170485973358154,-0.22911792993545532,0.1499616950750351,nan,nan,nan,phase3_12_compat_selection_no_phase4_no_cps
input_nearest,0,hidden_high_friction,312000,0,3,0.0,0.0,0.0,0,0.0,nan,nan,0.037648554891347885,0.0,0.0,hidden_breakaway_pin,0,0.059707898646593094,611,611,hidden_breakaway_pin,0.059707898646593094,nan,nan,nan,nan,nan,nan,0.16489683091640472,0.0,0.49719980359077454,0.02088945545256138,0.5402384996414185,-0.03616272285580635,0.07146523892879486,nan,nan,nan,phase3_12_compat_selection_no_phase4_no_cps
input_nearest,0,hidden_high_friction,312000,0,4,0.0,0.0,0.0,0,0.0,nan,nan,0.039124056696891785,0.0,0.0,hidden_breakaway_pin,0,0.06392514705657959,195,195,hidden_breakaway_pin,0.06392514705657959,nan,nan,nan,nan,nan,nan,0.4997069835662842,0.0,0.5047556161880493,0.08842797577381134,0.5309151411056519,0.11004745960235596,0.03393704071640968,nan,nan,nan,phase3_12_compat_selection_no_phase4_no_cps
input_nearest,0,hidden_high_friction,312000,0,5,0.0,0.0,0.0,0,0.0,nan,nan,0.0390474870800972,0.0,0.0,free,0,0.05208154022693634,328,328,free,0.05208154022693634,nan,nan,nan,nan,nan,nan,0.24434535205364227,0.0,0.55049067735672,0.05014386028051376,0.565811812877655,0.002887837588787079,0.04967765137553215,nan,nan,nan,phase3_12_compat_selection_no_phase4_no_cps
input_nearest,0,hidden_high_friction,312000,0,6,0.0,0.0,0.0,0,0.0,nan,nan,0.03910745680332184,0.0,0.0,hidden_pin,0,0.04743913933634758,325,325,hidden_pin,0.04743913933634758,nan,nan,nan,nan,nan,nan,0.7845661640167236,0.0,0.5671279430389404,-0.43576276302337646,0.3518722653388977,0.07820270210504532,0.5572212338447571,nan,nan,nan,phase3_12_compat_selection_no_phase4_no_cps
input_nearest,0,hidden_high_friction,312000,0,7,0.0,0.0,0.0,0,0.0,nan,nan,0.038243964314460754,0.0,0.0,hidden_breakaway_pin,0,0.06781736016273499,763,763,hidden_breakaway_pin,0.06781736016273499,nan,nan,nan,nan,nan,nan,0.2326286882162094,0.0,0.4824998080730438,0.05305463820695877,0.47567018866539,0.012288246303796768,0.04133451730012894,nan,nan,nan,phase3_12_compat_selection_no_phase4_no_cps
input_nearest,0,hidden_high_friction,312000,0,8,0.0,0.0,0.0,0,0.0,nan,nan,0.03913765028119087,0.0,0.0,hidden_breakaway_pin,0,0.07271511852741241,323,323,hidden_breakaway_pin,0.07271511852741241,nan,nan,nan,nan,nan,nan,0.5502036213874817,0.0,0.38519683480262756,0.12182382494211197,0.3713544011116028,0.04748249053955078,0.07561909407377243,nan,nan,nan,phase3_12_compat_selection_no_phase4_no_cps
input_nearest,0,hidden_high_friction,312000,0,9,0.0,0.0,0.0,0,0.0,nan,nan,0.038733940571546555,0.0,0.0,hidden_breakaway_pin,0,0.05721038952469826,327,327,hidden_breakaway_pin,0.05721038952469826,nan,nan,nan,nan,nan,nan,0.6130949258804321,0.0,0.4089313745498657,0.11644261330366135,0.35265612602233887,0.0719875618815422,0.07171579450368881,nan,nan,nan,phase3_12_compat_selection_no_phase4_no_cps
input_nearest,0,hidden_high_friction,312000,0,10,0.0,0.0,0.0,0,0.0,nan,nan,0.03867299482226372,0.0,0.0,hidden_pin,0,0.03551899641752243,329,329,hidden_pin,0.03551899641752243,nan,nan,nan,nan,nan,nan,0.7856411337852478,0.0,0.5440406203269958,-0.4192652106285095,0.3583422899246216,0.06700187176465988,0.5205185413360596,nan,nan,nan,phase3_12_compat_selection_no_phase4_no_cps
input_nearest,0,hidden_high_friction,312000,0,11,0.0,0.0,0.0,0,0.0,nan,nan,0.03790893033146858,0.0,0.0,hidden_breakaway_pin,0,0.07037291675806046,763,763,hidden_breakaway_pin,0.07037291675806046,nan,nan,nan,nan,nan,nan,0.1528405100107193,0.0,0.4942309558391571,0.016152871772646904,0.48728254437446594,0.00781635195016861,0.010852556675672531,nan,nan,nan,phase3_12_compat_selection_no_phase4_no_cps
input_nearest,0,hidden_high_friction,312000,0,12,0.0,0.0,0.0,0,0.0,nan,nan,0.0377994030714035,0.0,0.0,hidden_pin,0,0.06675811856985092,69,69,hidden_pin,0.06675811856985092,nan,nan,nan,nan,nan,nan,0.49952495098114014,0.0,0.5200660824775696,-0.11914388835430145,0.5438126921653748,0.005948204547166824,0.1273260861635208,nan,nan,nan,phase3_12_compat_selection_no_phase4_no_cps
input_nearest,0,hidden_high_friction,312000,0,13,0.0,0.0,0.0,0,0.0,nan,nan,0.03807511553168297,0.0,0.0,free,0,0.061286840587854385,324,324,free,0.061286840587854385,nan,nan,nan,nan,nan,nan,0.5637108683586121,0.0,0.4016752541065216,0.12131888419389725,0.365444540977478,0.05674324184656143,0.0740451067686081,nan,nan,nan,phase3_12_compat_selection_no_phase4_no_cps
input_nearest,0,hidden_high_friction,312000,0,14,0.0,0.0,0.0,0,0.0,nan,nan,0.03923880308866501,0.0,0.0,free,0,0.04328036308288574,328,328,free,0.04328036308288574,nan,nan,nan,nan,nan,nan,0.2597775459289551,0.0,0.5450298190116882,0.06311064213514328,0.5629758238792419,0.005973346531391144,0.059889309108257294,nan,nan,nan,phase3_12_compat_selection_no_phase4_no_cps
input_nearest,0,hidden_high_friction,312000,0,15,0.0,0.0,0.0,0,0.0,nan,nan,0.039726488292217255,0.0,0.0,hidden_breakaway_pin,0,0.05034670606255531,327,327,hidden_breakaway_pin,0.05034670606255531,nan,nan,nan,nan,nan,nan,0.4437301456928253,0.0,0.4169847071170807,0.03218404948711395,0.36969006061553955,0.05955687165260315,0.054644808173179626,nan,nan,nan,phase3_12_compat_selection_no_phase4_no_cps
input_nearest,0,hidden_high_friction,312001,1,0,0.0,0.0,0.0,0,0.0,nan,nan,0.03955937176942825,0.0,0.0,hidden_breakaway_pin,0,0.011043166741728783,535,535,hidden_breakaway_pin,0.011043166741728783,nan,nan,nan,nan,nan,nan,0.6311102509498596,0.0,0.32118844985961914,-0.012235285714268684,0.5333950519561768,-0.28045201301574707,0.3420114815235138,nan,nan,nan,phase3_12_compat_selection_no_phase4_no_cps
input_nearest,0,hidden_high_friction,312001,1,1,0.0,0.125,0.125,0,0.125,nan,nan,0.039311520755290985,0.0,0.0,free,0,0.08431754261255264,328,328,free,0.08431754261255264,nan,nan,nan,nan,nan,nan,0.4492845833301544,0.0,0.3532073199748993,0.036186814308166504,0.5692378878593445,0.011409111320972443,0.21744687855243683,nan,nan,nan,phase3_12_compat_selection_no_phase4_no_cps
input_nearest,0,hidden_high_friction,312001,1,2,0.125,0.125,0.0,0,0.0,nan,nan,0.03964625298976898,0.0,0.0,hidden_breakaway_pin,0,0.07401009649038315,195,195,hidden_breakaway_pin,0.07401009649038315,nan,nan,nan,nan,nan,nan,0.3498004376888275,0.0,0.4398787021636963,-0.007062614895403385,0.5529656410217285,0.11431796848773956,0.16589726507663727,nan,nan,nan,phase3_12_compat_selection_no_phase4_no_cps
input_nearest,0,hidden_high_friction,312001,1,3,0.125,0.125,0.0,0,0.0,nan,nan,0.040041759610176086,0.0,0.0,free,0,0.052685800939798355,724,724,free,0.052685800939798355,nan,nan,nan,nan,nan,nan,0.3789776861667633,0.0,0.40689170360565186,-0.048977892845869064,0.420657217502594,-0.1219402402639389,0.07424952834844589,nan,nan,nan,phase3_12_compat_selection_no_phase4_no_cps
input_nearest,0,hidden_high_friction,312001,1,4,0.125,0.125,0.0,0,0.0,nan,nan,0.04049229621887207,0.0,0.0,hidden_breakaway_pin,0,0.046506237238645554,191,191,hidden_breakaway_pin,0.046506237238645554,nan,nan,nan,nan,nan,nan,0.44772759079933167,0.0,0.37803471088409424,-0.0464683473110199,0.3882300853729248,-0.05151597410440445,0.011376475915312767,nan,nan,nan,phase3_12_compat_selection_no_phase4_no_cps
input_nearest,0,hidden_high_friction,312001,1,5,0.125,0.125,0.0,0,0.0,nan,nan,0.04034505784511566,0.0,0.0,free,0,0.040010493248701096,188,188,free,0.040010493248701096,nan,nan,nan,nan,nan,nan,0.19712793827056885,0.0,0.4882645010948181,0.019677231088280678,0.5240089893341064,0.05906134843826294,0.05318625271320343,nan,nan,nan,phase3_12_compat_selection_no_phase4_no_cps
input_nearest,0,hidden_high_friction,312001,1,6,0.125,0.125,0.0,0,0.0,nan,nan,0.039964161813259125,0.0,0.0,hidden_breakaway_pin,0,0.039768852293491364,195,195,hidden_breakaway_pin,0.039768852293491364,nan,nan,nan,nan,nan,nan,0.3209896385669708,0.0,0.5255242586135864,0.05661062151193619,0.5689085125923157,0.11666519939899445,0.07408607006072998,nan,nan,nan,phase3_12_compat_selection_no_phase4_no_cps
input_nearest,0,hidden_high_friction,312001,1,7,0.125,0.125,0.0,0,0.0,nan,nan,0.040742985904216766,0.0,0.0,free,0,0.04582151770591736,192,192,free,0.04582151770591736,nan,nan,nan,nan,nan,nan,0.3104069232940674,0.0,0.4916519224643707,0.036371201276779175,0.5487406849861145,0.07214795798063278,0.0673728659749031,nan,nan,nan,phase3_12_compat_selection_no_phase4_no_cps
input_nearest,0,hidden_high_friction,312001,1,8,0.125,0.20833333333333334,0.08333333333333334,0,0.08333333333333334,nan,nan,0.0404185950756073,0.0,0.0,free,0,0.05315777659416199,192,192,free,0.05315777659416199,nan,nan,nan,nan,nan,nan,0.31494569778442383,0.0,0.4763942062854767,0.010303908959031105,0.5422458052635193,0.07429809123277664,0.09182422608137131,nan,nan,nan,phase3_12_compat_selection_no_phase4_no_cps
input_nearest,0,hidden_high_friction,312001,1,9,0.20833333333333334,0.20833333333333334,0.0,0,0.0,nan,nan,0.040242038667201996,0.0,0.0,free,0,0.050694260746240616,192,192,free,0.050694260746240616,nan,nan,nan,nan,nan,nan,0.3198772668838501,0.0,0.498805433511734,0.021914133802056313,0.5276357531547546,0.08444341272115707,0.0688556358218193,nan,nan,nan,phase3_12_compat_selection_no_phase4_no_cps
input_nearest,0,hidden_high_friction,312001,1,10,0.20833333333333334,0.20833333333333334,0.0,0,0.0,nan,nan,0.04035753384232521,0.0,0.0,hidden_pin,0,0.0531110018491745,189,189,hidden_pin,0.0531110018491745,nan,nan,nan,nan,nan,nan,0.5100356936454773,0.0,0.6647545099258423,-0.136372372508049,0.5137404799461365,0.05716044455766678,0.2454795092344284,nan,nan,nan,phase3_12_compat_selection_no_phase4_no_cps
input_nearest,0,hidden_high_friction,312001,1,11,0.20833333333333334,0.20833333333333334,0.0,0,0.0,nan,nan,0.039854746311903,0.0,0.0,hidden_breakaway_pin,0,0.0576767735183239,763,763,hidden_breakaway_pin,0.0576767735183239,nan,nan,nan,nan,nan,nan,0.3012346923351288,0.0,0.509146511554718,0.07951092720031738,0.49975472688674927,0.0681791752576828,0.014717820100486279,nan,nan,nan,phase3_12_compat_selection_no_phase4_no_cps
input_nearest,0,hidden_high_friction,312001,1,12,0.20833333333333334,0.20833333333333334,0.0,0,0.0,nan,nan,0.04011891037225723,0.0,0.0,hidden_breakaway_pin,0,0.06488661468029022,195,195,hidden_breakaway_pin,0.06488661468029022,nan,nan,nan,nan,nan,nan,0.36791470646858215,0.0,0.5023379921913147,0.04991837590932846,0.5286293029785156,0.12809020280838013,0.08247464895248413,nan,nan,nan,phase3_12_compat_selection_no_phase4_no_cps
input_nearest,0,hidden_high_friction,312001,1,13,0.20833333333333334,0.20833333333333334,0.0,0,0.0,nan,nan,0.03946704417467117,0.0,0.0,free,0,0.055741313844919205,184,184,free,0.055741313844919205,nan,nan,nan,nan,nan,nan,0.43398091197013855,0.0,0.4078707695007324,-0.016961663961410522,0.38282647728919983,-0.03720753639936447,0.032204221934080124,nan,nan,nan,phase3_12_compat_selection_no_phase4_no_cps
input_nearest,0,hidden_high_friction,312001,1,14,0.20833333333333334,0.20833333333333334,0.0,0,0.0,nan,nan,0.04025755450129509,0.0,0.0,hidden_breakaway_pin,0,0.044420018792152405,191,191,hidden_breakaway_pin,0.044420018792152405,nan,nan,nan,nan,nan,nan,0.43728095293045044,0.0,0.41344285011291504,-0.04079020023345947,0.3915262222290039,-0.022720761597156525,0.02840498462319374,nan,nan,nan,phase3_12_compat_selection_no_phase4_no_cps
input_nearest,0,hidden_high_friction,312001,1,15,0.20833333333333334,0.16666666666666666,-0.041666666666666685,0,-0.041666666666666685,nan,nan,0.040892887860536575,0.0,0.0,hidden_breakaway_pin,0,0.03806869313120842,191,191,hidden_breakaway_pin,0.03806869313120842,nan,nan,nan,nan,nan,nan,0.4892688989639282,0.0,0.3982008695602417,-0.02548447623848915,0.38855549693107605,-0.03377881273627281,0.012721211649477482,nan,nan,nan,phase3_12_compat_selection_no_phase4_no_cps
input_nearest,0,hidden_high_friction,312002,2,0,0.0,0.0,0.0,0,0.0,nan,nan,0.038416508585214615,0.0,0.0,free,0,0.02096923440694809,620,620,free,0.02096923440694809,nan,nan,nan,nan,nan,nan,0.4777700901031494,0.0,0.5726287961006165,-0.05026509612798691,0.6012663841247559,-0.2686545252799988,0.22025905549526215,nan,nan,nan,phase3_12_compat_selection_no_phase4_no_cps
input_nearest,0,hidden_high_friction,312002,2,1,0.0,0.0,0.0,0,0.0,nan,nan,0.03885776549577713,0.0,0.0,hidden_breakaway_pin,0,0.06209209933876991,303,303,hidden_breakaway_pin,0.06209209933876991,nan,nan,nan,nan,nan,nan,0.49503326416015625,0.0,0.5325751304626465,-0.10246624797582626,0.4093068540096283,-0.16988830268383026,0.1405019611120224,nan,nan,nan,phase3_12_compat_selection_no_phase4_no_cps
input_nearest,0,hidden_high_friction,312002,2,2,0.0,0.0,0.0,0,0.0,nan,nan,0.038812197744846344,0.0,0.0,hidden_pin,0,0.052840251475572586,305,305,hidden_pin,0.052840251475572586,nan,nan,nan,nan,nan,nan,0.4502932131290436,0.0,0.46040454506874084,0.23018479347229004,0.4558756351470947,-0.14878463745117188,0.37899646162986755,nan,nan,nan,phase3_12_compat_selection_no_phase4_no_cps
input_nearest,0,hidden_high_friction,312002,2,3,0.0,0.0,0.0,0,0.0,nan,nan,0.04005775973200798,0.0,0.0,free,0,0.06309902667999268,300,300,free,0.06309902667999268,nan,nan,nan,nan,nan,nan,0.5877358913421631,0.0,0.45625990629196167,-0.16549697518348694,0.4089217782020569,-0.20750711858272552,0.06329099833965302,nan,nan,nan,phase3_12_compat_selection_no_phase4_no_cps
input_nearest,0,hidden_high_friction,312002,2,4,0.0,0.0,0.0,0,0.0,nan,nan,0.0400191992521286,0.0,0.0,hidden_pin,0,0.05640016496181488,305,305,hidden_pin,0.05640016496181488,nan,nan,nan,nan,nan,nan,0.43408089876174927,0.0,0.4648161232471466,0.22950324416160583,0.4846763610839844,-0.13641351461410522,0.3664553165435791,nan,nan,nan,phase3_12_compat_selection_no_phase4_no_cps
input_nearest,0,hidden_high_friction,312002,2,5,0.0,0.0,0.0,0,0.0,nan,nan,0.039677586406469345,0.0,0.0,free,0,0.06359868496656418,300,300,free,0.06359868496656418,nan,nan,nan,nan,nan,nan,0.5484915971755981,0.0,0.45851224660873413,-0.1650763303041458,0.40823984146118164,-0.2032465934753418,0.06312118470668793,nan,nan,nan,phase3_12_compat_selection_no_phase4_no_cps
input_nearest,0,hidden_high_friction,312002,2,6,0.0,0.0,0.0,0,0.0,nan,nan,0.04053482413291931,0.0,0.0,free,0,0.054538801312446594,304,304,free,0.054538801312446594,nan,nan,nan,nan,nan,nan,0.5905796885490417,0.0,0.44759321212768555,-0.18248917162418365,0.4151529371738434,-0.2259695827960968,0.054248664528131485,nan,nan,nan,phase3_12_compat_selection_no_phase4_no_cps
input_nearest,0,hidden_high_friction,312002,2,7,0.0,0.0,0.0,0,0.0,nan,nan,0.04016227647662163,0.0,0.0,hidden_high_friction,1,0.055118758231401443,302,302,hidden_high_friction,0.055118758231401443,nan,nan,nan,nan,nan,nan,0.6749524474143982,0.0,0.4453050494194031,-0.1850973218679428,0.3978998064994812,-0.22590160369873047,0.0625479593873024,nan,nan,nan,phase3_12_compat_selection_no_phase4_no_cps
input_nearest,0,hidden_high_friction,312002,2,8,0.0,0.0,0.0,0,0.0,nan,nan,0.04018086940050125,0.0,0.0,free,0,0.04229521378874779,612,612,free,0.04229521378874779,nan,nan,nan,nan,nan,nan,0.22476860880851746,0.0,0.5426830649375916,-0.031130440533161163,0.5769185423851013,-0.043502435088157654,0.036402393132448196,nan,nan,nan,phase3_12_compat_selection_no_phase4_no_cps
input_nearest,0,hidden_high_friction,312002,2,9,0.0,0.0,0.0,0,0.0,nan,nan,0.040177565068006516,0.0,0.0,hidden_pin,0,0.05466868355870247,661,661,hidden_pin,0.05466868355870247,nan,nan,nan,nan,nan,nan,0.5581820011138916,0.0,0.3800809681415558,0.2610540986061096,0.4858688712120056,-0.18278808891773224,0.456275075674057,nan,nan,nan,phase3_12_compat_selection_no_phase4_no_cps
input_nearest,0,hidden_high_friction,312002,2,10,0.0,0.0,0.0,0,0.0,nan,nan,0.039696309715509415,0.0,0.0,hidden_breakaway_pin,0,0.07317151874303818,667,667,hidden_breakaway_pin,0.07317151874303818,nan,nan,nan,nan,nan,nan,0.423498272895813,0.0,0.4869774281978607,-0.1516605168581009,0.4981735050678253,-0.1358022391796112,0.019412292167544365,nan,nan,nan,phase3_12_compat_selection_no_phase4_no_cps
input_nearest,0,hidden_high_friction,312002,2,11,0.0,0.0,0.0,0,0.0,nan,nan,0.040259137749671936,0.0,0.0,free,0,0.0628587007522583,304,304,free,0.0628587007522583,nan,nan,nan,nan,nan,nan,0.5249578952789307,0.0,0.4520781934261322,-0.16887632012367249,0.4250020980834961,-0.21278394758701324,0.05158482864499092,nan,nan,nan,phase3_12_compat_selection_no_phase4_no_cps
input_nearest,0,hidden_high_friction,312002,2,12,0.0,0.0,0.0,0,0.0,nan,nan,0.03976868465542793,0.0,0.0,hidden_high_friction,1,0.06084791198372841,302,302,hidden_high_friction,0.06084791198372841,nan,nan,nan,nan,nan,nan,0.6109272837638855,0.0,0.45744943618774414,-0.183199942111969,0.39908891916275024,-0.21207956969738007,0.06511515378952026,nan,nan,nan,phase3_12_compat_selection_no_phase4_no_cps
input_nearest,0,hidden_high_friction,312002,2,13,0.0,0.0,0.0,0,0.0,nan,nan,0.04024279862642288,0.0,0.0,free,0,0.04227892681956291,612,612,free,0.04227892681956291,nan,nan,nan,nan,nan,nan,0.22137774527072906,0.0,0.539404034614563,-0.0292745940387249,0.5783470869064331,-0.04262194037437439,0.041166894137859344,nan,nan,nan,phase3_12_compat_selection_no_phase4_no_cps
input_nearest,0,hidden_high_friction,312002,2,14,0.0,0.0,0.0,0,0.0,nan,nan,0.04058615490794182,0.0,0.0,hidden_breakaway_pin,0,0.05392061546444893,307,307,hidden_breakaway_pin,0.05392061546444893,nan,nan,nan,nan,nan,nan,0.22741767764091492,0.0,0.5374832153320312,-0.03934754431247711,0.557479202747345,-0.03626102954149246,0.020232796669006348,nan,nan,nan,phase3_12_compat_selection_no_phase4_no_cps
input_nearest,0,hidden_high_friction,312002,2,15,0.0,0.0,0.0,0,0.0,nan,nan,0.04029170051217079,0.0,0.0,hidden_breakaway_pin,0,0.048147980123758316,307,307,hidden_breakaway_pin,0.048147980123758316,nan,nan,nan,nan,nan,nan,0.2612939476966858,0.0,0.5299918055534363,-0.04940631985664368,0.5497667193412781,-0.03456323221325874,0.024725785478949547,nan,nan,nan,phase3_12_compat_selection_no_phase4_no_cps
condition_nearest,1,free,312000,0,0,0.0,0.0,0.0,0,0.0,nan,nan,0.03963261470198631,0.0,0.0,free,1,0.02842719480395317,588,588,free,0.02842719480395317,nan,nan,nan,nan,nan,nan,0.9849352240562439,0.0,0.7523571252822876,0.41958358883857727,0.3514367341995239,-0.06769916415214539,0.6310163140296936,nan,nan,nan,phase3_12_compat_selection_no_phase4_no_cps
condition_nearest,1,free,312000,0,1,0.0,0.0,0.0,0,0.0,nan,nan,0.039169974625110626,0.0,0.0,free,1,0.13871361315250397,572,572,free,0.13871361315250397,nan,nan,nan,nan,nan,nan,1.068694829940796,0.0,0.741943359375,0.30237704515457153,0.43364524841308594,0.31406205892562866,0.30851948261260986,nan,nan,nan,phase3_12_compat_selection_no_phase4_no_cps
condition_nearest,1,free,312000,0,2,0.0,0.0,0.0,0,0.0,nan,nan,0.03820803388953209,0.0,0.0,free,1,0.1459699422121048,572,572,free,0.1459699422121048,nan,nan,nan,nan,nan,nan,0.9238326549530029,0.0,0.704451858997345,0.3187464475631714,0.3947353959083557,0.283752977848053,0.31168708205223083,nan,nan,nan,phase3_12_compat_selection_no_phase4_no_cps
condition_nearest,1,free,312000,0,3,0.0,0.0,0.0,0,0.0,nan,nan,0.0372430644929409,0.0,0.0,free,1,0.1557147055864334,568,568,free,0.1557147055864334,nan,nan,nan,nan,nan,nan,1.1887456178665161,0.07142857142857142,0.8321441411972046,0.3236587345600128,0.4967741072177887,0.1574389636516571,0.37430211901664734,nan,nan,nan,phase3_12_compat_selection_no_phase4_no_cps
condition_nearest,1,free,312000,0,4,0.0,0.0,0.0,0,0.0,nan,nan,0.03736023232340813,0.0,0.0,free,1,0.15309098362922668,572,572,free,0.15309098362922668,nan,nan,nan,nan,nan,nan,1.2125364542007446,0.07142857142857142,0.7537854909896851,0.33147192001342773,0.36360663175582886,0.2832801938056946,0.3931437134742737,nan,nan,nan,phase3_12_compat_selection_no_phase4_no_cps
condition_nearest,1,free,312000,0,5,0.0,0.0,0.0,0,0.0,nan,nan,0.0366833359003067,0.0,0.0,free,1,0.15619952976703644,572,572,free,0.15619952976703644,nan,nan,nan,nan,nan,nan,1.1701364517211914,0.0,0.7320801615715027,0.3445223271846771,0.36063352227211,0.2653905153274536,0.379782110452652,nan,nan,nan,phase3_12_compat_selection_no_phase4_no_cps
condition_nearest,1,free,312000,0,6,0.0,0.0,0.0,0,0.0,nan,nan,0.03599132224917412,0.0,0.0,free,1,0.1427558958530426,568,568,free,0.1427558958530426,nan,nan,nan,nan,nan,nan,1.002753734588623,0.0,0.7143288850784302,0.3709142804145813,0.5711652636528015,0.15289968252182007,0.2608183026313782,nan,nan,nan,phase3_12_compat_selection_no_phase4_no_cps
condition_nearest,1,free,312000,0,7,0.0,0.0,0.0,0,0.0,nan,nan,0.037790779024362564,0.0,0.0,free,1,0.11128699779510498,568,568,free,0.11128699779510498,nan,nan,nan,nan,nan,nan,0.7235523462295532,0.0,0.6566594839096069,0.2355819046497345,0.5886003971099854,0.17415441572666168,0.09168083965778351,nan,nan,nan,phase3_12_compat_selection_no_phase4_no_cps
condition_nearest,1,free,312000,0,8,0.0,0.0,0.0,0,0.0,nan,nan,0.040185149759054184,0.0,0.0,free,1,0.07332535833120346,572,572,free,0.07332535833120346,nan,nan,nan,nan,nan,nan,0.669666588306427,0.0,0.44659751653671265,0.2705329656600952,0.40942689776420593,0.2656198740005493,0.037493910640478134,nan,nan,nan,phase3_12_compat_selection_no_phase4_no_cps
condition_nearest,1,free,312000,0,9,0.0,0.0,0.0,0,0.0,nan,nan,0.03886643052101135,0.0,0.0,free,1,0.07598690688610077,568,568,free,0.07598690688610077,nan,nan,nan,nan,nan,nan,0.6272792220115662,0.0,0.6372336149215698,0.3134439289569855,0.5857951641082764,0.14989078044891357,0.17145130038261414,nan,nan,nan,phase3_12_compat_selection_no_phase4_no_cps
condition_nearest,1,free,312000,0,10,0.0,0.0,0.0,0,0.0,nan,nan,0.04023991897702217,0.0,0.0,free,1,0.05320100858807564,568,568,free,0.05320100858807564,nan,nan,nan,nan,nan,nan,0.6198065280914307,0.0,0.6365712285041809,0.23157650232315063,0.6288018226623535,0.173513263463974,0.05858074128627777,nan,nan,nan,phase3_12_compat_selection_no_phase4_no_cps
condition_nearest,1,free,312000,0,11,0.0,0.0,0.0,0,0.0,nan,nan,0.04048509895801544,0.0,0.0,free,1,0.04983934387564659,572,572,free,0.04983934387564659,nan,nan,nan,nan,nan,nan,0.6397377252578735,0.0,0.4520840346813202,0.264017790555954,0.4163176417350769,0.26213306188583374,0.0358160175383091,nan,nan,nan,phase3_12_compat_selection_no_phase4_no_cps
condition_nearest,1,free,312000,0,12,0.0,0.0,0.0,0,0.0,nan,nan,0.03991575539112091,0.0,0.0,free,1,0.06076359376311302,568,568,free,0.06076359376311302,nan,nan,nan,nan,nan,nan,0.6083965301513672,0.0,0.6399136781692505,0.28126558661460876,0.6109253764152527,0.151215597987175,0.13324157893657684,nan,nan,nan,phase3_12_compat_selection_no_phase4_no_cps
condition_nearest,1,free,312000,0,13,0.0,0.0,0.0,0,0.0,nan,nan,0.04007751867175102,0.0,0.0,free,1,0.05041288584470749,568,568,free,0.05041288584470749,nan,nan,nan,nan,nan,nan,0.613918662071228,0.0,0.6344625353813171,0.2296212911605835,0.6305236220359802,0.16974081099033356,0.06000989302992821,nan,nan,nan,phase3_12_compat_selection_no_phase4_no_cps
condition_nearest,1,free,312000,0,14,0.0,0.0,0.0,0,0.0,nan,nan,0.03942517563700676,0.0,0.0,free,1,0.047538015991449356,572,572,free,0.047538015991449356,nan,nan,nan,nan,nan,nan,0.6372321248054504,0.0,0.4514692425727844,0.26639997959136963,0.4179641604423523,0.2594503164291382,0.03421824425458908,nan,nan,nan,phase3_12_compat_selection_no_phase4_no_cps
condition_nearest,1,free,312000,0,15,0.0,0.0,0.0,0,0.0,nan,nan,0.03991729021072388,0.0,0.0,free,1,0.05877631902694702,568,568,free,0.05877631902694702,nan,nan,nan,nan,nan,nan,0.6181460618972778,0.0,0.6418066620826721,0.2819175124168396,0.6151313185691833,0.15198580920696259,0.13264170289039612,nan,nan,nan,phase3_12_compat_selection_no_phase4_no_cps
condition_nearest,1,free,312001,1,0,0.0,0.0,0.0,0,0.0,nan,nan,0.040195267647504807,0.0,0.0,free,1,0.014368721283972263,0,0,free,0.014368721283972263,nan,nan,nan,nan,nan,nan,1.098044753074646,0.07142857142857142,0.6407968401908875,0.3904120922088623,0.4041444957256317,-0.03533480688929558,0.4870982766151428,nan,nan,nan,phase3_12_compat_selection_no_phase4_no_cps
condition_nearest,1,free,312001,1,1,0.0,0.0,0.0,0,0.0,nan,nan,0.03967547416687012,0.0,0.0,free,1,0.11796519160270691,572,572,free,0.11796519160270691,nan,nan,nan,nan,nan,nan,0.9750129580497742,0.0,0.6799554228782654,0.3549734055995941,0.4495062232017517,0.2553243041038513,0.2510712444782257,nan,nan,nan,phase3_12_compat_selection_no_phase4_no_cps
condition_nearest,1,free,312001,1,2,0.0,0.0,0.0,0,0.0,nan,nan,0.03934846073389053,0.0,0.0,free,1,0.12150856107473373,572,572,free,0.12150856107473373,nan,nan,nan,nan,nan,nan,0.878126859664917,0.0,0.6507636308670044,0.3481389284133911,0.434085488319397,0.2729717493057251,0.22934585809707642,nan,nan,nan,phase3_12_compat_selection_no_phase4_no_cps
condition_nearest,1,free,312001,1,3,0.0,0.0,0.0,0,0.0,nan,nan,0.0396975539624691,0.0,0.0,free,1,0.12806981801986694,572,572,free,0.12806981801986694,nan,nan,nan,nan,nan,nan,1.0836687088012695,0.0,0.65859055519104,0.3553226888179779,0.3795652687549591,0.2455383688211441,0.2998461425304413,nan,nan,nan,phase3_12_compat_selection_no_phase4_no_cps
condition_nearest,1,free,312001,1,4,0.0,0.0,0.0,0,0.0,nan,nan,0.03926873207092285,0.0,0.0,free,1,0.12742874026298523,572,572,free,0.12742874026298523,nan,nan,nan,nan,nan,nan,1.1112995147705078,0.07142857142857142,0.6631249189376831,0.35551634430885315,0.38072535395622253,0.24679066240787506,0.3026066720485687,nan,nan,nan,phase3_12_compat_selection_no_phase4_no_cps
condition_nearest,1,free,312001,1,5,0.0,0.0,0.0,0,0.0,nan,nan,0.039457086473703384,0.0,0.0,free,1,0.1250161975622177,572,572,free,0.1250161975622177,nan,nan,nan,nan,nan,nan,1.062454104423523,0.0,0.6605315804481506,0.34987497329711914,0.3854368031024933,0.25097137689590454,0.29233381152153015,nan,nan,nan,phase3_12_compat_selection_no_phase4_no_cps
condition_nearest,1,free,312001,1,6,0.0,0.0,0.0,0,0.0,nan,nan,0.03878356143832207,0.0,0.0,free,1,0.12620288133621216,572,572,free,0.12620288133621216,nan,nan,nan,nan,nan,nan,1.076799750328064,0.0,0.659898579120636,0.3524782657623291,0.3831624388694763,0.2486213594675064,0.29558274149894714,nan,nan,nan,phase3_12_compat_selection_no_phase4_no_cps
condition_nearest,1,free,312001,1,7,0.0,0.0,0.0,0,0.0,nan,nan,0.039855845272541046,0.0,0.0,free,1,0.1262628138065338,572,572,free,0.1262628138065338,nan,nan,nan,nan,nan,nan,1.0848946571350098,0.0,0.661421537399292,0.3526235818862915,0.3832195997238159,0.24866722524166107,0.296990305185318,nan,nan,nan,phase3_12_compat_selection_no_phase4_no_cps
condition_nearest,1,free,312001,1,8,0.0,0.0,0.0,0,0.0,nan,nan,0.03930412605404854,0.0,0.0,free,1,0.12585312128067017,572,572,free,0.12585312128067017,nan,nan,nan,nan,nan,nan,1.0828639268875122,0.0,0.6614678502082825,0.35191404819488525,0.38262176513671875,0.24948002398014069,0.2970654368400574,nan,nan,nan,phase3_12_compat_selection_no_phase4_no_cps
condition_nearest,1,free,312001,1,9,0.0,0.0,0.0,0,0.0,nan,nan,0.03899082541465759,0.0,0.0,free,1,0.1260252594947815,572,572,free,0.1260252594947815,nan,nan,nan,nan,nan,nan,1.079289197921753,0.0,0.6611879467964172,0.35161536931991577,0.3832502067089081,0.24956156313419342,0.29608169198036194,nan,nan,nan,phase3_12_compat_selection_no_phase4_no_cps
condition_nearest,1,free,312001,1,10,0.0,0.0,0.0,0,0.0,nan,nan,0.03941458463668823,0.0,0.0,free,1,0.12615084648132324,572,572,free,0.12615084648132324,nan,nan,nan,nan,nan,nan,1.085189700126648,0.0,0.6621984243392944,0.3524758219718933,0.3828376233577728,0.2491292804479599,0.29786399006843567,nan,nan,nan,phase3_12_compat_selection_no_phase4_no_cps
condition_nearest,1,free,312001,1,11,0.0,0.0,0.0,0,0.0,nan,nan,0.038953088223934174,0.0,0.0,free,1,0.12620021402835846,572,572,free,0.12620021402835846,nan,nan,nan,nan,nan,nan,1.085803508758545,0.0,0.6623384356498718,0.35218048095703125,0.3833511173725128,0.24942661821842194,0.29730838537216187,nan,nan,nan,phase3_12_compat_selection_no_phase4_no_cps
condition_nearest,1,free,312001,1,12,0.0,0.0,0.0,0,0.0,nan,nan,0.03936807066202164,0.0,0.0,free,1,0.12629151344299316,572,572,free,0.12629151344299316,nan,nan,nan,nan,nan,nan,1.087523341178894,0.0,0.6626678705215454,0.35248133540153503,0.38355332612991333,0.24988843500614166,0.2973722219467163,nan,nan,nan,phase3_12_compat_selection_no_phase4_no_cps
condition_nearest,1,free,312001,1,13,0.0,0.0,0.0,0,0.0,nan,nan,0.038324374705553055,0.0,0.0,free,1,0.12645955383777618,572,572,free,0.12645955383777618,nan,nan,nan,nan,nan,nan,1.0862538814544678,0.0,0.6612905263900757,0.35083281993865967,0.3817879855632782,0.25067800283432007,0.29690513014793396,nan,nan,nan,phase3_12_compat_selection_no_phase4_no_cps
condition_nearest,1,free,312001,1,14,0.0,0.0,0.0,0,0.0,nan,nan,0.038773976266384125,0.0,0.0,free,1,0.12634801864624023,572,572,free,0.12634801864624023,nan,nan,nan,nan,nan,nan,1.0756206512451172,0.0,0.6607286930084229,0.3510403037071228,0.38307440280914307,0.24976606667041779,0.29554757475852966,nan,nan,nan,phase3_12_compat_selection_no_phase4_no_cps
condition_nearest,1,free,312001,1,15,0.0,0.0,0.0,0,0.0,nan,nan,0.0391671396791935,0.0,0.0,free,1,0.1261713057756424,572,572,free,0.1261713057756424,nan,nan,nan,nan,nan,nan,1.0851960182189941,0.0,0.662328839302063,0.35231760144233704,0.38332393765449524,0.24869225919246674,0.29762718081474304,nan,nan,nan,phase3_12_compat_selection_no_phase4_no_cps
condition_nearest,1,free,312002,2,0,0.0,0.0,0.0,0,0.0,nan,nan,0.040335513651371,0.0,0.0,free,1,0.018295828253030777,152,152,free,0.018295828253030777,nan,nan,nan,nan,nan,nan,0.5578383803367615,0.0,0.5087869763374329,0.013137323781847954,0.3490324020385742,0.058851346373558044,0.16616646945476532,nan,nan,nan,phase3_12_compat_selection_no_phase4_no_cps
condition_nearest,1,free,312002,2,1,0.0,0.0,0.0,0,0.0,nan,nan,0.040399353951215744,0.0,0.0,free,1,0.051989104598760605,760,760,free,0.051989104598760605,nan,nan,nan,nan,nan,nan,0.20125102996826172,0.0,0.5676608681678772,-0.02380000799894333,0.4915837049484253,-0.13275665044784546,0.13288824260234833,nan,nan,nan,phase3_12_compat_selection_no_phase4_no_cps
condition_nearest,1,free,312002,2,2,0.0,0.0,0.0,0,0.0,nan,nan,0.04049993306398392,0.0,0.0,free,1,0.04647524282336235,760,760,free,0.04647524282336235,nan,nan,nan,nan,nan,nan,0.1739167720079422,0.0,0.5538892149925232,-0.035814885050058365,0.4968162178993225,-0.12489495426416397,0.1057950109243393,nan,nan,nan,phase3_12_compat_selection_no_phase4_no_cps
condition_nearest,1,free,312002,2,3,0.0,0.0,0.0,0,0.0,nan,nan,0.040284622460603714,0.0,0.0,free,1,0.04855320602655411,760,760,free,0.04855320602655411,nan,nan,nan,nan,nan,nan,0.17365504801273346,0.0,0.5356773138046265,-0.03521962836384773,0.5010901093482971,-0.12021304666996002,0.09176141023635864,nan,nan,nan,phase3_12_compat_selection_no_phase4_no_cps
condition_nearest,1,free,312002,2,4,0.0,0.0,0.0,0,0.0,nan,nan,0.04022840037941933,0.0,0.0,free,1,0.05144171044230461,760,760,free,0.05144171044230461,nan,nan,nan,nan,nan,nan,0.2098863422870636,0.0,0.5310943126678467,-0.03386111184954643,0.4973434805870056,-0.12178957462310791,0.09418350458145142,nan,nan,nan,phase3_12_compat_selection_no_phase4_no_cps
condition_nearest,1,free,312002,2,5,0.0,0.0,0.0,0,0.0,nan,nan,0.039518244564533234,0.0,0.0,free,1,0.05148836225271225,760,760,free,0.05148836225271225,nan,nan,nan,nan,nan,nan,0.1893409937620163,0.0,0.5315927267074585,-0.035106271505355835,0.5014553666114807,-0.12253517657518387,0.09247741848230362,nan,nan,nan,phase3_12_compat_selection_no_phase4_no_cps
condition_nearest,1,free,312002,2,6,0.0,0.0,0.0,0,0.0,nan,nan,0.04056580737233162,0.0,0.0,free,1,0.05121060088276863,760,760,free,0.05121060088276863,nan,nan,nan,nan,nan,nan,0.18118299543857574,0.0,0.5330444574356079,-0.033589500933885574,0.5042769312858582,-0.12153424322605133,0.092530257999897,nan,nan,nan,phase3_12_compat_selection_no_phase4_no_cps
condition_nearest,1,free,312002,2,7,0.0,0.0,0.0,0,0.0,nan,nan,0.04002715274691582,0.0,0.0,free,1,0.05117470398545265,760,760,free,0.05117470398545265,nan,nan,nan,nan,nan,nan,0.1787806898355484,0.0,0.5332490801811218,-0.0331195592880249,0.5049682259559631,-0.12099029123783112,0.09230965375900269,nan,nan,nan,phase3_12_compat_selection_no_phase4_no_cps
condition_nearest,1,free,312002,2,8,0.0,0.0,0.0,0,0.0,nan,nan,0.04002579674124718,0.0,0.0,free,1,0.051267560571432114,760,760,free,0.051267560571432114,nan,nan,nan,nan,nan,nan,0.17324820160865784,0.0,0.5328794717788696,-0.033765994012355804,0.5052394866943359,-0.1213127076625824,0.09180629253387451,nan,nan,nan,phase3_12_compat_selection_no_phase4_no_cps
condition_nearest,1,free,312002,2,9,0.0,0.0,0.0,0,0.0,nan,nan,0.03994926065206528,0.0,0.0,free,1,0.05109540373086929,760,760,free,0.05109540373086929,nan,nan,nan,nan,nan,nan,0.16982866823673248,0.0,0.5335841178894043,-0.034203171730041504,0.5059149265289307,-0.12080872058868408,0.09091812372207642,nan,nan,nan,phase3_12_compat_selection_no_phase4_no_cps
condition_nearest,1,free,312002,2,10,0.0,0.0,0.0,0,0.0,nan,nan,0.03987452760338783,0.0,0.0,free,1,0.05101948231458664,760,760,free,0.05101948231458664,nan,nan,nan,nan,nan,nan,0.17724592983722687,0.0,0.5333805680274963,-0.0333169549703598,0.5055478811264038,-0.12021872401237488,0.09125007688999176,nan,nan,nan,phase3_12_compat_selection_no_phase4_no_cps
condition_nearest,1,free,312002,2,11,0.0,0.0,0.0,0,0.0,nan,nan,0.04016485437750816,0.0,0.0,free,1,0.05106642469763756,760,760,free,0.05106642469763756,nan,nan,nan,nan,nan,nan,0.18009299039840698,0.0,0.5336976647377014,-0.0331849567592144,0.5046590566635132,-0.12083044648170471,0.09233077615499496,nan,nan,nan,phase3_12_compat_selection_no_phase4_no_cps
condition_nearest,1,free,312002,2,12,0.0,0.0,0.0,0,0.0,nan,nan,0.03943382576107979,0.0,0.0,free,1,0.05109531804919243,760,760,free,0.05109531804919243,nan,nan,nan,nan,nan,nan,0.18497714400291443,0.0,0.5339828133583069,-0.03242320567369461,0.5040352940559387,-0.12067476660013199,0.093194380402565,nan,nan,nan,phase3_12_compat_selection_no_phase4_no_cps
condition_nearest,1,free,312002,2,13,0.0,0.0,0.0,0,0.0,nan,nan,0.040287841111421585,0.0,0.0,free,1,0.05107804387807846,760,760,free,0.05107804387807846,nan,nan,nan,nan,nan,nan,0.18260325491428375,0.0,0.5345563292503357,-0.03239460662007332,0.5039689540863037,-0.12032178044319153,0.09309551864862442,nan,nan,nan,phase3_12_compat_selection_no_phase4_no_cps
condition_nearest,1,free,312002,2,14,0.0,0.0,0.0,0,0.0,nan,nan,0.04079708456993103,0.0,0.0,free,1,0.05112377554178238,760,760,free,0.05112377554178238,nan,nan,nan,nan,nan,nan,0.1867614984512329,0.0,0.5340432524681091,-0.0325491838157177,0.5037755370140076,-0.12074873596429825,0.09324856847524643,nan,nan,nan,phase3_12_compat_selection_no_phase4_no_cps
condition_nearest,1,free,312002,2,15,0.0,0.0,0.0,0,0.0,nan,nan,0.04054950550198555,0.0,0.0,free,1,0.05109360069036484,760,760,free,0.05109360069036484,nan,nan,nan,nan,nan,nan,0.18564291298389435,0.0,0.5343953371047974,-0.03253859281539917,0.5037564039230347,-0.12081369012594223,0.09344108402729034,nan,nan,nan,phase3_12_compat_selection_no_phase4_no_cps
condition_nearest,1,hidden_breakaway_pin,312000,0,0,0.16666666666666666,0.20833333333333334,0.041666666666666685,0,0.041666666666666685,nan,nan,0.0399760976433754,0.0,0.0,hidden_breakaway_pin,1,0.0191794540733099,43,43,hidden_breakaway_pin,0.0191794540733099,nan,nan,nan,nan,nan,nan,0.8816762566566467,0.0,0.3871433436870575,0.1624039262533188,0.47117477655410767,-0.053776711225509644,0.23193824291229248,nan,nan,nan,phase3_12_compat_selection_no_phase4_no_cps
condition_nearest,1,hidden_breakaway_pin,312000,0,1,0.20833333333333334,0.0,-0.20833333333333334,0,-0.20833333333333334,nan,nan,0.040100760757923126,0.0,0.0,hidden_breakaway_pin,1,0.07489719986915588,571,571,hidden_breakaway_pin,0.07489719986915588,nan,nan,nan,nan,nan,nan,0.5358027219772339,0.0,0.43528324365615845,0.20082978904247284,0.6068513989448547,0.1551223248243332,0.1775522530078888,nan,nan,nan,phase3_12_compat_selection_no_phase4_no_cps
condition_nearest,1,hidden_breakaway_pin,312000,0,2,0.0,0.0,0.0,0,0.0,nan,nan,0.027390915900468826,0.0,0.0,hidden_breakaway_pin,1,0.06414996832609177,571,571,hidden_breakaway_pin,0.06414996832609177,nan,nan,nan,nan,nan,nan,0.5599069595336914,0.0,0.5252842307090759,0.1516616940498352,0.6026611328125,0.1397058367729187,0.07829513400793076,nan,nan,nan,phase3_12_compat_selection_no_phase4_no_cps
condition_nearest,1,hidden_breakaway_pin,312000,0,3,0.0,0.0,0.0,0,0.0,nan,nan,0.028571132570505142,0.0,0.0,hidden_breakaway_pin,1,0.05590726062655449,575,575,hidden_breakaway_pin,0.05590726062655449,nan,nan,nan,nan,nan,nan,0.6164247393608093,0.0,0.6067284941673279,0.15114127099514008,0.614361584186554,0.12931981682777405,0.02311795763671398,nan,nan,nan,phase3_12_compat_selection_no_phase4_no_cps
condition_nearest,1,hidden_breakaway_pin,312000,0,4,0.0,0.0,0.0,0,0.0,nan,nan,0.030091553926467896,0.0,0.0,hidden_breakaway_pin,1,0.05520869791507721,575,575,hidden_breakaway_pin,0.05520869791507721,nan,nan,nan,nan,nan,nan,0.5927054286003113,0.0,0.6468483209609985,0.17495466768741608,0.6103876829147339,0.14200085401535034,0.049146026372909546,nan,nan,nan,phase3_12_compat_selection_no_phase4_no_cps
condition_nearest,1,hidden_breakaway_pin,312000,0,5,0.0,0.0,0.0,0,0.0,nan,nan,0.03857127204537392,0.0,0.0,hidden_breakaway_pin,1,0.059506528079509735,575,575,hidden_breakaway_pin,0.059506528079509735,nan,nan,nan,nan,nan,nan,0.5623400807380676,0.0,0.6460919380187988,0.16973337531089783,0.6082755327224731,0.14937005937099457,0.04295049607753754,nan,nan,nan,phase3_12_compat_selection_no_phase4_no_cps
condition_nearest,1,hidden_breakaway_pin,312000,0,6,0.0,0.0,0.0,0,0.0,nan,nan,0.03919059783220291,0.0,0.0,hidden_breakaway_pin,1,0.06116119772195816,575,575,hidden_breakaway_pin,0.06116119772195816,nan,nan,nan,nan,nan,nan,0.5655920505523682,0.0,0.6490137577056885,0.17332440614700317,0.603347897529602,0.14833340048789978,0.05205690115690231,nan,nan,nan,phase3_12_compat_selection_no_phase4_no_cps
condition_nearest,1,hidden_breakaway_pin,312000,0,7,0.0,0.0,0.0,0,0.0,nan,nan,0.03893047571182251,0.0,0.0,hidden_breakaway_pin,1,0.06411996483802795,575,575,hidden_breakaway_pin,0.06411996483802795,nan,nan,nan,nan,nan,nan,0.5741358399391174,0.0,0.6575409173965454,0.17727236449718475,0.6025539636611938,0.14716699719429016,0.0626889020204544,nan,nan,nan,phase3_12_compat_selection_no_phase4_no_cps
condition_nearest,1,hidden_breakaway_pin,312000,0,8,0.0,0.0,0.0,0,0.0,nan,nan,0.03966093435883522,0.0,0.0,hidden_breakaway_pin,1,0.06431425362825394,575,575,hidden_breakaway_pin,0.06431425362825394,nan,nan,nan,nan,nan,nan,0.5808979272842407,0.0,0.6608185172080994,0.17478148639202118,0.6056939363479614,0.15115267038345337,0.059975333511829376,nan,nan,nan,phase3_12_compat_selection_no_phase4_no_cps
condition_nearest,1,hidden_breakaway_pin,312000,0,9,0.0,0.0,0.0,0,0.0,nan,nan,0.039272356778383255,0.0,0.0,hidden_breakaway_pin,1,0.06518521159887314,575,575,hidden_breakaway_pin,0.06518521159887314,nan,nan,nan,nan,nan,nan,0.5801969170570374,0.0,0.6601442694664001,0.1769518107175827,0.6043834686279297,0.1511799544095993,0.061428457498550415,nan,nan,nan,phase3_12_compat_selection_no_phase4_no_cps
condition_nearest,1,hidden_breakaway_pin,312000,0,10,0.0,0.0,0.0,0,0.0,nan,nan,0.039100877940654755,0.0,0.0,hidden_breakaway_pin,1,0.06634951382875443,575,575,hidden_breakaway_pin,0.06634951382875443,nan,nan,nan,nan,nan,nan,0.5796875953674316,0.0,0.6612503528594971,0.17957602441310883,0.6021848917007446,0.15223203599452972,0.06508780270814896,nan,nan,nan,phase3_12_compat_selection_no_phase4_no_cps
condition_nearest,1,hidden_breakaway_pin,312000,0,11,0.0,0.0,0.0,0,0.0,nan,nan,0.03957504779100418,0.0,0.0,hidden_breakaway_pin,1,0.06666620075702667,575,575,hidden_breakaway_pin,0.06666620075702667,nan,nan,nan,nan,nan,nan,0.5757494568824768,0.0,0.6610405445098877,0.17968705296516418,0.6012958884239197,0.1524907946586609,0.06564343720674515,nan,nan,nan,phase3_12_compat_selection_no_phase4_no_cps
condition_nearest,1,hidden_breakaway_pin,312000,0,12,0.0,0.0,0.0,0,0.0,nan,nan,0.03915693983435631,0.0,0.0,hidden_breakaway_pin,1,0.0666629821062088,575,575,hidden_breakaway_pin,0.0666629821062088,nan,nan,nan,nan,nan,nan,0.5775310397148132,0.0,0.6624650359153748,0.17954690754413605,0.6029647588729858,0.1532888561487198,0.06503666937351227,nan,nan,nan,phase3_12_compat_selection_no_phase4_no_cps
condition_nearest,1,hidden_breakaway_pin,312000,0,13,0.0,0.0,0.0,0,0.0,nan,nan,0.03931500017642975,0.0,0.0,hidden_breakaway_pin,1,0.0667584091424942,575,575,hidden_breakaway_pin,0.0667584091424942,nan,nan,nan,nan,nan,nan,0.5802383422851562,0.0,0.66329026222229,0.1788375973701477,0.6030347347259521,0.15229322016239166,0.06584323942661285,nan,nan,nan,phase3_12_compat_selection_no_phase4_no_cps
condition_nearest,1,hidden_breakaway_pin,312000,0,14,0.0,0.0,0.0,0,0.0,nan,nan,0.03926464542746544,0.0,0.0,hidden_breakaway_pin,1,0.06679122149944305,575,575,hidden_breakaway_pin,0.06679122149944305,nan,nan,nan,nan,nan,nan,0.5810770392417908,0.0,0.6627419590950012,0.1801181137561798,0.6032695174217224,0.1521061360836029,0.06573919951915741,nan,nan,nan,phase3_12_compat_selection_no_phase4_no_cps
condition_nearest,1,hidden_breakaway_pin,312000,0,15,0.0,0.0,0.0,0,0.0,nan,nan,0.040149807929992676,0.0,0.0,hidden_breakaway_pin,1,0.06693476438522339,575,575,hidden_breakaway_pin,0.06693476438522339,nan,nan,nan,nan,nan,nan,0.5836679339408875,0.0,0.6635554432868958,0.1800994724035263,0.602332353591919,0.1517794281244278,0.06745585054159164,nan,nan,nan,phase3_12_compat_selection_no_phase4_no_cps
condition_nearest,1,hidden_breakaway_pin,312001,1,0,0.0,0.0,0.0,0,0.0,nan,nan,0.04000353813171387,0.0,0.0,hidden_breakaway_pin,1,0.009115285240113735,691,691,hidden_breakaway_pin,0.009115285240113735,nan,nan,nan,nan,nan,nan,0.7258086204528809,0.0,0.3069418966770172,-0.41615423560142517,0.5614193677902222,-0.04988281801342964,0.4459972083568573,nan,nan,nan,phase3_12_compat_selection_no_phase4_no_cps
condition_nearest,1,hidden_breakaway_pin,312001,1,1,0.0,0.0,0.0,0,0.0,nan,nan,0.03997061774134636,0.0,0.0,hidden_breakaway_pin,1,0.11271420121192932,31,31,hidden_breakaway_pin,0.11271420121192932,nan,nan,nan,nan,nan,nan,0.48178431391716003,0.0,0.44972190260887146,-0.1699819266796112,0.36935609579086304,0.10000856220722198,0.2816976010799408,nan,nan,nan,phase3_12_compat_selection_no_phase4_no_cps
condition_nearest,1,hidden_breakaway_pin,312001,1,2,0.0,0.0,0.0,0,0.0,nan,nan,0.04005981609225273,0.0,0.0,hidden_breakaway_pin,1,0.08818645030260086,659,659,hidden_breakaway_pin,0.08818645030260086,nan,nan,nan,nan,nan,nan,0.5535880327224731,0.0,0.43386489152908325,-0.20775485038757324,0.43294161558151245,-0.2835974097251892,0.07584817707538605,nan,nan,nan,phase3_12_compat_selection_no_phase4_no_cps
condition_nearest,1,hidden_breakaway_pin,312001,1,3,0.0,0.0,0.0,0,0.0,nan,nan,0.039730142802000046,0.0,0.0,hidden_breakaway_pin,1,0.05342256650328636,307,307,hidden_breakaway_pin,0.05342256650328636,nan,nan,nan,nan,nan,nan,0.21540629863739014,0.0,0.5417757630348206,-0.03181774914264679,0.5755943655967712,-0.013414259999990463,0.03850176930427551,nan,nan,nan,phase3_12_compat_selection_no_phase4_no_cps
condition_nearest,1,hidden_breakaway_pin,312001,1,4,0.0,0.0,0.0,0,0.0,nan,nan,0.03977350890636444,0.0,0.0,hidden_breakaway_pin,1,0.050410207360982895,663,663,hidden_breakaway_pin,0.050410207360982895,nan,nan,nan,nan,nan,nan,0.6987032890319824,0.0,0.47483351826667786,-0.2079024463891983,0.42835569381713867,-0.3018636107444763,0.10482790321111679,nan,nan,nan,phase3_12_compat_selection_no_phase4_no_cps
condition_nearest,1,hidden_breakaway_pin,312001,1,5,0.0,0.0,0.0,0,0.0,nan,nan,0.039920706301927567,0.0,0.0,hidden_breakaway_pin,1,0.047835592180490494,307,307,hidden_breakaway_pin,0.047835592180490494,nan,nan,nan,nan,nan,nan,0.1703641265630722,0.0,0.5450597405433655,-0.03719877451658249,0.5608424544334412,-0.017946602776646614,0.024894582107663155,nan,nan,nan,phase3_12_compat_selection_no_phase4_no_cps
condition_nearest,1,hidden_breakaway_pin,312001,1,6,0.0,0.0,0.0,0,0.0,nan,nan,0.03943773731589317,0.0,0.0,hidden_breakaway_pin,1,0.04456251859664917,111,111,hidden_breakaway_pin,0.04456251859664917,nan,nan,nan,nan,nan,nan,0.15962445735931396,0.0,0.5255643725395203,-0.0974438264966011,0.5035050511360168,-0.08650550991296768,0.02462235651910305,nan,nan,nan,phase3_12_compat_selection_no_phase4_no_cps
condition_nearest,1,hidden_breakaway_pin,312001,1,7,0.0,0.0,0.0,0,0.0,nan,nan,0.039959438145160675,0.0,0.0,hidden_breakaway_pin,1,0.048528797924518585,667,667,hidden_breakaway_pin,0.048528797924518585,nan,nan,nan,nan,nan,nan,0.23474445939064026,0.0,0.5197510719299316,-0.08614451438188553,0.5354494452476501,-0.10082560777664185,0.021493567153811455,nan,nan,nan,phase3_12_compat_selection_no_phase4_no_cps
condition_nearest,1,hidden_breakaway_pin,312001,1,8,0.0,0.0,0.0,0,0.0,nan,nan,0.03969636559486389,0.0,0.0,hidden_breakaway_pin,1,0.04620995372533798,303,303,hidden_breakaway_pin,0.04620995372533798,nan,nan,nan,nan,nan,nan,0.4510021209716797,0.0,0.44561660289764404,-0.17572139203548431,0.4203094244003296,-0.1995292752981186,0.03474577143788338,nan,nan,nan,phase3_12_compat_selection_no_phase4_no_cps
condition_nearest,1,hidden_breakaway_pin,312001,1,9,0.0,0.0,0.0,0,0.0,nan,nan,0.03980211913585663,0.0,0.0,hidden_breakaway_pin,1,0.04168098047375679,307,307,hidden_breakaway_pin,0.04168098047375679,nan,nan,nan,nan,nan,nan,0.1737682968378067,0.0,0.5349635481834412,-0.039367660880088806,0.564139723777771,-0.016957946121692657,0.0367891900241375,nan,nan,nan,phase3_12_compat_selection_no_phase4_no_cps
condition_nearest,1,hidden_breakaway_pin,312001,1,10,0.0,0.0,0.0,0,0.0,nan,nan,0.03960590437054634,0.0,0.0,hidden_breakaway_pin,1,0.04642669856548309,111,111,hidden_breakaway_pin,0.04642669856548309,nan,nan,nan,nan,nan,nan,0.22121208906173706,0.0,0.5273244976997375,-0.10452571511268616,0.5065496563911438,-0.08543658256530762,0.028213277459144592,nan,nan,nan,phase3_12_compat_selection_no_phase4_no_cps
condition_nearest,1,hidden_breakaway_pin,312001,1,11,0.0,0.0,0.0,0,0.0,nan,nan,0.03875381499528885,0.0,0.0,hidden_breakaway_pin,1,0.04763581231236458,307,307,hidden_breakaway_pin,0.04763581231236458,nan,nan,nan,nan,nan,nan,0.17180630564689636,0.0,0.5377923250198364,-0.04377302899956703,0.5571584105491638,-0.01366589218378067,0.035797834396362305,nan,nan,nan,phase3_12_compat_selection_no_phase4_no_cps
condition_nearest,1,hidden_breakaway_pin,312001,1,12,0.0,0.0,0.0,0,0.0,nan,nan,0.040050309151411057,0.0,0.0,hidden_breakaway_pin,1,0.04465107247233391,303,303,hidden_breakaway_pin,0.04465107247233391,nan,nan,nan,nan,nan,nan,0.4436551630496979,0.0,0.44921818375587463,-0.1698850691318512,0.41643503308296204,-0.20165246725082397,0.045649781823158264,nan,nan,nan,phase3_12_compat_selection_no_phase4_no_cps
condition_nearest,1,hidden_breakaway_pin,312001,1,13,0.0,0.0,0.0,0,0.0,nan,nan,0.039481304585933685,0.0,0.0,hidden_breakaway_pin,1,0.03868945688009262,307,307,hidden_breakaway_pin,0.03868945688009262,nan,nan,nan,nan,nan,nan,0.17286716401576996,0.0,0.5320244431495667,-0.04001349210739136,0.5628131031990051,-0.014637766405940056,0.039898231625556946,nan,nan,nan,phase3_12_compat_selection_no_phase4_no_cps
condition_nearest,1,hidden_breakaway_pin,312001,1,14,0.0,0.0,0.0,0,0.0,nan,nan,0.03992803394794464,0.0,0.0,hidden_breakaway_pin,1,0.045645494014024734,303,303,hidden_breakaway_pin,0.045645494014024734,nan,nan,nan,nan,nan,nan,0.4762103855609894,0.0,0.445418119430542,-0.17337161302566528,0.4204826056957245,-0.20299305021762848,0.038719624280929565,nan,nan,nan,phase3_12_compat_selection_no_phase4_no_cps
condition_nearest,1,hidden_breakaway_pin,312001,1,15,0.0,0.0,0.0,0,0.0,nan,nan,0.04044065251946449,0.0,0.0,hidden_breakaway_pin,1,0.04083465412259102,307,307,hidden_breakaway_pin,0.04083465412259102,nan,nan,nan,nan,nan,nan,0.17485164105892181,0.0,0.5374428629875183,-0.03865440934896469,0.5641058683395386,-0.017039144411683083,0.034323979169130325,nan,nan,nan,phase3_12_compat_selection_no_phase4_no_cps
condition_nearest,1,hidden_breakaway_pin,312002,2,0,0.0,0.0,0.0,0,0.0,nan,nan,0.02579047530889511,0.0,0.0,hidden_breakaway_pin,1,0.0070006330497562885,707,707,hidden_breakaway_pin,0.0070006330497562885,nan,nan,nan,nan,nan,nan,0.7099236845970154,0.0,0.3971449136734009,0.12374710291624069,0.6555668115615845,0.1238059252500534,0.2584218978881836,nan,nan,nan,phase3_12_compat_selection_no_phase4_no_cps
condition_nearest,1,hidden_breakaway_pin,312002,2,1,0.0,0.08333333333333333,0.08333333333333333,0,0.08333333333333333,nan,nan,0.028909023851156235,0.0,0.0,hidden_breakaway_pin,1,0.07039552181959152,267,267,hidden_breakaway_pin,0.07039552181959152,nan,nan,nan,nan,nan,nan,0.40197813510894775,0.0,0.379647433757782,0.07570815086364746,0.504328191280365,-0.016179196536540985,0.15488246083259583,nan,nan,nan,phase3_12_compat_selection_no_phase4_no_cps
condition_nearest,1,hidden_breakaway_pin,312002,2,2,0.08333333333333333,0.4166666666666667,0.33333333333333337,0,0.33333333333333337,nan,nan,0.02492625266313553,0.0,0.0,hidden_breakaway_pin,1,0.06388205289840698,267,267,hidden_breakaway_pin,0.06388205289840698,nan,nan,nan,nan,nan,nan,0.35219621658325195,0.0,0.43360570073127747,0.03975585103034973,0.4821653664112091,-0.02778792753815651,0.0831877589225769,nan,nan,nan,phase3_12_compat_selection_no_phase4_no_cps
condition_nearest,1,hidden_breakaway_pin,312002,2,3,0.4166666666666667,0.4166666666666667,0.0,0,0.0,nan,nan,0.03106614574790001,0.0,0.0,hidden_breakaway_pin,1,0.061002299189567566,763,763,hidden_breakaway_pin,0.061002299189567566,nan,nan,nan,nan,nan,nan,0.3830397129058838,0.0,0.4718322157859802,0.06324344873428345,0.5200174450874329,0.0217612124979496,0.06358138471841812,nan,nan,nan,phase3_12_compat_selection_no_phase4_no_cps
condition_nearest,1,hidden_breakaway_pin,312002,2,4,0.4166666666666667,0.4166666666666667,0.0,0,0.0,nan,nan,0.03147878125309944,0.0,0.0,hidden_breakaway_pin,1,0.051554977893829346,331,331,hidden_breakaway_pin,0.051554977893829346,nan,nan,nan,nan,nan,nan,0.22031985223293304,0.0,0.5017840266227722,0.06974789500236511,0.5566207766532898,0.004383880645036697,0.0853201299905777,nan,nan,nan,phase3_12_compat_selection_no_phase4_no_cps
condition_nearest,1,hidden_breakaway_pin,312002,2,5,0.4166666666666667,0.4166666666666667,0.0,0,0.0,nan,nan,0.0397200733423233,0.0,0.0,hidden_breakaway_pin,1,0.053151365369558334,331,331,hidden_breakaway_pin,0.053151365369558334,nan,nan,nan,nan,nan,nan,0.21811141073703766,0.0,0.5111826658248901,0.044335924088954926,0.5717982053756714,0.005790188908576965,0.07183326035737991,nan,nan,nan,phase3_12_compat_selection_no_phase4_no_cps
condition_nearest,1,hidden_breakaway_pin,312002,2,6,0.4166666666666667,0.375,-0.041666666666666685,0,-0.041666666666666685,nan,nan,0.04077587276697159,0.0,0.0,hidden_breakaway_pin,1,0.0479637086391449,763,763,hidden_breakaway_pin,0.0479637086391449,nan,nan,nan,nan,nan,nan,0.24587726593017578,0.0,0.47686490416526794,0.037256769835948944,0.5055713057518005,0.04678066819906235,0.030245035886764526,nan,nan,nan,phase3_12_compat_selection_no_phase4_no_cps
condition_nearest,1,hidden_breakaway_pin,312002,2,7,0.375,0.375,0.0,0,0.0,nan,nan,0.04010654613375664,0.0,0.0,hidden_breakaway_pin,1,0.04659248888492584,763,763,hidden_breakaway_pin,0.04659248888492584,nan,nan,nan,nan,nan,nan,0.2548505961894989,0.0,0.4719299376010895,0.04209648817777634,0.5097793340682983,0.04511415958404541,0.03796950355172157,nan,nan,nan,phase3_12_compat_selection_no_phase4_no_cps
condition_nearest,1,hidden_breakaway_pin,312002,2,8,0.375,0.375,0.0,0,0.0,nan,nan,0.040412817150354385,0.0,0.0,hidden_breakaway_pin,1,0.04813312366604805,763,763,hidden_breakaway_pin,0.04813312366604805,nan,nan,nan,nan,nan,nan,0.2573402225971222,0.0,0.479638010263443,0.04673033207654953,0.5058991312980652,0.04212027043104172,0.026662692427635193,nan,nan,nan,phase3_12_compat_selection_no_phase4_no_cps
condition_nearest,1,hidden_breakaway_pin,312002,2,9,0.375,0.5416666666666666,0.16666666666666663,0,0.16666666666666663,nan,nan,0.04045596718788147,0.0,0.0,hidden_breakaway_pin,1,0.0477287657558918,331,331,hidden_breakaway_pin,0.0477287657558918,nan,nan,nan,nan,nan,nan,0.2014499008655548,0.0,0.5227224826812744,0.04185117036104202,0.5681332945823669,0.0014742054045200348,0.06076546013355255,nan,nan,nan,phase3_12_compat_selection_no_phase4_no_cps
condition_nearest,1,hidden_breakaway_pin,312002,2,10,0.5416666666666666,0.5416666666666666,0.0,0,0.0,nan,nan,0.040041740983724594,0.0,0.0,hidden_breakaway_pin,1,0.048269983381032944,763,763,hidden_breakaway_pin,0.048269983381032944,nan,nan,nan,nan,nan,nan,0.2424447238445282,0.0,0.4947810471057892,0.039994776248931885,0.4887007772922516,0.03130992129445076,0.010601716116070747,nan,nan,nan,phase3_12_compat_selection_no_phase4_no_cps
condition_nearest,1,hidden_breakaway_pin,312002,2,11,0.5416666666666666,0.5416666666666666,0.0,0,0.0,nan,nan,0.04027233272790909,0.0,0.0,hidden_breakaway_pin,1,0.047480449080467224,331,331,hidden_breakaway_pin,0.047480449080467224,nan,nan,nan,nan,nan,nan,0.2009766697883606,0.0,0.5434788465499878,0.033692046999931335,0.563656210899353,2.2955238819122314e-05,0.039252180606126785,nan,nan,nan,phase3_12_compat_selection_no_phase4_no_cps
condition_nearest,1,hidden_breakaway_pin,312002,2,12,0.5416666666666666,0.5416666666666666,0.0,0,0.0,nan,nan,0.03969380259513855,0.0,0.0,hidden_breakaway_pin,1,0.04182958975434303,327,327,hidden_breakaway_pin,0.04182958975434303,nan,nan,nan,nan,nan,nan,0.4755324423313141,0.0,0.4126014709472656,0.036035433411598206,0.3581535816192627,0.06633593142032623,0.06231125816702843,nan,nan,nan,phase3_12_compat_selection_no_phase4_no_cps
condition_nearest,1,hidden_breakaway_pin,312002,2,13,0.5416666666666666,0.7083333333333334,0.16666666666666674,0,0.16666666666666674,nan,nan,0.04045235738158226,0.0,0.0,hidden_breakaway_pin,1,0.03822038322687149,331,331,hidden_breakaway_pin,0.03822038322687149,nan,nan,nan,nan,nan,nan,0.2134624421596527,0.0,0.5474299788475037,0.025952951982617378,0.5640940070152283,0.0029860027134418488,0.028375526890158653,nan,nan,nan,phase3_12_compat_selection_no_phase4_no_cps
condition_nearest,1,hidden_breakaway_pin,312002,2,14,0.7083333333333334,0.7083333333333334,0.0,0,0.0,nan,nan,0.0407942458987236,0.0,0.0,hidden_breakaway_pin,1,0.04584097862243652,327,327,hidden_breakaway_pin,0.04584097862243652,nan,nan,nan,nan,nan,nan,0.45097458362579346,0.0,0.41956937313079834,0.016788111999630928,0.3639707565307617,0.060464948415756226,0.0707027018070221,nan,nan,nan,phase3_12_compat_selection_no_phase4_no_cps
condition_nearest,1,hidden_breakaway_pin,312002,2,15,0.7083333333333334,0.7083333333333334,0.0,0,0.0,nan,nan,0.04045383259654045,0.0,0.0,hidden_breakaway_pin,1,0.04063297435641289,331,331,hidden_breakaway_pin,0.04063297435641289,nan,nan,nan,nan,nan,nan,0.24070891737937927,0.0,0.5560065507888794,0.012407710775732994,0.5644963979721069,-0.012459700927138329,0.026276713237166405,nan,nan,nan,phase3_12_compat_selection_no_phase4_no_cps
condition_nearest,1,hidden_high_friction,312000,0,0,0.0,0.0,0.0,0,0.0,nan,nan,0.03197479993104935,0.0,0.0,hidden_high_friction,1,0.01037104893475771,206,206,hidden_high_friction,0.01037104893475771,nan,nan,nan,nan,nan,nan,0.6033029556274414,0.0,0.4229065775871277,-0.0935370996594429,0.6116893291473389,0.2351372092962265,0.37903261184692383,nan,nan,nan,phase3_12_compat_selection_no_phase4_no_cps
condition_nearest,1,hidden_high_friction,312000,0,1,0.0,0.0,0.0,0,0.0,nan,nan,0.03284113481640816,0.0,0.0,hidden_high_friction,1,0.06708669662475586,302,302,hidden_high_friction,0.06708669662475586,nan,nan,nan,nan,nan,nan,0.5760365724563599,0.0,0.39828604459762573,-0.16950158774852753,0.43341147899627686,-0.18428298830986023,0.03810887038707733,nan,nan,nan,phase3_12_compat_selection_no_phase4_no_cps
condition_nearest,1,hidden_high_friction,312000,0,2,0.0,0.0,0.0,0,0.0,nan,nan,0.03420574590563774,0.0,0.0,hidden_high_friction,1,0.06078051030635834,658,658,hidden_high_friction,0.06078051030635834,nan,nan,nan,nan,nan,nan,0.3176597058773041,0.0,0.4386598467826843,-0.1513834297657013,0.5441468954086304,-0.10250046104192734,0.11626289784908295,nan,nan,nan,phase3_12_compat_selection_no_phase4_no_cps
condition_nearest,1,hidden_high_friction,312000,0,3,0.0,0.0,0.0,0,0.0,nan,nan,0.03816714137792587,0.0,0.0,hidden_high_friction,1,0.057461079210042953,614,614,hidden_high_friction,0.057461079210042953,nan,nan,nan,nan,nan,nan,0.36919841170310974,0.0,0.5057900547981262,-0.04101521894335747,0.6234140396118164,-0.04103216901421547,0.11762398481369019,nan,nan,nan,phase3_12_compat_selection_no_phase4_no_cps
condition_nearest,1,hidden_high_friction,312000,0,4,0.0,0.0,0.0,0,0.0,nan,nan,0.03762137144804001,0.0,0.0,hidden_high_friction,1,0.05336907505989075,662,662,hidden_high_friction,0.05336907505989075,nan,nan,nan,nan,nan,nan,0.5319438576698303,0.0,0.4212678074836731,-0.1993621289730072,0.46609386801719666,-0.2862201929092407,0.09774302691221237,nan,nan,nan,phase3_12_compat_selection_no_phase4_no_cps
condition_nearest,1,hidden_high_friction,312000,0,5,0.0,0.0,0.0,0,0.0,nan,nan,0.038091305643320084,0.0,0.0,hidden_high_friction,1,0.05022955313324928,306,306,hidden_high_friction,0.05022955313324928,nan,nan,nan,nan,nan,nan,0.35310274362564087,0.0,0.48315587639808655,-0.04610219970345497,0.5975489616394043,-0.022766631096601486,0.11674898862838745,nan,nan,nan,phase3_12_compat_selection_no_phase4_no_cps
condition_nearest,1,hidden_high_friction,312000,0,6,0.0,0.0,0.0,0,0.0,nan,nan,0.038332220166921616,0.0,0.0,hidden_high_friction,1,0.05351908504962921,662,662,hidden_high_friction,0.05351908504962921,nan,nan,nan,nan,nan,nan,0.5199167132377625,0.0,0.4145948588848114,-0.18705621361732483,0.45765015482902527,-0.26732853055000305,0.09109008312225342,nan,nan,nan,phase3_12_compat_selection_no_phase4_no_cps
condition_nearest,1,hidden_high_friction,312000,0,7,0.0,0.0,0.0,0,0.0,nan,nan,0.03911774605512619,0.0,0.0,hidden_high_friction,1,0.0534101203083992,306,306,hidden_high_friction,0.0534101203083992,nan,nan,nan,nan,nan,nan,0.3403163552284241,0.0,0.48483818769454956,-0.04060622304677963,0.5968624353408813,-0.024174535647034645,0.11322293430566788,nan,nan,nan,phase3_12_compat_selection_no_phase4_no_cps
condition_nearest,1,hidden_high_friction,312000,0,8,0.0,0.0,0.0,0,0.0,nan,nan,0.03984333574771881,0.0,0.0,hidden_high_friction,1,0.05372687429189682,662,662,hidden_high_friction,0.05372687429189682,nan,nan,nan,nan,nan,nan,0.5407517552375793,0.0,0.4117189943790436,-0.19703753292560577,0.45438849925994873,-0.26772797107696533,0.08257012069225311,nan,nan,nan,phase3_12_compat_selection_no_phase4_no_cps
condition_nearest,1,hidden_high_friction,312000,0,9,0.0,0.0,0.0,0,0.0,nan,nan,0.039601076394319534,0.0,0.0,hidden_high_friction,1,0.05390339717268944,306,306,hidden_high_friction,0.05390339717268944,nan,nan,nan,nan,nan,nan,0.33673611283302307,0.0,0.4831554591655731,-0.04685854911804199,0.5948043465614319,-0.02676316723227501,0.11344292759895325,nan,nan,nan,phase3_12_compat_selection_no_phase4_no_cps
condition_nearest,1,hidden_high_friction,312000,0,10,0.0,0.0,0.0,0,0.0,nan,nan,0.037344761192798615,0.0,0.0,hidden_high_friction,1,0.054147396236658096,662,662,hidden_high_friction,0.054147396236658096,nan,nan,nan,nan,nan,nan,0.5262330770492554,0.0,0.412411093711853,-0.195613831281662,0.4558852016925812,-0.2731318473815918,0.08887654542922974,nan,nan,nan,phase3_12_compat_selection_no_phase4_no_cps
condition_nearest,1,hidden_high_friction,312000,0,11,0.0,0.0,0.0,0,0.0,nan,nan,0.03678467869758606,0.0,0.0,hidden_high_friction,1,0.05482292175292969,306,306,hidden_high_friction,0.05482292175292969,nan,nan,nan,nan,nan,nan,0.34615522623062134,0.0,0.48878148198127747,-0.04530709609389305,0.5979695916175842,-0.030351774767041206,0.11020755767822266,nan,nan,nan,phase3_12_compat_selection_no_phase4_no_cps
condition_nearest,1,hidden_high_friction,312000,0,12,0.0,0.0,0.0,0,0.0,nan,nan,0.0365523099899292,0.0,0.0,hidden_high_friction,1,0.0536595918238163,662,662,hidden_high_friction,0.0536595918238163,nan,nan,nan,nan,nan,nan,0.5231306552886963,0.0,0.41497501730918884,-0.19440069794654846,0.45790404081344604,-0.2720956802368164,0.08876605331897736,nan,nan,nan,phase3_12_compat_selection_no_phase4_no_cps
condition_nearest,1,hidden_high_friction,312000,0,13,0.0,0.0,0.0,0,0.0,nan,nan,0.025484314188361168,0.0,0.0,hidden_high_friction,1,0.05460232496261597,306,306,hidden_high_friction,0.05460232496261597,nan,nan,nan,nan,nan,nan,0.43058308959007263,0.0,0.4869194030761719,-0.04465053230524063,0.597972571849823,-0.013213692232966423,0.1154169887304306,nan,nan,nan,phase3_12_compat_selection_no_phase4_no_cps
condition_nearest,1,hidden_high_friction,312000,0,14,0.0,0.0,0.0,0,0.0,nan,nan,0.025433357805013657,0.0,0.0,hidden_high_friction,1,0.05359259992837906,662,662,hidden_high_friction,0.05359259992837906,nan,nan,nan,nan,nan,nan,0.5154658555984497,0.0,0.4093436300754547,-0.19626949727535248,0.4603840708732605,-0.265274316072464,0.08583001792430878,nan,nan,nan,phase3_12_compat_selection_no_phase4_no_cps
condition_nearest,1,hidden_high_friction,312000,0,15,0.0,0.0,0.0,0,0.0,nan,nan,0.02559809200465679,0.0,0.0,hidden_high_friction,1,0.05463176965713501,306,306,hidden_high_friction,0.05463176965713501,nan,nan,nan,nan,nan,nan,0.4350789785385132,0.0,0.486250638961792,-0.050032418221235275,0.5911397933959961,-0.019702037796378136,0.10918638110160828,nan,nan,nan,phase3_12_compat_selection_no_phase4_no_cps
condition_nearest,1,hidden_high_friction,312001,1,0,0.16666666666666666,0.0,-0.16666666666666666,0,-0.16666666666666666,nan,nan,0.035753391683101654,0.0,0.0,hidden_high_friction,1,0.02140285074710846,626,626,hidden_high_friction,0.02140285074710846,nan,nan,nan,nan,nan,nan,0.6283358335494995,0.0,0.6779075860977173,0.0916380062699318,0.4222138524055481,-0.31765633821487427,0.48259830474853516,nan,nan,nan,phase3_12_compat_selection_no_phase4_no_cps
condition_nearest,1,hidden_high_friction,312001,1,1,0.0,0.0,0.0,0,0.0,nan,nan,0.03605416789650917,0.0,0.0,hidden_high_friction,1,0.0861225351691246,762,762,hidden_high_friction,0.0861225351691246,nan,nan,nan,nan,nan,nan,0.45205438137054443,0.0,0.5881412625312805,-0.0979088842868805,0.5280436873435974,-0.1300150752067566,0.06813608855009079,nan,nan,nan,phase3_12_compat_selection_no_phase4_no_cps
condition_nearest,1,hidden_high_friction,312001,1,2,0.0,0.0,0.0,0,0.0,nan,nan,0.03815170004963875,0.0,0.0,hidden_high_friction,1,0.08115293830633163,302,302,hidden_high_friction,0.08115293830633163,nan,nan,nan,nan,nan,nan,0.42010554671287537,0.0,0.4940909445285797,-0.19254261255264282,0.41623637080192566,-0.20179329812526703,0.07840222865343094,nan,nan,nan,phase3_12_compat_selection_no_phase4_no_cps
condition_nearest,1,hidden_high_friction,312001,1,3,0.0,0.0,0.0,0,0.0,nan,nan,0.04024498537182808,0.0,0.0,hidden_high_friction,1,0.05723647400736809,306,306,hidden_high_friction,0.05723647400736809,nan,nan,nan,nan,nan,nan,0.2886936068534851,0.0,0.5758394598960876,-0.06280443072319031,0.5904850363731384,-0.026934344321489334,0.03874475508928299,nan,nan,nan,phase3_12_compat_selection_no_phase4_no_cps
condition_nearest,1,hidden_high_friction,312001,1,4,0.0,0.0,0.0,0,0.0,nan,nan,0.040386803448200226,0.0,0.0,hidden_high_friction,1,0.05803058668971062,302,302,hidden_high_friction,0.05803058668971062,nan,nan,nan,nan,nan,nan,0.6307659149169922,0.0,0.44780415296554565,-0.20926927030086517,0.4156038761138916,-0.2163502424955368,0.032969653606414795,nan,nan,nan,phase3_12_compat_selection_no_phase4_no_cps
condition_nearest,1,hidden_high_friction,312001,1,5,0.0,0.0,0.0,0,0.0,nan,nan,0.04015611484646797,0.0,0.0,hidden_high_friction,1,0.04822971671819687,306,306,hidden_high_friction,0.04822971671819687,nan,nan,nan,nan,nan,nan,0.2705228924751282,0.0,0.5506526827812195,-0.0776960477232933,0.5791796445846558,-0.024438273161649704,0.060416705906391144,nan,nan,nan,phase3_12_compat_selection_no_phase4_no_cps
condition_nearest,1,hidden_high_friction,312001,1,6,0.0,0.0,0.0,0,0.0,nan,nan,0.03975694626569748,0.0,0.0,hidden_high_friction,1,0.05438872054219246,302,302,hidden_high_friction,0.05438872054219246,nan,nan,nan,nan,nan,nan,0.679128110408783,0.0,0.4490407109260559,-0.2096049189567566,0.4200432300567627,-0.21627609431743622,0.02975497394800186,nan,nan,nan,phase3_12_compat_selection_no_phase4_no_cps
condition_nearest,1,hidden_high_friction,312001,1,7,0.0,0.0,0.0,0,0.0,nan,nan,0.040568966418504715,0.0,0.0,hidden_high_friction,1,0.04909694939851761,306,306,hidden_high_friction,0.04909694939851761,nan,nan,nan,nan,nan,nan,0.28515052795410156,0.0,0.5542197823524475,-0.08453790098428726,0.5846638679504395,-0.025435402989387512,0.06648268550634384,nan,nan,nan,phase3_12_compat_selection_no_phase4_no_cps
condition_nearest,1,hidden_high_friction,312001,1,8,0.0,0.0,0.0,0,0.0,nan,nan,0.040181223303079605,0.0,0.0,hidden_high_friction,1,0.05546806752681732,302,302,hidden_high_friction,0.05546806752681732,nan,nan,nan,nan,nan,nan,0.692844569683075,0.0,0.4490739405155182,-0.21069063246250153,0.4196970462799072,-0.21747452020645142,0.03015000931918621,nan,nan,nan,phase3_12_compat_selection_no_phase4_no_cps
condition_nearest,1,hidden_high_friction,312001,1,9,0.0,0.0,0.0,0,0.0,nan,nan,0.0401410274207592,0.0,0.0,hidden_high_friction,1,0.04912199452519417,306,306,hidden_high_friction,0.04912199452519417,nan,nan,nan,nan,nan,nan,0.2815820276737213,0.0,0.5550603866577148,-0.08209054917097092,0.5839060544967651,-0.02564425580203533,0.06338971853256226,nan,nan,nan,phase3_12_compat_selection_no_phase4_no_cps
condition_nearest,1,hidden_high_friction,312001,1,10,0.0,0.0,0.0,0,0.0,nan,nan,0.040165431797504425,0.0,0.0,hidden_high_friction,1,0.05554967373609543,302,302,hidden_high_friction,0.05554967373609543,nan,nan,nan,nan,nan,nan,0.6806513071060181,0.0,0.44915759563446045,-0.20975755155086517,0.41948994994163513,-0.21734070777893066,0.030621454119682312,nan,nan,nan,phase3_12_compat_selection_no_phase4_no_cps
condition_nearest,1,hidden_high_friction,312001,1,11,0.0,0.0,0.0,0,0.0,nan,nan,0.03967944160103798,0.0,0.0,hidden_high_friction,1,0.049103837460279465,306,306,hidden_high_friction,0.049103837460279465,nan,nan,nan,nan,nan,nan,0.27853161096572876,0.0,0.5551141500473022,-0.0809330940246582,0.5836580395698547,-0.025048578158020973,0.06275215744972229,nan,nan,nan,phase3_12_compat_selection_no_phase4_no_cps
condition_nearest,1,hidden_high_friction,312001,1,12,0.0,0.0,0.0,0,0.0,nan,nan,0.04025110974907875,0.0,0.0,hidden_high_friction,1,0.05536109209060669,302,302,hidden_high_friction,0.05536109209060669,nan,nan,nan,nan,nan,nan,0.6807225346565247,0.0,0.4487432837486267,-0.2100791484117508,0.41941601037979126,-0.21724997460842133,0.030191220343112946,nan,nan,nan,phase3_12_compat_selection_no_phase4_no_cps
condition_nearest,1,hidden_high_friction,312001,1,13,0.0,0.0,0.0,0,0.0,nan,nan,0.039604540914297104,0.0,0.0,hidden_high_friction,1,0.04902211204171181,306,306,hidden_high_friction,0.04902211204171181,nan,nan,nan,nan,nan,nan,0.27858731150627136,0.0,0.5543161630630493,-0.08183156698942184,0.5831806063652039,-0.02568671479821205,0.06313002854585648,nan,nan,nan,phase3_12_compat_selection_no_phase4_no_cps
condition_nearest,1,hidden_high_friction,312001,1,14,0.0,0.0,0.0,0,0.0,nan,nan,0.040165457874536514,0.0,0.0,hidden_high_friction,1,0.05530201271176338,302,302,hidden_high_friction,0.05530201271176338,nan,nan,nan,nan,nan,nan,0.6853480935096741,0.0,0.4481501877307892,-0.21020659804344177,0.4190364181995392,-0.2175876349210739,0.030034834519028664,nan,nan,nan,phase3_12_compat_selection_no_phase4_no_cps
condition_nearest,1,hidden_high_friction,312001,1,15,0.0,0.0,0.0,0,0.0,nan,nan,0.04068640246987343,0.0,0.0,hidden_high_friction,1,0.048999715596437454,306,306,hidden_high_friction,0.048999715596437454,nan,nan,nan,nan,nan,nan,0.27907389402389526,0.0,0.5542030930519104,-0.081716388463974,0.5832168459892273,-0.025611283257603645,0.06316313147544861,nan,nan,nan,phase3_12_compat_selection_no_phase4_no_cps
condition_nearest,1,hidden_high_friction,312002,2,0,0.0,0.0,0.0,0,0.0,nan,nan,0.030743101611733437,0.0,0.0,hidden_high_friction,1,0.01708858087658882,670,670,hidden_high_friction,0.01708858087658882,nan,nan,nan,nan,nan,nan,0.7376304268836975,0.0,0.4142557978630066,0.39746201038360596,0.3643120527267456,-0.20163147151470184,0.6011716723442078,nan,nan,nan,phase3_12_compat_selection_no_phase4_no_cps
condition_nearest,1,hidden_high_friction,312002,2,1,0.0,0.0,0.0,0,0.0,nan,nan,0.03130965679883957,0.0,0.0,hidden_high_friction,1,0.11434077471494675,718,718,hidden_high_friction,0.11434077471494675,nan,nan,nan,nan,nan,nan,0.5161749720573425,0.0,0.3714742660522461,0.035499393939971924,0.6302149295806885,0.058999210596084595,0.2598056495189667,nan,nan,nan,phase3_12_compat_selection_no_phase4_no_cps
condition_nearest,1,hidden_high_friction,312002,2,2,0.0,0.0,0.0,0,0.0,nan,nan,0.03530402109026909,0.0,0.0,hidden_high_friction,1,0.09512817859649658,722,722,hidden_high_friction,0.09512817859649658,nan,nan,nan,nan,nan,nan,0.4677760601043701,0.0,0.37340229749679565,-0.05926886945962906,0.4273844063282013,-0.12412810325622559,0.08438476175069809,nan,nan,nan,phase3_12_compat_selection_no_phase4_no_cps
condition_nearest,1,hidden_high_friction,312002,2,3,0.0,0.0,0.0,0,0.0,nan,nan,0.04024197533726692,0.0,0.0,hidden_high_friction,1,0.05812932550907135,726,726,hidden_high_friction,0.05812932550907135,nan,nan,nan,nan,nan,nan,0.5873125791549683,0.0,0.3591788411140442,-0.0891646295785904,0.35763055086135864,-0.1751158982515335,0.08596520870923996,nan,nan,nan,phase3_12_compat_selection_no_phase4_no_cps
condition_nearest,1,hidden_high_friction,312002,2,4,0.0,0.0,0.0,0,0.0,nan,nan,0.04026827588677406,0.0,0.0,hidden_high_friction,1,0.06112401932477951,190,190,hidden_high_friction,0.06112401932477951,nan,nan,nan,nan,nan,nan,0.36702507734298706,0.0,0.44558247923851013,-0.021658459678292274,0.5713598728179932,0.09190480411052704,0.16945962607860565,nan,nan,nan,phase3_12_compat_selection_no_phase4_no_cps
condition_nearest,1,hidden_high_friction,312002,2,5,0.0,0.0,0.0,0,0.0,nan,nan,0.03994463384151459,0.0,0.0,hidden_high_friction,1,0.06311366707086563,194,194,hidden_high_friction,0.06311366707086563,nan,nan,nan,nan,nan,nan,0.4102201759815216,0.0,0.4551193118095398,0.011571338400244713,0.5882699489593506,0.11100398004055023,0.16618044674396515,nan,nan,nan,phase3_12_compat_selection_no_phase4_no_cps
condition_nearest,1,hidden_high_friction,312002,2,6,0.0,0.0,0.0,0,0.0,nan,nan,0.04061012342572212,0.0,0.0,hidden_high_friction,1,0.055732596665620804,726,726,hidden_high_friction,0.055732596665620804,nan,nan,nan,nan,nan,nan,0.555341362953186,0.0,0.3708697557449341,-0.07671979814767838,0.36305296421051025,-0.17060276865959167,0.09420782327651978,nan,nan,nan,phase3_12_compat_selection_no_phase4_no_cps
condition_nearest,1,hidden_high_friction,312002,2,7,0.0,0.0,0.0,0,0.0,nan,nan,0.040294893085956573,0.0,0.0,hidden_high_friction,1,0.059246838092803955,190,190,hidden_high_friction,0.059246838092803955,nan,nan,nan,nan,nan,nan,0.40039798617362976,0.0,0.43101051449775696,-0.02201167121529579,0.5806776285171509,0.10678118467330933,0.19745339453220367,nan,nan,nan,phase3_12_compat_selection_no_phase4_no_cps
condition_nearest,1,hidden_high_friction,312002,2,8,0.0,0.0,0.0,0,0.0,nan,nan,0.04038510471582413,0.0,0.0,hidden_high_friction,1,0.062391601502895355,190,190,hidden_high_friction,0.062391601502895355,nan,nan,nan,nan,nan,nan,0.38628697395324707,0.0,0.4376547038555145,-0.0070978738367557526,0.5747874975204468,0.10918188095092773,0.17979539930820465,nan,nan,nan,phase3_12_compat_selection_no_phase4_no_cps
condition_nearest,1,hidden_high_friction,312002,2,9,0.0,0.0,0.0,0,0.0,nan,nan,0.04027378559112549,0.0,0.0,hidden_high_friction,1,0.057034049183130264,726,726,hidden_high_friction,0.057034049183130264,nan,nan,nan,nan,nan,nan,0.5610947012901306,0.0,0.3705291748046875,-0.08125334233045578,0.36234405636787415,-0.17217588424682617,0.09129022806882858,nan,nan,nan,phase3_12_compat_selection_no_phase4_no_cps
condition_nearest,1,hidden_high_friction,312002,2,10,0.0,0.0,0.0,0,0.0,nan,nan,0.04003382474184036,0.0,0.0,hidden_high_friction,1,0.05918464437127113,190,190,hidden_high_friction,0.05918464437127113,nan,nan,nan,nan,nan,nan,0.3958790600299835,0.0,0.4328060746192932,-0.01851988583803177,0.5789857506752014,0.10349239408969879,0.19040875136852264,nan,nan,nan,phase3_12_compat_selection_no_phase4_no_cps
condition_nearest,1,hidden_high_friction,312002,2,11,0.0,0.0,0.0,0,0.0,nan,nan,0.040096793323755264,0.0,0.0,hidden_high_friction,1,0.06257667392492294,190,190,hidden_high_friction,0.06257667392492294,nan,nan,nan,nan,nan,nan,0.3893069624900818,0.0,0.4394986629486084,-0.003880932927131653,0.5738291144371033,0.10784579813480377,0.17472130060195923,nan,nan,nan,phase3_12_compat_selection_no_phase4_no_cps
condition_nearest,1,hidden_high_friction,312002,2,12,0.0,0.0,0.0,0,0.0,nan,nan,0.039434321224689484,0.0,0.0,hidden_high_friction,1,0.056741613894701004,726,726,hidden_high_friction,0.056741613894701004,nan,nan,nan,nan,nan,nan,0.560268759727478,0.0,0.3700014352798462,-0.08057582378387451,0.3626959025859833,-0.17179585993289948,0.09151210635900497,nan,nan,nan,phase3_12_compat_selection_no_phase4_no_cps
condition_nearest,1,hidden_high_friction,312002,2,13,0.0,0.0,0.0,0,0.0,nan,nan,0.040067367255687714,0.0,0.0,hidden_high_friction,1,0.05925961583852768,190,190,hidden_high_friction,0.05925961583852768,nan,nan,nan,nan,nan,nan,0.3959729075431824,0.0,0.4317535161972046,-0.019964808598160744,0.5789611339569092,0.10379530489444733,0.1923191398382187,nan,nan,nan,phase3_12_compat_selection_no_phase4_no_cps
condition_nearest,1,hidden_high_friction,312002,2,14,0.0,0.0,0.0,0,0.0,nan,nan,0.04056346416473389,0.0,0.0,hidden_high_friction,1,0.06259764730930328,190,190,hidden_high_friction,0.06259764730930328,nan,nan,nan,nan,nan,nan,0.3855479657649994,0.0,0.4391588270664215,-0.004531338810920715,0.5734827518463135,0.10709649324417114,0.1746530532836914,nan,nan,nan,phase3_12_compat_selection_no_phase4_no_cps
condition_nearest,1,hidden_high_friction,312002,2,15,0.0,0.0,0.0,0,0.0,nan,nan,0.04033106192946434,0.0,0.0,hidden_high_friction,1,0.05697096511721611,726,726,hidden_high_friction,0.05697096511721611,nan,nan,nan,nan,nan,nan,0.5599316954612732,0.0,0.3699226379394531,-0.07963837683200836,0.3621698021888733,-0.1718778759241104,0.09256474673748016,nan,nan,nan,phase3_12_compat_selection_no_phase4_no_cps
compat_global_topk,0,free,312000,0,0,0.0,0.0,0.0,0,0.0,nan,nan,0.03959823027253151,0.0,0.0,hidden_pin,0,0.017817027866840363,505,505,hidden_pin,0.017817027866840363,0.1755845187231898,0.017817027866840363,0.6829332709312439,0.0,0.002761027542874217,0.022141695022583008,0.6829332709312439,0.0,0.4331766664981842,-0.3610418438911438,0.6503176093101501,-0.2308482825756073,0.2531808614730835,0.2753225564956665,0.002761027542874217,0.008043547160923481,phase3_12_compat_selection_no_phase4_no_cps
compat_global_topk,0,free,312000,0,1,0.0,0.0,0.0,0,0.0,nan,nan,0.0397300161421299,0.0,0.0,hidden_breakaway_pin,0,0.10729363560676575,351,351,hidden_breakaway_pin,0.10729363560676575,0.30932756960392,0.10729363560676575,0.6981478929519653,0.0,0.012121366336941719,0.02441314235329628,0.6981478929519653,0.0,0.5362105369567871,-0.3329673111438751,0.6059638857841492,-0.28663307428359985,0.08374001830816269,0.05932687595486641,0.012121366336941719,0.025642486289143562,phase3_12_compat_selection_no_phase4_no_cps
compat_global_topk,0,free,312000,0,2,0.0,0.0,0.0,0,0.0,nan,nan,0.03977947309613228,0.0,0.0,free,1,0.09615544974803925,348,348,free,0.09615544974803925,0.30523268193006514,0.09615544974803925,0.7761539816856384,0.0,0.010068787261843681,0.02188664674758911,0.7761539816856384,0.0,0.6034221053123474,-0.21332325041294098,0.5679978728294373,-0.28022006154060364,0.0756971538066864,0.05381050705909729,0.010068787261843681,0.019896432757377625,phase3_12_compat_selection_no_phase4_no_cps
compat_global_topk,0,free,312000,0,3,0.0,0.0,0.0,0,0.0,nan,nan,0.03993819281458855,0.0,0.0,hidden_pin,0,0.08017115294933319,469,469,hidden_pin,0.08017115294933319,0.3345105558633804,0.08017115294933319,0.7838788032531738,0.0,0.010870032012462616,0.04663872718811035,0.7838788032531738,0.0,0.7110985517501831,0.403594046831131,0.48953917622566223,-0.18855126202106476,0.6322377920150757,0.678876519203186,0.010870032012462616,0.024389071390032768,phase3_12_compat_selection_no_phase4_no_cps
compat_global_topk,0,free,312000,0,4,0.0,0.0,0.0,0,0.0,nan,nan,0.03939340263605118,0.0,0.0,hidden_breakaway_pin,0,0.12755204737186432,351,351,hidden_breakaway_pin,0.12755204737186432,0.3990695282816887,0.12755204737186432,0.9509138464927673,0.0,0.0156933031976223,0.03305359557271004,0.9509138464927673,0.0,0.6450039148330688,-0.22985774278640747,0.5544277429580688,-0.24802662432193756,0.09238047152757645,0.05932687595486641,0.0156933031976223,0.0290408693253994,phase3_12_compat_selection_no_phase4_no_cps
compat_global_topk,0,free,312000,0,5,0.0,0.0,0.0,0,0.0,nan,nan,0.03941504284739494,0.0,0.0,free,1,0.13300083577632904,656,656,free,0.13300083577632904,0.42786244824528696,0.13300083577632904,0.6157670021057129,0.0,0.013135380111634731,0.07497752085328102,0.6157670021057129,0.0,0.5679851770401001,-0.1020866259932518,0.45893630385398865,-0.08822846412658691,0.10992591083049774,0.03494838997721672,0.013135380111634731,0.028274381533265114,phase3_12_compat_selection_no_phase4_no_cps
compat_global_topk,0,free,312000,0,6,0.0,0.0,0.0,0,0.0,nan,nan,0.03921390697360039,0.0,0.0,hidden_pin,0,0.13503919541835785,445,445,hidden_pin,0.13503919541835785,0.32127956226468085,0.13503919541835785,0.5538840293884277,0.0,0.013643608428537846,0.024291664361953735,0.5538840293884277,0.0,0.6965575218200684,-0.2571538984775543,0.4478335976600647,0.02074488252401352,0.3729495108127594,0.39724117517471313,0.013643608428537846,0.025600219145417213,phase3_12_compat_selection_no_phase4_no_cps
compat_global_topk,0,free,312000,0,7,0.0,0.0,0.0,0,0.0,nan,nan,0.03945712372660637,0.0,0.0,hidden_high_friction,0,0.09263280034065247,346,346,hidden_high_friction,0.09263280034065247,0.33269294276833533,0.09263280034065247,0.8031694293022156,0.0,0.010803625918924809,0.03818511217832565,0.8031694293022156,0.0,0.6433457136154175,-0.19105924665927887,0.5538245439529419,-0.23702441155910492,0.1006321832537651,0.06244707107543945,0.010803625918924809,0.022331779822707176,phase3_12_compat_selection_no_phase4_no_cps
compat_global_topk,0,free,312000,0,8,0.0,0.0,0.0,0,0.0,nan,nan,0.04029904678463936,0.0,0.0,hidden_high_friction,0,0.09874802827835083,110,110,hidden_high_friction,0.09874802827835083,0.3098087817430496,0.09874802827835083,0.3471910357475281,0.0,0.00867195799946785,0.06214713305234909,0.3471910357475281,0.0,0.5874176621437073,-0.08011145144701004,0.48395103216171265,-0.04126378148794174,0.1105191558599472,0.048372022807598114,0.00867195799946785,0.018952801823616028,phase3_12_compat_selection_no_phase4_no_cps
compat_global_topk,0,free,312000,0,9,0.0,0.0,0.0,0,0.0,nan,nan,0.03915756940841675,0.0,0.0,hidden_high_friction,0,0.10704325884580612,462,462,hidden_high_friction,0.10704325884580612,0.36949314251542087,0.10704325884580612,0.8375014662742615,0.0,0.008149486966431141,0.052113357931375504,0.8375014662742615,0.0,0.6461041569709778,-0.17542365193367004,0.5662382245063782,-0.23605047166347504,0.10027052462100983,0.04815716668963432,0.008149486966431141,0.015741247683763504,phase3_12_compat_selection_no_phase4_no_cps
compat_global_topk,0,free,312000,0,10,0.0,0.0,0.0,0,0.0,nan,nan,0.03931371495127678,0.0,0.0,hidden_high_friction,0,0.08719202131032944,346,346,hidden_high_friction,0.08719202131032944,0.30024707689881325,0.08719202131032944,0.7361453771591187,0.0,0.007846864871680737,0.03562289476394653,0.7361453771591187,0.0,0.636849582195282,-0.20467810332775116,0.5539251565933228,-0.25703513622283936,0.09806996583938599,0.06244707107543945,0.007846864871680737,0.01888781040906906,phase3_12_compat_selection_no_phase4_no_cps
compat_global_topk,0,free,312000,0,11,0.0,0.0,0.0,0,0.0,nan,nan,0.04000844433903694,0.0,0.0,free,1,0.09023281186819077,656,656,free,0.09023281186819077,0.33436717465519905,0.09023281186819077,0.31015515327453613,0.0,0.011694286949932575,0.07541697099804878,0.31015515327453613,0.0,0.6167739033699036,-0.08916071802377701,0.5113911628723145,-0.05637364462018013,0.1103653609752655,0.03494838997721672,0.011694286949932575,0.029185976833105087,phase3_12_compat_selection_no_phase4_no_cps
compat_global_topk,0,free,312000,0,12,0.0,0.0,0.0,0,0.0,nan,nan,0.03942833095788956,0.0,0.0,free,1,0.09574379026889801,464,464,free,0.09574379026889801,0.35753672681748866,0.09574379026889801,0.48348140716552734,0.0,0.007275543175637722,0.08008427638560534,0.48348140716552734,0.0,0.5677523016929626,-0.1438034176826477,0.4730927646160126,-0.14516031742095947,0.09466926008462906,0.014584983699023724,0.007275543175637722,0.020860526710748672,phase3_12_compat_selection_no_phase4_no_cps
compat_global_topk,0,free,312000,0,13,0.0,0.0,0.0,0,0.0,nan,nan,0.03989386558532715,0.0,0.0,hidden_high_friction,0,0.08738017082214355,346,346,hidden_high_friction,0.08738017082214355,0.32309354431927206,0.08738017082214355,0.7453910112380981,0.0,0.0075991046614944935,0.046754151582717896,0.7453910112380981,0.0,0.6314817667007446,-0.1994580775499344,0.548602819442749,-0.270563542842865,0.10920122265815735,0.06244707107543945,0.0075991046614944935,0.01801086589694023,phase3_12_compat_selection_no_phase4_no_cps
compat_global_topk,0,free,312000,0,14,0.0,0.0,0.0,0,0.0,nan,nan,0.039513036608695984,0.0,0.0,hidden_breakaway_pin,0,0.0854378342628479,351,351,hidden_breakaway_pin,0.0854378342628479,0.2788619413971901,0.0854378342628479,0.7775840759277344,0.0,0.00668107345700264,0.02503110095858574,0.7775840759277344,0.0,0.6467760801315308,-0.2529239058494568,0.5903648138046265,-0.31564581394195557,0.08435797691345215,0.05932687595486641,0.00668107345700264,0.016452541574835777,phase3_12_compat_selection_no_phase4_no_cps
compat_global_topk,0,free,312000,0,15,0.0,0.0,0.0,0,0.0,nan,nan,0.03998760133981705,0.0,0.0,hidden_high_friction,0,0.0935807153582573,110,110,hidden_high_friction,0.0935807153582573,0.31826950833201406,0.0935807153582573,0.2669786810874939,0.0,0.008433551527559757,0.07545389235019684,0.2669786810874939,0.0,0.6137574911117554,-0.08166579157114029,0.5044189691543579,-0.023545701056718826,0.12382591515779495,0.048372022807598114,0.008433551527559757,0.022796807810664177,phase3_12_compat_selection_no_phase4_no_cps
compat_global_topk,0,free,312001,1,0,0.0,0.0,0.0,0,0.0,nan,nan,0.04027818888425827,0.0,0.0,hidden_breakaway_pin,0,0.015222035348415375,215,215,hidden_breakaway_pin,0.015222035348415375,0.10990612525492906,0.015222035348415375,0.5280196070671082,0.0,0.0032328602392226458,0.0012748539447784424,0.5280196070671082,0.0,0.6335129141807556,-0.22443804144859314,0.3600640892982483,0.07981648296117783,0.40907832980155945,0.407803475856781,0.0032328602392226458,0.007466480601578951,phase3_12_compat_selection_no_phase4_no_cps
compat_global_topk,0,free,312001,1,1,0.0,0.0,0.0,0,0.0,nan,nan,0.03993302211165428,0.0,0.0,hidden_breakaway_pin,0,0.09943390637636185,351,351,hidden_breakaway_pin,0.09943390637636185,0.2839184476435185,0.09943390637636185,0.6830340623855591,0.0,0.01017079595476389,0.011974204331636429,0.6830340623855591,0.0,0.6664626598358154,-0.2934710681438446,0.5957508683204651,-0.3026190996170044,0.07130108028650284,0.05932687595486641,0.01017079595476389,0.022975221276283264,phase3_12_compat_selection_no_phase4_no_cps
compat_global_topk,0,free,312001,1,2,0.0,0.0,0.0,0,0.0,nan,nan,0.04023783653974533,0.0,0.0,hidden_pin,0,0.11410339176654816,445,445,hidden_pin,0.11410339176654816,0.2795778103172779,0.11410339176654816,0.6175503134727478,0.0,0.008438733406364918,0.019543468952178955,0.6175503134727478,0.0,0.6711276769638062,-0.27097418904304504,0.4613070487976074,0.04308132827281952,0.3776977062225342,0.39724117517471313,0.008438733406364918,0.015260962769389153,phase3_12_compat_selection_no_phase4_no_cps
compat_global_topk,0,free,312001,1,3,0.0,0.0,0.0,0,0.0,nan,nan,0.03996686637401581,0.0,0.0,hidden_pin,0,0.09292289614677429,469,469,hidden_pin,0.09292289614677429,0.29079309329390524,0.09292289614677429,0.9006544351577759,0.0,0.013754396699368954,0.0038772225379943848,0.9006544351577759,0.0,0.7278087735176086,0.41805851459503174,0.47248736023902893,-0.2067895233631134,0.6749992966651917,0.678876519203186,0.013754396699368954,0.026426833122968674,phase3_12_compat_selection_no_phase4_no_cps
compat_global_topk,0,free,312001,1,4,0.0,0.0,0.0,0,0.0,nan,nan,0.039121098816394806,0.0,0.0,hidden_pin,0,0.13389939069747925,469,469,hidden_pin,0.13389939069747925,0.45422935783863067,0.13389939069747925,1.0173053741455078,0.0,0.01881355419754982,0.04623997211456299,1.0173053741455078,0.0,0.7769443988800049,0.3925727307796478,0.473213791847229,-0.1623837798833847,0.632636547088623,0.678876519203186,0.01881355419754982,0.03978569433093071,phase3_12_compat_selection_no_phase4_no_cps
compat_global_topk,0,free,312001,1,5,0.0,0.0,0.0,0,0.0,nan,nan,0.03685212507843971,0.0,0.0,hidden_pin,0,0.15925733745098114,469,469,hidden_pin,0.15925733745098114,0.6431502744555473,0.15925733745098114,0.9633334279060364,0.0,0.026982014998793602,0.11573243141174316,0.9633334279060364,0.0,0.8035736083984375,0.3383970558643341,0.47990378737449646,-0.12243819236755371,0.5631440877914429,0.678876519203186,0.026982014998793602,0.05604806914925575,phase3_12_compat_selection_no_phase4_no_cps
compat_global_topk,0,free,312001,1,6,0.0,0.0,0.0,0,0.0,nan,nan,0.03406083956360817,0.0,0.0,hidden_pin,0,0.1912199854850769,425,425,hidden_pin,0.1912199854850769,0.653534534573555,0.1912199854850769,0.8988080620765686,0.0,0.032819755375385284,0.09810715913772583,0.8988080620765686,0.0,0.7559167742729187,0.21519875526428223,0.3385365605354309,-0.1069941446185112,0.5272707939147949,0.6253779530525208,0.032819755375385284,0.07108049094676971,phase3_12_compat_selection_no_phase4_no_cps
compat_global_topk,0,free,312001,1,7,0.0,0.0,0.0,0,0.0,nan,nan,0.03458049148321152,0.0,0.0,hidden_pin,0,0.17760524153709412,301,301,hidden_pin,0.17760524153709412,0.5853013321757317,0.17760524153709412,0.8970537781715393,0.0,0.029340172186493874,0.07788866758346558,0.8970537781715393,0.0,0.6114751100540161,0.07879577577114105,0.36519837379455566,-0.1636895090341568,0.3456173241138458,0.4235059916973114,0.029340172186493874,0.05916396901011467,phase3_12_compat_selection_no_phase4_no_cps
compat_global_topk,0,free,312001,1,8,0.0,0.0,0.0,0,0.0,nan,nan,0.03686843067407608,0.0,0.0,hidden_pin,0,0.15145175158977509,301,301,hidden_pin,0.15145175158977509,0.4621503248810768,0.15145175158977509,0.5862744450569153,0.0,0.026638450101017952,0.058101803064346313,0.5862744450569153,0.0,0.604781985282898,0.09244315326213837,0.3601309061050415,-0.1789717972278595,0.3654041886329651,0.4235059916973114,0.026638450101017952,0.05498914793133736,phase3_12_compat_selection_no_phase4_no_cps
compat_global_topk,0,free,312001,1,9,0.0,0.0,0.0,0,0.0,nan,nan,0.03897404298186302,0.0,0.0,hidden_breakaway_pin,0,0.11812127381563187,463,463,hidden_breakaway_pin,0.11812127381563187,0.38978163003921507,0.11812127381563187,0.6722089052200317,0.0,0.01108582504093647,0.06324286013841629,0.6722089052200317,0.0,0.652702808380127,-0.20336703956127167,0.5399091839790344,-0.22644636034965515,0.11513061076402664,0.05188775062561035,0.01108582504093647,0.02455507032573223,phase3_12_compat_selection_no_phase4_no_cps
compat_global_topk,0,free,312001,1,10,0.0,0.0,0.0,0,0.0,nan,nan,0.03940683230757713,0.0,0.0,hidden_breakaway_pin,0,0.10034188628196716,351,351,hidden_breakaway_pin,0.10034188628196716,0.29254039749503136,0.10034188628196716,0.7418426871299744,0.0,0.009325006045401096,0.021811041980981827,0.7418426871299744,0.0,0.6448385715484619,-0.26633235812187195,0.5687922835350037,-0.29462236166000366,0.08113791793584824,0.05932687595486641,0.009325006045401096,0.019721990451216698,phase3_12_compat_selection_no_phase4_no_cps
compat_global_topk,0,free,312001,1,11,0.0,0.0,0.0,0,0.0,nan,nan,0.03915178403258324,0.0,0.0,free,1,0.09251032769680023,656,656,free,0.09251032769680023,0.31168003231287,0.09251032769680023,0.3456101715564728,0.0,0.010335328057408333,0.06299343332648277,0.3456101715564728,0.0,0.599576473236084,-0.08593272417783737,0.5032926201820374,-0.06798781454563141,0.0979418233036995,0.03494838997721672,0.010335328057408333,0.025532180443406105,phase3_12_compat_selection_no_phase4_no_cps
compat_global_topk,0,free,312001,1,12,0.0,0.0,0.0,0,0.0,nan,nan,0.03935164585709572,0.0,0.0,hidden_high_friction,0,0.08624482154846191,110,110,hidden_high_friction,0.08624482154846191,0.32731288596987723,0.08624482154846191,0.25366005301475525,0.0,0.009129193611443043,0.08325114101171494,0.25366005301475525,0.0,0.624057948589325,-0.08910619467496872,0.5090360641479492,-0.02511696144938469,0.13162316381931305,0.048372022807598114,0.009129193611443043,0.025434935465455055,phase3_12_compat_selection_no_phase4_no_cps
compat_global_topk,0,free,312001,1,13,0.0,0.0,0.0,0,0.0,nan,nan,0.03898626193404198,0.0,0.0,hidden_high_friction,0,0.08635546267032623,346,346,hidden_high_friction,0.08635546267032623,0.31845887526869776,0.08635546267032623,0.7952967882156372,0.0,0.0072542158886790276,0.04189601540565491,0.7952967882156372,0.0,0.6221493482589722,-0.20357798039913177,0.5518297553062439,-0.2806664705276489,0.10434308648109436,0.06244707107543945,0.0072542158886790276,0.01570727862417698,phase3_12_compat_selection_no_phase4_no_cps
compat_global_topk,0,free,312001,1,14,0.0,0.0,0.0,0,0.0,nan,nan,0.03918417543172836,0.0,0.0,hidden_breakaway_pin,0,0.08348622918128967,351,351,hidden_breakaway_pin,0.08348622918128967,0.3092420645058155,0.08348622918128967,0.8711903691291809,0.0,0.007540843449532986,0.03245695307850838,0.8711903691291809,0.0,0.6269433498382568,-0.2517325282096863,0.5746609568595886,-0.32717007398605347,0.09178382903337479,0.05932687595486641,0.007540843449532986,0.015059052035212517,phase3_12_compat_selection_no_phase4_no_cps
compat_global_topk,0,free,312001,1,15,0.0,0.0,0.0,0,0.0,nan,nan,0.04040074348449707,0.0,0.0,hidden_high_friction,0,0.08824862539768219,110,110,hidden_high_friction,0.08824862539768219,0.2977387897670269,0.08824862539768219,0.25582921504974365,0.0,0.0077569736167788506,0.07004394382238388,0.25582921504974365,0.0,0.6091498136520386,-0.07658980041742325,0.5041422247886658,-0.02185637503862381,0.118415966629982,0.048372022807598114,0.0077569736167788506,0.021567419171333313,phase3_12_compat_selection_no_phase4_no_cps
compat_global_topk,0,free,312002,2,0,0.0,0.0,0.0,0,0.0,nan,nan,0.040041301399469376,0.0,0.0,hidden_breakaway_pin,0,0.027724776417016983,139,139,hidden_breakaway_pin,0.027724776417016983,0.1017840478569269,0.027724776417016983,0.40562671422958374,0.0,0.0032372227869927883,0.00013318657875061035,0.40562671422958374,0.0,0.5172515511512756,0.11248428374528885,0.4102634787559509,-0.016484681516885757,0.16756922006607056,0.16743603348731995,0.0032372227869927883,0.0074775139801204205,phase3_12_compat_selection_no_phase4_no_cps
compat_global_topk,0,free,312002,2,1,0.0,0.0,0.0,0,0.0,nan,nan,0.040176715701818466,0.0,0.0,hidden_pin,0,0.06596385687589645,193,193,hidden_pin,0.06596385687589645,0.16671303547918798,0.06596385687589645,0.41426631808280945,0.0,0.003193220589309931,0.012918174266815186,0.41426631808280945,0.0,0.6604089736938477,-0.13187526166439056,0.48947852849960327,0.04705116152763367,0.24745076894760132,0.2603689432144165,0.003193220589309931,0.007427793927490711,phase3_12_compat_selection_no_phase4_no_cps
compat_global_topk,0,free,312002,2,2,0.0,0.16666666666666666,0.16666666666666666,0,0.16666666666666666,nan,nan,0.04022165760397911,0.0,0.0,hidden_pin,0,0.0703621655702591,761,761,hidden_pin,0.0703621655702591,0.1422203980386257,0.0703621655702591,0.2956104874610901,0.0,0.006454444490373135,0.0008494406938552856,0.2956104874610901,0.0,0.5594174861907959,0.11877710372209549,0.5363196134567261,-0.12876829504966736,0.2486206591129303,0.24947009980678558,0.006454444490373135,0.01431699562817812,phase3_12_compat_selection_no_phase4_no_cps
compat_global_topk,0,free,312002,2,3,0.16666666666666666,0.16666666666666666,0.0,0,0.0,nan,nan,0.039997268468141556,0.0,0.0,hidden_pin,0,0.0697554275393486,165,165,hidden_pin,0.0697554275393486,0.16118072308599948,0.0697554275393486,0.42259907722473145,0.0,0.006938923615962267,0.00013986974954605103,0.42259907722473145,0.0,0.47501933574676514,0.0987745150923729,0.3760606050491333,0.06574899703264236,0.1043240875005722,0.10418421775102615,0.006938923615962267,0.014067982323467731,phase3_12_compat_selection_no_phase4_no_cps
compat_global_topk,0,free,312002,2,4,0.16666666666666666,0.16666666666666666,0.0,0,0.0,nan,nan,0.04003840684890747,0.0,0.0,hidden_pin,0,0.06461425870656967,185,185,hidden_pin,0.06461425870656967,0.1685180565342307,0.06461425870656967,0.4285476505756378,0.0,0.0038411167915910482,0.012128591537475586,0.4285476505756378,0.0,0.6869339942932129,-0.13259808719158173,0.476416677236557,0.034485384821891785,0.2687646150588989,0.25663602352142334,0.0038411167915910482,0.008976343087852001,phase3_12_compat_selection_no_phase4_no_cps
compat_global_topk,0,free,312002,2,5,0.16666666666666666,0.16666666666666666,0.0,0,0.0,nan,nan,0.03987575322389603,0.0,0.0,hidden_pin,0,0.07669136673212051,725,725,hidden_pin,0.07669136673212051,0.18543018195778133,0.07669136673212051,0.4018442630767822,0.0,0.0028106181416660547,0.018609851598739624,0.4018442630767822,0.0,0.45383235812187195,0.27088308334350586,0.5136433839797974,-0.03172719478607178,0.3084644675254822,0.3270743191242218,0.0028106181416660547,0.005532483104616404,phase3_12_compat_selection_no_phase4_no_cps
compat_global_topk,0,free,312002,2,6,0.16666666666666666,0.16666666666666666,0.0,0,0.0,nan,nan,0.04058105871081352,0.0,0.0,hidden_pin,0,0.07139936089515686,265,265,hidden_pin,0.07139936089515686,0.18380464594811202,0.07139936089515686,0.6299655437469482,0.0,0.003714346094056964,0.0015265345573425293,0.6299655437469482,0.0,0.6474270820617676,-0.3258345425128937,0.4720377027988434,0.19665013253688812,0.5511366724967957,0.5496101379394531,0.003714346094056964,0.009488709270954132,phase3_12_compat_selection_no_phase4_no_cps
compat_global_topk,0,free,312002,2,7,0.16666666666666666,0.16666666666666666,0.0,0,0.0,nan,nan,0.03990650177001953,0.0,0.0,hidden_pin,0,0.10208413749933243,725,725,hidden_pin,0.10208413749933243,0.19872240535914898,0.10208413749933243,0.39967358112335205,0.0,0.0026813833974301815,0.012980848550796509,0.39967358112335205,0.0,0.462485671043396,0.27571994066238403,0.5067380666732788,-0.03524055331945419,0.3140934705734253,0.3270743191242218,0.0026813833974301815,0.00692903995513916,phase3_12_compat_selection_no_phase4_no_cps
compat_global_topk,0,free,312002,2,8,0.16666666666666666,0.16666666666666666,0.0,0,0.0,nan,nan,0.040056027472019196,0.0,0.0,hidden_pin,0,0.08208824694156647,445,445,hidden_pin,0.08208824694156647,0.18021289743483065,0.08208824694156647,0.45430850982666016,0.0,0.005873049143701792,0.003243088722229004,0.45430850982666016,0.0,0.6077719926834106,-0.2858830392360687,0.4432314336299896,0.0792389065027237,0.40048426389694214,0.39724117517471313,0.005873049143701792,0.013964925892651081,phase3_12_compat_selection_no_phase4_no_cps
compat_global_topk,0,free,312002,2,9,0.16666666666666666,0.16666666666666666,0.0,0,0.0,nan,nan,0.03983991593122482,0.0,0.0,hidden_pin,0,0.09952379018068314,725,725,hidden_pin,0.09952379018068314,0.2275149654597044,0.09952379018068314,0.42690396308898926,0.0,0.0035767792724072933,0.02482423186302185,0.42690396308898926,0.0,0.4563308358192444,0.29951974749565125,0.5092185139656067,-0.04838179424405098,0.35189855098724365,0.3270743191242218,0.0035767792724072933,0.00757966423407197,phase3_12_compat_selection_no_phase4_no_cps
compat_global_topk,0,free,312002,2,10,0.16666666666666666,0.16666666666666666,0.0,0,0.0,nan,nan,0.03991430252790451,0.0,0.0,hidden_pin,0,0.06685588508844376,257,257,hidden_pin,0.06685588508844376,0.1838384635746479,0.06685588508844376,0.61441969871521,0.0,0.004049929790198803,0.004309952259063721,0.61441969871521,0.0,0.6307070255279541,-0.31808680295944214,0.47373446822166443,0.207940012216568,0.5489486455917358,0.5446386933326721,0.004049929790198803,0.008757048286497593,phase3_12_compat_selection_no_phase4_no_cps
compat_global_topk,0,free,312002,2,11,0.16666666666666666,0.16666666666666666,0.0,0,0.0,nan,nan,0.03966721519827843,0.0,0.0,hidden_pin,0,0.09626918286085129,725,725,hidden_pin,0.09626918286085129,0.1961283778771758,0.09626918286085129,0.4128992259502411,0.0,0.002821108093485236,0.013319939374923706,0.4128992259502411,0.0,0.456614226102829,0.2915925979614258,0.5122148394584656,-0.04423001408576965,0.3403942584991455,0.3270743191242218,0.002821108093485236,0.006100902333855629,phase3_12_compat_selection_no_phase4_no_cps
compat_global_topk,0,free,312002,2,12,0.16666666666666666,0.16666666666666666,0.0,0,0.0,nan,nan,0.03959880396723747,0.0,0.0,hidden_pin,0,0.07319179177284241,257,257,hidden_pin,0.07319179177284241,0.1856350302696228,0.07319179177284241,0.6074723601341248,0.0,0.005124244838953018,0.0004127025604248047,0.6074723601341248,0.0,0.6335627436637878,-0.3161574900150299,0.46617743372917175,0.20168814063072205,0.5442259907722473,0.5446386933326721,0.005124244838953018,0.011298627592623234,phase3_12_compat_selection_no_phase4_no_cps
compat_global_topk,0,free,312002,2,13,0.16666666666666666,0.16666666666666666,0.0,0,0.0,nan,nan,0.03999994695186615,0.0,0.0,hidden_pin,0,0.10191217064857483,725,725,hidden_pin,0.10191217064857483,0.21849959883838893,0.10191217064857483,0.4220849573612213,0.0,0.003481669584289193,0.01967400312423706,0.4220849573612213,0.0,0.4587656855583191,0.29888078570365906,0.5127460360527039,-0.04364003986120224,0.34674832224845886,0.3270743191242218,0.003481669584289193,0.007594042457640171,phase3_12_compat_selection_no_phase4_no_cps
compat_global_topk,0,free,312002,2,14,0.16666666666666666,0.16666666666666666,0.0,0,0.0,nan,nan,0.04057391732931137,0.0,0.0,hidden_pin,0,0.07342855632305145,257,257,hidden_pin,0.07342855632305145,0.18860285766422746,0.07342855632305145,0.6092076897621155,0.0,0.005294602829962969,0.001307368278503418,0.6092076897621155,0.0,0.634693443775177,-0.3172512650489807,0.46576809883117676,0.20190313458442688,0.5459460616111755,0.5446386933326721,0.005294602829962969,0.011485336348414421,phase3_12_compat_selection_no_phase4_no_cps
compat_global_topk,0,free,312002,2,15,0.16666666666666666,0.16666666666666666,0.0,0,0.0,nan,nan,0.03981253132224083,0.0,0.0,hidden_pin,0,0.10236326605081558,725,725,hidden_pin,0.10236326605081558,0.2168676180765033,0.10236326605081558,0.4196542799472809,0.0,0.0033843170385807753,0.01900947093963623,0.4196542799472809,0.0,0.4592770040035248,0.2986810505390167,0.511536180973053,-0.04343438521027565,0.34608379006385803,0.3270743191242218,0.0033843170385807753,0.007625676225870848,phase3_12_compat_selection_no_phase4_no_cps
compat_global_topk,0,hidden_breakaway_pin,312000,0,0,0.0,0.0,0.0,0,0.0,nan,nan,0.039882395416498184,0.0,0.0,hidden_high_friction,0,0.010412364266812801,242,242,hidden_high_friction,0.010412364266812801,0.09197048814967275,0.010412364266812801,0.4964999556541443,0.0,0.0012474165996536613,0.0010467320680618286,0.4964999556541443,0.0,0.5411554574966431,0.05322787165641785,0.3551638722419739,0.15174436569213867,0.21047177910804749,0.20942504703998566,0.0012474165996536613,0.002937608165666461,phase3_12_compat_selection_no_phase4_no_cps
compat_global_topk,0,hidden_breakaway_pin,312000,0,1,0.0,0.0,0.0,0,0.0,nan,nan,0.04032449796795845,0.0,0.0,hidden_pin,0,0.05924804508686066,185,185,hidden_pin,0.05924804508686066,0.1431756906211376,0.05924804508686066,0.3866395056247711,0.0,0.005062744952738285,0.002840369939804077,0.3866395056247711,0.0,0.6496763825416565,-0.1365320086479187,0.5079724192619324,0.0808340311050415,0.2594763934612274,0.25663602352142334,0.005062744952738285,0.012435861863195896,phase3_12_compat_selection_no_phase4_no_cps
compat_global_topk,0,hidden_breakaway_pin,312000,0,2,0.0,0.0,0.0,0,0.0,nan,nan,0.04015541821718216,0.0,0.0,hidden_breakaway_pin,1,0.06080251559615135,267,267,hidden_breakaway_pin,0.06080251559615135,0.2051683070510626,0.06080251559615135,0.14042885601520538,0.0,0.005204563494771719,0.023369599133729935,0.14042885601520538,0.0,0.48055708408355713,0.03861004859209061,0.49103695154190063,-0.012453639879822731,0.05212799459695816,0.028758395463228226,0.005204563494771719,0.012266302481293678,phase3_12_compat_selection_no_phase4_no_cps
compat_global_topk,0,hidden_breakaway_pin,312000,0,3,0.0,0.0,0.0,0,0.0,nan,nan,0.0402730368077755,0.0,0.0,hidden_pin,0,0.06978423148393631,761,761,hidden_pin,0.06978423148393631,0.1831180728971958,0.06978423148393631,0.34801653027534485,0.0,0.013330438174307346,0.0039048045873641968,0.34801653027534485,0.0,0.5073718428611755,0.13437770307064056,0.5486549735069275,-0.11561137437820435,0.2533749043941498,0.24947009980678558,0.013330438174307346,0.02507539838552475,phase3_12_compat_selection_no_phase4_no_cps
compat_global_topk,0,hidden_breakaway_pin,312000,0,4,0.0,0.0,0.0,0,0.0,nan,nan,0.04046207293868065,0.0,0.0,hidden_breakaway_pin,1,0.05981842800974846,187,187,hidden_breakaway_pin,0.05981842800974846,0.2056017628312111,0.05981842800974846,0.22294700145721436,0.0,0.006315725855529308,0.013823099434375763,0.22294700145721436,0.0,0.4757128655910492,0.05271729826927185,0.5243122577667236,0.06562352925539017,0.05028390884399414,0.03646080940961838,0.006315725855529308,0.01799449324607849,phase3_12_compat_selection_no_phase4_no_cps
compat_global_topk,0,hidden_breakaway_pin,312000,0,5,0.0,0.0,0.0,0,0.0,nan,nan,0.04046337306499481,0.0,0.0,hidden_pin,0,0.06916292756795883,761,761,hidden_pin,0.06916292756795883,0.18936777412891387,0.06916292756795883,0.38025569915771484,0.0,0.014180084690451622,0.0032230764627456665,0.38025569915771484,0.0,0.49708619713783264,0.12372765690088272,0.5588485598564148,-0.11464811116456985,0.24624702334403992,0.24947009980678558,0.014180084690451622,0.026212217286229134,phase3_12_compat_selection_no_phase4_no_cps
compat_global_topk,0,hidden_breakaway_pin,312000,0,6,0.0,0.0,0.0,0,0.0,nan,nan,0.04019790142774582,0.0,0.0,hidden_pin,0,0.06861189752817154,761,761,hidden_pin,0.06861189752817154,0.21234309822320938,0.06861189752817154,0.38329756259918213,0.0,0.014201350510120392,0.014715582132339478,0.38329756259918213,0.0,0.5007574558258057,0.11767710000276566,0.5629050135612488,-0.10870171338319778,0.2347545176744461,0.24947009980678558,0.014201350510120392,0.026150427758693695,phase3_12_compat_selection_no_phase4_no_cps
compat_global_topk,0,hidden_breakaway_pin,312000,0,7,0.0,0.0,0.0,0,0.0,nan,nan,0.039975300431251526,0.0,0.0,hidden_breakaway_pin,1,0.05395906791090965,267,267,hidden_breakaway_pin,0.05395906791090965,0.21032203830778598,0.05395906791090965,0.17496582865715027,0.0,0.006908721756190062,0.03269687294960022,0.17496582865715027,0.0,0.46430662274360657,0.046470582485198975,0.4911307692527771,-0.008821509778499603,0.061455268412828445,0.028758395463228226,0.006908721756190062,0.016966084018349648,phase3_12_compat_selection_no_phase4_no_cps
compat_global_topk,0,hidden_breakaway_pin,312000,0,8,0.0,0.0,0.0,0,0.0,nan,nan,0.040630538016557693,0.0,0.0,hidden_pin,0,0.06276031583547592,761,761,hidden_pin,0.06276031583547592,0.17879002764821053,0.06276031583547592,0.3498574495315552,0.0,0.01237290259450674,0.007029742002487183,0.3498574495315552,0.0,0.5069507360458374,0.11651081591844559,0.5572412610054016,-0.12065619230270386,0.2424403578042984,0.24947009980678558,0.01237290259450674,0.022655678912997246,phase3_12_compat_selection_no_phase4_no_cps
compat_global_topk,0,hidden_breakaway_pin,312000,0,9,0.0,0.0,0.0,0,0.0,nan,nan,0.04029219225049019,0.0,0.0,hidden_pin,0,0.06389972567558289,761,761,hidden_pin,0.06389972567558289,0.1752391591668129,0.06389972567558289,0.3036686182022095,0.0,0.010965133085846901,0.010964304208755493,0.3036686182022095,0.0,0.5179619193077087,0.11510995775461197,0.5526266694068909,-0.12086327373981476,0.2385057955980301,0.24947009980678558,0.010965133085846901,0.020207684487104416,phase3_12_compat_selection_no_phase4_no_cps
compat_global_topk,0,hidden_breakaway_pin,312000,0,10,0.0,0.0,0.0,0,0.0,nan,nan,0.040268007665872574,0.0,0.0,hidden_pin,0,0.06479585915803909,181,181,hidden_pin,0.06479585915803909,0.14308551233261824,0.06479585915803909,0.4482109844684601,0.0,0.002374895615503192,0.0007792115211486816,0.4482109844684601,0.0,0.6700069308280945,-0.1393236219882965,0.501400351524353,0.06143660098314285,0.2621694803237915,0.2629486918449402,0.002374895615503192,0.005247859749943018,phase3_12_compat_selection_no_phase4_no_cps
compat_global_topk,0,hidden_breakaway_pin,312000,0,11,0.0,0.0,0.0,0,0.0,nan,nan,0.04033080115914345,0.0,0.0,hidden_pin,0,0.08088956028223038,165,165,hidden_pin,0.08088956028223038,0.1894971214234829,0.08088956028223038,0.4321967363357544,0.0,0.010151763446629047,0.0015854984521865845,0.4321967363357544,0.0,0.4991075396537781,0.07910773158073425,0.3943137526512146,0.09344280511140823,0.10576971620321274,0.10418421775102615,0.010151763446629047,0.019128885120153427,phase3_12_compat_selection_no_phase4_no_cps
compat_global_topk,0,hidden_breakaway_pin,312000,0,12,0.0,0.0,0.0,0,0.0,nan,nan,0.03996479883790016,0.0,0.0,hidden_pin,0,0.07414887100458145,761,761,hidden_pin,0.07414887100458145,0.18141857162117958,0.07414887100458145,0.27402862906455994,0.0,0.010601301677525043,0.011880099773406982,0.27402862906455994,0.0,0.5104352235794067,0.1203945055603981,0.5278685688972473,-0.11655504256486893,0.2375900000333786,0.24947009980678558,0.010601301677525043,0.021903278306126595,phase3_12_compat_selection_no_phase4_no_cps
compat_global_topk,0,hidden_breakaway_pin,312000,0,13,0.0,0.0,0.0,0,0.0,nan,nan,0.04010721668601036,0.0,0.0,hidden_pin,0,0.06463012099266052,185,185,hidden_pin,0.06463012099266052,0.18656775169074535,0.06463012099266052,0.37525758147239685,0.0,0.006002796348184347,0.020818904042243958,0.37525758147239685,0.0,0.6710379123687744,-0.1061592623591423,0.48184946179389954,0.034615159034729004,0.23581711947917938,0.25663602352142334,0.006002796348184347,0.011311269365251064,phase3_12_compat_selection_no_phase4_no_cps
compat_global_topk,0,hidden_breakaway_pin,312000,0,14,0.0,0.0,0.0,0,0.0,nan,nan,0.03904910385608673,0.0,0.0,hidden_pin,0,0.07206477224826813,193,193,hidden_pin,0.07206477224826813,0.18810043819248676,0.07206477224826813,0.4745069742202759,0.0,0.005339198280125856,0.011751413345336914,0.4745069742202759,0.0,0.6554240584373474,-0.15700268745422363,0.48558321595191956,0.05560862272977829,0.2721203565597534,0.2603689432144165,0.005339198280125856,0.010520432144403458,phase3_12_compat_selection_no_phase4_no_cps
compat_global_topk,0,hidden_breakaway_pin,312000,0,15,0.0,0.0,0.0,0,0.0,nan,nan,0.04004822298884392,0.0,0.0,hidden_pin,0,0.07616955786943436,761,761,hidden_pin,0.07616955786943436,0.1852491967380047,0.07616955786943436,0.3018640875816345,0.0,0.010534976609051228,0.01083005964756012,0.3018640875816345,0.0,0.5020984411239624,0.12502145767211914,0.5221633911132812,-0.13450419902801514,0.2603001594543457,0.24947009980678558,0.010534976609051228,0.02176150493323803,phase3_12_compat_selection_no_phase4_no_cps
compat_global_topk,0,hidden_breakaway_pin,312001,1,0,0.0,0.0,0.0,0,0.0,nan,nan,0.03895946964621544,0.0,0.0,hidden_pin,0,0.021098557859659195,141,141,hidden_pin,0.021098557859659195,0.11526500470936298,0.021098557859659195,0.4448925852775574,0.0,0.003604769241064787,0.006506741046905518,0.4448925852775574,0.0,0.4571743607521057,0.2104548066854477,0.6051563024520874,-0.015591202303767204,0.2701767086982727,0.2766834497451782,0.003604769241064787,0.008563953451812267,phase3_12_compat_selection_no_phase4_no_cps
compat_global_topk,0,hidden_breakaway_pin,312001,1,1,0.0,0.0,0.0,0,0.0,nan,nan,0.039113257080316544,0.0,0.0,hidden_high_friction,0,0.07550030946731567,566,566,hidden_high_friction,0.07550030946731567,0.27633110977709296,0.07550030946731567,0.7293707132339478,0.0,0.004933342803269625,0.005739726126194,0.7293707132339478,0.0,0.40253186225891113,0.22141526639461517,0.4463340938091278,0.24530579149723053,0.0498938150703907,0.0441540889441967,0.004933342803269625,0.010094225406646729,phase3_12_compat_selection_no_phase4_no_cps
compat_global_topk,0,hidden_breakaway_pin,312001,1,2,0.0,0.0,0.0,0,0.0,nan,nan,0.03989863395690918,0.0,0.0,hidden_high_friction,0,0.07489791512489319,566,566,hidden_high_friction,0.07489791512489319,0.27432523056864744,0.07489791512489319,0.7151976823806763,0.0,0.0051139602437615395,0.03566276654601097,0.7151976823806763,0.0,0.40674126148223877,0.19785554707050323,0.44992417097091675,0.26498204469680786,0.07981685549020767,0.0441540889441967,0.0051139602437615395,0.01099664531648159,phase3_12_compat_selection_no_phase4_no_cps
compat_global_topk,0,hidden_breakaway_pin,312001,1,3,0.0,0.0,0.0,0,0.0,nan,nan,0.04026997834444046,0.0,0.0,hidden_high_friction,0,0.08785365521907806,262,262,hidden_high_friction,0.08785365521907806,0.2725988417863846,0.08785365521907806,0.4261038303375244,0.0,0.013404496014118195,0.03360581398010254,0.4261038303375244,0.0,0.4429846405982971,0.13414502143859863,0.5344184041023254,0.13413256406784058,0.09143376350402832,0.05782794952392578,0.013404496014118195,0.029367318376898766,phase3_12_compat_selection_no_phase4_no_cps
compat_global_topk,0,hidden_breakaway_pin,312001,1,4,0.0,0.0,0.0,0,0.0,nan,nan,0.04011887311935425,0.0,0.0,hidden_breakaway_pin,1,0.09010722488164902,187,187,hidden_breakaway_pin,0.09010722488164902,0.2646115897595882,0.09010722488164902,0.31595897674560547,0.0,0.01000803429633379,0.03691893815994263,0.31595897674560547,0.0,0.4588033854961395,0.09165821224451065,0.5321620106697083,0.08989772945642471,0.073379747569561,0.03646080940961838,0.01000803429633379,0.024677790701389313,phase3_12_compat_selection_no_phase4_no_cps
compat_global_topk,0,hidden_breakaway_pin,312001,1,5,0.0,0.0,0.0,0,0.0,nan,nan,0.040113355964422226,0.0,0.0,hidden_breakaway_pin,1,0.08412759006023407,187,187,hidden_breakaway_pin,0.08412759006023407,0.2613405524194241,0.08412759006023407,0.3086305260658264,0.0,0.010960000567138195,0.04048680514097214,0.3086305260658264,0.0,0.4569586217403412,0.1055377647280693,0.5320224165916443,0.0886155366897583,0.07694761455059052,0.03646080940961838,0.010960000567138195,0.026939747855067253,phase3_12_compat_selection_no_phase4_no_cps
compat_global_topk,0,hidden_breakaway_pin,312001,1,6,0.0,0.0,0.0,0,0.0,nan,nan,0.03944781795144081,0.0,0.0,hidden_breakaway_pin,1,0.07966548204421997,167,167,hidden_breakaway_pin,0.07966548204421997,0.27036377996206284,0.07966548204421997,0.5336567163467407,0.0,0.011408960446715355,0.01883222907781601,0.5336567163467407,0.0,0.388580322265625,0.13790664076805115,0.42267274856567383,0.0810142308473587,0.06632525473833084,0.04749302566051483,0.011408960446715355,0.02830311469733715,phase3_12_compat_selection_no_phase4_no_cps
compat_global_topk,0,hidden_breakaway_pin,312001,1,7,0.0,0.0,0.0,0,0.0,nan,nan,0.040491100400686264,0.0,0.0,hidden_high_friction,0,0.07843698561191559,262,262,hidden_high_friction,0.07843698561191559,0.27734269127249717,0.07843698561191559,0.4882722795009613,0.0,0.014786799438297749,0.0332588329911232,0.4882722795009613,0.0,0.4500080347061157,0.17042340338230133,0.5316358804702759,0.1300043910741806,0.09108678251504898,0.05782794952392578,0.014786799438297749,0.02935236319899559,phase3_12_compat_selection_no_phase4_no_cps
compat_global_topk,0,hidden_breakaway_pin,312001,1,8,0.0,0.0,0.0,0,0.0,nan,nan,0.04003671929240227,0.0,0.0,hidden_high_friction,0,0.07708948105573654,262,262,hidden_high_friction,0.07708948105573654,0.23371456176042557,0.07708948105573654,0.3906179964542389,0.0,0.013422070071101189,0.01969195157289505,0.3906179964542389,0.0,0.4696553647518158,0.15483996272087097,0.5377654433250427,0.11782169342041016,0.07751990109682083,0.05782794952392578,0.013422070071101189,0.02748921327292919,phase3_12_compat_selection_no_phase4_no_cps
compat_global_topk,0,hidden_breakaway_pin,312001,1,9,0.0,0.0,0.0,0,0.0,nan,nan,0.03939976543188095,0.0,0.0,hidden_high_friction,0,0.07646975666284561,262,262,hidden_high_friction,0.07646975666284561,0.22157719865441322,0.07646975666284561,0.34801653027534485,0.0,0.012140215374529362,0.0076087117195129395,0.34801653027534485,0.0,0.49624189734458923,0.1688138097524643,0.5275214910507202,0.11133734881877899,0.06543666124343872,0.05782794952392578,0.012140215374529362,0.025322003290057182,phase3_12_compat_selection_no_phase4_no_cps
compat_global_topk,0,hidden_breakaway_pin,312001,1,10,0.0,0.0,0.0,0,0.0,nan,nan,0.03928527981042862,0.0,0.0,hidden_pin,0,0.07236664742231369,165,165,hidden_pin,0.07236664742231369,0.189823280274868,0.07236664742231369,0.5220390558242798,0.0,0.008272342383861542,0.0030307024717330933,0.5220390558242798,0.0,0.484729140996933,0.08872228115797043,0.38395875692367554,0.07992663234472275,0.10115351527929306,0.10418421775102615,0.008272342383861542,0.015144680626690388,phase3_12_compat_selection_no_phase4_no_cps
compat_global_topk,0,hidden_breakaway_pin,312001,1,11,0.0,0.0,0.0,0,0.0,nan,nan,0.03876987099647522,0.0,0.0,hidden_pin,0,0.06838488578796387,165,165,hidden_pin,0.06838488578796387,0.19048961997032166,0.06838488578796387,0.5363515019416809,0.0,0.007852859795093536,0.005120284855365753,0.5363515019416809,0.0,0.4864785671234131,0.08987364917993546,0.37792420387268066,0.07708987593650818,0.1093045026063919,0.10418421775102615,0.007852859795093536,0.014548370614647865,phase3_12_compat_selection_no_phase4_no_cps
compat_global_topk,0,hidden_breakaway_pin,312001,1,12,0.0,0.0,0.0,0,0.0,nan,nan,0.03990839794278145,0.0,0.0,hidden_pin,0,0.07049176841974258,165,165,hidden_pin,0.07049176841974258,0.19740568101406097,0.07049176841974258,0.5423316359519958,0.0,0.008233172819018364,0.006315737962722778,0.5423316359519958,0.0,0.49058493971824646,0.08799225091934204,0.38057729601860046,0.07757309824228287,0.11049995571374893,0.10418421775102615,0.008233172819018364,0.015375898219645023,phase3_12_compat_selection_no_phase4_no_cps
compat_global_topk,0,hidden_breakaway_pin,312001,1,13,0.0,0.0,0.0,0,0.0,nan,nan,0.039001498371362686,0.0,0.0,hidden_pin,0,0.06659931689500809,165,165,hidden_pin,0.06659931689500809,0.1851017452776432,0.06659931689500809,0.5388862490653992,0.0,0.007445904426276684,0.003942936658859253,0.5388862490653992,0.0,0.48975685238838196,0.08021371066570282,0.3817974328994751,0.0741933211684227,0.1081271544098854,0.10418421775102615,0.007445904426276684,0.01438464131206274,phase3_12_compat_selection_no_phase4_no_cps
compat_global_topk,0,hidden_breakaway_pin,312001,1,14,0.0,0.0,0.0,0,0.0,nan,nan,0.039673060178756714,0.0,0.0,hidden_pin,0,0.06633821129798889,165,165,hidden_pin,0.06633821129798889,0.1824118744581938,0.06633821129798889,0.5272390246391296,0.0,0.007410987745970488,0.0036719292402267456,0.5272390246391296,0.0,0.4895424544811249,0.08055991679430008,0.38190579414367676,0.07368253916501999,0.1078561469912529,0.10418421775102615,0.007410987745970488,0.014381193555891514,phase3_12_compat_selection_no_phase4_no_cps
compat_global_topk,0,hidden_breakaway_pin,312001,1,15,0.0,0.0,0.0,0,0.0,nan,nan,0.04076294228434563,0.0,0.0,hidden_pin,0,0.06666448712348938,165,165,hidden_pin,0.06666448712348938,0.1824240334331989,0.06666448712348938,0.5236237645149231,0.0,0.007490598596632481,0.003626793622970581,0.5236237645149231,0.0,0.48932021856307983,0.08227750658988953,0.38187605142593384,0.07339124381542206,0.10781101137399673,0.10418421775102615,0.007490598596632481,0.014515656977891922,phase3_12_compat_selection_no_phase4_no_cps
compat_global_topk,0,hidden_breakaway_pin,312002,2,0,0.0,0.0,0.0,0,0.0,nan,nan,0.03990120813250542,0.0,0.0,hidden_pin,0,0.026543503627181053,245,245,hidden_pin,0.026543503627181053,0.14058732967823745,0.026543503627181053,0.678019106388092,0.0,0.002576782600954175,0.0010169148445129395,0.678019106388092,0.0,0.6963353157043457,-0.2896527051925659,0.500720202922821,0.2256091684103012,0.5511443614959717,0.5501274466514587,0.002576782600954175,0.006343228742480278,phase3_12_compat_selection_no_phase4_no_cps
compat_global_topk,0,hidden_breakaway_pin,312002,2,1,0.0,0.0,0.0,0,0.0,nan,nan,0.03966202959418297,0.0,0.0,hidden_pin,0,0.12734387814998627,441,441,hidden_pin,0.12734387814998627,0.3039687491953373,0.12734387814998627,0.7075412273406982,0.0,0.013196867890655994,0.008853107690811157,0.7075412273406982,0.0,0.6949729919433594,-0.25725045800209045,0.4617781341075897,0.1139848530292511,0.43840107321739197,0.4295479655265808,0.013196867890655994,0.026507891714572906,phase3_12_compat_selection_no_phase4_no_cps
compat_global_topk,0,hidden_breakaway_pin,312002,2,2,0.0,0.125,0.125,0,0.125,nan,nan,0.03976169973611832,0.0,0.0,hidden_pin,0,0.1295095980167389,445,445,hidden_pin,0.1295095980167389,0.3205529659986496,0.1295095980167389,0.7100676894187927,0.0,0.013770818710327148,0.014724969863891602,0.7100676894187927,0.0,0.6722026467323303,-0.23715458810329437,0.4188603162765503,0.04943973571062088,0.38251620531082153,0.39724117517471313,0.013770818710327148,0.02582434192299843,phase3_12_compat_selection_no_phase4_no_cps
compat_global_topk,0,hidden_breakaway_pin,312002,2,3,0.125,0.125,0.0,0,0.0,nan,nan,0.028250787407159805,0.0,0.0,hidden_pin,0,0.10759963095188141,469,469,hidden_pin,0.10759963095188141,0.2786933720111847,0.10759963095188141,0.7693422436714172,0.0,0.011979632079601288,0.0038869380950927734,0.7693422436714172,0.0,0.7054632902145386,0.4279918670654297,0.45334649085998535,-0.1981455683708191,0.6749895811080933,0.678876519203186,0.011979632079601288,0.023402240127325058,phase3_12_compat_selection_no_phase4_no_cps
compat_global_topk,0,hidden_breakaway_pin,312002,2,4,0.125,0.125,0.0,0,0.0,nan,nan,0.029530702158808708,0.0,0.0,hidden_high_friction,0,0.13352219760417938,178,178,hidden_high_friction,0.13352219760417938,0.30690342783927915,0.13352219760417938,0.2538519501686096,0.0,0.011426545679569244,0.044798627495765686,0.2538519501686096,0.0,0.5721421837806702,0.04462466388940811,0.44520795345306396,0.06942550092935562,0.12933437526226044,0.08453574776649475,0.011426545679569244,0.0217374749481678,phase3_12_compat_selection_no_phase4_no_cps
compat_global_topk,0,hidden_breakaway_pin,312002,2,5,0.125,0.125,0.0,0,0.0,nan,nan,0.02825220488011837,0.0,0.0,hidden_high_friction,0,0.0789373368024826,322,322,hidden_high_friction,0.0789373368024826,0.21530027486383915,0.0789373368024826,0.5051079392433167,0.0,0.004412984941154718,0.018911562860012054,0.5051079392433167,0.0,0.5365722179412842,-0.043982140719890594,0.546664834022522,0.03279651701450348,0.07743915915489197,0.05852759629487991,0.004412984941154718,0.008926143869757652,phase3_12_compat_selection_no_phase4_no_cps
compat_global_topk,0,hidden_breakaway_pin,312002,2,6,0.125,0.125,0.0,0,0.0,nan,nan,0.03986901789903641,0.0,0.0,hidden_breakaway_pin,1,0.09181065857410431,611,611,hidden_breakaway_pin,0.09181065857410431,0.23925361953675747,0.09181065857410431,0.11902973055839539,0.0,0.00584936561062932,0.006063500419259071,0.11902973055839539,0.0,0.5341055989265442,-0.04544125869870186,0.5014858245849609,-0.040662337094545364,0.032967980951070786,0.026904480531811714,0.00584936561062932,0.014533835463225842,phase3_12_compat_selection_no_phase4_no_cps
compat_global_topk,0,hidden_breakaway_pin,312002,2,7,0.125,0.125,0.0,0,0.0,nan,nan,0.04032640531659126,0.0,0.0,hidden_pin,0,0.058019235730171204,609,609,hidden_pin,0.058019235730171204,0.16894328128546476,0.058019235730171204,0.6504258513450623,0.0,0.002698040334507823,0.0012840032577514648,0.6504258513450623,0.0,0.33197546005249023,0.35749101638793945,0.5012224316596985,-0.09329363703727722,0.4815094470977783,0.4827934503555298,0.002698040334507823,0.006449737586081028,phase3_12_compat_selection_no_phase4_no_cps
compat_global_topk,0,hidden_breakaway_pin,312002,2,8,0.125,0.125,0.0,0,0.0,nan,nan,0.040340255945920944,0.0,0.0,hidden_pin,0,0.07224879413843155,69,69,hidden_pin,0.07224879413843155,0.17455837465822696,0.07224879413843155,0.460068941116333,0.0,0.005668603349477053,0.005312412977218628,0.460068941116333,0.0,0.4846482574939728,-0.21320942044258118,0.5285487771034241,0.05698969215154648,0.2737422585487366,0.2790546715259552,0.005668603349477053,0.011856727302074432,phase3_12_compat_selection_no_phase4_no_cps
compat_global_topk,0,hidden_breakaway_pin,312002,2,9,0.125,0.125,0.0,0,0.0,nan,nan,0.04025893658399582,0.0,0.0,hidden_high_friction,0,0.08721901476383209,322,322,hidden_high_friction,0.08721901476383209,0.2140403039753437,0.08721901476383209,0.2570820748806,0.0,0.0041090501472353935,0.03591138869524002,0.2570820748806,0.0,0.5331748723983765,-0.042672544717788696,0.5687060356140137,0.044827498495578766,0.09443898499011993,0.05852759629487991,0.0041090501472353935,0.008580340072512627,phase3_12_compat_selection_no_phase4_no_cps
compat_global_topk,0,hidden_breakaway_pin,312002,2,10,0.125,0.125,0.0,0,0.0,nan,nan,0.040141571313142776,0.0,0.0,hidden_high_friction,0,0.08073344826698303,322,322,hidden_high_friction,0.08073344826698303,0.18466935887932778,0.08073344826698303,0.2854568660259247,0.0,0.0045431433245539665,0.009756900370121002,0.2854568660259247,0.0,0.5235695838928223,-0.04377353936433792,0.5458089709281921,0.020787913352251053,0.06828449666500092,0.05852759629487991,0.0045431433245539665,0.00948862824589014,phase3_12_compat_selection_no_phase4_no_cps
compat_global_topk,0,hidden_breakaway_pin,312002,2,11,0.125,0.125,0.0,0,0.0,nan,nan,0.04024447500705719,0.0,0.0,hidden_breakaway_pin,1,0.062124885618686676,447,447,hidden_breakaway_pin,0.062124885618686676,0.17520216949284076,0.062124885618686676,0.19842956960201263,0.0,0.002227365504950285,0.017373837530612946,0.19842956960201263,0.0,0.5289293527603149,0.007193045690655708,0.48251503705978394,0.04548662155866623,0.06017214432358742,0.04279830679297447,0.002227365504950285,0.004426456056535244,phase3_12_compat_selection_no_phase4_no_cps
compat_global_topk,0,hidden_breakaway_pin,312002,2,12,0.125,0.125,0.0,0,0.0,nan,nan,0.03982197120785713,0.0,0.0,hidden_breakaway_pin,1,0.05281039699912071,447,447,hidden_breakaway_pin,0.05281039699912071,0.17057539377361536,0.05281039699912071,0.19336818158626556,0.0,0.0035890957806259394,0.021517690271139145,0.19336818158626556,0.0,0.5172713994979858,-0.016137458384037018,0.4844643473625183,0.03918202221393585,0.06431599706411362,0.04279830679297447,0.0035890957806259394,0.009691597893834114,phase3_12_compat_selection_no_phase4_no_cps
compat_global_topk,0,hidden_breakaway_pin,312002,2,13,0.125,0.125,0.0,0,0.0,nan,nan,0.0404156893491745,0.0,0.0,hidden_breakaway_pin,1,0.05585266649723053,447,447,hidden_breakaway_pin,0.05585266649723053,0.17724674440920354,0.05585266649723053,0.19651482999324799,0.0,0.0043783667497336864,0.023540090769529343,0.19651482999324799,0.0,0.5150480270385742,-0.02285311557352543,0.4852887988090515,0.03643576800823212,0.06633839756250381,0.04279830679297447,0.0043783667497336864,0.011629225686192513,phase3_12_compat_selection_no_phase4_no_cps
compat_global_topk,0,hidden_breakaway_pin,312002,2,14,0.125,0.125,0.0,0,0.0,nan,nan,0.04094623401761055,0.0,0.0,hidden_breakaway_pin,1,0.05289509519934654,447,447,hidden_breakaway_pin,0.05289509519934654,0.17520794890820982,0.05289509519934654,0.19162747263908386,0.0,0.004791336599737406,0.023897740989923477,0.19162747263908386,0.0,0.5126094222068787,-0.02548564225435257,0.4854585528373718,0.03543391823768616,0.06669604778289795,0.04279830679297447,0.004791336599737406,0.01244110893458128,phase3_12_compat_selection_no_phase4_no_cps
compat_global_topk,0,hidden_breakaway_pin,312002,2,15,0.125,0.125,0.0,0,0.0,nan,nan,0.04063504561781883,0.0,0.0,hidden_breakaway_pin,1,0.0525791198015213,447,447,hidden_breakaway_pin,0.0525791198015213,0.17345250979065896,0.0525791198015213,0.18872202932834625,0.0,0.004540424793958664,0.0208282433450222,0.18872202932834625,0.0,0.5143240094184875,-0.022281594574451447,0.4851592779159546,0.034267112612724304,0.06362655013799667,0.04279830679297447,0.004540424793958664,0.01167492475360632,phase3_12_compat_selection_no_phase4_no_cps
compat_global_topk,0,hidden_high_friction,312000,0,0,0.0,0.0,0.0,0,0.0,nan,nan,0.03704843297600746,0.0,0.0,hidden_pin,0,0.027767645195126534,449,449,hidden_pin,0.027767645195126534,0.17487246021628378,0.027767645195126534,0.7765820026397705,0.0,0.005201856140047312,0.004905045032501221,0.7765820026397705,0.0,0.6435848474502563,0.4415448307991028,0.6009292602539062,-0.27792006731033325,0.7207282781600952,0.7256333231925964,0.005201856140047312,0.009807128459215164,phase3_12_compat_selection_no_phase4_no_cps
compat_global_topk,0,hidden_high_friction,312000,0,1,0.0,0.0,0.0,0,0.0,nan,nan,0.02795521728694439,0.0,0.0,hidden_pin,0,0.1523369997739792,373,373,hidden_pin,0.1523369997739792,0.3054818995296955,0.1523369997739792,0.7656839489936829,0.0,0.009132121689617634,0.0008819103240966797,0.7656839489936829,0.0,0.7146214246749878,0.35701286792755127,0.5948934555053711,0.11221170425415039,0.2725112736225128,0.27162936329841614,0.009132121689617634,0.01903572864830494,phase3_12_compat_selection_no_phase4_no_cps
compat_global_topk,0,hidden_high_friction,312000,0,2,0.0,0.0,0.0,0,0.0,nan,nan,0.027763642370700836,0.0,0.0,hidden_pin,0,0.16863973438739777,373,373,hidden_pin,0.16863973438739777,0.3425793297588825,0.16863973438739777,0.7909479141235352,0.0,0.01292137149721384,0.0018059611320495605,0.7909479141235352,0.0,0.7268523573875427,0.31808215379714966,0.5656323432922363,0.09723156690597534,0.2734353244304657,0.27162936329841614,0.01292137149721384,0.025668593123555183,phase3_12_compat_selection_no_phase4_no_cps
compat_global_topk,0,hidden_high_friction,312000,0,3,0.0,0.0,0.0,0,0.0,nan,nan,0.02906140312552452,0.0,0.0,hidden_pin,0,0.1884920448064804,9,9,hidden_pin,0.1884920448064804,0.446524141728878,0.1884920448064804,1.0115023851394653,0.0,0.01785971410572529,0.01743394136428833,1.0115023851394653,0.0,0.7512835264205933,0.4511714279651642,0.41181522607803345,0.05491913855075836,0.5217801928520203,0.5043462514877319,0.01785971410572529,0.03782502934336662,phase3_12_compat_selection_no_phase4_no_cps
compat_global_topk,0,hidden_high_friction,312000,0,4,0.0,0.0,0.0,0,0.0,nan,nan,0.036321479827165604,0.0,0.0,hidden_pin,0,0.1940232366323471,9,9,hidden_pin,0.1940232366323471,0.47196826338768005,0.1940232366323471,1.0707271099090576,0.0,0.018940817564725876,0.0207863450050354,1.0707271099090576,0.0,0.7651346921920776,0.46405184268951416,0.4158755838871002,0.07190100103616714,0.5251325964927673,0.5043462514877319,0.018940817564725876,0.04118829965591431,phase3_12_compat_selection_no_phase4_no_cps
compat_global_topk,0,hidden_high_friction,312000,0,5,0.0,0.0,0.0,0,0.0,nan,nan,0.03440743312239647,0.0,0.0,hidden_pin,0,0.15996435284614563,569,569,hidden_pin,0.15996435284614563,0.4872003436088562,0.15996435284614563,1.294516682624817,0.0,0.02491973340511322,0.016689777374267578,1.294516682624817,0.0,0.8698500394821167,-0.2578895092010498,0.30299443006515503,0.27070438861846924,0.7750720977783203,0.7583823204040527,0.02491973340511322,0.053983207792043686,phase3_12_compat_selection_no_phase4_no_cps
compat_global_topk,0,hidden_high_friction,312000,0,6,0.0,0.0,0.0,0,0.0,nan,nan,0.030478741973638535,0.0,0.0,hidden_pin,0,0.2157304883003235,449,449,hidden_pin,0.2157304883003235,0.5523777008056641,0.2157304883003235,1.2078845500946045,0.0,0.02665528655052185,0.02442169189453125,1.2078845500946045,0.0,0.8021979928016663,0.47752001881599426,0.5524638891220093,-0.17771323025226593,0.7012116312980652,0.7256333231925964,0.02665528655052185,0.05661977082490921,phase3_12_compat_selection_no_phase4_no_cps
compat_global_topk,0,hidden_high_friction,312000,0,7,0.0,0.0,0.0,0,0.0,nan,nan,0.028665468096733093,0.0,0.0,hidden_pin,0,0.18676342070102692,741,741,hidden_pin,0.18676342070102692,0.5294498443603516,0.18676342070102692,1.201350450515747,0.0,0.03797931596636772,0.00528329610824585,1.201350450515747,0.0,0.8479721546173096,-0.011152971535921097,0.33474817872047424,0.3129640221595764,0.6070014238357544,0.6122847199440002,0.03797931596636772,0.08500199764966965,phase3_12_compat_selection_no_phase4_no_cps
compat_global_topk,0,hidden_high_friction,312000,0,8,0.0,0.0,0.0,0,0.0,nan,nan,0.029845817014575005,0.0,0.0,hidden_pin,0,0.1899229735136032,741,741,hidden_pin,0.1899229735136032,0.5495625555515289,0.1899229735136032,1.1979155540466309,0.0,0.03755294904112816,0.014870226383209229,1.1979155540466309,0.0,0.8666161298751831,-0.02796839363873005,0.3409547805786133,0.314089298248291,0.6271549463272095,0.6122847199440002,0.03755294904112816,0.08538584411144257,phase3_12_compat_selection_no_phase4_no_cps
compat_global_topk,0,hidden_high_friction,312000,0,9,0.0,0.0,0.0,0,0.0,nan,nan,0.03275622799992561,0.0,0.0,hidden_pin,0,0.18209999799728394,741,741,hidden_pin,0.18209999799728394,0.5231794983148574,0.18209999799728394,1.2228857278823853,0.0,0.03899448737502098,0.000834345817565918,1.2228857278823853,0.0,0.8599314093589783,-0.014642246067523956,0.33820605278015137,0.3042217493057251,0.6114503741264343,0.6122847199440002,0.03899448737502098,0.08668150752782822,phase3_12_compat_selection_no_phase4_no_cps
compat_global_topk,0,hidden_high_friction,312000,0,10,0.0,0.0,0.0,0,0.0,nan,nan,0.03537895902991295,0.0,0.0,hidden_pin,0,0.18506981432437897,565,565,hidden_pin,0.18506981432437897,0.5330205038189888,0.18506981432437897,1.4045745134353638,0.0,0.030459707602858543,0.007712841033935547,1.4045745134353638,0.0,0.8638263940811157,-0.24617592990398407,0.3340502381324768,0.25659745931625366,0.730372428894043,0.7380852699279785,0.030459707602858543,0.07048479467630386,phase3_12_compat_selection_no_phase4_no_cps
compat_global_topk,0,hidden_high_friction,312000,0,11,0.0,0.0,0.0,0,0.0,nan,nan,0.03458371385931969,0.0,0.0,hidden_pin,0,0.18568438291549683,741,741,hidden_pin,0.18568438291549683,0.5649386823177338,0.18568438291549683,1.2056560516357422,0.0,0.0375942662358284,0.024014413356781006,1.2056560516357422,0.0,0.8590017557144165,-0.015895389020442963,0.36215293407440186,0.29907000064849854,0.5882703065872192,0.6122847199440002,0.0375942662358284,0.08574339747428894,phase3_12_compat_selection_no_phase4_no_cps
compat_global_topk,0,hidden_high_friction,312000,0,12,0.0,0.0,0.0,0,0.0,nan,nan,0.0337393619120121,0.0,0.0,hidden_pin,0,0.18975624442100525,565,565,hidden_pin,0.18975624442100525,0.56147490888834,0.18975624442100525,1.4079492092132568,0.0,0.030636461451649666,0.01899021863937378,1.4079492092132568,0.0,0.8603678941726685,-0.23908637464046478,0.3375762701034546,0.25466108322143555,0.7190950512886047,0.7380852699279785,0.030636461451649666,0.0708330050110817,phase3_12_compat_selection_no_phase4_no_cps
compat_global_topk,0,hidden_high_friction,312000,0,13,0.0,0.0,0.0,0,0.0,nan,nan,0.031815897673368454,0.0,0.0,hidden_pin,0,0.1908208727836609,741,741,hidden_pin,0.1908208727836609,0.5810527563095093,0.1908208727836609,1.2057491540908813,0.0,0.037859849631786346,0.0289650559425354,1.2057491540908813,0.0,0.8637710809707642,-0.00781934056431055,0.36900806427001953,0.3011651039123535,0.5833196640014648,0.6122847199440002,0.037859849631786346,0.08796767890453339,phase3_12_compat_selection_no_phase4_no_cps
compat_global_topk,0,hidden_high_friction,312000,0,14,0.0,0.0,0.0,0,0.0,nan,nan,0.032305631786584854,0.0,0.0,hidden_pin,0,0.1895587295293808,565,565,hidden_pin,0.1895587295293808,0.5569834932684898,0.1895587295293808,1.3962167501449585,0.0,0.03038928098976612,0.01821756362915039,1.3962167501449585,0.0,0.860098659992218,-0.23978082835674286,0.3382894694805145,0.2561270594596863,0.7198677062988281,0.7380852699279785,0.03038928098976612,0.0706150159239769,phase3_12_compat_selection_no_phase4_no_cps
compat_global_topk,0,hidden_high_friction,312000,0,15,0.0,0.0,0.0,0,0.0,nan,nan,0.032937318086624146,0.0,0.0,hidden_pin,0,0.19061651825904846,741,741,hidden_pin,0.19061651825904846,0.5848741948604583,0.19061651825904846,1.2211846113204956,0.0,0.03801450878381729,0.029510974884033203,1.2211846113204956,0.0,0.8614672422409058,-0.008120440877974033,0.36658525466918945,0.2996408939361572,0.582773745059967,0.6122847199440002,0.03801450878381729,0.08754585683345795,phase3_12_compat_selection_no_phase4_no_cps
compat_global_topk,0,hidden_high_friction,312001,1,0,0.0,0.8333333333333334,0.8333333333333334,0,0.8333333333333334,nan,nan,0.03440628573298454,0.0,0.0,hidden_breakaway_pin,0,0.018555575981736183,95,95,hidden_breakaway_pin,0.018555575981736183,0.15638350918889043,0.018555575981736183,0.6048645973205566,0.0,0.00609796354547143,0.01135319471359253,0.6048645973205566,0.0,0.37523698806762695,-0.1580556482076645,0.6463258266448975,0.10017585754394531,0.374396413564682,0.38574960827827454,0.00609796354547143,0.013024208135902882,phase3_12_compat_selection_no_phase4_no_cps
compat_global_topk,0,hidden_high_friction,312001,1,1,0.8333333333333334,0.8333333333333334,0.0,0,0.0,nan,nan,0.030654342845082283,0.0,0.0,free,0,0.09869767725467682,700,700,free,0.09869767725467682,0.2389805682003498,0.09869767725467682,0.2232474535703659,0.0,0.008374961093068123,0.036647964268922806,0.2232474535703659,0.0,0.4739425778388977,-0.11087706685066223,0.44097962975502014,-0.025930853560566902,0.09111759066581726,0.054469626396894455,0.008374961093068123,0.016901256516575813,phase3_12_compat_selection_no_phase4_no_cps
compat_global_topk,0,hidden_high_friction,312001,1,2,0.8333333333333334,0.6666666666666666,-0.16666666666666674,0,-0.16666666666666674,nan,nan,0.03391321375966072,0.0,0.0,hidden_pin,0,0.0828782469034195,761,761,hidden_pin,0.0828782469034195,0.15372168309986592,0.0828782469034195,0.29483237862586975,0.0,0.005088480655103922,0.0031323283910751343,0.29483237862586975,0.0,0.5737863183021545,0.08486074209213257,0.4905090034008026,-0.15361958742141724,0.2526024281978607,0.24947009980678558,0.005088480655103922,0.011536079458892345,phase3_12_compat_selection_no_phase4_no_cps
compat_global_topk,0,hidden_high_friction,312001,1,3,0.6666666666666666,0.625,-0.04166666666666663,0,-0.04166666666666663,nan,nan,0.0240220557898283,0.0,0.0,hidden_pin,0,0.07147520035505295,185,185,hidden_pin,0.07147520035505295,0.1985402513295412,0.07147520035505295,0.4561251997947693,0.0,0.005768480245023966,0.0177861750125885,0.4561251997947693,0.0,0.6908880472183228,-0.12053053081035614,0.4638074040412903,0.03355364501476288,0.27442219853401184,0.25663602352142334,0.005768480245023966,0.012743880972266197,phase3_12_compat_selection_no_phase4_no_cps
compat_global_topk,0,hidden_high_friction,312001,1,4,0.625,0.625,0.0,0,0.0,nan,nan,0.02114553190767765,0.0,0.0,hidden_pin,0,0.08042564243078232,261,261,hidden_pin,0.08042564243078232,0.23302361257374288,0.08042564243078232,0.7253037691116333,0.0,0.007559424731880426,0.006782352924346924,0.7253037691116333,0.0,0.6944671869277954,-0.3589083254337311,0.5033432245254517,0.17977002263069153,0.5715791583061218,0.5783615112304688,0.007559424731880426,0.016610145568847656,phase3_12_compat_selection_no_phase4_no_cps
compat_global_topk,0,hidden_high_friction,312001,1,5,0.625,0.6666666666666666,0.04166666666666663,0,0.04166666666666663,nan,nan,0.022529544308781624,0.0,0.0,hidden_pin,0,0.10082533955574036,305,305,hidden_pin,0.10082533955574036,0.2701477065682411,0.10082533955574036,0.791482150554657,0.0,0.008715329691767693,0.007869362831115723,0.791482150554657,0.0,0.5210021138191223,0.28096073865890503,0.4506162405014038,-0.15461403131484985,0.4412250518798828,0.4333556890487671,0.008715329691767693,0.02136131376028061,phase3_12_compat_selection_no_phase4_no_cps
compat_global_topk,0,hidden_high_friction,312001,1,6,0.6666666666666666,0.7083333333333334,0.04166666666666674,0,0.04166666666666674,nan,nan,0.029271217063069344,0.0,0.0,hidden_pin,0,0.10193074494600296,325,325,hidden_pin,0.10193074494600296,0.3041309088468552,0.10193074494600296,0.7486911416053772,0.0,0.016490979120135307,0.011966288089752197,0.7486911416053772,0.0,0.5980576276779175,-0.3466402292251587,0.29746055603027344,0.0703994557261467,0.5140823721885681,0.5260486602783203,0.016490979120135307,0.03312007710337639,phase3_12_compat_selection_no_phase4_no_cps
compat_global_topk,0,hidden_high_friction,312001,1,7,0.7083333333333334,0.75,0.04166666666666663,0,0.04166666666666663,nan,nan,0.03861803933978081,0.0,0.0,hidden_pin,0,0.1131058782339096,297,297,hidden_pin,0.1131058782339096,0.28751067593693735,0.1131058782339096,0.5721983909606934,0.0,0.013483160175383091,0.01732119917869568,0.5721983909606934,0.0,0.5521184206008911,0.3024669587612152,0.4600414037704468,-0.1382656693458557,0.45024818181991577,0.4329269826412201,0.013483160175383091,0.027431413531303406,phase3_12_compat_selection_no_phase4_no_cps
compat_global_topk,0,hidden_high_friction,312001,1,8,0.75,0.75,0.0,0,0.0,nan,nan,0.03696466609835625,0.0,0.0,hidden_pin,0,0.0987883135676384,445,445,hidden_pin,0.0987883135676384,0.21221277266740798,0.0987883135676384,0.566504955291748,0.0,0.0059138573706150055,0.0023966431617736816,0.566504955291748,0.0,0.6264324188232422,-0.28839311003685,0.4399145245552063,0.059620246291160583,0.39484453201293945,0.39724117517471313,0.0059138573706150055,0.013476078398525715,phase3_12_compat_selection_no_phase4_no_cps
compat_global_topk,0,hidden_high_friction,312001,1,9,0.75,0.75,0.0,0,0.0,nan,nan,0.03887394815683365,0.0,0.0,hidden_pin,0,0.09663726389408112,297,297,hidden_pin,0.09663726389408112,0.26548670157790183,0.09663726389408112,0.6724841594696045,0.0,0.011491457931697369,0.011005491018295288,0.6724841594696045,0.0,0.5508751273155212,0.30518388748168945,0.48163628578186035,-0.13331584632396698,0.4439324736595154,0.4329269826412201,0.011491457931697369,0.024569671601057053,phase3_12_compat_selection_no_phase4_no_cps
compat_global_topk,0,hidden_high_friction,312001,1,10,0.75,0.75,0.0,0,0.0,nan,nan,0.03886004164814949,0.0,0.0,hidden_pin,0,0.10008043050765991,445,445,hidden_pin,0.10008043050765991,0.23057608269155025,0.10008043050765991,0.6035730838775635,0.0,0.006209020968526602,0.007561802864074707,0.6035730838775635,0.0,0.6319804191589355,-0.2925579845905304,0.43133604526519775,0.05902031809091568,0.40480297803878784,0.39724117517471313,0.006209020968526602,0.015438021160662174,phase3_12_compat_selection_no_phase4_no_cps
compat_global_topk,0,hidden_high_friction,312001,1,11,0.75,0.75,0.0,0,0.0,nan,nan,0.03964979574084282,0.0,0.0,hidden_pin,0,0.09671158343553543,297,297,hidden_pin,0.09671158343553543,0.2600341759622097,0.09671158343553543,0.7047274112701416,0.0,0.013141331262886524,0.002524077892303467,0.7047274112701416,0.0,0.5546772480010986,0.2933313846588135,0.47663840651512146,-0.13506978750228882,0.43545106053352356,0.4329269826412201,0.013141331262886524,0.026808759197592735,phase3_12_compat_selection_no_phase4_no_cps
compat_global_topk,0,hidden_high_friction,312001,1,12,0.75,0.75,0.0,0,0.0,nan,nan,0.03993535041809082,0.0,0.0,hidden_pin,0,0.09986568242311478,445,445,hidden_pin,0.09986568242311478,0.22638279646635057,0.09986568242311478,0.6126328110694885,0.0,0.006484627723693848,0.004341840744018555,0.6126328110694885,0.0,0.6328145861625671,-0.29183074831962585,0.43017399311065674,0.05487620085477829,0.4015830159187317,0.39724117517471313,0.006484627723693848,0.016073420643806458,phase3_12_compat_selection_no_phase4_no_cps
compat_global_topk,0,hidden_high_friction,312001,1,13,0.75,0.75,0.0,0,0.0,nan,nan,0.03939589858055115,0.0,0.0,hidden_pin,0,0.09704181551933289,297,297,hidden_pin,0.09704181551933289,0.2590036474168301,0.09704181551933289,0.6940065622329712,0.0,0.012831016443669796,0.0032683908939361572,0.6940065622329712,0.0,0.5536166429519653,0.2955152988433838,0.47625666856765747,-0.133765310049057,0.43619537353515625,0.4329269826412201,0.012831016443669796,0.026315322145819664,phase3_12_compat_selection_no_phase4_no_cps
compat_global_topk,0,hidden_high_friction,312001,1,14,0.75,0.75,0.0,0,0.0,nan,nan,0.03931888937950134,0.0,0.0,hidden_pin,0,0.09937918186187744,445,445,hidden_pin,0.09937918186187744,0.22526076100766657,0.09937918186187744,0.6033515334129333,0.0,0.006427431013435125,0.004834562540054321,0.6033515334129333,0.0,0.6325966119766235,-0.2928851842880249,0.43152034282684326,0.05530044436454773,0.40207573771476746,0.39724117517471313,0.006427431013435125,0.015707744285464287,phase3_12_compat_selection_no_phase4_no_cps
compat_global_topk,0,hidden_high_friction,312001,1,15,0.75,0.75,0.0,0,0.0,nan,nan,0.03922323137521744,0.0,0.0,hidden_pin,0,0.09719865769147873,297,297,hidden_pin,0.09719865769147873,0.2573519594967365,0.09719865769147873,0.6757315397262573,0.0,0.012824333272874355,0.0037481188774108887,0.6757315397262573,0.0,0.5534253716468811,0.2955133020877838,0.47628867626190186,-0.13429489731788635,0.436675101518631,0.4329269826412201,0.012824333272874355,0.026304470375180244,phase3_12_compat_selection_no_phase4_no_cps
compat_global_topk,0,hidden_high_friction,312002,2,0,0.0,0.0,0.0,0,0.0,nan,nan,0.03998201712965965,0.0,0.0,hidden_pin,0,0.024483123794198036,473,473,hidden_pin,0.024483123794198036,0.13157815784215926,0.024483123794198036,0.5111606121063232,0.0,0.005923728924244642,0.00336301326751709,0.5111606121063232,0.0,0.40938693284988403,-0.26168394088745117,0.3792392909526825,0.033779919147491455,0.29699793457984924,0.29363492131233215,0.005923728924244642,0.012151197530329227,phase3_12_compat_selection_no_phase4_no_cps
compat_global_topk,0,hidden_high_friction,312002,2,1,0.0,0.0,0.0,0,0.0,nan,nan,0.038950953632593155,0.0,0.0,free,0,0.08371097594499588,300,300,free,0.08371097594499588,0.2638552671670914,0.08371097594499588,0.4809701442718506,0.0,0.008913634344935417,0.026858605444431305,0.4809701442718506,0.0,0.40648025274276733,-0.2104073166847229,0.46765589714050293,-0.17499375343322754,0.07068648934364319,0.043827883899211884,0.008913634344935417,0.017855294048786163,phase3_12_compat_selection_no_phase4_no_cps
compat_global_topk,0,hidden_high_friction,312002,2,2,0.0,0.0,0.0,0,0.0,nan,nan,0.03734036162495613,0.0,0.0,hidden_pin,0,0.08112809807062149,301,301,hidden_pin,0.08112809807062149,0.24955945424735546,0.08112809807062149,0.6377697587013245,0.0,0.007769094314426184,0.020844757556915283,0.6377697587013245,0.0,0.38769757747650146,0.20221944153308868,0.42995670437812805,-0.19821812212467194,0.4026612341403961,0.4235059916973114,0.007769094314426184,0.017092265188694,phase3_12_compat_selection_no_phase4_no_cps
compat_global_topk,0,hidden_high_friction,312002,2,3,0.0,0.0,0.0,0,0.0,nan,nan,0.03761611878871918,0.0,0.0,hidden_breakaway_pin,0,0.08652167022228241,111,111,hidden_breakaway_pin,0.08652167022228241,0.2670001594722271,0.08652167022228241,0.3387390971183777,0.0,0.013302129693329334,0.027172695845365524,0.3387390971183777,0.0,0.45532718300819397,-0.18502123653888702,0.4837661385536194,-0.12221691757440567,0.06894314289093018,0.04177044704556465,0.013302129693329334,0.026958806440234184,phase3_12_compat_selection_no_phase4_no_cps
compat_global_topk,0,hidden_high_friction,312002,2,4,0.0,0.0,0.0,0,0.0,nan,nan,0.010796974413096905,0.0,0.0,hidden_high_friction,1,0.07700517028570175,298,298,hidden_high_friction,0.07700517028570175,0.24347681611776353,0.07700517028570175,0.49120503664016724,0.0,0.007964381948113441,0.005011502653360367,0.49120503664016724,0.0,0.4206201136112213,-0.19673693180084229,0.4659472107887268,-0.16639567911624908,0.05454482138156891,0.04953331872820854,0.007964381948113441,0.01848137006163597,phase3_12_compat_selection_no_phase4_no_cps
compat_global_topk,0,hidden_high_friction,312002,2,5,0.0,0.0,0.0,0,0.0,nan,nan,0.00956464558839798,0.0,0.0,hidden_high_friction,1,0.07701490074396133,662,662,hidden_high_friction,0.07701490074396133,0.2919714952260256,0.07701490074396133,0.6254571676254272,0.0,0.007000951562076807,0.0015602819621562958,0.6254571676254272,0.0,0.44369006156921387,-0.26708272099494934,0.4739844501018524,-0.24956780672073364,0.03499317541718483,0.033432893455028534,0.007000951562076807,0.012484371662139893,phase3_12_compat_selection_no_phase4_no_cps
compat_global_topk,0,hidden_high_friction,312002,2,6,0.0,0.0,0.0,0,0.0,nan,nan,0.011154762469232082,0.0,0.0,hidden_pin,0,0.054453860968351364,305,305,hidden_pin,0.054453860968351364,0.15445949267596004,0.054453860968351364,0.5741431713104248,0.0,0.0033017767127603292,0.00033852458000183105,0.5741431713104248,0.0,0.42564693093299866,0.26615169644355774,0.47891438007354736,-0.16425886750221252,0.4336942136287689,0.4333556890487671,0.0033017767127603292,0.007305604871362448,phase3_12_compat_selection_no_phase4_no_cps
compat_global_topk,0,hidden_high_friction,312002,2,7,0.0,0.0,0.0,0,0.0,nan,nan,0.03687693551182747,0.0,0.0,hidden_high_friction,1,0.07823430001735687,110,110,hidden_high_friction,0.07823430001735687,0.2148879735171795,0.07823430001735687,0.1980513632297516,0.0,0.010922503657639027,0.02790789306163788,0.1980513632297516,0.0,0.4919413924217224,-0.13718624413013458,0.5096845626831055,-0.06299860775470734,0.07627991586923599,0.048372022807598114,0.010922503657639027,0.022221416234970093,phase3_12_compat_selection_no_phase4_no_cps
compat_global_topk,0,hidden_high_friction,312002,2,8,0.0,0.0,0.0,0,0.0,nan,nan,0.02325763739645481,0.0,0.0,hidden_high_friction,1,0.0798325389623642,422,422,hidden_high_friction,0.0798325389623642,0.21901358425617218,0.0798325389623642,0.2822018265724182,0.0,0.009225927293300629,0.004913013428449631,0.2822018265724182,0.0,0.43571987748146057,-0.11605189740657806,0.4870626926422119,-0.09650037437677383,0.05493948236107826,0.05002646893262863,0.009225927293300629,0.022012703120708466,phase3_12_compat_selection_no_phase4_no_cps
compat_global_topk,0,hidden_high_friction,312002,2,9,0.0,0.0,0.0,0,0.0,nan,nan,0.021322324872016907,0.0,0.0,hidden_high_friction,1,0.07460707426071167,762,762,hidden_high_friction,0.07460707426071167,0.22039590761065483,0.07460707426071167,0.2923406660556793,0.0,0.011285065673291683,0.022783268243074417,0.2923406660556793,0.0,0.4775947630405426,-0.1685887724161148,0.5414645075798035,-0.13046115636825562,0.07438453286886215,0.051601264625787735,0.011285065673291683,0.022627215832471848,phase3_12_compat_selection_no_phase4_no_cps
compat_global_topk,0,hidden_high_friction,312002,2,10,0.0,0.0,0.0,0,0.0,nan,nan,0.021934019401669502,0.0,0.0,hidden_pin,0,0.04085644334554672,305,305,hidden_pin,0.04085644334554672,0.179649505764246,0.04085644334554672,0.4932272434234619,0.0,0.004596876911818981,0.023210734128952026,0.4932272434234619,0.0,0.41510245203971863,0.2512159049510956,0.46603846549987793,-0.15575388073921204,0.41014495491981506,0.4333556890487671,0.004596876911818981,0.009459419175982475,phase3_12_compat_selection_no_phase4_no_cps
compat_global_topk,0,hidden_high_friction,312002,2,11,0.0,0.0,0.0,0,0.0,nan,nan,0.03096635639667511,0.0,0.0,hidden_high_friction,1,0.0788877084851265,110,110,hidden_high_friction,0.0788877084851265,0.21213654637336732,0.0788877084851265,0.18230752646923065,0.0,0.010661688633263111,0.02411852777004242,0.18230752646923065,0.0,0.4893989562988281,-0.126864954829216,0.4991377592086792,-0.05503157153725624,0.07249055057764053,0.048372022807598114,0.010661688633263111,0.02045273222029209,phase3_12_compat_selection_no_phase4_no_cps
compat_global_topk,0,hidden_high_friction,312002,2,12,0.0,0.0,0.0,0,0.0,nan,nan,0.03227894380688667,0.0,0.0,hidden_high_friction,1,0.07191084325313568,422,422,hidden_high_friction,0.07191084325313568,0.20919808432459833,0.07191084325313568,0.2263951599597931,0.0,0.007798974402248859,0.0030462518334388733,0.2263951599597931,0.0,0.44904088973999023,-0.09274043142795563,0.4891042709350586,-0.0682033896446228,0.04698021709918976,0.05002646893262863,0.007798974402248859,0.016140813007950783,phase3_12_compat_selection_no_phase4_no_cps
compat_global_topk,0,hidden_high_friction,312002,2,13,0.0,0.0,0.0,0,0.0,nan,nan,0.03586741164326668,0.0,0.0,hidden_breakaway_pin,0,0.06902246177196503,111,111,hidden_breakaway_pin,0.06902246177196503,0.21136029459536076,0.06902246177196503,0.2384643405675888,0.0,0.007527268957346678,0.02797401323914528,0.2384643405675888,0.0,0.46640050411224365,-0.15386492013931274,0.49159151315689087,-0.08882875740528107,0.06974446028470993,0.04177044704556465,0.007527268957346678,0.018460653722286224,phase3_12_compat_selection_no_phase4_no_cps
compat_global_topk,0,hidden_high_friction,312002,2,14,0.0,0.0,0.0,0,0.0,nan,nan,0.03830398619174957,0.0,0.0,hidden_pin,0,0.04168834164738655,305,305,hidden_pin,0.04168834164738655,0.1589174197986722,0.04168834164738655,0.45641493797302246,0.0,0.003451552474871278,0.017480313777923584,0.45641493797302246,0.0,0.429073303937912,0.2681718170642853,0.47025325894355774,-0.14565971493721008,0.4158753752708435,0.4333556890487671,0.003451552474871278,0.007022157311439514,phase3_12_compat_selection_no_phase4_no_cps
compat_global_topk,0,hidden_high_friction,312002,2,15,0.0,0.0,0.0,0,0.0,nan,nan,0.038740355521440506,0.0,0.0,free,0,0.06686374545097351,300,300,free,0.06686374545097351,0.22254728622734546,0.06686374545097351,0.4491279721260071,0.0,0.003992528188973665,0.005246967077255249,0.4491279721260071,0.0,0.4298248589038849,-0.16465456783771515,0.4231104850769043,-0.21326792240142822,0.04907485097646713,0.043827883899211884,0.003992528188973665,0.007219386752694845,phase3_12_compat_selection_no_phase4_no_cps
compat_condition_topk,1,free,312000,0,0,0.0,0.16666666666666666,0.16666666666666666,0,0.16666666666666666,nan,nan,0.03975282609462738,0.0,0.0,free,1,0.02016199380159378,76,76,free,0.02016199380159378,0.15577882789075376,0.02016199380159378,0.6985460519790649,0.0,0.0045596095733344555,0.006298243999481201,0.6985460519790649,0.0,0.31476905941963196,-0.3512625992298126,0.5677145719528198,0.1089584231376648,0.5251522064208984,0.5314504504203796,0.0045596095733344555,0.009579267352819443,phase3_12_compat_selection_no_phase4_no_cps
compat_condition_topk,1,free,312000,0,1,0.16666666666666666,0.16666666666666666,0.0,0,0.0,nan,nan,0.040250327438116074,0.0,0.0,free,1,0.1446668952703476,60,60,free,0.1446668952703476,0.2824869558215141,0.1446668952703476,0.4660869836807251,0.0,0.009568722918629646,0.014816060662269592,0.4660869836807251,0.0,0.4559842348098755,-0.20340530574321747,0.5945255756378174,-0.02772901952266693,0.22373166680335999,0.2089156061410904,0.009568722918629646,0.01770654134452343,phase3_12_compat_selection_no_phase4_no_cps
compat_condition_topk,1,free,312000,0,2,0.16666666666666666,0.16666666666666666,0.0,0,0.0,nan,nan,0.039972398430109024,0.0,0.0,free,1,0.11387918889522552,700,700,free,0.11387918889522552,0.2244544053822756,0.11387918889522552,0.2592659294605255,0.0,0.005156144965440035,0.01505323126912117,0.2592659294605255,0.0,0.46422213315963745,-0.09738954901695251,0.46160316467285156,-0.027916040271520615,0.06952285766601562,0.054469626396894455,0.005156144965440035,0.011971527710556984,phase3_12_compat_selection_no_phase4_no_cps
compat_condition_topk,1,free,312000,0,3,0.16666666666666666,0.08333333333333333,-0.08333333333333333,0,-0.08333333333333333,nan,nan,0.0402819961309433,0.0,0.0,free,1,0.05533389374613762,612,612,free,0.05533389374613762,0.19233677614480257,0.05533389374613762,0.20561851561069489,0.0,0.0036556117702275515,0.016468867659568787,0.20561851561069489,0.0,0.5256195068359375,-0.0055695343762636185,0.557799756526947,-0.04474765807390213,0.05070003867149353,0.034231171011924744,0.0036556117702275515,0.006908991374075413,phase3_12_compat_selection_no_phase4_no_cps
compat_condition_topk,1,free,312000,0,4,0.08333333333333333,0.0,-0.08333333333333333,0,-0.08333333333333333,nan,nan,0.04032719135284424,0.0,0.0,free,1,0.05176134034991264,612,612,free,0.05176134034991264,0.19705731984227895,0.05176134034991264,0.2491002231836319,0.0,0.0035263223107904196,0.0005719996988773346,0.2491002231836319,0.0,0.5404931902885437,-0.0032251477241516113,0.571951150894165,-0.015197474509477615,0.03365917131304741,0.034231171011924744,0.0035263223107904196,0.008260862901806831,phase3_12_compat_selection_no_phase4_no_cps
compat_condition_topk,1,free,312000,0,5,0.0,0.0,0.0,0,0.0,nan,nan,0.0405430905520916,0.0,0.0,free,1,0.04234621301293373,304,304,free,0.04234621301293373,0.21149627719074487,0.04234621301293373,0.45914119482040405,0.0,0.0038955037016421556,0.01044962927699089,0.45914119482040405,0.0,0.44135892391204834,-0.17815887928009033,0.40147772431373596,-0.20505152642726898,0.04810119420289993,0.03765156492590904,0.0038955037016421556,0.006862047594040632,phase3_12_compat_selection_no_phase4_no_cps
compat_condition_topk,1,free,312000,0,6,0.0,0.0,0.0,0,0.0,nan,nan,0.04032154381275177,0.0,0.0,free,1,0.030142033472657204,424,424,free,0.030142033472657204,0.19385677225887776,0.030142033472657204,0.4543507993221283,0.0,0.003244200721383095,0.0040123239159584045,0.4543507993221283,0.0,0.449298232793808,-0.1124880313873291,0.41356730461120605,-0.13590320944786072,0.04271966591477394,0.038707341998815536,0.003244200721383095,0.007816805504262447,phase3_12_compat_selection_no_phase4_no_cps
compat_condition_topk,1,free,312000,0,7,0.0,0.0,0.0,0,0.0,nan,nan,0.03981615602970123,0.0,0.0,free,1,0.037870246917009354,612,612,free,0.037870246917009354,0.16853302534669637,0.037870246917009354,0.2086309790611267,0.0,0.0016942739021033049,0.00026334449648857117,0.2086309790611267,0.0,0.543512761592865,-0.013372001238167286,0.5723385810852051,-0.03134101256728172,0.03396782651543617,0.034231171011924744,0.0016942739021033049,0.00333610363304615,phase3_12_compat_selection_no_phase4_no_cps
compat_condition_topk,1,free,312000,0,8,0.0,0.0,0.0,0,0.0,nan,nan,0.040705613791942596,0.0,0.0,free,1,0.05333872139453888,296,296,free,0.05333872139453888,0.21457550194114447,0.05333872139453888,0.2823926508426666,0.0,0.0033313424792140722,0.0034759417176246643,0.2823926508426666,0.0,0.5279377698898315,-0.0336487740278244,0.5476613640785217,-0.05717430263757706,0.030699685215950012,0.034175626933574677,0.0033313424792140722,0.008243649266660213,phase3_12_compat_selection_no_phase4_no_cps
compat_condition_topk,1,free,312000,0,9,0.0,0.0,0.0,0,0.0,nan,nan,0.04037642478942871,0.0,0.0,free,1,0.036905646324157715,304,304,free,0.036905646324157715,0.20753790851682424,0.036905646324157715,0.4751085340976715,0.0,0.0036672779824584723,0.010215524584054947,0.4751085340976715,0.0,0.4463881254196167,-0.18274454772472382,0.4035995602607727,-0.20420141518115997,0.04786708950996399,0.03765156492590904,0.0036672779824584723,0.006621164735406637,phase3_12_compat_selection_no_phase4_no_cps
compat_condition_topk,1,free,312000,0,10,0.0,0.0,0.0,0,0.0,nan,nan,0.04039967060089111,0.0,0.0,free,1,0.04442980885505676,612,612,free,0.04442980885505676,0.177084614187479,0.04442980885505676,0.21157200634479523,0.0,0.002345336601138115,0.0007682256400585175,0.21157200634479523,0.0,0.5288063287734985,-0.02129041962325573,0.5633293390274048,-0.027045395225286484,0.03499939665198326,0.034231171011924744,0.002345336601138115,0.0049430811777710915,phase3_12_compat_selection_no_phase4_no_cps
compat_condition_topk,1,free,312000,0,11,0.0,0.0,0.0,0,0.0,nan,nan,0.040268100798130035,0.0,0.0,free,1,0.04783748462796211,612,612,free,0.04783748462796211,0.19218362703919412,0.04783748462796211,0.250389963388443,0.0,0.0014919061213731766,0.0023205913603305817,0.250389963388443,0.0,0.5392529368400574,-0.017742859199643135,0.5696898102760315,-0.027328357100486755,0.03191057965159416,0.034231171011924744,0.0014919061213731766,0.003528352826833725,phase3_12_compat_selection_no_phase4_no_cps
compat_condition_topk,1,free,312000,0,12,0.0,0.0,0.0,0,0.0,nan,nan,0.03979313746094704,0.0,0.0,free,1,0.04138070344924927,304,304,free,0.04138070344924927,0.21205049756914376,0.04138070344924927,0.4744894504547119,0.0,0.0036998766008764505,0.006917715072631836,0.4744894504547119,0.0,0.4444736838340759,-0.1795872449874878,0.40633776783943176,-0.2026539444923401,0.04456927999854088,0.03765156492590904,0.0036998766008764505,0.006992096081376076,phase3_12_compat_selection_no_phase4_no_cps
compat_condition_topk,1,free,312000,0,13,0.0,0.0,0.0,0,0.0,nan,nan,0.04034007713198662,0.0,0.0,free,1,0.04393107071518898,612,612,free,0.04393107071518898,0.17947642136365174,0.04393107071518898,0.2306002825498581,0.0,0.0023544125724583864,0.003488190472126007,0.2306002825498581,0.0,0.5273864269256592,-0.020476486533880234,0.5641524791717529,-0.02890309877693653,0.03771936148405075,0.034231171011924744,0.0023544125724583864,0.004828174598515034,phase3_12_compat_selection_no_phase4_no_cps
compat_condition_topk,1,free,312000,0,14,0.0,0.0,0.0,0,0.0,nan,nan,0.039641838520765305,0.0,0.0,free,1,0.04767053201794624,612,612,free,0.04767053201794624,0.18281525358557701,0.04767053201794624,0.24711892008781433,0.0,0.0016348063945770264,0.004132207483053207,0.24711892008781433,0.0,0.5342701077461243,-0.017306579276919365,0.5703956484794617,-0.03021758422255516,0.03836337849497795,0.034231171011924744,0.0016348063945770264,0.0033041590359061956,phase3_12_compat_selection_no_phase4_no_cps
compat_condition_topk,1,free,312000,0,15,0.0,0.0,0.0,0,0.0,nan,nan,0.04020991548895836,0.0,0.0,free,1,0.056435972452163696,612,612,free,0.056435972452163696,0.20357541855424643,0.056435972452163696,0.2932330369949341,0.0,0.002904208144173026,0.0027899034321308136,0.2932330369949341,0.0,0.5284646153450012,-0.025539273396134377,0.5653482675552368,-0.022352397441864014,0.03702107444405556,0.034231171011924744,0.002904208144173026,0.005898256320506334,phase3_12_compat_selection_no_phase4_no_cps
compat_condition_topk,1,free,312001,1,0,0.0,0.0,0.0,0,0.0,nan,nan,0.039931997656822205,0.0,0.0,free,1,0.014728320762515068,116,116,free,0.014728320762515068,0.14728132355958223,0.014728320762515068,0.3358808159828186,0.0,0.003755183657631278,0.03357507288455963,0.3358808159828186,0.0,0.5978918075561523,0.05610300600528717,0.41102689504623413,-0.06375433504581451,0.2220006138086319,0.25557568669319153,0.003755183657631278,0.009320749901235104,phase3_12_compat_selection_no_phase4_no_cps
compat_condition_topk,1,free,312001,1,1,0.0,0.0,0.0,0,0.0,nan,nan,0.039430130273103714,0.0,0.0,free,1,0.0903249979019165,568,568,free,0.0903249979019165,0.3331344819068909,0.0903249979019165,0.4980049431324005,0.0,0.011295048519968987,0.030092958360910416,0.4980049431324005,0.0,0.6402912139892578,0.12805722653865814,0.5933847427368164,0.14088423550128937,0.048628684133291245,0.01853572577238083,0.011295048519968987,0.02205183170735836,phase3_12_compat_selection_no_phase4_no_cps
compat_condition_topk,1,free,312001,1,2,0.0,0.0,0.0,0,0.0,nan,nan,0.03929287940263748,0.0,0.0,free,1,0.09001163393259048,568,568,free,0.09001163393259048,0.3328812269866467,0.09001163393259048,0.534713864326477,0.0,0.009933491237461567,0.03440620005130768,0.534713864326477,0.0,0.6478952765464783,0.14454461634159088,0.5952333807945251,0.14998266100883484,0.05294192582368851,0.01853572577238083,0.009933491237461567,0.01858729124069214,phase3_12_compat_selection_no_phase4_no_cps
compat_condition_topk,1,free,312001,1,3,0.0,0.0,0.0,0,0.0,nan,nan,0.03949611634016037,0.0,0.0,free,1,0.134578138589859,156,156,free,0.134578138589859,0.2965022204816341,0.134578138589859,0.5291954874992371,0.0,0.013458370231091976,0.004971392452716827,0.5291954874992371,0.0,0.6729737520217896,0.10337360948324203,0.6110848784446716,0.06936842948198318,0.070615753531456,0.06564436107873917,0.013458370231091976,0.027800824493169785,phase3_12_compat_selection_no_phase4_no_cps
compat_condition_topk,1,free,312001,1,4,0.0,0.0,0.0,0,0.0,nan,nan,0.03976370021700859,0.0,0.0,free,1,0.08426366001367569,568,568,free,0.08426366001367569,0.33603525161743164,0.08426366001367569,0.5658605694770813,0.0,0.010962424799799919,0.06152140349149704,0.5658605694770813,0.0,0.6718223690986633,0.1547858864068985,0.5917978286743164,0.15250179171562195,0.08005712926387787,0.01853572577238083,0.010962424799799919,0.020925607532262802,phase3_12_compat_selection_no_phase4_no_cps
compat_condition_topk,1,free,312001,1,5,0.0,0.0,0.0,0,0.0,nan,nan,0.03962516412138939,0.0,0.0,free,1,0.08611323684453964,568,568,free,0.08611323684453964,0.3455908209085464,0.08611323684453964,0.569167971611023,0.0,0.01086636446416378,0.06531846523284912,0.569167971611023,0.0,0.6729843020439148,0.1590033620595932,0.5893245339393616,0.15329648554325104,0.08385419100522995,0.01853572577238083,0.01086636446416378,0.0210723876953125,phase3_12_compat_selection_no_phase4_no_cps
compat_condition_topk,1,free,312001,1,6,0.0,0.0,0.0,0,0.0,nan,nan,0.0390016995370388,0.0,0.0,free,1,0.08594285696744919,568,568,free,0.08594285696744919,0.3537169948220253,0.08594285696744919,0.5832792520523071,0.0,0.010530106723308563,0.0690809115767479,0.5832792520523071,0.0,0.6760575771331787,0.16477440297603607,0.5888535976409912,0.15628081560134888,0.08761663734912872,0.01853572577238083,0.010530106723308563,0.021045781672000885,phase3_12_compat_selection_no_phase4_no_cps
compat_condition_topk,1,free,312001,1,7,0.0,0.0,0.0,0,0.0,nan,nan,0.039538633078336716,0.0,0.0,free,1,0.08608663082122803,568,568,free,0.08608663082122803,0.36806070655584333,0.08608663082122803,0.5845146775245667,0.0,0.011354343965649605,0.07443974912166595,0.5845146775245667,0.0,0.6787552237510681,0.15974955260753632,0.5858668684959412,0.15572555363178253,0.09297547489404678,0.01853572577238083,0.011354343965649605,0.02244340255856514,phase3_12_compat_selection_no_phase4_no_cps
compat_condition_topk,1,free,312001,1,8,0.0,0.0,0.0,0,0.0,nan,nan,0.03940977901220322,0.0,0.0,free,1,0.0866665318608284,568,568,free,0.0866665318608284,0.37352229878306387,0.0866665318608284,0.5854251384735107,0.0,0.011672520078718662,0.07617595791816711,0.5854251384735107,0.0,0.6792291402816772,0.1595320999622345,0.5847179293632507,0.15337297320365906,0.09471168369054794,0.01853572577238083,0.011672520078718662,0.02290085330605507,phase3_12_compat_selection_no_phase4_no_cps
compat_condition_topk,1,free,312001,1,9,0.0,0.0,0.0,0,0.0,nan,nan,0.038646914064884186,0.0,0.0,free,1,0.08697766065597534,568,568,free,0.08697766065597534,0.3784652814269066,0.08697766065597534,0.581611156463623,0.0,0.011824173852801323,0.07847462594509125,0.581611156463623,0.0,0.68015056848526,0.1597292423248291,0.5833779573440552,0.1529417186975479,0.09701035171747208,0.01853572577238083,0.011824173852801323,0.023306313902139664,phase3_12_compat_selection_no_phase4_no_cps
compat_condition_topk,1,free,312001,1,10,0.0,0.0,0.0,0,0.0,nan,nan,0.03933912143111229,0.0,0.0,free,1,0.08698387444019318,568,568,free,0.08698387444019318,0.3763069622218609,0.08698387444019318,0.58656245470047,0.0,0.011516700498759747,0.07763595879077911,0.58656245470047,0.0,0.6800158619880676,0.16210848093032837,0.5841705799102783,0.1541917771100998,0.09617168456315994,0.01853572577238083,0.011516700498759747,0.022888055071234703,phase3_12_compat_selection_no_phase4_no_cps
compat_condition_topk,1,free,312001,1,11,0.0,0.0,0.0,0,0.0,nan,nan,0.03911874070763588,0.0,0.0,free,1,0.08700142800807953,568,568,free,0.08700142800807953,0.37548924833536146,0.08700142800807953,0.5882006287574768,0.0,0.011367278173565865,0.07739430665969849,0.5882006287574768,0.0,0.680259644985199,0.162411630153656,0.5845548510551453,0.155841663479805,0.09593003243207932,0.01853572577238083,0.011367278173565865,0.022735675796866417,phase3_12_compat_selection_no_phase4_no_cps
compat_condition_topk,1,free,312001,1,12,0.0,0.0,0.0,0,0.0,nan,nan,0.03972740098834038,0.0,0.0,free,1,0.08708124607801437,568,568,free,0.08708124607801437,0.37459317967295647,0.08708124607801437,0.5857515335083008,0.0,0.011411276645958424,0.07700204849243164,0.5857515335083008,0.0,0.678959846496582,0.1628483086824417,0.5838017463684082,0.15433931350708008,0.09553777426481247,0.01853572577238083,0.011411276645958424,0.022698896005749702,phase3_12_compat_selection_no_phase4_no_cps
compat_condition_topk,1,free,312001,1,13,0.0,0.0,0.0,0,0.0,nan,nan,0.03915164992213249,0.0,0.0,free,1,0.0871206670999527,568,568,free,0.0871206670999527,0.3756466545164585,0.0871206670999527,0.5833932757377625,0.0,0.011466053314507008,0.07757639139890671,0.5833932757377625,0.0,0.6794565916061401,0.1616113930940628,0.5835540890693665,0.15526719391345978,0.09611211717128754,0.01853572577238083,0.011466053314507008,0.022853631526231766,phase3_12_compat_selection_no_phase4_no_cps
compat_condition_topk,1,free,312001,1,14,0.0,0.0,0.0,0,0.0,nan,nan,0.03999729081988335,0.0,0.0,free,1,0.08707619458436966,568,568,free,0.08707619458436966,0.37740188390016555,0.08707619458436966,0.5805177688598633,0.0,0.011681817471981049,0.0782603770494461,0.5805177688598633,0.0,0.679802417755127,0.16054674983024597,0.5832501649856567,0.15368036925792694,0.09679610282182693,0.01853572577238083,0.011681817471981049,0.023152627050876617,phase3_12_compat_selection_no_phase4_no_cps
compat_condition_topk,1,free,312001,1,15,0.0,0.0,0.0,0,0.0,nan,nan,0.04029937833547592,0.0,0.0,free,1,0.08705633878707886,568,568,free,0.08705633878707886,0.37656874507665633,0.08705633878707886,0.5772186517715454,0.0,0.011677538976073265,0.0781097263097763,0.5772186517715454,0.0,0.6789227724075317,0.16051027178764343,0.5825280547142029,0.1535530686378479,0.09664545208215714,0.01853572577238083,0.011677538976073265,0.02313174493610859,phase3_12_compat_selection_no_phase4_no_cps
compat_condition_topk,1,free,312002,2,0,0.0,0.0,0.0,0,0.0,nan,nan,0.040053945034742355,0.0,0.0,free,1,0.009921394288539886,744,744,free,0.009921394288539886,0.09775746595114469,0.009921394288539886,0.43894174695014954,0.0,0.002475077984854579,0.006047248840332031,0.43894174695014954,0.0,0.6407211422920227,0.11967388540506363,0.5304791331291199,-0.17309604585170746,0.3128378689289093,0.30679062008857727,0.002475077984854579,0.0058112116530537605,phase3_12_compat_selection_no_phase4_no_cps
compat_condition_topk,1,free,312002,2,1,0.0,0.0,0.0,0,0.0,nan,nan,0.03959948197007179,0.0,0.0,free,1,0.13871802389621735,576,576,free,0.13871802389621735,0.25421728044748304,0.13871802389621735,0.6073355078697205,0.0,0.002635763958096504,0.006927937269210815,0.6073355078697205,0.0,0.6526068449020386,0.17085222899913788,0.3461688756942749,0.016628026962280273,0.3430587947368622,0.349986732006073,0.002635763958096504,0.004934382159262896,phase3_12_compat_selection_no_phase4_no_cps
compat_condition_topk,1,free,312002,2,2,0.0,0.0,0.0,0,0.0,nan,nan,0.04007084295153618,0.0,0.0,free,1,0.14148765802383423,576,576,free,0.14148765802383423,0.28694709837436677,0.14148765802383423,0.5948622822761536,0.0,0.003537021577358246,0.021041005849838257,0.5948622822761536,0.0,0.6444187760353088,0.15980209410190582,0.34245380759239197,0.02933201566338539,0.32894572615623474,0.349986732006073,0.003537021577358246,0.008525802753865719,phase3_12_compat_selection_no_phase4_no_cps
compat_condition_topk,1,free,312002,2,3,0.0,0.0,0.0,0,0.0,nan,nan,0.04010005667805672,0.0,0.0,free,1,0.09610196202993393,256,256,free,0.09610196202993393,0.2918463921546936,0.09610196202993393,0.517408013343811,0.0,0.005995709449052811,0.023202672600746155,0.517408013343811,0.0,0.5276693105697632,0.210984468460083,0.4991340637207031,0.1626519411802292,0.05612747743725777,0.03292480483651161,0.005995709449052811,0.014407074078917503,phase3_12_compat_selection_no_phase4_no_cps
compat_condition_topk,1,free,312002,2,4,0.0,0.0,0.0,0,0.0,nan,nan,0.0400044247508049,0.0,0.0,free,1,0.08788145333528519,328,328,free,0.08788145333528519,0.25838743299245837,0.08788145333528519,0.18992452323436737,0.0,0.012334498576819897,0.04633965343236923,0.18992452323436737,0.0,0.5203469395637512,0.09168518334627151,0.5427598357200623,0.01273675262928009,0.08206821978092194,0.035728566348552704,0.012334498576819897,0.0308188796043396,phase3_12_compat_selection_no_phase4_no_cps
compat_condition_topk,1,free,312002,2,5,0.0,0.0,0.0,0,0.0,nan,nan,0.039501339197158813,0.0,0.0,free,1,0.04522551968693733,164,164,free,0.04522551968693733,0.22767493821680546,0.04522551968693733,0.49893802404403687,0.0,0.004730393644422293,0.001482248306274414,0.49893802404403687,0.0,0.38859736919403076,0.0656343549489975,0.4112488925457001,0.09506545960903168,0.0371386781334877,0.038620926439762115,0.004730393644422293,0.009194438345730305,phase3_12_compat_selection_no_phase4_no_cps
compat_condition_topk,1,free,312002,2,6,0.0,0.0,0.0,0,0.0,nan,nan,0.04024645686149597,0.0,0.0,free,1,0.05682617798447609,328,328,free,0.05682617798447609,0.2553693577647209,0.05682617798447609,0.2816571295261383,0.0,0.012812229804694653,0.052522845566272736,0.2816571295261383,0.0,0.471088707447052,0.05066602677106857,0.548809289932251,0.008859049528837204,0.08825141191482544,0.035728566348552704,0.012812229804694653,0.028779789805412292,phase3_12_compat_selection_no_phase4_no_cps
compat_condition_topk,1,free,312002,2,7,0.0,0.0,0.0,0,0.0,nan,nan,0.04006263613700867,0.0,0.0,free,1,0.049142055213451385,328,328,free,0.049142055213451385,0.2305701494216919,0.049142055213451385,0.266005277633667,0.0,0.011156434193253517,0.048450782895088196,0.266005277633667,0.0,0.4904210865497589,0.05871427804231644,0.5587407350540161,0.009535130113363266,0.0841793492436409,0.035728566348552704,0.011156434193253517,0.02620416320860386,phase3_12_compat_selection_no_phase4_no_cps
compat_condition_topk,1,free,312002,2,8,0.0,0.0,0.0,0,0.0,nan,nan,0.04014584422111511,0.0,0.0,free,1,0.05124465003609657,328,328,free,0.05124465003609657,0.22288538351655007,0.05124465003609657,0.3191892206668854,0.0,0.008804870769381523,0.039284780621528625,0.3191892206668854,0.0,0.512387216091156,0.048789896070957184,0.5722346901893616,0.003565095365047455,0.07501334697008133,0.035728566348552704,0.008804870769381523,0.020676283165812492,phase3_12_compat_selection_no_phase4_no_cps
compat_condition_topk,1,free,312002,2,9,0.0,0.0,0.0,0,0.0,nan,nan,0.04037057235836983,0.0,0.0,free,1,0.052150268107652664,328,328,free,0.052150268107652664,0.23944524079561233,0.052150268107652664,0.28133413195610046,0.0,0.010903487913310528,0.050740450620651245,0.28133413195610046,0.0,0.4952651262283325,0.0654311552643776,0.5622298717498779,0.010726366192102432,0.08646901696920395,0.035728566348552704,0.010903487913310528,0.02672283723950386,phase3_12_compat_selection_no_phase4_no_cps
compat_condition_topk,1,free,312002,2,10,0.0,0.0,0.0,0,0.0,nan,nan,0.039917830377817154,0.0,0.0,free,1,0.05008859187364578,164,164,free,0.05008859187364578,0.24526384010910987,0.05008859187364578,0.5212016105651855,0.0,0.008559214882552624,0.0012716278433799744,0.5212016105651855,0.0,0.3614863157272339,0.10228302329778671,0.40073490142822266,0.09514407813549042,0.03989255428314209,0.038620926439762115,0.008559214882552624,0.019240593537688255,phase3_12_compat_selection_no_phase4_no_cps
compat_condition_topk,1,free,312002,2,11,0.0,0.0,0.0,0,0.0,nan,nan,0.040092602372169495,0.0,0.0,free,1,0.04609919339418411,328,328,free,0.04609919339418411,0.2419000171124935,0.04609919339418411,0.30411964654922485,0.0,0.012232006527483463,0.05062742531299591,0.30411964654922485,0.0,0.48678916692733765,0.0649794191122055,0.5533407330513,0.009949911385774612,0.08635599166154861,0.035728566348552704,0.012232006527483463,0.028269564732909203,phase3_12_compat_selection_no_phase4_no_cps
compat_condition_topk,1,free,312002,2,12,0.0,0.0,0.0,0,0.0,nan,nan,0.03955024853348732,0.0,0.0,free,1,0.04987915977835655,328,328,free,0.04987915977835655,0.21833673417568206,0.04987915977835655,0.2724176347255707,0.0,0.009477700106799603,0.04484206438064575,0.2724176347255707,0.0,0.4963054656982422,0.0470442920923233,0.5665082931518555,0.007507104426622391,0.08057063072919846,0.035728566348552704,0.009477700106799603,0.022745348513126373,phase3_12_compat_selection_no_phase4_no_cps
compat_condition_topk,1,free,312002,2,13,0.0,0.0,0.0,0,0.0,nan,nan,0.040047865360975266,0.0,0.0,free,1,0.054080259054899216,328,328,free,0.054080259054899216,0.22140966936945916,0.054080259054899216,0.3020932674407959,0.0,0.00836813822388649,0.036745183169841766,0.3020932674407959,0.0,0.5143728852272034,0.03589221090078354,0.5765582919120789,-0.0013290122151374817,0.07247374951839447,0.035728566348552704,0.00836813822388649,0.017981600016355515,phase3_12_compat_selection_no_phase4_no_cps
compat_condition_topk,1,free,312002,2,14,0.0,0.0,0.0,0,0.0,nan,nan,0.04082002118229866,0.0,0.0,free,1,0.05208863317966461,164,164,free,0.05208863317966461,0.24560298010706902,0.05208863317966461,0.5139777064323425,0.0,0.008414885960519314,0.0007737055420875549,0.5139777064323425,0.0,0.3645930886268616,0.10238271206617355,0.40308839082717896,0.09401319921016693,0.03939463198184967,0.038620926439762115,0.008414885960519314,0.018730944022536278,phase3_12_compat_selection_no_phase4_no_cps
compat_condition_topk,1,free,312002,2,15,0.0,0.0,0.0,0,0.0,nan,nan,0.04049238935112953,0.0,0.0,free,1,0.04645190015435219,328,328,free,0.04645190015435219,0.245750592648983,0.04645190015435219,0.3144218623638153,0.0,0.012438296340405941,0.05119111388921738,0.3144218623638153,0.0,0.48902642726898193,0.06783361732959747,0.5526847839355469,0.00865047425031662,0.08691968023777008,0.035728566348552704,0.012438296340405941,0.028541656211018562,phase3_12_compat_selection_no_phase4_no_cps
compat_condition_topk,1,hidden_breakaway_pin,312000,0,0,0.0,0.0,0.0,0,0.0,nan,nan,0.03949868306517601,0.0,0.0,hidden_breakaway_pin,1,0.022424954921007156,215,215,hidden_breakaway_pin,0.022424954921007156,0.11722470000386238,0.022424954921007156,0.5237541794776917,0.0,0.0035337843000888824,0.0010507404804229736,0.5237541794776917,0.0,0.5924956202507019,-0.25940394401550293,0.3546562194824219,0.0731530711054802,0.408854216337204,0.407803475856781,0.0035337843000888824,0.0077277966775000095,phase3_12_compat_selection_no_phase4_no_cps
compat_condition_topk,1,hidden_breakaway_pin,312000,0,1,0.0,0.0,0.0,0,0.0,nan,nan,0.03991634398698807,0.0,0.0,hidden_breakaway_pin,1,0.12455175071954727,523,523,hidden_breakaway_pin,0.12455175071954727,0.25349728353321554,0.12455175071954727,0.5862269401550293,0.0,0.006240541581064463,0.008024662733078003,0.5862269401550293,0.0,0.6375821828842163,-0.2504710555076599,0.621260404586792,-0.04376394301652908,0.20735050737857819,0.19932584464550018,0.006240541581064463,0.011757684871554375,phase3_12_compat_selection_no_phase4_no_cps
compat_condition_topk,1,hidden_breakaway_pin,312000,0,2,0.0,0.0,0.0,0,0.0,nan,nan,0.03982987627387047,0.0,0.0,hidden_breakaway_pin,1,0.09673798084259033,111,111,hidden_breakaway_pin,0.09673798084259033,0.2914491664618254,0.09673798084259033,0.24545787274837494,0.0,0.006664731074124575,0.06561679020524025,0.24545787274837494,0.0,0.5729799866676331,-0.15142804384231567,0.4854896068572998,-0.08915886282920837,0.1073872372508049,0.04177044704556465,0.006664731074124575,0.014657637104392052,phase3_12_compat_selection_no_phase4_no_cps
compat_condition_topk,1,hidden_breakaway_pin,312000,0,3,0.0,0.0,0.0,0,0.0,nan,nan,0.03986167907714844,0.0,0.0,hidden_breakaway_pin,1,0.09774289280176163,111,111,hidden_breakaway_pin,0.09774289280176163,0.296349611133337,0.09774289280176163,0.258825421333313,0.0,0.006334549747407436,0.06722235307097435,0.258825421333313,0.0,0.5891255140304565,-0.11990479379892349,0.4831331968307495,-0.09450677782297134,0.108992800116539,0.04177044704556465,0.006334549747407436,0.017166053876280785,phase3_12_compat_selection_no_phase4_no_cps
compat_condition_topk,1,hidden_breakaway_pin,312000,0,4,0.0,0.0,0.0,0,0.0,nan,nan,0.03991727530956268,0.0,0.0,hidden_breakaway_pin,1,0.1030024066567421,463,463,hidden_breakaway_pin,0.1030024066567421,0.3170401345938444,0.1030024066567421,0.8310073018074036,0.0,0.0068911402486264706,0.03091103583574295,0.8310073018074036,0.0,0.6306182742118835,-0.2068839967250824,0.5775624513626099,-0.2704506516456604,0.0827987864613533,0.05188775062561035,0.0068911402486264706,0.013272891752421856,phase3_12_compat_selection_no_phase4_no_cps
compat_condition_topk,1,hidden_breakaway_pin,312000,0,5,0.0,0.0,0.0,0,0.0,nan,nan,0.039914026856422424,0.0,0.0,hidden_breakaway_pin,1,0.0856110006570816,351,351,hidden_breakaway_pin,0.0856110006570816,0.29986130148172374,0.0856110006570816,0.9222992062568665,0.0,0.007204487919807434,0.02354373410344124,0.9222992062568665,0.0,0.6165695786476135,-0.2640664577484131,0.574689507484436,-0.3355758786201477,0.08287061005830765,0.05932687595486641,0.007204487919807434,0.014125018380582333,phase3_12_compat_selection_no_phase4_no_cps
compat_condition_topk,1,hidden_breakaway_pin,312000,0,6,0.0,0.0,0.0,0,0.0,nan,nan,0.04002378135919571,0.0,0.0,hidden_breakaway_pin,1,0.09665969014167786,111,111,hidden_breakaway_pin,0.09665969014167786,0.27996058091521264,0.09665969014167786,0.2615319490432739,0.0,0.005864378996193409,0.060306791216135025,0.2615319490432739,0.0,0.5842591524124146,-0.11932422965765,0.4868457019329071,-0.08882206678390503,0.10207723826169968,0.04177044704556465,0.005864378996193409,0.015669221058487892,phase3_12_compat_selection_no_phase4_no_cps
compat_condition_topk,1,hidden_breakaway_pin,312000,0,7,0.0,0.0,0.0,0,0.0,nan,nan,0.039123836904764175,0.0,0.0,hidden_breakaway_pin,1,0.09520488232374191,111,111,hidden_breakaway_pin,0.09520488232374191,0.3098039112985134,0.09520488232374191,0.2640456259250641,0.0,0.006729193963110447,0.07403770461678505,0.2640456259250641,0.0,0.592410147190094,-0.12092727422714233,0.4812459349632263,-0.08846119791269302,0.1158081516623497,0.04177044704556465,0.006729193963110447,0.01814843714237213,phase3_12_compat_selection_no_phase4_no_cps
compat_condition_topk,1,hidden_breakaway_pin,312000,0,8,0.0,0.0,0.0,0,0.0,nan,nan,0.04006383568048477,0.0,0.0,hidden_breakaway_pin,1,0.10314872860908508,463,463,hidden_breakaway_pin,0.10314872860908508,0.32764147594571114,0.10314872860908508,0.8531457185745239,0.0,0.007106856442987919,0.034046731889247894,0.8531457185745239,0.0,0.6295883059501648,-0.20592550933361053,0.5751268267631531,-0.2723986804485321,0.08593448251485825,0.05188775062561035,0.007106856442987919,0.013904709368944168,phase3_12_compat_selection_no_phase4_no_cps
compat_condition_topk,1,hidden_breakaway_pin,312000,0,9,0.0,0.0,0.0,0,0.0,nan,nan,0.039643675088882446,0.0,0.0,hidden_breakaway_pin,1,0.13894718885421753,683,683,hidden_breakaway_pin,0.13894718885421753,0.2957905389368534,0.13894718885421753,0.6471558213233948,0.0,0.012451418675482273,0.004982151091098785,0.6471558213233948,0.0,0.6528683304786682,-0.21650342643260956,0.6458642482757568,-0.12614363431930542,0.09063084423542023,0.08564869314432144,0.012451418675482273,0.024711957201361656,phase3_12_compat_selection_no_phase4_no_cps
compat_condition_topk,1,hidden_breakaway_pin,312000,0,10,0.0,0.0,0.0,0,0.0,nan,nan,0.0400894433259964,0.0,0.0,hidden_breakaway_pin,1,0.09725640714168549,111,111,hidden_breakaway_pin,0.09725640714168549,0.2913101639598608,0.09725640714168549,0.26994559168815613,0.0,0.00624838238582015,0.06428419426083565,0.26994559168815613,0.0,0.5857406258583069,-0.11918658018112183,0.48454758524894714,-0.08744457364082336,0.1060546413064003,0.04177044704556465,0.00624838238582015,0.01624717377126217,phase3_12_compat_selection_no_phase4_no_cps
compat_condition_topk,1,hidden_breakaway_pin,312000,0,11,0.0,0.0,0.0,0,0.0,nan,nan,0.03988998010754585,0.0,0.0,hidden_breakaway_pin,1,0.09809497743844986,111,111,hidden_breakaway_pin,0.09809497743844986,0.3127064161002636,0.09809497743844986,0.2731480300426483,0.0,0.006541376002132893,0.07373686507344246,0.2731480300426483,0.0,0.5889815092086792,-0.12168702483177185,0.47768986225128174,-0.09076599776744843,0.11550731211900711,0.04177044704556465,0.006541376002132893,0.017584549263119698,phase3_12_compat_selection_no_phase4_no_cps
compat_condition_topk,1,hidden_breakaway_pin,312000,0,12,0.0,0.0,0.0,0,0.0,nan,nan,0.03964727371931076,0.0,0.0,hidden_breakaway_pin,1,0.10282737761735916,463,463,hidden_breakaway_pin,0.10282737761735916,0.31503803879022596,0.10282737761735916,0.8281060457229614,0.0,0.006744503974914551,0.030508369207382202,0.8281060457229614,0.0,0.6289765238761902,-0.20613153278827667,0.57607102394104,-0.2692990005016327,0.08239611983299255,0.05188775062561035,0.006744503974914551,0.013312414288520813,phase3_12_compat_selection_no_phase4_no_cps
compat_condition_topk,1,hidden_breakaway_pin,312000,0,13,0.0,0.0,0.0,0,0.0,nan,nan,0.040032144635915756,0.0,0.0,hidden_breakaway_pin,1,0.08622491359710693,351,351,hidden_breakaway_pin,0.08622491359710693,0.29336676336824896,0.08622491359710693,0.9127441644668579,0.0,0.007183265406638384,0.020748581737279892,0.9127441644668579,0.0,0.6152520179748535,-0.2660180926322937,0.5749409198760986,-0.33520692586898804,0.0800754576921463,0.05932687595486641,0.007183265406638384,0.013914023526012897,phase3_12_compat_selection_no_phase4_no_cps
compat_condition_topk,1,hidden_breakaway_pin,312000,0,14,0.0,0.0,0.0,0,0.0,nan,nan,0.039447423070669174,0.0,0.0,hidden_breakaway_pin,1,0.09658381342887878,111,111,hidden_breakaway_pin,0.09658381342887878,0.27815252393484113,0.09658381342887878,0.2558385729789734,0.0,0.005573306232690811,0.06044984981417656,0.2558385729789734,0.0,0.5846895575523376,-0.1220688447356224,0.4878983199596405,-0.08919872343540192,0.10222029685974121,0.04177044704556465,0.005573306232690811,0.01564783602952957,phase3_12_compat_selection_no_phase4_no_cps
compat_condition_topk,1,hidden_breakaway_pin,312000,0,15,0.0,0.0,0.0,0,0.0,nan,nan,0.040093183517456055,0.0,0.0,hidden_breakaway_pin,1,0.09506208449602127,111,111,hidden_breakaway_pin,0.09506208449602127,0.3055376272648573,0.09506208449602127,0.24588201940059662,0.0,0.006369052920490503,0.07405851408839226,0.24588201940059662,0.0,0.5922149419784546,-0.12459706515073776,0.4824379086494446,-0.08764640241861343,0.11582896113395691,0.04177044704556465,0.006369052920490503,0.01798105239868164,phase3_12_compat_selection_no_phase4_no_cps
compat_condition_topk,1,hidden_breakaway_pin,312001,1,0,0.0,0.0,0.0,0,0.0,nan,nan,0.0401376374065876,0.0,0.0,hidden_breakaway_pin,1,0.0110188452526927,631,631,hidden_breakaway_pin,0.0110188452526927,0.17590949786826968,0.0110188452526927,0.8571717739105225,0.0,0.0015753015177324414,0.015006840229034424,0.8571717739105225,0.0,0.43817853927612305,-0.4599379301071167,0.6114477515220642,0.041411712765693665,0.5304467082023621,0.5154398679733276,0.0015753015177324414,0.004460124298930168,phase3_12_compat_selection_no_phase4_no_cps
compat_condition_topk,1,hidden_breakaway_pin,312001,1,1,0.0,0.0,0.0,0,0.0,nan,nan,0.03984864428639412,0.0,0.0,hidden_breakaway_pin,1,0.17009732127189636,431,431,hidden_breakaway_pin,0.17009732127189636,0.3082139827311039,0.17009732127189636,0.4505239427089691,0.0,0.013328961096704006,0.008611112833023071,0.4505239427089691,0.0,0.43126752972602844,-0.32159003615379333,0.5147331357002258,0.06368717551231384,0.3942144513130188,0.3856033384799957,0.013328961096704006,0.027920914813876152,phase3_12_compat_selection_no_phase4_no_cps
compat_condition_topk,1,hidden_breakaway_pin,312001,1,2,0.0,0.0,0.0,0,0.0,nan,nan,0.03999490290880203,0.0,0.0,hidden_breakaway_pin,1,0.13049045205116272,367,367,hidden_breakaway_pin,0.13049045205116272,0.312911868840456,0.13049045205116272,0.7223744988441467,0.0,0.015319683589041233,0.006393253803253174,0.7223744988441467,0.0,0.4419761300086975,-0.40721800923347473,0.483667254447937,-0.33439046144485474,0.08391663432121277,0.0775233805179596,0.015319683589041233,0.03729913383722305,phase3_12_compat_selection_no_phase4_no_cps
compat_condition_topk,1,hidden_breakaway_pin,312001,1,3,0.0,0.0,0.0,0,0.0,nan,nan,0.04002564400434494,0.0,0.0,hidden_breakaway_pin,1,0.1651693731546402,363,363,hidden_breakaway_pin,0.1651693731546402,0.36260339096188543,0.1651693731546402,0.5953066945075989,0.0,0.011293579824268818,0.031481847167015076,0.5953066945075989,0.0,0.5191035866737366,-0.246123269200325,0.6237096786499023,-0.1712576448917389,0.12863630056381226,0.16011814773082733,0.011293579824268818,0.02167694643139839,phase3_12_compat_selection_no_phase4_no_cps
compat_condition_topk,1,hidden_breakaway_pin,312001,1,4,0.0,0.0,0.0,0,0.0,nan,nan,0.040232788771390915,0.0,0.0,hidden_breakaway_pin,1,0.16405226290225983,363,363,hidden_breakaway_pin,0.16405226290225983,0.31194835528731346,0.16405226290225983,0.5481317639350891,0.0,0.011285996995866299,0.010266169905662537,0.5481317639350891,0.0,0.5094374418258667,-0.28185001015663147,0.6040447354316711,-0.16563867032527924,0.1498519778251648,0.16011814773082733,0.011285996995866299,0.022375257685780525,phase3_12_compat_selection_no_phase4_no_cps
compat_condition_topk,1,hidden_breakaway_pin,312001,1,5,0.0,0.0,0.0,0,0.0,nan,nan,0.03996980935335159,0.0,0.0,hidden_breakaway_pin,1,0.1609860062599182,363,363,hidden_breakaway_pin,0.1609860062599182,0.30827655643224716,0.1609860062599182,0.5896654725074768,0.0,0.011014724150300026,0.007390916347503662,0.5896654725074768,0.0,0.5006095170974731,-0.27890586853027344,0.6073126792907715,-0.1696353703737259,0.15272723138332367,0.16011814773082733,0.011014724150300026,0.021439023315906525,phase3_12_compat_selection_no_phase4_no_cps
compat_condition_topk,1,hidden_breakaway_pin,312001,1,6,0.0,0.0,0.0,0,0.0,nan,nan,0.03941948339343071,0.0,0.0,hidden_breakaway_pin,1,0.15535929799079895,363,363,hidden_breakaway_pin,0.15535929799079895,0.32261103540658953,0.15535929799079895,0.5775884389877319,0.0,0.010127799585461617,0.02005113661289215,0.5775884389877319,0.0,0.48477703332901,-0.2985285520553589,0.6006906032562256,-0.16059735417366028,0.18016928434371948,0.16011814773082733,0.010127799585461617,0.022626671940088272,phase3_12_compat_selection_no_phase4_no_cps
compat_condition_topk,1,hidden_breakaway_pin,312001,1,7,0.0,0.0,0.0,0,0.0,nan,nan,0.0403420515358448,0.0,0.0,hidden_breakaway_pin,1,0.1561095267534256,363,363,hidden_breakaway_pin,0.1561095267534256,0.3144048422574997,0.1561095267534256,0.5861912965774536,0.0,0.010354086756706238,0.014475136995315552,0.5861912965774536,0.0,0.48999813199043274,-0.2910612225532532,0.6058865189552307,-0.1604752391576767,0.17459328472614288,0.16011814773082733,0.010354086756706238,0.021509721875190735,phase3_12_compat_selection_no_phase4_no_cps
compat_condition_topk,1,hidden_breakaway_pin,312001,1,8,0.0,0.0,0.0,0,0.0,nan,nan,0.04000335931777954,0.0,0.0,hidden_breakaway_pin,1,0.15691104531288147,363,363,hidden_breakaway_pin,0.15691104531288147,0.31817167848348615,0.15691104531288147,0.5865027904510498,0.0,0.01038580946624279,0.015870988368988037,0.5865027904510498,0.0,0.4908870458602905,-0.29143211245536804,0.6066528558731079,-0.15887853503227234,0.17598913609981537,0.16011814773082733,0.01038580946624279,0.021518997848033905,phase3_12_compat_selection_no_phase4_no_cps
compat_condition_topk,1,hidden_breakaway_pin,312001,1,9,0.0,0.0,0.0,0,0.0,nan,nan,0.040079690515995026,0.0,0.0,hidden_breakaway_pin,1,0.15739257633686066,363,363,hidden_breakaway_pin,0.15739257633686066,0.3145765237510204,0.15739257633686066,0.5867075324058533,0.0,0.010548117570579052,0.013492673635482788,0.5867075324058533,0.0,0.493391215801239,-0.2903365194797516,0.6071663498878479,-0.15920324623584747,0.17361082136631012,0.16011814773082733,0.010548117570579052,0.021565748378634453,phase3_12_compat_selection_no_phase4_no_cps
compat_condition_topk,1,hidden_breakaway_pin,312001,1,10,0.0,0.0,0.0,0,0.0,nan,nan,0.04000759869813919,0.0,0.0,hidden_breakaway_pin,1,0.1571587324142456,363,363,hidden_breakaway_pin,0.1571587324142456,0.31502883359789846,0.1571587324142456,0.5848296880722046,0.0,0.010474163107573986,0.014124497771263123,0.5848296880722046,0.0,0.4924130439758301,-0.29121020436286926,0.6062225699424744,-0.1592712253332138,0.17424264550209045,0.16011814773082733,0.010474163107573986,0.0216240081936121,phase3_12_compat_selection_no_phase4_no_cps
compat_condition_topk,1,hidden_breakaway_pin,312001,1,11,0.0,0.0,0.0,0,0.0,nan,nan,0.03959810733795166,0.0,0.0,hidden_breakaway_pin,1,0.15709857642650604,363,363,hidden_breakaway_pin,0.15709857642650604,0.31365973204374314,0.15709857642650604,0.5839805603027344,0.0,0.01046312041580677,0.013555794954299927,0.5839805603027344,0.0,0.4923483729362488,-0.2913682758808136,0.6055806875228882,-0.1596827358007431,0.17367394268512726,0.16011814773082733,0.01046312041580677,0.021667666733264923,phase3_12_compat_selection_no_phase4_no_cps
compat_condition_topk,1,hidden_breakaway_pin,312001,1,12,0.0,0.0,0.0,0,0.0,nan,nan,0.0401279591023922,0.0,0.0,hidden_breakaway_pin,1,0.15707363188266754,363,363,hidden_breakaway_pin,0.15707363188266754,0.31206501424312594,0.15707363188266754,0.5792841911315918,0.0,0.010337047278881073,0.013375282287597656,0.5792841911315918,0.0,0.49221503734588623,-0.29074332118034363,0.6052548289299011,-0.15913034975528717,0.173493430018425,0.16011814773082733,0.010337047278881073,0.02143821306526661,phase3_12_compat_selection_no_phase4_no_cps
compat_condition_topk,1,hidden_breakaway_pin,312001,1,13,0.0,0.0,0.0,0,0.0,nan,nan,0.039405569434165955,0.0,0.0,hidden_breakaway_pin,1,0.15710677206516266,363,363,hidden_breakaway_pin,0.15710677206516266,0.31257651597261427,0.15710677206516266,0.5824267268180847,0.0,0.01045932061970234,0.013134226202964783,0.5824267268180847,0.0,0.49291351437568665,-0.29071828722953796,0.6059325933456421,-0.1594054102897644,0.17325237393379211,0.16011814773082733,0.01045932061970234,0.02156149409711361,phase3_12_compat_selection_no_phase4_no_cps
compat_condition_topk,1,hidden_breakaway_pin,312001,1,14,0.0,0.0,0.0,0,0.0,nan,nan,0.039967671036720276,0.0,0.0,hidden_breakaway_pin,1,0.15709170699119568,363,363,hidden_breakaway_pin,0.15709170699119568,0.3122689738869667,0.15709170699119568,0.5799043774604797,0.0,0.01048625074326992,0.013123303651809692,0.5799043774604797,0.0,0.49275827407836914,-0.2909373939037323,0.605961799621582,-0.15979790687561035,0.17324145138263702,0.16011814773082733,0.01048625074326992,0.021641220897436142,phase3_12_compat_selection_no_phase4_no_cps
compat_condition_topk,1,hidden_breakaway_pin,312001,1,15,0.0,0.0,0.0,0,0.0,nan,nan,0.04045236483216286,0.0,0.0,hidden_breakaway_pin,1,0.1570623368024826,363,363,hidden_breakaway_pin,0.1570623368024826,0.31421356052160265,0.1570623368024826,0.5841184258460999,0.0,0.010539999231696129,0.013686731457710266,0.5841184258460999,0.0,0.4925523102283478,-0.2914079427719116,0.6062071919441223,-0.1599138230085373,0.1738048791885376,0.16011814773082733,0.010539999231696129,0.021752281114459038,phase3_12_compat_selection_no_phase4_no_cps
compat_condition_topk,1,hidden_breakaway_pin,312002,2,0,0.0,0.0,0.0,0,0.0,nan,nan,0.040261175483465195,0.0,0.0,hidden_breakaway_pin,1,0.009075133129954338,379,379,hidden_breakaway_pin,0.009075133129954338,0.12137133646756411,0.009075133129954338,0.6242473125457764,0.0,0.0034465768840163946,0.002436399459838867,0.6242473125457764,0.0,0.45179420709609985,-0.2237452119588852,0.6526778936386108,0.05622080713510513,0.3445797860622406,0.34214338660240173,0.0034465768840163946,0.00757097452878952,phase3_12_compat_selection_no_phase4_no_cps
compat_condition_topk,1,hidden_breakaway_pin,312002,2,1,0.0,0.0,0.0,0,0.0,nan,nan,0.03594687953591347,0.0,0.0,hidden_breakaway_pin,1,0.07709728181362152,427,427,hidden_breakaway_pin,0.07709728181362152,0.24506427183747292,0.07709728181362152,0.328074187040329,0.0,0.009602139703929424,0.03378550708293915,0.328074187040329,0.0,0.4530942738056183,-0.16532236337661743,0.4423229694366455,-0.09250283241271973,0.07361185550689697,0.039826348423957825,0.009602139703929424,0.02294565737247467,phase3_12_compat_selection_no_phase4_no_cps
compat_condition_topk,1,hidden_breakaway_pin,312002,2,2,0.0,0.0,0.0,0,0.0,nan,nan,0.03633023053407669,0.0,0.0,hidden_breakaway_pin,1,0.05395755544304848,111,111,hidden_breakaway_pin,0.05395755544304848,0.21553501546382905,0.05395755544304848,0.28278517723083496,0.0,0.010675144381821156,0.03674653545022011,0.28278517723083496,0.0,0.46622321009635925,-0.18230237066745758,0.49154385924339294,-0.10798022150993347,0.07851698249578476,0.04177044704556465,0.010675144381821156,0.023134026676416397,phase3_12_compat_selection_no_phase4_no_cps
compat_condition_topk,1,hidden_breakaway_pin,312002,2,3,0.0,0.0,0.0,0,0.0,nan,nan,0.03518857806921005,0.0,0.0,hidden_breakaway_pin,1,0.05100467801094055,667,667,hidden_breakaway_pin,0.05100467801094055,0.21897226557135582,0.05100467801094055,0.2633027732372284,0.0,0.008753159083425999,0.031178630888462067,0.2633027732372284,0.0,0.47490525245666504,-0.15038499236106873,0.5343711972236633,-0.12553629279136658,0.06444886326789856,0.03327023237943649,0.008753159083425999,0.01879102922976017,phase3_12_compat_selection_no_phase4_no_cps
compat_condition_topk,1,hidden_breakaway_pin,312002,2,4,0.0,0.0,0.0,0,0.0,nan,nan,0.038241419941186905,0.0,0.0,hidden_breakaway_pin,1,0.053078681230545044,307,307,hidden_breakaway_pin,0.053078681230545044,0.20970054067671298,0.053078681230545044,0.1718611717224121,0.0,0.006708309520035982,0.04312380775809288,0.1718611717224121,0.0,0.4946053624153137,-0.06791705638170242,0.5553140640258789,-0.0308714397251606,0.07111908495426178,0.0279952771961689,0.006708309520035982,0.015641573816537857,phase3_12_compat_selection_no_phase4_no_cps
compat_condition_topk,1,hidden_breakaway_pin,312002,2,5,0.0,0.0,0.0,0,0.0,nan,nan,0.03720158338546753,0.0,0.0,hidden_breakaway_pin,1,0.05018490552902222,307,307,hidden_breakaway_pin,0.05018490552902222,0.20053551368415357,0.05018490552902222,0.17586828768253326,0.0,0.004990229848772287,0.027837440371513367,0.17586828768253326,0.0,0.5012845396995544,-0.050665780901908875,0.5543114542961121,-0.03318897634744644,0.055832717567682266,0.0279952771961689,0.004990229848772287,0.011023481376469135,phase3_12_compat_selection_no_phase4_no_cps
compat_condition_topk,1,hidden_breakaway_pin,312002,2,6,0.0,0.0,0.0,0,0.0,nan,nan,0.039254095405340195,0.0,0.0,hidden_breakaway_pin,1,0.05013886094093323,307,307,hidden_breakaway_pin,0.05013886094093323,0.2032017296552658,0.05013886094093323,0.18936388194561005,0.0,0.005162210203707218,0.037658680230379105,0.18936388194561005,0.0,0.4984480142593384,-0.047846321016550064,0.5610986948013306,-0.028216373175382614,0.065653957426548,0.0279952771961689,0.005162210203707218,0.01088271290063858,phase3_12_compat_selection_no_phase4_no_cps
compat_condition_topk,1,hidden_breakaway_pin,312002,2,7,0.0,0.0,0.0,0,0.0,nan,nan,0.039286982268095016,0.0,0.0,hidden_breakaway_pin,1,0.058832935988903046,111,111,hidden_breakaway_pin,0.058832935988903046,0.20588750377297402,0.058832935988903046,0.24175524711608887,0.0,0.008583043701946735,0.0003307834267616272,0.24175524711608887,0.0,0.47564953565597534,-0.15500982105731964,0.48846468329429626,-0.11490638554096222,0.04210123047232628,0.04177044704556465,0.008583043701946735,0.01766826957464218,phase3_12_compat_selection_no_phase4_no_cps
compat_condition_topk,1,hidden_breakaway_pin,312002,2,8,0.0,0.0,0.0,0,0.0,nan,nan,0.03881234675645828,0.0,0.0,hidden_breakaway_pin,1,0.05789884179830551,111,111,hidden_breakaway_pin,0.05789884179830551,0.20490774720907212,0.05789884179830551,0.24472282826900482,0.0,0.008460343815386295,0.0030149295926094055,0.24472282826900482,0.0,0.4737471640110016,-0.15539658069610596,0.4924969971179962,-0.11472504585981369,0.04478537663817406,0.04177044704556465,0.008460343815386295,0.017914017662405968,phase3_12_compat_selection_no_phase4_no_cps
compat_condition_topk,1,hidden_breakaway_pin,312002,2,9,0.0,0.0,0.0,0,0.0,nan,nan,0.03709731251001358,0.0,0.0,hidden_breakaway_pin,1,0.04761669412255287,307,307,hidden_breakaway_pin,0.04761669412255287,0.20425130747258663,0.04761669412255287,0.18124966323375702,0.0,0.006359429564327002,0.040071334689855576,0.18124966323375702,0.0,0.4979604482650757,-0.061080992221832275,0.5595369935035706,-0.032074227929115295,0.06806661188602448,0.0279952771961689,0.006359429564327002,0.01380614098161459,phase3_12_compat_selection_no_phase4_no_cps
compat_condition_topk,1,hidden_breakaway_pin,312002,2,10,0.0,0.0,0.0,0,0.0,nan,nan,0.036579642444849014,0.0,0.0,hidden_breakaway_pin,1,0.05031954124569893,307,307,hidden_breakaway_pin,0.05031954124569893,0.2049932873249054,0.05031954124569893,0.17702774703502655,0.0,0.006027534604072571,0.03689185902476311,0.17702774703502655,0.0,0.4997352957725525,-0.05795349180698395,0.5592953562736511,-0.032205868512392044,0.064887136220932,0.0279952771961689,0.006027534604072571,0.012875800020992756,phase3_12_compat_selection_no_phase4_no_cps
compat_condition_topk,1,hidden_breakaway_pin,312002,2,11,0.0,0.0,0.0,0,0.0,nan,nan,0.037563908845186234,0.0,0.0,hidden_breakaway_pin,1,0.0490913912653923,307,307,hidden_breakaway_pin,0.0490913912653923,0.20779590293765068,0.0490913912653923,0.18579497933387756,0.0,0.006706454791128635,0.04571148380637169,0.18579497933387756,0.0,0.494831919670105,-0.062206268310546875,0.5613674521446228,-0.030493350699543953,0.07370676100254059,0.0279952771961689,0.006706454791128635,0.014503740705549717,phase3_12_compat_selection_no_phase4_no_cps
compat_condition_topk,1,hidden_breakaway_pin,312002,2,12,0.0,0.0,0.0,0,0.0,nan,nan,0.039543136954307556,0.0,0.0,hidden_breakaway_pin,1,0.05868623033165932,111,111,hidden_breakaway_pin,0.05868623033165932,0.20915889129042625,0.05868623033165932,0.25397157669067383,0.0,0.008979454636573792,0.0022545307874679565,0.25397157669067383,0.0,0.46986153721809387,-0.15540850162506104,0.49089738726615906,-0.1167343258857727,0.04402497783303261,0.04177044704556465,0.008979454636573792,0.019011924043297768,phase3_12_compat_selection_no_phase4_no_cps
compat_condition_topk,1,hidden_breakaway_pin,312002,2,13,0.0,0.0,0.0,0,0.0,nan,nan,0.04028741642832756,0.0,0.0,hidden_breakaway_pin,1,0.05830744653940201,111,111,hidden_breakaway_pin,0.05830744653940201,0.20408717676997185,0.05830744653940201,0.24725189805030823,0.0,0.008058209903538227,0.004260726273059845,0.24725189805030823,0.0,0.47303345799446106,-0.15367086231708527,0.49650517106056213,-0.11407354474067688,0.046031173318624496,0.04177044704556465,0.008058209903538227,0.017681270837783813,phase3_12_compat_selection_no_phase4_no_cps
compat_condition_topk,1,hidden_breakaway_pin,312002,2,14,0.0,0.0,0.0,0,0.0,nan,nan,0.040898069739341736,0.0,0.0,hidden_breakaway_pin,1,0.04810791462659836,307,307,hidden_breakaway_pin,0.04810791462659836,0.20309698157012462,0.04810791462659836,0.1839846968650818,0.0,0.00584547920152545,0.036306072026491165,0.1839846968650818,0.0,0.4990439713001251,-0.053825341165065765,0.5597015023231506,-0.032486945390701294,0.06430134922266006,0.0279952771961689,0.00584547920152545,0.012136480771005154,phase3_12_compat_selection_no_phase4_no_cps
compat_condition_topk,1,hidden_breakaway_pin,312002,2,15,0.0,0.0,0.0,0,0.0,nan,nan,0.04043933004140854,0.0,0.0,hidden_breakaway_pin,1,0.05330333486199379,307,307,hidden_breakaway_pin,0.05330333486199379,0.20582228139042855,0.05330333486199379,0.1731746643781662,0.0,0.005633325316011906,0.03196273371577263,0.1731746643781662,0.0,0.5022486448287964,-0.05157662183046341,0.5598548650741577,-0.03494875133037567,0.05995801091194153,0.0279952771961689,0.005633325316011906,0.011369885876774788,phase3_12_compat_selection_no_phase4_no_cps
compat_condition_topk,1,hidden_high_friction,312000,0,0,0.0,0.0,0.0,0,0.0,nan,nan,0.038527727127075195,0.0,0.0,hidden_high_friction,1,0.038361452519893646,78,78,hidden_high_friction,0.038361452519893646,0.29020836129784583,0.038361452519893646,0.6657556891441345,0.0,0.008366777561604977,0.059258222579956055,0.6657556891441345,0.0,0.3030233681201935,-0.30837324261665344,0.564677357673645,0.08487559854984283,0.4723425507545471,0.5316007733345032,0.008366777561604977,0.020920241251587868,phase3_12_compat_selection_no_phase4_no_cps
compat_condition_topk,1,hidden_high_friction,312000,0,1,0.0,0.0,0.0,0,0.0,nan,nan,0.02957034669816494,0.0,0.0,hidden_high_friction,1,0.13755036890506744,62,62,hidden_high_friction,0.13755036890506744,0.22997323647141457,0.13755036890506744,0.40836358070373535,0.0,0.007624422200024128,0.0003353208303451538,0.40836358070373535,0.0,0.44098275899887085,-0.18533653020858765,0.5919908881187439,-0.020608996972441673,0.22346951067447662,0.22380483150482178,0.007624422200024128,0.016145003959536552,phase3_12_compat_selection_no_phase4_no_cps
compat_condition_topk,1,hidden_high_friction,312000,0,2,0.0,0.0,0.0,0,0.0,nan,nan,0.026957567781209946,0.0,0.0,hidden_high_friction,1,0.09567172080278397,322,322,hidden_high_friction,0.09567172080278397,0.18985499050468208,0.09567172080278397,0.2437557578086853,0.0,0.0031724439468234777,0.022465065121650696,0.2437557578086853,0.0,0.5211593508720398,-0.04262331873178482,0.5779686570167542,0.015104614198207855,0.08099266141653061,0.05852759629487991,0.0031724439468234777,0.0067269508726894855,phase3_12_compat_selection_no_phase4_no_cps
compat_condition_topk,1,hidden_high_friction,312000,0,3,0.0,0.375,0.375,0,0.375,nan,nan,0.0278912466019392,0.0,0.0,hidden_high_friction,1,0.06924991309642792,446,446,hidden_high_friction,0.06924991309642792,0.18517086826264859,0.06924991309642792,0.19048064947128296,0.0,0.0074316575191915035,0.023432694375514984,0.19048064947128296,0.0,0.5359432101249695,0.05601062625646591,0.497018039226532,-0.0076542142778635025,0.07462158054113388,0.051188886165618896,0.0074316575191915035,0.02120821736752987,phase3_12_compat_selection_no_phase4_no_cps
compat_condition_topk,1,hidden_high_friction,312000,0,4,0.375,0.375,0.0,0,0.0,nan,nan,0.034748584032058716,0.0,0.0,hidden_high_friction,1,0.07269258797168732,186,186,hidden_high_friction,0.07269258797168732,0.2022225300222635,0.07269258797168732,0.49947434663772583,0.0,0.005462790373712778,0.00010836869478225708,0.49947434663772583,0.0,0.426160991191864,-0.0036772582679986954,0.3807414770126343,-0.04838211089372635,0.06372955441474915,0.0638379231095314,0.005462790373712778,0.012602515518665314,phase3_12_compat_selection_no_phase4_no_cps
compat_condition_topk,1,hidden_high_friction,312000,0,5,0.375,0.5,0.125,0,0.125,nan,nan,0.03624221682548523,0.0,0.0,hidden_high_friction,1,0.07213474810123444,446,446,hidden_high_friction,0.07213474810123444,0.17171511970460415,0.07213474810123444,0.12448452413082123,0.0,0.005514000076800585,0.0003073662519454956,0.12448452413082123,0.0,0.5312440991401672,0.02927486039698124,0.49808990955352783,-0.009322145953774452,0.0508815199136734,0.051188886165618896,0.005514000076800585,0.014396059326827526,phase3_12_compat_selection_no_phase4_no_cps
compat_condition_topk,1,hidden_high_friction,312000,0,6,0.5,0.4583333333333333,-0.041666666666666685,0,-0.041666666666666685,nan,nan,0.032293036580085754,0.0,0.0,hidden_high_friction,1,0.06983209401369095,70,70,hidden_high_friction,0.06983209401369095,0.19251954782754183,0.06983209401369095,0.4133327901363373,0.0,0.003896248759701848,0.011634424328804016,0.4133327901363373,0.0,0.5967346429824829,0.06032255291938782,0.6307393908500671,0.00018804706633090973,0.06908315420150757,0.05744872987270355,0.003896248759701848,0.008724501356482506,phase3_12_compat_selection_no_phase4_no_cps
compat_condition_topk,1,hidden_high_friction,312000,0,7,0.4583333333333333,0.3333333333333333,-0.125,0,-0.125,nan,nan,0.024478597566485405,0.0,0.0,hidden_high_friction,1,0.0660967156291008,70,70,hidden_high_friction,0.0660967156291008,0.18233119327574968,0.0660967156291008,0.40233340859413147,0.0,0.002695481525734067,0.0056801289319992065,0.40233340859413147,0.0,0.6041324138641357,0.04874322563409805,0.6284212470054626,-0.009526023641228676,0.06312885880470276,0.05744872987270355,0.002695481525734067,0.005495598539710045,phase3_12_compat_selection_no_phase4_no_cps
compat_condition_topk,1,hidden_high_friction,312000,0,8,0.3333333333333333,0.4166666666666667,0.08333333333333337,0,0.08333333333333337,nan,nan,0.025875860825181007,0.0,0.0,hidden_high_friction,1,0.06597833335399628,182,182,hidden_high_friction,0.06597833335399628,0.1805370668321848,0.06597833335399628,0.26780983805656433,0.0,0.005334575194865465,0.010211914777755737,0.26780983805656433,0.0,0.4787442684173584,-0.04648424685001373,0.42323943972587585,-0.015254399739205837,0.06368743628263474,0.053475521504879,0.005334575194865465,0.009830259718000889,phase3_12_compat_selection_no_phase4_no_cps
compat_condition_topk,1,hidden_high_friction,312000,0,9,0.4166666666666667,0.4583333333333333,0.04166666666666663,0,0.04166666666666663,nan,nan,0.027178946882486343,0.0,0.0,hidden_high_friction,1,0.060530487447977066,186,186,hidden_high_friction,0.060530487447977066,0.1785242060571909,0.060530487447977066,0.42663323879241943,0.0,0.00541864475235343,0.011001020669937134,0.42663323879241943,0.0,0.4455425441265106,-0.044082142412662506,0.37615033984184265,-0.016053780913352966,0.07483894377946854,0.0638379231095314,0.00541864475235343,0.012568004429340363,phase3_12_compat_selection_no_phase4_no_cps
compat_condition_topk,1,hidden_high_friction,312000,0,10,0.4583333333333333,0.5,0.041666666666666685,0,0.041666666666666685,nan,nan,0.03664537891745567,0.0,0.0,hidden_high_friction,1,0.04785360023379326,610,610,hidden_high_friction,0.04785360023379326,0.16778430365025998,0.04785360023379326,0.2599658966064453,0.0,0.002628420013934374,0.00026810169219970703,0.2599658966064453,0.0,0.5406239032745361,0.006179286167025566,0.578155517578125,-0.018750902265310287,0.0450570322573185,0.04478893056511879,0.002628420013934374,0.004788768477737904,phase3_12_compat_selection_no_phase4_no_cps
compat_condition_topk,1,hidden_high_friction,312000,0,11,0.5,0.125,-0.375,0,-0.375,nan,nan,0.035343147814273834,0.0,0.0,hidden_high_friction,1,0.058946359902620316,306,306,hidden_high_friction,0.058946359902620316,0.17021045576781035,0.058946359902620316,0.2819640338420868,0.0,0.0036680304910987616,0.007321793586015701,0.2819640338420868,0.0,0.5342227816581726,-0.007164747454226017,0.5809190273284912,0.03078605607151985,0.06017310917377472,0.05285131558775902,0.0036680304910987616,0.010122443549335003,phase3_12_compat_selection_no_phase4_no_cps
compat_condition_topk,1,hidden_high_friction,312000,0,12,0.125,0.125,0.0,0,0.0,nan,nan,0.03780139610171318,0.0,0.0,hidden_high_friction,1,0.059350721538066864,262,262,hidden_high_friction,0.059350721538066864,0.18387913912534715,0.059350721538066864,0.3092699646949768,0.0,0.008448455482721329,0.0015367940068244934,0.3092699646949768,0.0,0.5416962504386902,0.10553722828626633,0.4893176853656769,0.13347749412059784,0.059364743530750275,0.05782794952392578,0.008448455482721329,0.01857638917863369,phase3_12_compat_selection_no_phase4_no_cps
compat_condition_topk,1,hidden_high_friction,312000,0,13,0.125,0.125,0.0,0,0.0,nan,nan,0.038746003061532974,0.0,0.0,hidden_high_friction,1,0.0631796196103096,182,182,hidden_high_friction,0.0631796196103096,0.1751734607294202,0.0631796196103096,0.300235390663147,0.0,0.0034773938823491335,0.023819319903850555,0.300235390663147,0.0,0.4795226454734802,-0.056883662939071655,0.41107356548309326,-0.020978018641471863,0.07729484140872955,0.053475521504879,0.0034773938823491335,0.007679268717765808,phase3_12_compat_selection_no_phase4_no_cps
compat_condition_topk,1,hidden_high_friction,312000,0,14,0.125,0.125,0.0,0,0.0,nan,nan,0.03881441056728363,0.0,0.0,hidden_high_friction,1,0.06353399157524109,182,182,hidden_high_friction,0.06353399157524109,0.1713030020147562,0.06353399157524109,0.2815467119216919,0.0,0.0031220116652548313,0.01684393733739853,0.2815467119216919,0.0,0.47468268871307373,-0.056493885815143585,0.41325944662094116,-0.02225922793149948,0.07031945884227753,0.053475521504879,0.0031220116652548313,0.006569661665707827,phase3_12_compat_selection_no_phase4_no_cps
compat_condition_topk,1,hidden_high_friction,312000,0,15,0.125,0.4583333333333333,0.3333333333333333,0,0.3333333333333333,nan,nan,0.03813428431749344,0.0,0.0,hidden_high_friction,1,0.06631388515233994,446,446,hidden_high_friction,0.06631388515233994,0.1562141204625368,0.06631388515233994,0.07150068134069443,0.0,0.005388226360082626,0.009057428687810898,0.07150068134069443,0.0,0.53255695104599,0.026392946019768715,0.4881647825241089,-0.014337310567498207,0.060246314853429794,0.051188886165618896,0.005388226360082626,0.014017418958246708,phase3_12_compat_selection_no_phase4_no_cps
compat_condition_topk,1,hidden_high_friction,312001,1,0,0.0,0.0,0.0,0,0.0,nan,nan,0.03419210761785507,0.0,0.0,hidden_high_friction,1,0.03755241259932518,246,246,hidden_high_friction,0.03755241259932518,0.18636353686451912,0.03755241259932518,0.5869248509407043,0.0,0.00801902450621128,0.014348149299621582,0.5869248509407043,0.0,0.6286032199859619,-0.3034740686416626,0.5057516098022461,0.21804256737232208,0.5357910990715027,0.5501392483711243,0.00801902450621128,0.024484174326062202,phase3_12_compat_selection_no_phase4_no_cps
compat_condition_topk,1,hidden_high_friction,312001,1,1,0.0,0.0,0.0,0,0.0,nan,nan,0.03533048555254936,0.0,0.0,hidden_high_friction,1,0.11926157772541046,734,734,hidden_high_friction,0.11926157772541046,0.22057974971830846,0.11926157772541046,0.3593093454837799,0.0,0.005136095453053713,0.013438694179058075,0.3593093454837799,0.0,0.5701236128807068,0.0051731932908296585,0.5875504612922668,0.11891540884971619,0.11506948620080948,0.1016307920217514,0.005136095453053713,0.011875518597662449,phase3_12_compat_selection_no_phase4_no_cps
compat_condition_topk,1,hidden_high_friction,312001,1,2,0.0,0.0,0.0,0,0.0,nan,nan,0.03759011998772621,0.0,0.0,hidden_high_friction,1,0.09274443984031677,254,254,hidden_high_friction,0.09274443984031677,0.17676428299397232,0.09274443984031677,0.28809282183647156,0.0,0.002900453982874751,0.011483229696750641,0.28809282183647156,0.0,0.5674031376838684,0.038528747856616974,0.4919373095035553,0.023844610899686813,0.07688117772340775,0.0653979480266571,0.002900453982874751,0.0059460606426000595,phase3_12_compat_selection_no_phase4_no_cps
compat_condition_topk,1,hidden_high_friction,312001,1,3,0.0,0.0,0.0,0,0.0,nan,nan,0.03996993228793144,0.0,0.0,hidden_high_friction,1,0.05160718411207199,258,258,hidden_high_friction,0.05160718411207199,0.20511583931744098,0.05160718411207199,0.28819432854652405,0.0,0.005824828986078501,0.02232937142252922,0.28819432854652405,0.0,0.5447351932525635,0.1252012997865677,0.5024340152740479,0.08430299907922745,0.05883927643299103,0.03650990501046181,0.005824828986078501,0.012801152653992176,phase3_12_compat_selection_no_phase4_no_cps
compat_condition_topk,1,hidden_high_friction,312001,1,4,0.0,0.0,0.0,0,0.0,nan,nan,0.04024706408381462,0.0,0.0,hidden_high_friction,1,0.0582851804792881,258,258,hidden_high_friction,0.0582851804792881,0.21622683353722097,0.0582851804792881,0.32177942991256714,0.0,0.005673637147992849,0.008944973349571228,0.32177942991256714,0.0,0.5269462466239929,0.14050790667533875,0.5090726017951965,0.09871461987495422,0.045454878360033035,0.03650990501046181,0.005673637147992849,0.013448240235447884,phase3_12_compat_selection_no_phase4_no_cps
compat_condition_topk,1,hidden_high_friction,312001,1,5,0.0,0.0,0.0,0,0.0,nan,nan,0.03409837186336517,0.0,0.0,hidden_high_friction,1,0.05943246930837631,258,258,hidden_high_friction,0.05943246930837631,0.2363500440865755,0.05943246930837631,0.3169368803501129,0.0,0.004158117342740297,0.006441095843911171,0.3169368803501129,0.0,0.5288853049278259,0.12608444690704346,0.5105631351470947,0.10224264860153198,0.030068809166550636,0.03650990501046181,0.004158117342740297,0.009615988470613956,phase3_12_compat_selection_no_phase4_no_cps
compat_condition_topk,1,hidden_high_friction,312001,1,6,0.0,0.0,0.0,0,0.0,nan,nan,0.03323454409837723,0.0,0.0,hidden_high_friction,1,0.08279702067375183,322,322,hidden_high_friction,0.08279702067375183,0.23192223891615868,0.08279702067375183,0.434952974319458,0.0,0.010234366171061993,0.007160298526287079,0.434952974319458,0.0,0.53806072473526,0.0810132846236229,0.5766535401344299,0.027857903391122818,0.06568789482116699,0.05852759629487991,0.010234366171061993,0.031083518639206886,phase3_12_compat_selection_no_phase4_no_cps
compat_condition_topk,1,hidden_high_friction,312001,1,7,0.0,0.0,0.0,0,0.0,nan,nan,0.034595947712659836,0.0,0.0,hidden_high_friction,1,0.06123335286974907,258,258,hidden_high_friction,0.06123335286974907,0.20604084696620703,0.06123335286974907,0.28880223631858826,0.0,0.0036267421673983335,0.005039095878601074,0.28880223631858826,0.0,0.5379788875579834,0.10063011199235916,0.49776598811149597,0.09017821401357651,0.04154900088906288,0.03650990501046181,0.0036267421673983335,0.00907157827168703,phase3_12_compat_selection_no_phase4_no_cps
compat_condition_topk,1,hidden_high_friction,312001,1,8,0.0,0.0,0.0,0,0.0,nan,nan,0.03969768062233925,0.0,0.0,hidden_high_friction,1,0.05334320664405823,258,258,hidden_high_friction,0.05334320664405823,0.20842233881354333,0.05334320664405823,0.3026173412799835,0.0,0.004953390918672085,0.0007231943309307098,0.3026173412799835,0.0,0.5272849798202515,0.11710444837808609,0.49720442295074463,0.09771762788295746,0.0357867106795311,0.03650990501046181,0.004953390918672085,0.009452076628804207,phase3_12_compat_selection_no_phase4_no_cps
compat_condition_topk,1,hidden_high_friction,312001,1,9,0.0,0.0,0.0,0,0.0,nan,nan,0.03912824019789696,0.0,0.0,hidden_high_friction,1,0.08347885310649872,322,322,hidden_high_friction,0.08347885310649872,0.22861887350678445,0.08347885310649872,0.37519821524620056,0.0,0.011478870175778866,0.0012728720903396606,0.37519821524620056,0.0,0.5400610566139221,0.08968330919742584,0.5741338729858398,0.04053924232721329,0.059800468385219574,0.05852759629487991,0.011478870175778866,0.03383226320147514,phase3_12_compat_selection_no_phase4_no_cps
compat_condition_topk,1,hidden_high_friction,312001,1,10,0.0,0.0,0.0,0,0.0,nan,nan,0.03876892849802971,0.0,0.0,hidden_high_friction,1,0.07764016091823578,322,322,hidden_high_friction,0.07764016091823578,0.22848559230566026,0.07764016091823578,0.37184256315231323,0.0,0.009736316278576851,0.003294743597507477,0.37184256315231323,0.0,0.538158655166626,0.06877058744430542,0.5786252617835999,0.031179074198007584,0.055232852697372437,0.05852759629487991,0.009736316278576851,0.02796812914311886,phase3_12_compat_selection_no_phase4_no_cps
compat_condition_topk,1,hidden_high_friction,312001,1,11,0.0,0.0,0.0,0,0.0,nan,nan,0.03814711421728134,0.0,0.0,hidden_high_friction,1,0.07802695780992508,322,322,hidden_high_friction,0.07802695780992508,0.21760470107197763,0.07802695780992508,0.3673488199710846,0.0,0.010382653214037418,0.000445537269115448,0.3673488199710846,0.0,0.5355318784713745,0.07820826023817062,0.5735442042350769,0.033120639622211456,0.05897313356399536,0.05852759629487991,0.010382653214037418,0.03053663671016693,phase3_12_compat_selection_no_phase4_no_cps
compat_condition_topk,1,hidden_high_friction,312001,1,12,0.0,0.0,0.0,0,0.0,nan,nan,0.038604333996772766,0.0,0.0,hidden_high_friction,1,0.05633106082677841,258,258,hidden_high_friction,0.05633106082677841,0.20691024497151375,0.05633106082677841,0.3131505846977234,0.0,0.004156601615250111,0.0015005841851234436,0.3131505846977234,0.0,0.5331325531005859,0.10765764862298965,0.4974117577075958,0.09466449916362762,0.03801048919558525,0.03650990501046181,0.004156601615250111,0.008553330786526203,phase3_12_compat_selection_no_phase4_no_cps
compat_condition_topk,1,hidden_high_friction,312001,1,13,0.0,0.0,0.0,0,0.0,nan,nan,0.036684148013591766,0.0,0.0,hidden_high_friction,1,0.08068246394395828,182,182,hidden_high_friction,0.08068246394395828,0.21149147287011147,0.08068246394395828,0.25883764028549194,0.0,0.009733601473271847,0.022555679082870483,0.25883764028549194,0.0,0.4936926066875458,0.0036858022212982178,0.42013806104660034,-0.015561863780021667,0.07603120058774948,0.053475521504879,0.009733601473271847,0.02007026970386505,phase3_12_compat_selection_no_phase4_no_cps
compat_condition_topk,1,hidden_high_friction,312001,1,14,0.0,0.0,0.0,0,0.0,nan,nan,0.03542231023311615,0.0,0.0,hidden_high_friction,1,0.07903187721967697,182,182,hidden_high_friction,0.07903187721967697,0.203931033462286,0.07903187721967697,0.2498343586921692,0.0,0.00859376136213541,0.008785687386989594,0.2498343586921692,0.0,0.48223239183425903,0.0003035459667444229,0.42310118675231934,-0.019188979640603065,0.06226120889186859,0.053475521504879,0.00859376136213541,0.017861947417259216,phase3_12_compat_selection_no_phase4_no_cps
compat_condition_topk,1,hidden_high_friction,312001,1,15,0.0,0.0,0.0,0,0.0,nan,nan,0.0371154360473156,0.0,0.0,hidden_high_friction,1,0.05148067697882652,258,258,hidden_high_friction,0.05148067697882652,0.2089680040627718,0.05148067697882652,0.3137645125389099,0.0,0.0058606150560081005,0.004264794290065765,0.3137645125389099,0.0,0.524825930595398,0.10676858574151993,0.4923400580883026,0.08212625980377197,0.04077469930052757,0.03650990501046181,0.0058606150560081005,0.012337175197899342,phase3_12_compat_selection_no_phase4_no_cps
compat_condition_topk,1,hidden_high_friction,312002,2,0,0.0,0.0,0.0,0,0.0,nan,nan,0.040228668600320816,0.0,0.0,hidden_high_friction,1,0.027679601684212685,210,210,hidden_high_friction,0.027679601684212685,0.17915243729948999,0.027679601684212685,0.7099871635437012,0.0,0.0062055629678070545,0.010076254606246948,0.7099871635437012,0.0,0.75215744972229,0.054612092673778534,0.362915575504303,-0.1571357548236847,0.443109929561615,0.45318618416786194,0.0062055629678070545,0.016506075859069824,phase3_12_compat_selection_no_phase4_no_cps
compat_condition_topk,1,hidden_high_friction,312002,2,1,0.0,0.0,0.0,0,0.0,nan,nan,0.039892230182886124,0.0,0.0,hidden_high_friction,1,0.11931359767913818,726,726,hidden_high_friction,0.11931359767913818,0.23809247463941574,0.11931359767913818,0.25062933564186096,0.0,0.020028192549943924,0.0005358532071113586,0.25062933564186096,0.0,0.5307026505470276,-0.12157231569290161,0.4343058466911316,-0.11542101949453354,0.09659286588430405,0.0971287190914154,0.020028192549943924,0.040294066071510315,phase3_12_compat_selection_no_phase4_no_cps
compat_condition_topk,1,hidden_high_friction,312002,2,2,0.0,0.0,0.0,0,0.0,nan,nan,0.040354080498218536,0.0,0.0,hidden_high_friction,1,0.10635793954133987,178,178,hidden_high_friction,0.10635793954133987,0.22737883701920508,0.10635793954133987,0.6524292826652527,0.0,0.005778438411653042,2.1375715732574463e-05,0.6524292826652527,0.0,0.5104817152023315,-0.03943892568349838,0.5027363896369934,0.04476272314786911,0.08455712348222733,0.08453574776649475,0.005778438411653042,0.012048492208123207,phase3_12_compat_selection_no_phase4_no_cps
compat_condition_topk,1,hidden_high_friction,312002,2,3,0.0,0.0,0.0,0,0.0,nan,nan,0.04033702611923218,0.0,0.0,hidden_high_friction,1,0.08102618902921677,306,306,hidden_high_friction,0.08102618902921677,0.21063131600618362,0.08102618902921677,0.3606884777545929,0.0,0.00530112162232399,0.02230466529726982,0.3606884777545929,0.0,0.527111291885376,-0.058378636837005615,0.5852535367012024,-0.010756153613328934,0.07515598088502884,0.05285131558775902,0.00530112162232399,0.014965436421334743,phase3_12_compat_selection_no_phase4_no_cps
compat_condition_topk,1,hidden_high_friction,312002,2,4,0.0,0.0,0.0,0,0.0,nan,nan,0.04025043919682503,0.0,0.0,hidden_high_friction,1,0.06897110491991043,446,446,hidden_high_friction,0.06897110491991043,0.2174108712375164,0.06897110491991043,0.31992799043655396,0.0,0.007060051895678043,0.0036470331251621246,0.31992799043655396,0.0,0.5166916847229004,-0.06305155903100967,0.48960280418395996,-0.023982128128409386,0.04754185304045677,0.051188886165618896,0.007060051895678043,0.014477862976491451,phase3_12_compat_selection_no_phase4_no_cps
compat_condition_topk,1,hidden_high_friction,312002,2,5,0.0,0.0,0.0,0,0.0,nan,nan,0.03981954604387283,0.0,0.0,hidden_high_friction,1,0.06390398740768433,446,446,hidden_high_friction,0.06390398740768433,0.20328180402517318,0.06390398740768433,0.31953391432762146,0.0,0.008456375449895859,0.0003808215260505676,0.31953391432762146,0.0,0.511991024017334,-0.07532913982868195,0.4915829002857208,-0.027969416230916977,0.051569707691669464,0.051188886165618896,0.008456375449895859,0.017998741939663887,phase3_12_compat_selection_no_phase4_no_cps
compat_condition_topk,1,hidden_high_friction,312002,2,6,0.0,0.0,0.0,0,0.0,nan,nan,0.04071164131164551,0.0,0.0,hidden_high_friction,1,0.06434705853462219,446,446,hidden_high_friction,0.06434705853462219,0.20943281300365926,0.06434705853462219,0.32439011335372925,0.0,0.007730059791356325,0.0019711926579475403,0.32439011335372925,0.0,0.5137714743614197,-0.0686657577753067,0.4902561902999878,-0.025429051369428635,0.049217693507671356,0.051188886165618896,0.007730059791356325,0.016096003353595734,phase3_12_compat_selection_no_phase4_no_cps
compat_condition_topk,1,hidden_high_friction,312002,2,7,0.0,0.0,0.0,0,0.0,nan,nan,0.04029286652803421,0.0,0.0,hidden_high_friction,1,0.06377486139535904,446,446,hidden_high_friction,0.06377486139535904,0.21218185633420944,0.06377486139535904,0.3367016315460205,0.0,0.007764291018247604,0.0023055896162986755,0.3367016315460205,0.0,0.5145317316055298,-0.06940099596977234,0.4917939603328705,-0.026127789169549942,0.04888329654932022,0.051188886165618896,0.007764291018247604,0.01628357730805874,phase3_12_compat_selection_no_phase4_no_cps
compat_condition_topk,1,hidden_high_friction,312002,2,8,0.0,0.0,0.0,0,0.0,nan,nan,0.0402560718357563,0.0,0.0,hidden_high_friction,1,0.06453587859869003,446,446,hidden_high_friction,0.06453587859869003,0.21658871605992316,0.06453587859869003,0.33941876888275146,0.0,0.007817323319613934,0.0030621252954006195,0.33941876888275146,0.0,0.5143846869468689,-0.06915642321109772,0.4922713041305542,-0.02641085535287857,0.04812676087021828,0.051188886165618896,0.007817323319613934,0.01628842018544674,phase3_12_compat_selection_no_phase4_no_cps
compat_condition_topk,1,hidden_high_friction,312002,2,9,0.0,0.0,0.0,0,0.0,nan,nan,0.04031055048108101,0.0,0.0,hidden_high_friction,1,0.0642521008849144,446,446,hidden_high_friction,0.0642521008849144,0.21567653551697732,0.0642521008849144,0.3363661766052246,0.0,0.007898344658315182,0.0029384754598140717,0.3363661766052246,0.0,0.5141305923461914,-0.06981957703828812,0.49203962087631226,-0.026923295110464096,0.048250410705804825,0.051188886165618896,0.007898344658315182,0.016518527641892433,phase3_12_compat_selection_no_phase4_no_cps
compat_condition_topk,1,hidden_high_friction,312002,2,10,0.0,0.0,0.0,0,0.0,nan,nan,0.03981740027666092,0.0,0.0,hidden_high_friction,1,0.0642966479063034,446,446,hidden_high_friction,0.0642966479063034,0.21661994889378547,0.0642966479063034,0.3380289375782013,0.0,0.007981210015714169,0.003017973154783249,0.3380289375782013,0.0,0.5140013098716736,-0.07033131271600723,0.4918070137500763,-0.027577953413128853,0.04817091301083565,0.051188886165618896,0.007981210015714169,0.01672998070716858,phase3_12_compat_selection_no_phase4_no_cps
compat_condition_topk,1,hidden_high_friction,312002,2,11,0.0,0.0,0.0,0,0.0,nan,nan,0.04021022096276283,0.0,0.0,hidden_high_friction,1,0.06427435576915741,446,446,hidden_high_friction,0.06427435576915741,0.21649445429444314,0.06427435576915741,0.3384087383747101,0.0,0.007988831959664822,0.0029703080654144287,0.3384087383747101,0.0,0.513931393623352,-0.07034415006637573,0.49197086691856384,-0.027416693046689034,0.04821857810020447,0.051188886165618896,0.007988831959664822,0.016716616228222847,phase3_12_compat_selection_no_phase4_no_cps
compat_condition_topk,1,hidden_high_friction,312002,2,12,0.0,0.0,0.0,0,0.0,nan,nan,0.03970314934849739,0.0,0.0,hidden_high_friction,1,0.06428655982017517,446,446,hidden_high_friction,0.06428655982017517,0.21651554390788078,0.06428655982017517,0.33747774362564087,0.0,0.007972239516675472,0.0030240342020988464,0.33747774362564087,0.0,0.5140753984451294,-0.07017488032579422,0.4921949803829193,-0.027266833931207657,0.04816485196352005,0.051188886165618896,0.007972239516675472,0.016648611053824425,phase3_12_compat_selection_no_phase4_no_cps
compat_condition_topk,1,hidden_high_friction,312002,2,13,0.0,0.0,0.0,0,0.0,nan,nan,0.040257059037685394,0.0,0.0,hidden_high_friction,1,0.06432253122329712,446,446,hidden_high_friction,0.06432253122329712,0.21616856887936592,0.06432253122329712,0.3351002037525177,0.0,0.00793094839900732,0.0030587464570999146,0.3351002037525177,0.0,0.5139394998550415,-0.06987762451171875,0.4921889007091522,-0.026942534372210503,0.04813013970851898,0.051188886165618896,0.00793094839900732,0.01655128411948681,phase3_12_compat_selection_no_phase4_no_cps
compat_condition_topk,1,hidden_high_friction,312002,2,14,0.0,0.0,0.0,0,0.0,nan,nan,0.04080163314938545,0.0,0.0,hidden_high_friction,1,0.06434517353773117,446,446,hidden_high_friction,0.06434517353773117,0.21708862692117692,0.06434517353773117,0.3341251015663147,0.0,0.00795244425535202,0.0032981708645820618,0.3341251015663147,0.0,0.5139814019203186,-0.06990358978509903,0.49223989248275757,-0.02723243460059166,0.047890715301036835,0.051188886165618896,0.00795244425535202,0.016593802720308304,phase3_12_compat_selection_no_phase4_no_cps
compat_condition_topk,1,hidden_high_friction,312002,2,15,0.0,0.0,0.0,0,0.0,nan,nan,0.040546663105487823,0.0,0.0,hidden_high_friction,1,0.06437491625547409,446,446,hidden_high_friction,0.06437491625547409,0.21707320794463159,0.06437491625547409,0.33303359150886536,0.0,0.007967124693095684,0.003313131630420685,0.33303359150886536,0.0,0.5137332081794739,-0.06997869163751602,0.49210330843925476,-0.02726762369275093,0.04787575453519821,0.051188886165618896,0.007967124693095684,0.01663539744913578,phase3_12_compat_selection_no_phase4_no_cps
compat_condition_action_geom,1,free,312000,0,0,0.0,0.0,0.0,0,0.0,nan,nan,0.03955395892262459,0.0,0.0,free,1,0.017981909215450287,404,404,free,0.017981909215450287,0.07962459400296211,0.017981909215450287,0.3268251419067383,0.0,0.0024854126386344433,0.004311874508857727,0.3268251419067383,0.0,0.6025160551071167,0.18775451183319092,0.49990400671958923,0.0033259019255638123,0.21105246245861053,0.21536433696746826,0.0024854126386344433,0.005042315926402807,phase3_12_compat_selection_no_phase4_no_cps
compat_condition_action_geom,1,free,312000,0,1,0.0,0.0,0.0,0,0.0,nan,nan,0.03979649022221565,0.0,0.0,free,1,0.1288994699716568,412,412,free,0.1288994699716568,0.2596141122281551,0.1288994699716568,0.4881124496459961,0.0,0.005767160560935736,0.011992231011390686,0.4881124496459961,0.0,0.6267576217651367,0.11325988918542862,0.6039329767227173,0.02123742178082466,0.094810850918293,0.08281861990690231,0.005767160560935736,0.013121121563017368,phase3_12_compat_selection_no_phase4_no_cps
compat_condition_action_geom,1,free,312000,0,2,0.0,0.0,0.0,0,0.0,nan,nan,0.040077272802591324,0.0,0.0,free,1,0.09752203524112701,160,160,free,0.09752203524112701,0.2727620749175549,0.09752203524112701,0.4249046742916107,0.0,0.0058087995275855064,0.01341308280825615,0.4249046742916107,0.0,0.5249497890472412,0.06077023595571518,0.4680662751197815,0.07388275116682053,0.058375269174575806,0.044962186366319656,0.0058087995275855064,0.01137369405478239,phase3_12_compat_selection_no_phase4_no_cps
compat_condition_action_geom,1,free,312000,0,3,0.0,0.0,0.0,0,0.0,nan,nan,0.0401596762239933,0.0,0.0,free,1,0.07206016778945923,256,256,free,0.07206016778945923,0.2612660324573517,0.07206016778945923,0.32344985008239746,0.0,0.008315485902130604,0.00213642418384552,0.32344985008239746,0.0,0.5317514538764954,0.12383904308080673,0.4973101317882538,0.13040296733379364,0.03506122902035713,0.03292480483651161,0.008315485902130604,0.019784951582551003,phase3_12_compat_selection_no_phase4_no_cps
compat_condition_action_geom,1,free,312000,0,4,0.0,0.0,0.0,0,0.0,nan,nan,0.04036780446767807,0.0,0.0,free,1,0.09431616216897964,160,160,free,0.09431616216897964,0.256869795024395,0.09431616216897964,0.38871902227401733,0.0,0.007098827511072159,0.003266729414463043,0.38871902227401733,0.0,0.5011957883834839,0.09345942735671997,0.45608603954315186,0.0763966366648674,0.0482289157807827,0.044962186366319656,0.007098827511072159,0.015763694420456886,phase3_12_compat_selection_no_phase4_no_cps
compat_condition_action_geom,1,free,312000,0,5,0.0,0.0,0.0,0,0.0,nan,nan,0.04012899100780487,0.0,0.0,free,1,0.11602142453193665,156,156,free,0.11602142453193665,0.24529783859848978,0.11602142453193665,0.48844775557518005,0.0,0.005865558981895447,0.008503541350364685,0.48844775557518005,0.0,0.5903716087341309,0.08021032065153122,0.657187819480896,0.04806213080883026,0.07414790242910385,0.06564436107873917,0.005865558981895447,0.011872184462845325,phase3_12_compat_selection_no_phase4_no_cps
compat_condition_action_geom,1,free,312000,0,6,0.0,0.0,0.0,0,0.0,nan,nan,0.039926379919052124,0.0,0.0,free,1,0.062004320323467255,328,328,free,0.062004320323467255,0.24694652915000917,0.062004320323467255,0.27303507924079895,0.0,0.0073038008995354176,0.008745651692152023,0.27303507924079895,0.0,0.5564232468605042,0.053541794419288635,0.5508579611778259,0.009417153894901276,0.04447421804070473,0.035728566348552704,0.0073038008995354176,0.01925543323159218,phase3_12_compat_selection_no_phase4_no_cps
compat_condition_action_geom,1,free,312000,0,7,0.0,0.0,0.0,0,0.0,nan,nan,0.03954170271754265,0.0,0.0,free,1,0.04549635946750641,164,164,free,0.04549635946750641,0.23978024557232858,0.04549635946750641,0.5949102640151978,0.0,0.005644102115184069,0.010877326130867004,0.5949102640151978,0.0,0.45004725456237793,0.07510209083557129,0.4009861350059509,0.08166588097810745,0.04949825257062912,0.038620926439762115,0.005644102115184069,0.011990195140242577,phase3_12_compat_selection_no_phase4_no_cps
compat_condition_action_geom,1,free,312000,0,8,0.0,0.0,0.0,0,0.0,nan,nan,0.039514634758234024,0.0,0.0,free,1,0.06046944856643677,256,256,free,0.06046944856643677,0.26698284059762956,0.06046944856643677,0.38699615001678467,0.0,0.008247875608503819,0.008677642792463303,0.38699615001678467,0.0,0.5262072086334229,0.11972854286432266,0.4904884994029999,0.1410578042268753,0.041602447628974915,0.03292480483651161,0.008247875608503819,0.01858675666153431,phase3_12_compat_selection_no_phase4_no_cps
compat_condition_action_geom,1,free,312000,0,9,0.0,0.0,0.0,0,0.0,nan,nan,0.03921366110444069,0.0,0.0,free,1,0.06248778477311134,164,164,free,0.06248778477311134,0.2768008789420128,0.06248778477311134,0.6285071969032288,0.0,0.005355469416826963,0.020786575973033905,0.6285071969032288,0.0,0.45466676354408264,0.06779666990041733,0.39637038111686707,0.07923271507024765,0.05940750241279602,0.038620926439762115,0.005355469416826963,0.012200981378555298,phase3_12_compat_selection_no_phase4_no_cps
compat_condition_action_geom,1,free,312000,0,10,0.0,0.0,0.0,0,0.0,nan,nan,0.039529941976070404,0.0,0.0,free,1,0.113127201795578,156,156,free,0.113127201795578,0.2550229182839394,0.113127201795578,0.4831790626049042,0.0,0.006142305675894022,0.013903781771659851,0.4831790626049042,0.0,0.5851722955703735,0.07686055451631546,0.6580992937088013,0.04508697986602783,0.07954814285039902,0.06564436107873917,0.006142305675894022,0.012160584330558777,phase3_12_compat_selection_no_phase4_no_cps
compat_condition_action_geom,1,free,312000,0,11,0.0,0.0,0.0,0,0.0,nan,nan,0.04009808972477913,0.0,0.0,free,1,0.058996815234422684,328,328,free,0.058996815234422684,0.25708045423030856,0.058996815234422684,0.28418079018592834,0.0,0.007640582509338856,0.013551276177167892,0.28418079018592834,0.0,0.5597678422927856,0.054966844618320465,0.5547784566879272,0.005940228700637817,0.049279842525720596,0.035728566348552704,0.007640582509338856,0.01956363208591938,phase3_12_compat_selection_no_phase4_no_cps
compat_condition_action_geom,1,free,312000,0,12,0.0,0.0,0.0,0,0.0,nan,nan,0.03974762558937073,0.0,0.0,free,1,0.06041041761636734,328,328,free,0.06041041761636734,0.22822870969772338,0.06041041761636734,0.2838384509086609,0.0,0.006280247122049332,0.003872781991958618,0.2838384509086609,0.0,0.5525369644165039,0.04462315887212753,0.5569434762001038,0.005267735570669174,0.03960134834051132,0.035728566348552704,0.006280247122049332,0.016713358461856842,phase3_12_compat_selection_no_phase4_no_cps
compat_condition_action_geom,1,free,312000,0,13,0.0,0.0,0.0,0,0.0,nan,nan,0.04022160544991493,0.0,0.0,free,1,0.05755048617720604,164,164,free,0.05755048617720604,0.2600265173614025,0.05755048617720604,0.5362900495529175,0.0,0.006454099901020527,0.013931665569543839,0.5362900495529175,0.0,0.44794338941574097,0.09036822617053986,0.39667025208473206,0.07884258776903152,0.052552592009305954,0.038620926439762115,0.006454099901020527,0.013970519416034222,phase3_12_compat_selection_no_phase4_no_cps
compat_condition_action_geom,1,free,312000,0,14,0.0,0.0,0.0,0,0.0,nan,nan,0.039604391902685165,0.0,0.0,free,1,0.11707369238138199,156,156,free,0.11707369238138199,0.2445167249441147,0.11707369238138199,0.5012156367301941,0.0,0.0065085552632808685,0.004536069929599762,0.5012156367301941,0.0,0.5991793274879456,0.10319129377603531,0.6525502800941467,0.057618990540504456,0.07018043100833893,0.06564436107873917,0.0065085552632808685,0.015965033322572708,phase3_12_compat_selection_no_phase4_no_cps
compat_condition_action_geom,1,free,312000,0,15,0.0,0.0,0.0,0,0.0,nan,nan,0.0401754155755043,0.0,0.0,free,1,0.060662396252155304,328,328,free,0.060662396252155304,0.24604200556874276,0.060662396252155304,0.3052392601966858,0.0,0.007124568801373243,0.008473623543977737,0.3052392601966858,0.0,0.5611535906791687,0.058943010866642,0.5591636300086975,0.014785636216402054,0.04420218989253044,0.035728566348552704,0.007124568801373243,0.020261244848370552,phase3_12_compat_selection_no_phase4_no_cps
compat_condition_action_geom,1,free,312001,1,0,0.0,0.0,0.0,0,0.0,nan,nan,0.037462230771780014,0.0,0.0,free,1,0.040046993643045425,432,432,free,0.040046993643045425,0.2521695174276829,0.040046993643045425,0.6440989375114441,0.0,0.013146708719432354,0.014660358428955078,0.6440989375114441,0.0,0.6258376836776733,-0.33333608508110046,0.48953762650489807,0.10785068571567535,0.4617612957954407,0.4471009373664856,0.013146708719432354,0.026840349659323692,phase3_12_compat_selection_no_phase4_no_cps
compat_condition_action_geom,1,free,312001,1,1,0.0,0.0,0.0,0,0.0,nan,nan,0.03801651671528816,0.0,0.0,free,1,0.15436913073062897,12,12,free,0.15436913073062897,0.2716818436980247,0.15436913073062897,0.44091302156448364,0.0,0.00846630148589611,0.004128456115722656,0.44091302156448364,0.0,0.6379573941230774,-0.23051901161670685,0.47883501648902893,0.03826572746038437,0.3123542070388794,0.31648266315460205,0.00846630148589611,0.02170559950172901,phase3_12_compat_selection_no_phase4_no_cps
compat_condition_action_geom,1,free,312001,1,2,0.0,0.0,0.0,0,0.0,nan,nan,0.037999942898750305,0.0,0.0,free,1,0.1453477442264557,520,520,free,0.1453477442264557,0.2586072005331516,0.1453477442264557,0.7183369398117065,0.0,0.006117927376180887,0.0026101917028427124,0.7183369398117065,0.0,0.6820891499519348,-0.25113824009895325,0.5703971982002258,-0.07792878150939941,0.2060985416173935,0.20348834991455078,0.006117927376180887,0.01314995251595974,phase3_12_compat_selection_no_phase4_no_cps
compat_condition_action_geom,1,free,312001,1,3,0.0,0.0,0.0,0,0.0,nan,nan,0.03850831091403961,0.0,0.0,free,1,0.1652887910604477,360,360,free,0.1652887910604477,0.4194575309753418,0.1652887910604477,0.8193867206573486,0.0,0.022513648495078087,0.0031513869762420654,0.8193867206573486,0.0,0.6939038038253784,-0.19353656470775604,0.5520755648612976,-0.1263459026813507,0.15693895518779755,0.1600903421640396,0.022513648495078087,0.0625150129199028,phase3_12_compat_selection_no_phase4_no_cps
compat_condition_action_geom,1,free,312001,1,4,0.0,0.0,0.0,0,0.0,nan,nan,0.03808242827653885,0.0,0.0,free,1,0.16552451252937317,360,360,free,0.16552451252937317,0.4304637461900711,0.16552451252937317,0.8588826656341553,0.0,0.023045504465699196,0.004039749503135681,0.8588826656341553,0.0,0.6748117208480835,-0.19756950438022614,0.5315290689468384,-0.1357482373714447,0.15605059266090393,0.1600903421640396,0.023045504465699196,0.05871395021677017,phase3_12_compat_selection_no_phase4_no_cps
compat_condition_action_geom,1,free,312001,1,5,0.0,0.0,0.0,0,0.0,nan,nan,0.03942016884684563,0.0,0.0,free,1,0.16659057140350342,360,360,free,0.16659057140350342,0.438486847281456,0.16659057140350342,0.8863987922668457,0.0,0.023631958290934563,0.004090175032615662,0.8863987922668457,0.0,0.6795198321342468,-0.19866453111171722,0.5276808142662048,-0.1362133026123047,0.16418051719665527,0.1600903421640396,0.023631958290934563,0.060168199241161346,phase3_12_compat_selection_no_phase4_no_cps
compat_condition_action_geom,1,free,312001,1,6,0.0,0.0,0.0,0,0.0,nan,nan,0.036995165050029755,0.0,0.0,free,1,0.16389642655849457,360,360,free,0.16389642655849457,0.4211267441511154,0.16389642655849457,0.8606647253036499,0.0,0.022897249087691307,0.0023756176233291626,0.8606647253036499,0.0,0.6810891628265381,-0.19855985045433044,0.5335198640823364,-0.13060036301612854,0.16246595978736877,0.1600903421640396,0.022897249087691307,0.06009279191493988,phase3_12_compat_selection_no_phase4_no_cps
compat_condition_action_geom,1,free,312001,1,7,0.0,0.0,0.0,0,0.0,nan,nan,0.03646884858608246,0.0,0.0,free,1,0.16290158033370972,360,360,free,0.16290158033370972,0.41683797538280487,0.16290158033370972,0.8329296112060547,0.0,0.022748565301299095,0.0023695379495620728,0.8329296112060547,0.0,0.676852822303772,-0.19754023849964142,0.5332748889923096,-0.13226214051246643,0.15772080421447754,0.1600903421640396,0.022748565301299095,0.059065841138362885,phase3_12_compat_selection_no_phase4_no_cps
compat_condition_action_geom,1,free,312001,1,8,0.0,0.0,0.0,0,0.0,nan,nan,0.03655814006924629,0.0,0.0,free,1,0.1629514992237091,360,360,free,0.1629514992237091,0.41638322174549103,0.1629514992237091,0.8078765869140625,0.0,0.0228681992739439,0.0024738460779190063,0.8078765869140625,0.0,0.6776723861694336,-0.19617798924446106,0.5334723591804504,-0.13254380226135254,0.1576164960861206,0.1600903421640396,0.0228681992739439,0.05930443853139877,phase3_12_compat_selection_no_phase4_no_cps
compat_condition_action_geom,1,free,312001,1,9,0.0,0.0,0.0,0,0.0,nan,nan,0.038882818073034286,0.0,0.0,free,1,0.16264109313488007,360,360,free,0.16264109313488007,0.41828909516334534,0.16264109313488007,0.798182487487793,0.0,0.022606460377573967,0.0037331581115722656,0.798182487487793,0.0,0.6765114665031433,-0.19702766835689545,0.534424901008606,-0.13176684081554413,0.15635718405246735,0.1600903421640396,0.022606460377573967,0.05890534073114395,phase3_12_compat_selection_no_phase4_no_cps
compat_condition_action_geom,1,free,312001,1,10,0.0,0.0,0.0,0,0.0,nan,nan,0.0389702208340168,0.0,0.0,free,1,0.1621238887310028,360,360,free,0.1621238887310028,0.42339145839214326,0.1621238887310028,0.8184621334075928,0.0,0.022602593526244164,0.004765540361404419,0.8184621334075928,0.0,0.6739009618759155,-0.19698993861675262,0.5327211618423462,-0.13222838938236237,0.1553248018026352,0.1600903421640396,0.022602593526244164,0.05836724489927292,phase3_12_compat_selection_no_phase4_no_cps
compat_condition_action_geom,1,free,312001,1,11,0.0,0.0,0.0,0,0.0,nan,nan,0.03895733505487442,0.0,0.0,free,1,0.1618429273366928,360,360,free,0.1618429273366928,0.42761184424161913,0.1618429273366928,0.8524124026298523,0.0,0.022644858807325363,0.005169779062271118,0.8524124026298523,0.0,0.6723405122756958,-0.19707174599170685,0.5315048098564148,-0.132529616355896,0.1549205631017685,0.1600903421640396,0.022644858807325363,0.05806536599993706,phase3_12_compat_selection_no_phase4_no_cps
compat_condition_action_geom,1,free,312001,1,12,0.0,0.0,0.0,0,0.0,nan,nan,0.03989315778017044,0.0,0.0,free,1,0.16155382990837097,360,360,free,0.16155382990837097,0.435470275580883,0.16155382990837097,0.8712360262870789,0.0,0.022782323881983757,0.006578788161277771,0.8712360262870789,0.0,0.6710155606269836,-0.19739878177642822,0.5307350158691406,-0.1350516676902771,0.15351155400276184,0.1600903421640396,0.022782323881983757,0.05780614912509918,phase3_12_compat_selection_no_phase4_no_cps
compat_condition_action_geom,1,free,312001,1,13,0.0,0.0,0.0,0,0.0,nan,nan,0.03925774246454239,0.0,0.0,free,1,0.1611984670162201,360,360,free,0.1611984670162201,0.4356681600213051,0.1611984670162201,0.8577496409416199,0.0,0.02260708436369896,0.0073204487562179565,0.8577496409416199,0.0,0.6712326407432556,-0.19812540709972382,0.5322365760803223,-0.13473191857337952,0.15276989340782166,0.1600903421640396,0.02260708436369896,0.057720351964235306,phase3_12_compat_selection_no_phase4_no_cps
compat_condition_action_geom,1,free,312001,1,14,0.0,0.0,0.0,0,0.0,nan,nan,0.03981665521860123,0.0,0.0,free,1,0.1610448807477951,360,360,free,0.1610448807477951,0.4370889514684677,0.1610448807477951,0.8536547422409058,0.0,0.022586775943636894,0.00783143937587738,0.8536547422409058,0.0,0.6713986396789551,-0.19780637323856354,0.5328490734100342,-0.1346653550863266,0.15225890278816223,0.1600903421640396,0.022586775943636894,0.057727497071027756,phase3_12_compat_selection_no_phase4_no_cps
compat_condition_action_geom,1,free,312001,1,15,0.0,0.0,0.0,0,0.0,nan,nan,0.04025432467460632,0.0,0.0,free,1,0.16104541718959808,360,360,free,0.16104541718959808,0.43713928908109667,0.16104541718959808,0.8385036587715149,0.0,0.022453470155596733,0.008394584059715271,0.8385036587715149,0.0,0.6718442440032959,-0.19793802499771118,0.5342270731925964,-0.1341170370578766,0.15169575810432434,0.1600903421640396,0.022453470155596733,0.05772949382662773,phase3_12_compat_selection_no_phase4_no_cps
compat_condition_action_geom,1,free,312002,2,0,0.0,0.2916666666666667,0.2916666666666667,0,0.2916666666666667,nan,nan,0.040029074996709824,0.0,0.0,free,1,0.011744587682187557,704,704,free,0.011744587682187557,0.11700070798397064,0.011744587682187557,0.6337721347808838,0.0,0.0019048062385991216,0.010621190071105957,0.6337721347808838,0.0,0.3860546350479126,0.13049082458019257,0.6519862413406372,0.13703826069831848,0.26601219177246094,0.255391001701355,0.0019048062385991216,0.003975477069616318,phase3_12_compat_selection_no_phase4_no_cps
compat_condition_action_geom,1,free,312002,2,1,0.2916666666666667,0.2916666666666667,0.0,0,0.0,nan,nan,0.04013023525476456,0.0,0.0,free,1,0.08659753948450089,68,68,free,0.08659753948450089,0.2642889975011349,0.08659753948450089,0.5614264607429504,0.0,0.006272053811699152,0.00016294047236442566,0.5614264607429504,0.0,0.4088350534439087,0.11565227061510086,0.3778873682022095,0.09425962716341019,0.03762185946106911,0.03745891898870468,0.006272053811699152,0.013669195584952831,phase3_12_compat_selection_no_phase4_no_cps
compat_condition_action_geom,1,free,312002,2,2,0.2916666666666667,0.3333333333333333,0.04166666666666663,0,0.04166666666666663,nan,nan,0.040024153888225555,0.0,0.0,free,1,0.13838131725788116,548,548,free,0.13838131725788116,0.2749007603526116,0.13838131725788116,0.32266199588775635,0.0,0.007973525673151016,6.585940718650818e-05,0.32266199588775635,0.0,0.5089231729507446,0.13024257123470306,0.46122995018959045,0.10115033388137817,0.055865924805402756,0.055931784212589264,0.007973525673151016,0.017005540430545807,phase3_12_compat_selection_no_phase4_no_cps
compat_condition_action_geom,1,free,312002,2,3,0.3333333333333333,0.3333333333333333,0.0,0,0.0,nan,nan,0.03996627777814865,0.0,0.0,free,1,0.060663774609565735,568,568,free,0.060663774609565735,0.26953503400087353,0.060663774609565735,0.5347921848297119,0.0,0.005105735268443823,0.002493707463145256,0.5347921848297119,0.0,0.6140197515487671,0.16727463901042938,0.6226757168769836,0.14810927212238312,0.021029433235526085,0.01853572577238083,0.005105735268443823,0.010005746968090534,phase3_12_compat_selection_no_phase4_no_cps
compat_condition_action_geom,1,free,312002,2,4,0.3333333333333333,0.3333333333333333,0.0,0,0.0,nan,nan,0.04000428691506386,0.0,0.0,free,1,0.09004168212413788,160,160,free,0.09004168212413788,0.2795436485111713,0.09004168212413788,0.34964391589164734,0.0,0.005322697572410107,0.008436910808086395,0.34964391589164734,0.0,0.5205779075622559,0.06481721997261047,0.48527348041534424,0.0741816833615303,0.03652527555823326,0.044962186366319656,0.005322697572410107,0.01079671923071146,phase3_12_compat_selection_no_phase4_no_cps
compat_condition_action_geom,1,free,312002,2,5,0.3333333333333333,0.3333333333333333,0.0,0,0.0,nan,nan,0.03976583108305931,0.0,0.0,free,1,0.044767286628484726,164,164,free,0.044767286628484726,0.22598243564367296,0.044767286628484726,0.4686304032802582,0.0,0.00603997427970171,0.007494963705539703,0.4686304032802582,0.0,0.4489767849445343,0.08649837970733643,0.4028854966163635,0.08499225974082947,0.04611589014530182,0.038620926439762115,0.00603997427970171,0.0135431457310915,phase3_12_compat_selection_no_phase4_no_cps
compat_condition_action_geom,1,free,312002,2,6,0.3333333333333333,0.3333333333333333,0.0,0,0.0,nan,nan,0.040652040392160416,0.0,0.0,free,1,0.07157484441995621,256,256,free,0.07157484441995621,0.2573281159996986,0.07157484441995621,0.44344446063041687,0.0,0.004743135068565607,0.010199733078479767,0.44344446063041687,0.0,0.5275211334228516,0.16550256311893463,0.4897095561027527,0.14476586878299713,0.04312453791499138,0.03292480483651161,0.004743135068565607,0.01309804618358612,phase3_12_compat_selection_no_phase4_no_cps
compat_condition_action_geom,1,free,312002,2,7,0.3333333333333333,0.3333333333333333,0.0,0,0.0,nan,nan,0.039945635944604874,0.0,0.0,free,1,0.06303638964891434,164,164,free,0.06303638964891434,0.2552801562845707,0.06303638964891434,0.4302651286125183,0.0,0.006720249075442553,0.011726871132850647,0.4302651286125183,0.0,0.45493069291114807,0.08924806118011475,0.40473249554634094,0.08536969125270844,0.05034779757261276,0.038620926439762115,0.006720249075442553,0.015282990410923958,phase3_12_compat_selection_no_phase4_no_cps
compat_condition_action_geom,1,free,312002,2,8,0.3333333333333333,0.3333333333333333,0.0,0,0.0,nan,nan,0.04014815762639046,0.0,0.0,free,1,0.049097683280706406,164,164,free,0.049097683280706406,0.24840228542685508,0.049097683280706406,0.4596341550350189,0.0,0.0065202550031244755,0.014955926686525345,0.4596341550350189,0.0,0.458372563123703,0.07684003561735153,0.40485474467277527,0.07935447245836258,0.05357685312628746,0.038620926439762115,0.0065202550031244755,0.014337055385112762,phase3_12_compat_selection_no_phase4_no_cps
compat_condition_action_geom,1,free,312002,2,9,0.3333333333333333,0.3333333333333333,0.0,0,0.0,nan,nan,0.04042625427246094,0.0,0.0,free,1,0.07132566720247269,256,256,free,0.07132566720247269,0.25646962136030194,0.07132566720247269,0.47751137614250183,0.0,0.005923751275986433,0.0038951002061367035,0.47751137614250183,0.0,0.5320843458175659,0.15037839114665985,0.4963313937187195,0.14157885313034058,0.036819905042648315,0.03292480483651161,0.005923751275986433,0.014081496745347977,phase3_12_compat_selection_no_phase4_no_cps
compat_condition_action_geom,1,free,312002,2,10,0.3333333333333333,0.3333333333333333,0.0,0,0.0,nan,nan,0.040093474090099335,0.0,0.0,free,1,0.05869182199239731,164,164,free,0.05869182199239731,0.25763285443186756,0.05869182199239731,0.4787578582763672,0.0,0.006614200305193663,0.013681221753358841,0.4787578582763672,0.0,0.4602510333061218,0.071701779961586,0.4084450602531433,0.07888897508382797,0.052302148193120956,0.038620926439762115,0.006614200305193663,0.01451579574495554,phase3_12_compat_selection_no_phase4_no_cps
compat_condition_action_geom,1,free,312002,2,11,0.3333333333333333,0.3333333333333333,0.0,0,0.0,nan,nan,0.040269117802381516,0.0,0.0,free,1,0.04866618663072586,164,164,free,0.04866618663072586,0.23934197559952736,0.04866618663072586,0.46864327788352966,0.0,0.006470032036304474,0.010504569858312607,0.46864327788352966,0.0,0.4539341330528259,0.08083634078502655,0.40482190251350403,0.07969480752944946,0.04912549629807472,0.038620926439762115,0.006470032036304474,0.013863946311175823,phase3_12_compat_selection_no_phase4_no_cps
compat_condition_action_geom,1,free,312002,2,12,0.3333333333333333,0.3333333333333333,0.0,0,0.0,nan,nan,0.039635658264160156,0.0,0.0,free,1,0.0701512023806572,256,256,free,0.0701512023806572,0.2541989935934543,0.0701512023806572,0.4946255087852478,0.0,0.005681293550878763,0.003675069659948349,0.4946255087852478,0.0,0.5298454165458679,0.15359589457511902,0.49557963013648987,0.14073483645915985,0.03659987449645996,0.03292480483651161,0.005681293550878763,0.014083415269851685,phase3_12_compat_selection_no_phase4_no_cps
compat_condition_action_geom,1,free,312002,2,13,0.3333333333333333,0.3333333333333333,0.0,0,0.0,nan,nan,0.040202248841524124,0.0,0.0,free,1,0.058825984597206116,164,164,free,0.058825984597206116,0.25420311152935027,0.058825984597206116,0.4638487696647644,0.0,0.006666994653642178,0.012247182428836823,0.4638487696647644,0.0,0.4592227637767792,0.074221171438694,0.40863117575645447,0.07951794564723969,0.05086810886859894,0.038620926439762115,0.006666994653642178,0.014513717032968998,phase3_12_compat_selection_no_phase4_no_cps
compat_condition_action_geom,1,free,312002,2,14,0.3333333333333333,0.3333333333333333,0.0,0,0.0,nan,nan,0.04076620936393738,0.0,0.0,free,1,0.04867139831185341,164,164,free,0.04867139831185341,0.23939254492521286,0.04867139831185341,0.4760301113128662,0.0,0.006312129553407431,0.010881852358579636,0.4760301113128662,0.0,0.4540640711784363,0.07942695170640945,0.4045705795288086,0.08038580417633057,0.04950277879834175,0.038620926439762115,0.006312129553407431,0.01365805696696043,phase3_12_compat_selection_no_phase4_no_cps
compat_condition_action_geom,1,free,312002,2,15,0.3333333333333333,0.375,0.041666666666666685,0,0.041666666666666685,nan,nan,0.04046223685145378,0.0,0.0,free,1,0.07026761025190353,256,256,free,0.07026761025190353,0.24974528536200524,0.07026761025190353,0.5141391158103943,0.0,0.00563019560649991,0.0002875477075576782,0.5141391158103943,0.0,0.5272119641304016,0.15234071016311646,0.49637946486473083,0.14163802564144135,0.032637257128953934,0.03292480483651161,0.00563019560649991,0.013893426395952702,phase3_12_compat_selection_no_phase4_no_cps
compat_condition_action_geom,1,hidden_breakaway_pin,312000,0,0,0.0,0.125,0.125,0,0.125,nan,nan,0.039958368986845016,0.0,0.0,hidden_breakaway_pin,1,0.016202203929424286,219,219,hidden_breakaway_pin,0.016202203929424286,0.1487631518393755,0.016202203929424286,0.9052005410194397,0.0,0.00284090475179255,0.010485917329788208,0.9052005410194397,0.0,0.5969904065132141,-0.15932266414165497,0.4926910996437073,-0.4217548966407776,0.28239870071411133,0.29288461804389954,0.00284090475179255,0.007064973935484886,phase3_12_compat_selection_no_phase4_no_cps
compat_condition_action_geom,1,hidden_breakaway_pin,312000,0,1,0.125,0.125,0.0,0,0.0,nan,nan,0.03159680590033531,0.0,0.0,hidden_breakaway_pin,1,0.09313464164733887,347,347,hidden_breakaway_pin,0.09313464164733887,0.30496327713131904,0.09313464164733887,0.6058118939399719,0.0,0.005470392294228077,0.005835024639964104,0.6058118939399719,0.0,0.6094345450401306,-0.28348618745803833,0.580981433391571,-0.2729097306728363,0.030355246737599373,0.02452022209763527,0.005470392294228077,0.01310016866773367,phase3_12_compat_selection_no_phase4_no_cps
compat_condition_action_geom,1,hidden_breakaway_pin,312000,0,2,0.125,0.125,0.0,0,0.0,nan,nan,0.03341927006840706,0.0,0.0,hidden_breakaway_pin,1,0.09434906393289566,111,111,hidden_breakaway_pin,0.09434906393289566,0.22520317532122136,0.09434906393289566,0.1915046125650406,0.0,0.004041803535073996,0.0038488656282424927,0.1915046125650406,0.0,0.552060067653656,-0.10911799222230911,0.5068243741989136,-0.10321427881717682,0.045619312673807144,0.04177044704556465,0.004041803535073996,0.008322388865053654,phase3_12_compat_selection_no_phase4_no_cps
compat_condition_action_geom,1,hidden_breakaway_pin,312000,0,3,0.125,0.125,0.0,0,0.0,nan,nan,0.033682893961668015,0.0,0.0,hidden_breakaway_pin,1,0.11421241611242294,111,111,hidden_breakaway_pin,0.11421241611242294,0.2810446700453758,0.11421241611242294,0.3425486981868744,0.0,0.0045299106277525425,0.014221355319023132,0.3425486981868744,0.0,0.5614916682243347,-0.11537188291549683,0.5070284008979797,-0.10237825661897659,0.055991802364587784,0.04177044704556465,0.0045299106277525425,0.009814780205488205,phase3_12_compat_selection_no_phase4_no_cps
compat_condition_action_geom,1,hidden_breakaway_pin,312000,0,4,0.125,0.125,0.0,0,0.0,nan,nan,0.04023101180791855,0.0,0.0,hidden_breakaway_pin,1,0.08993465453386307,351,351,hidden_breakaway_pin,0.08993465453386307,0.26856311395764354,0.08993465453386307,0.9497109055519104,0.0,0.006481787655502558,0.007099796086549759,0.9497109055519104,0.0,0.581986129283905,-0.2781400978565216,0.5905255079269409,-0.34401559829711914,0.06642667204141617,0.05932687595486641,0.006481787655502558,0.011839276179671288,phase3_12_compat_selection_no_phase4_no_cps
compat_condition_action_geom,1,hidden_breakaway_pin,312000,0,5,0.125,0.125,0.0,0,0.0,nan,nan,0.040260765701532364,0.0,0.0,hidden_breakaway_pin,1,0.1366027593612671,683,683,hidden_breakaway_pin,0.1366027593612671,0.2683989806473255,0.1366027593612671,0.5398812294006348,0.0,0.005480548832565546,0.009793020784854889,0.5398812294006348,0.0,0.6041342616081238,-0.2037634253501892,0.6550909876823425,-0.14757183194160461,0.07585567235946655,0.08564869314432144,0.005480548832565546,0.010551856830716133,phase3_12_compat_selection_no_phase4_no_cps
compat_condition_action_geom,1,hidden_breakaway_pin,312000,0,6,0.125,0.125,0.0,0,0.0,nan,nan,0.04031280428171158,0.0,0.0,hidden_breakaway_pin,1,0.10308979451656342,111,111,hidden_breakaway_pin,0.10308979451656342,0.2620403604954481,0.10308979451656342,0.233945831656456,0.0,0.003982925321906805,0.01654106006026268,0.233945831656456,0.0,0.5521642565727234,-0.1396636664867401,0.507095456123352,-0.10266319662332535,0.05831150710582733,0.04177044704556465,0.003982925321906805,0.008143535815179348,phase3_12_compat_selection_no_phase4_no_cps
compat_condition_action_geom,1,hidden_breakaway_pin,312000,0,7,0.125,0.125,0.0,0,0.0,nan,nan,0.03951219469308853,0.0,0.0,hidden_breakaway_pin,1,0.10739053785800934,111,111,hidden_breakaway_pin,0.10739053785800934,0.28899754941463474,0.10739053785800934,0.2843041718006134,0.0,0.004731068853288889,0.022988270968198776,0.2843041718006134,0.0,0.5588001608848572,-0.14179684221744537,0.5083855390548706,-0.10115132480859756,0.06475871801376343,0.04177044704556465,0.004731068853288889,0.009813177399337292,phase3_12_compat_selection_no_phase4_no_cps
compat_condition_action_geom,1,hidden_breakaway_pin,312000,0,8,0.125,0.125,0.0,0,0.0,nan,nan,0.04050874710083008,0.0,0.0,hidden_breakaway_pin,1,0.08445411175489426,351,351,hidden_breakaway_pin,0.08445411175489426,0.2600534035265446,0.08445411175489426,0.9232667088508606,0.0,0.007127787452191114,0.0013309568166732788,0.9232667088508606,0.0,0.5842645168304443,-0.28817126154899597,0.589999258518219,-0.34588295221328735,0.05799591913819313,0.05932687595486641,0.007127787452191114,0.013466587290167809,phase3_12_compat_selection_no_phase4_no_cps
compat_condition_action_geom,1,hidden_breakaway_pin,312000,0,9,0.125,0.125,0.0,0,0.0,nan,nan,0.040372736752033234,0.0,0.0,hidden_breakaway_pin,1,0.09904343634843826,463,463,hidden_breakaway_pin,0.09904343634843826,0.29079634755849837,0.09904343634843826,0.8094779253005981,0.0,0.008113798685371876,0.004953589290380478,0.8094779253005981,0.0,0.6006579995155334,-0.22964626550674438,0.591166079044342,-0.28568947315216064,0.05684133991599083,0.05188775062561035,0.008113798685371876,0.014591064304113388,phase3_12_compat_selection_no_phase4_no_cps
compat_condition_action_geom,1,hidden_breakaway_pin,312000,0,10,0.125,0.125,0.0,0,0.0,nan,nan,0.040117546916007996,0.0,0.0,hidden_breakaway_pin,1,0.10437055677175522,111,111,hidden_breakaway_pin,0.10437055677175522,0.25243782497942446,0.10437055677175522,0.23323936760425568,0.0,0.003760992083698511,0.012013636529445648,0.23323936760425568,0.0,0.5526727437973022,-0.13348379731178284,0.5066496729850769,-0.10565207898616791,0.0537840835750103,0.04177044704556465,0.003760992083698511,0.007920866832137108,phase3_12_compat_selection_no_phase4_no_cps
compat_condition_action_geom,1,hidden_breakaway_pin,312000,0,11,0.125,0.125,0.0,0,0.0,nan,nan,0.04009402170777321,0.0,0.0,hidden_breakaway_pin,1,0.10718397051095963,111,111,hidden_breakaway_pin,0.10718397051095963,0.2845160393416881,0.10718397051095963,0.2808017432689667,0.0,0.004586119204759598,0.021561939269304276,0.2808017432689667,0.0,0.559613823890686,-0.13842351734638214,0.5069958567619324,-0.10317666083574295,0.06333238631486893,0.04177044704556465,0.004586119204759598,0.009719408117234707,phase3_12_compat_selection_no_phase4_no_cps
compat_condition_action_geom,1,hidden_breakaway_pin,312000,0,12,0.125,0.125,0.0,0,0.0,nan,nan,0.0397629551589489,0.0,0.0,hidden_breakaway_pin,1,0.08536124229431152,351,351,hidden_breakaway_pin,0.08536124229431152,0.2544857947528362,0.08536124229431152,0.9308133721351624,0.0,0.00689160218462348,0.0014172419905662537,0.9308133721351624,0.0,0.585213840007782,-0.28582140803337097,0.5907859206199646,-0.3463094234466553,0.06074411794543266,0.05932687595486641,0.00689160218462348,0.013064981438219547,phase3_12_compat_selection_no_phase4_no_cps
compat_condition_action_geom,1,hidden_breakaway_pin,312000,0,13,0.125,0.125,0.0,0,0.0,nan,nan,0.040301766246557236,0.0,0.0,hidden_breakaway_pin,1,0.09904606640338898,463,463,hidden_breakaway_pin,0.09904606640338898,0.2901458492875099,0.09904606640338898,0.8081339001655579,0.0,0.00821091327816248,0.004288967698812485,0.8081339001655579,0.0,0.6003177165985107,-0.23050791025161743,0.5912376642227173,-0.28594595193862915,0.056176718324422836,0.05188775062561035,0.00821091327816248,0.014769921079277992,phase3_12_compat_selection_no_phase4_no_cps
compat_condition_action_geom,1,hidden_breakaway_pin,312000,0,14,0.125,0.125,0.0,0,0.0,nan,nan,0.039710965007543564,0.0,0.0,hidden_breakaway_pin,1,0.10432668775320053,111,111,hidden_breakaway_pin,0.10432668775320053,0.25310005828738213,0.10432668775320053,0.23908521234989166,0.0,0.003727650037035346,0.012280836701393127,0.23908521234989166,0.0,0.5526366829872131,-0.13346509635448456,0.506818413734436,-0.1047905832529068,0.05405128374695778,0.04177044704556465,0.003727650037035346,0.007817788980901241,phase3_12_compat_selection_no_phase4_no_cps
compat_condition_action_geom,1,hidden_breakaway_pin,312000,0,15,0.125,0.125,0.0,0,0.0,nan,nan,0.040104251354932785,0.0,0.0,hidden_breakaway_pin,1,0.10709267109632492,111,111,hidden_breakaway_pin,0.10709267109632492,0.2843280284106732,0.10709267109632492,0.28625786304473877,0.0,0.004519379232078791,0.021575938910245895,0.28625786304473877,0.0,0.559589684009552,-0.1378915160894394,0.5069314241409302,-0.10267969220876694,0.06334638595581055,0.04177044704556465,0.004519379232078791,0.009622574783861637,phase3_12_compat_selection_no_phase4_no_cps
compat_condition_action_geom,1,hidden_breakaway_pin,312001,1,0,0.0,0.0,0.0,0,0.0,nan,nan,0.03978299722075462,0.0,0.0,hidden_breakaway_pin,1,0.013835991732776165,507,507,hidden_breakaway_pin,0.013835991732776165,0.11326099950820206,0.013835991732776165,0.6943809390068054,0.0,0.0026115283835679293,0.006613552570343018,0.6943809390068054,0.0,0.4197311997413635,-0.366880863904953,0.6500885486602783,-0.22853830456733704,0.26870647072792053,0.27532002329826355,0.0026115283835679293,0.006764765363186598,phase3_12_compat_selection_no_phase4_no_cps
compat_condition_action_geom,1,hidden_breakaway_pin,312001,1,1,0.0,0.0,0.0,0,0.0,nan,nan,0.038255929946899414,0.0,0.0,hidden_breakaway_pin,1,0.15072882175445557,507,507,hidden_breakaway_pin,0.15072882175445557,0.27982324585318563,0.15072882175445557,0.7000042796134949,0.0,0.005023612175136805,0.009101301431655884,0.7000042796134949,0.0,0.43478772044181824,-0.35352903604507446,0.6633766293525696,-0.2170756608247757,0.26621872186660767,0.27532002329826355,0.005023612175136805,0.01110280305147171,phase3_12_compat_selection_no_phase4_no_cps
compat_condition_action_geom,1,hidden_breakaway_pin,312001,1,2,0.0,0.0,0.0,0,0.0,nan,nan,0.038047291338443756,0.0,0.0,hidden_breakaway_pin,1,0.14017392694950104,363,363,hidden_breakaway_pin,0.14017392694950104,0.2569181680679321,0.14017392694950104,0.4648687243461609,0.0,0.005993553437292576,0.008482664823532104,0.4648687243461609,0.0,0.47938117384910583,-0.2663390040397644,0.5971215963363647,-0.14565998315811157,0.16860081255435944,0.16011814773082733,0.005993553437292576,0.013032158836722374,phase3_12_compat_selection_no_phase4_no_cps
compat_condition_action_geom,1,hidden_breakaway_pin,312001,1,3,0.0,0.0,0.0,0,0.0,nan,nan,0.03799638897180557,0.0,0.0,hidden_breakaway_pin,1,0.11343825608491898,659,659,hidden_breakaway_pin,0.11343825608491898,0.3482508680224419,0.11343825608491898,0.6844730973243713,0.0,0.01093874778598547,0.006164614111185074,0.6844730973243713,0.0,0.44563204050064087,-0.3357847034931183,0.46712324023246765,-0.296994686126709,0.04434565454721451,0.038181040436029434,0.01093874778598547,0.02427462860941887,phase3_12_compat_selection_no_phase4_no_cps
compat_condition_action_geom,1,hidden_breakaway_pin,312001,1,4,0.0,0.0,0.0,0,0.0,nan,nan,0.03870557248592377,0.0,0.0,hidden_breakaway_pin,1,0.11043140292167664,659,659,hidden_breakaway_pin,0.11043140292167664,0.37084443479776386,0.11043140292167664,0.6968981027603149,0.0,0.012337190099060535,0.012905117124319077,0.6968981027603149,0.0,0.4492456018924713,-0.33352985978126526,0.4775942862033844,-0.2910310626029968,0.05108615756034851,0.038181040436029434,0.012337190099060535,0.02567070722579956,phase3_12_compat_selection_no_phase4_no_cps
compat_condition_action_geom,1,hidden_breakaway_pin,312001,1,5,0.0,0.0,0.0,0,0.0,nan,nan,0.03968527540564537,0.0,0.0,hidden_breakaway_pin,1,0.10756591707468033,659,659,hidden_breakaway_pin,0.10756591707468033,0.37660181432962414,0.10756591707468033,0.6673535108566284,0.0,0.012315267696976662,0.018412161618471146,0.6673535108566284,0.0,0.4465242028236389,-0.33483147621154785,0.4739820659160614,-0.28534555435180664,0.05659320205450058,0.038181040436029434,0.012315267696976662,0.02530745416879654,phase3_12_compat_selection_no_phase4_no_cps
compat_condition_action_geom,1,hidden_breakaway_pin,312001,1,6,0.0,0.0,0.0,0,0.0,nan,nan,0.0386643223464489,0.0,0.0,hidden_breakaway_pin,1,0.11140192300081253,659,659,hidden_breakaway_pin,0.11140192300081253,0.36179702937603,0.11140192300081253,0.6859232783317566,0.0,0.01210301835089922,0.009244397282600403,0.6859232783317566,0.0,0.4507144093513489,-0.3311741352081299,0.47469595074653625,-0.29025888442993164,0.04742543771862984,0.038181040436029434,0.01210301835089922,0.02495907060801983,phase3_12_compat_selection_no_phase4_no_cps
compat_condition_action_geom,1,hidden_breakaway_pin,312001,1,7,0.0,0.0,0.0,0,0.0,nan,nan,0.039455845952034,0.0,0.0,hidden_breakaway_pin,1,0.11129873991012573,659,659,hidden_breakaway_pin,0.11129873991012573,0.3621125689148903,0.11129873991012573,0.6782077550888062,0.0,0.01203033234924078,0.010033834725618362,0.6782077550888062,0.0,0.45000356435775757,-0.33243227005004883,0.4737264811992645,-0.2904573082923889,0.0482148751616478,0.038181040436029434,0.01203033234924078,0.02498810924589634,phase3_12_compat_selection_no_phase4_no_cps
compat_condition_action_geom,1,hidden_breakaway_pin,312001,1,8,0.0,0.0,0.0,0,0.0,nan,nan,0.03954535350203514,0.0,0.0,hidden_breakaway_pin,1,0.1116388812661171,659,659,hidden_breakaway_pin,0.1116388812661171,0.365781315267086,0.1116388812661171,0.6730217337608337,0.0,0.012056820094585419,0.01178666204214096,0.6730217337608337,0.0,0.44910186529159546,-0.3329247832298279,0.4738564193248749,-0.28951990604400635,0.049967702478170395,0.038181040436029434,0.012056820094585419,0.025031108409166336,phase3_12_compat_selection_no_phase4_no_cps
compat_condition_action_geom,1,hidden_breakaway_pin,312001,1,9,0.0,0.0,0.0,0,0.0,nan,nan,0.03990516811609268,0.0,0.0,hidden_breakaway_pin,1,0.11178810894489288,659,659,hidden_breakaway_pin,0.11178810894489288,0.3617124965786934,0.11178810894489288,0.6712028384208679,0.0,0.011803205125033855,0.010760307312011719,0.6712028384208679,0.0,0.44811108708381653,-0.3326410949230194,0.4722071886062622,-0.29004257917404175,0.04894134774804115,0.038181040436029434,0.011803205125033855,0.024629293009638786,phase3_12_compat_selection_no_phase4_no_cps
compat_condition_action_geom,1,hidden_breakaway_pin,312001,1,10,0.0,0.0,0.0,0,0.0,nan,nan,0.039859820157289505,0.0,0.0,hidden_breakaway_pin,1,0.11213277280330658,659,659,hidden_breakaway_pin,0.11213277280330658,0.36472023040056234,0.11213277280330658,0.6778929829597473,0.0,0.011839411221444607,0.011696137487888336,0.6778929829597473,0.0,0.4475095868110657,-0.33300918340682983,0.47245800495147705,-0.28981995582580566,0.04987717792391777,0.038181040436029434,0.011839411221444607,0.024684209376573563,phase3_12_compat_selection_no_phase4_no_cps
compat_condition_action_geom,1,hidden_breakaway_pin,312001,1,11,0.0,0.0,0.0,0,0.0,nan,nan,0.039591286331415176,0.0,0.0,hidden_breakaway_pin,1,0.1122511476278305,659,659,hidden_breakaway_pin,0.1122511476278305,0.3672145998477936,0.1122511476278305,0.6807546615600586,0.0,0.011912413872778416,0.012484811246395111,0.6807546615600586,0.0,0.4475889801979065,-0.3348207175731659,0.47259533405303955,-0.29075586795806885,0.050665851682424545,0.038181040436029434,0.011912413872778416,0.025060320273041725,phase3_12_compat_selection_no_phase4_no_cps
compat_condition_action_geom,1,hidden_breakaway_pin,312001,1,12,0.0,0.0,0.0,0,0.0,nan,nan,0.03981128707528114,0.0,0.0,hidden_breakaway_pin,1,0.1123744547367096,659,659,hidden_breakaway_pin,0.1123744547367096,0.37272883564233783,0.1123744547367096,0.6812313199043274,0.0,0.012092111632227898,0.014443609863519669,0.6812313199043274,0.0,0.4476732611656189,-0.33656397461891174,0.4730294346809387,-0.2904508709907532,0.0526246502995491,0.038181040436029434,0.012092111632227898,0.02549460530281067,phase3_12_compat_selection_no_phase4_no_cps
compat_condition_action_geom,1,hidden_breakaway_pin,312001,1,13,0.0,0.0,0.0,0,0.0,nan,nan,0.039170172065496445,0.0,0.0,hidden_breakaway_pin,1,0.11250761896371841,659,659,hidden_breakaway_pin,0.11250761896371841,0.3707524007558822,0.11250761896371841,0.6792011260986328,0.0,0.012062987312674522,0.013581439852714539,0.6792011260986328,0.0,0.4480646848678589,-0.3363223969936371,0.47308656573295593,-0.29100948572158813,0.05176248028874397,0.038181040436029434,0.012062987312674522,0.025478292256593704,phase3_12_compat_selection_no_phase4_no_cps
compat_condition_action_geom,1,hidden_breakaway_pin,312001,1,14,0.0,0.0,0.0,0,0.0,nan,nan,0.03991803154349327,0.0,0.0,hidden_breakaway_pin,1,0.11260353773832321,659,659,hidden_breakaway_pin,0.11260353773832321,0.3687927252054215,0.11260353773832321,0.6799108982086182,0.0,0.011977939866483212,0.012867216020822525,0.6799108982086182,0.0,0.44785869121551514,-0.33495891094207764,0.4727233648300171,-0.29037559032440186,0.05104825645685196,0.038181040436029434,0.011977939866483212,0.025141743943095207,phase3_12_compat_selection_no_phase4_no_cps
compat_condition_action_geom,1,hidden_breakaway_pin,312001,1,15,0.0,0.0,0.0,0,0.0,nan,nan,0.04044334962964058,0.0,0.0,hidden_breakaway_pin,1,0.11261075735092163,659,659,hidden_breakaway_pin,0.11261075735092163,0.36478136390447613,0.11261075735092163,0.6810807585716248,0.0,0.011864544823765755,0.011267635971307755,0.6810807585716248,0.0,0.44804349541664124,-0.33368465304374695,0.47238120436668396,-0.2906399369239807,0.04944867640733719,0.038181040436029434,0.011864544823765755,0.02484685555100441,phase3_12_compat_selection_no_phase4_no_cps
compat_condition_action_geom,1,hidden_breakaway_pin,312002,2,0,0.0,0.0,0.0,0,0.0,nan,nan,0.04009140282869339,0.0,0.0,hidden_breakaway_pin,1,0.01366710476577282,135,135,hidden_breakaway_pin,0.01366710476577282,0.0943861473351717,0.01366710476577282,0.6511107087135315,0.0,0.0030336673371493816,0.0019041001796722412,0.6511107087135315,0.0,0.644718587398529,-0.43362662196159363,0.6158722043037415,0.032269179821014404,0.4667879641056061,0.4686920642852783,0.0030336673371493816,0.006311762612313032,phase3_12_compat_selection_no_phase4_no_cps
compat_condition_action_geom,1,hidden_breakaway_pin,312002,2,1,0.0,0.0,0.0,0,0.0,nan,nan,0.03972078487277031,0.0,0.0,hidden_breakaway_pin,1,0.17771419882774353,215,215,hidden_breakaway_pin,0.17771419882774353,0.34624044224619865,0.17771419882774353,0.5818012356758118,0.0,0.003961517009884119,0.023299753665924072,0.5818012356758118,0.0,0.6192487478256226,-0.2209775447845459,0.3694857358932495,0.0713605135679245,0.38450372219085693,0.407803475856781,0.003961517009884119,0.007006945554167032,phase3_12_compat_selection_no_phase4_no_cps
compat_condition_action_geom,1,hidden_breakaway_pin,312002,2,2,0.0,0.0,0.0,0,0.0,nan,nan,0.040109895169734955,0.0,0.0,hidden_breakaway_pin,1,0.1681634783744812,523,523,hidden_breakaway_pin,0.1681634783744812,0.43957933485507966,0.1681634783744812,0.8021137714385986,0.0,0.010131409391760826,0.032551512122154236,0.8021137714385986,0.0,0.6706010699272156,-0.2956569790840149,0.5468878746032715,-0.09953927248716354,0.23187735676765442,0.19932584464550018,0.010131409391760826,0.02153843827545643,phase3_12_compat_selection_no_phase4_no_cps
compat_condition_action_geom,1,hidden_breakaway_pin,312002,2,3,0.0,0.0,0.0,0,0.0,nan,nan,0.039314813911914825,0.0,0.0,hidden_breakaway_pin,1,0.1759950816631317,523,523,hidden_breakaway_pin,0.1759950816631317,0.3557349115610123,0.1759950816631317,0.8000311851501465,0.0,0.011653168126940727,0.0066280364990234375,0.8000311851501465,0.0,0.7308417558670044,-0.21164730191230774,0.5901382565498352,-0.07998496294021606,0.19269780814647675,0.19932584464550018,0.011653168126940727,0.023847848176956177,phase3_12_compat_selection_no_phase4_no_cps
compat_condition_action_geom,1,hidden_breakaway_pin,312002,2,4,0.0,0.0,0.0,0,0.0,nan,nan,0.039860472083091736,0.0,0.0,hidden_breakaway_pin,1,0.1722552329301834,523,523,hidden_breakaway_pin,0.1722552329301834,0.3395372122526169,0.1722552329301834,0.8465854525566101,0.0,0.00853422936052084,0.008878558874130249,0.8465854525566101,0.0,0.6923279166221619,-0.2540864944458008,0.5640348792076111,-0.09010487794876099,0.20820440351963043,0.19932584464550018,0.00853422936052084,0.01674954779446125,phase3_12_compat_selection_no_phase4_no_cps
compat_condition_action_geom,1,hidden_breakaway_pin,312002,2,5,0.0,0.0,0.0,0,0.0,nan,nan,0.03919675573706627,0.0,0.0,hidden_breakaway_pin,1,0.17696420848369598,523,523,hidden_breakaway_pin,0.17696420848369598,0.3818081721663475,0.17696420848369598,0.8399488925933838,0.0,0.011854083277285099,0.011753782629966736,0.8399488925933838,0.0,0.6944878101348877,-0.22543242573738098,0.5563556551933289,-0.09853567183017731,0.18757206201553345,0.19932584464550018,0.011854083277285099,0.021956250071525574,phase3_12_compat_selection_no_phase4_no_cps
compat_condition_action_geom,1,hidden_breakaway_pin,312002,2,6,0.0,0.0,0.0,0,0.0,nan,nan,0.03997696936130524,0.0,0.0,hidden_breakaway_pin,1,0.17623752355575562,523,523,hidden_breakaway_pin,0.17623752355575562,0.343042166531086,0.17623752355575562,0.8166823983192444,0.0,0.011942671611905098,0.00250302255153656,0.8166823983192444,0.0,0.7037904858589172,-0.22812765836715698,0.5583444237709045,-0.09552045911550522,0.19682282209396362,0.19932584464550018,0.011942671611905098,0.022004421800374985,phase3_12_compat_selection_no_phase4_no_cps
compat_condition_action_geom,1,hidden_breakaway_pin,312002,2,7,0.0,0.0,0.0,0,0.0,nan,nan,0.03933310881257057,0.0,0.0,hidden_breakaway_pin,1,0.17432242631912231,523,523,hidden_breakaway_pin,0.17432242631912231,0.3284012719988823,0.17432242631912231,0.8210689425468445,0.0,0.010723577812314034,0.0016775131225585938,0.8210689425468445,0.0,0.7028045654296875,-0.23492185771465302,0.5629472136497498,-0.09055332839488983,0.20100335776805878,0.19932584464550018,0.010723577812314034,0.019877083599567413,phase3_12_compat_selection_no_phase4_no_cps
compat_condition_action_geom,1,hidden_breakaway_pin,312002,2,8,0.0,0.0,0.0,0,0.0,nan,nan,0.03965681046247482,0.0,0.0,hidden_breakaway_pin,1,0.17405520379543304,523,523,hidden_breakaway_pin,0.17405520379543304,0.3284609779715538,0.17405520379543304,0.8265961408615112,0.0,0.010817381553351879,0.0014680027961730957,0.8265961408615112,0.0,0.6992976069450378,-0.2361854612827301,0.5588565468788147,-0.09267769753932953,0.20079384744167328,0.19932584464550018,0.010817381553351879,0.020242605358362198,phase3_12_compat_selection_no_phase4_no_cps
compat_condition_action_geom,1,hidden_breakaway_pin,312002,2,9,0.0,0.0,0.0,0,0.0,nan,nan,0.039508216083049774,0.0,0.0,hidden_breakaway_pin,1,0.17477737367153168,523,523,hidden_breakaway_pin,0.17477737367153168,0.32682173401117326,0.17477737367153168,0.8201963305473328,0.0,0.01113983429968357,0.0003527402877807617,0.8201963305473328,0.0,0.6999910473823547,-0.23432397842407227,0.5585545897483826,-0.09437389671802521,0.19897310435771942,0.19932584464550018,0.01113983429968357,0.02070619910955429,phase3_12_compat_selection_no_phase4_no_cps
compat_condition_action_geom,1,hidden_breakaway_pin,312002,2,10,0.0,0.0,0.0,0,0.0,nan,nan,0.0393638052046299,0.0,0.0,hidden_breakaway_pin,1,0.17481298744678497,523,523,hidden_breakaway_pin,0.17481298744678497,0.325991789996624,0.17481298744678497,0.8182298541069031,0.0,0.011150345206260681,0.00015220046043395996,0.8182298541069031,0.0,0.7010233402252197,-0.23370361328125,0.5593674778938293,-0.09369019418954849,0.19917364418506622,0.19932584464550018,0.011150345206260681,0.020687434822320938,phase3_12_compat_selection_no_phase4_no_cps
compat_condition_action_geom,1,hidden_breakaway_pin,312002,2,11,0.0,0.0,0.0,0,0.0,nan,nan,0.03959064558148384,0.0,0.0,hidden_breakaway_pin,1,0.17462806403636932,523,523,hidden_breakaway_pin,0.17462806403636932,0.3283312559127808,0.17462806403636932,0.8215804100036621,0.0,0.01102418638765812,0.0009727925062179565,0.8215804100036621,0.0,0.7005215883255005,-0.2353142648935318,0.5589950680732727,-0.09357582777738571,0.20029863715171814,0.19932584464550018,0.01102418638765812,0.020519260317087173,phase3_12_compat_selection_no_phase4_no_cps
compat_condition_action_geom,1,hidden_breakaway_pin,312002,2,12,0.0,0.0,0.0,0,0.0,nan,nan,0.038937292993068695,0.0,0.0,hidden_breakaway_pin,1,0.1746184229850769,523,523,hidden_breakaway_pin,0.1746184229850769,0.3307108715176582,0.1746184229850769,0.816169261932373,0.0,0.010962666012346745,0.0017946064472198486,0.816169261932373,0.0,0.7005746960639954,-0.2353478968143463,0.5588590502738953,-0.09263802319765091,0.20112045109272003,0.19932584464550018,0.010962666012346745,0.020480839535593987,phase3_12_compat_selection_no_phase4_no_cps
compat_condition_action_geom,1,hidden_breakaway_pin,312002,2,13,0.0,0.0,0.0,0,0.0,nan,nan,0.039498429745435715,0.0,0.0,hidden_breakaway_pin,1,0.17466969788074493,523,523,hidden_breakaway_pin,0.17466969788074493,0.3329507201910019,0.17466969788074493,0.8161107897758484,0.0,0.010997614823281765,0.0022729486227035522,0.8161107897758484,0.0,0.7009462714195251,-0.23541343212127686,0.5586757659912109,-0.09258072823286057,0.20159879326820374,0.19932584464550018,0.010997614823281765,0.02055332623422146,phase3_12_compat_selection_no_phase4_no_cps
compat_condition_action_geom,1,hidden_breakaway_pin,312002,2,14,0.0,0.0,0.0,0,0.0,nan,nan,0.040016207844018936,0.0,0.0,hidden_breakaway_pin,1,0.17466521263122559,523,523,hidden_breakaway_pin,0.17466521263122559,0.33243841379880906,0.17466521263122559,0.8108500242233276,0.0,0.01100920606404543,0.0022214502096176147,0.8108500242233276,0.0,0.7014261484146118,-0.23500937223434448,0.5590435862541199,-0.09236114472150803,0.2015472948551178,0.19932584464550018,0.01100920606404543,0.020564602687954903,phase3_12_compat_selection_no_phase4_no_cps
compat_condition_action_geom,1,hidden_breakaway_pin,312002,2,15,0.0,0.0,0.0,0,0.0,nan,nan,0.03983013704419136,0.0,0.0,hidden_breakaway_pin,1,0.17467209696769714,523,523,hidden_breakaway_pin,0.17467209696769714,0.32898097336292265,0.17467209696769714,0.8205424547195435,0.0,0.011165603995323181,0.0008608400821685791,0.8205424547195435,0.0,0.7011978030204773,-0.23404529690742493,0.5587412714958191,-0.09340091049671173,0.20018668472766876,0.19932584464550018,0.011165603995323181,0.020774200558662415,phase3_12_compat_selection_no_phase4_no_cps
compat_condition_action_geom,1,hidden_high_friction,312000,0,0,0.0,0.08333333333333333,0.08333333333333333,0,0.08333333333333333,nan,nan,0.03535253554582596,0.0,0.0,hidden_high_friction,1,0.013335833325982094,626,626,hidden_high_friction,0.013335833325982094,0.08340067155659198,0.013335833325982094,0.6352957487106323,0.0,0.00215925183147192,0.0012859106063842773,0.6352957487106323,0.0,0.6545295119285583,0.12375504523515701,0.410243958234787,-0.32455700635910034,0.5105478763580322,0.509261965751648,0.00215925183147192,0.0039102062582969666,phase3_12_compat_selection_no_phase4_no_cps
compat_condition_action_geom,1,hidden_high_friction,312000,0,1,0.08333333333333333,0.08333333333333333,0.0,0,0.0,nan,nan,0.03596479445695877,0.0,0.0,hidden_high_friction,1,0.08981341123580933,762,762,hidden_high_friction,0.08981341123580933,0.2527419021725654,0.08981341123580933,0.38926342129707336,0.0,0.00593803683295846,0.004905328154563904,0.38926342129707336,0.0,0.5772772431373596,-0.11458207666873932,0.5395659804344177,-0.1421206146478653,0.04669593647122383,0.051601264625787735,0.00593803683295846,0.014239635318517685,phase3_12_compat_selection_no_phase4_no_cps
compat_condition_action_geom,1,hidden_high_friction,312000,0,2,0.08333333333333333,0.125,0.04166666666666667,0,0.04166666666666667,nan,nan,0.03673815727233887,0.0,0.0,hidden_high_friction,1,0.09427835047245026,762,762,hidden_high_friction,0.09427835047245026,0.24537705466151238,0.09427835047245026,0.47891440987586975,0.0,0.004996239207684994,0.009206369519233704,0.47891440987586975,0.0,0.5422301292419434,-0.13582484424114227,0.5365318059921265,-0.1963648945093155,0.06080763414502144,0.051601264625787735,0.004996239207684994,0.010085548274219036,phase3_12_compat_selection_no_phase4_no_cps
compat_condition_action_geom,1,hidden_high_friction,312000,0,3,0.125,0.125,0.0,0,0.0,nan,nan,0.039142023772001266,0.0,0.0,hidden_high_friction,1,0.11348101496696472,726,726,hidden_high_friction,0.11348101496696472,0.223090697824955,0.11348101496696472,0.5544254779815674,0.0,0.004635036922991276,0.007736869156360626,0.5544254779815674,0.0,0.4169871509075165,-0.08524182438850403,0.3902878165245056,-0.1705532968044281,0.08939184993505478,0.0971287190914154,0.004635036922991276,0.0086377477273345,phase3_12_compat_selection_no_phase4_no_cps
compat_condition_action_geom,1,hidden_high_friction,312000,0,4,0.125,0.125,0.0,0,0.0,nan,nan,0.0403272807598114,0.0,0.0,hidden_high_friction,1,0.0769723504781723,662,662,hidden_high_friction,0.0769723504781723,0.2598018823564052,0.0769723504781723,0.6091063618659973,0.0,0.00513068912550807,0.0014834143221378326,0.6091063618659973,0.0,0.44576114416122437,-0.22873765230178833,0.4724453389644623,-0.2512565851211548,0.03491630777716637,0.033432893455028534,0.00513068912550807,0.00953416433185339,phase3_12_compat_selection_no_phase4_no_cps
compat_condition_action_geom,1,hidden_high_friction,312000,0,5,0.125,0.125,0.0,0,0.0,nan,nan,0.040385689586400986,0.0,0.0,hidden_high_friction,1,0.06221030279994011,346,346,hidden_high_friction,0.06221030279994011,0.22819843426346778,0.06221030279994011,0.671539843082428,0.0,0.009698726236820221,0.0014634877443313599,0.671539843082428,0.0,0.5342180728912354,-0.25901103019714355,0.5761745572090149,-0.30722111463546753,0.06391055881977081,0.06244707107543945,0.009698726236820221,0.020233076065778732,phase3_12_compat_selection_no_phase4_no_cps
compat_condition_action_geom,1,hidden_high_friction,312000,0,6,0.125,0.125,0.0,0,0.0,nan,nan,0.04029110074043274,0.0,0.0,hidden_high_friction,1,0.0773828998208046,346,346,hidden_high_friction,0.0773828998208046,0.25007582664489747,0.0773828998208046,0.7114927768707275,0.0,0.01022250298410654,0.0012225434184074402,0.7114927768707275,0.0,0.5512022376060486,-0.2582964301109314,0.5654916763305664,-0.3203418254852295,0.0636696144938469,0.06244707107543945,0.01022250298410654,0.020757975056767464,phase3_12_compat_selection_no_phase4_no_cps
compat_condition_action_geom,1,hidden_high_friction,312000,0,7,0.125,0.125,0.0,0,0.0,nan,nan,0.039734963327646255,0.0,0.0,hidden_high_friction,1,0.12285225838422775,726,726,hidden_high_friction,0.12285225838422775,0.19534401521086692,0.12285225838422775,0.5584221482276917,0.0,0.00380363455042243,4.525482654571533e-05,0.5584221482276917,0.0,0.40974387526512146,-0.08179505169391632,0.3804383873939514,-0.1744447648525238,0.09717397391796112,0.0971287190914154,0.00380363455042243,0.007176651153713465,phase3_12_compat_selection_no_phase4_no_cps
compat_condition_action_geom,1,hidden_high_friction,312000,0,8,0.125,0.125,0.0,0,0.0,nan,nan,0.04057634249329567,0.0,0.0,hidden_high_friction,1,0.0813925638794899,110,110,hidden_high_friction,0.0813925638794899,0.23132232785224915,0.0813925638794899,0.35467538237571716,0.0,0.006101613398641348,0.005630124360322952,0.35467538237571716,0.0,0.5031687021255493,-0.10262960195541382,0.5232932567596436,-0.05251738429069519,0.054002147167921066,0.048372022807598114,0.006101613398641348,0.012558390386402607,phase3_12_compat_selection_no_phase4_no_cps
compat_condition_action_geom,1,hidden_high_friction,312000,0,9,0.125,0.125,0.0,0,0.0,nan,nan,0.04011109843850136,0.0,0.0,hidden_high_friction,1,0.061694834381341934,346,346,hidden_high_friction,0.061694834381341934,0.24957487717270851,0.061694834381341934,0.6853622198104858,0.0,0.009577685967087746,0.01237526535987854,0.6853622198104858,0.0,0.5269303321838379,-0.2450263947248459,0.570586085319519,-0.30579280853271484,0.074822336435318,0.06244707107543945,0.009577685967087746,0.01891319267451763,phase3_12_compat_selection_no_phase4_no_cps
compat_condition_action_geom,1,hidden_high_friction,312000,0,10,0.125,0.125,0.0,0,0.0,nan,nan,0.040339481085538864,0.0,0.0,hidden_high_friction,1,0.11813617497682571,702,702,hidden_high_friction,0.11813617497682571,0.27212396897375585,0.11813617497682571,0.24180291593074799,0.0,0.009966164827346802,0.014030814170837402,0.24180291593074799,0.0,0.4885357618331909,-0.116963692009449,0.4689531922340393,-0.026042185723781586,0.093006432056427,0.0789756178855896,0.009966164827346802,0.020173849537968636,phase3_12_compat_selection_no_phase4_no_cps
compat_condition_action_geom,1,hidden_high_friction,312000,0,11,0.125,0.125,0.0,0,0.0,nan,nan,0.040280357003211975,0.0,0.0,hidden_high_friction,1,0.1061340719461441,762,762,hidden_high_friction,0.1061340719461441,0.22397573836147786,0.1061340719461441,0.41692912578582764,0.0,0.0037154725287109613,2.5365501642227173e-05,0.41692912578582764,0.0,0.5115043520927429,-0.13134410977363586,0.5315759778022766,-0.17890921235084534,0.05162663012742996,0.051601264625787735,0.0037154725287109613,0.007488113362342119,phase3_12_compat_selection_no_phase4_no_cps
compat_condition_action_geom,1,hidden_high_friction,312000,0,12,0.125,0.125,0.0,0,0.0,nan,nan,0.039862826466560364,0.0,0.0,hidden_high_friction,1,0.12529787421226501,702,702,hidden_high_friction,0.12529787421226501,0.2441270789504051,0.12529787421226501,0.3481384515762329,0.0,0.007367105223238468,0.005288869142532349,0.3481384515762329,0.0,0.4742733836174011,-0.09414394199848175,0.47364988923072815,-0.02045983262360096,0.07368674874305725,0.0789756178855896,0.007367105223238468,0.01401313953101635,phase3_12_compat_selection_no_phase4_no_cps
compat_condition_action_geom,1,hidden_high_friction,312000,0,13,0.125,0.125,0.0,0,0.0,nan,nan,0.04023989289999008,0.0,0.0,hidden_high_friction,1,0.06414289027452469,470,470,hidden_high_friction,0.06414289027452469,0.28350475713610646,0.06414289027452469,0.4057530462741852,0.0,0.010176890529692173,0.005956709384918213,0.4057530462741852,0.0,0.4720277786254883,-0.15462839603424072,0.44304972887039185,-0.17945049703121185,0.03815578669309616,0.03219907730817795,0.010176890529692173,0.020742813125252724,phase3_12_compat_selection_no_phase4_no_cps
compat_condition_action_geom,1,hidden_high_friction,312000,0,14,0.125,0.125,0.0,0,0.0,nan,nan,0.039675261825323105,0.0,0.0,hidden_high_friction,1,0.0674186423420906,346,346,hidden_high_friction,0.0674186423420906,0.2777235171198845,0.0674186423420906,0.6903606653213501,0.0,0.01151035726070404,0.005223184823989868,0.6903606653213501,0.0,0.526866614818573,-0.26816728711128235,0.5679003000259399,-0.3080522418022156,0.057223886251449585,0.06244707107543945,0.01151035726070404,0.023250695317983627,phase3_12_compat_selection_no_phase4_no_cps
compat_condition_action_geom,1,hidden_high_friction,312000,0,15,0.125,0.125,0.0,0,0.0,nan,nan,0.04030810296535492,0.0,0.0,hidden_high_friction,1,0.10585141181945801,762,762,hidden_high_friction,0.10585141181945801,0.23461366690695287,0.10585141181945801,0.3718704581260681,0.0,0.0032823507208377123,0.008907847106456757,0.3718704581260681,0.0,0.5144109725952148,-0.12447693198919296,0.5317178964614868,-0.18245816230773926,0.06050911173224449,0.051601264625787735,0.0032823507208377123,0.006564540322870016,phase3_12_compat_selection_no_phase4_no_cps
compat_condition_action_geom,1,hidden_high_friction,312001,1,0,0.0,0.0,0.0,0,0.0,nan,nan,0.03892967849969864,0.0,0.0,hidden_high_friction,1,0.024374859407544136,46,46,hidden_high_friction,0.024374859407544136,0.15750954262912273,0.024374859407544136,0.8941973447799683,0.0,0.007084702607244253,0.0023480653762817383,0.8941973447799683,0.0,0.7139935493469238,-0.4037495255470276,0.44400104880332947,0.1784842610359192,0.6417882442474365,0.6394401788711548,0.007084702607244253,0.016052091494202614,phase3_12_compat_selection_no_phase4_no_cps
compat_condition_action_geom,1,hidden_high_friction,312001,1,1,0.0,0.0,0.0,0,0.0,nan,nan,0.035207416862249374,0.0,0.0,hidden_high_friction,1,0.15762606263160706,174,174,hidden_high_friction,0.15762606263160706,0.3213389664888382,0.15762606263160706,0.4896584153175354,0.0,0.008204667828977108,0.01533779501914978,0.4896584153175354,0.0,0.6085779070854187,-0.13026687502861023,0.597511351108551,0.12250301241874695,0.2530120313167572,0.268349826335907,0.008204667828977108,0.016109464690089226,phase3_12_compat_selection_no_phase4_no_cps
compat_condition_action_geom,1,hidden_high_friction,312001,1,2,0.0,0.0,0.0,0,0.0,nan,nan,0.03668734058737755,0.0,0.0,hidden_high_friction,1,0.10917903482913971,254,254,hidden_high_friction,0.10917903482913971,0.2435172274708748,0.10917903482913971,0.39500728249549866,0.0,0.004054853226989508,0.018068455159664154,0.39500728249549866,0.0,0.58078533411026,-0.0011920910328626633,0.5022668838500977,0.027118563652038574,0.08346640318632126,0.0653979480266571,0.004054853226989508,0.00791889987885952,phase3_12_compat_selection_no_phase4_no_cps
compat_condition_action_geom,1,hidden_high_friction,312001,1,3,0.0,0.0,0.0,0,0.0,nan,nan,0.03814339265227318,0.0,0.0,hidden_high_friction,1,0.09319540113210678,306,306,hidden_high_friction,0.09319540113210678,0.23471306547522544,0.09319540113210678,0.305786669254303,0.0,0.006290041375905275,0.006982982158660889,0.305786669254303,0.0,0.5417621731758118,0.04522959142923355,0.5636998414993286,-0.010438011959195137,0.05983429774641991,0.05285131558775902,0.006290041375905275,0.014285513199865818,phase3_12_compat_selection_no_phase4_no_cps
compat_condition_action_geom,1,hidden_high_friction,312001,1,4,0.0,0.0,0.0,0,0.0,nan,nan,0.04022536054253578,0.0,0.0,hidden_high_friction,1,0.07452898472547531,262,262,hidden_high_friction,0.07452898472547531,0.21116611123085022,0.07452898472547531,0.39397862553596497,0.0,0.0068521262146532536,0.003963809460401535,0.39397862553596497,0.0,0.5629678964614868,0.16723918914794922,0.502406656742096,0.1549689918756485,0.061791758984327316,0.05782794952392578,0.0068521262146532536,0.014667949639260769,phase3_12_compat_selection_no_phase4_no_cps
compat_condition_action_geom,1,hidden_high_friction,312001,1,5,0.0,0.0,0.0,0,0.0,nan,nan,0.0403137281537056,0.0,0.0,hidden_high_friction,1,0.06595255434513092,262,262,hidden_high_friction,0.06595255434513092,0.19883575573563575,0.06595255434513092,0.3949897885322571,0.0,0.0050615849904716015,0.009211093187332153,0.3949897885322571,0.0,0.5461270809173584,0.12552431225776672,0.49062874913215637,0.1631297469139099,0.06703904271125793,0.05782794952392578,0.0050615849904716015,0.009905321523547173,phase3_12_compat_selection_no_phase4_no_cps
compat_condition_action_geom,1,hidden_high_friction,312001,1,6,0.0,0.0,0.0,0,0.0,nan,nan,0.039625681936740875,0.0,0.0,hidden_high_friction,1,0.08270544558763504,70,70,hidden_high_friction,0.08270544558763504,0.24888505548238754,0.08270544558763504,0.3153751492500305,0.0,0.009632729925215244,0.010181047022342682,0.3153751492500305,0.0,0.5799477100372314,0.07634346187114716,0.5935454368591309,0.010094776749610901,0.06762977689504623,0.05744872987270355,0.009632729925215244,0.01866070181131363,phase3_12_compat_selection_no_phase4_no_cps
compat_condition_action_geom,1,hidden_high_friction,312001,1,7,0.0,0.0,0.0,0,0.0,nan,nan,0.04076026752591133,0.0,0.0,hidden_high_friction,1,0.08389024436473846,70,70,hidden_high_friction,0.08389024436473846,0.24143808767199518,0.08389024436473846,0.29487571120262146,0.0,0.008733117021620274,0.010232344269752502,0.29487571120262146,0.0,0.5832749605178833,0.06839373707771301,0.5849330425262451,0.0007329732179641724,0.06768107414245605,0.05744872987270355,0.008733117021620274,0.018121512606739998,phase3_12_compat_selection_no_phase4_no_cps
compat_condition_action_geom,1,hidden_high_friction,312001,1,8,0.0,0.0,0.0,0,0.0,nan,nan,0.04003842547535896,0.0,0.0,hidden_high_friction,1,0.09952754527330399,162,162,hidden_high_friction,0.09952754527330399,0.2281335836648941,0.09952754527330399,0.2970210015773773,0.0,0.00578972278162837,0.002996206283569336,0.2970210015773773,0.0,0.5375564694404602,0.06028688699007034,0.48484694957733154,0.07916021347045898,0.05598657205700874,0.05299036577343941,0.00578972278162837,0.013085869140923023,phase3_12_compat_selection_no_phase4_no_cps
compat_condition_action_geom,1,hidden_high_friction,312001,1,9,0.0,0.0,0.0,0,0.0,nan,nan,0.04007866606116295,0.0,0.0,hidden_high_friction,1,0.07022237777709961,262,262,hidden_high_friction,0.07022237777709961,0.23578685134649277,0.07022237777709961,0.42756572365760803,0.0,0.005801867228001356,0.021369002759456635,0.42756572365760803,0.0,0.5345233678817749,0.11918831616640091,0.4717557728290558,0.1674831062555313,0.07919695228338242,0.05782794952392578,0.005801867228001356,0.011918067000806332,phase3_12_compat_selection_no_phase4_no_cps
compat_condition_action_geom,1,hidden_high_friction,312001,1,10,0.0,0.0,0.0,0,0.0,nan,nan,0.04038088768720627,0.0,0.0,hidden_high_friction,1,0.10034889727830887,162,162,hidden_high_friction,0.10034889727830887,0.2363106882572174,0.10034889727830887,0.303709477186203,0.0,0.006685474421828985,0.0028402581810951233,0.303709477186203,0.0,0.5400854349136353,0.06770999729633331,0.4850050210952759,0.07683177292346954,0.05583062395453453,0.05299036577343941,0.006685474421828985,0.014562005177140236,phase3_12_compat_selection_no_phase4_no_cps
compat_condition_action_geom,1,hidden_high_friction,312001,1,11,0.0,0.0,0.0,0,0.0,nan,nan,0.04000816121697426,0.0,0.0,hidden_high_friction,1,0.09850531816482544,162,162,hidden_high_friction,0.09850531816482544,0.22702785044908524,0.09850531816482544,0.2733069956302643,0.0,0.005252582486718893,0.0019974298775196075,0.2733069956302643,0.0,0.5380470156669617,0.05883663147687912,0.4911409914493561,0.0788392424583435,0.0509929358959198,0.05299036577343941,0.005252582486718893,0.011633438989520073,phase3_12_compat_selection_no_phase4_no_cps
compat_condition_action_geom,1,hidden_high_friction,312001,1,12,0.0,0.0,0.0,0,0.0,nan,nan,0.04042631387710571,0.0,0.0,hidden_high_friction,1,0.0980084091424942,162,162,hidden_high_friction,0.0980084091424942,0.22476397067308426,0.0980084091424942,0.2682575583457947,0.0,0.005680651403963566,0.0035858824849128723,0.2682575583457947,0.0,0.5403574705123901,0.0579259991645813,0.48741862177848816,0.07788471132516861,0.05657624825835228,0.05299036577343941,0.005680651403963566,0.012292035855352879,phase3_12_compat_selection_no_phase4_no_cps
compat_condition_action_geom,1,hidden_high_friction,312001,1,13,0.0,0.0,0.0,0,0.0,nan,nan,0.039748430252075195,0.0,0.0,hidden_high_friction,1,0.06735426187515259,262,262,hidden_high_friction,0.06735426187515259,0.22086167693138123,0.06735426187515259,0.41628703474998474,0.0,0.005380883347243071,0.01744735985994339,0.41628703474998474,0.0,0.5400274991989136,0.11774279922246933,0.4839571416378021,0.16796717047691345,0.07527530938386917,0.05782794952392578,0.005380883347243071,0.010307230055332184,phase3_12_compat_selection_no_phase4_no_cps
compat_condition_action_geom,1,hidden_high_friction,312001,1,14,0.0,0.0,0.0,0,0.0,nan,nan,0.04036690667271614,0.0,0.0,hidden_high_friction,1,0.09772726148366928,162,162,hidden_high_friction,0.09772726148366928,0.23205749899148942,0.09772726148366928,0.28039905428886414,0.0,0.005623331759124994,0.0023823976516723633,0.28039905428886414,0.0,0.5391916036605835,0.06243523210287094,0.49121367931365967,0.07853756099939346,0.050607968121767044,0.05299036577343941,0.005623331759124994,0.012372571043670177,phase3_12_compat_selection_no_phase4_no_cps
compat_condition_action_geom,1,hidden_high_friction,312001,1,15,0.0,0.0,0.0,0,0.0,nan,nan,0.04084666073322296,0.0,0.0,hidden_high_friction,1,0.09890952706336975,162,162,hidden_high_friction,0.09890952706336975,0.2381712770462036,0.09890952706336975,0.2645849883556366,0.0,0.00520360330119729,0.003961630165576935,0.2645849883556366,0.0,0.5362869501113892,0.06063969433307648,0.4910106360912323,0.07945118844509125,0.04902873560786247,0.05299036577343941,0.00520360330119729,0.011932057328522205,phase3_12_compat_selection_no_phase4_no_cps
compat_condition_action_geom,1,hidden_high_friction,312002,2,0,0.0,0.0,0.0,0,0.0,nan,nan,0.039998579770326614,0.0,0.0,hidden_high_friction,1,0.04612614959478378,670,670,hidden_high_friction,0.04612614959478378,0.27588641345500947,0.04612614959478378,0.6518546342849731,0.0,0.009988714940845966,0.02524036169052124,0.6518546342849731,0.0,0.5129413604736328,0.3728344440460205,0.37135642766952515,-0.19432078301906586,0.5845608115196228,0.5593204498291016,0.009988714940845966,0.033590130507946014,phase3_12_compat_selection_no_phase4_no_cps
compat_condition_action_geom,1,hidden_high_friction,312002,2,1,0.0,0.0,0.0,0,0.0,nan,nan,0.03297090530395508,0.0,0.0,hidden_high_friction,1,0.14476202428340912,670,670,hidden_high_friction,0.14476202428340912,0.3294728174805641,0.14476202428340912,0.6267869472503662,0.0,0.010531577281653881,0.013362288475036621,0.6267869472503662,0.0,0.5250887274742126,0.3626650869846344,0.3739464282989502,-0.1897129863500595,0.5726827383041382,0.5593204498291016,0.010531577281653881,0.03681587427854538,phase3_12_compat_selection_no_phase4_no_cps
compat_condition_action_geom,1,hidden_high_friction,312002,2,2,0.0,0.0,0.0,0,0.0,nan,nan,0.033876385539770126,0.0,0.0,hidden_high_friction,1,0.12418699264526367,718,718,hidden_high_friction,0.12418699264526367,0.19429597444832325,0.12418699264526367,0.47807127237319946,0.0,0.0039019484538584948,0.000759512186050415,0.47807127237319946,0.0,0.41122904419898987,-0.01204625889658928,0.6363586187362671,0.08278372883796692,0.24428683519363403,0.24504634737968445,0.0039019484538584948,0.007345604710280895,phase3_12_compat_selection_no_phase4_no_cps
compat_condition_action_geom,1,hidden_high_friction,312002,2,3,0.0,0.0,0.0,0,0.0,nan,nan,0.03554946184158325,0.0,0.0,hidden_high_friction,1,0.102303646504879,650,650,hidden_high_friction,0.102303646504879,0.25130189418792725,0.102303646504879,0.491387277841568,0.0,0.005152690690010786,0.011474404484033585,0.491387277841568,0.0,0.41324353218078613,-0.1574416160583496,0.46812427043914795,-0.19671836495399475,0.06748747080564499,0.056013066321611404,0.005152690690010786,0.009857517667114735,phase3_12_compat_selection_no_phase4_no_cps
compat_condition_action_geom,1,hidden_high_friction,312002,2,4,0.0,0.0,0.0,0,0.0,nan,nan,0.03855567052960396,0.0,0.0,hidden_high_friction,1,0.10795170068740845,322,322,hidden_high_friction,0.10795170068740845,0.25056455306708814,0.10795170068740845,0.21491850912570953,0.0,0.005871515721082687,0.018288515508174896,0.21491850912570953,0.0,0.500455915927887,-0.041889723390340805,0.5692146420478821,-0.007641321048140526,0.07681611180305481,0.05852759629487991,0.005871515721082687,0.013446393422782421,phase3_12_compat_selection_no_phase4_no_cps
compat_condition_action_geom,1,hidden_high_friction,312002,2,5,0.0,0.0,0.0,0,0.0,nan,nan,0.03880281746387482,0.0,0.0,hidden_high_friction,1,0.08595134317874908,426,426,hidden_high_friction,0.08595134317874908,0.26954915434122084,0.08595134317874908,0.4917277991771698,0.0,0.007244240026921034,0.006126414984464645,0.4917277991771698,0.0,0.38028091192245483,-0.13121210038661957,0.4281417429447174,-0.13218286633491516,0.04787067696452141,0.04174426198005676,0.007244240026921034,0.01583930104970932,phase3_12_compat_selection_no_phase4_no_cps
compat_condition_action_geom,1,hidden_high_friction,312002,2,6,0.0,0.0,0.0,0,0.0,nan,nan,0.03937074914574623,0.0,0.0,hidden_high_friction,1,0.11348580569028854,186,186,hidden_high_friction,0.11348580569028854,0.28877814918756484,0.11348580569028854,0.5177090167999268,0.0,0.011931650340557098,0.004343405365943909,0.5177090167999268,0.0,0.33360493183135986,-0.07332628220319748,0.4014250636100769,-0.06631749123334885,0.06818132847547531,0.0638379231095314,0.011931650340557098,0.028037769719958305,phase3_12_compat_selection_no_phase4_no_cps
compat_condition_action_geom,1,hidden_high_friction,312002,2,7,0.0,0.0,0.0,0,0.0,nan,nan,0.04003307223320007,0.0,0.0,hidden_high_friction,1,0.08478090912103653,426,426,hidden_high_friction,0.08478090912103653,0.2728163054585457,0.08478090912103653,0.5015079379081726,0.0,0.007800341583788395,0.005754046142101288,0.5015079379081726,0.0,0.3822707235813141,-0.13940870761871338,0.429182767868042,-0.13196900486946106,0.04749830812215805,0.04174426198005676,0.007800341583788395,0.0171306524425745,phase3_12_compat_selection_no_phase4_no_cps
compat_condition_action_geom,1,hidden_high_friction,312002,2,8,0.0,0.0,0.0,0,0.0,nan,nan,0.03943482041358948,0.0,0.0,hidden_high_friction,1,0.10472024232149124,322,322,hidden_high_friction,0.10472024232149124,0.2514216537028551,0.10472024232149124,0.245332732796669,0.0,0.005594190675765276,0.006767187267541885,0.245332732796669,0.0,0.5180243849754333,-0.041616786271333694,0.5636677145957947,-0.017207235097885132,0.05176040902733803,0.05852759629487991,0.005594190675765276,0.011739341542124748,phase3_12_compat_selection_no_phase4_no_cps
compat_condition_action_geom,1,hidden_high_friction,312002,2,9,0.0,0.0,0.0,0,0.0,nan,nan,0.03791540116071701,0.0,0.0,hidden_high_friction,1,0.09255564957857132,322,322,hidden_high_friction,0.09255564957857132,0.23521471232175828,0.09255564957857132,0.24163174629211426,0.0,0.00562614481896162,0.006097119301557541,0.24163174629211426,0.0,0.5240384340286255,-0.049355022609233856,0.5661582946777344,-0.018132079392671585,0.05243047699332237,0.05852759629487991,0.00562614481896162,0.011501193046569824,phase3_12_compat_selection_no_phase4_no_cps
compat_condition_action_geom,1,hidden_high_friction,312002,2,10,0.0,0.0,0.0,0,0.0,nan,nan,0.012075284495949745,0.0,0.0,hidden_high_friction,1,0.08606772869825363,322,322,hidden_high_friction,0.08606772869825363,0.251630262658,0.08606772869825363,0.22674725949764252,0.0,0.0074777924455702305,0.022183537483215332,0.22674725949764252,0.0,0.5056688785552979,-0.0626303181052208,0.5652899742126465,-0.008228002116084099,0.08071113377809525,0.05852759629487991,0.0074777924455702305,0.014489730820059776,phase3_12_compat_selection_no_phase4_no_cps
compat_condition_action_geom,1,hidden_high_friction,312002,2,11,0.0,0.0,0.0,0,0.0,nan,nan,0.008542368188500404,0.0,0.0,hidden_high_friction,1,0.08479815721511841,606,606,hidden_high_friction,0.08479815721511841,0.26556413233280185,0.08479815721511841,0.8672806620597839,0.0,0.00818814616650343,0.0002529658377170563,0.8672806620597839,0.0,0.3760959804058075,-0.12874116003513336,0.404025137424469,-0.17658425867557526,0.05539855360984802,0.055145587772130966,0.00818814616650343,0.01490776240825653,phase3_12_compat_selection_no_phase4_no_cps
compat_condition_action_geom,1,hidden_high_friction,312002,2,12,0.0,0.0,0.0,0,0.0,nan,nan,0.012980671599507332,0.0,0.0,hidden_high_friction,1,0.07657521963119507,298,298,hidden_high_friction,0.07657521963119507,0.2415274640917778,0.07657521963119507,0.6458711624145508,0.0,0.005818120203912258,0.0045167915523052216,0.6458711624145508,0.0,0.40549758076667786,-0.1584068387746811,0.44808635115623474,-0.19168762862682343,0.05405011028051376,0.04953331872820854,0.005818120203912258,0.011074221692979336,phase3_12_compat_selection_no_phase4_no_cps
compat_condition_action_geom,1,hidden_high_friction,312002,2,13,0.0,0.0,0.0,0,0.0,nan,nan,0.03346811980009079,0.0,0.0,hidden_high_friction,1,0.10152743756771088,322,322,hidden_high_friction,0.10152743756771088,0.2264029236882925,0.10152743756771088,0.18294136226177216,0.0,0.006892204750329256,0.002178739756345749,0.18294136226177216,0.0,0.5061428546905518,-0.026832131668925285,0.5619572401046753,-0.019089531153440475,0.056348856538534164,0.05852759629487991,0.006892204750329256,0.014316094107925892,phase3_12_compat_selection_no_phase4_no_cps
compat_condition_action_geom,1,hidden_high_friction,312002,2,14,0.0,0.0,0.0,0,0.0,nan,nan,0.03512704372406006,0.0,0.0,hidden_high_friction,1,0.08629518002271652,422,422,hidden_high_friction,0.08629518002271652,0.2551889373362064,0.08629518002271652,0.4651818573474884,0.0,0.008972873911261559,0.0011375322937965393,0.4651818573474884,0.0,0.43544846773147583,-0.10502991825342178,0.48645615577697754,-0.10103358328342438,0.05116400122642517,0.05002646893262863,0.008972873911261559,0.01959599368274212,phase3_12_compat_selection_no_phase4_no_cps
compat_condition_action_geom,1,hidden_high_friction,312002,2,15,0.0,0.0,0.0,0,0.0,nan,nan,0.03345940634608269,0.0,0.0,hidden_high_friction,1,0.0922577902674675,322,322,hidden_high_friction,0.0922577902674675,0.2061411103606224,0.0922577902674675,0.20921602845191956,0.0,0.004114039707928896,0.0111674964427948,0.20921602845191956,0.0,0.5107758641242981,-0.03595944866538048,0.5700887441635132,0.0006381981074810028,0.06969509273767471,0.05852759629487991,0.004114039707928896,0.009860891848802567,phase3_12_compat_selection_no_phase4_no_cps
